sanction,neighbor,log_rgdp,log_pop,polity2,country_id,year_id,iso3st,year,country,incomegroup_t,region_t,exports,imports,sanction_shap,neighbor_shap,log_rgdp_shap,log_pop_shap,polity2_shap,country_id_shap,year_id_shap
0.0,0.0,22.2602674907348,4.580038398547061,-9.0,1.0,19.0,ALB,1980,Albania,Upper middle income,Europe & Central Asia,378073684.2,371431589.5,0.0049125578193666,0.0034706305864748,-2.2690005105062117,-0.0293414787977294,-0.0256575427409799,-0.0996164176446724,-0.4130636609142455
0.0,0.0,22.31613384787515,4.600068141566344,-9.0,1.0,20.0,ALB,1981,Albania,Upper middle income,Europe & Central Asia,430536142.2,403041958.0,0.0049401090600818,0.0036122939549345,-2.2343989371287862,-0.0194745239471286,-0.02617221962195,-0.1011887035997369,-0.3937677020345615
0.0,0.0,22.34519346534359,4.621200859382448,-9.0,1.0,21.0,ALB,1982,Albania,Upper middle income,Europe & Central Asia,373589755.2,460407913.8,0.0048740612895971,0.0029386056167412,-2.18819744361047,-0.0059515294635588,-0.0247746104929841,-0.1030508776829758,-0.379753469509057
0.0,0.0,22.356182249624922,4.642409712887303,-9.0,1.0,22.0,ALB,1983,Albania,Upper middle income,Europe & Central Asia,354685314.7,405606072.3,0.0048579387557558,0.0029628063086407,-2.1867999896786605,-0.0073510007590576,-0.0260436682068684,-0.102915972314707,-0.381044184926219
0.0,0.0,22.343587298709235,4.663449078967878,-9.0,1.0,23.0,ALB,1984,Albania,Upper middle income,Europe & Central Asia,335069930.1,372867132.9,0.0048466658376755,0.0028918589948081,-2.192253384868996,-0.0119191627933249,-0.0270374221033844,-0.1012732461422804,-0.3751139008984527
0.0,0.0,22.36123706074326,4.684009024994759,-9.0,1.0,24.0,ALB,1985,Albania,Upper middle income,Europe & Central Asia,319090897.4,362610722.6,0.0048696731191605,0.002878797909794,-2.1820080053540623,-0.01521084578772,-0.0347186425143829,-0.1062250791718826,-0.3686732636130757
0.0,0.0,22.416077865499492,4.703341233242213,-9.0,1.0,25.0,ALB,1986,Albania,Upper middle income,Europe & Central Asia,327312512.5,336224987.5,0.0048558837627468,0.0017189178949231,-2.1634610262554697,-0.0199083049629165,-0.0355996919139342,-0.1120089705912848,-0.3800586889045869
0.0,0.0,22.408168240132422,4.72331163296302,-9.0,1.0,26.0,ALB,1987,Albania,Upper middle income,Europe & Central Asia,333550012.5,335624987.5,0.0053242363647572,0.0012235916415122,-2.0851007895102165,-0.0307183600980848,-0.072525656090988,-0.131344217997479,-0.2382694447792916
0.0,0.0,22.39386605325533,4.742178737781731,-9.0,1.0,27.0,ALB,1988,Albania,Upper middle income,Europe & Central Asia,348287487.5,408575012.5,0.0053931186498437,0.0011139587654663,-1.975288172930386,-0.0303659735207444,-0.0583605894027502,-0.1341657079683949,-0.0412900291080346
0.0,0.0,22.487689209481744,4.7690573579650675,-9.0,1.0,28.0,ALB,1989,Albania,Upper middle income,Europe & Central Asia,418924987.5,483800000.0,0.0058357191768044,0.0009504603478576,-1.987379079645164,-0.0630341512356796,-0.0663062976355212,-0.1299111425017458,-0.0648312168156926
0.0,0.0,22.387032721801493,4.787048213604187,1.0,1.0,29.0,ALB,1990,Albania,Upper middle income,Europe & Central Asia,312500000.0,487500000.0,0.0066247094983802,0.0008022613564657,-1.9658345837572904,-0.081496661172352,-0.0413148983702448,-0.1209742586915631,-0.0627721097723062
0.0,0.0,22.058498909131824,4.781020116912397,3.0,1.0,30.0,ALB,1991,Albania,Upper middle income,Europe & Central Asia,82300000.0,314316659.7,0.0079816422798948,1.930710974774065e-05,-2.128400795000843,-0.1077631590229083,-0.0368872039657941,-0.1220924080421408,0.0657282786051717
0.0,0.0,21.9839142443446,4.774955769785441,5.0,1.0,31.0,ALB,1992,Albania,Upper middle income,Europe & Central Asia,81519209.68,627952433.9,0.0084806529542349,-0.0011707477517746,-2.098263429125216,-0.0631828561362838,-0.0144393498157807,-0.0964652330875181,0.2431954550787062
0.0,0.0,22.075211032950808,4.768854111963867,5.0,1.0,32.0,ALB,1993,Albania,Upper middle income,Europe & Central Asia,189399541.5,764996711.8,0.0084597391520974,0.0003860216640944,-2.0596450969125915,-0.0545584605670521,-0.0086674343941873,-0.0880637273739412,0.2895586297844428
0.0,0.0,22.154972469526832,4.762715307032778,5.0,1.0,33.0,ALB,1994,Albania,Upper middle income,Europe & Central Asia,225407402.4,773426124.2,0.008632201610954,0.0015855019950375,-2.0202574625280394,-0.0350048386731135,-0.007579230338295,-0.0804008423724946,0.3279763559492162
0.0,0.0,22.280038548886296,4.756538270556959,5.0,1.0,34.0,ALB,1995,Albania,Upper middle income,Europe & Central Asia,356444754.2,809621698.5,0.0084055883414262,0.0019451825996163,-1.9505142756401248,-0.0162961157083005,-0.0082798706770135,-0.0746298704400549,0.3172212249263602
0.0,0.0,22.367133250486365,4.750323155843366,0.0,1.0,35.0,ALB,1996,Albania,Upper middle income,Europe & Central Asia,371808883.0,1064684091.0,0.006955098602317,0.0014448159739895,-1.917849342476369,-0.0023933312544856,-0.0322273784044022,-0.0789603215095443,0.324624816989715
0.0,0.0,22.251498085702373,4.744068854980419,5.0,1.0,36.0,ALB,1997,Albania,Upper middle income,Europe & Central Asia,230303548.1,795639002.0,0.0048540811345197,0.0014130960646843,-2.0069211576054844,-0.0092834379678251,-0.0120766499516191,-0.0727604266293722,0.4099978425109964
0.0,0.0,22.33610963655642,4.737775511194518,5.0,1.0,37.0,ALB,1998,Albania,Upper middle income,Europe & Central Asia,291949980.8,933614569.3,0.0044234990843537,0.0012760461182779,-1.964815935900519,-0.0043566261302269,-0.0146331222460112,-0.0692737310580023,0.3823439870052484
0.0,0.0,22.457360462650062,4.731441988563607,5.0,1.0,38.0,ALB,1999,Albania,Upper middle income,Europe & Central Asia,540977918.9,1097558438.0,0.0043300424285874,0.0009804408185568,-1.9091648318877892,-0.0021511773352719,-0.018475229247288,-0.069238095703366,0.3751390770539503
0.0,0.0,22.52451633602052,4.7250684203669,5.0,1.0,39.0,ALB,2000,Albania,Upper middle income,Europe & Central Asia,700083432.9,1508343757.0,0.003342051476645,0.0011463217402189,-1.8344384518778931,0.0040099328560322,-0.0226717017928844,-0.0669311966416594,0.3558985671275286
0.0,0.0,22.604189553519223,4.715683716032729,5.0,1.0,40.0,ALB,2001,Albania,Upper middle income,Europe & Central Asia,836717868.6,1771127115.0,0.0032348209708289,0.0005786920276527,-1.506202011734178,-0.0130488968694307,-0.0247452041469109,-0.0575074572211849,0.2883988649486239
0.0,0.0,22.648555891444495,4.712684948688628,7.0,1.0,41.0,ALB,2002,Albania,Upper middle income,Europe & Central Asia,910729673.6,2068787029.0,0.0022767659610463,0.0002302001107463,-1.3027031508126805,-0.0289657367565067,-0.0133150181086473,-0.0422860812025674,0.2540756822178326
0.0,0.0,22.702368066710005,4.708943457139561,7.0,1.0,42.0,ALB,2003,Albania,Upper middle income,Europe & Central Asia,1169850276.0,2591006000.0,0.0007636778753687,-0.0002397106182587,-1.2278860124366435,-0.0177147512352169,-0.0205705523721663,-0.0366877905871784,0.3721557151329003
0.0,0.0,22.756047856320276,4.704764143663826,7.0,1.0,43.0,ALB,2004,Albania,Upper middle income,Europe & Central Asia,1596261949.0,3220867773.0,0.0006752766660466,-0.0008591339181458,-1.2575312776187817,-0.0216463108500116,-0.0235262347109861,-0.0330581461016945,0.4728188175570286
0.0,0.0,22.80983905863454,4.699646242553787,9.0,1.0,44.0,ALB,2005,Albania,Upper middle income,Europe & Central Asia,1853023798.0,3853672282.0,0.0005629165718171,-0.0018119092910263,-1.2875323320879453,-0.0122125861496112,0.1318225451174045,-0.0387697466893291,0.6218233256421375
0.0,0.0,22.86718923386146,4.693337129886362,9.0,1.0,45.0,ALB,2006,Albania,Upper middle income,Europe & Central Asia,2242665600.0,4364190391.0,0.0005635421194137,-0.0020707942953413,-1.2430178956192266,0.0036138574864776,0.114282483578195,-0.0324222075330837,0.77497556483876
0.0,0.0,22.92530020047153,4.685779942090044,9.0,1.0,46.0,ALB,2007,Albania,Upper middle income,Europe & Central Asia,3016116393.0,5867639980.0,0.0005737129016578,-0.0030168727137907,-1.2304141499251902,-0.0111026945361959,0.0922860988710197,-0.0248977660091321,0.8967256241250385
0.0,0.0,22.99762124748475,4.678106512890643,9.0,1.0,47.0,ALB,2008,Albania,Upper middle income,Europe & Central Asia,3259293798.0,6717539641.0,0.001245104878532,-0.0013014767240832,-1.165087018584723,-0.0147254878364386,0.0531046514756487,-0.0163890670649717,1.0446784806782998
0.0,0.0,23.030613849907557,4.6713675720106735,9.0,1.0,48.0,ALB,2009,Albania,Upper middle income,Europe & Central Asia,3040047670.0,6004538202.0,0.0012178646790841,-0.0008369482377709,-1.1653404878375064,-0.0150005377797318,0.049987979858411,-0.0182421407560018,1.0495832374247516
0.0,0.0,23.067012682864288,4.66640295225896,9.0,1.0,49.0,ALB,2010,Albania,Upper middle income,Europe & Central Asia,3337086751.0,5792187320.0,0.0015075064176909,-0.000507340896784,-1.149150707197163,-0.0182882069980459,0.0452086874656104,-0.0238264582646426,1.0751553205214326
0.0,0.0,23.092148184193626,4.663712779298369,9.0,1.0,50.0,ALB,2011,Albania,Upper middle income,Europe & Central Asia,3769456502.0,6700234561.0,0.0015594287018774,-0.0001310934744796,-1.1172335678909089,-0.0180941608752225,0.0446440308638703,-0.0287392990212884,1.098767836944788
0.0,0.0,23.106221122200445,4.662061268931653,9.0,1.0,51.0,ALB,2012,Albania,Upper middle income,Europe & Central Asia,3565050489.0,5860879318.0,0.001800737504164,0.0001546729787317,-1.0886899232428695,-0.0179966933974483,0.0435754954915409,-0.0291122587241273,1.0721804230852583
0.0,1.0,23.116191428491973,4.660229155313649,9.0,1.0,52.0,ALB,2013,Albania,Upper middle income,Europe & Central Asia,3694413300.0,5999382666.0,0.0020072741628812,-0.0008347141794318,-1.0856608958285807,-0.0184318659598549,0.0437727228064873,-0.0326124410636417,1.0609443334790756
0.0,1.0,23.133780321509356,4.658158684804347,9.0,1.0,53.0,ALB,2014,Albania,Upper middle income,Europe & Central Asia,3732057495.0,6243003573.0,0.0027411679908974,-0.0009330960227614,-1.0585169843826354,-0.0180208947862956,0.0437451576214414,-0.0348914921022459,1.0402290013303324
1.0,1.0,23.15572502918831,4.655246627310165,9.0,1.0,54.0,ALB,2015,Albania,Upper middle income,Europe & Central Asia,3104897799.0,5070977325.0,-0.0247028941421498,-0.0008764879199705,-1.067456842738002,-0.0261164410580506,0.0451881125154552,-0.0329201561161873,1.073030438188391
1.0,1.0,23.188337229925896,4.653647823230832,9.0,1.0,55.0,ALB,2016,Albania,Upper middle income,Europe & Central Asia,3437126545.0,5436220773.0,-0.0274738735171576,-0.000156558230639,-0.9949422380273314,-0.0291431780802255,0.0462670004948505,-0.0361644138163683,1.1064287487666764
1.0,1.0,23.225654473016448,4.6527280998202585,9.0,1.0,56.0,ALB,2017,Albania,Upper middle income,Europe & Central Asia,4110301306.0,6070375897.0,-0.0308514581297195,0.0002988974904305,-0.9516488743919036,-0.0286805420993236,0.0470676719831927,-0.0373458110634513,1.123641215673424
1.0,1.0,23.265061319643465,4.65026077994096,9.0,1.0,57.0,ALB,2018,Albania,Upper middle income,Europe & Central Asia,4785182304.0,6856194784.0,-0.0322405180965354,0.0003124150944142,-0.9206282538441652,-0.0146318232316616,0.0477547456903675,-0.0349821529469785,1.1378741625493172
0.0,0.0,23.535819157907696,1.600333555264268,-8.0,19.0,1.0,DZA,1962,Algeria,Lower middle income,Middle East & North Africa,396163384.7,416673668.1,0.0043401025107841,-0.001381735356125,-0.6688980618133954,-0.0640501513517249,0.0077986269151791,0.0231629594287152,-2.141927237292667
0.0,0.0,23.830827294974902,1.6155840587222432,-8.0,19.0,2.0,DZA,1963,Algeria,Lower middle income,Middle East & North Africa,667222517.0,995387052.2,0.0214053995129819,-0.002681283568542,-0.1090800297683333,-0.0201535660667436,-0.0013697632302246,0.0104751098562193,-1.864677321882904
0.0,0.0,23.88758008271408,1.6319485961040114,-8.0,19.0,3.0,DZA,1964,Algeria,Lower middle income,Middle East & North Africa,729774643.2,856495849.8,0.0208938230193463,-0.0032503904313336,-0.0326540739922905,-0.0197604498425568,-0.0003149063219569,0.0032316216892882,-1.906613380642037
0.0,0.0,23.947798958332967,1.6471175173437094,-9.0,19.0,4.0,DZA,1965,Algeria,Lower middle income,Middle East & North Africa,708923934.5,810198782.3,0.0201291514661904,-0.0030542360696224,0.0145936179041544,-0.0224366347149251,0.0107783147828464,0.0032936674965949,-1.9418887752623823
0.0,0.0,23.898556497003085,1.6650770156503913,-9.0,19.0,5.0,DZA,1966,Algeria,Lower middle income,Middle East & North Africa,789943812.7,749433873.6,0.0163197252555364,-0.0032094802689552,-0.0241926388690616,-0.0277722954416204,0.0117289725011076,0.0033398522441972,-1.849118828918768
0.0,0.0,23.988881202339424,1.6875429646806481,-9.0,19.0,6.0,DZA,1967,Algeria,Lower middle income,Middle East & North Africa,789943812.7,729178904.0,0.0149330394725358,-0.0025000983543395,0.0659853674401147,-0.0284964310153875,0.009624158886906,0.0031659111946161,-1.9023106950359352
0.0,0.0,24.091403842169264,1.7103086644704146,-9.0,19.0,7.0,DZA,1968,Algeria,Lower middle income,Middle East & North Africa,891218660.5,931728599.6,0.013860038192384,-0.0018803067273073,0.0725089257758101,-0.02378100134528,0.0073851223222631,0.0038302701275736,-1.859201313595276
0.0,0.0,24.17236871173067,1.733076044267178,-9.0,19.0,8.0,DZA,1969,Algeria,Lower middle income,Middle East & North Africa,1012748478.0,1195043265.0,0.0105161140135958,-0.0012913060181837,0.119511129834074,-0.0183513767629214,0.0025952132984041,0.0055886846927195,-1.8006190848373012
0.0,0.0,24.257285586959775,1.7556568001457113,-9.0,19.0,9.0,DZA,1970,Algeria,Lower middle income,Middle East & North Africa,1073513326.0,1417847869.0,0.006428891752026,-0.0001318578802019,0.1721598760338046,-0.0174577675677239,-0.00362810594092,0.0067260315643295,-1.6636802833605544
0.0,0.0,24.13701762581086,1.7782680205412342,-9.0,19.0,10.0,DZA,1971,Algeria,Lower middle income,Middle East & North Africa,936360464.6,1404540636.0,0.0073556297139323,-0.0002469105949027,0.0892443493658627,-0.0145390512449699,-0.0076269219066679,0.0074597103374437,-1.5610485564494585
0.0,0.0,24.379367308737258,1.8012751285625386,-9.0,19.0,11.0,DZA,1972,Algeria,Lower middle income,Middle East & North Africa,1383769500.0,1740871306.0,0.0050549288428912,5.2618147824649945e-05,0.1866620803737009,-0.0204210015726365,-0.0148582046357464,0.0001006356627934,-1.4384699477035912
0.0,0.0,24.416790024690126,1.8248444380073217,-9.0,19.0,12.0,DZA,1973,Algeria,Lower middle income,Middle East & North Africa,2220822992.0,2750792039.0,0.0047123658838232,0.0019610354982087,0.1953609892059677,-0.0144093094761022,-0.0113724068154119,0.0054205901822912,-1.2103617766500323
0.0,0.0,24.48906340798821,1.8490796486776864,-9.0,19.0,13.0,DZA,1974,Algeria,Lower middle income,Middle East & North Africa,5118698918.0,4688153800.0,0.0014938826453959,0.0022272179008966,0.230722958232659,-0.0066555012556855,0.0046477675487771,0.0282705235829574,-0.6849367933215728
0.0,0.0,24.538285303839267,1.8844651571040854,-9.0,19.0,14.0,DZA,1975,Algeria,Lower middle income,Middle East & North Africa,5241291935.0,6684546140.0,0.0004442087088684,0.002941708389862,-1.4671953420247172,-0.0035607770456616,-0.0061730697969807,0.0354006287573462,-1.20805810610896
0.0,0.0,24.618821026739358,1.930009011836367,-9.0,19.0,15.0,DZA,1976,Algeria,Lower middle income,Middle East & North Africa,5859996277.0,6580487773.0,0.0013550515446884,0.0023260102830993,0.6334296253967066,0.0273045377213304,0.0153824912295723,0.0803723354022748,-0.586946010685009
0.0,0.0,24.67007088704382,1.9663224123344485,-9.0,19.0,16.0,DZA,1977,Algeria,Lower middle income,Middle East & North Africa,6414649589.0,8753826797.0,0.0011735712516577,0.0037721656549413,0.6552575769140245,0.0342492495433981,0.0175634195181449,0.0826209716960259,-0.4916829059287642
0.0,0.0,24.7582176132067,1.994768002770491,-9.0,19.0,17.0,DZA,1978,Algeria,Lower middle income,Middle East & North Africa,6732393454.0,10590281903.0,0.0012077482291248,0.0038665203023054,0.7047933465888243,0.043868056958695,0.019895811745493,0.0851652268567481,-0.4258411648422886
0.0,0.0,24.83033198887748,2.0245747631543884,-9.0,19.0,18.0,DZA,1979,Algeria,Lower middle income,Middle East & North Africa,10354849612.0,10925793281.0,0.0015711009151828,0.0081445900322934,0.7648851339885638,0.0348928302259464,0.018534878687755,0.0768645190328444,-0.3125016469132474
0.0,0.0,24.838206969378525,2.0557158923329077,-9.0,19.0,19.0,DZA,1980,Algeria,Lower middle income,Middle East & North Africa,14540906201.0,12847073135.0,0.0011953303950434,0.0088084181141104,0.7523086373716559,0.0175434885122557,0.0061725430404781,0.0606870285420668,-0.2145952839509122
0.0,0.0,24.86776573365606,2.088156718336101,-9.0,19.0,20.0,DZA,1981,Algeria,Lower middle income,Middle East & North Africa,15338958197.0,13693843725.0,0.0012078479177648,0.0078496762211073,0.7934743861334805,0.0121474898185781,0.0023179907154394,0.0595397931126938,-0.1859151532280207
0.0,0.0,24.929801163241034,2.121497904613843,-9.0,19.0,21.0,DZA,1982,Algeria,Lower middle income,Middle East & North Africa,13980251588.0,13109208304.0,0.0011503263355008,0.0081527390217224,0.8410325070541509,0.0111471476437468,0.0005413766367921,0.0518650752263377,-0.1900294419800912
0.0,0.0,24.982393642054397,2.1554244404703065,-9.0,19.0,22.0,DZA,1983,Algeria,Lower middle income,Middle East & North Africa,13635984130.0,12591881327.0,0.0011218847686084,0.0075738092139577,0.8485714174187774,0.0103049625392696,-0.0015548162061819,0.0521617000466734,-0.1878631740985792
0.0,0.0,25.036881794473537,2.189558883616586,-9.0,19.0,23.0,DZA,1984,Algeria,Lower middle income,Middle East & North Africa,13805905456.0,14749040620.0,0.0010767885510421,0.0073405830994371,0.85547651974412,0.0116631151717047,-0.0019413468931857,0.0523111439754156,-0.1891710637429683
0.0,0.0,25.073213697249507,2.223599428586711,-9.0,19.0,24.0,DZA,1985,Algeria,Lower middle income,Middle East & North Africa,13664028064.0,15493853614.0,0.0010598857018644,0.0075459930003363,0.8581583975185815,0.012835083633714,-0.0022111870308554,0.0531191863541765,-0.1863047457882696
0.0,0.0,25.077205728504246,2.256535966625779,-9.0,19.0,25.0,DZA,1986,Algeria,Lower middle income,Middle East & North Africa,8187453058.0,14758682284.0,0.0010783532927963,0.0080446652885637,0.8622561554405755,0.0141560329567074,-0.0026164693172287,0.0536309917237865,-0.1761185625619472
0.0,0.0,25.070181138484205,2.2867672472878104,-9.0,19.0,26.0,DZA,1987,Algeria,Lower middle income,Middle East & North Africa,9526280058.0,12289313328.0,0.0015353892183894,0.0085440368706774,0.8425671248740325,0.0131030458489011,-0.0072636529658945,0.0502496316716527,-0.1476694262831744
0.0,0.0,25.06013074716513,2.3147761343516375,-9.0,19.0,27.0,DZA,1988,Algeria,Lower middle income,Middle East & North Africa,9163505595.0,13356401461.0,0.0015805232675678,0.006531607886962,0.8270206385787869,0.0117323277374443,-0.010439896572471,0.040283772410556,-0.1072265485692137
0.0,0.0,25.103190257327903,2.3411753718884807,-2.0,19.0,28.0,DZA,1989,Algeria,Lower middle income,Middle East & North Africa,10369902260.0,15863715871.0,0.0021058417476171,0.0068124787901875,0.8683969671785615,0.0137443421809592,-0.0339921951442448,0.0376275731034716,-0.0990768617800834
0.0,0.0,25.11115843273023,2.3659650448117953,-2.0,19.0,29.0,DZA,1990,Algeria,Lower middle income,Middle East & North Africa,14546456704.0,15473054068.0,0.0030923092524421,0.0070699971788945,0.8751609271922829,0.0134768520026737,-0.0354031395108437,0.0306870620707702,-0.0793425852805896
0.0,0.0,25.099085845566375,2.389800809938178,-2.0,19.0,30.0,DZA,1991,Algeria,Lower middle income,Middle East & North Africa,13311409366.0,10788791994.0,0.0045672985348191,0.005925443026149,0.8697745499055127,0.0141413898798353,-0.0364410508057781,0.0293996585787533,-0.0703713189973149
1.0,0.0,25.116925786315292,2.414153311731587,-7.0,19.0,31.0,DZA,1992,Algeria,Lower middle income,Middle East & North Africa,12154198605.0,11458103093.0,-0.0428749024518227,0.0043683891264514,0.9041758394334992,0.0239769233242356,-0.0450110406330139,0.0176087436520847,-0.0442168549803854
1.0,0.0,25.09570214213198,2.438214303035112,-7.0,19.0,32.0,DZA,1993,Algeria,Lower middle income,Middle East & North Africa,10880084682.0,11556877008.0,-0.0418576391776384,0.0044862911478297,0.8858365797969769,0.0250749206232,-0.0468773253706381,0.0154126068560437,-0.0146672602255157
1.0,0.0,25.086661432258865,2.4603393216617024,-7.0,19.0,33.0,DZA,1994,Algeria,Lower middle income,Middle East & North Africa,9585286282.0,11084076997.0,-0.0433001752443772,0.0049246314980537,0.8849092152118793,0.0264120444392578,-0.0487646087878955,0.0125009512404655,0.0075254574064362
0.0,0.0,25.12395716681529,2.481026296779997,-3.0,19.0,34.0,DZA,1995,Algeria,Lower middle income,Middle East & North Africa,10940062643.0,12110069749.0,0.00495811650358,0.0044698594270814,0.7975305239703805,0.0114588960276235,-0.0483864041899399,0.0119880627105506,0.0694090798704021
0.0,0.0,25.16413894174398,2.50060331667023,-3.0,19.0,35.0,DZA,1996,Algeria,Lower middle income,Middle East & North Africa,13970016988.0,11240014124.0,0.0040601807035323,0.0042663204520153,0.7721851116408719,0.0121637028185273,-0.0493627840221706,0.0119033164890071,0.0964466649488845
0.0,0.0,25.175078881182607,2.5192435132295428,-3.0,19.0,36.0,DZA,1997,Algeria,Lower middle income,Middle East & North Africa,14889922793.0,10279946208.0,0.0026864110971082,0.0036267090363579,0.7492709414855985,0.0134423903992042,-0.0507558981210207,0.0141965857739256,0.1191953733594907
0.0,0.0,25.224821007415677,2.5351688759740405,-3.0,19.0,37.0,DZA,1998,Algeria,Lower middle income,Middle East & North Africa,10880008006.0,10850007516.0,0.0023165733385238,0.0024240148695116,0.7884958970442318,0.0116723956146898,-0.0532394051020884,0.0136201083002201,0.0915827709367262
0.0,1.0,25.256319689518705,2.5490541648051406,-3.0,19.0,38.0,DZA,1999,Algeria,Lower middle income,Middle East & North Africa,13692404115.0,11079856776.0,0.0020374492250439,-0.0087791968269517,0.8186302291520179,0.011367790279508,-0.0562200152211931,0.0125088866166158,0.0750778133751387
0.0,1.0,25.29361547425178,2.56305085028287,-3.0,19.0,39.0,DZA,2000,Algeria,Lower middle income,Middle East & North Africa,23050166017.0,11390170996.0,0.0013838945930865,-0.0095320728035774,0.852817387478549,0.009523585740106,-0.0619571138067241,0.0056631052674511,0.0823794211769931
0.0,1.0,25.32317427650428,2.5767837630542396,-3.0,19.0,40.0,DZA,2001,Algeria,Lower middle income,Middle East & North Africa,20272584009.0,12125335043.0,0.0012790935123053,-0.0098285186370506,0.8743251652768199,0.0096703983704917,-0.0631941054779029,0.000940092403872,0.0929939751901779
0.0,1.0,25.377664186406328,2.590087710844813,-3.0,19.0,41.0,DZA,2002,Algeria,Lower middle income,Middle East & North Africa,20384692132.0,14427027970.0,0.0009101277855112,-0.0108819624466689,0.9170194654296212,0.0084773260875495,-0.0692650159175281,-0.0019123679411907,0.1132657286091234
0.0,1.0,25.447187478409894,2.6033838637061515,-3.0,19.0,42.0,DZA,2003,Algeria,Lower middle income,Middle East & North Africa,26210435497.0,16239633129.0,0.0001646654716876,-0.0098722074170865,0.944264394385848,0.0079968915428117,-0.0817092140724208,-0.0083122689689607,0.1801348695471066
0.0,1.0,25.489287062276475,2.61734826819925,2.0,19.0,43.0,DZA,2004,Algeria,Lower middle income,Middle East & North Africa,35288382278.0,21108011868.0,-0.0005984809480637,-0.0074235635352992,0.9282381981757932,0.007904065218146,-0.0751167638728166,-0.009342828809611,0.2957226140571559
0.0,1.0,25.54661527246763,2.6319813560008063,2.0,19.0,44.0,DZA,2005,Algeria,Lower middle income,Middle East & North Africa,47497958003.0,24052494566.0,-0.0012240849403964,-0.0047609001889668,0.96572639703469,0.0099457682163311,-0.0726539916759385,-0.0093042927602412,0.4225486043249021
0.0,1.0,25.563468618641124,2.6473940927484128,2.0,19.0,45.0,DZA,2006,Algeria,Lower middle income,Middle East & North Africa,56328445411.0,24802903073.0,-0.0010775951879821,-0.004505555073451,0.983324513637414,0.008584753060862,-0.0617122057082307,-0.0083715607964148,0.5743403079969442
0.0,1.0,25.596904694462143,2.6640848094762744,2.0,19.0,46.0,DZA,2007,Algeria,Lower middle income,Middle East & North Africa,63718503039.0,32522138070.0,-0.0008333175202241,0.0048841492804784,1.1039549820505905,0.0094026950113772,-0.0453083393742579,-0.0078776723733936,0.8177835087371412
0.0,1.0,25.6206204445837,2.682273340076886,2.0,19.0,47.0,DZA,2008,Algeria,Lower middle income,Middle East & North Africa,82340143196.0,45783784537.0,-0.0008008678893571,0.0115808809319175,1.1536386442908289,0.0097195123652423,-0.0349645699087316,-0.0018701127379259,0.9866738759344168
0.0,1.0,25.636494087689094,2.701432192311514,2.0,19.0,48.0,DZA,2009,Algeria,Lower middle income,Middle East & North Africa,48982402224.0,47648700297.0,-0.0008031694527192,0.0116526272598398,1.1504697568475168,0.0095771779311667,-0.0348978681457046,-0.0009379016838077,1.0007956055545566
0.0,1.0,25.671862593451596,2.720902780381564,2.0,19.0,49.0,DZA,2010,Algeria,Lower middle income,Middle East & North Africa,62203842893.0,50674049706.0,-0.0002453454117892,0.0117095015376745,1.161204009501759,0.0108365774864092,-0.0358467377286645,3.8005941218171435e-05,1.0257765127590863
0.0,1.0,25.700447754783447,2.740471724498389,2.0,19.0,50.0,DZA,2011,Algeria,Lower middle income,Middle East & North Africa,78573489719.0,57272844072.0,-0.0004385813268884,0.0130064080989246,1.1758942183682672,0.0127294826188504,-0.0360840872757233,-0.0023245455439884,1.036962727680925
0.0,1.0,25.733887797620444,2.7603998032668797,2.0,19.0,51.0,DZA,2012,Algeria,Lower middle income,Middle East & North Africa,78098361758.0,59908816253.0,-0.0008202281528006,0.0108381073615273,1.2307749059428703,0.0107852936023258,-0.0416537868218409,-0.0017344627433786,1.0257862484318798
0.0,1.0,25.761503327822915,2.780595114744765,2.0,19.0,52.0,DZA,2013,Algeria,Lower middle income,Middle East & North Africa,70746581763.0,65124130006.0,-0.0008476773752738,0.0107501324738691,1.2401698719114564,0.0096022014984371,-0.0428915004172231,-0.0019346877696292,1.0223938974094469
0.0,1.0,25.798795838738275,2.8009737673298756,2.0,19.0,53.0,DZA,2014,Algeria,Lower middle income,Middle East & North Africa,65994736570.0,70019891159.0,-0.0012216095612267,0.0072953532831277,1.2577307569851286,0.0096602480275093,-0.0458864630667189,-0.0026729652667603,1.0136665354374408
0.0,1.0,25.835127111276297,2.821535827069574,2.0,19.0,54.0,DZA,2015,Algeria,Lower middle income,Middle East & North Africa,38489004323.0,61266393934.0,-0.001150302240188,0.006709288634841,1.2640191137146264,0.0096550886649926,-0.0470036295285375,-0.0031931131034144,1.0094574977383912
0.0,1.0,25.86662970149169,2.8420927382367838,2.0,19.0,55.0,DZA,2016,Algeria,Lower middle income,Middle East & North Africa,33417246978.0,56532525720.0,-0.0010541181761244,0.0048615713813511,1.2659286157621237,0.0091379085284162,-0.0493231774157914,-0.0042764779762321,1.001455553281165
0.0,1.0,25.879541414242265,2.8624127441991467,2.0,19.0,56.0,DZA,2017,Algeria,Lower middle income,Middle East & North Africa,38609773041.0,55990439550.0,-0.0010716019156091,0.004130972124378,1.266606137441079,0.0092568142765212,-0.0518126375338843,-0.0057983703694389,1.0027751676275851
0.0,1.0,25.891474518147426,2.8817908066146676,2.0,19.0,57.0,DZA,2018,Algeria,Lower middle income,Middle East & North Africa,45570702426.0,56446212848.0,-0.0011177430704943,0.0036683866340467,1.2745711453580757,0.0080223246833608,-0.0559479845659551,-0.0066622891298275,1.0000374387716464
1.0,0.0,24.29516479193848,2.6318062590290787,-2.0,0.0,41.0,AGO,2002,Angola,Lower middle income,Sub-Saharan Africa,8568772528.0,7110406405.0,-0.0682451855555458,0.0130499938977786,-0.0638447341157366,0.0488658608732622,-0.037466322165481,0.0228336058601752,0.2274148206081876
1.0,0.0,24.3246265020863,2.6667396865810433,-2.0,0.0,42.0,AGO,2003,Angola,Lower middle income,Sub-Saharan Africa,9675623585.0,8770763873.0,-0.0343652691555615,0.012052258547255,0.0298898828328841,0.0342375204328369,-0.0414052301816603,0.0442077899870078,0.4185615685112633
0.0,0.0,24.428535965509766,2.702684262167895,-2.0,0.0,43.0,AGO,2004,Angola,Lower middle income,Sub-Saharan Africa,13780895593.0,10621507095.0,0.0028193506757766,0.011861641724416,0.1289038148285978,0.0089443652312695,-0.0400320315641844,0.0424803280190348,0.4930704748757529
0.0,0.0,24.568558743350238,2.7391469514865814,-2.0,0.0,44.0,AGO,2005,Angola,Lower middle income,Sub-Saharan Africa,24309456976.0,15158700248.0,0.0015188303482018,0.0090570217582051,0.3326553835735609,0.0244015830505717,-0.0333928338045602,0.0228024768416901,0.5189990488882856
0.0,0.0,24.677861478226074,2.7759958713096946,-2.0,0.0,45.0,AGO,2006,Angola,Lower middle income,Sub-Saharan Africa,33346563890.0,16288863668.0,0.0005301752621896,0.0081568631571304,0.4207188759074757,0.0313581698021017,-0.0348978246807221,0.0295108271417573,0.6903934434612427
0.0,0.0,24.808977456167284,2.8134216735000113,-2.0,0.0,46.0,AGO,2007,Angola,Lower middle income,Sub-Saharan Africa,44706822242.0,26304660776.0,0.0007643466431307,0.0049338857856628,0.5536000429123247,0.0540153278056741,-0.0339800866695614,0.0419471166749764,0.861249652430807
0.0,0.0,24.914867831360862,2.851204571088101,-2.0,0.0,47.0,AGO,2008,Angola,Lower middle income,Sub-Saharan Africa,64243944324.0,43121902047.0,0.000774010282095,-0.0004725525293322,0.6188565231573275,0.0711822132185039,-0.0314808675214367,0.0359315148192121,0.920339478631003
0.0,0.0,24.923431062047367,2.88922019009641,-2.0,0.0,48.0,AGO,2009,Angola,Lower middle income,Sub-Saharan Africa,41587432936.0,41966880323.0,0.0007718895025027,-0.0004686986878322,0.6172852452000348,0.0719049260797029,-0.0315857250750101,0.0355564941605495,0.9350175073870904
0.0,0.0,24.9708870031885,2.9277311726000184,-2.0,0.0,49.0,AGO,2010,Angola,Lower middle income,Sub-Saharan Africa,51492639142.0,35449385343.0,0.0007708210862452,-0.0003893136772516,0.6102138668405018,0.0731909059679224,-0.0313058555899849,0.0308911802107288,0.946357931004838
0.0,0.0,25.004998532838243,2.9666106324685826,-2.0,0.0,50.0,AGO,2011,Angola,Lower middle income,Sub-Saharan Africa,67949213242.0,43838125871.0,0.0007576296613898,-0.0004834134490311,0.6073797422929457,0.0704809144306148,-0.0315966035448937,0.0263617083211238,0.9568295581308542
0.0,0.0,25.08694711551323,3.005446468113337,-2.0,0.0,51.0,AGO,2012,Angola,Lower middle income,Sub-Saharan Africa,71825305616.0,45817586149.0,0.0007522440403536,-0.0005004716315644,0.6099233003879666,0.0679998198758369,-0.0317772502337701,0.0251460657700568,0.9553635963067596
0.0,0.0,25.13526097575993,3.043946275106949,-2.0,0.0,52.0,AGO,2013,Angola,Lower middle income,Sub-Saharan Africa,67326138853.0,47805328237.0,0.0007388703978613,-0.0005446444002321,0.6042153275129255,0.0650850276759626,-0.0318183271491372,0.0213729771804078,0.951123131800478
0.0,0.0,25.182335383131804,3.08127355539975,-2.0,0.0,53.0,AGO,2014,Angola,Lower middle income,Sub-Saharan Africa,56798432761.0,49972198759.0,0.0002093179379456,-0.0072415228634011,0.7442056473324536,0.0486046867623766,-0.034250169763718,-0.0084306392855483,1.0138692502597937
0.0,0.0,25.191691478060804,3.1173242716716643,-2.0,0.0,54.0,AGO,2015,Angola,Lower middle income,Sub-Saharan Africa,26813916786.0,29563627047.0,0.0002272904675007,-0.0083522245616018,0.7404338318190352,0.0455078589700054,-0.0346916407687269,-0.012378269775575,1.0117898716853615
0.0,0.0,25.165552820485626,3.1530886862388163,-2.0,0.0,55.0,AGO,2016,Angola,Lower middle income,Sub-Saharan Africa,14765476550.0,13386621550.0,0.0007573082148433,-0.0007292884993503,0.6002501206082135,0.0638090753483325,-0.0323942418312173,0.0187504771481167,0.944038345311838
0.0,0.0,25.164051694355315,3.1884948085532874,-2.0,0.0,56.0,AGO,2017,Angola,Lower middle income,Sub-Saharan Africa,21480034960.0,17050137821.0,0.0007587348678287,-0.0007031246069065,0.5971002714153716,0.064012663103018,-0.0327035839148924,0.0184901430642002,0.9475266923721574
0.0,0.0,25.150801171622877,3.2230271386292983,-2.0,0.0,57.0,AGO,2018,Angola,Lower middle income,Sub-Saharan Africa,32444713523.0,20293074054.0,0.0007560433662997,-0.0007297691014859,0.5971057981730017,0.0644526587652634,-0.0328439803187353,0.0179420108617086,0.9508571618438092
0.0,0.0,25.792063115211487,2.0246531063972464,5.0,2.0,0.0,ARG,1961,Argentina,Upper middle income,Latin America & Caribbean,1206915940.0,1206915602.0,0.0013061901440451,-0.0058378088493553,1.0676653690188855,-0.0632137859197355,-0.0187514268278526,-0.1197482252567402,-2.320870078131332
0.0,0.0,25.783503663564257,2.041221515222571,5.0,2.0,1.0,ARG,1962,Argentina,Upper middle income,Latin America & Caribbean,860375634.2,1720750787.0,0.0012895127287084,-0.0058282046627246,1.0729675181581635,-0.060739847878223,-0.0190346807243978,-0.1180824993116842,-2.3097342829596172
0.0,0.0,25.728962288345823,2.0576554994059624,6.0,2.0,2.0,ARG,1963,Argentina,Upper middle income,Latin America & Caribbean,1441753550.0,1441753153.0,0.0011752201418368,-0.0062354017185621,1.051060675808324,-0.0616275371311844,-0.0180269394672379,-0.1147996535466718,-2.298572305254879
0.0,0.0,25.825458824523032,2.073758587617404,6.0,2.0,3.0,ARG,1964,Argentina,Upper middle income,Latin America & Caribbean,1424603255.0,1424602864.0,0.0012229035808385,-0.0059642587301438,1.0688946153427974,-0.0664552721628739,-0.0190305208387546,-0.1229525793080392,-2.3139666536063968
0.0,0.0,25.925930965194787,2.089399732279344,6.0,2.0,4.0,ARG,1965,Argentina,Upper middle income,Latin America & Caribbean,1764705803.0,1176470539.0,0.0012904886674343,-0.0054622591575157,1.0755861583875106,-0.0741527066877107,-0.0234207238059519,-0.1305197414074414,-2.312325572635374
0.0,0.0,25.91931235434203,2.1047148457582168,-9.0,2.0,5.0,ARG,1966,Argentina,Upper middle income,Latin America & Caribbean,1904761830.0,1428571371.0,0.0016301419383141,-0.0046112100593951,1.0737369420806693,-0.0741006456514819,-0.0135274966144351,-0.1223850483706817,-2.2547934785383146
0.0,0.0,25.950731462522498,2.119970102232555,-9.0,2.0,6.0,ARG,1967,Argentina,Upper middle income,Latin America & Caribbean,1818181858.0,1212121237.0,0.0015458423171289,-0.0040466400522986,1.0869685973208736,-0.0765825546340621,-0.0148415440181618,-0.1275595372372569,-2.252163830876476
0.0,0.0,25.99782827613983,2.1352708028167244,-9.0,2.0,7.0,ARG,1968,Argentina,Upper middle income,Latin America & Caribbean,1714285705.0,1428571475.0,0.0018952581099886,-0.0043230445345694,1.128148556252769,-0.0723821256441216,-0.0218994755473465,-0.1325518546336232,-2.197673778651877
0.0,0.0,26.090222679211134,2.1506218723990624,-9.0,2.0,8.0,ARG,1969,Argentina,Upper middle income,Latin America & Caribbean,2000000041.0,2000000041.0,0.0012844439239299,-0.0042939854504675,1.1516555013515606,-0.0604878407765149,-0.0256769994151944,-0.1315092641559468,-2.142471266164657
0.0,0.0,26.120224193622466,2.1662220665043215,-9.0,2.0,9.0,ARG,1970,Argentina,Upper middle income,Latin America & Caribbean,1769210603.0,1495789482.0,0.0009317084477366,-0.0042506350141336,1.1465659412848035,-0.0660984586997033,-0.0417989339869753,-0.1367945288577982,-2.01827013643801
0.0,0.0,26.17526520207924,2.181964649412871,-9.0,2.0,10.0,ARG,1971,Argentina,Upper middle income,Latin America & Caribbean,2000000003.0,2199999959.0,0.001052294804575,-0.0035126046739345,1.1712718213337066,-0.0575346764594262,-0.0478151229773679,-0.1303799088916245,-1.9125006724369065
0.0,0.0,26.191414581751058,2.197797611676232,-9.0,2.0,11.0,ARG,1972,Argentina,Upper middle income,Latin America & Caribbean,2500000047.0,2374999979.0,0.0008666370671913,-0.0039981074535639,1.169011230349749,-0.0492280520524585,-0.0452412417840748,-0.1317527263672195,-1.8508337891840765
0.0,0.0,26.219146348245815,2.2139651728103757,6.0,2.0,12.0,ARG,1973,Argentina,Upper middle income,Latin America & Caribbean,4000000136.0,3000000102.0,9.975887638434732e-05,-0.0026249517307079,1.2435584905263777,-0.0571069739021798,-0.0459558756654508,-0.175229742821069,-1.5380867465495631
0.0,1.0,26.27300707023119,2.230412494350062,6.0,2.0,13.0,ARG,1974,Argentina,Upper middle income,Latin America & Caribbean,4999999840.0,4555555490.0,0.0013683039289102,-0.0060309589037243,1.289729685151074,-0.0398715022058852,-0.0546314010734141,-0.313359417046724,-1.20725947543898
0.0,1.0,26.272723172113707,2.2464935779562887,6.0,2.0,14.0,ARG,1975,Argentina,Upper middle income,Latin America & Caribbean,3054054017.0,3135135021.0,0.0016427663624493,-0.0093566595712924,1.2587080767971282,-0.0413662583178023,-0.0590717425484566,-0.3841433467502936,-1.1633647459113157
0.0,1.0,26.252333748130404,2.262145901028876,-9.0,2.0,15.0,ARG,1976,Argentina,Upper middle income,Latin America & Caribbean,4695000304.0,3030000057.0,0.0038155303865155,-0.0101300210215815,1.2656344250519234,-0.0392521600663208,0.0068187271745778,-0.4058538919752284,-1.0484956977053328
1.0,1.0,26.319377722370827,2.2779820051262165,-9.0,2.0,16.0,ARG,1977,Argentina,Upper middle income,Latin America & Caribbean,5459999881.0,4159999873.0,-0.0195760633403728,-0.0140969080915445,1.293356743536882,-0.0264974336514379,-0.0072491044018794,-0.4004213905190528,-0.9951834269357328
1.0,1.0,26.273267563342234,2.293970505455436,-9.0,2.0,17.0,ARG,1978,Argentina,Upper middle income,Latin America & Caribbean,7665724160.0,5089538172.0,-0.0180280115143496,-0.0143920899590153,1.257986601113682,-0.0292932255650223,-0.0078326426117716,-0.4235709351317709,-0.9221037840995374
1.0,1.0,26.37060140928418,2.309938983734782,-9.0,2.0,18.0,ARG,1979,Argentina,Upper middle income,Latin America & Caribbean,4508960597.0,4383512571.0,-0.0220110808068462,-0.0165140127074291,1.2560288525526428,-0.0443790025741301,-0.0243072145075056,-0.4799139335925267,-0.799489574165613
1.0,1.0,26.38567755542911,2.3258694061033713,-9.0,2.0,19.0,ARG,1980,Argentina,Upper middle income,Latin America & Caribbean,3895791555.0,4989980080.0,-0.0283128886659624,-0.0107650503344986,1.3010202456869275,-0.0649642418722879,-0.0292104028492266,-0.5156798505561925,-0.6049882341836292
1.0,1.0,26.332382257638024,2.341889529565501,-8.0,2.0,20.0,ARG,1981,Argentina,Upper middle income,Latin America & Caribbean,5445263190.0,5800000171.0,-0.0296385879483599,-0.0052724095910574,1.3636825931071077,-0.0640212003033396,-0.0698189614570932,-0.5136759112837549,-0.5449087026889853
1.0,0.0,26.32500082033229,2.3579315973169175,-8.0,2.0,21.0,ARG,1982,Argentina,Upper middle income,Latin America & Caribbean,7663966256.0,5497685333.0,-0.0270607303490253,0.0035238625345673,1.355176176637595,-0.0596070753498954,-0.0720415549907088,-0.5076601678831792,-0.5304722307503809
1.0,0.0,26.367570740005803,2.3739506399922705,8.0,2.0,22.0,ARG,1983,Argentina,Upper middle income,Latin America & Caribbean,9515669467.0,6068376037.0,-0.0284433620044618,0.003231328460343,1.3624742890468675,-0.0632854969786759,-0.0644366560999109,-0.4832156686058838,-0.5407562869133604
1.0,0.0,26.38315563513825,2.389874208993959,8.0,2.0,23.0,ARG,1984,Argentina,Upper middle income,Latin America & Caribbean,8873730059.0,5561048223.0,-0.0284387401650986,0.0027971511058268,1.363185579124893,-0.0619748296576037,-0.0648483966922438,-0.4809367639799026,-0.5384046915067152
1.0,0.0,26.329872726344217,2.4056005020375917,8.0,2.0,24.0,ARG,1985,Argentina,Upper middle income,Latin America & Caribbean,10345475059.0,5529993736.0,-0.0272430674104734,0.0026742990346999,1.364192456222972,-0.0445815007552804,-0.0614093966123469,-0.4728763620031284,-0.5187882918884775
1.0,0.0,26.389585252869402,2.4211544141136456,8.0,2.0,25.0,ARG,1986,Argentina,Upper middle income,Latin America & Caribbean,8641279278.0,6695427336.0,-0.0272353370527398,0.0026506021328038,1.4063118647296304,-0.040512168988365,-0.0649460702363511,-0.4475970839472455,-0.4951891440827047
1.0,0.0,26.416273807878937,2.436605707180183,8.0,2.0,26.0,ARG,1987,Argentina,Upper middle income,Latin America & Caribbean,8566904947.0,8243255952.0,-0.0274837028233974,0.0034623482808329,1.4388538360069574,-0.0464079343647925,-0.0648076999006598,-0.4176327105738643,-0.4628450048343832
1.0,0.0,26.405317226025492,2.452104739836405,8.0,2.0,27.0,ARG,1988,Argentina,Upper middle income,Latin America & Caribbean,12094686105.0,7882225528.0,-0.0283362319897727,0.0036460735360586,1.406386192855139,-0.0509783727872217,-0.0675919219774284,-0.4100860807528368,-0.4097609676387546
1.0,1.0,26.33105489844753,2.4674182214665557,7.0,2.0,28.0,ARG,1989,Argentina,Upper middle income,Latin America & Caribbean,10006623327.0,5041767786.0,-0.0307025598868252,-0.00559302548196,1.343049985586782,-0.0465096132275894,-0.0654632439517888,-0.4503425454800397,-0.407429339314985
0.0,0.0,26.306073939043394,2.4823339682790664,7.0,2.0,29.0,ARG,1990,Argentina,Upper middle income,Latin America & Caribbean,14643479947.0,6546497152.0,0.0076574465778987,0.0035499123956947,1.328770854529714,-0.0430732978214126,-0.0573050251755396,-0.4411562375982582,-0.3543862374562512
0.0,0.0,26.39347429248918,2.496712769151125,7.0,2.0,30.0,ARG,1991,Argentina,Upper middle income,Latin America & Caribbean,14561091033.0,11531201154.0,0.0097542658765692,0.0034333053239482,1.4325839673183525,-0.004701568039702,-0.0530448949535012,-0.3693297048702613,-0.2849930231970648
0.0,0.0,26.469852340594176,2.510556580425955,7.0,2.0,31.0,ARG,1992,Argentina,Upper middle income,Latin America & Caribbean,15095261860.0,18606116034.0,0.0096364210883873,0.0030167691717809,1.6370976974436722,-0.0065318488142488,-0.0492909202915734,-0.2590557881682437,-0.1258153848146835
0.0,0.0,26.548728927002525,2.5240929825425904,7.0,2.0,32.0,ARG,1993,Argentina,Upper middle income,Latin America & Caribbean,16357317317.0,22049649650.0,0.0086724951637272,0.0027970985963374,1.7252451184202673,-0.018012235926954,-0.0384871674611081,-0.2276275709513368,-0.062000642805098
0.0,0.0,26.60545108888923,2.5374943584348295,7.0,2.0,33.0,ARG,1994,Argentina,Upper middle income,Latin America & Caribbean,19385100000.0,27299960000.0,0.0089183661537929,0.0042149044711046,1.860687224537325,-0.037661544861147,-0.03509401515956,-0.1955133998932594,-0.0032376182390565
0.0,0.0,26.576585508521617,2.550597473176505,7.0,2.0,34.0,ARG,1995,Argentina,Upper middle income,Latin America & Caribbean,24978532000.0,26038017000.0,0.0083529664466338,0.0029440305898564,1.763864584493652,-0.0265254401392173,-0.0358020682770581,-0.2100946935280686,0.0275427272193921
0.0,0.0,26.63038091558603,2.5631719950421687,7.0,2.0,35.0,ARG,1996,Argentina,Upper middle income,Latin America & Caribbean,28381400000.0,30148400000.0,0.00789794896947,0.0038518986848807,1.8434109770214604,-0.0414754177417993,-0.0355023290278624,-0.1856474916090983,0.0688287969201147
0.0,0.0,26.70837020090171,2.5753184749449285,7.0,2.0,36.0,ARG,1997,Argentina,Upper middle income,Latin America & Caribbean,30928400000.0,37413700000.0,0.0060619809045981,0.0045058364821947,1.883946279536001,-0.0500619846951283,-0.0348154344290215,-0.1630674716929107,0.1354348475453107
0.0,0.0,26.74614910605778,2.587073730857047,7.0,2.0,37.0,ARG,1998,Argentina,Upper middle income,Latin America & Caribbean,31137200000.0,38667300000.0,0.0062324349693187,0.0044559744251577,1.8966560295190151,-0.0537188616334637,-0.0371654183213229,-0.1599187601656015,0.1549526408015545
0.0,0.0,26.71170832222207,2.5986041629029977,8.0,2.0,38.0,ARG,1999,Argentina,Upper middle income,Latin America & Caribbean,27862300000.0,32762700000.0,0.0056576227191373,0.0043947460371352,1.8558921157545785,-0.0533043466278616,-0.0307907980615864,-0.1618497375449982,0.1528099666055914
0.0,0.0,26.703785709004848,2.6099354440117373,8.0,2.0,39.0,ARG,2000,Argentina,Upper middle income,Latin America & Caribbean,31223690400.0,33070146000.0,0.0051918962305791,0.0042699199293224,1.8452277984766312,-0.0537767572314095,-0.030630237838218,-0.1623750305450954,0.1654108486322804
0.0,0.0,26.658696925450254,2.62091491098112,8.0,2.0,40.0,ARG,2001,Argentina,Upper middle income,Latin America & Caribbean,31112418400.0,27603881800.0,0.0051532527026376,0.0029644721563915,1.7832886976441853,-0.0572052328334029,-0.0350470215985719,-0.1833038355824251,0.1471108650978637
0.0,0.0,26.54334579993532,2.631609042723619,8.0,2.0,41.0,ARG,2002,Argentina,Upper middle income,Latin America & Caribbean,27736610298.0,13065823829.0,0.0048154526694919,0.0020648105522917,1.5587878892500615,-0.0379401332375834,-0.0464865476025572,-0.258307697195293,0.1181097332462637
0.0,0.0,26.6280280502151,2.6419404423058928,8.0,2.0,42.0,ARG,2003,Argentina,Upper middle income,Latin America & Caribbean,33084505278.0,18772898619.0,0.0034308304257177,0.0017714504387982,1.69286284838332,-0.058004631875342,-0.0428327987576574,-0.205003254781021,0.2034038336327259
0.0,0.0,26.7144778521709,2.652081208091362,8.0,2.0,43.0,ARG,2004,Argentina,Upper middle income,Latin America & Caribbean,39266996606.0,27736672324.0,0.0010147199340738,0.0011128623050413,1.867314236622127,-0.063839073925062,-0.0661839839396993,-0.1655646106806622,0.46682807525546
0.0,0.0,26.799294393682153,2.6623557847568904,8.0,2.0,44.0,ARG,2005,Argentina,Upper middle income,Latin America & Caribbean,46198180131.0,34392237787.0,0.001620337468075,-0.0005081622974881,2.0151899177776715,-0.0684073660704484,-0.0720723467194595,-0.1614824447066627,0.63359319661024
0.0,0.0,26.876691908230683,2.6726382610882515,8.0,2.0,45.0,ARG,2006,Argentina,Upper middle income,Latin America & Caribbean,53550250227.0,40480743016.0,0.0011313464398338,-0.0009465094461838,2.0274281476741027,-0.0698652201197405,-0.0748002785196275,-0.1866345246121315,0.7068493377566569
0.0,0.0,26.96293916145677,2.6825492802854125,8.0,2.0,46.0,ARG,2007,Argentina,Upper middle income,Latin America & Caribbean,65162321195.0,52567536062.0,0.0008517397112281,-0.0019480412782505,1.9900806827518969,-0.0765803884770433,-0.0683156495750976,-0.2128073753114359,0.7792709390197902
0.0,0.0,27.002709912261825,2.6926781684897803,8.0,2.0,47.0,ARG,2008,Argentina,Upper middle income,Latin America & Caribbean,79762958392.0,66316154417.0,0.0009282397004116,-0.0023919603541849,1.949754099153806,-0.065764972533264,-0.0647144060817487,-0.1971417172416157,0.8642884364279665
0.0,0.0,26.941700604322783,2.703275914980624,8.0,2.0,48.0,ARG,2009,Argentina,Upper middle income,Latin America & Caribbean,65133480388.0,48268743530.0,0.000932863225184,-0.0023128909264954,1.91877982821068,-0.0674499869592978,-0.0637877567518489,-0.2059150636999088,0.8691645946890927
0.0,0.0,27.03814994681466,2.7138395484442084,8.0,2.0,49.0,ARG,2010,Argentina,Upper middle income,Latin America & Caribbean,80208867996.0,67937933972.0,0.0009418253923374,-0.002368622830023,1.9419499052607216,-0.0587540396506224,-0.0606609521269786,-0.1984897722986009,0.9002808884424338
0.0,1.0,27.096455925279816,2.724486949262254,8.0,2.0,50.0,ARG,2011,Argentina,Upper middle income,Latin America & Caribbean,97809980731.0,88838309449.0,0.0011208118541408,0.000665266110227,1.9625758478868036,-0.0492351738737127,-0.0561470306796393,-0.1985304394745835,0.932979266398466
0.0,1.0,27.0861387560326,2.7347635634473644,8.0,2.0,51.0,ARG,2012,Argentina,Upper middle income,Latin America & Caribbean,88655850854.0,78013690407.0,0.001174688266531,0.0003478448009408,1.9519492614384657,-0.0479456664544921,-0.0575586677610327,-0.199408525117911,0.9351737811803223
0.0,1.0,27.109907754394076,2.7446931530152874,8.0,2.0,52.0,ARG,2013,Argentina,Upper middle income,Latin America & Caribbean,80690471898.0,81240190817.0,0.001133386085588,0.0005130136586714,2.019549734938487,-0.0539335342375118,-0.0467971121461134,-0.2087739259533064,0.9624688567564286
0.0,1.0,27.08446122761137,2.755010588759109,8.0,2.0,53.0,ARG,2014,Argentina,Upper middle income,Latin America & Caribbean,75818867911.0,73691675720.0,0.0011723946072667,0.0003337721331227,1.951437732260744,-0.0467805734152266,-0.057831190743503,-0.2003963387526122,0.9357100424559156
0.0,1.0,27.111405304749333,2.7654831775426945,9.0,2.0,54.0,ARG,2015,Argentina,Upper middle income,Latin America & Caribbean,63671789069.0,70064879912.0,0.0004892907470523,0.0004817419867471,1.992807781806827,-0.0561656312890153,-0.0090396488686521,-0.2087444056982759,0.9628180432795757
0.0,1.0,27.090383841290826,2.7751722888306203,9.0,2.0,55.0,ARG,2016,Argentina,Upper middle income,Latin America & Caribbean,69842604407.0,75639254068.0,0.0005228048003292,0.0003405381302646,1.9403414864410928,-0.048470197249822,-0.0073625205169364,-0.1973056995133128,0.9423600719963484
0.0,1.0,27.118178459318813,2.783984784746852,9.0,2.0,56.0,ARG,2017,Argentina,Upper middle income,Latin America & Caribbean,72860557903.0,89910495567.0,0.0006772272516566,0.0005396221524171,2.0323015369323207,-0.055577315370976,-0.0069892317056993,-0.2021319701922861,0.9824372801595564
0.0,1.0,27.09165540418872,2.7922144797287523,9.0,2.0,57.0,ARG,2018,Argentina,Upper middle income,Latin America & Caribbean,75766598613.0,85681309473.0,0.0005356263688949,0.000313994141031,1.9434747941345665,-0.0476028985335906,-0.0075028358523,-0.1973956204628883,0.9504721107943536
0.0,1.0,21.822243539176185,4.831991125813211,6.0,3.0,31.0,ARM,1992,Armenia,Upper middle income,Europe & Central Asia,506852687.7,779688141.2,0.0090288518146239,0.0001875570441281,-2.095433079484051,-0.0691263246906321,-0.0177559753376115,-0.070673797133934,0.27353511472359
0.0,1.0,21.730128263716683,4.7982439393486835,6.0,3.0,32.0,ARM,1993,Armenia,Upper middle income,Europe & Central Asia,567247615.0,729847643.5,0.0084207541884632,0.002621003263962,-2.2975150056123885,-0.0425054274543122,-0.0125887714053685,-0.0633236410224322,0.2855289969608331
0.0,1.0,21.782720740002674,4.772216435389793,6.0,3.0,33.0,ARM,1994,Armenia,Upper middle income,Europe & Central Asia,517226106.2,961398392.5,0.0087469994044144,-0.0002848343592026,-2.123802669157047,-0.0515535511756374,-0.0142213865187091,-0.0647799616383192,0.3381228215946976
0.0,1.0,21.849444357273786,4.755121484457338,1.0,3.0,34.0,ARM,1995,Armenia,Upper middle income,Europe & Central Asia,351337833.4,913101627.2,0.0085350989877776,-0.0034071350278813,-2.0853747641010845,-0.0228487164132248,-0.0172885361805567,-0.0670583715049893,0.3842136761353137
0.0,1.0,21.9064426544279,4.74636205509577,-6.0,3.0,35.0,ARM,1996,Armenia,Upper middle income,Europe & Central Asia,371135639.1,894135832.3,0.007259131159919,-0.0039873913509015,-2.1115232690365575,-0.0154020349741191,-0.0357439781208627,-0.0694290855110314,0.4134743076727142
0.0,1.0,21.939113886506348,4.73641687541477,-6.0,3.0,36.0,ARM,1997,Armenia,Upper middle income,Europe & Central Asia,332378719.9,955405625.8,0.0051491655850296,-0.003826431079889,-2.149686238827549,-0.0147970318700919,-0.0363825241374712,-0.0671426531699351,0.4513333933390531
0.0,1.0,22.009572350135848,4.7246770603137955,5.0,3.0,37.0,ARM,1998,Armenia,Upper middle income,Europe & Central Asia,359865213.1,1000634291.0,0.0044844835341749,-0.0032963694943843,-2.1289767386273555,-0.0129779549842667,-0.0110907467963807,-0.0630573769600144,0.4533451274113109
0.0,1.0,22.042039540108856,4.7117794473383725,5.0,3.0,38.0,ARM,1999,Armenia,Upper middle income,Europe & Central Asia,383089746.9,919091316.9,0.0043882120083861,-0.0031790022228248,-2.124208712035225,-0.0104169029612562,-0.0087033724199344,-0.0637209998592808,0.460007015521621
0.0,1.0,22.099364606966798,4.728627293608698,5.0,3.0,39.0,ARM,2000,Armenia,Upper middle income,Europe & Central Asia,423629630.5,957156467.0,0.0035929883131207,-0.0053956032420059,-2.0966881663546832,-0.0129173127903805,-0.0094028479301772,-0.0656969368101182,0.483703793320976
0.0,1.0,22.1910317953138,4.725735905497168,5.0,3.0,40.0,ARM,2001,Armenia,Upper middle income,Europe & Central Asia,511522177.8,968529888.7,0.003452356621155,-0.0053945385900983,-2.035653376557066,-0.0044472421729208,-0.0059081931386762,-0.0650995411134934,0.5137624099579022
0.0,1.0,22.31501777508502,4.721992685810932,5.0,3.0,41.0,ARM,2002,Armenia,Upper middle income,Europe & Central Asia,661384145.8,1096735502.0,0.0031822984213211,-0.0050122292301934,-1.97035859746842,0.0030697182365502,-0.0094287180688288,-0.0651549353901259,0.4604043980184745
0.0,1.0,22.44604603763071,4.716571429257248,5.0,3.0,42.0,ARM,2003,Armenia,Upper middle income,Europe & Central Asia,855676348.1,1391414379.0,0.0023408303568608,-0.0033216319311868,-1.9368291129822732,0.00463739661985,-0.0177926387551089,-0.0629428210943161,0.4824463856571437
0.0,1.0,22.54589137250589,4.711025837246052,5.0,3.0,43.0,ARM,2004,Armenia,Upper middle income,Europe & Central Asia,1008274440.0,1605180992.0,0.0017709758450669,-0.0004843257488942,-1.785941958899366,-0.0004932279067035,-0.022754862898116,-0.0530755176334588,0.5207243651655529
0.0,1.0,22.676042057066702,4.705163319989744,5.0,3.0,44.0,ARM,2005,Armenia,Upper middle income,Europe & Central Asia,1338474938.0,2098701566.0,0.0012055198924793,0.0012528105381287,-1.3139470672765852,-0.018317642495968,-0.0343981993435146,-0.0313830179435491,0.5412274876617504
0.0,1.0,22.80002803676848,4.699010435064304,5.0,3.0,45.0,ARM,2006,Armenia,Upper middle income,Europe & Central Asia,1413899569.0,2482540336.0,0.0011436761334506,0.0007824249272259,-1.2668207546103063,-0.0164658174596043,-0.0336130625101552,-0.029135363307346,0.6991799642392068
0.0,1.0,22.92842125155507,4.692690741657586,5.0,3.0,46.0,ARM,2007,Armenia,Upper middle income,Europe & Central Asia,1674567003.0,3570727480.0,0.0010613168839766,0.0001070762663815,-1.2108152995076862,-0.015861317098425,-0.0320867067919452,-0.0224544773573869,0.8496004554639681
0.0,1.0,22.99514488364304,4.686136516529138,5.0,3.0,47.0,ARM,2008,Armenia,Upper middle income,Europe & Central Asia,1663675191.0,4697073302.0,0.0018119442927016,0.0001963529284421,-1.1385919146998011,-0.0268676124346062,-0.0290053380315484,-0.0234929508647574,1.0321265493250722
0.0,1.0,22.843158526551402,4.679278158213242,5.0,3.0,48.0,ARM,2009,Armenia,Upper middle income,Europe & Central Asia,1268730266.0,3684309605.0,0.0017631506866541,4.549860261289531e-06,-1.165889079755153,-0.0286132270179763,-0.0281695552479185,-0.0269945780010454,1.053904298854497
0.0,1.0,22.86492001840386,4.672339595177714,5.0,3.0,49.0,ARM,2010,Armenia,Upper middle income,Europe & Central Asia,1828759691.0,4157364606.0,0.0019161226638466,-0.0005275492050255,-1.1484431395309849,-0.0203506231827742,-0.0274121288702241,-0.0300529383205075,1.0948823585201024
0.0,1.0,22.910848950272964,4.666773687604152,5.0,3.0,50.0,ARM,2011,Armenia,Upper middle income,Europe & Central Asia,2284326940.0,4757906587.0,0.0018832743713157,-0.0011546225226828,-1.1369861479742251,-0.0200941558503602,-0.0277491519062585,-0.0354306252637716,1.1148687627650768
0.0,1.0,22.98037501291153,4.665517904529176,5.0,3.0,51.0,ARM,2012,Armenia,Upper middle income,Europe & Central Asia,2926877147.0,5139736819.0,0.001933828788823,-0.0013972906590541,-1.128218795395259,-0.0192355726721231,-0.0282583228228329,-0.035399605906104,1.1222083959514502
0.0,1.0,23.012842203067468,4.664823241398463,5.0,3.0,52.0,ARM,2013,Armenia,Upper middle income,Europe & Central Asia,3153322766.0,5471934334.0,0.0019306725887401,-0.0014005713360045,-1.1220120554323048,-0.0191389887101844,-0.0284093448213622,-0.0353545649339624,1.121115682667053
1.0,1.0,23.04820934685352,4.6621061183586505,5.0,3.0,53.0,ARM,2014,Armenia,Upper middle income,Europe & Central Asia,3315721292.0,5481836307.0,-0.0177653909445846,-0.0012245066392712,-1.1048439252239537,-0.0221835379440267,-0.0295245046718645,-0.0320597116387073,1.1266907063019564
1.0,1.0,23.07970801394397,4.659048825688507,5.0,3.0,54.0,ARM,2015,Armenia,Upper middle income,Europe & Central Asia,3137020863.0,4427830382.0,-0.0190272041469451,-0.0012201474879082,-1.0976125367332168,-0.0247127573487643,-0.0294595316359944,-0.0320036354002251,1.1223338085121974
1.0,1.0,23.08170601657392,4.654946699745271,5.0,3.0,55.0,ARM,2016,Armenia,Upper middle income,Europe & Central Asia,3558717726.0,4464568368.0,-0.0192055002895396,-0.0012022433633543,-1.093576800792783,-0.0250587176750504,-0.0291448911947328,-0.0325154758432569,1.122338517091312
1.0,1.0,23.15402667823272,4.650626315578685,5.0,3.0,56.0,ARM,2017,Armenia,Upper middle income,Europe & Central Asia,4405338883.0,5646879066.0,-0.027465289013944,-0.0010975050644867,-1.0017148904392876,-0.0182636538130257,-0.0283032685293272,-0.0320345569289659,1.083876808617279
1.0,1.0,23.204719792539876,4.6471295734317115,7.0,3.0,57.0,ARM,2018,Armenia,Upper middle income,Europe & Central Asia,4907543376.0,6612701455.0,-0.0298794506106201,0.0006933613227121,-0.8966775585635786,-0.0153497524653562,-0.0194909775681859,-0.0336245685413703,1.1464973111324124
0.0,1.0,23.467688059645628,4.485355002943161,1.0,4.0,31.0,AZE,1992,Azerbaijan,Upper middle income,Europe & Central Asia,383311808.1,242767527.7,0.0326309935391099,-0.0032450829450943,-0.8822811199308138,-0.0189315041600712,-0.0275521993602063,-0.1086518190452924,-0.2240997244286032
0.0,1.0,23.205023766797996,4.5005130718853765,-3.0,4.0,32.0,AZE,1993,Azerbaijan,Upper middle income,Europe & Central Asia,902385596.4,1193938485.0,0.0251880695660209,-0.0029538174194266,-0.9844985489393314,-0.0198548521665382,-0.0422645007945382,-0.0773927488799596,-0.1721118658115939
0.0,1.0,22.985623186318158,4.513997822014003,-3.0,4.0,33.0,AZE,1994,Azerbaijan,Upper middle income,Europe & Central Asia,294957729.0,365437755.7,0.0089270181172083,-0.0031579490772808,-1.4650233533754369,-0.0325847693147909,-0.055024169972878,-0.0897850599714868,-0.3324074762445829
0.0,1.0,22.86005997354933,4.525554483309945,-6.0,4.0,34.0,AZE,1995,Azerbaijan,Upper middle income,Europe & Central Asia,785309768.0,1291025695.0,0.0081683390845519,-0.0030463042054504,-1.3797129922462756,-0.0140093301840115,-0.0434653692420299,-0.0675123451807874,-0.1768236348079166
0.0,1.0,22.87297619288523,4.535672482487756,-6.0,4.0,35.0,AZE,1996,Azerbaijan,Upper middle income,Europe & Central Asia,791860069.1,1776337891.0,0.0069916018357088,-0.0024531566448514,-1.3178789737465892,-0.0033150113620118,-0.0410483912506347,-0.0616941972607914,-0.0581888352988107
0.0,1.0,22.929356527771535,4.545319220222622,-6.0,4.0,36.0,AZE,1997,Azerbaijan,Upper middle income,Europe & Central Asia,1150456356.0,2101809742.0,0.0046189684451614,-0.0019655482833017,-1.246548892996559,0.0077345389344143,-0.0442722662759933,-0.0492880316675476,0.0860734414514912
0.0,1.0,23.02466670402165,4.556313827962894,-7.0,4.0,37.0,AZE,1998,Azerbaijan,Upper middle income,Europe & Central Asia,1009304730.0,2424528302.0,0.0043154805693852,-0.0019630727145432,-1.211104152815734,0.010016779380095,-0.0545160364861828,-0.0411578429304399,0.1221324151554373
0.0,1.0,23.096056712180342,4.569758182913439,-7.0,4.0,38.0,AZE,1999,Azerbaijan,Upper middle income,Europe & Central Asia,1281380721.0,1917520293.0,0.0044353871683413,-0.0013905232995893,-1.1736155079494035,0.0069078902537407,-0.052233750867835,-0.037685666863573,0.1085528946295738
0.0,1.0,23.201317215128416,4.57918323089275,-7.0,4.0,39.0,AZE,2000,Azerbaijan,Upper middle income,Europe & Central Asia,2118053577.0,2023510585.0,0.0065113418784253,-0.001617086225293,-1.0217332061347486,0.0067277014790478,-0.0459788503184691,-0.0358901974782773,0.0739821556333844
0.0,1.0,23.29571788928756,4.586942996152352,-7.0,4.0,40.0,AZE,2001,Azerbaijan,Upper middle income,Europe & Central Asia,2368581267.0,2129887031.0,0.0063537020901136,-0.003061029172985,-0.957950828110511,0.009523332436073,-0.0396719287853201,-0.0454860034228625,0.1072742036953077
0.0,1.0,23.38591425464784,4.5942352630431715,-7.0,4.0,41.0,AZE,2002,Azerbaijan,Upper middle income,Europe & Central Asia,2667039718.0,3121181200.0,0.0061886313036846,-0.0034428188102958,-0.9406986518757986,0.0099989545046994,-0.0415694961391193,-0.0470924738517374,0.1204011817080986
0.0,1.0,23.48311627470256,4.601400324581624,-7.0,4.0,42.0,AZE,2003,Azerbaijan,Upper middle income,Europe & Central Asia,3056572037.0,4769352011.0,0.005409217901741,-0.0033571416124543,-0.8924929289724073,0.01726969737412,-0.0415297299742642,-0.0285598857796363,0.1752617134639115
0.0,1.0,23.57161972113404,4.609912648713559,-7.0,4.0,43.0,AZE,2004,Azerbaijan,Upper middle income,Europe & Central Asia,4235083892.0,6312226772.0,0.0055713466964827,0.0017124602065078,-0.8249263666784094,0.027035552305925,-0.045765778095864,-0.0140394671963897,0.3185524494381288
0.0,1.0,23.818179270384533,4.6202804665225035,-7.0,4.0,44.0,AZE,2005,Azerbaijan,Upper middle income,Europe & Central Asia,8336815027.0,7006931304.0,0.0073711888949548,0.0098837645540182,-0.3968057340390017,0.005316666616279,-0.0582228481927497,-0.0294900882312444,0.5498497555365524
0.0,1.0,24.114573283459208,4.631544619621835,-7.0,4.0,45.0,AZE,2006,Azerbaijan,Upper middle income,Europe & Central Asia,13953852783.0,8132229740.0,0.0083565159118929,-0.0045653109700776,-0.1661022398733433,-0.0123740978685189,-0.0521664189292987,-0.0290543490179492,0.853661295366205
0.0,1.0,24.337716833568223,4.642979987927937,-7.0,4.0,46.0,AZE,2007,Azerbaijan,Upper middle income,Europe & Central Asia,22516209779.0,9423346742.0,0.0059966793711907,-0.0076473302862814,-0.0545789228778832,-0.0149490119207535,-0.0530370744892143,-0.0387328523426097,0.8216471041259719
0.0,1.0,24.439903119244555,4.664002732407966,-7.0,4.0,47.0,AZE,2008,Azerbaijan,Upper middle income,Europe & Central Asia,32132494340.0,11463815389.0,0.0065020033156819,-0.0092935560192198,-0.07421711966117,-0.0325093083316834,-0.0458094957962456,-0.0326830966541446,0.995137565038455
0.0,1.0,24.5287960592994,4.684824730643802,-7.0,4.0,48.0,AZE,2009,Azerbaijan,Upper middle income,Europe & Central Asia,22870725059.0,10235225179.0,0.0027482903047655,-0.0060091705054729,-0.2627293892264423,-0.0505104386950756,-0.0391140934719437,-0.0197587808890647,1.2952195517903629
0.0,1.0,24.578052253083694,4.696311179528269,-7.0,4.0,49.0,AZE,2010,Azerbaijan,Upper middle income,Europe & Central Asia,28732245203.0,10942312484.0,0.0024082860917245,-0.0012418684444838,0.3017535362785351,-0.0807571349891865,-0.0295001909843386,-0.0123851345049099,0.9690657235551904
0.0,1.0,24.579051754797312,4.709316991197285,-7.0,4.0,50.0,AZE,2011,Azerbaijan,Upper middle income,Europe & Central Asia,37215171600.0,15882135431.0,0.0023944258387475,-0.0012694462157898,0.3018113941651646,-0.0782029858387315,-0.0298474258766894,-0.015521545632883,0.987696482095704
0.0,1.0,24.600473066171233,4.72260462933768,-7.0,4.0,51.0,AZE,2012,Azerbaijan,Upper middle income,Europe & Central Asia,36912727759.0,17620935664.0,0.0014186392279615,-0.0012789404040078,0.3504123486822127,-0.081431205609743,-0.0278827013601784,-0.0138013023541235,1.0011925609356414
0.0,1.0,24.656946030869314,4.735527001972159,-7.0,4.0,52.0,AZE,2013,Azerbaijan,Upper middle income,Europe & Central Asia,35905452997.0,19474571756.0,0.0014088406449381,-0.0012479114234426,0.3544906601084777,-0.0821404215676336,-0.0275067327245627,-0.014044194213388,1.000105283528114
1.0,1.0,24.684079630753317,4.747960701948777,-7.0,4.0,53.0,AZE,2014,Azerbaijan,Upper middle income,Europe & Central Asia,32558931187.0,19720098375.0,-0.016668105970791,-0.0011748800077626,0.3662904110367755,-0.0859600260478466,-0.0293170381401616,-0.0132212140481609,1.0133392227330107
1.0,1.0,24.694959983626955,4.759872800328613,-7.0,4.0,54.0,AZE,2015,Azerbaijan,Upper middle income,Europe & Central Asia,20060045053.0,18474102155.0,-0.0166790203104889,-0.0011367619548243,0.3658053391321825,-0.0863416208848569,-0.0295436508040058,-0.0142908990942826,1.0114291506334483
1.0,1.0,24.663469317761855,4.770966694849565,-7.0,4.0,55.0,AZE,2016,Azerbaijan,Upper middle income,Europe & Central Asia,17580756548.0,16528818930.0,-0.0166787901521251,-0.0011304666787734,0.3640014424643216,-0.08750713990805,-0.0294897349410591,-0.0143320182482109,1.011190782520232
1.0,1.0,24.665467319820475,4.780876087512798,-7.0,4.0,56.0,AZE,2017,Azerbaijan,Upper middle income,Europe & Central Asia,19839874968.0,17104502500.0,-0.0166948598631559,-0.0011005756830656,0.3635139467694392,-0.0881650645529679,-0.0299346259476155,-0.0148709512746346,1.0133062056083333
1.0,1.0,24.680355932324836,4.789636041296519,-7.0,4.0,57.0,AZE,2018,Azerbaijan,Upper middle income,Europe & Central Asia,25484215746.0,17704999421.0,-0.0167066620954701,-0.0011029257386348,0.3618414710302445,-0.0874211769856885,-0.0303155862948464,-0.0159605434291771,1.0128417866084638
0.0,0.0,24.00971017568437,6.31058877066894,8.0,5.0,11.0,BGD,1972,Bangladesh,Lower middle income,South Asia,356841000.0,863537083.3,0.0109397626533465,-0.0002876792809706,-0.0561095190719996,-0.0308688076456097,-0.0186335448313211,-0.0364760836539373,-1.579723255275599
0.0,0.0,24.042425933197826,6.339219240522343,8.0,5.0,12.0,BGD,1973,Bangladesh,Lower middle income,South Asia,528824097.2,958701323.7,0.012588692172683,-0.0010143804056762,-0.0970788282939495,-0.0377789582071925,-0.0165936918912021,-0.0439091775952156,-1.394478006781517
0.0,1.0,24.134019727600652,6.367531251375091,-2.0,5.0,13.0,BGD,1974,Bangladesh,Lower middle income,South Asia,463095606.3,1294857683.0,0.0306138347999196,-0.0059213232768367,-0.0330635323620124,-0.0309320625989705,-0.0263629596567356,-0.0645811772269541,-0.9663474789388204
0.0,1.0,24.09227841385856,6.39375377678209,-7.0,5.0,14.0,BGD,1975,Bangladesh,Lower middle income,South Asia,563045020.3,1575422623.0,0.0378683995508837,-0.0046999866815871,0.0170078377190713,-0.0307911592579862,-0.0198912997332258,-0.0688387653780413,-0.8863275887373092
0.0,1.0,24.147347502360706,6.419130462747898,-7.0,5.0,15.0,BGD,1976,Bangladesh,Lower middle income,South Asia,480166471.4,1784273650.0,0.0426922915741433,-0.0056820023416725,0.0474283385378825,-0.0379542437575525,-0.023976428498742,-0.0736378063918156,-0.8455082268590134
0.0,1.0,24.17372704299598,6.444013194564449,-7.0,5.0,16.0,BGD,1977,Bangladesh,Lower middle income,South Asia,679513484.2,1194951862.0,0.0455546876522898,-0.0099390955536165,0.0849596747372439,-0.0405171120392371,-0.0245512935757394,-0.0794234926191581,-0.7536523692843198
0.0,1.0,24.24207552573611,6.468416294832559,-4.0,5.0,17.0,BGD,1978,Bangladesh,Lower middle income,South Asia,738155879.6,2056130688.0,0.0373489386285912,-0.0131852446915344,0.1648394642760192,-0.035030109257096,-0.0420647126897178,-0.0808051948917675,-0.6225173062326209
0.0,1.0,24.288974708849683,6.492506024891834,-4.0,5.0,18.0,BGD,1979,Bangladesh,Lower middle income,South Asia,950929356.1,2459010309.0,0.0374458940649738,-0.0120604461049333,0.1240910696502439,-0.0360460827848689,-0.0455341403636297,-0.07725426704943,-0.4996455833709719
0.0,1.0,24.297132759956387,6.516437514804429,-4.0,5.0,19.0,BGD,1980,Bangladesh,Lower middle income,South Asia,996555891.5,3243617765.0,0.0369380246695298,-0.0124980558520082,0.0478118500611954,-0.034719021516451,-0.0474677271171516,-0.0756431657267041,-0.4172434724744886
0.0,1.0,24.366975411426758,6.542085835682023,-4.0,5.0,20.0,BGD,1981,Bangladesh,Lower middle income,South Asia,1038984088.0,2858506732.0,0.0375077497019445,-0.0132622752306036,-0.0547685408643678,-0.0328154994109922,-0.0436303653151437,-0.0771605627743293,-0.4498256996217389
0.0,1.0,24.388094111896315,6.569516943486009,-7.0,5.0,21.0,BGD,1982,Bangladesh,Lower middle income,South Asia,940219560.9,2877295409.0,0.0360843788068387,-0.0130763206826509,-0.0114749966950357,-0.0375187126533869,-0.0261191984487873,-0.0783827993696192,-0.4125117241363795
0.0,1.0,24.42617038580531,6.5963126208645875,-7.0,5.0,22.0,BGD,1983,Bangladesh,Lower middle income,South Asia,986784511.8,2590824916.0,0.0318246716535198,-0.022961119848027,0.1396172946406796,-0.0568654734417734,-0.0311049379981977,-0.0789763071997902,-0.3589536396776092
0.0,1.0,24.47308555531529,6.621991582470011,-7.0,5.0,23.0,BGD,1984,Bangladesh,Lower middle income,South Asia,642600000.0,2538320000.0,0.0435692392167429,-0.0258011492216508,0.033131288458889,-0.0459727634677933,-0.0101105927945668,-0.0814610092544014,-0.4286180530076519
0.0,1.0,24.505959387403344,6.646619210513064,-7.0,5.0,24.0,BGD,1985,Bangladesh,Lower middle income,South Asia,1199576923.0,2860038462.0,0.0413488677026724,-0.0261687849545043,0.0352663794698526,-0.0437266143110865,-0.0073932535481484,-0.0835647970083813,-0.4276951164178987
0.0,1.0,24.54684585240318,6.6700985687982675,-5.0,5.0,25.0,BGD,1986,Bangladesh,Lower middle income,South Asia,1128533333.0,2577133333.0,0.0098184448768939,-0.0140494541350748,0.2272090310070691,-0.0778850505167006,-0.0188851196898835,-0.1724762119725547,-0.4657640021353331
0.0,1.0,24.58387572369257,6.69248656074412,-5.0,5.0,26.0,BGD,1987,Bangladesh,Lower middle income,South Asia,1212483871.0,2842322581.0,0.0068354130264344,-0.0163172062980389,0.2544801529894314,-0.0815070862680277,-0.0295512981358748,-0.1731401126066928,-0.4241265414504795
0.0,1.0,24.607750996071378,6.713759556393754,-5.0,5.0,27.0,BGD,1988,Bangladesh,Lower middle income,South Asia,1442788415.0,3255865280.0,0.0032771217675639,-0.016677237859929,0.2780859596680631,-0.0798956956934045,-0.0342067063386654,-0.1632540103415611,-0.3597825189192346
0.0,1.0,24.635721957086837,6.7342337815544715,-5.0,5.0,28.0,BGD,1989,Bangladesh,Lower middle income,South Asia,1594548386.0,3679751008.0,0.0035148559610811,-0.016323878445036,0.2921233279675894,-0.0715000201430691,-0.0343965671207105,-0.1568473411577934,-0.3381811506325957
0.0,1.0,24.690420898208277,6.754137118441312,-5.0,5.0,29.0,BGD,1990,Bangladesh,Lower middle income,South Asia,1866929978.0,4126169962.0,0.004537666932582,-0.0165600456036975,0.2936841701793348,-0.0664298016633006,-0.0344720036614707,-0.1522413306139171,-0.3227730930221878
0.0,1.0,24.72467958832111,6.773243228069418,6.0,5.0,30.0,BGD,1991,Bangladesh,Lower middle income,South Asia,2062577031.0,3785238095.0,0.0058914458290843,-0.0157846159227229,0.2985525276956058,-0.0667187418685782,-0.0246610816277839,-0.1470547670872355,-0.2969838664583635
0.0,1.0,24.777676942698047,6.792091958678442,6.0,5.0,31.0,BGD,1992,Bangladesh,Lower middle income,South Asia,2405649867.0,3915198939.0,0.0081012629165217,-0.0114074232086965,0.3054213151927094,-0.0680519293749125,-0.0297308314062608,-0.1349659978252096,-0.204982308105912
0.0,1.0,24.823716295651288,6.810719681280096,6.0,5.0,32.0,BGD,1993,Bangladesh,Lower middle income,South Asia,2990714286.0,4677910053.0,0.008146677721856,-0.0127437498574207,0.3806476420103711,-0.0614258207716251,-0.0301300755537042,-0.1380786318505846,-0.1273589104713453
0.0,1.0,24.861879973820947,6.829261476751659,6.0,5.0,33.0,BGD,1994,Bangladesh,Lower middle income,South Asia,3039700748.0,4681795511.0,0.0082194136887064,-0.0160086411469692,0.4472042733747645,-0.046348567788543,-0.0293571826050525,-0.1342804788804957,-0.065955353738464
0.0,1.0,24.911824499042094,6.847844031959637,6.0,5.0,34.0,BGD,1995,Bangladesh,Lower middle income,South Asia,4122014925.0,6580597015.0,0.008037372517627,-0.0154715512012933,0.5520757042757003,-0.0424136687780915,-0.0345959934830269,-0.1253743088601517,0.0206640276545721
0.0,1.0,24.95606068305798,6.866124551483841,6.0,5.0,35.0,BGD,1996,Bangladesh,Lower middle income,South Asia,4507555012.0,7601784841.0,0.0066620153177282,-0.0154971891807576,0.6074984599199699,-0.038401542591393,-0.0362311637710381,-0.1227687503352699,0.0855509610439787
0.0,1.0,24.999980879571243,6.8846594604472955,6.0,5.0,36.0,BGD,1997,Bangladesh,Lower middle income,South Asia,5075480094.0,7625081967.0,0.004504332666261,-0.0151195426285363,0.57835250310166,-0.0382800928957342,-0.0366093680176333,-0.1202923780902135,0.1236599555595031
0.0,1.0,25.050455594310225,6.9035390743697915,6.0,5.0,37.0,BGD,1998,Bangladesh,Lower middle income,South Asia,5876850220.0,8058876652.0,0.0040722369774694,-0.0150964254088578,0.5777249084523375,-0.0392934339816763,-0.0373473310592886,-0.1175519105213138,0.1357074305789142
0.0,1.0,25.096099446113154,6.92253425196816,6.0,5.0,38.0,BGD,1999,Bangladesh,Lower middle income,South Asia,6028722962.0,8525935940.0,0.0039047353858333,-0.0149654796156689,0.5866014416927455,-0.035423529756554,-0.0379437722258252,-0.1170884722958236,0.1468067581591183
0.0,1.0,25.147678999347953,6.940807533173455,6.0,5.0,39.0,BGD,2000,Bangladesh,Lower middle income,South Asia,6588073942.0,9060862652.0,0.0030961862502077,-0.014701083802176,0.5788681086453769,-0.0329879244034573,-0.0381734218169397,-0.1169189416154658,0.1626624808880737
0.0,1.0,25.19720496680324,6.957476465805921,6.0,5.0,40.0,BGD,2001,Bangladesh,Lower middle income,South Asia,7227575982.0,10102557450.0,0.0027831370901968,-0.0137546115803529,0.6301973945304785,-0.0339325445642909,-0.0364062626959389,-0.1190904324103898,0.1306216221853599
0.0,1.0,25.234819813735477,6.972910529278179,6.0,5.0,41.0,BGD,2002,Bangladesh,Lower middle income,South Asia,6791241511.0,9060891520.0,0.0023534140380221,-0.0140235595926192,0.6683786488863939,-0.0327631637969053,-0.0375678408222619,-0.1213493959227248,0.1313661453006226
0.0,1.0,25.281126586363165,6.9874635818255335,6.0,5.0,42.0,BGD,2003,Bangladesh,Lower middle income,South Asia,6876856649.0,9761830743.0,0.0008903000198418,-0.0145547326952478,0.6745053284338447,-0.0370135274429932,-0.0406860560625756,-0.1081580888167009,0.1997451755597818
0.0,1.0,25.33219893429503,7.00107906084009,6.0,5.0,43.0,BGD,2004,Bangladesh,Lower middle income,South Asia,7257329710.0,10229675556.0,0.0002109259911551,-0.0104826925558852,0.7079698261893455,-0.041015151250842,-0.0474882491050056,-0.1037079508092293,0.3133328726753836
0.0,1.0,25.395505712959604,7.013685712805749,6.0,5.0,44.0,BGD,2005,Bangladesh,Lower middle income,South Asia,9999571015.0,13898043877.0,-8.20233571659784e-05,-0.0085597862368671,0.7823398287978356,-0.0384080323843852,-0.047789203617296,-0.1071781617079564,0.449076874476937
0.0,1.0,25.46009566492623,7.0252973905075216,6.0,5.0,45.0,BGD,2006,Bangladesh,Lower middle income,South Asia,11741089556.0,15621647159.0,-0.0001986388281282,-0.0077556277676253,0.8492318544006486,-0.0409285958329938,-0.0506837272594572,-0.1119810322064691,0.5896340482804645
0.0,1.0,25.528302758944207,7.036053815565972,-6.0,5.0,46.0,BGD,2007,Bangladesh,Lower middle income,South Asia,13530265640.0,18268522232.0,0.0001239439896561,-0.0053181204704622,0.9592541158712152,-0.0616916937750882,-0.0657115947798923,-0.1204233644900776,0.7862987310147448
0.0,1.0,25.586699583303613,7.046038221219074,-6.0,5.0,47.0,BGD,2008,Bangladesh,Lower middle income,South Asia,16182047683.0,22874478189.0,0.000199608678227,0.0049407904639729,1.0426576896458233,-0.0586527817236552,-0.0530017926948715,-0.1060116360930821,0.9610236639023564
0.0,0.0,25.635920722682464,7.0553571460684665,5.0,5.0,48.0,BGD,2009,Bangladesh,Lower middle income,South Asia,17359427993.0,23725728360.0,0.0001248824506983,-0.0124515544083974,1.0445736322565584,-0.0521368467205246,-0.0335833858417543,-0.1016393185049666,0.9463626463335711
0.0,0.0,25.690144278481085,7.064122451715964,5.0,5.0,49.0,BGD,2010,Bangladesh,Lower middle income,South Asia,18471882437.0,25105548607.0,0.000820129314373,-0.0108848465806691,1.0786204380258326,-0.039297975603263,-0.0370221442629154,-0.0984033778076604,0.977972941151025
0.0,0.0,25.752781764805956,7.07320771045257,5.0,5.0,50.0,BGD,2011,Bangladesh,Lower middle income,South Asia,25621279024.0,35365482040.0,0.0006605468771312,-0.0106736694150241,1.160590910197664,-0.0189079020786229,-0.0495111342966818,-0.1000590281792933,0.9814699699290014
0.0,0.0,25.815960265898227,7.082791269540186,5.0,5.0,51.0,BGD,2012,Bangladesh,Lower middle income,South Asia,26877564843.0,37259465952.0,0.0002410133660375,-0.007863544565545,1.204689616196407,-0.0040276272505018,-0.0525435176725352,-0.0983009378867469,1.0030161658063494
0.0,0.0,25.874352690649655,7.0921753531807346,4.0,5.0,52.0,BGD,2013,Bangladesh,Lower middle income,South Asia,29306607470.0,40137513944.0,0.0001986585399256,-0.0055985041016236,1.2280409036590227,0.0004534624874088,-0.0567835862357997,-0.0983613650397505,1.013424583349642
0.0,0.0,25.933199976858333,7.101287030258444,1.0,5.0,53.0,BGD,2014,Bangladesh,Lower middle income,South Asia,32830579730.0,44128305231.0,-7.277050692081606e-05,-0.004112075496857,1.2537110963467182,0.0042602356399821,-0.0703587833369621,-0.0988932551285292,1.0103461455995395
0.0,0.0,25.99667044167301,7.110225224368376,1.0,5.0,54.0,BGD,2015,Bangladesh,Lower middle income,South Asia,33831931004.0,48297463644.0,-0.0001821369120065,-0.0015093062612829,1.315489192438136,0.0104234593443776,-0.1064153907150897,-0.0977189699785885,1.0134377929252751
0.0,0.0,26.065389540431656,7.119149548212279,1.0,5.0,55.0,BGD,2016,Bangladesh,Lower middle income,South Asia,36922447162.0,46183400773.0,-0.0016925600709368,-0.0013514891826656,1.3445170415696217,0.0125264023044221,-0.1273837311202951,-0.0996246848983427,1.0146591482454077
0.0,0.0,26.129208153384774,7.127658722010177,1.0,5.0,56.0,BGD,2017,Bangladesh,Lower middle income,South Asia,37655756193.0,50463186692.0,-0.0016971333429905,-0.0015492122776352,1.3496274759086933,0.0125008838210276,-0.1309340626133525,-0.099329834937353,1.0169352893526784
0.0,0.0,26.199850720429087,7.135868273335152,-6.0,5.0,57.0,BGD,2018,Bangladesh,Lower middle income,South Asia,40732047404.0,63757868051.0,-0.0014302402743183,-0.0014833939171307,1.3989714476923203,0.0166217062449018,-0.1279688459741517,-0.0991209821726056,1.0337939864915997
0.0,0.0,23.99304808554536,3.9189051665358456,6.0,7.0,31.0,BLR,1992,Belarus,Upper middle income,Europe & Central Asia,10127048426.0,9758792119.0,0.1009735908890516,0.0043773816136883,-0.2710447669674987,-0.0238884953710011,-0.0117434542709438,-0.0054329788130872,-0.2408863784184317
0.0,1.0,23.914004858265123,3.921290303067229,6.0,7.0,32.0,BLR,1993,Belarus,Upper middle income,Europe & Central Asia,11004262913.0,13565315092.0,0.1003717228934929,-0.0150535565554852,-0.3177755327841724,-0.0057010234552856,-0.0133009663530761,-0.0041022143533893,-0.1590151716698571
0.0,1.0,23.789574735760336,3.920177347428715,8.0,7.0,33.0,BLR,1994,Belarus,Upper middle income,Europe & Central Asia,10641574225.0,12558249213.0,0.0912947213599051,-0.0046324329649206,-0.4873329448880454,0.0021460399612953,0.0060910139205885,-0.0033392597001112,-0.1381232661791931
0.0,1.0,23.679759864261417,3.916982491222244,0.0,7.0,34.0,BLR,1995,Belarus,Upper middle income,Europe & Central Asia,6939556172.0,7552658680.0,0.0796274697401055,-0.0056433092230005,-0.5888240382109814,0.0067800983676168,-0.023883373408257,0.003731904551569,-0.0378071644912217
0.0,1.0,23.707375076534575,3.913684790498174,-7.0,7.0,35.0,BLR,1996,Belarus,Upper middle income,Europe & Central Asia,6720924332.0,7311859546.0,0.0699012637203253,-0.0015757379178988,-0.5458601368877078,0.0148518545274935,-0.0290051119135234,0.0037265798098955,0.0150619599980719
0.0,1.0,23.815332266543887,3.9095238164553936,-7.0,7.0,36.0,BLR,1997,Belarus,Upper middle income,Europe & Central Asia,8457248498.0,9276190109.0,0.0500416699695283,0.0009954444636383,-0.3015868995546485,0.0168547032802658,-0.0241935899681944,0.0262065489245508,0.1744375003642455
0.0,1.0,23.895990090421517,3.905147642595231,-7.0,7.0,37.0,BLR,1998,Belarus,Upper middle income,Europe & Central Asia,8988770378.0,9727865938.0,0.0426823455369355,-0.0202826356396994,-0.2442669850327869,0.0130550254315311,-0.0249277044515818,0.0360250417658298,0.1866711550440671
0.0,0.0,23.92942485841744,3.9006177630122485,-7.0,7.0,38.0,BLR,1999,Belarus,Upper middle income,Europe & Central Asia,7186389619.0,7481164885.0,0.0417463853822504,0.0092026412226111,-0.1761686872412055,0.0103991767481181,-0.0232190189713239,0.0456421109651793,0.2094123227635811
0.0,0.0,23.985805224341735,3.895842360192452,-7.0,7.0,39.0,BLR,2000,Belarus,Upper middle income,Europe & Central Asia,8815283224.0,9221273499.0,0.0318427773292173,0.0095448260567241,-0.1163804429922969,0.0080344513164102,-0.019116652217881,0.0481966886422014,0.2146473125433915
0.0,0.0,24.03197582707273,3.8907324127002685,-7.0,7.0,40.0,BLR,2001,Belarus,Upper middle income,Europe & Central Asia,8246546763.0,8685107914.0,0.0286781324420746,0.0096771988677521,-0.1077223986140274,0.0102427600863767,-0.0184638297780515,0.0481671451093255,0.231617446076488
0.0,0.0,24.081197017189876,3.884440707214987,-7.0,7.0,41.0,BLR,2002,Belarus,Upper middle income,Europe & Central Asia,9286372926.0,9833247716.0,0.0246349848039988,0.0099025640142113,-0.0953286509557579,0.0102885761184267,-0.016639079262465,0.0516272186430833,0.2569441233461675
0.0,0.0,24.14925925300519,3.8774574062872587,-7.0,7.0,42.0,BLR,2003,Belarus,Upper middle income,Europe & Central Asia,11614414485.0,12296967245.0,0.015328918809128,0.0090294886870755,-0.0166429199114806,0.0152783123874004,-0.0194917714190172,0.0687649254507143,0.3912342002759432
0.0,0.0,24.25766282180123,3.870689946795205,-7.0,7.0,43.0,BLR,2004,Belarus,Upper middle income,Europe & Central Asia,15709960838.0,17182653940.0,0.0116968455620937,0.0083986335425545,0.0351160647383014,0.0131647153412598,-0.0263235346984021,0.0696514817535427,0.5339965585089803
0.0,0.0,24.347503539741393,3.8637711441377185,-7.0,7.0,44.0,BLR,2005,Belarus,Upper middle income,Europe & Central Asia,18064972932.0,17850098894.0,0.0110037265348291,0.0023059699307405,0.0379904882360003,0.0075164718358143,-0.03588541422067,0.0578350720044606,0.6393801569065406
1.0,1.0,24.44281367239418,3.857298201931395,-7.0,7.0,45.0,BLR,2006,Belarus,Upper middle income,Europe & Central Asia,22199798560.0,23742026336.0,-0.0703653842894563,0.0010113344707106,0.0150902595432032,-0.0205211236932403,-0.0505799631869181,0.0361433717400589,1.0351989749306458
1.0,0.0,24.52531495408112,3.852724511814885,-7.0,7.0,46.0,BLR,2007,Belarus,Upper middle income,Europe & Central Asia,27592401029.0,30430179676.0,-0.0545863912399845,0.0098690962402543,-0.1250180026465032,0.0066998335066647,-0.0381677469190973,0.0517308923889288,1.2993771212068324
1.0,0.0,24.622441659736335,3.8492654329263383,-7.0,7.0,47.0,BLR,2008,Belarus,Upper middle income,Europe & Central Asia,37020969856.0,41713443175.0,-0.0221235012563987,0.0007502754723679,0.5045865423877666,0.0655703488971734,-0.0284443525246865,0.0752400231405411,1.0435994147517975
1.0,1.0,24.624439615593673,3.8468259925457997,-7.0,7.0,48.0,BLR,2009,Belarus,Upper middle income,Europe & Central Asia,24865004207.0,30401389162.0,-0.0220010654824908,-0.0010119830277977,0.4941065240206643,0.0659071562371444,-0.0289340635732191,0.0720709817424721,1.070619464418206
1.0,0.0,24.699531010235084,3.8446210509756016,-7.0,7.0,49.0,BLR,2010,Belarus,Upper middle income,Europe & Central Asia,29401680706.0,36940382943.0,-0.0220540491399622,0.0007689288216868,0.4989313327730052,0.0645328750728975,-0.0289301196230885,0.0703163098047723,1.0745783078572824
1.0,0.0,24.751921423338313,3.8422387947005876,-7.0,7.0,50.0,BLR,2011,Belarus,Upper middle income,Europe & Central Asia,48462076577.0,49106586822.0,-0.0226489550090231,0.0003011713285544,0.5135891488482194,0.0615820408980738,-0.0293550338492987,0.0650569643519777,1.0732557608003477
1.0,0.0,24.768652038174785,3.840726831232062,-7.0,7.0,51.0,BLR,2012,Belarus,Upper middle income,Europe & Central Asia,51745313006.0,48810109273.0,-0.0227472068276916,0.0002671908956732,0.5172279167903701,0.0598316231134136,-0.0294748726632891,0.0652802033353706,1.0754699963580936
1.0,1.0,24.778636733196564,3.840298675187638,-7.0,7.0,52.0,BLR,2013,Belarus,Upper middle income,Europe & Central Asia,44057927602.0,46436146193.0,-0.0223973880122792,0.0002504516036511,0.512838972152599,0.0601513340783387,-0.0298287540220501,0.0619687139111468,1.0842096882235417
1.0,1.0,24.79575325470456,3.840539900095342,-7.0,7.0,53.0,BLR,2014,Belarus,Upper middle income,Europe & Central Asia,43300691503.0,43907092067.0,-0.022417540543918,0.0001061570190356,0.5210213190401097,0.0596952144636347,-0.0306671190308732,0.0613767510838421,1.078078235903117
1.0,1.0,24.756704992882682,3.8418437988810905,-7.0,7.0,54.0,BLR,2015,Belarus,Upper middle income,Europe & Central Asia,32749844751.0,32689603598.0,-0.0223448315000272,0.0002449551237062,0.5052639532890157,0.0601121510320587,-0.0295632317271299,0.0613695152488838,1.0852806917973798
1.0,1.0,24.731115902609538,3.842671744441635,-7.0,7.0,55.0,BLR,2016,Belarus,Upper middle income,Europe & Central Asia,29831676604.0,29922651356.0,-0.022021952351562,-0.0006857884629999,0.4857414089487742,0.0600708557541573,-0.0295312963895624,0.0619760353213763,1.0997703679848103
1.0,1.0,24.75612245128397,3.841573921249397,-7.0,7.0,56.0,BLR,2017,Belarus,Upper middle income,Europe & Central Asia,36550879710.0,36435165204.0,-0.0223607759330251,0.000288058386438,0.5046524258403136,0.0600991107814613,-0.0300139436703115,0.0612499017496105,1.0864484261093992
1.0,1.0,24.78712872576134,3.839475091258606,-7.0,7.0,57.0,BLR,2018,Belarus,Upper middle income,Europe & Central Asia,42294886946.0,41384603908.0,-0.0224480286182927,0.0001339623496299,0.5136965633408547,0.0595790265095714,-0.0305747342296864,0.0594147242614227,1.0780300464493258
0.0,0.0,22.297390763824634,1.24937630106279,4.0,8.0,0.0,BOL,1961,Bolivia,Lower middle income,Latin America & Caribbean,67255892.26,95707070.71,0.0025146759891367,-0.0004599813549955,-1.8810108969211816,-0.1702729154401836,0.0081398790325604,-0.0626559061895638,-1.8009756506264558
0.0,0.0,22.351679287674038,1.2700055527683993,4.0,8.0,1.0,BOL,1962,Bolivia,Lower middle income,Latin America & Caribbean,67929292.93,114814814.8,0.0024856307140986,-0.0005401819609079,-1.8178275220820808,-0.1847908906215704,-0.0007886595727051,-0.0635627471798404,-1.7734990641121031
0.0,0.0,22.417444797439337,1.2908928588958006,4.0,8.0,2.0,BOL,1963,Bolivia,Lower middle income,Latin America & Caribbean,81986531.99,127188552.2,0.0023440055627209,-0.0009687475763594,-1.7523693316285214,-0.1926350252608427,-0.0040828022251017,-0.0641643690137005,-1.748107812350704
0.0,0.0,22.456248082533378,1.3120149606193232,-4.0,8.0,3.0,BOL,1964,Bolivia,Lower middle income,Latin America & Caribbean,110437710.4,127693602.7,0.002392234106046,-0.0009732897496004,-1.731500045131812,-0.1729102710781851,-0.0148705976963065,-0.063555096797541,-1.698108475912212
0.0,0.0,22.504213544314457,1.3333614543549328,-4.0,8.0,4.0,BOL,1965,Bolivia,Lower middle income,Latin America & Caribbean,129713804.7,161279461.3,0.0023060114991528,-0.000866143047793,-1.661294845132231,-0.1469475256106295,-0.0189973119882732,-0.0632108882164766,-1.6807000893208874
0.0,0.0,22.57346521917313,1.3549654386870853,-4.0,8.0,5.0,BOL,1966,Bolivia,Lower middle income,Latin America & Caribbean,142255892.3,177188552.2,0.0019998579643975,-0.0019362265212321,-1.4090543358318046,-0.1261961271518612,-0.019333552552989,-0.0629441353726441,-1.7434638805328098
0.0,0.0,22.634722295275083,1.3768741491713632,-4.0,8.0,6.0,BOL,1967,Bolivia,Lower middle income,Latin America & Caribbean,170033670.0,196632996.6,0.0016856843216916,-0.0013025087781806,-1.127767915624876,-0.0926736524731784,-0.0154837756212265,-0.0320986527355119,-1.8791812263836565
0.0,0.0,22.7165736102891,1.3990767134080808,-4.0,8.0,7.0,BOL,1968,Bolivia,Lower middle income,Latin America & Caribbean,169696969.7,206228956.2,0.0016032526715544,-0.0013905214296344,-1.0808026706923954,-0.079378749118644,-0.0149833133270469,-0.0288019074266168,-1.8767339825166975
0.0,0.0,22.76034259253153,1.4214469223317299,-4.0,8.0,8.0,BOL,1969,Bolivia,Lower middle income,Latin America & Caribbean,189814814.8,216161616.2,0.0013482385031784,-0.001292651089496,-1.0966990090788988,-0.0786083739548268,-0.0169318033937797,-0.030315214450427,-1.853784721919612
0.0,0.0,22.81133061876414,1.4438702647849442,-5.0,8.0,9.0,BOL,1970,Bolivia,Lower middle income,Latin America & Caribbean,250168350.2,247727272.7,0.001138180216157,-0.000924119495102,-1.111294017419258,-0.099604749444165,-0.0340358792234011,-0.0408318746001546,-1.733234893011034
0.0,0.0,22.86072380523322,1.4663460158303254,-7.0,8.0,10.0,BOL,1971,Bolivia,Lower middle income,Latin America & Caribbean,234343434.3,267340067.3,0.0011670044655144,-0.0008756967943261,-1.0704993734747923,-0.1053485303844246,-0.0147720652199396,-0.050311005184011,-1.6147637876065597
0.0,0.0,22.937383738166538,1.4888077091148262,-7.0,8.0,11.0,BOL,1972,Bolivia,Lower middle income,Latin America & Caribbean,265513350.9,302068446.8,0.0010766407181546,-0.0015280169867402,-1.045608581892128,-0.0978761713853505,-0.0164065040669941,-0.0524223424849868,-1.5372164146854506
0.0,0.0,22.993188873325018,1.5113027361420759,-7.0,8.0,12.0,BOL,1973,Bolivia,Lower middle income,Latin America & Caribbean,350024987.5,357671164.4,0.0010310017548026,-0.0020728298397828,-1.0971783418654173,-0.0764043041761821,-0.019874393123162,-0.0547224758565144,-1.3314878377035058
0.0,1.0,23.022160783115844,1.5339109021680268,-7.0,8.0,13.0,BOL,1974,Bolivia,Lower middle income,Latin America & Caribbean,741229385.3,562818590.7,-0.0004791115155865,0.0032471555763066,-1.0883330058714016,-0.0357307962026134,-0.0448880906890498,-0.0581098835814048,-0.9593918961276076
0.0,1.0,23.09272192306158,1.5565622330513085,-7.0,8.0,14.0,BOL,1975,Bolivia,Lower middle income,Latin America & Caribbean,623738130.9,774712643.7,-0.0001812985379331,0.0027983095592523,-1.0413717453979607,-0.0203914685814404,-0.0469767409124594,-0.0528621639964933,-0.8717102044046695
0.0,1.0,23.137834547477826,1.5794527070256457,-7.0,8.0,15.0,BOL,1976,Bolivia,Lower middle income,Latin America & Caribbean,756121939.0,816491754.1,7.463389299776585e-05,0.0021898327714596,-0.8071413842613585,-0.028491461798334,-0.0298013771105936,-0.0379424081030577,-0.7377028818587869
0.0,1.0,23.186350537434212,1.602521405651225,-7.0,8.0,16.0,BOL,1977,Bolivia,Lower middle income,Latin America & Caribbean,864117941.0,956771614.2,0.0002161401405186,0.0006296440794214,-0.7178943344757284,-0.0288642110745942,-0.0290792974080846,-0.0374677592484796,-0.6385064502552454
0.0,1.0,23.206669644782938,1.6254855097941172,-4.0,8.0,17.0,BOL,1978,Bolivia,Lower middle income,Latin America & Caribbean,849175412.3,1131534233.0,0.0001781306044381,-0.0018262775590822,-0.7185236863030868,-0.0291854091940041,-0.0321728958968248,-0.0373636941786326,-0.5667697358490279
0.0,1.0,23.208002196985934,1.6482482921813741,-4.0,8.0,18.0,BOL,1979,Bolivia,Lower middle income,Latin America & Caribbean,1068844960.0,1211272668.0,0.0003402242565882,-0.0026731240819411,-0.7787936073527498,-0.0302405723622614,-0.0329834194634522,-0.0381191303711293,-0.4383132360450802
0.0,1.0,23.19418951041631,1.6707345463292413,-7.0,8.0,19.0,BOL,1980,Bolivia,Lower middle income,Latin America & Caribbean,1112928222.0,1011215334.0,0.000574149114427,-0.0025240509722737,-0.8487473123124148,-0.0337688227624865,-0.0326887673126138,-0.0401604317785654,-0.3638061883724015
0.0,1.0,23.196941882921454,1.6929229555436531,-7.0,8.0,20.0,BOL,1981,Bolivia,Lower middle income,Latin America & Caribbean,1370758564.0,1352324633.0,0.0005190834176068,-0.0021814295265508,-0.8611422511593066,-0.0349616477167228,-0.0326699337905175,-0.0416069105043154,-0.3464322533056386
0.0,1.0,23.156757831474156,1.7147576629210384,7.0,8.0,21.0,BOL,1982,Bolivia,Lower middle income,Latin America & Caribbean,1625898083.0,1644892438.0,0.0007410838211062,-0.0021128779985108,-0.9293289998906188,-0.0309031308916769,-0.0319113826031617,-0.0425705263291179,-0.3479609769092361
0.0,1.0,23.115496976055958,1.7362872866654167,7.0,8.0,22.0,BOL,1983,Bolivia,Lower middle income,Latin America & Caribbean,1535522169.0,1303553080.0,-0.0004878571195478,-0.0012369323044567,-1.0333888987297923,-0.0182775134835371,-0.0311824124691096,-0.0482612084557196,-0.3917029023334573
0.0,1.0,23.113488303086935,1.7576554505055804,7.0,8.0,23.0,BOL,1984,Bolivia,Lower middle income,Latin America & Caribbean,1459382832.0,1592952389.0,-0.0005001977618968,-0.0012216939056582,-1.0313717210369289,-0.0182600432449055,-0.0310125438182273,-0.0472057480142178,-0.3875557856140314
0.0,1.0,23.096582300708086,1.7788117663200929,9.0,8.0,24.0,BOL,1985,Bolivia,Lower middle income,Latin America & Caribbean,1024367606.0,1228323633.0,5.130596712244127e-05,-0.0010562348264942,-1.1911184578372955,-0.0103045876184422,0.0081313827618509,-0.0596049099860694,-0.4750793132296508
0.0,1.0,23.07050641877508,1.799831513277073,9.0,8.0,25.0,BOL,1986,Bolivia,Lower middle income,Latin America & Caribbean,844299281.0,1017852210.0,2.008186770382951e-06,-0.001081897698298,-1.2400344487541788,-0.0141671823642211,0.0074522163037228,-0.0680912161618355,-0.4855911678754304
0.0,1.0,23.09484272032016,1.820925052907177,9.0,8.0,26.0,BOL,1987,Bolivia,Lower middle income,Latin America & Caribbean,853524498.1,1043169567.0,0.000398760921562,-0.0012353593390125,-1.2327258146000073,-0.0128377900320182,0.012171992895942,-0.0613305035964596,-0.4386814501496665
0.0,1.0,23.123522475706185,1.842118852798291,9.0,8.0,27.0,BOL,1988,Bolivia,Lower middle income,Latin America & Caribbean,862854457.8,1063832558.0,-0.000362964922365,-0.0013872180595895,-1.1185599828743804,-0.0237178546343911,0.0147898600081179,-0.048417019478705,-0.331330069563459
0.0,1.0,23.1607231785282,1.8632899554455273,9.0,8.0,28.0,BOL,1989,Bolivia,Lower middle income,Latin America & Caribbean,1061009896.0,1092052947.0,0.0008793011381573,-0.0023704162159918,-1.0265991149533469,-0.0351023308880116,0.0143561723138532,-0.0438642526381892,-0.2812131508559638
0.0,0.0,23.20603862166286,1.884319212167533,9.0,8.0,29.0,BOL,1990,Bolivia,Lower middle income,Latin America & Caribbean,1108688419.0,1164631950.0,0.0016576546412836,0.0017934660486546,-0.967537873027001,-0.0348455528972334,0.0172727900982944,-0.0424199171968025,-0.263901368069612
0.0,0.0,23.257363918877143,1.9051586212486495,9.0,8.0,30.0,BOL,1991,Bolivia,Lower middle income,Latin America & Caribbean,1147697877.0,1440843957.0,0.0080788713341894,0.0023399968435246,-0.9021939459526414,-0.0350658098396181,0.0277135827228498,-0.0402640593261355,-0.2247752832625758
0.0,0.0,23.273694822595658,1.925559141820622,9.0,8.0,31.0,BOL,1992,Bolivia,Lower middle income,Latin America & Caribbean,1131356484.0,1640395876.0,0.0094446321021004,0.0022013651269517,-0.9319780612606922,-0.03456749532603,0.0316715068494819,-0.0392108225188433,-0.1524041081309266
0.0,0.0,23.315501574831426,1.9453950555602908,9.0,8.0,32.0,BOL,1993,Bolivia,Lower middle income,Latin America & Caribbean,1094224544.0,1627872470.0,0.0094120281570517,0.0020997005520158,-0.940376674180548,-0.0338440623638402,0.0349052052801298,-0.0388955898705168,-0.1096747804920052
0.0,0.0,23.361117803617834,1.9647504221206413,9.0,8.0,33.0,BOL,1994,Bolivia,Lower middle income,Latin America & Caribbean,1295730954.0,1626745405.0,0.0096213055508562,0.0022659453146151,-0.9262512649839466,-0.0336796409360431,0.0370460829914038,-0.0384338818317224,-0.0898573704051651
0.0,0.0,23.406839231605428,1.9836401030901711,9.0,8.0,34.0,BOL,1995,Bolivia,Lower middle income,Latin America & Caribbean,1514364435.0,1825621841.0,0.0092291843221853,0.0023678088570819,-0.935973504905111,-0.0391669146261805,0.0385750013608144,-0.037588602733994,-0.0564525695993242
0.0,0.0,23.44952836468939,2.0021429193495877,9.0,8.0,35.0,BOL,1996,Bolivia,Lower middle income,Latin America & Caribbean,1670369478.0,2017475031.0,0.0070395625370364,0.0022838876065972,-0.919620188944244,-0.0479604075681149,0.0466947827614249,-0.0336354522994265,-0.0077907759008624
0.0,0.0,23.497882326500704,2.020199899941382,9.0,8.0,36.0,BOL,1997,Bolivia,Lower middle income,Latin America & Caribbean,1673170826.0,2326921822.0,0.0118074392842734,0.0027452033067542,-0.8469590979384023,-0.0692216323858637,0.061872978730996,-0.0270853913422907,0.0640003210429916
0.0,0.0,23.546952020687236,2.0378560110786235,9.0,8.0,37.0,BOL,1998,Bolivia,Lower middle income,Latin America & Caribbean,1673894695.0,2768694331.0,0.0097683420050796,0.0029345483162283,-0.8294136146203355,-0.0877618862331982,0.0630420646701186,-0.0234666513781934,0.0792376370208176
0.0,0.0,23.551211789208327,2.0553143039162425,9.0,8.0,38.0,BOL,1999,Bolivia,Lower middle income,Latin America & Caribbean,1398593388.0,2260775121.0,0.0096470022202783,0.0029028291030596,-0.8355092090560691,-0.0947443097019134,0.0633961292500795,-0.0230158166824029,0.0768999868630344
0.0,0.0,23.57598060192573,2.072485576325005,9.0,8.0,39.0,BOL,2000,Bolivia,Lower middle income,Latin America & Caribbean,1534686673.0,2294548577.0,0.0062095352450626,0.0025347757062085,-0.8353921721757,-0.112816004741435,0.068450922266033,-0.0275723144607814,0.0881632427214302
0.0,0.0,23.5926784056598,2.0893543991823718,9.0,8.0,40.0,BOL,2001,Bolivia,Lower middle income,Latin America & Caribbean,1626035911.0,2056194909.0,0.0063238042676772,0.0024801452887634,-0.836026387285936,-0.1188900786874017,0.0764344981569968,-0.0266138545021654,0.1012910023306898
0.0,0.0,23.61723018630638,2.106079225660082,9.0,8.0,41.0,BOL,2002,Bolivia,Lower middle income,Latin America & Caribbean,1710308633.0,2191068870.0,0.0055070099416782,0.0023301569829356,-0.8137631019967252,-0.125865150972581,0.0923413087731208,-0.0238818166947677,0.117055946361323
0.0,0.0,23.64398252823936,2.122830164829043,8.0,8.0,42.0,BOL,2003,Bolivia,Lower middle income,Latin America & Caribbean,2069153669.0,2131094556.0,0.0033559240699243,0.001027057022039,-0.8226020993312962,-0.1039884381724405,-0.006152005754411,-0.0089870921560948,0.1165420831937756
0.0,0.0,23.6848681583985,2.139657415852686,8.0,8.0,43.0,BOL,2004,Bolivia,Lower middle income,Latin America & Caribbean,2731911668.0,2309687991.0,0.0027402410880982,-0.0007168941411317,-0.8643479226346554,-0.1122041527230112,-0.0105160991740696,-0.0018968111050108,0.2000424484003073
0.0,0.0,23.72813292495005,2.1565139048601765,8.0,8.0,44.0,BOL,2005,Bolivia,Lower middle income,Latin America & Caribbean,3394535859.0,3064676257.0,0.0030533711242823,-0.0034067824059315,-0.8589668662684452,-0.1032143164359843,-0.0143853813682326,0.0018981511564924,0.2829334429961766
0.0,0.0,23.774987968656138,2.173560311013755,8.0,8.0,45.0,BOL,2006,Bolivia,Lower middle income,Latin America & Caribbean,4783631931.0,3752326865.0,0.0030502320188124,-0.0065774439036692,-0.6544326072036167,-0.0968523803165288,-0.0301464836768369,-0.0113192328574021,0.5205813742227813
0.0,0.0,23.81962078177274,2.190665476387299,8.0,8.0,46.0,BOL,2007,Bolivia,Lower middle income,Latin America & Caribbean,5483635309.0,4495769626.0,0.0040835736288608,-0.0090233250344372,-0.5531722449557427,-0.0673414102741742,-0.0348510997979817,-0.0293630062811341,0.7148111714352978
0.0,0.0,23.879289632842656,2.2075466200640648,8.0,8.0,47.0,BOL,2008,Bolivia,Lower middle income,Latin America & Caribbean,7487843217.0,6329632797.0,0.0038672607377241,-0.0117412261062751,-0.466104256308701,-0.0458048812944242,-0.0282005984622417,-0.0292924561378855,0.8794799361148418
0.0,0.0,23.91230845760669,2.2241993320424585,7.0,8.0,48.0,BOL,2009,Bolivia,Lower middle income,Latin America & Caribbean,6194300356.0,5705628903.0,0.004080451491348,-0.0089814737955181,-0.4320404360236211,-0.0246124167757553,-0.0633826397153353,-0.0281986244954867,0.8561561776329619
0.0,0.0,23.952746915465948,2.24064340027038,7.0,8.0,49.0,BOL,2010,Bolivia,Lower middle income,Latin America & Caribbean,8093221340.0,6744604596.0,0.0042660376922579,-0.0084733757370156,-0.3724146304725836,-0.0235343113987509,-0.0542549781153361,-0.0264365496529906,0.8961852218848779
1.0,0.0,24.00347893056965,2.25687109817042,7.0,8.0,50.0,BOL,2011,Bolivia,Lower middle income,Latin America & Caribbean,10565767133.0,9199145865.0,-0.042432769719568,-0.0083002460945994,-0.3339182847125564,-0.0008032509640718,-0.0472554362920365,-0.0194189007659206,1.00714159490267
1.0,0.0,24.053432946529853,2.2728676157202843,7.0,8.0,51.0,BOL,2012,Bolivia,Lower middle income,Latin America & Caribbean,12774727337.0,10233217742.0,-0.04169488382629,-0.0060707887995523,-0.3054579681175242,0.0064333298236118,-0.0446302547401809,-0.0167438409676084,1.0219486640058262
1.0,0.0,24.119183340182754,2.2886050605324213,7.0,8.0,52.0,BOL,2013,Bolivia,Lower middle income,Latin America & Caribbean,13518462721.0,11386396498.0,-0.0426862384254434,-0.0027137606093537,-0.3801399973435212,0.0079031686455202,-0.0424404815414093,-0.014566905076198,1.115352735420151
1.0,0.0,24.172350288507925,2.3040506485426873,7.0,8.0,53.0,BOL,2014,Bolivia,Lower middle income,Latin America & Caribbean,14285068712.0,13848955977.0,-0.0415046393377092,-0.0035480340940845,-0.2707272860222717,0.0090098725550526,-0.0436000829471085,-0.0133706066837556,1.0143013476810854
1.0,0.0,24.219779405909996,2.3192192599385337,7.0,8.0,54.0,BOL,2015,Bolivia,Lower middle income,Latin America & Caribbean,10186598886.0,12231374703.0,-0.0343681659466146,-0.0037121374575694,-0.2421990203969145,0.0089941221687108,-0.0437354026264305,-0.0133201592538523,0.9850971743158262
1.0,0.0,24.261534604913642,2.3341163186319074,7.0,8.0,55.0,BOL,2016,Bolivia,Lower middle income,Latin America & Caribbean,8311504863.0,10831641433.0,-0.0328467595929256,-0.0033472282180154,-0.2288644449047221,0.0075639921544952,-0.0448432050834154,-0.013862184056553,0.9758318418855672
1.0,0.0,24.30263054240182,2.3487287754608577,7.0,8.0,56.0,BOL,2017,Bolivia,Lower middle income,Latin America & Caribbean,8973701187.0,11958240289.0,-0.0295275443454096,-0.002900448590152,-0.2094059759226984,0.0076265399670161,-0.0466629612490538,-0.0133595056430047,0.9817851967347498
1.0,0.0,24.343999173190632,2.363062485149196,7.0,8.0,57.0,BOL,2018,Bolivia,Lower middle income,Latin America & Caribbean,9854706136.0,12864160304.0,-0.0289517265679736,-0.0028851181273073,-0.1984441611615094,0.0064377321161665,-0.0450306435082935,-0.0083171056340344,0.9955527911774684
0.0,0.0,26.044674534717846,2.1889776063615645,5.0,9.0,0.0,BRA,1961,Brazil,Upper middle income,Latin America & Caribbean,1109152823.0,1118302726.0,0.0016005443541284,-0.0055489493177104,1.1467784542116244,-0.0684722712913397,-0.027899174792242,-0.1000953661021315,-2.4379322460310138
0.0,0.0,26.108586247116023,2.218818924251786,5.0,9.0,1.0,BRA,1962,Brazil,Upper middle income,Latin America & Caribbean,770900519.7,1033970196.0,0.0016292447482946,-0.0055669515411198,1.1532941286128773,-0.0653650340348674,-0.0294110247232214,-0.0997109684002549,-2.4352923958392427
0.0,0.0,26.114567954310676,2.2482887042502435,3.0,9.0,2.0,BRA,1963,Brazil,Upper middle income,Latin America & Caribbean,2080325262.0,2097486801.0,0.0016461904354151,-0.0054445521222945,1.1526609025739885,-0.0655538038162927,-0.0264929735269828,-0.0992400493810387,-2.424715851800666
0.0,0.0,26.148004378323826,2.2772271575379928,-3.0,9.0,3.0,BRA,1964,Brazil,Upper middle income,Latin America & Caribbean,1354466135.0,1204326396.0,0.0019812909760038,-0.005412967520637,1.1464279258527004,-0.0627759738552292,-0.0321595195808278,-0.0951500243774088,-2.4135324095473893
0.0,0.0,26.17172155898892,2.3054068919718813,-9.0,9.0,4.0,BRA,1965,Brazil,Upper middle income,Latin America & Caribbean,1685625122.0,1210637974.0,0.0019835274370835,-0.0052574342630019,1.154775054745911,-0.0622703781987745,-0.0151091164019209,-0.0969650957453841,-2.397809005794573
0.0,0.0,26.23657360805227,2.3327305241060965,-9.0,9.0,5.0,BRA,1966,Brazil,Upper middle income,Latin America & Caribbean,1846958712.0,1621508461.0,0.0019332115494779,-0.0048229164552272,1.1879263566442095,-0.0526024013617139,-0.0153166798409816,-0.0914198030097318,-2.352797839253496
0.0,0.0,26.277712687433123,2.3591576839399324,-9.0,9.0,6.0,BRA,1967,Brazil,Upper middle income,Latin America & Caribbean,1764834055.0,1764834055.0,0.0019947142594058,-0.0044607912160986,1.216231621858217,-0.0370239162395423,-0.0129511597173723,-0.0909683648046554,-2.3347894953581
0.0,0.0,26.37120432763874,2.3847760251187142,-9.0,9.0,7.0,BRA,1968,Brazil,Upper middle income,Latin America & Caribbean,2032731103.0,2239326015.0,0.002279967272438,-0.003676764112437,1.2933609315497598,-0.0146407349886732,-0.0169139467089776,-0.0878044220791968,-2.257580685143769
0.0,0.0,26.461958465579055,2.4098556837963394,-9.0,9.0,8.0,BRA,1969,Brazil,Upper middle income,Latin America & Caribbean,2479930322.0,2454948720.0,0.0021176644856636,-0.0028934924017859,1.3911455878204315,-0.0179340316987775,-0.019130283127123,-0.0834757005719018,-2.2650398665790465
0.0,0.0,26.560900069571343,2.434587401039374,-9.0,9.0,9.0,BRA,1970,Brazil,Upper middle income,Latin America & Caribbean,2975391707.0,3153304260.0,0.0023005396458484,-0.0007947726568675,1.5073119674851827,-0.0070874566829026,-0.0341194153237676,-0.0800446621507448,-2.114772737814511
0.0,0.0,26.66834345480121,2.4590675392824926,-9.0,9.0,10.0,BRA,1971,Brazil,Upper middle income,Latin America & Caribbean,3155632739.0,4004245614.0,0.00255716254837,-0.0002807626231128,1.6398024727247704,0.0077425955715697,-0.0360593659704459,-0.0659000951439596,-2.058606761343974
0.0,0.0,26.781138250626555,2.4834011654482637,-9.0,9.0,11.0,BRA,1972,Brazil,Upper middle income,Latin America & Caribbean,4249449496.0,5177234172.0,0.0019064232199979,-0.0007048914736866,1.7167081578100667,0.0195646113046385,-0.0318076897768737,-0.0624273340069435,-1.9818702373112889
0.0,0.0,26.91189334368915,2.507611531238556,-9.0,9.0,12.0,BRA,1973,Brazil,Upper middle income,Latin America & Caribbean,6557708238.0,7532763885.0,0.001709742395812,-0.0014512571757153,1.893324454870575,0.020552654135203,-0.0245104426637415,-0.0552761588895135,-1.6961072236907098
0.0,0.0,26.990278512053187,2.53157811872599,-4.0,9.0,13.0,BRA,1974,Brazil,Upper middle income,Latin America & Caribbean,8424673828.0,14596797400.0,0.0024675695890808,-0.0011664910935403,2.0088020124236627,0.0394843700560458,-0.0147487062235872,-0.0489244069292352,-1.2347507661977142
0.0,0.0,27.040654325363036,2.555366547887226,-4.0,9.0,14.0,BRA,1975,Brazil,Upper middle income,Latin America & Caribbean,9325921437.0,14233481673.0,0.0036004431043706,0.0005493293015218,2.0277649802153386,0.0557211679396854,-0.0150905795676752,-0.0505921493199871,-1.1350870148878065
0.0,0.0,27.138298964293565,2.5791821096057035,-4.0,9.0,15.0,BRA,1976,Brazil,Upper middle income,Latin America & Caribbean,10741988183.0,14401534168.0,0.0040826816494426,-0.0003082310572162,2.12649905763271,0.0561881977025739,-0.0130363673803866,-0.0484894178538718,-1.1832366140673327
0.0,1.0,27.186463766414253,2.6030476843181023,-4.0,9.0,16.0,BRA,1977,Brazil,Upper middle income,Latin America & Caribbean,12776590679.0,13948797700.0,0.0036330901515379,-0.0026597796369772,2.189795727810113,0.0494531414223541,-0.0148047707655394,-0.0408362049606677,-1.234388240070602
1.0,1.0,27.23496807502378,2.6269081903608518,-4.0,9.0,17.0,BRA,1978,Brazil,Upper middle income,Latin America & Caribbean,13404621905.0,15791774011.0,-0.0224848057142797,-0.0035120851222142,2.1931831532275035,0.050622552374276,-0.0167032069020417,-0.0394405485423007,-1.166814020954641
1.0,1.0,27.300377261242815,2.6506708099073877,-4.0,9.0,18.0,BRA,1979,Brazil,Upper middle income,Latin America & Caribbean,16026612550.0,20642227950.0,-0.0225898493013011,-0.0044291993611999,2.2611798448406053,0.0214198033126371,-0.0377223178221398,-0.0388551574169097,-0.9212049130390604
1.0,1.0,27.388387613429888,2.674267716820484,-4.0,9.0,19.0,BRA,1980,Brazil,Upper middle income,Latin America & Caribbean,21276141968.0,26571483280.0,-0.0226151076071257,-0.0030961177716388,2.3160292167831584,-0.0228565952043638,-0.0528176015188178,-0.0478834788493043,-0.7230860826107102
1.0,1.0,27.344957732692222,2.6975544650626695,-4.0,9.0,20.0,BRA,1981,Brazil,Upper middle income,Latin America & Caribbean,24828388399.0,25827534749.0,-0.0229174403560961,-0.0035889577751842,2.313000629640329,-0.0299895957805161,-0.0544583378811215,-0.0504057724806389,-0.6907700992408443
0.0,1.0,27.353223365550743,2.720345910097629,-3.0,9.0,21.0,BRA,1982,Brazil,Upper middle income,Latin America & Caribbean,21435129573.0,23307743171.0,0.003343480998773,-0.0033830908794747,2.3005310821977036,-0.0441337447178038,-0.0525288400901953,-0.04941225883129,-0.6887155059030673
0.0,1.0,27.32348593490643,2.7426824385397968,-3.0,9.0,22.0,BRA,1983,Brazil,Upper middle income,Latin America & Caribbean,23221079049.0,18314364419.0,0.003327200436251,-0.0033396931102658,2.298275959282679,-0.0466471703890268,-0.0530534619906359,-0.0492464186181883,-0.6876817064687365
0.0,1.0,27.37607854245289,2.7645449867155754,-3.0,9.0,23.0,BRA,1984,Brazil,Upper middle income,Latin America & Caribbean,28317692073.0,16563864377.0,0.003256931720309,-0.0033412571174369,2.3013708903352494,-0.048446936176823,-0.0530608116999466,-0.0513929363563434,-0.6864516926416879
0.0,1.0,27.451649204649918,2.7858508119232797,7.0,9.0,24.0,BRA,1985,Brazil,Upper middle income,Latin America & Caribbean,27305943481.0,15818492521.0,0.0032038924878951,-0.0034006181907775,2.2675196681969574,-0.0498887098921139,-0.0782755919848492,-0.0529085903680685,-0.709012065870867
0.0,1.0,27.523876788000983,2.806452268818278,7.0,9.0,25.0,BRA,1986,Brazil,Upper middle income,Latin America & Caribbean,23640555933.0,17038985026.0,0.0032144256393696,-0.0034023966599608,2.2693195504157355,-0.04996075920695,-0.0784732411766185,-0.054365823586435,-0.6992595705113392
0.0,1.0,27.558568695669127,2.8262679831315816,7.0,9.0,26.0,BRA,1987,Brazil,Upper middle income,Latin America & Caribbean,27820190341.0,18211637170.0,0.0034124390058955,-0.0036061710383219,2.252870258266456,-0.0529122155524865,-0.078453510934825,-0.0531774483669014,-0.6556636025541511
0.0,1.0,27.557968586599042,2.8453708035117566,8.0,9.0,27.0,BRA,1988,Brazil,Upper middle income,Latin America & Caribbean,35921688764.0,18780447290.0,0.0032090367987718,-0.0040011457144395,2.221905799915662,-0.060720038522232,-0.0696221578055188,-0.0590986020236908,-0.6002911976262465
0.0,1.0,27.589078702306498,2.8638098007806403,8.0,9.0,28.0,BRA,1989,Brazil,Upper middle income,Latin America & Caribbean,36878468232.0,22554535409.0,0.0036590279913981,-0.0041636555198759,2.2515427631685005,-0.0553103153789148,-0.0659155504401741,-0.0559995172408964,-0.5626373915981091
0.0,0.0,27.544604471141565,2.8816711583256667,8.0,9.0,29.0,BRA,1990,Brazil,Upper middle income,Latin America & Caribbean,32028703569.0,27188105815.0,0.0045484671401682,0.0030739894263854,2.236073426956836,-0.0566001151589264,-0.0664897105935295,-0.0554388750873301,-0.5324063142213715
0.0,0.0,27.55487414334868,2.898828853966945,8.0,9.0,30.0,BRA,1991,Brazil,Upper middle income,Latin America & Caribbean,29730384050.0,27115606036.0,0.006063831317998,0.0030453406054383,2.235134491317869,-0.0553975258294598,-0.0660085152784619,-0.056021494800678,-0.5131042159124349
0.0,0.0,27.549418358676885,2.915501322163718,8.0,9.0,31.0,BRA,1992,Brazil,Upper middle income,Latin America & Caribbean,35668490420.0,27518767695.0,0.0075708803067639,0.0021524959716633,2.3681446047010795,-0.0478637023868829,-0.0508117893978344,-0.0572171451545128,-0.2750478319165944
0.0,0.0,27.597491219318496,2.9317006074103893,8.0,9.0,32.0,BRA,1993,Brazil,Upper middle income,Latin America & Caribbean,38683106085.0,33500364057.0,0.0071611238231883,0.0018953821384905,2.4812368520443893,-0.0456181155458679,-0.0317556787523348,-0.0550934711534055,-0.1128280815900282
0.0,0.0,27.65436647992354,2.9473336051650842,8.0,9.0,33.0,BRA,1994,Brazil,Upper middle income,Latin America & Caribbean,49978835484.0,48132722298.0,0.0074598270640473,0.0011169118383505,2.551641426097598,-0.0418016585012033,-0.0219989842765671,-0.0453340876320358,-0.0190565645849792
0.0,0.0,27.69574087064232,2.962723730613499,8.0,9.0,34.0,BRA,1995,Brazil,Upper middle income,Latin America & Caribbean,57922145076.0,72744966688.0,0.0072133116363647,0.0011619649605587,2.5701409656267344,-0.0415789738567769,-0.0184914507121063,-0.0391044708337471,0.0399763224133621
0.0,0.0,27.71759322978959,2.9778648063171866,8.0,9.0,35.0,BRA,1996,Brazil,Upper middle income,Latin America & Caribbean,57235482155.0,75733720733.0,0.0064045159818333,0.0005586651874809,2.551688531359862,-0.0412644663550119,-0.0193576604029045,-0.0365167113734722,0.0706555466774773
0.0,0.0,27.750970691829668,2.9927298487842786,8.0,9.0,36.0,BRA,1997,Brazil,Upper middle income,Latin America & Caribbean,61680043707.0,84722106135.0,0.0050016563401179,0.0005178040293929,2.5188382018379856,-0.0418703989266082,-0.0184660868709742,-0.0341869409978604,0.1096466452859319
0.0,0.0,27.754353171700483,3.0076070588819395,8.0,9.0,37.0,BRA,1998,Brazil,Upper middle income,Latin America & Caribbean,60723205260.0,81258662213.0,0.0047114637589848,0.0004362709822842,2.511189851842898,-0.0442852517549286,-0.0187772424070337,-0.0341514545101456,0.1200801291144791
0.0,0.0,27.759018473991905,3.0221723355381234,8.0,9.0,38.0,BRA,1999,Brazil,Upper middle income,Latin America & Caribbean,57355154396.0,68462744029.0,0.0042676334133245,-0.0002066850146731,2.5307618241588785,-0.0588000883286795,-0.0179426232052936,-0.0374248041599613,0.1235872656921123
0.0,0.0,27.80196148534888,3.035924448339429,8.0,9.0,39.0,BRA,2000,Brazil,Upper middle income,Latin America & Caribbean,66777376073.0,81614529580.0,0.0033814284622737,-0.0023713414516281,2.5784317111242845,-0.0749756820073999,-0.0150863405207624,-0.0415156186738259,0.1338114588034491
0.0,0.0,27.81576473715488,3.0489579984444273,8.0,9.0,40.0,BRA,2001,Brazil,Upper middle income,Latin America & Caribbean,69279563683.0,81559242945.0,0.0032875362326016,-0.002375609889295,2.570997281812062,-0.0750345365065283,-0.0151362720287622,-0.0414691380054871,0.1412871419650659
0.0,0.0,27.84584213081309,3.061372204947787,8.0,9.0,41.0,BRA,2002,Brazil,Upper middle income,Latin America & Caribbean,72546876208.0,68250203697.0,0.0033217619252188,-0.0030734369528377,2.579821610272843,-0.0770832821339706,-0.0151755865438627,-0.0450594956304546,0.1540698255790052
0.0,0.0,27.857184104151635,3.073174344347171,8.0,9.0,42.0,BRA,2003,Brazil,Upper middle income,Latin America & Caribbean,84744254238.0,72344863387.0,0.0027915175812503,-0.0096215437613923,2.5833549073691966,-0.0844453238261734,-0.0152895206571189,-0.0461662427348724,0.2355985905187768
0.0,0.0,27.91318800769222,3.0844734862231347,8.0,9.0,43.0,BRA,2004,Brazil,Upper middle income,Latin America & Caribbean,110739000000.0,87894359744.0,0.0014972324623215,-0.0203265187880636,2.6863694086346253,-0.1230959612418752,-0.0137641955798844,-0.0454578039287714,0.4395011514976609
0.0,0.0,27.944707135917028,3.095432547324107,8.0,9.0,44.0,BRA,2005,Brazil,Upper middle income,Latin America & Caribbean,135919000000.0,105596000000.0,0.0013242926437357,-0.025946227328533,2.762663606356162,-0.1395561818170635,-0.0120249497993997,-0.041402110032141,0.6109703849064906
0.0,0.0,27.983563532727256,3.106015931485091,8.0,9.0,45.0,BRA,2006,Brazil,Upper middle income,Latin America & Caribbean,159214000000.0,129231000000.0,0.0013042392427437,-0.0297490789769819,2.87453104748518,-0.1408083015499227,-0.0124520828023987,-0.0367614011180391,0.8409767732858787
0.0,0.0,28.042488176232347,3.116139613819913,8.0,9.0,46.0,BRA,2007,Brazil,Upper middle income,Latin America & Caribbean,186203000000.0,167164000000.0,0.0010861996520485,-0.0303984819919431,2.9083082666748896,-0.1275952749903702,-0.0086944720379663,-0.0302632323149273,1.0042586629168715
0.0,0.0,28.0921794909989,3.125719460018321,8.0,9.0,47.0,BRA,2008,Brazil,Upper middle income,Latin America & Caribbean,229517000000.0,232732000000.0,0.0011563698048805,-0.0301945688129127,2.850468186143035,-0.1252436814267029,-0.0071463404834253,-0.0277351937153492,1.073810498821311
0.0,0.0,28.09091758952475,3.134675782408134,8.0,9.0,48.0,BRA,2009,Brazil,Upper middle income,Latin America & Caribbean,180892000000.0,187614000000.0,0.001166619384828,-0.0313503664154627,2.837335334901234,-0.1245666848089592,-0.0058115254418446,-0.0269128197701964,1.084044897694722
0.0,1.0,28.16350059358937,3.1430846149566274,8.0,9.0,49.0,BRA,2010,Brazil,Upper middle income,Latin America & Caribbean,240003000000.0,262997000000.0,0.0011590394060284,0.0141886091995164,2.8740934931003848,-0.1076239310869527,-0.0037150082006214,-0.0281098153662964,1.1237250742164364
0.0,1.0,28.20247512620977,3.1512227535908335,8.0,9.0,50.0,BRA,2011,Brazil,Upper middle income,Latin America & Caribbean,303017000000.0,323145000000.0,0.0011943575927,0.0135372680392253,2.884957385680367,-0.106498957461588,-0.0031888216641631,-0.024978224238934,1.1336707524150489
0.0,1.0,28.22150414237841,3.1593387383458222,8.0,9.0,51.0,BRA,2012,Brazil,Upper middle income,Latin America & Caribbean,292808000000.0,326316000000.0,0.0012014795133295,0.0134727456805481,2.8874620675695426,-0.1066559079364686,-0.0030378037580133,-0.0246514142931697,1.1382673087933617
0.0,1.0,28.251113615582582,3.1674438547603536,8.0,9.0,52.0,BRA,2013,Brazil,Upper middle income,Latin America & Caribbean,290364000000.0,347276000000.0,0.0011938979047456,0.0134710150101328,2.888645906337707,-0.1059922593026832,-0.003044350444174,-0.0241236938475112,1.1392161020354925
0.0,1.0,28.256141030083437,3.175506996585033,8.0,9.0,53.0,BRA,2014,Brazil,Upper middle income,Latin America & Caribbean,270458000000.0,335826000000.0,0.001198160635167,0.0129234053003875,2.8847590632168405,-0.1089012424116897,-0.0029741589641435,-0.0240875684417161,1.137099147739957
0.0,1.0,28.220034805505676,3.1834242144029044,8.0,9.0,54.0,BRA,2015,Brazil,Upper middle income,Latin America & Caribbean,232489000000.0,253273000000.0,0.0011940523881489,0.0124223361764293,2.872348926442628,-0.1175063916402823,-0.0033269685448152,-0.0253515849106022,1.132342715535796
0.0,1.0,28.186732147358182,3.1910439410882496,8.0,9.0,55.0,BRA,2016,Brazil,Upper middle income,Latin America & Caribbean,223863000000.0,216686000000.0,0.0011940210686407,0.0122956120827363,2.860892849541476,-0.1196546090231862,-0.0031023316997734,-0.0276086336108224,1.1312516746322854
0.0,1.0,28.199874109216452,3.1983264076578335,8.0,9.0,56.0,BRA,2017,Brazil,Upper middle income,Latin America & Caribbean,258331000000.0,243511000000.0,0.0011975921155364,0.0123835189818489,2.86444989275006,-0.1195104966636584,-0.0033394089014115,-0.0259584549594515,1.132874073560975
0.0,1.0,28.217551436404854,3.205160803259188,8.0,9.0,57.0,BRA,2018,Brazil,Upper middle income,Latin America & Caribbean,280543000000.0,272994000000.0,0.0011975921155364,0.0123780729736859,2.869826458935285,-0.1184150048394012,-0.0037618791871769,-0.0257086523504971,1.1328500377550654
0.0,0.0,24.13708229156916,4.383283979134938,-7.0,6.0,19.0,BGR,1980,Bulgaria,Upper middle income,Europe & Central Asia,7084153846.0,6088384615.0,0.0493839692389777,0.0069163739763649,-0.1090285307025744,-0.0072419098019944,-0.0256214558402148,-0.0178367796363785,-0.4575800241823129
0.0,0.0,24.18492116397839,4.386616667338,-7.0,6.0,20.0,BGR,1981,Bulgaria,Upper middle income,Europe & Central Asia,7081357143.0,6859642857.0,0.0419834318888977,0.0064983492743012,0.0405891139782213,-0.007742447459695,-0.0228905283777026,-0.0193986243349934,-0.3467707289179275
0.0,0.0,24.207998478461377,4.389574795248659,-7.0,6.0,21.0,BGR,1982,Bulgaria,Upper middle income,Europe & Central Asia,6631000000.0,6424733333.0,0.0391801274250114,0.0057355454285411,0.0643563161256848,-0.0077994847323382,-0.0233283810811366,-0.020851677416286,-0.3318413402352804
0.0,0.0,24.241726305544667,4.392070261174876,-7.0,6.0,22.0,BGR,1983,Bulgaria,Upper middle income,Europe & Central Asia,6153111111.0,6118555556.0,0.0391685898010118,0.0057155710398571,0.066371466005515,-0.0084895746409495,-0.0233279958270337,-0.0203275176501044,-0.3283855188010911
0.0,0.0,24.27512668666019,4.394409984275659,-7.0,6.0,23.0,BGR,1984,Bulgaria,Upper middle income,Europe & Central Asia,7061055556.0,6729388889.0,0.0380487109151866,0.0046796363446864,0.0841653458521993,-0.0075372850710992,-0.0240706695174806,-0.0188923140964621,-0.3300974411897432
0.0,0.0,24.301607365466364,4.394395253219781,-7.0,6.0,24.0,BGR,1985,Bulgaria,Upper middle income,Europe & Central Asia,7341684211.0,7411526316.0,0.0379398159359093,0.0046779850909166,0.084408330197348,-0.0074525815363432,-0.0244069049471109,-0.019099621860638,-0.3297710396427945
0.0,0.0,24.34282226202382,4.394130055617602,-7.0,6.0,25.0,BGR,1986,Bulgaria,Upper middle income,Europe & Central Asia,8106529412.0,8802352941.0,0.0383301372285419,0.0052920623370285,0.060609097001734,-0.0075449151302578,-0.0256205782770432,-0.0180679104238256,-0.3456838457945928
0.0,0.0,24.40160531944573,4.395601148526966,-7.0,6.0,26.0,BGR,1987,Bulgaria,Upper middle income,Europe & Central Asia,11461076923.0,11977307692.0,0.0368526020704466,0.0057593323737097,0.1231855439861177,-0.0099013232949491,-0.0304755957049724,-0.0159949264739371,-0.2792925699358854
0.0,0.0,24.5054669409125,4.396724872766788,-7.0,6.0,27.0,BGR,1988,Bulgaria,Upper middle income,Europe & Central Asia,10277764706.0,10352294118.0,0.0429063219243426,0.0194116896184318,0.0589924834219859,0.0119256413295211,-0.0042504042760173,-0.0112504525724983,-0.2820201737476703
0.0,0.0,24.472014784074073,4.385024486746648,1.0,6.0,28.0,BGR,1989,Bulgaria,Upper middle income,Europe & Central Asia,10207166667.0,10589277778.0,0.0452779696192244,0.0192511103742887,0.0495294069016342,0.0120245912036764,-0.0078818193372787,-0.0094295241637097,-0.2693393552377562
0.0,0.0,24.376413413843125,4.3669869819441285,7.0,6.0,29.0,BGR,1990,Bulgaria,Upper middle income,Europe & Central Asia,6833181818.0,7577727273.0,0.0525741444391764,0.0064276535687497,-0.2803380699870895,-0.0120036652511639,-0.0133342113072528,-0.0103201854343253,-0.389865034803864
0.0,0.0,24.288179232839422,4.357082722166581,7.0,6.0,30.0,BGR,1991,Bulgaria,Upper middle income,Europe & Central Asia,3316842815.0,2990780301.0,0.0677438789565868,0.006015552450328,-0.0725285201834362,-8.58725523878194e-05,-0.0246963047470078,-0.0162128498864282,-0.2618965379102144
0.0,0.0,24.212675339508273,4.346344190348115,8.0,6.0,31.0,BGR,1992,Bulgaria,Upper middle income,Europe & Central Asia,4052954029.0,4554217900.0,0.0738844342822061,0.0063566990001849,-0.1311166791591252,0.0010400761953515,-0.0040617810031124,-0.0149970406343798,-0.1835511704745246
0.0,0.0,24.197762545944798,4.338367531734698,8.0,6.0,32.0,BGR,1993,Bulgaria,Upper middle income,Europe & Central Asia,4138580851.0,4964847431.0,0.073569927852802,0.016948885038495,-0.1732141751503328,0.0017863245255375,0.0072541315250518,-0.0110520652235277,-0.1668179551361997
0.0,0.0,24.215779377039052,4.334971670991698,8.0,6.0,33.0,BGR,1994,Bulgaria,Upper middle income,Europe & Central Asia,4373776185.0,4434458935.0,0.0744367219049674,0.0189455722118324,-0.1985106519810745,0.0024164341055012,0.0113320710695197,-0.0080739084545009,-0.1584774282088115
0.0,0.0,24.243990016287118,4.330517685981982,8.0,6.0,34.0,BGR,1995,Bulgaria,Upper middle income,Europe & Central Asia,6141757604.0,4353456105.0,0.0717578799972757,0.021270634432723,-0.2171820725190789,0.0009394470415652,0.011662310977923,-0.0048894712407565,-0.1272495350038433
0.0,0.0,24.294734403688825,4.325360387185497,8.0,6.0,35.0,BGR,1996,Bulgaria,Upper middle income,Europe & Central Asia,5962695838.0,4588940294.0,0.0562553961502152,0.0159164373280442,-0.1787592930894193,-0.0020359215583308,0.0029111269403117,-0.0006587301183064,-0.0658156071848036
0.0,0.0,24.142568964990172,4.31927241365897,8.0,6.0,36.0,BGR,1997,Bulgaria,Upper middle income,Europe & Central Asia,5610104532.0,4174242023.0,0.0346745797641959,0.0115963597835202,-0.1779876055501642,-0.005168059971373,0.0034718655617974,0.0186147444352889,0.1112917413315003
0.0,0.0,24.17975993347857,4.312599386626948,8.0,6.0,37.0,BGR,1998,Bulgaria,Upper middle income,Europe & Central Asia,6304226754.0,5276480125.0,0.0294836275826815,0.010368030827925,-0.1385577447730072,-0.0063063875512754,0.000602221629833,0.024039339911816,0.1159381761704013
0.0,0.0,24.09206369656276,4.306992904330557,8.0,6.0,38.0,BGR,1999,Bulgaria,Upper middle income,Europe & Central Asia,5829830705.0,6453780611.0,0.0298162598596223,0.0096540034115523,-0.1758620008368514,-0.0069423294741692,-0.0003139774270723,0.0272962100662396,0.1499100287273986
0.0,0.0,24.13691492073276,4.30205394016395,8.0,6.0,39.0,BGR,2000,Bulgaria,Upper middle income,Europe & Central Asia,4797546243.0,5500642168.0,0.0229829884591355,0.0088018484172987,-0.1592590176771528,-0.0080171989717872,0.0016899601785192,0.0303716841535536,0.1958440255536532
0.0,0.0,24.174439035518674,4.282147618111947,9.0,6.0,40.0,BGR,2001,Bulgaria,Upper middle income,Europe & Central Asia,4947372830.0,6269090423.0,0.0204155341397206,0.0084003482207251,-0.1632779967329875,-0.0061770728002204,0.0444138107592194,0.0279694678345837,0.1783083902549243
0.0,0.0,24.23149901914272,4.2771205960035195,9.0,6.0,41.0,BGR,2002,Bulgaria,Upper middle income,Europe & Central Asia,5519181983.0,6827325317.0,0.016130459138081,0.011187250267257,-0.1424892406759582,-0.006005489116115,0.0454215072439575,0.0294831804027126,0.1891232342995777
0.0,0.0,24.2825452575638,4.269475232983684,9.0,6.0,42.0,BGR,2003,Bulgaria,Upper middle income,Europe & Central Asia,7277448748.0,9430004121.0,0.0090528442606744,0.0115901036959433,-0.067427454539302,0.0007278395451421,0.0438009539845193,0.0485453033788473,0.3404547662707612
0.0,0.0,24.345617942449213,4.262019204760932,9.0,6.0,43.0,BGR,2004,Bulgaria,Upper middle income,Europe & Central Asia,10713332855.0,13630082743.0,0.0064676512285028,0.0042800791465686,-0.0327578939749084,0.008129926199953,0.0540714048241347,0.0591119768268466,0.5268112694279278
0.0,0.0,24.413803077922054,4.255593386227268,9.0,6.0,44.0,BGR,2005,Bulgaria,Upper middle income,Europe & Central Asia,12703010483.0,17080286100.0,0.0057818866321002,-0.0031160225736469,-0.038176933195756,0.016111128845855,0.0695588993967042,0.049447094118358,0.7001325992179057
0.0,0.0,24.47961506186145,4.248090378531756,9.0,6.0,45.0,BGR,2006,Bulgaria,Upper middle income,Europe & Central Asia,16151246708.0,22027466752.0,0.0061508730121095,-0.0049288191184497,0.0420596667664853,0.0263273372966288,0.0840619997024693,0.040664028883461,0.7901293348354651
0.0,0.0,24.544038452842205,4.240921683778869,9.0,6.0,46.0,BGR,2007,Bulgaria,Upper middle income,Europe & Central Asia,23261999930.0,31625068402.0,0.0019154814705842,0.0045781404158581,0.3360202136556504,0.07382406260742,0.0692555139163896,0.0583386984903955,0.9429090500664644
0.0,0.0,24.603528875970685,4.2339024563895356,9.0,6.0,47.0,BGR,2008,Bulgaria,Upper middle income,Europe & Central Asia,28590187695.0,39341095058.0,0.0008562291924781,0.0005582999922487,0.4110974541794558,0.0835344626183403,0.0417874990890865,0.0658607217675929,1.0374206340426677
0.0,0.0,24.56948446482672,4.227920111455039,9.0,6.0,48.0,BGR,2009,Bulgaria,Upper middle income,Europe & Central Asia,21963850651.0,26258387053.0,0.0017932114176436,0.0002387356057548,0.3501973961398971,0.08088186893405,0.0497121102766774,0.0574459417601462,1.0418408027510595
0.0,0.0,24.584784829432966,4.221337356959631,9.0,6.0,49.0,BGR,2010,Bulgaria,Upper middle income,Europe & Central Asia,25394223740.0,27008382339.0,0.0011110127086544,0.0006607921764084,0.3705448046028512,0.0819430870916302,0.0430003353369631,0.0581367227922892,1.0686713764209927
0.0,0.0,24.6055791780359,4.214925067826636,9.0,6.0,50.0,BGR,2011,Bulgaria,Upper middle income,Europe & Central Asia,33909798231.0,33818482315.0,0.0008575086076837,0.0006190545299328,0.3898989604386772,0.0795423645101345,0.0405174479453088,0.0568516211753118,1.0841795389950124
0.0,0.0,24.613100128516248,4.209132861833202,9.0,6.0,51.0,BGR,2012,Bulgaria,Upper middle income,Europe & Central Asia,32766248152.0,34546525410.0,0.0008556523576482,0.0005998173194083,0.3891285516347829,0.0776078366039067,0.0403446847755424,0.0568274693250946,1.0885064187080244
0.0,1.0,24.60747942223447,4.203536389722452,9.0,6.0,52.0,BGR,2013,Bulgaria,Upper middle income,Europe & Central Asia,36039694836.0,36351571391.0,0.000835758030845,-0.0011032576485983,0.3777022987615948,0.0773628644623782,0.0403891512902026,0.0536731916782798,1.1050104241497003
0.0,1.0,24.6171016699095,4.197852497061285,9.0,6.0,53.0,BGR,2014,Bulgaria,Upper middle income,Europe & Central Asia,36846181919.0,37500760082.0,0.0008766400785236,-0.0010740861954973,0.3797593098074213,0.0766849924696314,0.0402644299493159,0.0541032194392496,1.103255925175757
0.0,1.0,24.650807733304568,4.191471802293276,9.0,6.0,54.0,BGR,2015,Bulgaria,Upper middle income,Europe & Central Asia,32381760372.0,31957259692.0,0.0008871470476049,-0.0010335708958747,0.3770713748961248,0.0752891142461706,0.0401478836276884,0.0530915097397954,1.101886555210989
0.0,1.0,24.68075311398507,4.18445798131694,9.0,6.0,55.0,BGR,2016,Bulgaria,Upper middle income,Europe & Central Asia,34439814778.0,31788458645.0,0.0008878904590058,-0.0010482541704913,0.3790004183338142,0.0745796003970749,0.0400635535464321,0.0526005344955027,1.1030259034757384
0.0,1.0,24.708000226514507,4.177153549598047,9.0,6.0,56.0,BGR,2017,Bulgaria,Upper middle income,Europe & Central Asia,39636715495.0,37064926377.0,0.0010285544188441,-0.001003680512764,0.3823172628096775,0.0729590178649182,0.039379412171465,0.0537563924332821,1.1006726873516537
0.0,1.0,24.734493758781614,4.16993274552495,9.0,6.0,57.0,BGR,2018,Bulgaria,Upper middle income,Europe & Central Asia,43570441787.0,41805033910.0,0.0010283666916566,-0.0007426511364367,0.3825914164520694,0.0723463388637388,0.0395528887879349,0.0521588423882433,1.0970714335304288
0.0,0.0,22.476805664435286,3.8879862534641663,1.0,38.0,32.0,KHM,1993,Cambodia,Lower middle income,East Asia & Pacific,406842504.9,827697458.4,0.0116518982645537,0.0011140058121283,-1.8724374428264097,0.002426754705216,-0.0330204995478441,0.021301961798384,0.181614405850903
0.0,0.0,22.048962442170225,3.9577722835484463,1.0,38.0,33.0,KHM,1994,Cambodia,Lower middle income,East Asia & Pacific,719965851.8,1079617531.0,0.0117557648881766,0.0004398936193765,-2.0735896890182115,-0.0084244688778679,-0.0137739210866272,0.0209360628411641,0.346042242217322
0.0,0.0,22.143394681251277,4.038754178908888,1.0,38.0,34.0,KHM,1995,Cambodia,Lower middle income,East Asia & Pacific,1073111830.0,1603001243.0,0.0096553648264587,0.0018764195308452,-2.0584052940736117,-0.0001592162361383,-0.0164435113622895,0.0210658431694131,0.3738520046401402
0.0,0.0,22.200696193298544,4.113984814408051,1.0,38.0,35.0,KHM,1996,Cambodia,Lower middle income,East Asia & Pacific,889438538.6,1535847164.0,0.0082708738344331,0.0015185533090965,-2.0373904116866557,0.0051239622418085,-0.0150816581396508,0.0229786590002116,0.419946843221402
0.0,0.0,22.239980568506976,4.182821506895352,-7.0,38.0,36.0,KHM,1997,Cambodia,Lower middle income,East Asia & Pacific,1157570060.0,1560476055.0,0.0059745429300679,0.0014517741704151,-2.0778389452647597,0.0098695591103924,-0.0636416071990322,0.0210096301904452,0.4182499198202085
0.0,0.0,22.28573405160614,4.224063781802174,2.0,38.0,37.0,KHM,1998,Cambodia,Lower middle income,East Asia & Pacific,974763067.9,1384886253.0,0.0046711715612062,0.0014514707604579,-2.0324993169029737,0.0170156304199379,-0.010915119390135,0.0245886016038471,0.4170351900567516
0.0,0.0,22.405341032830144,4.241130370986987,2.0,38.0,38.0,KHM,1999,Cambodia,Lower middle income,East Asia & Pacific,1426037338.0,1886392173.0,0.0045399977008115,0.0010730120731106,-1.95315033280936,0.0215303231968504,-0.0144785143247857,0.0243025831522645,0.370129293887506
0.0,0.0,22.500592850351275,4.257032070276379,2.0,38.0,39.0,KHM,2000,Cambodia,Lower middle income,East Asia & Pacific,1821406331.0,2256850026.0,0.0038010803459163,0.0009089481726708,-1.9249753772188616,0.0188345722851265,-0.0220545470044509,0.0237816944496034,0.373347327266081
0.0,0.0,22.578926893731655,4.272648756878774,2.0,38.0,40.0,KHM,2001,Cambodia,Lower middle income,East Asia & Pacific,2121742524.0,2511940517.0,0.0042095818772419,0.0001672274386583,-1.558539214914965,0.0211591578200663,-0.0313643135900962,0.027338214251695,0.2863923468860652
0.0,0.0,22.642642634415353,4.28807268263927,2.0,38.0,41.0,KHM,2002,Cambodia,Lower middle income,East Asia & Pacific,2439168009.0,2884414192.0,0.0038421648279723,0.0002932770752602,-1.329856160208109,0.0304459852900348,-0.0376062991024661,0.0274099539560929,0.2516880819985718
0.0,0.0,22.724276956843934,4.303183401790667,2.0,38.0,42.0,KHM,2003,Cambodia,Lower middle income,East Asia & Pacific,2736752435.0,3323063207.0,0.0018512527369737,-0.0003153909594114,-1.2462047863212449,0.0341943637669227,-0.0383608887364845,0.0334910252271557,0.3600757197327972
0.0,0.0,22.822678070965374,4.31792090760078,2.0,38.0,43.0,KHM,2004,Cambodia,Lower middle income,East Asia & Pacific,3578124692.0,4149673263.0,0.0017148894516485,-0.0009590123345227,-1.2699342627135433,0.0349962194714477,-0.0389911758225761,0.0347794788421653,0.4670110215736491
0.0,0.0,22.94710641673106,4.332497052977676,2.0,38.0,44.0,KHM,2005,Cambodia,Lower middle income,East Asia & Pacific,4313261451.0,5123916348.0,0.0017114083926387,-0.0017155116413746,-1.2963159111747349,0.0370201966081115,-0.040910515314714,0.0355475533443229,0.5050915256854535
0.0,0.0,23.0494019932601,4.3472564834610266,2.0,38.0,45.0,KHM,2006,Cambodia,Lower middle income,East Asia & Pacific,5400482920.0,6319381671.0,0.0017442168839866,-0.0016140974094063,-1.235058128430719,0.037284484461442,-0.0302662419103661,0.0462385151576902,0.6773983275352355
0.0,0.0,23.146642798338547,4.3620119267752,2.0,38.0,46.0,KHM,2007,Cambodia,Lower middle income,East Asia & Pacific,6191862457.0,7349164263.0,0.0031065416247498,-0.0019771632884558,-1.1234618020173703,0.0344803916906214,-0.025159959140685,0.0409060626182315,0.7399017081561227
0.0,0.0,23.211414831067067,4.377191075429203,2.0,38.0,47.0,KHM,2008,Cambodia,Lower middle income,East Asia & Pacific,7521137176.0,8353365209.0,0.003834299377956,-0.0026481962860079,-0.942182612411938,0.0337390101897246,-0.0235988173437654,0.033335674617717,0.9568947104372584
0.0,0.0,23.212281425056666,4.392957637234097,2.0,38.0,48.0,KHM,2009,Cambodia,Lower middle income,East Asia & Pacific,5777715035.0,7011246138.0,0.0038320930438802,-0.0026135018170748,-0.934803921177525,0.0318566940144617,-0.0243876656540066,0.0291411270177073,0.9838464620294444
0.0,0.0,23.270201957131952,4.408519811738103,2.0,38.0,49.0,KHM,2010,Cambodia,Lower middle income,East Asia & Pacific,6935619207.0,8253700555.0,0.0045755150026865,-0.0024904683120515,-0.8683397400636941,0.0308958044119042,-0.0259875920996063,0.0293910243944209,1.0370228041197067
0.0,0.0,23.338510580766247,4.4237037360060745,2.0,38.0,50.0,KHM,2011,Cambodia,Lower middle income,East Asia & Pacific,8003673661.0,9598623051.0,0.0045655243480383,-0.00212547817988,-0.8594976635471197,0.0357018075326468,-0.0265721821238152,0.0298560625631095,1.0630003446008152
0.0,0.0,23.409093412340933,4.438703577826808,2.0,38.0,51.0,KHM,2012,Cambodia,Lower middle income,East Asia & Pacific,9498870542.0,11311870012.0,0.004644083747491,-0.0012300516775133,-0.7603007540965808,0.0451428519567672,-0.0266551819129241,0.0452050189939562,1.1259675008844496
0.0,0.0,23.48007983672763,4.453654599068618,2.0,38.0,52.0,KHM,2013,Cambodia,Lower middle income,East Asia & Pacific,11214912044.0,13521734447.0,0.0053630216322346,0.0003307150913081,-0.6728642305317104,0.0475130689547003,-0.0268749580023044,0.0647119678979934,1.15814965810881
0.0,0.0,23.549070038498304,4.468478971638085,2.0,38.0,53.0,KHM,2014,Cambodia,Lower middle income,East Asia & Pacific,12481981424.0,14949702395.0,0.0063673702911607,0.0006333290365827,-0.6137681172112005,0.0493436237816003,-0.0280093451874238,0.0741012360980677,1.1493129740950632
0.0,0.0,23.61640898925672,4.483081347892458,2.0,38.0,54.0,KHM,2015,Cambodia,Lower middle income,East Asia & Pacific,13532995573.0,15985986398.0,0.0070518264959525,0.0001780170870849,-0.5783411263617625,0.0472541123984535,-0.0308113549887932,0.0811991251779712,1.137978825175334
0.0,0.0,23.683444209550686,4.497667424693074,2.0,38.0,55.0,KHM,2016,Cambodia,Lower middle income,East Asia & Pacific,14986346465.0,17599744248.0,0.0077008523562585,0.0002064978860825,-0.5220865341402926,0.0427709156576424,-0.0335380855890785,0.0834804449926218,1.1062811137198063
0.0,0.0,23.75107392023477,4.511485084318731,-4.0,38.0,56.0,KHM,2017,Cambodia,Lower middle income,East Asia & Pacific,16527255663.0,19038733852.0,0.0081310338523236,-0.0026097932564841,-0.4067809889775425,0.0293020740502028,-0.059129473543497,0.0727249539967238,1.0985889069908057
0.0,0.0,23.823107742589485,4.523921912044811,-4.0,38.0,57.0,KHM,2018,Cambodia,Lower middle income,East Asia & Pacific,18386489552.0,20870727998.0,0.0091226899210496,-0.0076292258571982,-0.4230679465685572,0.0047226119818465,-0.0822122286075153,0.0671740018778087,1.0350760933666048
0.0,0.0,22.430945899120786,2.4905611288798872,4.0,14.0,4.0,CMR,1965,Cameroon,Lower middle income,Sub-Saharan Africa,193421237.8,197501862.1,0.0022099987672646,-0.0004173234747285,-1.6028709263899965,0.024184638287564,-0.004069808995305,-0.0992176203293916,-1.6289447084935629
0.0,0.0,22.476062233655654,2.5135406912367255,-7.0,14.0,5.0,CMR,1966,Cameroon,Lower middle income,Sub-Saharan Africa,178688820.0,200668814.9,0.0020458859844252,-0.0003500357200676,-1.598359290976212,0.0245599319611177,-0.0161758112392958,-0.0974138787141573,-1.5584716125778673
0.0,0.0,22.360515956727394,2.537245158748438,-7.0,14.0,6.0,CMR,1967,Cameroon,Lower middle income,Sub-Saharan Africa,193088699.9,211381299.7,0.0020576277265753,0.0001411900373225,-1.7004705596347636,0.0210328078562893,-0.0141595751384594,-0.0945346710440978,-1.5745806790385204
0.0,0.0,22.422046745266282,2.561792830869098,-7.0,14.0,7.0,CMR,1968,Cameroon,Lower middle income,Sub-Saharan Africa,231454654.8,257710416.9,0.0018188360063808,-0.0003893354100612,-1.639402292734908,0.0213355984472348,-0.0152806001360289,-0.0908636212002046,-1.5070488453352553
0.0,0.0,22.46989817868699,2.587194288742473,-7.0,14.0,8.0,CMR,1969,Cameroon,Lower middle income,Sub-Saharan Africa,257346671.7,251576564.8,0.0015482199158144,-8.096922262344368e-05,-1.62873481883482,0.0210265733175959,-0.017441746909618,-0.0939962655806931,-1.46254564568206
0.0,0.0,22.500350448059454,2.61332122390026,-7.0,14.0,9.0,CMR,1970,Cameroon,Lower middle income,Sub-Saharan Africa,301733187.3,284005473.5,0.0013628162854416,0.0003111137283369,-1.6722405584611109,0.0248763124827711,-0.0194969448154792,-0.0937444477634626,-1.3870745802108682
0.0,0.0,22.53455579579095,2.6400341958974174,-7.0,14.0,10.0,CMR,1971,Cameroon,Lower middle income,Sub-Saharan Africa,284721121.7,335928206.7,0.0013128323276752,-0.000422548645268,-1.5771576793857291,0.0183441405782416,-0.0220346450648295,-0.0948087828818552,-1.3342680093737995
0.0,0.0,22.560943003838666,2.6672058764715287,-8.0,14.0,11.0,CMR,1972,Cameroon,Lower middle income,Sub-Saharan Africa,305521571.3,390830241.0,0.001257268656889,-0.0015454153099559,-1.49386739656261,0.0113358808298658,-0.0376802807036488,-0.0789213100436265,-1.2899886324555143
0.0,0.0,22.613114879580394,2.6947060783332506,-8.0,14.0,12.0,CMR,1973,Cameroon,Lower middle income,Sub-Saharan Africa,393469130.8,456280562.5,0.0011645858071403,-0.0030923085898465,-1.377183744714818,-0.0011735220840007,-0.034647389126073,-0.0607796451847303,-1.1938162862406836
0.0,0.0,22.71507799093461,2.722462564903777,-8.0,14.0,13.0,CMR,1974,Cameroon,Lower middle income,Sub-Saharan Africa,548805300.7,491889089.6,0.000352045871383,-0.0034696501395788,-1.1569138230066631,0.0074287285583652,-0.0512142045378217,-0.0604805873942828,-0.9586333617642228
0.0,0.0,22.821643309493677,2.75036392148599,-8.0,14.0,14.0,CMR,1975,Cameroon,Lower middle income,Sub-Saharan Africa,648117760.1,729774049.1,-0.0004464322947815,-0.0031529542045165,-1.1598503441232857,0.0265852760137046,-0.0559966492798967,-0.0645931411768546,-0.8838347538694515
0.0,0.0,22.765124402219723,2.7771532395872214,-8.0,14.0,15.0,CMR,1976,Cameroon,Lower middle income,Sub-Saharan Africa,656202835.9,793051292.9,-0.0003819220368873,-0.0031401622250205,-1.172111303417703,0.0332171325540356,-0.0576282780737288,-0.0666080802102185,-0.8556225846400839
0.0,0.0,22.89386822856005,2.8029482299233797,-8.0,14.0,16.0,CMR,1977,Cameroon,Lower middle income,Sub-Saharan Africa,850701204.3,943911998.7,-0.0001961606671958,-0.0024007240848947,-1.1537660319276228,0.0394847662780086,-0.0633248966914269,-0.0723408106132528,-0.7938984277312955
0.0,0.0,23.092743717554146,2.830203743867137,-8.0,14.0,17.0,CMR,1978,Cameroon,Lower middle income,Sub-Saharan Africa,1103007002.0,1311288739.0,0.0001226206651566,-0.0016703884258171,-1.065898931709128,0.0337268396106163,-0.0622377387985312,-0.0651603996693767,-0.71056031343808
0.0,0.0,23.151343879943315,2.858229961540142,-8.0,14.0,18.0,CMR,1979,Cameroon,Lower middle income,Sub-Saharan Africa,1247639814.0,1671668198.0,0.0006874770761811,-2.1135907875078203e-05,-0.8509477550998075,0.0139047261910128,-0.0408360928274309,-0.0371438042986258,-0.4571141463056417
0.0,0.0,23.13149527664444,2.890775846796802,-8.0,14.0,19.0,CMR,1980,Cameroon,Lower middle income,Sub-Saharan Africa,1861186771.0,1810903419.0,0.0005370831996868,0.0005523255367456,-0.933358723174904,0.013896483607546,-0.0444432719666375,-0.0349301374077035,-0.3808796656542195
0.0,0.0,23.289205461700636,2.925884201129797,-8.0,14.0,20.0,CMR,1981,Cameroon,Lower middle income,Sub-Saharan Africa,1445617474.0,1878440367.0,-0.0003818517329131,0.0012993100213781,-0.8081217811446803,0.009855749749491,-0.0359080430943654,-0.033278497681372,-0.3413173752134408
0.0,0.0,23.36167683387655,2.9496791423401745,-7.0,14.0,21.0,CMR,1982,Cameroon,Lower middle income,Sub-Saharan Africa,2195884893.0,1911383891.0,0.0010989598821285,0.0014226602141944,-0.7930188094058409,0.0130615453247079,-0.0256258436828741,-0.0335674590102577,-0.3573108165185986
0.0,0.0,23.42809013307437,2.9701488585043956,-7.0,14.0,22.0,CMR,1983,Cameroon,Lower middle income,Sub-Saharan Africa,2088376143.0,2013215078.0,0.0008720142044129,0.0014659599468954,-0.7807832175804925,0.014237893722453,-0.0255563815002872,-0.032409236296672,-0.3632039114203853
0.0,0.0,23.500174232200322,2.997938169276063,-9.0,14.0,23.0,CMR,1984,Cameroon,Lower middle income,Sub-Saharan Africa,2447934060.0,2266220105.0,-0.0035163911175003,0.0013714944812198,-0.7129558839378877,0.0101543268861701,0.0280772682662016,-0.026135360046711,-0.332608044783816
0.0,0.0,23.577719932640964,3.027742825082026,-9.0,14.0,24.0,CMR,1985,Cameroon,Lower middle income,Sub-Saharan Africa,2858134101.0,2698093753.0,-0.0036351066324923,0.0011713270285272,-0.6903883344371644,0.0108575595987613,0.0290740849015317,-0.0257478318414301,-0.343081189455553
0.0,0.0,23.643242311078602,3.057874346282737,-9.0,14.0,25.0,CMR,1986,Cameroon,Lower middle income,Sub-Saharan Africa,2760485196.0,2694449198.0,-0.0008844509159299,0.0011207968124762,-0.6463315059610947,0.0116595173651448,0.023657261336365,-0.0252147408121845,-0.3767479264198052
0.0,0.0,23.62154205219982,3.0882624335908675,-9.0,14.0,26.0,CMR,1987,Cameroon,Lower middle income,Sub-Saharan Africa,2178543701.0,2691627936.0,-0.0007869127533208,0.0014436991310983,-0.6939652441981072,0.0111216450098926,0.0245432680709054,-0.0247804150887692,-0.3222497538487584
0.0,0.0,23.540075651801498,3.1181110804571257,-6.0,14.0,27.0,CMR,1988,Cameroon,Lower middle income,Sub-Saharan Africa,1961804002.0,1953074691.0,0.002107415753304,0.0023803940754209,-0.7559422922084409,0.0123189899703286,-0.0238446198098167,-0.0262616946172866,-0.2978186596407099
0.0,0.0,23.521716952316446,3.147417973670622,-6.0,14.0,28.0,CMR,1989,Cameroon,Lower middle income,Sub-Saharan Africa,2280376117.0,1956872130.0,0.0028665795078352,0.0024333370324782,-0.7597195997612421,0.0129505429546968,-0.02403326843445,-0.0264471252149998,-0.2812646511302731
0.0,0.0,23.45871647294918,3.1768879722494265,-3.0,14.0,29.0,CMR,1990,Cameroon,Lower middle income,Sub-Saharan Africa,2485421488.0,2132071772.0,0.0035634732614641,0.0018907599129692,-0.8342672014932332,0.0162890039016725,-0.0287352177037903,-0.0302470152819946,-0.2560189777793558
0.0,0.0,23.419886250043557,3.2060529581916057,-3.0,14.0,30.0,CMR,1991,Cameroon,Lower middle income,Sub-Saharan Africa,2367905904.0,1733392181.0,0.0103668373184736,0.0018767907880939,-0.8450394592002058,0.0152528545673098,-0.0294655798697123,-0.0299692929759152,-0.2419850210097092
1.0,0.0,23.388395549827056,3.234709112592121,-5.0,14.0,31.0,CMR,1992,Cameroon,Lower middle income,Sub-Saharan Africa,2480390364.0,2211014453.0,-0.093624034315633,0.004966041087566,-0.8665336183511615,0.112480556142292,-0.0267071120954166,-0.0343700849034805,-0.2363170006986522
1.0,0.0,23.305752075163706,3.2631827394186317,-5.0,14.0,32.0,CMR,1993,Cameroon,Lower middle income,Sub-Saharan Africa,2652315493.0,1580660005.0,-0.0806623844541852,0.0048634238493551,-0.884101660580455,0.1146420435534643,-0.0261967996290643,-0.0373400252223739,-0.1753443361279862
1.0,0.0,23.324346219861546,3.29126116826289,-5.0,14.0,33.0,CMR,1994,Cameroon,Lower middle income,Sub-Saharan Africa,1912336306.0,1378107626.0,-0.0796029299142873,0.0050422026251281,-0.8715651384589446,0.1243503691043081,-0.0275432490229389,-0.0325665313935644,-0.1410099438856042
1.0,0.0,23.352875379370136,3.31871367419904,-5.0,14.0,34.0,CMR,1995,Cameroon,Lower middle income,Sub-Saharan Africa,2348799529.0,1636645933.0,-0.0622891706654723,0.0018188838529121,-0.8696135573086552,0.1265543305773616,-0.0298126032750642,-0.0309345303180301,-0.0865579443177411
1.0,0.0,23.39416195856546,3.345628555992533,-5.0,14.0,35.0,CMR,1996,Cameroon,Lower middle income,Sub-Saharan Africa,2691568972.0,2313348982.0,-0.0557810058610718,0.0016990574925138,-0.8754442021184018,0.1142750845125248,-0.0328416150233131,-0.0259190869371727,-0.0421638907260779
1.0,0.0,23.43844018560605,3.3721440764987656,-5.0,14.0,36.0,CMR,1997,Cameroon,Lower middle income,Sub-Saharan Africa,2875461379.0,2354149771.0,-0.0462560675151707,0.0017328113745071,-0.8841371405533693,0.0882589952951369,-0.0416197247932075,-0.0242948481882423,0.0371928852979511
1.0,0.0,23.48461297360923,3.3986244936225454,-5.0,14.0,37.0,CMR,1998,Cameroon,Lower middle income,Sub-Saharan Africa,2483240189.0,2295271124.0,-0.1077913619833479,0.0019312164403362,-0.9079316272561748,0.0775960838050306,-0.0485819357273603,-0.017868379860786,0.0081431089608306
0.0,0.0,23.52873802756382,3.425154127471406,-5.0,14.0,38.0,CMR,1999,Cameroon,Lower middle income,Sub-Saharan Africa,2247078226.0,2059848165.0,0.0100135028717231,0.001634211550315,-0.8125712767789236,0.0199036795298528,-0.0423848427075969,-0.0092529146046636,0.0746004004217851
0.0,0.0,23.566346073721466,3.451481758146494,-5.0,14.0,39.0,CMR,2000,Cameroon,Lower middle income,Sub-Saharan Africa,2626514828.0,2437829406.0,0.0067813132583542,0.0013364244079518,-0.8036065658788953,0.0115413969970444,-0.0460583495767006,-0.0067364400168748,0.0816681384133741
0.0,0.0,23.608679832367304,3.477746083785891,-5.0,14.0,40.0,CMR,2001,Cameroon,Lower middle income,Sub-Saharan Africa,2766983730.0,2881977219.0,0.0084227273184815,0.0010351086231324,-0.7696527855258236,0.0406090797541478,-0.0516825309800147,-0.0021966879912452,0.1112620173220547
0.0,0.0,23.652476854642803,3.5045585655876255,-5.0,14.0,41.0,CMR,2002,Cameroon,Lower middle income,Sub-Saharan Africa,2854249060.0,3165848310.0,0.0069664715077906,0.0006648380126293,-0.7016863966393365,0.0432341783056462,-0.0548883326154136,0.0025318176918771,0.1098763922454457
0.0,0.0,23.705573482109536,3.5318332787992803,-5.0,14.0,42.0,CMR,2003,Cameroon,Lower middle income,Sub-Saharan Africa,3104135993.0,3322828644.0,0.0038095634108538,-0.00034126775147,-0.6877759771887543,0.0428908341793537,-0.064684822334127,0.008801359407269,0.1676416449553684
0.0,0.0,23.773688688275215,3.559307429123949,-5.0,14.0,43.0,CMR,2004,Cameroon,Lower middle income,Sub-Saharan Africa,3868330225.0,4008132753.0,0.0035369439906676,-0.0024190539535239,-0.5237288648916668,0.023569994493506,-0.0629760281560025,0.0129057177600534,0.3536520894298116
0.0,0.0,23.795726758292698,3.5868648139334156,-5.0,14.0,44.0,CMR,2005,Cameroon,Lower middle income,Sub-Saharan Africa,4340055666.0,4438925461.0,0.0044890499974835,-0.0033548725743351,-0.4816264484768633,0.0241027838116341,-0.0734120310672777,0.0041724756221661,0.4770643375260945
0.0,1.0,23.83311486314718,3.6143503267868233,-5.0,14.0,45.0,CMR,2006,Cameroon,Lower middle income,Sub-Saharan Africa,5055972600.0,4793806221.0,0.00388403444001,0.0061023156338878,-0.4378705365705323,0.0220716587304425,-0.0938915538280493,-0.0240655889456635,0.6210500747243426
0.0,1.0,23.87548052014582,3.6424131093958767,-5.0,14.0,46.0,CMR,2007,Cameroon,Lower middle income,Sub-Saharan Africa,6455516974.0,6278066804.0,0.0036574115589318,0.0080968665234023,-0.3973621232074203,0.0138075792895974,-0.1026009628942307,-0.0396345630560169,0.749046641862775
0.0,1.0,23.903559372364743,3.6710389545854363,-5.0,14.0,47.0,CMR,2008,Cameroon,Lower middle income,Sub-Saharan Africa,7485406851.0,8291276216.0,0.0036521201780748,0.0053961181583633,-0.4193581129876985,0.0129241926413255,-0.1049677502153296,-0.0431641042605887,0.8397195945859056
0.0,1.0,23.929024874250594,3.6996928769999564,-5.0,14.0,48.0,CMR,2009,Cameroon,Lower middle income,Sub-Saharan Africa,5469950249.0,6311089301.0,0.0097601217594614,0.0048822833712211,-0.3969173420160778,-0.0037506765818252,-0.1057776572389042,-0.0432952036997989,0.8508812571336147
0.0,1.0,23.95760285317153,3.728269491632961,-5.0,14.0,49.0,CMR,2010,Cameroon,Lower middle income,Sub-Saharan Africa,6153122906.0,6841031832.0,0.0104337507812297,0.0034991743287701,-0.3522598330581075,-0.0062574971984752,-0.0977717735710222,-0.0420077773626922,0.8981945371281314
0.0,1.0,23.990836557636634,3.7565537213910107,-5.0,14.0,50.0,CMR,2011,Cameroon,Lower middle income,Sub-Saharan Africa,7421773623.0,8359880286.0,0.0104687553222738,-0.0005963364317572,-0.2965411980067159,-0.0070725130099414,-0.08995407130432,-0.0388547390627108,0.925046029051437
0.0,1.0,24.036058254991648,3.7846841931945683,-5.0,14.0,51.0,CMR,2012,Cameroon,Lower middle income,Sub-Saharan Africa,7200040957.0,7888349868.0,0.0104323217051832,-0.0012544231896657,-0.2856395757434274,-0.0071759201456511,-0.0880736794558195,-0.039509246785464,0.9357630298610008
0.0,1.0,24.08480583882095,3.8127751303477204,-5.0,14.0,52.0,CMR,2013,Cameroon,Lower middle income,Sub-Saharan Africa,7973145413.0,8781390774.0,0.0113470167326096,-0.0030270081412672,-0.2766812143852657,-0.0075600650369727,-0.086656094122679,-0.0378049974135599,0.9436253813896816
0.0,1.0,24.140428022375406,3.843034349646594,-5.0,14.0,53.0,CMR,2014,Cameroon,Lower middle income,Sub-Saharan Africa,8590854303.0,9905295758.0,0.0114626184976254,-0.0059994273280776,-0.2674197689845982,-0.0055118932244473,-0.0876225493262919,-0.036589626620605,0.9457277858072264
0.0,1.0,24.195550031309633,3.8744277842706407,-5.0,14.0,54.0,CMR,2015,Cameroon,Lower middle income,Sub-Saharan Africa,6760654005.0,7907933406.0,0.0100915074760423,-0.0063775043861147,-0.2288021499794997,-0.0046914463043446,-0.0879219225898176,-0.0361381460196882,0.913523661567248
0.0,1.0,24.239909386626557,3.9043211068056927,-5.0,14.0,55.0,CMR,2016,Cameroon,Lower middle income,Sub-Saharan Africa,6407809686.0,7333874148.0,0.0100952711386893,-0.0063700660177191,-0.2225647114508849,-0.0052513544735868,-0.087552595006173,-0.0355043964336921,0.9119572452457532
0.0,1.0,24.27470857529304,3.932671086600005,-5.0,14.0,56.0,CMR,2017,Cameroon,Lower middle income,Sub-Saharan Africa,6624479953.0,7525797298.0,0.0098325585479817,-0.007309297143406,-0.2008202434040164,-0.0032386953412872,-0.0862481508829668,-0.0351918584537157,0.9146480430548412
0.0,1.0,24.313501449239325,3.9603741854486105,-5.0,14.0,57.0,CMR,2018,Cameroon,Lower middle income,Sub-Saharan Africa,7486173533.0,8730827317.0,0.0092587486042384,-0.0072399469457614,-0.1896606913793682,-0.002825355447543,-0.0879741549736312,-0.0353591937661266,0.9177593091653328
0.0,0.0,20.751789871962128,1.0240061727177767,-7.0,10.0,0.0,CAF,1961,Central African Republic,Low income,Sub-Saharan Africa,32618432.17,44034883.42,0.0024927553224631,-0.0036800390949969,-2.7404249087454695,-0.137305437346777,-0.0135945324823712,-0.0575247375172167,-1.657024233295607
0.0,0.0,20.71394469001852,1.0431548707257818,-7.0,10.0,1.0,CAF,1962,Central African Republic,Low income,Sub-Saharan Africa,30610519.65,46936114.64,0.002463710047425,-0.003599917029308,-2.747786610982709,-0.1375750819739016,-0.0138936410255477,-0.0576138954057712,-1.6558975884979723
0.0,0.0,20.706849470852706,1.0627277487218663,-7.0,10.0,2.0,CAF,1963,Central African Republic,Low income,Sub-Saharan Africa,32650882.14,49792597.31,0.0024495256649746,-0.0035962424216475,-2.746236727244894,-0.1344816106076428,-0.0136081693529722,-0.0576888667885618,-1.649143740854805
0.0,0.0,20.727439283988375,1.0827797789952098,-7.0,10.0,3.0,CAF,1964,Central African Republic,Low income,Sub-Saharan Africa,40403677.01,57952751.48,0.002407398164214,-0.0036080163406201,-2.7520560102621516,-0.1341216347709156,-0.0132175801751865,-0.0573411496299067,-1.6381247482720969
0.0,0.0,20.736870457988143,1.1033704990754944,-7.0,10.0,4.0,CAF,1965,Central African Republic,Low income,Sub-Saharan Africa,40806173.54,56720586.89,0.0023039534129687,-0.0036571561183424,-2.749476928596277,-0.1284507498953241,-0.0130121363449556,-0.0572081913606983,-1.6125878954932908
0.0,0.0,20.743297596813246,1.1245665918213659,-7.0,10.0,5.0,CAF,1966,Central African Republic,Low income,Sub-Saharan Africa,44773974.2,67160961.3,0.0020445064915368,-0.003361425321983,-2.735988111666363,-0.1116541993330776,-0.0126998093936194,-0.0550054785243571,-1.5670940518782328
0.0,0.0,20.789003133328233,1.1464118417093936,-7.0,10.0,6.0,CAF,1967,Central African Republic,Low income,Sub-Saharan Africa,43089266.59,76828934.69,0.0019265825368308,-0.0031512314463928,-2.67747491774943,-0.0907513062434777,-0.0126639842468026,-0.0545946119194427,-1.5393389560751831
0.0,0.0,20.802946601280205,1.1689347983720284,-7.0,10.0,7.0,CAF,1968,Central African Republic,Low income,Sub-Saharan Africa,65799815.54,75999786.95,0.0018169578299236,-0.0032111567454447,-2.690945288568115,-0.0871941375457689,-0.0139000177595666,-0.0549204869485097,-1.5116081059380448
0.0,0.0,20.871460421831866,1.1918194079841087,-7.0,10.0,8.0,CAF,1969,Central African Republic,Low income,Sub-Saharan Africa,51399886.51,70699843.89,0.0015471033573742,-0.0026955107962546,-2.69730050522229,-0.0879895955609408,-0.0158377915992243,-0.0555291803155479,-1.475378608542257
0.0,0.0,20.894521272791554,1.2139894066464683,-7.0,10.0,9.0,CAF,1970,Central African Republic,Low income,Sub-Saharan Africa,60397784.85,78597117.37,0.0013370450703528,-0.0024845816304938,-2.748727876645993,-0.0882421391106985,-0.0186676976239908,-0.0570180133307803,-1.397967590020361
0.0,0.0,20.905759906359208,1.2347240331112737,-7.0,10.0,10.0,CAF,1971,Central African Republic,Low income,Sub-Saharan Africa,60030793.1,75389864.2,0.0012953518168968,-0.0026810016708007,-2.783447414771517,-0.0883728511660346,-0.0210468190304339,-0.0561549192876861,-1.3467612083148648
0.0,0.0,20.905751234484406,1.2542931466040508,-7.0,10.0,11.0,CAF,1972,Central African Republic,Low income,Sub-Saharan Africa,57429305.16,77877586.41,0.0012937075071898,-0.0028361304362647,-2.8071826087396468,-0.084786690918384,-0.0208517775734858,-0.0557226740429071,-1.3081659322791277
0.0,0.0,20.924464444947304,1.2734507101247252,-7.0,10.0,12.0,CAF,1973,Central African Republic,Low income,Sub-Saharan Africa,77607287.92,98946254.83,0.0012583941214169,-0.0067010274708951,-2.877831056116212,-0.073062893479692,-0.0193970418949187,-0.059119973853778,-1.1215758486194725
0.0,0.0,20.98592667896889,1.2927290224944568,-7.0,10.0,13.0,CAF,1974,Central African Republic,Low income,Sub-Saharan Africa,78051063.39,121947261.5,0.0016434310720747,-0.0041382423126741,-2.9095045010699896,-0.042902057412502,-0.0155333587539268,-0.0595144013695383,-0.8178045046397763
0.0,0.0,20.98996837134416,1.3121821907650486,-7.0,10.0,14.0,CAF,1975,Central African Republic,Low income,Sub-Saharan Africa,80012173.79,151160965.1,0.0018326880630512,-0.0033612490029323,-2.847114909943152,-0.0259522041894297,-0.0137230826117232,-0.054581171112805,-0.6749138162866036
0.0,0.0,21.04286930322973,1.3270457925452794,-7.0,10.0,15.0,CAF,1976,Central African Republic,Low income,Sub-Saharan Africa,100096593.2,132307726.5,0.0019219446065657,-0.0014034283337036,-2.8658463214284975,-0.021150937241713,-0.0139971338165444,-0.0575024874335198,-0.6523352142972103
0.0,0.0,21.080225152847603,1.3373663419989015,-7.0,10.0,16.0,CAF,1977,Central African Republic,Low income,Sub-Saharan Africa,127861442.6,174129612.9,0.001965112262776,-0.0011249622637566,-2.869401514123743,-0.0008059759736326,-0.0141579088796212,-0.0553015571428902,-0.5884029179811173
0.0,0.0,21.092244978723418,1.3478596564210144,-7.0,10.0,17.0,CAF,1978,Central African Republic,Low income,Sub-Saharan Africa,142999455.0,206899211.5,0.0018238860117768,-0.0009028636320834,-2.807143949912106,0.0202480267995636,-0.0122040551710239,-0.0488837668233886,-0.4454835308003059
0.0,0.0,21.06728466768832,1.3585749446581343,-7.0,10.0,18.0,CAF,1979,Central African Republic,Low income,Sub-Saharan Africa,157199524.1,246199254.6,0.0020506489324755,-8.407589217601025e-05,-2.8321639111011576,0.0313247316914068,-0.0119896559147152,-0.042527507503637,-0.2618957433052173
0.0,0.0,21.021464381448332,1.3695472315126254,-7.0,10.0,19.0,CAF,1980,Central African Republic,Low income,Sub-Saharan Africa,201027871.8,327433639.8,0.0020973184134811,0.0003251119745719,-2.882312055450108,0.0340941186532724,-0.014080661453933,-0.040408393284628,-0.162334892811964
0.0,0.0,21.005899213403506,1.3808548610772293,-7.0,10.0,20.0,CAF,1981,Central African Republic,Low income,Sub-Saharan Africa,169417093.9,236648334.6,0.0021456346292243,0.0004898792102208,-2.896363619568462,0.0328503388917589,-0.0144327091301638,-0.0410077980725726,-0.1443904668965636
0.0,0.0,21.080225152847603,1.392477252592032,-7.0,10.0,21.0,CAF,1982,Central African Republic,Low income,Sub-Saharan Africa,165958867.2,256106223.6,0.0020962686392704,0.0005065442094479,-2.892668740025248,0.0328304210668757,-0.0143262718514248,-0.0408769930650185,-0.1446867978586136
0.0,0.0,20.99546744949481,1.4043804041632864,-7.0,10.0,22.0,CAF,1983,Central African Republic,Low income,Sub-Saharan Africa,159064467.5,241183744.3,0.002074208397359,0.0004927760667253,-2.9009799104000105,0.0313702126836849,-0.0144335556006118,-0.0405786116855794,-0.1438564875963992
0.0,0.0,21.08605491899064,1.4166057599439372,-7.0,10.0,23.0,CAF,1984,Central African Republic,Low income,Sub-Saharan Africa,149211731.0,226437036.7,0.0020654130282779,0.0004785244850723,-2.8997812143917403,0.0316040426339595,-0.0144283339848621,-0.0398246398662493,-0.1473311606199341
0.0,0.0,21.124575575452425,1.4291107058410588,-7.0,10.0,24.0,CAF,1985,Central African Republic,Low income,Sub-Saharan Africa,190340640.2,273603680.1,0.002062955490355,0.0004905289077263,-2.8889486950565524,0.0363188222888683,-0.0134322296533161,-0.0405869962269414,-0.1427214760616657
0.0,0.0,21.159730141145857,1.4418424118681552,-7.0,10.0,25.0,CAF,1986,Central African Republic,Low income,Sub-Saharan Africa,204099898.9,321221783.2,0.0020725562533499,0.0005053746019081,-2.8819004805175945,0.0464421836596828,-0.0130088524252887,-0.0406853608892512,-0.1375211044943807
0.0,0.0,21.10907887318436,1.455002806261504,-7.0,10.0,26.0,CAF,1987,Central African Republic,Low income,Sub-Saharan Africa,214306703.9,342886733.4,0.0021208655974459,0.0007157491603375,-2.8810618583540277,0.0338945946653625,-0.0106518160271228,-0.0290062645118911,-0.0698742590165563
0.0,0.0,21.126035938785314,1.4716515286174523,-7.0,10.0,27.0,CAF,1988,Central African Republic,Low income,Sub-Saharan Africa,224453247.4,316906377.1,0.0021473925455723,0.0005712082076761,-2.893917697624418,0.0101018961421074,-0.0076560514200128,-0.0266531367361037,-0.0193543795389128
0.0,0.0,21.145615702512515,1.4971188300105482,-7.0,10.0,28.0,CAF,1989,Central African Republic,Low income,Sub-Saharan Africa,250535801.9,326536959.5,0.0023450639252369,0.0006103576744757,-2.893976210517604,0.0036066322516642,-0.0095210540298303,-0.0260960493494308,-0.0091309013315793
0.0,0.0,21.123906472647047,1.5282181771352432,-7.0,10.0,29.0,CAF,1990,Central African Republic,Low income,Sub-Saharan Africa,245892979.7,372791504.7,0.0033281774828934,0.0010461862709852,-2.8950120870522045,-0.0086291963476651,-0.0069678235150325,-0.0270719384643736,0.0113498352802544
0.0,0.0,21.118365720571614,1.559507591723154,-6.0,10.0,30.0,CAF,1991,Central African Republic,Low income,Sub-Saharan Africa,242234407.7,359806856.1,0.0047782636627637,0.0010453185722532,-2.897274276589624,-0.0109085875710834,0.005280278719916,-0.0262448372996179,0.0221526241223493
0.0,1.0,21.051968639529218,1.5912736802992666,-6.0,10.0,31.0,CAF,1992,Central African Republic,Low income,Sub-Saharan Africa,238129778.7,372229134.5,0.0053620346654728,-0.001481139504462,-2.9504111895513407,-0.0127018277037104,0.0006650833127216,-0.0252460708805957,0.0702718354178695
0.0,1.0,21.055315788233493,1.6231287963115981,5.0,10.0,32.0,CAF,1993,Central African Republic,Low income,Sub-Saharan Africa,218665899.4,292701105.8,0.00535230318438,-0.0018307115413235,-3.017825759849114,-0.0308682449468675,-0.0367076212681716,-0.0329097648132606,0.0459884467008832
0.0,1.0,21.10315263545038,1.654340254522214,5.0,10.0,33.0,CAF,1994,Central African Republic,Low income,Sub-Saharan Africa,199169785.1,212952089.3,0.0054124074859406,-0.0026592891877259,-3.0316031725586807,-0.0360780774611706,-0.0379101098735078,-0.0325216862260932,0.0496588191690114
0.0,1.0,21.17267912316688,1.6816195476058173,5.0,10.0,34.0,CAF,1995,Central African Republic,Low income,Sub-Saharan Africa,247850125.4,315152751.8,0.0051667979148851,-0.0028806795913697,-3.0402502184175457,-0.0370635901865596,-0.0440992452597084,-0.0329629164751069,0.0722516190618912
0.0,1.0,21.131856160477565,1.707538681284023,5.0,10.0,35.0,CAF,1996,Central African Republic,Low income,Sub-Saharan Africa,216376647.8,258135808.3,0.0043004603617108,-0.0031088042667529,-3.0691479457117716,-0.0373454564522031,-0.0441580838252632,-0.0323188724683557,0.0919911637803515
0.0,1.0,21.18349878567589,1.7350202048856225,5.0,10.0,36.0,CAF,1997,Central African Republic,Low income,Sub-Saharan Africa,252105056.5,271328268.4,0.0029252618939512,-0.0027908759722642,-3.0963048774818236,-0.0366139140823204,-0.0494468779206689,-0.0302654342192275,0.1231109222619811
0.0,1.0,21.229429077676617,1.7621503190707422,5.0,10.0,37.0,CAF,1998,Central African Republic,Low income,Sub-Saharan Africa,219168761.7,274652957.9,0.00262957308044,-0.0027703712994326,-3.1107768128016224,-0.0381167391373746,-0.0505455073528309,-0.0293194647760577,0.128299489477807
0.0,0.0,21.264795979379862,1.7895016330665818,5.0,10.0,38.0,CAF,1999,Central African Republic,Low income,Sub-Saharan Africa,192136061.3,239761597.8,0.0025671884424576,0.0006465375811904,-3.1404179323985097,-0.0414398623736321,-0.0527200066382496,-0.0290844789561811,0.1256569090201212
0.0,0.0,21.23958655041399,1.8169971751792626,5.0,10.0,39.0,CAF,2000,Central African Republic,Low income,Sub-Saharan Africa,186767826.2,231830682.5,0.0021796049319514,0.0002861941178799,-3.1513752316959347,-0.0474885621878838,-0.0524056025713103,-0.030676562812997,0.1344727070345504
0.0,0.0,21.283265953303918,1.8392016412959782,5.0,10.0,40.0,CAF,2001,Central African Republic,Low income,Sub-Saharan Africa,160016888.5,210529062.9,0.0021333307464285,0.0004744904530363,-3.1679443444860396,-0.054671601203732,-0.0536381456290532,-0.0340430948630041,0.1418063164002214
0.0,0.0,21.318792758071506,1.8610533216157106,5.0,10.0,41.0,CAF,2002,Central African Republic,Low income,Sub-Saharan Africa,158999418.9,200666492.4,0.0018956021264681,0.0003428798349957,-3.129783044035465,-0.0588287323211336,-0.0502990733297964,-0.0330496940364795,0.1717102336751107
0.0,0.0,21.263306631297993,1.8849802369729043,-1.0,10.0,42.0,CAF,2003,Central African Republic,Low income,Sub-Saharan Africa,208312702.5,205562216.1,0.0013868548153102,-0.0002837694045276,-3.1704673480030463,-0.0580776626113887,-0.0742497598851393,-0.029057415290593,0.2368772004545392
0.0,0.0,21.321527276015345,1.906615833021978,-1.0,10.0,43.0,CAF,2004,Central African Republic,Low income,Sub-Saharan Africa,178103975.6,244878981.2,0.0010595018389625,-0.0009286462802346,-3.1912568885611856,-0.0537202946050938,-0.0861681684029681,-0.0226141685923795,0.3477587094944613
0.0,0.0,21.330568387057735,1.9292501686303287,-1.0,10.0,44.0,CAF,2005,Central African Republic,Low income,Sub-Saharan Africa,178779525.6,290432567.3,0.0009741420495342,-0.001702976934136,-3.20942323397165,-0.0426483242689584,-0.0881238766800071,-0.01993007169715,0.4348488868235382
0.0,1.0,21.377176032340685,1.9497366953369537,-1.0,10.0,45.0,CAF,2006,Central African Republic,Low income,Sub-Saharan Africa,209279918.8,322776663.2,0.0009099245289713,0.0026290295455961,-3.192871474073079,-0.0301399298142547,-0.0919015564039525,-0.0218067026179134,0.5471765643878228
0.0,1.0,21.422221430467932,1.9690105129480924,-1.0,10.0,46.0,CAF,2007,Central African Republic,Low income,Sub-Saharan Africa,239933929.8,398870436.5,0.0008852286232584,0.0011860643266604,-3.129056728628827,-0.0171380836879695,-0.1072085637482005,-0.0318778108759196,0.7010215129421493
0.0,1.0,21.44255461249744,1.99034065513936,-1.0,10.0,47.0,CAF,2008,Central African Republic,Low income,Sub-Saharan Africa,219347920.2,467132356.2,0.001199845063753,0.0019060005174096,-3.151132140705744,-0.0003655821056983,-0.106178152823146,-0.030438151905182,0.8085675821543481
0.0,1.0,21.524938519905444,1.9837524055681388,-1.0,10.0,48.0,CAF,2009,Central African Republic,Low income,Sub-Saharan Africa,203464465.6,447641811.9,0.0009447040716001,0.000434040435088,-3.072305920937367,-0.0071055457492511,-0.1346680414244061,-0.0383640139410245,0.8125718043374367
0.0,1.0,21.570206473536793,1.975760380671852,-1.0,10.0,49.0,CAF,2010,Central African Republic,Low income,Sub-Saharan Africa,249093430.3,488611163.4,0.0009826152186379,0.0002410034357543,-3.0636056235281317,-0.0145849755333993,-0.140979114813444,-0.0429629192298222,0.8432871108993745
0.0,1.0,21.611296739280565,1.9916639777439376,-1.0,10.0,50.0,CAF,2011,Central African Republic,Low income,Sub-Saharan Africa,320053983.6,520455628.9,0.0010714438652426,-0.0011917914628176,-3.0157474976724035,-0.0123720596115074,-0.1525244144025174,-0.045488537866769,0.8671007404091217
0.0,1.0,21.660598784372418,2.001652651521245,-1.0,10.0,51.0,CAF,2012,Central African Republic,Low income,Sub-Saharan Africa,289922950.7,539911033.3,0.0010778216236705,-0.0025251740531144,-2.946013431150972,-0.0091090777821219,-0.1477731291663536,-0.0431345373403652,0.9066543761499202
0.0,1.0,21.208168207329184,2.0084764300427302,0.0,10.0,52.0,CAF,2013,Central African Republic,Low income,Sub-Saharan Africa,253274134.9,396266752.4,0.00105712195429,0.0034110494316383,-3.2195665518227283,0.0043283698573517,-0.0004174617184881,-0.0319126333738078,0.927102971912302
0.0,1.0,21.20897858372832,2.0043240760435994,0.0,10.0,53.0,CAF,2014,Central African Republic,Low income,Sub-Saharan Africa,315975056.0,690077856.7,0.0011883869831744,0.0034046045669102,-3.2062469541349192,0.0051592486227372,0.0018646656754602,-0.0316717623536996,0.9412157767617284
0.0,1.0,21.25143560252585,2.005650852532691,0.0,10.0,54.0,CAF,2015,Central African Republic,Low income,Sub-Saharan Africa,289437777.7,611811304.2,0.0011934772576563,0.0032439581804729,-3.209297759188331,0.003973598991663,0.0003913186448327,-0.0319828521830207,0.9421048182056856
0.0,1.0,21.29784500052023,2.0237061762818698,6.0,10.0,55.0,CAF,2016,Central African Republic,Low income,Sub-Saharan Africa,270501993.1,651691428.9,0.0009531067680582,0.0040853502242987,-3.1611359043768927,0.0060319024810797,0.0464498957734425,-0.038669451006304,0.9758363543208424
0.0,1.0,21.342122887070513,2.0405039917020784,6.0,10.0,56.0,CAF,2017,Central African Republic,Low income,Sub-Saharan Africa,357682916.8,826531337.1,0.0009566778149539,0.0046802988106353,-3.108442375998205,0.0036174797582515,0.0454612200931832,-0.0379385409512395,0.9902192335802018
0.0,1.0,21.379316967297388,2.0581108405082227,6.0,10.0,57.0,CAF,2018,Central African Republic,Low income,Sub-Saharan Africa,354024742.2,748917943.8,0.0009566778149539,0.0047979151170079,-3.0757828919121875,0.0007248426645057,0.050196612328235,-0.0386149636121202,0.9841032018553892
0.0,0.0,24.062058079499074,2.415582726187916,5.0,12.0,0.0,CHL,1961,Chile,High income,Latin America & Caribbean,550751428.6,749723809.5,0.0207079227419519,-0.0011439833837806,0.0081577735794736,0.0033601524643534,-0.0130019537094503,-0.0162982167172325,-2.052526870311331
0.0,0.0,24.101535352266296,2.436063578344003,5.0,12.0,1.0,CHL,1962,Chile,High income,Latin America & Caribbean,639219281.7,720689035.9,0.0211194516736937,-0.0009941985950644,-0.002593962833367,0.0047832754135718,-0.0128100962731835,-0.0167148179920811,-2.0084616394998873
0.0,0.0,24.158295010167734,2.4562288743699887,5.0,12.0,2.0,CHL,1963,Chile,High income,Latin America & Caribbean,687611590.6,825800246.6,0.0209715967674788,-0.0007520148668889,0.0398865090439097,0.0049061643305142,-0.0135403158168284,-0.0164823040978669,-2.0471059949803134
0.0,0.0,24.183545716150597,2.4759159434062843,6.0,12.0,3.0,CHL,1964,Chile,High income,Latin America & Caribbean,730563068.9,788872995.2,0.0194910511036544,-0.0008158012549608,0.0565288471282477,0.0049201959061743,-0.0154797186247289,-0.0164515406427301,-2.0505510325772742
0.0,0.0,24.193003574307912,2.4950045745341325,6.0,12.0,4.0,CHL,1965,Chile,High income,Latin America & Caribbean,811080139.4,772992397.8,0.0183227480669798,-0.0008251967004842,0.0605889183785503,0.0035789550173304,-0.0156149087833054,-0.0173767708819652,-2.027666944232252
0.0,0.0,24.29948963842404,2.513558242905134,6.0,12.0,5.0,CHL,1966,Chile,High income,Latin America & Caribbean,1027139444.0,960122046.2,0.0142355331603815,-0.0005852455776312,0.1030769790911892,0.0001647562166786,-0.0144239210678849,-0.0163712980041957,-1.982815374300188
0.0,0.0,24.335011209070515,2.531606335190405,6.0,12.0,6.0,CHL,1967,Chile,High income,Latin America & Caribbean,991413772.7,910871349.6,0.0130082357595217,-0.0004397505873306,0.1182024712895262,-0.0009024672712027,-0.0165138622743375,-0.0165606314895692,-1.9526289589615295
0.0,0.0,24.370301258525668,2.549183127220118,6.0,12.0,7.0,CHL,1968,Chile,High income,Latin America & Caribbean,985246218.7,942056428.2,0.0113616327167055,-0.0004917092169817,0.1022757153864576,-0.0010088485921805,-0.0181195074028795,-0.0184189548444215,-1.880692050862014
0.0,0.0,24.408925479200065,2.566434507157489,6.0,12.0,8.0,CHL,1969,Chile,High income,Latin America & Caribbean,1344218032.0,1175704224.0,0.0076941524510251,0.0005057013261856,0.1236455858088031,-0.0041311899163944,-0.022415713953846,-0.0184557787097016,-1.7730472999696472
0.0,0.0,24.427049904706866,2.5833421271219437,6.0,12.0,9.0,CHL,1970,Chile,High income,Latin America & Caribbean,1312710942.0,1277369303.0,0.0053112042846978,0.0020739234569677,0.2560722905727979,-0.0034889310879376,-0.0234311109169264,-0.0226478216490923,-1.6511012005001957
0.0,0.0,24.517097956588614,2.599898197308695,6.0,12.0,10.0,CHL,1971,Chile,High income,Latin America & Caribbean,1178754034.0,1309764436.0,0.0060768221248151,0.0025716160002767,0.214301921877056,-0.0083865566817307,-0.0186472820161771,-0.0272483841018274,-1.5201098713853396
0.0,0.0,24.50684610755874,2.616245559114092,6.0,12.0,11.0,CHL,1972,Chile,High income,Latin America & Caribbean,1131291625.0,1557530214.0,0.0054147116036928,0.0024216710950114,0.2335988245847143,0.0007214670318575,-0.021204770752607,-0.0292420802304571,-1.4744496168079626
0.0,0.0,24.455244888337155,2.632398352759085,-7.0,12.0,12.0,CHL,1973,Chile,High income,Latin America & Caribbean,2238225385.0,2589239510.0,0.0053439823348919,0.0010049704406236,0.2357836184165796,0.0112438547215258,-0.0148141173777626,-0.0327348645826605,-1.2105730359276643
1.0,0.0,24.478787076840003,2.648272577772928,-7.0,12.0,13.0,CHL,1974,Chile,High income,Latin America & Caribbean,3166203510.0,3129086575.0,-0.0596341625492636,-0.0006664301301243,0.2049092769598993,0.0938405846087154,-0.0422701240153987,-0.0439240413740273,-0.8285427109437684
1.0,0.0,24.340534832214548,2.663925639661914,-7.0,12.0,14.0,CHL,1975,Chile,High income,Latin America & Caribbean,1837775113.0,2025174741.0,-0.0718555776371826,-0.0014080791740626,0.087026002276316,0.1166438419550639,-0.0460986100973879,-0.0349157315257839,-0.7889896669117187
1.0,0.0,24.378144479105078,2.6794251105961604,-7.0,12.0,15.0,CHL,1976,Chile,High income,Latin America & Caribbean,2475236058.0,2099453727.0,-0.0732872764725771,-0.0002736343821201,-0.0106977701166289,0.1305037446293833,-0.0378186607858011,-0.0317786648307523,-0.7567849795273489
1.0,1.0,24.477489112996796,2.694740348690663,-7.0,12.0,16.0,CHL,1977,Chile,High income,Latin America & Caribbean,2755061055.0,3075423107.0,-0.0651681182815891,-0.0128196971981588,0.1342070869925374,0.1145121760376837,-0.0329950693305027,-0.0401200985426197,-0.6760950617156876
1.0,1.0,24.551678758119618,2.7098163292460073,-7.0,12.0,17.0,CHL,1978,Chile,High income,Latin America & Caribbean,3169461902.0,3783299653.0,-0.0385556203182901,8.06459998185187e-05,0.3840283711541867,0.0571729636826375,-0.0142332130517236,-0.123782170414441,-0.6932410847031905
1.0,1.0,24.632505509314317,2.724660284052843,-7.0,12.0,18.0,CHL,1979,Chile,High income,Latin America & Caribbean,4825253306.0,5571046794.0,-0.0153841622831748,-0.0050785136030118,0.5016202874281868,0.0461545814979137,-0.0084990245474348,-0.1218078791719528,-0.5208400170403086
1.0,1.0,24.70934266089057,2.7394337116605247,-7.0,12.0,19.0,CHL,1980,Chile,High income,Latin America & Caribbean,6292627054.0,7679845876.0,-0.0144773103501387,-0.0117672784116539,0.4933558474856317,0.0508532389612671,-0.0155069390645792,-0.0896680641302466,-0.3955512078902488
0.0,1.0,24.772555651082385,2.7541115998611856,-7.0,12.0,20.0,CHL,1981,Chile,High income,Latin America & Caribbean,5363825291.0,9047297177.0,0.0024818158523039,-0.0080275678717796,0.5332180273395665,0.0408701044679737,-0.0147344005035654,-0.0959421232845442,-0.3500897540777598
0.0,1.0,24.65586109090691,2.7686894010084626,-7.0,12.0,21.0,CHL,1982,Chile,High income,Latin America & Caribbean,3635010932.0,4150382431.0,6.25118888171997e-05,-0.0109045682410979,0.3979819094430354,0.015120266519994,-0.0139143167028417,-0.1131719434915055,-0.4161672416523448
0.0,1.0,24.604384405748824,2.783425922084598,-6.0,12.0,22.0,CHL,1983,Chile,High income,Latin America & Caribbean,4769390034.0,4356873073.0,3.4043104931356504e-05,-0.0110876692029617,0.3829364266680476,0.0162357903373563,-0.0158542148206173,-0.1146247390006547,-0.4181812418918605
0.0,1.0,24.644601576501174,2.7984130777041063,-6.0,12.0,23.0,CHL,1984,Chile,High income,Latin America & Caribbean,4485352694.0,4811879608.0,2.6976145221316316e-05,-0.0106599823954689,0.3917280307850648,0.0163169683744623,-0.0162164403752811,-0.1147419108516043,-0.4138210566972777
0.0,1.0,24.683917633200203,2.8136587453983903,-6.0,12.0,24.0,CHL,1985,Chile,High income,Latin America & Caribbean,4651072800.0,4311198581.0,7.262405241439268e-06,-0.0107229880726405,0.3951744594012453,0.0166583216126825,-0.0162315217978738,-0.1143208099986607,-0.4093665497941327
0.0,1.0,24.736298413132456,2.8291600599995643,-6.0,12.0,25.0,CHL,1986,Chile,High income,Latin America & Caribbean,5162723063.0,4673923939.0,-7.620738673117977e-05,-0.0095229907434924,0.4225275476936206,0.0170701442839586,-0.0165915636917965,-0.1109502077048867,-0.3919526541152661
0.0,1.0,24.798901955851647,2.8450188179475537,-6.0,12.0,26.0,CHL,1987,Chile,High income,Latin America & Caribbean,6306734128.0,5751612001.0,0.0016836186655569,-0.0110342275936991,0.497039390942563,0.0198391901933799,-0.021029939347192,-0.121996789303782,-0.3300088500614659
0.0,1.0,24.869780745445254,2.8612485230091638,-1.0,12.0,27.0,CHL,1988,Chile,High income,Latin America & Caribbean,8456927621.0,6766137916.0,0.001912486646499,-0.0159370062668088,0.6304888427537216,0.0233801242839431,-0.0333782886625358,-0.1323166824179494,-0.2431080649555371
1.0,1.0,24.964394163457907,2.877696400561942,8.0,12.0,28.0,CHL,1989,Chile,High income,Latin America & Caribbean,10088686694.0,8763350928.0,-0.0209551901071702,-0.0190090698406975,0.7197555143413752,0.0358174385753291,-0.0152641620088911,-0.1401829029944665,-0.2115130751253868
0.0,0.0,24.99718623280115,2.894368668485312,8.0,12.0,29.0,CHL,1990,Chile,High income,Latin America & Caribbean,10767995923.0,9693182798.0,0.003006113897181,0.0158217555309193,0.7409768703906415,0.0239566500331647,-0.0142763183710777,-0.120340509887497,-0.1421697198430144
0.0,0.0,25.072334448302392,2.9109976692946473,8.0,12.0,30.0,CHL,1991,Chile,High income,Latin America & Caribbean,11846241659.0,10140234075.0,0.0044562037270047,0.0150622156571859,0.7527600433252145,0.0246392492818621,-0.0136859816629738,-0.1149273325478178,-0.127244793725039
0.0,0.0,25.178195208412433,2.927122130067334,8.0,12.0,31.0,CHL,1992,Chile,High income,Latin America & Caribbean,13307830022.0,12540686002.0,0.0050792666973333,0.0123514509142833,0.7591164207615487,0.0240689951204921,-0.0133659669342629,-0.1019732882475463,-0.0496825351191087
0.0,0.0,25.242003311242176,2.9426796772387958,8.0,12.0,32.0,CHL,1993,Chile,High income,Latin America & Caribbean,12755908986.0,13666593546.0,0.0048593771845018,0.0096953637047076,0.810675893624541,0.0202168159730138,-0.014416675419894,-0.1041840434857364,-0.0520718817966573
0.0,0.0,25.291081033847163,2.9577391490054,8.0,12.0,33.0,CHL,1994,Chile,High income,Latin America & Caribbean,15653663029.0,14678158958.0,0.0046713726846919,0.006243510416792,0.8801434208791137,0.0214291629891682,-0.0189096449853526,-0.090436684992372,-0.0070090988438157
0.0,0.0,25.37664506590476,2.9723786880415832,8.0,12.0,34.0,CHL,1995,Chile,High income,Latin America & Caribbean,21024502601.0,19346030597.0,0.0041557461837855,0.0072950459393544,0.9339998989535572,0.0182102844034987,-0.0307469521645009,-0.0867723007783219,0.0329252766050196
0.0,0.0,25.44246089441909,2.986504344380885,8.0,12.0,35.0,CHL,1996,Chile,High income,Latin America & Caribbean,20392925352.0,21980210118.0,0.0031102166938615,0.0061450352080759,0.9756845710861712,0.0146248139433885,-0.0456962638511559,-0.0744843965210075,0.0802411299450114
0.0,0.0,25.513778013621955,2.999879100071653,8.0,12.0,36.0,CHL,1997,Chile,High income,Latin America & Caribbean,22188167110.0,24197336808.0,0.0017099341857857,0.0062708596188162,0.965458392803911,0.0129042018658155,-0.0501325038391211,-0.0752988741960909,0.1187701877710428
0.0,0.0,25.55473459194201,3.0128775192155444,8.0,12.0,37.0,CHL,1998,Chile,High income,Latin America & Caribbean,20615225095.0,23525063432.0,0.0013668545220928,0.0057696336434197,1.0025839942222727,0.0116046269542265,-0.0534916682526557,-0.0654488431906836,0.1395898400470486
0.0,0.0,25.5519954877447,3.025457794421485,8.0,12.0,38.0,CHL,1999,Chile,High income,Latin America & Caribbean,21395656218.0,19942566848.0,0.0012933563673546,0.0057382160747557,0.9998530856356248,0.0113872312507955,-0.0540259873163403,-0.0669436133277099,0.1442834061152716
0.0,0.0,25.600514489845914,3.037417986961674,9.0,12.0,39.0,CHL,2000,Chile,High income,Latin America & Caribbean,23598873696.0,22395900495.0,-0.0009448718059542,0.0055530078549367,1.0081797124658776,0.0098660536428143,0.0160188457700551,-0.0650951623817177,0.175350775930816
0.0,0.0,25.63156566493492,3.048974931122931,9.0,12.0,40.0,CHL,2001,Chile,High income,Latin America & Caribbean,22794630096.0,21685325013.0,-0.0019610517899706,0.005489410358554,1.0181278026206673,0.0089608196880819,0.0152336711717494,-0.0629172656158165,0.1851706899138511
0.0,0.0,25.663092326031737,3.0600128498641554,9.0,12.0,41.0,CHL,2002,Chile,High income,Latin America & Caribbean,22665228129.0,21238454276.0,-0.0022450409373827,0.0045200580330174,1.0181400229091615,0.0090590356288952,0.0160710958089474,-0.0595424140266518,0.1967253539128327
0.0,0.0,25.709239517971806,3.070478001119919,9.0,12.0,42.0,CHL,2003,Chile,High income,Latin America & Caribbean,26819043867.0,23431547435.0,-0.0051227786930855,0.0040276228698046,1.0764540762428725,0.0038268969865706,0.0320661666649981,-0.0640210856663781,0.2722145784533204
0.0,0.0,25.773852346544896,3.0805718175290777,9.0,12.0,43.0,CHL,2004,Chile,High income,Latin America & Caribbean,39319047541.0,29924524883.0,-0.0064905643922119,0.0025653320761706,1.1074849771814603,-0.0018646787292072,0.0442894106586764,-0.0630675899940714,0.3980056187066602
0.0,0.0,25.830580070637463,3.090496628968737,9.0,12.0,44.0,CHL,2005,Chile,High income,Latin America & Caribbean,49132372355.0,38995887874.0,-0.0072497428583322,0.0021458225164154,1.1934942065787633,-0.0073555552568297,0.0577755292377252,-0.0602257396731556,0.5636066654410185
0.0,0.0,25.889325285371243,3.100260972848491,10.0,12.0,45.0,CHL,2006,Chile,High income,Latin America & Caribbean,67484496460.0,45916076194.0,-0.0188690774049661,0.0004631905294832,1.308845443422358,-0.0144129699632856,0.2114054112360543,-0.0642464040366915,0.7506886867858769
0.0,0.0,25.93971675047455,3.110049007633575,10.0,12.0,46.0,CHL,2007,Chile,High income,Latin America & Caribbean,77844967147.0,54933531081.0,-0.0151938727384549,-0.0014503660926188,1.3446051332570248,-0.0109141352233191,0.1885750937344108,-0.0650951143679036,0.8719591449764037
0.0,0.0,25.976910052782703,3.120040386515189,10.0,12.0,47.0,CHL,2008,Chile,High income,Latin America & Caribbean,74049221810.0,71083667802.0,-0.012498322409355,-0.003098943169148,1.4081395388741724,-0.0031616666219226,0.1862520509600742,-0.0636854909577609,0.9869216520260304
0.0,0.0,25.965663433982492,3.130129066174395,10.0,12.0,48.0,CHL,2009,Chile,High income,Latin America & Caribbean,63756458255.0,50795405743.0,-0.0137007704001863,-0.0028009636672129,1.3430615971140225,-0.0029073702314778,0.165803443405333,-0.0647633799946143,0.9746643883474148
0.0,0.0,26.022532752530037,3.140174602767073,10.0,12.0,49.0,CHL,2010,Chile,High income,Latin America & Caribbean,82271078018.0,69051989772.0,-0.0159896412346792,-0.0028479465937711,1.461795263728796,-0.0002749631206262,0.2115812564117854,-0.0642076963414107,1.035108363655546
0.0,1.0,26.082913458646054,3.1500406439474387,10.0,12.0,50.0,CHL,2011,Chile,High income,Latin America & Caribbean,94745539749.0,87460679541.0,-0.0225506992832333,0.0012061361989966,1.495321011395415,0.003842091385164,0.2301894663865634,-0.0687358533032379,1.0654389016115955
0.0,1.0,26.142645301589003,3.159636273174133,10.0,12.0,51.0,CHL,2012,Chile,High income,Latin America & Caribbean,90376114426.0,91617677881.0,-0.0223940495743064,0.0012022941034513,1.498712441279605,0.0040296405021334,0.2298548274408811,-0.0683363085976961,1.070810233758413
0.0,1.0,26.175196596151658,3.1691737198671004,10.0,12.0,52.0,CHL,2013,Chile,High income,Latin America & Caribbean,89009025669.0,91695210221.0,-0.02216009042765,0.0012686722349639,1.502746957283285,0.0020213654073932,0.2271259421887999,-0.0684580518775178,1.0702680316448376
0.0,1.0,26.192961770245418,3.1791419044305864,10.0,12.0,53.0,CHL,2014,Chile,High income,Latin America & Caribbean,85665253392.0,84696629415.0,-0.0218792920525425,0.0012649545567644,1.503226379673452,0.0033945575829347,0.2243161035872405,-0.0681312744715402,1.0719924238028316
0.0,1.0,26.214255176113404,3.189357571660533,10.0,12.0,54.0,CHL,2015,Chile,High income,Latin America & Caribbean,70773876095.0,73118253440.0,-0.021399323253476,0.001237796138378,1.5136015027617935,0.0030482480411998,0.2161987590218484,-0.0683894681781836,1.0698863381475785
0.0,1.0,26.231633409857345,3.2014517258855046,10.0,12.0,55.0,CHL,2016,Chile,High income,Latin America & Caribbean,69624960593.0,70152436857.0,-0.0213993545729842,0.0012511652413208,1.5146366874084605,0.0031240590382196,0.2161086233964997,-0.0685108410527343,1.068973513220356
0.0,1.0,26.24511867799673,3.217291208426469,10.0,12.0,56.0,CHL,2017,Chile,High income,Latin America & Caribbean,78238304039.0,76480320654.0,-0.0211652769104689,0.001306719456069,1.5315843084806675,0.0024302937219911,0.201419930376122,-0.0689948622551341,1.080653146314278
0.0,1.0,26.2842435779632,3.235145066908403,10.0,12.0,57.0,CHL,2018,Chile,High income,Latin America & Caribbean,84405336512.0,87715867713.0,-0.0211665714267897,0.0013030223039553,1.5400191590912242,0.0023966979039592,0.2013814757079403,-0.0682466285142211,1.0850065355494614
1.0,0.0,25.473168201890527,4.253280802680336,-8.0,13.0,0.0,CHN,1961,China,Upper middle income,East Asia & Pacific,1505610000.0,1408090000.0,-0.0213856713632096,-0.0070530575211288,0.960799255892206,-0.0223658983740353,-0.0256870286410288,-0.077317783489853,-2.2417942170033913
1.0,0.0,25.415750687261212,4.261485358112919,-8.0,13.0,1.0,CHN,1962,China,Upper middle income,East Asia & Pacific,1505370000.0,1127720000.0,-0.0207292237240249,-0.007421963243478,0.9263789347799204,-0.0175146469918995,-0.0237772859132327,-0.0791840276560742,-2.223919871412711
1.0,0.0,25.513786321788466,4.286061832263425,-8.0,13.0,2.0,CHN,1963,China,Upper middle income,East Asia & Pacific,1666350000.0,1210670000.0,-0.021982968832657,-0.006952133379445,0.9659630419748404,-0.0228149870254452,-0.0264562270785909,-0.0770177325144861,-2.2371160807295474
1.0,0.0,25.680823790049583,4.309268662072102,-8.0,13.0,3.0,CHN,1964,China,Upper middle income,East Asia & Pacific,1938860000.0,1481100000.0,-0.0214206389101522,-0.007072060759061,1.0220207321156358,-0.0159647844173526,-0.0286427843690543,-0.069370458366394,-2.2579922354130257
1.0,1.0,25.837401918477468,4.333082343164941,-8.0,13.0,4.0,CHN,1965,China,Upper middle income,East Asia & Pacific,2246600000.0,1916420000.0,-0.0243802269854946,0.0252853905303435,1.1451259475537554,0.0275310205748895,-0.0388461711371156,-0.0696180335576455,-2.2376006770105072
1.0,0.0,25.938603687618187,4.360955661492016,-9.0,13.0,5.0,CHN,1966,China,Upper middle income,East Asia & Pacific,2370600000.0,2185300000.0,-0.0253043223394016,-0.0057513879973363,1.1679921293964308,0.0562024039019974,-0.0227219814381608,-0.0663734677603619,-2.233812660054007
1.0,0.0,25.87917250626333,4.386662637661201,-9.0,13.0,6.0,CHN,1967,China,Upper middle income,East Asia & Pacific,2155880000.0,1919860000.0,-0.024208879571439,-0.0057663137535823,1.141522299889429,0.0478181937986031,-0.0243224098668639,-0.0671130249017444,-2.2062504936384806
1.0,0.0,25.837305735151975,4.412771663895166,-9.0,13.0,7.0,CHN,1968,China,Upper middle income,East Asia & Pacific,2114700000.0,1845220000.0,-0.0221630546006898,-0.0055207727369895,1.1341857199625058,0.0244763868307938,-0.0268712513326489,-0.0672024940480489,-2.1605633000074485
1.0,0.0,25.99379568160923,4.440171685009874,-8.0,13.0,8.0,CHN,1969,China,Upper middle income,East Asia & Pacific,2214390000.0,1731190000.0,-0.0218505470929537,-0.0050670299227454,1.1757346772681865,0.0132897037507788,-0.0472528350327242,-0.0684173730735746,-2.1589532350681147
1.0,0.0,26.170270414289416,4.467788440660166,-8.0,13.0,9.0,CHN,1970,China,Upper middle income,East Asia & Pacific,2274220000.0,2201560000.0,-0.0179336153666904,-0.0043523512165565,1.221511673580434,0.0077827158800875,-0.0600247467702208,-0.0696690053635966,-2.04868649619431
1.0,1.0,26.23848733001864,4.495257596121243,-8.0,13.0,10.0,CHN,1971,China,Upper middle income,East Asia & Pacific,2710416000.0,2233127000.0,-0.0184309804393817,0.0107834144024135,1.2462267486288672,-0.0079901302019582,-0.0601615766886834,-0.0671392591429848,-1.9697057068584225
1.0,1.0,26.275880401114904,4.519831165503189,-8.0,13.0,11.0,CHN,1972,China,Upper middle income,East Asia & Pacific,3537210000.0,2916450000.0,-0.0170248878338184,0.0113976137286081,1.2607726332302176,-0.0155208566694096,-0.0577191909956864,-0.0654707402485959,-1.92888332875166
0.0,1.0,26.35061713006609,4.542665119073734,-8.0,13.0,12.0,CHN,1973,China,Upper middle income,East Asia & Pacific,5959279000.0,5257791000.0,0.0016993455394768,0.0046273123971296,1.4188060745097968,-0.0064216887188783,-0.0407841112543822,-0.0494795946025159,-1.5657081524546108
0.0,1.0,26.373454126581194,4.563324669201749,-8.0,13.0,13.0,CHN,1974,China,Upper middle income,East Asia & Pacific,7213067000.0,7716198000.0,0.0042094203365272,-0.001677988287073,1.4881994135535026,-0.0311972557509474,-0.0282131955585412,-0.0542022214305836,-1.1675802481074091
0.0,1.0,26.457060085670584,4.580988587043004,-8.0,13.0,14.0,CHN,1975,China,Upper middle income,East Asia & Pacific,7974570000.0,8355050000.0,0.0062281414309332,-0.0064726375059763,1.6170891997449652,-0.0585488673253966,-0.0299065815292234,-0.0510318197250733,-1.0933855533446304
0.0,1.0,26.441233885561264,4.596461966769771,-7.0,13.0,15.0,CHN,1976,China,Upper middle income,East Asia & Pacific,7440600000.0,7349809000.0,0.0062036134705899,-0.0046079331973408,1.5934725119237327,-0.0616949823553147,-0.0208860752443395,-0.0608778173572409,-1.067599930164507
0.0,1.0,26.514207177715186,4.610089762005449,-7.0,13.0,16.0,CHN,1977,China,Upper middle income,East Asia & Pacific,8271070000.0,8060398000.0,0.0064669796192101,-0.0061002356207587,1.723671593098843,-0.0588742810884637,-0.0257471653993514,-0.0534780781753941,-0.9748608249905
0.0,1.0,26.62149879248799,4.623471585044044,-7.0,13.0,17.0,CHN,1978,China,Upper middle income,East Asia & Pacific,10801140000.0,12261700000.0,0.0053285897375661,-0.0076788718282585,1.81496027838505,-0.0556613638578678,-0.0256856910494205,-0.0486354281600092,-0.9411478273277988
0.0,1.0,26.69466797301734,4.63681086428122,-7.0,13.0,18.0,CHN,1979,China,Upper middle income,East Asia & Pacific,13962640000.0,15535283000.0,0.0063179292241624,-0.0092248471475212,1.9506283949755312,-0.0474624806362696,-0.0376157772683861,-0.0410407340799851,-0.6690608720481478
0.0,1.0,26.7700941328905,4.649353074850412,-7.0,13.0,19.0,CHN,1980,China,Upper middle income,East Asia & Pacific,19405720000.0,21842710000.0,0.0068716855572442,-0.005745467304428,2.0903213338674895,-0.0416961933796154,-0.058431723232314,-0.0385624356975933,-0.4196015946251871
0.0,1.0,26.819957140766892,4.662162598606155,-7.0,13.0,20.0,CHN,1981,China,Upper middle income,East Asia & Pacific,24369970000.0,22219750000.0,0.0076932100360645,-0.0047011832791208,2.1236252515423266,-0.0448905791202178,-0.0602764560360392,-0.0372790541819217,-0.4315514025420018
0.0,1.0,26.906292448879796,4.676889345771545,-7.0,13.0,21.0,CHN,1982,China,Upper middle income,East Asia & Pacific,22600124795.0,17788124795.0,0.0065596543101612,-0.0054026839018927,2.163740428448024,-0.0500606019280712,-0.0581326448394085,-0.0378216353263525,-0.4833442613078698
0.0,1.0,27.00857840789709,4.691338842738746,-7.0,13.0,22.0,CHN,1983,China,Upper middle income,East Asia & Pacific,21956304449.0,19385304449.0,0.0065093527284495,-0.0053330503034566,2.166950770056991,-0.0515051276145889,-0.059200272456294,-0.0397795558860556,-0.4837452575123161
0.0,1.0,27.150005072018256,4.704459530224506,-7.0,13.0,23.0,CHN,1984,China,Upper middle income,East Asia & Pacific,24764305081.0,24710305081.0,0.00656829831063,-0.0044552895420512,2.271372793414358,-0.0530369104483401,-0.0496258000508432,-0.031738008512793,-0.583889863014169
0.0,1.0,27.27602761471521,4.718076521403648,-7.0,13.0,24.0,CHN,1985,China,Upper middle income,East Asia & Pacific,25801403274.0,38302403274.0,0.0069176501479149,-0.003778832320853,2.3600855855416243,-0.0497201301237658,-0.0434029588312966,-0.0236246152218005,-0.6556855023179053
0.0,1.0,27.361745925932304,4.732950511131043,-7.0,13.0,25.0,CHN,1986,China,Upper middle income,East Asia & Pacific,26202580690.0,33592580690.0,0.0070191963756176,-0.0036286462963035,2.3758538328569787,-0.0332867769243509,-0.0446550800725396,-0.0251335301865951,-0.6336654735840783
0.0,1.0,27.472011316343824,4.748986561508095,-7.0,13.0,26.0,CHN,1987,China,Upper middle income,East Asia & Pacific,34072853910.0,33781853910.0,0.0073088759680079,-0.0038075685591621,2.3685175717828706,-0.0266994846972044,-0.0460658461413303,-0.02452225694454,-0.5817678282826187
0.0,1.0,27.578374274330187,4.76508727237574,-7.0,13.0,27.0,CHN,1988,China,Upper middle income,East Asia & Pacific,44923701330.0,48984701330.0,0.0072582040886857,-0.0037980529820802,2.3914157876278157,-0.0095240561758919,-0.0424732707795636,-0.0243668795783453,-0.4893109028493002
0.0,1.0,27.61957687975429,4.780418972942786,-7.0,13.0,28.0,CHN,1989,China,Upper middle income,East Asia & Pacific,41190793490.0,46118793490.0,0.0075284147838373,-0.0039766016979908,2.4079321572854626,-0.0175722914224527,-0.0409907387706143,-0.0227826643754424,-0.4698915611306967
0.0,1.0,27.658032988175346,4.795092004979829,-7.0,13.0,29.0,CHN,1990,China,Upper middle income,East Asia & Pacific,49129758920.0,38461758920.0,0.008162454338046,-0.0044807774981967,2.4135471989548893,-0.0195157506762385,-0.0408320523096135,-0.0239887622815887,-0.4460489113791541
0.0,1.0,27.746615090671792,4.808736344638897,-7.0,13.0,30.0,CHN,1991,China,Upper middle income,East Asia & Pacific,55542659170.0,43941659170.0,0.0099081674319995,-0.0044502807055703,2.4355916824598953,-0.0208853087410432,-0.0391559800988369,-0.0232406430548275,-0.4274168476149528
0.0,1.0,27.87961406656853,4.820991706943365,-7.0,13.0,31.0,CHN,1992,China,Upper middle income,East Asia & Pacific,66847400129.0,61849400129.0,0.0098423433325084,-0.0029442512941553,2.708002166422642,-0.056098307888751,-0.0256171977943025,-0.033704163455937,-0.212634015831288
1.0,1.0,28.00962192170094,4.832487901345386,-7.0,13.0,32.0,CHN,1993,China,Upper middle income,East Asia & Pacific,74280328750.0,86072328750.0,-0.0719939330607426,-0.0049996445450159,2.968281597790607,-0.0910009027612912,-0.0226155718950636,-0.0302385627678938,-0.1529880986121637
1.0,1.0,28.132166032489646,4.843790507831682,-7.0,13.0,33.0,CHN,1994,China,Upper middle income,East Asia & Pacific,104607000000.0,97250445198.0,-0.0756653606650138,-0.0049334461142746,3.0299504566513904,-0.0968324295580481,-0.0224273775005394,-0.0239082624991932,-0.0903510233272313
0.0,1.0,28.23610727790873,4.854656664252554,-7.0,13.0,34.0,CHN,1995,China,Upper middle income,East Asia & Pacific,131859000000.0,119901000000.0,0.0135087450602815,-0.0048723070088229,2.9541299785558457,-0.0747225614068091,-0.0212477653072674,-0.0201633840554455,0.0219932153077702
0.0,1.0,28.330711840729503,4.865139144769284,-7.0,13.0,35.0,CHN,1996,China,Upper middle income,East Asia & Pacific,154812000000.0,137262000000.0,0.014703194024902,-0.0017132572480695,3.0181286690756517,-0.0621202374300742,-0.0175164537981284,-0.0187198781223491,0.1005768131044999
0.0,1.0,28.419060207012237,4.875373645060119,-7.0,13.0,36.0,CHN,1997,China,Upper middle income,East Asia & Pacific,187447000000.0,144624000000.0,0.012563672791887,-0.001633495709713,3.0189830078280773,-0.0607655963818574,-0.0175732098056352,-0.0165475781577829,0.1575934648153182
0.0,1.0,28.49459438186938,4.884969148968976,-7.0,13.0,37.0,CHN,1998,China,Upper middle income,East Asia & Pacific,188750000000.0,144914000000.0,0.0120153172460856,-0.0016972952366115,3.03391900751444,-0.0556588255560131,-0.017196393273805,-0.0158993398462727,0.1770428273627016
0.0,1.0,28.568419505529057,4.89362766298605,-7.0,13.0,38.0,CHN,1999,China,Upper middle income,East Asia & Pacific,198699000000.0,168058000000.0,0.0103873117779933,-0.000913745478864,3.0747735211313643,-0.0480772058703992,-0.0168573387184178,-0.0155075243470917,0.1946667868970947
0.0,1.0,28.649908146530663,4.901508294133518,-7.0,13.0,39.0,CHN,2000,China,Upper middle income,East Asia & Pacific,253092000000.0,224306000000.0,0.0086909537746188,-0.0003887498608757,3.1941257226189035,-0.0289407497690405,-0.0154590612123663,-0.0114333225393037,0.290040869961071
0.0,1.0,28.729973346809757,4.908772718691142,-7.0,13.0,40.0,CHN,2001,China,Upper middle income,East Asia & Pacific,272060000000.0,243974000000.0,0.0085033290809669,-0.0004036630846206,3.2935805300490224,0.0044203957350358,-0.0158233648064094,-0.0108300665237723,0.3561257195104773
0.0,1.0,28.817375625565866,4.915472820449506,-7.0,13.0,41.0,CHN,2002,China,Upper middle income,East Asia & Pacific,333002000000.0,295620000000.0,0.0080519140118319,0.0012743686043284,3.392299001310104,0.0290947035291392,-0.0145345959805692,-0.0100625117876968,0.4297753204188195
0.0,1.0,28.9130321587829,4.921701483505631,-7.0,13.0,42.0,CHN,2003,China,Upper middle income,East Asia & Pacific,447958000000.0,412137000000.0,0.0059413639146865,0.0033997480500441,3.4812493765079577,0.0733580612385261,-0.0159365762711715,-0.0078916583494763,0.5191339674125397
0.0,1.0,29.009374027042288,4.927640832669702,-7.0,13.0,43.0,CHN,2004,China,Upper middle income,East Asia & Pacific,607357000000.0,556183000000.0,0.0042070593723893,0.0042793130967602,3.547840780200201,0.1005790078111454,-0.0236713332082688,-0.0091051561795534,0.6672582699080201
0.0,1.0,29.11728297650147,4.933522157314171,-7.0,13.0,44.0,CHN,2005,China,Upper middle income,East Asia & Pacific,773339000000.0,648712000000.0,0.0027383723956735,0.0068958334486722,3.5810692320487907,0.1071763361227197,-0.0227508773681235,-0.0111291086641287,0.773505165777958
0.0,1.0,29.237027146185913,4.939105943464189,-7.0,13.0,45.0,CHN,2006,China,Upper middle income,East Asia & Pacific,991731000000.0,782812000000.0,0.0026056978913679,-0.0011283744975287,3.794372836420325,0.0499366398021985,-0.0249585245332577,-0.010395700407222,0.9338328815797672
0.0,1.0,29.370079282446536,4.944328726262644,-7.0,13.0,46.0,CHN,2007,China,Upper middle income,East Asia & Pacific,1258060000000.0,950021000000.0,0.0022642469747745,-0.0082060135618686,3.9281831052720033,0.0291266356075397,-0.0255392018329721,-0.0121010654765886,1.055677910583309
0.0,1.0,29.462208007713254,4.949452595083708,-7.0,13.0,47.0,CHN,2008,China,Upper middle income,East Asia & Pacific,1497870000000.0,1149040000000.0,0.0018460115098571,-0.0082547088886623,3.9806598461179825,0.0271759466605617,-0.0234692540862193,-0.0128142511735187,1.145894995253592
0.0,0.0,29.552036810596235,4.954426387684363,-7.0,13.0,48.0,CHN,2009,China,Upper middle income,East Asia & Pacific,1262660000000.0,1042530000000.0,0.0012248449981885,0.0028281218556837,4.1658429659172524,0.0537602631605829,-0.0242096606669221,-0.0133562428210092,1.2297194669992162
0.0,0.0,29.653111578150785,4.959255984781457,-7.0,13.0,49.0,CHN,2010,China,Upper middle income,East Asia & Pacific,1654820000000.0,1432420000000.0,0.0003282582165083,0.0024922149265054,4.254665126560216,0.0759341337052184,-0.0254630797627487,-0.0138001589759179,1.2888671621244698
0.0,0.0,29.74433012536988,4.96472056051106,-7.0,13.0,50.0,CHN,2011,China,Upper middle income,East Asia & Pacific,2006310000000.0,1825410000000.0,-0.0009981764114661,-0.0014017485833545,4.337426268603059,0.0962597164170781,-0.0238044446114623,-0.0143157380218569,1.344817657458387
0.0,0.0,29.820028692659736,4.9715040153436,-7.0,13.0,51.0,CHN,2012,China,Upper middle income,East Asia & Pacific,2175070000000.0,1943210000000.0,-0.0010479597994603,-0.00249794996424,4.382486610889089,0.1070838673124723,-0.0236440502569663,-0.014307756051537,1.3751785060836084
0.0,0.0,29.89482172060942,4.978164744944446,-7.0,13.0,52.0,CHN,2013,China,Upper middle income,East Asia & Pacific,2354260000000.0,2119390000000.0,-0.0009447828493102,-0.0024688805921656,4.40231304976282,0.1135756162548008,-0.0235822852185838,-0.0143488375557717,1.3867929599974664
0.0,1.0,29.966450868951675,4.9844680088270845,-7.0,13.0,53.0,CHN,2014,China,Upper middle income,East Asia & Pacific,2462830000000.0,2241280000000.0,-0.0010118006151914,-0.0013634553307326,4.398757808952648,0.1101122558501454,-0.0239877784162811,-0.0156727472503949,1.3909876292912369
0.0,1.0,30.03450076702082,4.990282570764992,-7.0,13.0,54.0,CHN,2015,China,Upper middle income,East Asia & Pacific,2362100000000.0,2003260000000.0,-0.0010336623908343,-0.0014211703201431,4.392819248037559,0.1075436229130162,-0.0240167728043197,-0.0156544685786743,1.387724160292383
0.0,1.0,30.10073798287556,4.9960131862269925,-7.0,13.0,55.0,CHN,2016,China,Upper middle income,East Asia & Pacific,2199970000000.0,1944490000000.0,-0.0010641455770311,-0.0014890706465258,4.395201988415169,0.1090215064443815,-0.0240384040336727,-0.0156423891674677,1.3885610092776766
1.0,1.0,30.16790332730689,5.002065635909111,-7.0,13.0,56.0,CHN,2017,China,Upper middle income,East Asia & Pacific,2424220000000.0,2208520000000.0,-0.007321342614346,-0.001314648046054,4.446638672579676,0.1190345177741597,-0.0259082844053815,-0.015547119428397,1.4281710729461854
1.0,1.0,30.233221792938906,5.006742356437775,-7.0,13.0,57.0,CHN,2018,China,Upper middle income,East Asia & Pacific,2655610000000.0,2564120000000.0,-0.007321342614346,-0.0013200940542171,4.454643074020516,0.1198590930637502,-0.0262062248614288,-0.0156308448384422,1.437744445858078
0.0,0.0,24.194109389093693,2.6746118138734523,7.0,16.0,0.0,COL,1961,Colombia,Upper middle income,Latin America & Caribbean,589865537.3,627934716.4,0.0180482297138308,-0.0010408973816707,0.0296420070944273,0.0068157110066335,-0.0513325281332469,-0.0137577760338007,-2.134377952628031
0.0,0.0,24.246814637545285,2.705434736421094,7.0,16.0,1.0,COL,1962,Colombia,Upper middle income,Latin America & Caribbean,605741204.4,605929809.3,0.0173363243985732,-0.0009573259309703,0.0420697918984409,0.005697048991133,-0.05155473762236,-0.0149865579992249,-2.125372181272733
0.0,0.0,24.27915314133252,2.735977036163473,7.0,16.0,2.0,COL,1963,Colombia,Upper middle income,Latin America & Caribbean,579510844.4,597285655.6,0.0167801409076265,-0.0008355730696666,0.0525955760296888,0.0039870101720888,-0.0530915674507648,-0.0155307171297645,-2.1307582811715173
0.0,0.0,24.33899572869674,2.766112807444292,7.0,16.0,3.0,COL,1964,Colombia,Upper middle income,Latin America & Caribbean,714265144.4,755727700.0,0.0161934917443473,-0.0008558360765534,0.0465862433967296,0.005986780791942,-0.0569040419138857,-0.0157266711894642,-2.118088927536814
0.0,0.0,24.37436298247902,2.795810133631999,7.0,16.0,4.0,COL,1965,Colombia,Upper middle income,Latin America & Caribbean,699047619.0,559333333.3,0.0149031929402616,-0.000293733409501,-0.0153927264431506,0.0072610574478761,-0.0559739481135804,-0.01660684239641,-2.0451304325479467
0.0,0.0,24.425405236049095,2.824757793491548,7.0,16.0,5.0,COL,1966,Colombia,Upper middle income,Latin America & Caribbean,541851851.9,778814814.8,0.0097514805487169,0.0005895059990631,0.0918342437803027,0.002805314860503,-0.0614843765249439,-0.0181477106449314,-2.077769663025177
0.0,0.0,24.465921879943227,2.8528542010595217,7.0,16.0,6.0,COL,1967,Colombia,Upper middle income,Latin America & Caribbean,653146477.1,602411299.6,0.0097587253774917,0.0007347603769342,0.0974013526644606,-0.0023007710632761,-0.0607263573567533,-0.0186046144691863,-2.0560724434942665
0.0,0.0,24.5235596266642,2.8800940971041746,7.0,16.0,7.0,COL,1968,Colombia,Upper middle income,Latin America & Caribbean,701707004.2,763579000.3,0.0065934625769535,0.0025699390385432,-0.1697477643790712,-0.0037253389979515,-0.053836453554356,-0.022872076017517,-1.7228574771128076
0.0,0.0,24.582795211829612,2.9063143981775785,7.0,16.0,8.0,COL,1969,Colombia,Upper middle income,Latin America & Caribbean,808812068.1,839120871.5,0.0012761949664931,-0.0012795354272211,0.3309825295377621,-0.0236608220360879,-0.0368793855878408,-0.0468055091547116,-2.026726522731014
0.0,0.0,24.643022549658628,2.9316098050545167,7.0,16.0,9.0,COL,1970,Colombia,Upper middle income,Latin America & Caribbean,955259648.0,1047700632.0,-2.04089230224185e-05,-0.0007030305620809,0.3657414600772108,-0.012004324373462,-0.0192645323265899,-0.0598950764725429,-1.8687414346542457
0.0,0.0,24.70092089806022,2.955693733511447,7.0,16.0,10.0,COL,1971,Colombia,Upper middle income,Latin America & Caribbean,935820962.9,1252577345.0,-0.0003620592453897,0.0001748526479805,0.3842828009364554,-0.0058626569076562,-0.0152574721250884,-0.0647116245441816,-1.7595497732687126
0.0,0.0,24.774813788581387,2.978897489431186,7.0,16.0,11.0,COL,1972,Colombia,Upper middle income,Latin America & Caribbean,1149373248.0,1109769650.0,-0.0004766457830948,-0.0012730383422845,0.4199280234596457,0.0035988246371556,-0.019791533975278,-0.0699683223831559,-1.703182136525124
0.0,0.0,24.839879873369554,3.0018144157710345,7.0,16.0,12.0,COL,1973,Colombia,Upper middle income,Latin America & Caribbean,1539558029.0,1306397078.0,-0.0011179281806714,-0.0110159175353085,0.4566785700566069,-0.0146340308114208,-0.0354417895209475,-0.1543656822062575,-1.5182235621870117
0.0,0.0,24.89574738335017,3.024317934971833,8.0,16.0,13.0,COL,1974,Colombia,Upper middle income,Latin America & Caribbean,1798616360.0,1933488606.0,-0.0006022484219848,-0.0185471478124692,0.5108171112401106,0.0189601427023812,-0.0255514584093787,-0.264012062501419,-1.1710585811239522
0.0,0.0,24.918714168839763,3.0464581154708372,8.0,16.0,14.0,COL,1975,Colombia,Upper middle income,Latin America & Caribbean,2071845445.0,1835324549.0,-0.0001346357026198,-0.0192053183542217,0.494419940891036,0.0128191967545353,-0.0268189509154224,-0.278577460309747,-1.1310901761847736
0.0,0.0,24.964914016602137,3.0682440777949274,8.0,16.0,15.0,COL,1976,Colombia,Upper middle income,Latin America & Caribbean,2615131863.0,2131690445.0,-0.0001535274026373,-0.017308785244679,0.5550915316828868,0.0138259487198475,-0.0254097691135049,-0.2702525841450023,-1.0369883196130518
0.0,0.0,25.005657660411956,3.0904069942241934,8.0,16.0,16.0,COL,1977,Colombia,Upper middle income,Latin America & Caribbean,3283905564.0,2569926742.0,4.7971880540918126e-05,-0.0152741564115088,0.5884970037175528,0.0113693752169706,-0.0245419479803463,-0.2565684036985083,-0.9439415275901886
0.0,1.0,25.08696019728096,3.1129778657023706,8.0,16.0,17.0,COL,1978,Colombia,Upper middle income,Latin America & Caribbean,3867783604.0,3210026858.0,-0.0001070476907534,0.0029266660655941,0.624993117053918,0.0130000762775045,-0.0230232195694539,-0.2251052023803757,-0.8292741109547442
0.0,1.0,25.139354515705545,3.1353815852387257,8.0,16.0,18.0,COL,1979,Colombia,Upper middle income,Latin America & Caribbean,4251544715.0,3756624824.0,0.0002073220200837,-0.0102445612797837,0.6495592815763843,0.0143294647306155,-0.0241292268351291,-0.1972124677596856,-0.605411264749998
0.0,1.0,25.179414815497527,3.158198173345716,8.0,16.0,19.0,COL,1980,Colombia,Upper middle income,Latin America & Caribbean,5416924889.0,5209514725.0,0.0012869597696874,-0.0147639248536412,0.714456260945591,0.0162512340365313,-0.0184645183646918,-0.1647819318369761,-0.4267755527083763
0.0,1.0,25.201928204036893,3.1812508701988276,8.0,16.0,20.0,COL,1981,Colombia,Upper middle income,Latin America & Caribbean,4312469260.0,5610414541.0,0.0015368678530878,-0.013576818958112,0.7510915709069587,0.0142332580877623,-0.0161436510896695,-0.1724632204458197,-0.4348025601272337
0.0,0.0,25.211367719157675,3.204380320035508,8.0,16.0,21.0,COL,1982,Colombia,Upper middle income,Latin America & Caribbean,4252517718.0,5919610897.0,0.0014854027358658,0.0059226659861763,0.7667386051067847,0.0131592104784818,-0.0162302969482455,-0.1824772879922047,-0.4110503484064814
0.0,0.0,25.226984697249485,3.227872564564146,8.0,16.0,22.0,COL,1983,Colombia,Upper middle income,Latin America & Caribbean,4050952668.0,5127945979.0,0.0014448378058895,0.0054298008296062,0.7770688614869407,0.0140112737576166,-0.0161033515352207,-0.1842329852363988,-0.4144115178870398
0.0,0.0,25.259942413134976,3.2509887989388107,8.0,16.0,23.0,COL,1984,Colombia,Upper middle income,Latin America & Caribbean,4546303965.0,4767852803.0,0.0012385622224656,0.0036578112705048,0.8082376760335578,0.0109407889039301,-0.0173495282931244,-0.1802043663558007,-0.4278694335385326
0.0,0.0,25.290540541068605,3.2726013641086618,8.0,16.0,24.0,COL,1985,Colombia,Upper middle income,Latin America & Caribbean,4818142149.0,4370638535.0,0.0011783185745404,0.0030336453503742,0.8270403626895149,0.009221831627631,-0.0175539755744035,-0.1783038818035052,-0.434872071782271
0.0,0.0,25.347149822378604,3.2932501774823546,8.0,16.0,25.0,COL,1986,Colombia,Upper middle income,Latin America & Caribbean,6582202894.0,4190788878.0,0.0010127692067127,0.0038353878590537,0.8758177966657724,0.0086073052426507,-0.0222482348053545,-0.1734102531428037,-0.4365387325866743
0.0,1.0,25.399444195670366,3.3137997446291734,8.0,16.0,26.0,COL,1987,Colombia,Upper middle income,Latin America & Caribbean,6165155373.0,4697932910.0,0.0012221524251065,-0.0170751570368113,0.8460393017068994,0.0089929499572226,-0.0199023805305833,-0.1615187377232524,-0.4350017131683081
0.0,1.0,25.439279479760753,3.3342793536979176,8.0,16.0,27.0,COL,1988,Colombia,Upper middle income,Latin America & Caribbean,6386221631.0,5433539691.0,0.0012914094200185,-0.0155483886607338,0.8936173304550733,0.0068254309306151,-0.023300519140962,-0.1435201013656549,-0.348816260203952
0.0,1.0,25.472856661928677,3.3548106046426676,8.0,16.0,28.0,COL,1989,Colombia,Upper middle income,Latin America & Caribbean,7118228011.0,5464066789.0,0.0015276943785989,-0.0157015131656589,0.9120065628918536,0.0069957735467197,-0.0247421459320382,-0.1426451141694063,-0.3356268347724026
0.0,0.0,25.51478280097808,3.375484892724661,8.0,16.0,29.0,COL,1990,Colombia,Upper middle income,Latin America & Caribbean,9024672480.0,7614454665.0,0.002460872171774,0.0074876704190115,0.961446783104168,0.0037197795408601,-0.0268738908966182,-0.1256988335652515,-0.2619298346180097
0.0,0.0,25.534604306202738,3.3955746336001447,9.0,16.0,30.0,COL,1991,Colombia,Upper middle income,Latin America & Caribbean,9389847563.0,7098679409.0,0.0034467969555381,0.0060823092263414,0.9756572321552602,0.0053072485697772,0.0045130963414667,-0.1195597613493616,-0.2525956234166815
0.0,0.0,25.574256498166356,3.4153841196565953,9.0,16.0,31.0,COL,1992,Colombia,Upper middle income,Latin America & Caribbean,9649972063.0,9985578591.0,0.0040944679670969,0.0060540254269953,1.015448193150404,0.0058055822026572,0.0019979297507253,-0.0883971515987756,-0.1312517827467953
0.0,0.0,25.626709309938526,3.435351985328592,9.0,16.0,32.0,COL,1993,Colombia,Upper middle income,Latin America & Caribbean,10089611943.0,13949161891.0,0.0023727373421689,0.0062325141819717,1.0728818150767638,0.0091786970771832,0.0092079166492158,-0.0685517451031436,-0.0639126274706339
0.0,0.0,25.68322518991302,3.455072274122642,9.0,16.0,33.0,COL,1994,Colombia,Upper middle income,Latin America & Caribbean,12254186688.0,17091698826.0,0.0017556291141377,0.0066703457014059,1.124470332945536,0.0076395030528462,0.0128257512327282,-0.0608317572036132,-0.0004603583233718
0.0,0.0,25.733941130242687,3.4741686448879583,7.0,16.0,34.0,COL,1995,Colombia,Upper middle income,Latin America & Caribbean,13444770139.0,19392751884.0,0.0035110410406158,0.0045361581673026,1.2318286642247047,-5.94423547707208e-05,-0.0664327545651439,-0.072381255166763,0.0555562029709527
0.0,0.0,25.7542918206904,3.492381591041913,7.0,16.0,35.0,COL,1996,Colombia,Upper middle income,Latin America & Caribbean,14767813599.0,20252680332.0,0.002657094132435,0.0035839180335799,1.2266105462145591,-0.0016044714968787,-0.0727093653114755,-0.0703228543825848,0.0900436498634666
0.0,0.0,25.78802308765704,3.510277397594504,7.0,16.0,36.0,COL,1997,Colombia,Upper middle income,Latin America & Caribbean,15829917577.0,22137740206.0,0.0008656777955468,0.0032877587425862,1.2196869041079956,-0.0027532950541468,-0.0756233429844811,-0.0701273571885527,0.1370345000664324
0.0,0.0,25.793703454079797,3.5281923425774147,7.0,16.0,37.0,COL,1998,Colombia,Upper middle income,Latin America & Caribbean,14773797430.0,20576289396.0,0.000511421959627,0.0032755509246626,1.2163015792071237,-0.0025002505604603,-0.0801325965635306,-0.0726785592201102,0.1524760697522987
0.0,0.0,25.75075169285981,3.545575700561516,7.0,16.0,38.0,COL,1999,Colombia,Upper middle income,Latin America & Caribbean,15812211475.0,15343463758.0,0.0006002023909693,0.0035018064768185,1.176099821689734,-0.0030154799668095,-0.0811812786552675,-0.0716221808845724,0.1460057471675488
0.0,0.0,25.779581703534642,3.56195552802408,7.0,16.0,39.0,COL,2000,Colombia,Upper middle income,Latin America & Caribbean,15895257719.0,16731018377.0,-0.0002045267253912,0.0034739236902408,1.1813876921229722,-0.0068889175662608,-0.0822280565123754,-0.0715155251050423,0.1650264137862568
0.0,0.0,25.796224700985935,3.577674996955928,7.0,16.0,40.0,COL,2001,Colombia,Upper middle income,Latin America & Caribbean,15110265986.0,18180843172.0,-0.0004346685635883,0.0030950688492147,1.2006604615526129,-0.0082392664342715,-0.0878022387138593,-0.0737250833606672,0.1823284567791745
0.0,0.0,25.820953062765497,3.5930542249944817,7.0,16.0,41.0,COL,2002,Colombia,Upper middle income,Latin America & Caribbean,14511230142.0,17793883920.0,-0.0007029312122939,0.0036803734225201,1.2045534251480905,-0.0106626416413647,-0.0866808709546633,-0.0758971936820566,0.20038652457475
0.0,0.0,25.859387751084082,3.6081353156203098,7.0,16.0,42.0,COL,2003,Colombia,Upper middle income,Latin America & Caribbean,15687687300.0,18873043327.0,-0.0013894913936833,0.0024865552072686,1.1912939303570522,-0.0110211402754067,-0.0885642924413304,-0.0728518795352861,0.2594535950238272
0.0,0.0,25.911344140385513,3.6228236881423257,7.0,16.0,43.0,COL,2004,Colombia,Upper middle income,Latin America & Caribbean,19637278136.0,22356075160.0,-0.0018013599085219,0.0022844438494286,1.2140033762240852,-0.0103370472676333,-0.0915853730704856,-0.0631696810441456,0.3963789432891822
0.0,0.0,25.95850494898174,3.6368263303396633,7.0,16.0,44.0,COL,2005,Colombia,Upper middle income,Latin America & Caribbean,24709929564.0,29777716182.0,-0.0019314974941382,0.0006936981495516,1.3364413006549132,-0.0060632427211389,-0.0973991839206386,-0.0424998990196519,0.5883088475205961
0.0,0.0,26.023511343437338,3.6500806293132473,7.0,16.0,45.0,COL,2006,Colombia,Upper middle income,Latin America & Caribbean,28683606694.0,35453316065.0,-0.0023160989845507,-0.0011236083153178,1.3993392768918471,-0.0057617491624704,-0.1263282855411878,-0.0427362092006018,0.7243938913760084
0.0,0.0,26.08872302581246,3.6627495392806404,7.0,16.0,46.0,COL,2007,Colombia,Upper middle income,Latin America & Caribbean,33889993567.0,42618891608.0,-0.0029264412867073,-0.0025690450798347,1.383388707316028,-0.002598781530588,-0.1323917419474345,-0.0413154411556389,0.8217510720535134
0.0,0.0,26.121025742420603,3.674783454932996,7.0,16.0,47.0,COL,2008,Colombia,Upper middle income,Latin America & Caribbean,43916519836.0,51066655641.0,-0.002920161963498,-0.0033198157166162,1.365221455456055,-0.0018465636540806,-0.1251640019055016,-0.0382691168452016,0.9260389517300648
0.0,0.0,26.13235952715308,3.6864325919869243,7.0,16.0,48.0,COL,2009,Colombia,Upper middle income,Latin America & Caribbean,38181805547.0,43545176395.0,-0.0026644655503333,-0.0033142873920293,1.3567114532771456,-0.0026915793660115,-0.1241594193699151,-0.0386251431412636,0.9364605331878764
1.0,0.0,26.176323709340135,3.697792275405491,7.0,16.0,49.0,COL,2010,Colombia,Upper middle income,Latin America & Caribbean,46816280695.0,51351305097.0,-0.0099313070980694,-0.0033912939649063,1.3874924878383483,-0.0153228227343731,-0.1541453219620096,-0.0395268434714978,0.9917956984127212
1.0,1.0,26.24349800019882,3.7085056481996337,7.0,16.0,50.0,COL,2011,Colombia,Upper middle income,Latin America & Caribbean,64569763970.0,67642788202.0,-0.0100028631470614,0.0015572497027929,1.4536908551102443,-0.0180252077350283,-0.1310545422594145,-0.0405948625197282,1.0382828576587206
1.0,1.0,26.281876093376844,3.718534726459372,7.0,16.0,51.0,COL,2012,Colombia,Upper middle income,Latin America & Caribbean,69731471881.0,74226993322.0,-0.0110559500350472,0.0014992236125886,1.4616507894062334,-0.0207299590945413,-0.1284563021296991,-0.0405954974303725,1.0461589111656542
1.0,1.0,26.33194244425841,3.728021819726975,7.0,16.0,52.0,COL,2013,Colombia,Upper middle income,Latin America & Caribbean,69107146201.0,76037444586.0,-0.0110516039608934,0.0014330655457313,1.5198460664395517,-0.021652317235257,-0.1176743134446929,-0.0419316154906301,1.0603264811484083
1.0,1.0,26.375951489141258,3.736948935558709,7.0,16.0,53.0,COL,2014,Colombia,Upper middle income,Latin America & Caribbean,63418461300.0,79499076760.0,-0.0129058156008208,0.0013382259826338,1.533922568815206,-0.0216164736472095,-0.1185515343395627,-0.0419954264069088,1.0619521934486058
1.0,1.0,26.405082145543414,3.745598359245192,7.0,16.0,54.0,COL,2015,Colombia,Upper middle income,Latin America & Caribbean,45932176699.0,66653739136.0,-0.0147989684258492,0.0012661375377563,1.579170176239459,-0.0215141101976423,-0.1233266851508668,-0.0471991520498017,1.04476720052548
1.0,1.0,26.42574079050267,3.7555038447966624,7.0,16.0,55.0,COL,2016,Colombia,Upper middle income,Latin America & Caribbean,41608310927.0,60743865897.0,-0.0149801183530113,0.0009953337266949,1.6115655859643432,-0.0207265351428545,-0.1197626535629238,-0.0541187157944416,1.035251886485696
1.0,1.0,26.43924364530249,3.7700186174601953,7.0,16.0,56.0,COL,2017,Colombia,Upper middle income,Latin America & Caribbean,47233141872.0,62802582424.0,-0.0151557749057265,0.0010363280457419,1.6160759392377992,-0.0199392936227592,-0.1238509269581879,-0.0544532040124795,1.0376382031082458
1.0,1.0,26.464562441165018,3.788409995876311,7.0,16.0,57.0,COL,2018,Colombia,Upper middle income,Latin America & Caribbean,53136579845.0,68961912989.0,-0.0161310110084941,0.0010723491252053,1.6446771317636155,-0.0206086689906216,-0.1279220464497295,-0.0565756115319173,1.030225080992797
0.0,0.0,22.786300274191948,2.3817650797077734,-4.0,15.0,44.0,COG,2005,Congo Brazzaville,Lower middle income,Sub-Saharan Africa,4987839330.0,2962430015.0,0.0002178415983089,-0.0009975992015639,-1.3060974039363376,-0.0240853825577696,-0.0485522622754764,-0.0035135809345599,0.4847564060326905
1.0,0.0,22.86313388470141,2.419204999144156,-4.0,15.0,45.0,COG,2006,Congo Brazzaville,Lower middle income,Sub-Saharan Africa,6253140818.0,3885735888.0,-0.0060852469676184,-0.0011297381892664,-1.2536060855631128,-0.0153555155459748,-0.045665318757617,0.0098464574131405,0.6592775235653583
1.0,0.0,22.794705195390616,2.455797453308636,-4.0,15.0,46.0,COG,2007,Congo Brazzaville,Lower middle income,Sub-Saharan Africa,6014868764.0,7035053891.0,-0.0054191416806733,-0.0015209579921648,-1.1935007760173115,0.021267202849222,-0.0338813366571767,0.0167656131204473,0.8741439006900287
1.0,0.0,22.85586027377776,2.4886859799476913,-4.0,15.0,47.0,COG,2008,Congo Brazzaville,Lower middle income,Sub-Saharan Africa,8551335537.0,6955613710.0,-0.0108907617921322,-0.0006025885541227,-1.124936833280965,0.0233669154034027,-0.0217812745702903,0.0238153039953793,1.0603181979305984
1.0,0.0,22.965945211501055,2.528645382488807,-4.0,15.0,48.0,COG,2009,Congo Brazzaville,Lower middle income,Sub-Saharan Africa,6269575239.0,6910587818.0,-0.0104588938983036,-0.0003514098028573,-1.1120195302148377,0.0187055581348087,-0.0173730218725823,0.021971983185107,1.0685258879394854
1.0,0.0,23.060630336229003,2.5700696869411677,-4.0,15.0,49.0,COG,2010,Congo Brazzaville,Lower middle income,Sub-Saharan Africa,9010344991.0,7302180477.0,-0.0102491151702324,-0.0003568216863517,-1.0699198142716306,0.0192396162996036,-0.0109595761350607,0.0165381676382248,1.101089736795266
1.0,0.0,23.082449745745738,2.602575585601911,-4.0,15.0,50.0,COG,2011,Congo Brazzaville,Lower middle income,Sub-Saharan Africa,11524199118.0,7981116108.0,-0.0107060092114269,2.3060175567075485e-05,-1.0446624216163882,0.0196427749516758,-0.0086033180633014,0.009942113152734,1.1316683493518087
1.0,0.0,23.177279384185837,2.6305396678229225,-4.0,15.0,51.0,COG,2012,Congo Brazzaville,Lower middle income,Sub-Saharan Africa,10276401661.0,6964355812.0,-0.013509908296936,-0.0006711640243659,-0.8934125872893377,0.030621985891216,-0.0227931502069558,0.0021565648836371,1.0888021819284457
1.0,0.0,23.170129540274903,2.6548489459601976,-4.0,15.0,52.0,COG,2013,Congo Brazzaville,Lower middle income,Sub-Saharan Africa,9506330379.0,7195794099.0,-0.0134421394848109,-0.0004213810915293,-0.9259627201885104,0.0252173096056032,-0.0142880535066251,0.0075508694081596,1.0783278510811334
1.0,0.0,23.23513682034486,2.679009839500423,-4.0,15.0,53.0,COG,2014,Congo Brazzaville,Lower middle income,Sub-Saharan Africa,9521187260.0,9150318842.0,-0.015580909823122,-0.0011792608945188,-0.8450080081411326,0.0371587234454924,-0.0257957808816577,0.0003327844856164,1.0977023179101189
1.0,0.0,23.198985341860723,2.703173713674438,-4.0,15.0,54.0,COG,2015,Congo Brazzaville,Lower middle income,Sub-Saharan Africa,5080489798.0,9508100092.0,-0.013624802858239,-0.0015142956186255,-0.8638151198186623,0.0366155862731654,-0.025027853624861,0.0005994111545228,1.1059059602309644
1.0,0.0,23.08488408962904,2.7273907079116735,-4.0,15.0,55.0,COG,2016,Congo Brazzaville,Lower middle income,Sub-Saharan Africa,4598648631.0,8765973302.0,-0.0107465016899727,7.356418596798746e-05,-1.0406008445281247,0.0237180914311626,-0.0055575940540451,0.0066182616297106,1.1461612420538514
1.0,0.0,23.040069437668585,2.7516931148459083,-4.0,15.0,56.0,COG,2017,Congo Brazzaville,Lower middle income,Sub-Saharan Africa,5676136547.0,5521298082.0,-0.0100851654733164,0.000302066343601,-1.0834846252287205,0.0156588155586908,-0.0108741356389662,0.0058647537778245,1.133278069408371
1.0,0.0,22.990822978010687,2.7760815171984707,-4.0,15.0,57.0,COG,2018,Congo Brazzaville,Lower middle income,Sub-Saharan Africa,9190930875.0,5669133279.0,-0.0106377988718732,0.0003144525074585,-1.095623130981405,0.0167120442833259,-0.0111077932737397,0.0036208682004453,1.1416170469478617
0.0,0.0,22.308722706809135,3.295328982979503,10.0,17.0,0.0,CRI,1961,Costa Rica,Upper middle income,Latin America & Caribbean,102289846.3,122861638.4,0.0018461519823855,7.930524069741079e-05,-1.7217543881070716,0.0448570545999554,0.0685935348865675,-0.0920449807827702,-1.8133951836473896
0.0,0.0,22.36171727133329,3.332040124164564,10.0,17.0,1.0,CRI,1962,Costa Rica,Upper middle income,Latin America & Caribbean,108885580.7,124825190.6,0.0018346181740477,-1.537021490290321e-05,-1.6549817019415456,0.0383296932832569,0.0579366307026443,-0.102588856975725,-1.80578820346209
0.0,0.0,22.428430832632152,3.3678791518901323,10.0,17.0,2.0,CRI,1963,Costa Rica,Upper middle income,Latin America & Caribbean,113065968.9,138870092.2,0.0016957227446616,-0.0006259718410149,-1.5725989915637324,0.0387780272694452,0.0583320429808193,-0.1048236741894846,-1.786298054114985
0.0,0.0,22.464367778591733,3.4026064940634564,10.0,17.0,3.0,CRI,1964,Costa Rica,Upper middle income,Latin America & Caribbean,132494248.2,155005187.9,0.0016433354430623,-0.0006346223417925,-1.550463922989008,0.0366183371258011,0.0600623691750889,-0.1064669582814949,-1.7785034983415215
0.0,0.0,22.543091409782257,3.436100129395978,10.0,17.0,4.0,CRI,1965,Costa Rica,Upper middle income,Latin America & Caribbean,133796226.4,196800000.0,0.0013714941064741,-0.0023511008674592,-1.4036442309755144,0.0332609094475975,0.0517893053078911,-0.1066451761148544,-1.7958440271966511
0.0,0.0,22.610463279025034,3.468300668162892,10.0,17.0,5.0,CRI,1966,Costa Rica,Upper middle income,Latin America & Caribbean,160407547.2,199200000.0,0.0012503552683556,-0.0021957297155448,-1.2250370586417112,0.023309743012538,0.0396644140148493,-0.0686681350976018,-1.8719758459529752
0.0,0.0,22.66542602897913,3.4992001078533144,10.0,17.0,6.0,CRI,1967,Costa Rica,Upper middle income,Latin America & Caribbean,174037735.8,218369811.3,0.0010146856409398,-0.0013661660083326,-1.0864439727582218,0.0213270556684404,0.0286111189057921,-0.0332895293541277,-1.950323779031427
0.0,0.0,22.746759942873915,3.528484370598931,10.0,17.0,7.0,CRI,1968,Costa Rica,Upper middle income,Latin America & Caribbean,214867924.5,251154717.0,0.0009314664186739,-0.0018427256582853,-1.0777714574104873,0.0218430973865597,0.0339751430566008,-0.0266110736160259,-1.929818396758072
0.0,0.0,22.800222981064753,3.5565649359401434,10.0,17.0,8.0,CRI,1969,Costa Rica,Upper middle income,Latin America & Caribbean,227033962.3,272754717.0,0.0007392387018453,-0.0017303827676874,-1.1017903433846696,0.0197885345838579,0.0408759923377454,-0.0271981171739729,-1.8849317144955784
0.0,0.0,22.872572798915083,3.583948079972827,10.0,17.0,9.0,CRI,1970,Costa Rica,Upper middle income,Latin America & Caribbean,274128301.9,340543396.2,0.000662881802682,-0.0012417733362989,-1.0859878147737811,0.0221713558071805,0.0583472163092242,-0.034317005288674,-1.7098366458905463
0.0,0.0,22.93815925916711,3.610557381444445,10.0,17.0,10.0,CRI,1971,Costa Rica,Upper middle income,Latin America & Caribbean,288612767.6,399678048.0,0.0005619907265214,-0.0010036814913811,-1.0747770858587269,0.0180129504749391,0.0653139991217285,-0.0441066112165797,-1.6072408338136717
0.0,0.0,23.016767508999283,3.6365383393753827,10.0,17.0,11.0,CRI,1972,Costa Rica,Upper middle income,Latin America & Caribbean,374287867.4,453262999.2,0.0006114296978263,-0.0014501401501407,-1.0492595548012746,0.0149548019306664,0.0688613873537382,-0.0415950512164181,-1.5389622219784544
0.0,0.0,23.091029687520432,3.662055495787787,10.0,17.0,12.0,CRI,1973,Costa Rica,Upper middle income,Latin America & Caribbean,470906267.4,563763567.1,0.0006110726169736,-0.002384043761255,-1.0674851221055193,0.0130472670560605,0.0618137965590731,-0.042255410854286,-1.3776793351156351
0.0,0.0,23.144995956244127,3.6875286597018126,10.0,17.0,13.0,CRI,1974,Costa Rica,Upper middle income,Latin America & Caribbean,552345523.3,801954602.8,0.0006338003023339,-0.0019245574155368,-0.8119821259942586,0.0078352734761817,0.038498846201186,-0.0430640789906406,-0.9749982096111108
0.0,0.0,23.16577919126646,3.7132180445336584,10.0,17.0,14.0,CRI,1975,Costa Rica,Upper middle income,Latin America & Caribbean,589474912.5,755869311.6,0.0301484647823309,-0.0017310159974223,-0.7646518798759625,-0.0244963600169624,0.0355155848982317,-0.0429066974572187,-0.8785271209900442
0.0,0.0,23.21948643158519,3.739185824214387,10.0,17.0,15.0,CRI,1976,Costa Rica,Upper middle income,Latin America & Caribbean,697444574.1,842240373.4,0.0336069533076503,-0.001835264082583,-0.7142518890444681,-0.0252624615636116,0.0367707623302104,-0.0415736772833457,-0.8562767820801056
0.0,1.0,23.304787362174327,3.7654927139478245,10.0,17.0,16.0,CRI,1977,Costa Rica,Upper middle income,Latin America & Caribbean,948424737.5,1116359393.0,0.0391662773840182,0.0026912329533482,-0.6290040491056041,-0.0206393239265538,0.043070725485611,-0.0414848943984482,-0.7351391025673719
0.0,1.0,23.36557843442334,3.7921122672673286,10.0,17.0,17.0,CRI,1978,Costa Rica,Upper middle income,Latin America & Caribbean,992882147.0,1269463244.0,0.0407215869476687,-0.0020015560663468,-0.6194301079043765,-0.0206168499405856,0.0426888086352904,-0.0403008593714191,-0.6669124895096544
0.0,1.0,23.41378865857593,3.8191145612663835,10.0,17.0,18.0,CRI,1979,Costa Rica,Upper middle income,Latin America & Caribbean,1086476079.0,1500945158.0,0.0413981339955594,-0.0030261821083844,-0.6955269757556137,-0.0173704589860864,0.0477335235593429,-0.0362285396577887,-0.5368814483190444
0.0,0.0,23.421279486207865,3.8463120515531717,10.0,17.0,19.0,CRI,1980,Costa Rica,Upper middle income,Latin America & Caribbean,1279264877.0,1778891482.0,0.0414482616586709,0.0008391926746447,-0.7999398642718742,-0.0050794188449839,0.0546130218111694,-0.0335555278601892,-0.434151815409449
0.0,0.0,23.398403254001764,3.8735472087237017,10.0,17.0,20.0,CRI,1981,Costa Rica,Upper middle income,Latin America & Caribbean,1135276476.0,1264048112.0,0.0411718947933831,0.0009660638998732,-0.8233046608460719,-0.0015235166607443,0.0553304812077054,-0.0338822167832363,-0.4071622577097147
0.0,0.0,23.32275720433107,3.9009180953227984,10.0,17.0,21.0,CRI,1982,Costa Rica,Upper middle income,Latin America & Caribbean,1175167518.0,1099079477.0,0.0397688197607893,0.0009513241711031,-0.832988585111307,-0.0089216566251424,0.0538290051396561,-0.0349682547520593,-0.3955894492953338
0.0,1.0,23.350984953192825,3.928399341647909,10.0,17.0,22.0,CRI,1983,Costa Rica,Upper middle income,Latin America & Caribbean,1134010090.0,1157473274.0,0.0409592964274729,-0.0026176208991132,-0.8270881164983536,-0.0097119797736655,0.0539808607895574,-0.0342961569869156,-0.4000416520025847
0.0,1.0,23.428169190781027,3.955931184649535,10.0,17.0,23.0,CRI,1984,Costa Rica,Upper middle income,Latin America & Caribbean,1258545325.0,1243520405.0,0.0414795595910697,-0.0026930043123323,-0.8047204989481885,-0.0090985093007784,0.0559672399916075,-0.0331559178675327,-0.4171115011693695
0.0,1.0,23.435359297182103,3.9834027897308353,10.0,17.0,24.0,CRI,1985,Costa Rica,Upper middle income,Latin America & Caribbean,1204104950.0,1272805941.0,0.0365856873201792,-0.0027760857601478,-0.7993744250905931,-0.007300039735197,0.0575183885368783,-0.0334963370948915,-0.4117970019582641
0.0,1.0,23.48924361503267,4.010503030505796,10.0,17.0,25.0,CRI,1986,Costa Rica,Upper middle income,Latin America & Caribbean,1384953405.0,1347578853.0,0.0354231489336829,-0.0032847768470733,-0.7470806694067592,-0.005735454086032,0.0620982179165049,-0.0282160521681805,-0.4155619167892722
0.0,1.0,23.535788720719353,4.036943843499283,10.0,17.0,26.0,CRI,1987,Costa Rica,Upper middle income,Latin America & Caribbean,1433877649.0,1621277680.0,0.035755514039299,-0.003478504856993,-0.7588750851252608,-0.0036282723852931,0.0686221513149369,-0.0261695136103149,-0.3854071048620512
0.0,1.0,23.56953435155457,4.062676895291056,10.0,17.0,27.0,CRI,1988,Costa Rica,Upper middle income,Latin America & Caribbean,1570096319.0,1652553107.0,0.0360082393791091,-0.0027386773673495,-0.7888176186134208,-0.0002024869776389,0.0748996211761154,-0.0250793145305248,-0.3604886860169015
0.0,1.0,23.624647110216287,4.0878694725021285,10.0,17.0,28.0,CRI,1989,Costa Rica,Upper middle income,Latin America & Caribbean,1830043151.0,2033817039.0,0.0395032008031843,-0.0050055325229144,-0.7642248500284996,0.0001350707754243,0.0782887803243301,-0.023627956781997,-0.3735062863035445
0.0,1.0,23.6595610951127,4.11313351448539,10.0,17.0,29.0,CRI,1990,Costa Rica,Upper middle income,Latin America & Caribbean,1952841381.0,2347212148.0,0.0524702578415221,-0.0053175435717871,-0.7402749976677571,0.0002385788457442,0.0843946637499843,-0.0223914507240943,-0.3865718388240198
0.0,0.0,23.68196479735442,4.138584445898911,10.0,17.0,30.0,CRI,1991,Costa Rica,Upper middle income,Latin America & Caribbean,2410492936.0,2744397952.0,0.0660498161386653,0.0019012176488384,-0.7339587380233796,-0.000624049506457,0.0886434000840961,-0.021052507379032,-0.3634265226513614
0.0,0.0,23.76998578204755,4.163894618363959,10.0,17.0,31.0,CRI,1992,Costa Rica,Upper middle income,Latin America & Caribbean,3027087816.0,3501782568.0,0.0704050027134164,0.0009783702146325,-0.6417690140565337,-0.0032462732980459,0.0920650022500055,-0.0190674024952396,-0.3090570952655014
0.0,0.0,23.83855234758637,4.188904897175152,10.0,17.0,32.0,CRI,1993,Costa Rica,Upper middle income,Latin America & Caribbean,3446894147.0,4143010842.0,0.0738315079995959,-0.0003957326035088,-0.5126499320263559,-0.0009809779284053,0.0965708626507428,-0.0158559197011924,-0.2195781939444236
0.0,0.0,23.882751306145735,4.2134532627963335,10.0,17.0,33.0,CRI,1994,Costa Rica,Upper middle income,Latin America & Caribbean,3764266146.0,4417576371.0,0.0739543840789592,0.0020899380001399,-0.4877247592342894,0.0002049204629752,0.0962462183074968,-0.0123887682066458,-0.1931682399261742
0.0,0.0,23.923451242453822,4.2375169531254295,10.0,17.0,34.0,CRI,1995,Costa Rica,Upper middle income,Latin America & Caribbean,4414827042.0,4821924111.0,0.0731444426035509,0.0078263883529362,-0.3981762691437726,0.0017152753642888,0.0984220027310851,-0.00554140756739,-0.1136334319574737
0.0,0.0,23.936865463528214,4.2609552038866445,10.0,17.0,35.0,CRI,1996,Costa Rica,Upper middle income,Latin America & Caribbean,4672770399.0,5143782043.0,0.0570969197105696,0.0085315213610441,-0.3719264259981512,-0.0013418215202899,0.0969797891306595,0.0046866188117889,-0.0315482092828593
0.0,0.0,23.990180288069205,4.283549012328068,10.0,17.0,36.0,CRI,1997,Costa Rica,Upper middle income,Latin America & Caribbean,5248818523.0,5803238052.0,0.0327392730680184,0.0084166743236904,-0.2955131952113364,-0.0029027354190594,0.0910952102326145,0.0213111126978254,0.0897726121476619
0.0,0.0,24.059289366197483,4.305228388745895,10.0,17.0,37.0,CRI,1998,Costa Rica,Upper middle income,Latin America & Caribbean,6015987690.0,6578730704.0,0.0282666299511639,0.0081790587819681,-0.2781401734824005,-0.0039080913627477,0.0883416296772771,0.0264140863574956,0.1222057260351771
0.0,0.0,24.100573441169793,4.3259652031346585,10.0,17.0,38.0,CRI,1999,Costa Rica,Upper middle income,Latin America & Caribbean,6066566857.0,6411945483.0,0.0288859352078344,0.0078731441153656,-0.2893517210313076,-0.0035871456845112,0.0883564206145616,0.0259813863560437,0.1461871313929947
0.0,0.0,24.138531030856825,4.345360567831242,10.0,17.0,39.0,CRI,2000,Costa Rica,Upper middle income,Latin America & Caribbean,6445399583.0,6545131998.0,0.0220359234761178,0.0065159326087535,-0.2595935776891596,-0.0053632025584829,0.0907582865291344,0.0291277440776544,0.1829053000300372
0.0,0.0,24.172847138684737,4.363282480497331,10.0,17.0,40.0,CRI,2001,Costa Rica,Upper middle income,Latin America & Caribbean,6471720165.0,6445457525.0,0.0198125656514768,0.0064953979298674,-0.2348091379308646,-0.0054145441236429,0.090070613324573,0.0298917172088378,0.1911694759611191
0.0,0.0,24.206445116068394,4.379797604982019,10.0,17.0,41.0,CRI,2002,Costa Rica,Upper middle income,Latin America & Caribbean,6502965357.0,6828718282.0,0.0155126080654888,0.0096092252714016,-0.2134996204455302,-0.0068200092870043,0.0904475930408465,0.0328297760962257,0.2041308220192776
0.0,0.0,24.2487109943889,4.3951558920352385,10.0,17.0,42.0,CRI,2003,Costa Rica,Upper middle income,Latin America & Caribbean,7024720849.0,7367441232.0,0.0086184139473193,0.0065516523798081,-0.1612686999700451,-0.0053752923156532,0.0913399450398425,0.0428874788408975,0.3503831879220771
0.0,0.0,24.2920060844244,4.409856963747532,10.0,17.0,43.0,CRI,2004,Costa Rica,Upper middle income,Latin America & Caribbean,7855095380.0,8011642171.0,0.0056945378061343,-0.0008796570487115,-0.1257256293619603,-0.0084357632424182,0.1003463590145018,0.0422639211884486,0.5174531648059493
0.0,0.0,24.33100241054772,4.4243140649185095,10.0,17.0,44.0,CRI,2005,Costa Rica,Upper middle income,Latin America & Caribbean,8710569531.0,9170225548.0,0.0055378485421229,-0.0132591453343278,-0.1130009603974853,-0.0050254633086001,0.1142259274545766,0.0333082953125911,0.6370759372960506
0.0,0.0,24.401709635728306,4.438319406502481,10.0,17.0,45.0,CRI,2006,Costa Rica,Upper middle income,Latin America & Caribbean,9839017111.0,10562844259.0,0.0051745658931613,-0.017143768088944,-0.0560587409509943,-0.0093119347870446,0.1213625555693516,0.0147239241565078,0.7631779384859418
0.0,0.0,24.480660658356985,4.451859210976711,10.0,17.0,46.0,CRI,2007,Costa Rica,Upper middle income,Latin America & Caribbean,10910386211.0,12333210826.0,0.0050929924019479,-0.0117491092582664,-0.0467123497801475,-0.0182057084813157,0.1213235335871129,0.0070730658187836,0.8816815888391332
0.0,0.0,24.5269541357925,4.465420856168394,10.0,17.0,47.0,CRI,2008,Costa Rica,Upper middle income,Latin America & Caribbean,11953067325.0,14660106902.0,0.0021160242886019,-0.0061037974554293,-0.2786220406761432,-0.0313925518391479,0.1051999625971941,0.0063521978924901,1.2185139468802864
0.0,0.0,24.518181206526865,4.478784818455165,10.0,17.0,48.0,CRI,2009,Costa Rica,Upper middle income,Latin America & Caribbean,10647949563.0,10800050971.0,0.0035195261523498,-0.0118654571848904,-0.0948092135782246,-0.0270994850989524,0.1138630215334424,-0.0007781099366081,0.9831819809548256
0.0,0.0,24.57039733802841,4.491190572057011,10.0,17.0,49.0,CRI,2010,Costa Rica,Upper middle income,Latin America & Caribbean,12363102267.0,13061016984.0,0.0012914456308237,-0.0014866535987402,0.1766705466877135,-0.0515687791620275,0.088390442485626,0.0028810103091795,0.9423166689769366
1.0,1.0,24.613487087935834,4.5029454979240136,10.0,17.0,50.0,CRI,2011,Costa Rica,Upper middle income,Latin America & Caribbean,13886077280.0,15465815788.0,-0.0123550617280645,-0.000203175755019,0.2030119577053104,-0.0540457500338685,0.0866853169688015,-0.005170452206649,0.9763301673048236
1.0,1.0,24.66115845896047,4.514613165134832,10.0,17.0,51.0,CRI,2012,Costa Rica,Upper middle income,Latin America & Caribbean,14949441144.0,16718693908.0,-0.012400177296506,-0.0002941263111928,0.2037733442428333,-0.0531153638953201,0.0866256538367855,-0.0058532106100611,0.983434762885982
1.0,1.0,24.685800007933082,4.5257460198366335,10.0,17.0,52.0,CRI,2013,Costa Rica,Upper middle income,Latin America & Caribbean,15586344043.0,17055279991.0,-0.0123392729903169,-0.0002739596219088,0.2057640851204568,-0.0535945371378409,0.0864906921773672,-0.0058206692240668,0.9837141771934088
1.0,1.0,24.720608210632747,4.536496006392055,10.0,17.0,53.0,CRI,2014,Costa Rica,Upper middle income,Latin America & Caribbean,16313862243.0,17596280761.0,-0.0123274730021642,-0.0002832285041094,0.2109678269856705,-0.0537586263093056,0.0858949442583659,-0.00541976789397,0.9804698170695106
1.0,1.0,24.75647794019649,4.547120658412443,10.0,17.0,54.0,CRI,2015,Costa Rica,Upper middle income,Latin America & Caribbean,16930125462.0,17360351864.0,-0.0128650658916754,0.0011552817493086,0.2331173253879037,-0.053936514414831,0.0864317056555282,-0.0071558000809556,0.9594788854395072
1.0,1.0,24.797661372613483,4.557231187129668,10.0,17.0,55.0,CRI,2016,Costa Rica,Upper middle income,Latin America & Caribbean,18395635000.0,18194546246.0,-0.0129522306293199,0.0010335099198912,0.2487134526326075,-0.0543579653803955,0.0863228055863835,-0.0085109348593014,0.9495475149322103
1.0,1.0,24.8383972734706,4.566674646608739,10.0,17.0,56.0,CRI,2017,Costa Rica,Upper middle income,Latin America & Caribbean,19826679965.0,19552292622.0,-0.012886687393959,0.0007722306656443,0.2839846597708255,-0.0548165803030432,0.0900590298189711,-0.0140223173914667,0.9167058170351038
1.0,1.0,24.86422002189084,4.575719591743851,10.0,17.0,57.0,CRI,2018,Costa Rica,Upper middle income,Latin America & Caribbean,21059634092.0,20727758849.0,-0.0128216519998042,0.0006991234306002,0.2961485571022933,-0.0556439652901378,0.0910063132463575,-0.0154153622093042,0.9058231379220716
1.0,0.0,22.210786139740836,4.245988332089045,-6.0,18.0,0.0,DOM,1961,Dominican Republic,Upper middle income,Latin America & Caribbean,152100000.0,106900000.0,-0.0254610996160498,0.0005294215416356,-1.9533900206542825,0.0002321599112765,0.003657764872931,-0.0941984297995366,-1.7522988020458197
0.0,0.0,22.368193575653397,4.277130603209902,-3.0,18.0,1.0,DOM,1962,Dominican Republic,Upper middle income,Latin America & Caribbean,196700000.0,199300000.0,0.0034634680776481,0.0002420091840033,-1.6740323602427574,0.0422018812334165,-0.0141581300648718,-0.0838407272873409,-1.642474474105102
0.0,0.0,22.4311956292955,4.307791630221129,0.0,18.0,2.0,DOM,1963,Dominican Republic,Upper middle income,Latin America & Caribbean,195000000.0,244400000.0,0.0032210335116863,-0.0003849956181892,-1.5999898408127566,0.0449067111235969,-0.0076839126766296,-0.0838910012461809,-1.6268759102793615
0.0,0.0,22.496654337376018,4.338059984757783,0.0,18.0,3.0,DOM,1964,Dominican Republic,Upper middle income,Latin America & Caribbean,202000000.0,287500000.0,0.0035960083103118,-0.0004390156000869,-1.590358594445865,0.0526219538099787,-0.0097953958170312,-0.0811791810423057,-1.6007116269994204
0.0,0.0,22.363330535493137,4.367473674045866,0.0,18.0,4.0,DOM,1965,Dominican Republic,Upper middle income,Latin America & Caribbean,144800000.0,180000000.0,0.003631018394619,0.0001306216344625,-1.712382016746525,0.0517941509709276,-0.0036434543690425,-0.0840027149827842,-1.622478103558419
0.0,0.0,22.489640181394538,4.3966794167756245,-3.0,18.0,5.0,DOM,1966,Dominican Republic,Upper middle income,Latin America & Caribbean,160800000.0,249300000.0,0.0033372898979741,-0.0004281462159865,-1.625020915482862,0.046258321173697,-0.0201225817705375,-0.082742627498713,-1.5417222871982077
0.0,0.0,22.522373960220087,4.426096010698646,-3.0,18.0,6.0,DOM,1967,Dominican Republic,Upper middle income,Latin America & Caribbean,187100000.0,258800000.0,0.0031949979096289,-0.0010085083096921,-1.5368041329572275,0.0402697805609535,-0.0207096775301918,-0.083839106524362,-1.544447454446141
0.0,0.0,22.524759716853865,4.454955825132014,-3.0,18.0,7.0,DOM,1968,Dominican Republic,Upper middle income,Latin America & Caribbean,199500000.0,287500000.0,0.0029498942579551,-0.0010791988186371,-1.5399693304025437,0.035830953361846,-0.0220681821313074,-0.083974752481606,-1.5156762042191798
0.0,0.0,22.62814128820697,4.483376712967395,-3.0,18.0,8.0,DOM,1969,Dominican Republic,Upper middle income,Latin America & Caribbean,227400000.0,321300000.0,0.0025640617069201,-0.0011398606771955,-1.148333259382038,0.023889313208714,-0.0162923488819484,-0.0116501701359371,-1.711086856568086
0.0,0.0,22.795574925170992,4.511559864725259,-3.0,18.0,9.0,DOM,1970,Dominican Republic,Upper middle income,Latin America & Caribbean,266692194.0,414895190.0,0.002257491850509,-0.0012191171043079,-1.0536614767587682,0.025312246299527,-0.0200191342268146,-0.0153795241668036,-1.622465069928564
0.0,0.0,22.89877630619049,4.539564981479374,-3.0,18.0,10.0,DOM,1971,Dominican Republic,Upper middle income,Latin America & Caribbean,300134133.0,461715440.0,0.0022086904450066,-0.0009672395309646,-1.032455180542592,0.0213891480105093,-0.0231832079011811,-0.0277521233365264,-1.542486267896785
0.0,0.0,22.997663390983522,4.567388784280961,-3.0,18.0,11.0,DOM,1972,Dominican Republic,Upper middle income,Latin America & Caribbean,422847716.0,489759560.0,0.002246998724935,-0.0013363419175482,-1.0017938809510882,0.0170924434044796,-0.0251842420898734,-0.0304908666037819,-1.4823242241892851
0.0,0.0,23.11895815310757,4.5950230379736965,-3.0,18.0,12.0,DOM,1973,Dominican Republic,Upper middle income,Latin America & Caribbean,529005317.0,632490400.0,0.0037100023627635,-0.0012053316351185,-0.9858176153490584,0.0142735239371421,-0.0226652269298139,-0.0160877754790699,-1.3422658892115804
0.0,0.0,23.17724501301506,4.622245063020575,-3.0,18.0,13.0,DOM,1974,Dominican Republic,Upper middle income,Latin America & Caribbean,749535909.0,1023192000.0,0.0114374662222085,-0.0004519762643334,-0.7942748682705608,0.0001282247315383,-0.0320061768994626,-0.0054538605547277,-0.8922839182168016
0.0,0.0,23.22787399364032,4.6488663242772255,-3.0,18.0,14.0,DOM,1975,Dominican Republic,Upper middle income,Latin America & Caribbean,1039406497.0,1160205950.0,0.0177353355173631,-0.0002183092001696,-0.7062160956318432,-0.0101059545855678,-0.0294648788468657,-0.0012952093305529,-0.776648768942272
0.0,0.0,23.292988498658772,4.6749997454873204,-3.0,18.0,15.0,DOM,1976,Dominican Republic,Upper middle income,Latin America & Caribbean,880982316.0,1152879210.0,0.0180215737159584,-0.0001559098027476,-0.6940590555869532,-0.0154892419875045,-0.0272449321618292,-0.0015902603036183,-0.7291089564501799
0.0,0.0,23.341605161632334,4.700733057499541,-3.0,18.0,16.0,DOM,1977,Dominican Republic,Upper middle income,Latin America & Caribbean,966710293.0,1297114920.0,0.019260369751796,-0.0001979463203869,-0.6687467378111709,-0.0257132412674208,-0.029968351376389,-0.0042904055625822,-0.6246624223530778
0.0,0.0,23.362786100105687,4.726077570446367,5.0,18.0,17.0,DOM,1978,Dominican Republic,Upper middle income,Latin America & Caribbean,882809470.0,1395042000.0,0.0202041287065244,0.0006767203552663,-0.6615141607815657,-0.0285816327266454,-0.0268935814826015,-0.002154647864213,-0.5582845294201915
0.0,0.0,23.4071034113999,4.7510405296872875,5.0,18.0,18.0,DOM,1979,Dominican Republic,Upper middle income,Latin America & Caribbean,1211190560.0,1746830300.0,0.0202685116147597,0.0012906497492464,-0.7140441896981232,-0.024514539000388,-0.0275074887802347,-0.0026955168439935,-0.4357919922803639
0.0,0.0,23.483774952370563,4.775664154307879,5.0,18.0,19.0,DOM,1980,Dominican Republic,Upper middle income,Latin America & Caribbean,1375636561.0,2303519820.0,0.0231462150610388,0.0015527608927046,-0.7261956143926666,-0.0194121920016471,-0.023760056067646,-0.0018638858551599,-0.3683166995845528
0.0,0.0,23.52568308463654,4.799707755862809,5.0,18.0,20.0,DOM,1981,Dominican Republic,Upper middle income,Latin America & Caribbean,1634265438.0,2192903500.0,0.0271567055021177,0.0013700235269044,-0.7109366156951058,-0.0183334498455777,-0.0235682548367859,-0.0015415098007543,-0.3560980441682919
0.0,0.0,23.54252750374618,4.82306113370141,5.0,18.0,21.0,DOM,1982,Dominican Republic,Upper middle income,Latin America & Caribbean,1359153860.0,2036678800.0,0.0266839203866945,0.0013188421715779,-0.707897346920216,-0.016417741072058,-0.02387522054985,-0.0013323397265354,-0.3604312596071077
0.0,0.0,23.587768007248506,4.846121202251774,5.0,18.0,22.0,DOM,1983,Dominican Republic,Upper middle income,Latin America & Caribbean,1565486937.0,2246418800.0,0.0267952511409199,0.0011632127707495,-0.6986537644724784,-0.0155083594050696,-0.0244851989266447,-0.00043650865568,-0.3682920495099099
0.0,0.0,23.600219129060875,4.86892513608083,5.0,18.0,23.0,DOM,1984,Dominican Republic,Upper middle income,Latin America & Caribbean,2519773064.0,3479368010.0,0.026792779952915,0.0011351766085232,-0.7027408751992317,-0.0200323046259408,-0.0244330483025337,-0.0004097476157062,-0.3597293978761385
0.0,0.0,23.578765282475995,4.891154067329224,5.0,18.0,24.0,DOM,1985,Dominican Republic,Upper middle income,Latin America & Caribbean,1319814445.0,1555450606.0,0.0267741722607996,0.001161211404238,-0.707566282032692,-0.0207448351290395,-0.0243420271949097,-0.0005317542231694,-0.3541679021433406
0.0,0.0,23.613379181290004,4.912814381839402,5.0,18.0,25.0,DOM,1986,Dominican Republic,Upper middle income,Latin America & Caribbean,1404388030.0,1621540299.0,0.0291901530057301,0.001145507713623,-0.6955780788960254,-0.021162269926105,-0.0246875275987115,-0.0001228027070258,-0.3575907518674105
0.0,0.0,23.70975576828362,4.934090394841083,5.0,18.0,26.0,DOM,1987,Dominican Republic,Upper middle income,Latin America & Caribbean,1487383601.0,1895596550.0,0.0308627161645932,0.0010227288073408,-0.6600124562333082,-0.0178400237215622,-0.0262431253760288,0.0012615622769463,-0.3754688376664475
0.0,0.0,23.731086280042174,4.955202082767704,5.0,18.0,27.0,DOM,1988,Dominican Republic,Upper middle income,Latin America & Caribbean,1853151083.0,1981547781.0,0.0315701151206521,0.0009152456612235,-0.6811424690466799,-0.0185311238179933,-0.0262553533222427,-0.0001171012430043,-0.3391144776547796
0.0,0.0,23.774150930547666,4.97635465264409,5.0,18.0,28.0,DOM,1989,Dominican Republic,Upper middle income,Latin America & Caribbean,2050889905.0,2594465300.0,0.0336254587986437,0.0009937500365505,-0.6244483196632876,-0.0212317715687986,-0.027829118633587,-0.0022909039239888,-0.3724314310928271
0.0,0.0,23.71806392893865,4.997392120428572,5.0,18.0,29.0,DOM,1990,Dominican Republic,Upper middle income,Latin America & Caribbean,2165302159.0,2729569106.0,0.0441348621115218,0.0015762494297857,-0.6978769396519479,-0.0260056020494221,-0.0229485644070923,-0.0014230869505135,-0.2992551122864029
0.0,1.0,23.72746102649242,5.017970911213029,5.0,18.0,30.0,DOM,1991,Dominican Republic,Upper middle income,Latin America & Caribbean,3937453796.0,4225814432.0,0.0586586943905518,-0.0044265458026485,-0.6856019788197101,-0.0258529090828351,-0.0193511411915014,-0.0015092737465646,-0.2877383037028698
0.0,1.0,23.83380944867887,5.03799161505041,5.0,18.0,31.0,DOM,1992,Dominican Republic,Upper middle income,Latin America & Caribbean,4271216000.0,5067032000.0,0.0782188311099603,-0.0037915030661213,-0.5214681875536576,-0.0173110373714958,-0.0174860252140408,-0.0015387910076395,-0.2502895856256038
0.0,1.0,23.904868971555274,5.057550481913063,5.0,18.0,32.0,DOM,1993,Dominican Republic,Upper middle income,Latin America & Caribbean,4760104000.0,5443488000.0,0.0754383464414281,-0.0046225522763876,-0.4381450538769971,-0.0158655489287773,-0.0173441314119902,0.0004143322151395,-0.1805781181761118
0.0,1.0,23.930540171219153,5.0767372268437505,5.0,18.0,33.0,DOM,1994,Dominican Republic,Upper middle income,Latin America & Caribbean,5302644573.0,5996926316.0,0.0788974184639398,-0.0186814869472305,-0.3670882561926498,-0.0158988162377881,-0.016894995062439,0.0041765826605295,-0.1378076176251994
0.0,0.0,23.985837032622875,5.09547389659784,5.0,18.0,34.0,DOM,1995,Dominican Republic,Upper middle income,Latin America & Caribbean,5860800311.0,6433877234.0,0.0748558627927211,0.0104712019455136,-0.3030414416657972,-0.0151097947814622,-0.0138477549914421,0.0100309089708855,-0.0912431424560211
0.0,0.0,24.043896721817568,5.113661562116603,8.0,18.0,35.0,DOM,1996,Dominican Republic,Upper middle income,Latin America & Caribbean,6363901907.0,6887267086.0,0.0583128383570271,0.0109360384412792,-0.2701060450400244,-0.0063318068518143,0.0048729383607528,0.017836077848102,-0.0129122655767936
0.0,0.0,24.129021286350074,5.131084628018128,8.0,18.0,36.0,DOM,1997,Dominican Republic,Upper middle income,Latin America & Caribbean,7050603812.0,7808997352.0,0.034291637640505,0.0185458585001968,-0.2268914225911172,-0.0043289910637045,0.0050257422952503,0.0358123089819341,0.1179746875869446
0.0,0.0,24.19400793559189,5.147619870114175,8.0,18.0,37.0,DOM,1998,Dominican Republic,Upper middle income,Latin America & Caribbean,7435712075.0,9015949074.0,0.029533583179648,0.0099762478247974,-0.1522459023770514,-0.0006507991132405,0.0018775252667013,0.0418868130230619,0.1339108380364299
0.0,0.0,24.251711109523466,5.163834283495519,8.0,18.0,38.0,DOM,1999,Dominican Republic,Upper middle income,Latin America & Caribbean,7743619442.0,9147200120.0,0.0290361110679234,0.0128356142629332,-0.1357046670796524,0.0032339382878222,0.0011212776065743,0.0471372985842152,0.1477404933716711
0.0,0.0,24.29727476248768,5.1800388398437365,8.0,18.0,39.0,DOM,2000,Dominican Republic,Upper middle income,Latin America & Caribbean,8628023507.0,10646556077.0,0.0214806287696346,0.0133355874472797,-0.0987581801031969,0.0072000972892204,0.0009316904922409,0.0515392350002709,0.1882298454518048
0.0,0.0,24.32157233478839,5.195768392023959,8.0,18.0,40.0,DOM,2001,Dominican Republic,Upper middle income,Latin America & Caribbean,8164580328.0,9887410923.0,0.0195166719538258,0.0133734222155922,-0.0883982326129906,0.0077619093569268,-0.0007119424878848,0.0528549423865309,0.2096605113962399
0.0,0.0,24.36554236171916,5.2107866701899885,8.0,18.0,41.0,DOM,2002,Dominican Republic,Upper middle income,Latin America & Caribbean,8337710063.0,10312030141.0,0.0164424230722585,0.0131245211247787,-0.0924640974740845,0.0058597776130458,-0.0009637457729311,0.0548156018454976,0.2463033590919606
0.0,0.0,24.35199393300726,5.225185622805184,8.0,18.0,42.0,DOM,2003,Dominican Republic,Upper middle income,Latin America & Caribbean,9022076949.0,9052791965.0,0.0090627231101447,0.0122523709797457,-0.034337756602389,0.0008266249401794,-0.0041511726273239,0.06065802288751,0.3709978314450484
0.0,0.0,24.37737054848857,5.238928551682537,8.0,18.0,43.0,DOM,2004,Dominican Republic,Upper middle income,Latin America & Caribbean,9185099134.0,8974480635.0,0.0073829524105891,0.0064524827119831,-0.0677737381841089,-0.0062866043496038,0.0004134004293102,0.0583953187234637,0.5648862636204832
0.0,0.0,24.467469326569155,5.252037576151989,8.0,18.0,44.0,DOM,2005,Dominican Republic,Upper middle income,Latin America & Caribbean,10136190145.0,11921949246.0,0.0075758336124982,-0.0007732162496248,0.0344464017487459,-0.0096680052618267,-0.0039854751764584,0.053374659859877,0.6204021153460231
0.0,0.0,24.555245335702367,5.264549604198026,8.0,18.0,45.0,DOM,2006,Dominican Republic,Upper middle income,Latin America & Caribbean,10691550324.0,13463084949.0,0.0026019766113277,0.0019138816249085,0.26520906718587,-0.0267061935439428,-0.0003695511070447,0.0447423720661401,0.6434791648992058
0.0,0.0,24.62678384695813,5.276729992859089,8.0,18.0,46.0,DOM,2007,Dominican Republic,Upper middle income,Latin America & Caribbean,11766045684.0,15153678844.0,0.001469007729154,0.0019727002320372,0.3318969120508852,-0.0500684156656803,-0.0006597597876448,0.0362744822948069,0.7744933456536067
0.0,0.0,24.658374605336675,5.28907691628501,8.0,18.0,47.0,DOM,2008,Dominican Republic,Upper middle income,Latin America & Caribbean,11517105550.0,18024743516.0,0.001515224356531,-0.0006285336684018,0.31759995869824,-0.0605839631022525,-5.4301516289166185e-05,0.0332580604581644,0.8739173267191657
0.0,0.0,24.667791676891312,5.301754322442705,8.0,18.0,48.0,DOM,2009,Dominican Republic,Upper middle income,Latin America & Caribbean,10171930289.0,14253867214.0,0.0015221077432291,-0.0005034966215448,0.3070051506253073,-0.0599930926113601,0.0007523284629794,0.0318752438177652,0.8883711283447258
0.0,0.0,24.747892700325526,5.314555643204674,8.0,18.0,49.0,DOM,2010,Dominican Republic,Upper middle income,Latin America & Caribbean,12253253718.0,17906216037.0,0.0016593568122884,-0.0008704727566111,0.3196477713007457,-0.0597004119939762,0.0012278196343998,0.0282463955993638,0.8912789154145937
1.0,0.0,24.778746033266675,5.327249054233181,8.0,18.0,50.0,DOM,2011,Dominican Republic,Upper middle income,Latin America & Caribbean,14097050548.0,20132557520.0,-0.0173525795083752,-0.0010091901674957,0.3385345501713446,-0.0613386683375364,0.0005248747502478,0.0246929722866277,0.9194077559470588
1.0,0.0,24.80555706284015,5.339718220696725,8.0,18.0,51.0,DOM,2012,Dominican Republic,Upper middle income,Latin America & Caribbean,14999070991.0,20433273135.0,-0.017363578641776,-0.001046483265409,0.3575079334828753,-0.0615675138382339,-0.0002440050160407,0.0251432026263588,0.9089480403912836
1.0,0.0,24.853157997234543,5.351899630245396,8.0,18.0,52.0,DOM,2013,Dominican Republic,Upper middle income,Latin America & Caribbean,15878953122.0,19661135224.0,-0.0173061069531535,-0.0009115416795314,0.3829505357684249,-0.0631722154215183,-0.0009479780937638,0.0258419860433791,0.884922916075218
1.0,0.0,24.921288157799566,5.363767033091534,8.0,18.0,53.0,DOM,2014,Dominican Republic,Upper middle income,Latin America & Caribbean,17026265384.0,20273979988.0,-0.0172840967659143,-0.0012068865669063,0.4294757320844176,-0.0665712582956009,-0.002438652087742,0.0204299838004224,0.8544311881106804
1.0,0.0,24.98826450600333,5.375265853438695,8.0,18.0,54.0,DOM,2015,Dominican Republic,Upper middle income,Latin America & Caribbean,17058168236.0,20090901342.0,-0.0172812429697608,-0.001436789428162,0.4355764394052226,-0.0666100203162033,-0.002771456802384,0.0192994635716862,0.8469201261320005
1.0,0.0,25.052733027147656,5.38637809610796,7.0,18.0,55.0,DOM,2016,Dominican Republic,Upper middle income,Latin America & Caribbean,18279168808.0,20804844203.0,-0.0175322073576648,-0.0013262882162706,0.4671152233160319,-0.0668778232188042,-0.0173605778164288,0.0198900379044985,0.8297881549810362
1.0,0.0,25.098343901563748,5.39725684565283,7.0,18.0,56.0,DOM,2017,Dominican Republic,Upper middle income,Latin America & Caribbean,19118996310.0,21016707908.0,-0.0175451039992487,-0.0013778949774902,0.4662964763555622,-0.0667076331830133,-0.017531442644462,0.0195857288702824,0.8309763891707669
1.0,0.0,25.165839243100585,5.407999693212292,7.0,18.0,57.0,DOM,2018,Dominican Republic,Upper middle income,Latin America & Caribbean,20392862253.0,24089276070.0,-0.0175030009835474,-0.0014177641118449,0.468053928843685,-0.0651793910841428,-0.0175908068905397,0.0190941607095215,0.826640012466233
0.0,0.0,23.784103463349147,3.3224086913522943,-7.0,20.0,0.0,EGY,1961,Egypt,Lower middle income,Middle East & North Africa,793126618.8,887313994.3,0.0209946687749397,-0.0027730113169596,-0.1337870519371424,0.0307406601365339,0.0081032620846345,0.0045870165864236,-1.9076278857967168
0.0,0.0,23.822127467659215,3.3487292128184136,-7.0,20.0,1.0,EGY,1962,Egypt,Lower middle income,Middle East & North Africa,607433082.2,787660480.3,0.0209527863058301,-0.0032854329353265,-0.1136566646573803,0.0285443064509948,0.0082362568519043,0.0043396903462036,-1.9071526814665096
0.0,0.0,23.922136523346428,3.375019102039845,-7.0,20.0,2.0,EGY,1963,Egypt,Lower middle income,Middle East & North Africa,743589330.8,987619111.1,0.0218167596115381,-0.0033194202490599,-0.0257694903810913,0.028041477125192,0.0048111224099752,0.0036833523347993,-1.989192737861317
0.0,0.0,24.031058885351076,3.4010440722442006,-7.0,20.0,3.0,EGY,1964,Egypt,Lower middle income,Middle East & North Africa,866409220.2,1171388946.0,0.0208557372826343,-0.0027574783702661,0.0183408173150007,0.0259860856756638,0.0086469003531439,0.0038935897026383,-2.0285273419612384
0.0,0.0,24.07903006941871,3.4265133361947275,-7.0,20.0,4.0,EGY,1965,Egypt,Lower middle income,Middle East & North Africa,847750109.2,996286588.0,0.0200584755834887,-0.0023497955344299,0.0283231113181874,0.0213738251188386,0.0060804558575645,0.0047127544603309,-1.998919458705112
0.0,0.0,24.128262076070456,3.4515765661618714,-7.0,20.0,5.0,EGY,1966,Egypt,Lower middle income,Middle East & North Africa,862076408.4,1081156918.0,0.0165536672799163,-0.0007072196369919,0.0428685267462545,0.0191163397717125,0.0046890660905658,0.0059822854335366,-1.9376836781039404
0.0,0.0,24.136282467852862,3.476413785445169,-7.0,20.0,6.0,EGY,1967,Egypt,Lower middle income,Middle East & North Africa,943166740.4,1071428571.0,0.0152818237318819,-0.0019319273094895,0.0556809681363055,0.0185935077609764,0.0031560337699889,0.0059556406789638,-1.9120407576830123
0.0,0.0,24.120084055588798,3.5010170034807784,-7.0,20.0,7.0,EGY,1968,Egypt,Lower middle income,Middle East & North Africa,700000000.0,1035981308.0,0.013763265447724,-0.0007015397799726,-0.0269563498325849,0.0171555058919201,-0.001907409606461,0.00603697933067,-1.7983236501816051
0.0,0.0,24.171532754266035,3.5253647651887277,-7.0,20.0,8.0,EGY,1969,Egypt,Lower middle income,Middle East & North Africa,877723970.9,1078692494.0,0.0105843659530499,-0.0013678464194149,0.0944805988233646,0.0152714197515984,-0.0074064352478708,0.0069180306067151,-1.819911195828033
0.0,0.0,24.226006877336726,3.549107177047875,-7.0,20.0,9.0,EGY,1970,Egypt,Lower middle income,Middle East & North Africa,1091183120.0,1374780206.0,0.006401909532455,-0.0001946311061627,0.1203985949566244,0.0165584431806991,-0.0136519418979466,0.0084473353369849,-1.691172738375342
0.0,0.0,24.265778845506542,3.5722143578928325,-7.0,20.0,10.0,EGY,1971,Egypt,Lower middle income,Middle East & North Africa,1140015302.0,1530986993.0,0.005852919424263,0.0001909295788087,0.1552593505041387,0.0167400816120725,-0.0158272066839492,0.0068789676140739,-1.596450855982276
0.0,0.0,24.29587809027057,3.595229475562535,-7.0,20.0,11.0,EGY,1972,Egypt,Lower middle income,Middle East & North Africa,1182006205.0,1615822130.0,0.0054149286157835,-3.7855379149504255e-05,0.19219994468104,0.0153623947922248,-0.0201062811742812,0.0034396523793229,-1.5145522113884085
0.0,0.0,24.33034550670838,3.618232418197492,-7.0,20.0,12.0,EGY,1973,Egypt,Lower middle income,Middle East & North Africa,1366851945.0,1834007074.0,0.0062576974243702,-0.0002527930391153,0.1470421229911076,0.017592493249021,-0.0201747542535706,0.0084085614719386,-1.2784555702563547
0.0,0.0,24.345814626272244,3.641347986753209,-7.0,20.0,13.0,EGY,1974,Egypt,Lower middle income,Middle East & North Africa,1879700810.0,2888427176.0,0.009861001244361,-0.0003012426160514,0.1531956701830313,0.0320423704124976,-0.0246911271581094,0.0166726140431046,-0.8825646342680215
0.0,0.0,24.431433883665292,3.664920164720122,-7.0,20.0,14.0,EGY,1975,Egypt,Lower middle income,Middle East & North Africa,2113327488.0,4134809294.0,0.0103797992651816,0.0042552584211929,0.232344490965802,0.0328217233734387,-0.0277436254250324,0.022333706385718,-0.7637845934832643
0.0,0.0,24.556123586114577,3.6883156557094807,-6.0,20.0,15.0,EGY,1976,Egypt,Lower middle income,Middle East & North Africa,2285998014.0,3717576961.0,0.0069113836881134,0.0021303437967291,0.5247018988446077,-0.0121820886777413,-0.0207470177315063,0.0514240818089065,-0.7911627991301549
0.0,0.0,24.64232921101533,3.7119884920481425,-6.0,20.0,16.0,EGY,1977,Egypt,Lower middle income,Middle East & North Africa,3108577443.0,4516926855.0,0.0066639691605526,0.0036076746925711,0.6517804212956165,-0.0286544813093355,-0.0228603301777374,0.064100387360122,-0.6695735354835524
0.0,0.0,24.72509529289922,3.736533593012846,-6.0,20.0,17.0,EGY,1978,Egypt,Lower middle income,Middle East & North Africa,2947998787.0,5026531231.0,0.0066181992435065,0.0047576836781982,0.6490052115585252,-0.0247239832488452,-0.0225994911595929,0.0621758968390421,-0.597334235598631
0.0,0.0,24.769568434300663,3.761533624259444,-6.0,20.0,18.0,EGY,1979,Egypt,Lower middle income,Middle East & North Africa,4774142857.0,7743714286.0,0.0072374024796152,0.0078720754272559,0.6863269600876984,-0.0051072122868229,-0.0161438275958048,0.0639154522993953,-0.4088068037531006
0.0,0.0,24.8649816000538,3.787622403852217,-6.0,20.0,19.0,EGY,1980,Egypt,Lower middle income,Middle East & North Africa,6612494097.0,9289542760.0,0.0072199481396963,0.0094836543955664,0.8039803320001468,0.0083279856840491,-0.0251312216825313,0.0627084172119081,-0.2575660573457398
0.0,0.0,24.935892467368923,3.814489176748156,-6.0,20.0,20.0,EGY,1981,Egypt,Lower middle income,Middle East & North Africa,6853648649.0,9628783784.0,0.0074247220309077,0.0089534829834576,0.8638302765277764,0.0072499100103806,-0.0264562688569118,0.0543478990654634,-0.2228930467909999
0.0,0.0,25.030358392110756,3.8420238588161624,-6.0,20.0,21.0,EGY,1982,Egypt,Lower middle income,Middle East & North Africa,7282512315.0,10472660099.0,0.0073693529693163,0.0090180638114485,0.8711520653720849,0.0070921416113474,-0.0267182115101861,0.0542139785215633,-0.2267843771183563
0.0,0.0,25.080047265090197,3.8713015048165422,-6.0,20.0,22.0,EGY,1983,Egypt,Lower middle income,Middle East & North Africa,7101280559.0,10593713620.0,0.0073500887177865,0.008448493664478,0.88170549652681,0.0061123291367431,-0.0272680650901418,0.0542764443240189,-0.2252537150659964
0.0,0.0,25.17304352175952,3.901415616873837,-6.0,20.0,23.0,EGY,1984,Egypt,Lower middle income,Middle East & North Africa,6987744571.0,10857880026.0,0.0073422284303508,0.0076563394209025,0.8996680006063985,-0.0013878247844932,-0.0277878531911578,0.0522847681014508,-0.23665722299958
0.0,0.0,25.22934356645219,3.931175759837972,-6.0,20.0,24.0,EGY,1985,Egypt,Lower middle income,Middle East & North Africa,7119673333.0,10888912156.0,0.0072380773485503,0.0066989024266991,0.9656779646506656,0.0009404354278424,-0.0296715888788463,0.0508994097871741,-0.2761554544958844
0.0,0.0,25.275697675824162,3.9597634641829074,-6.0,20.0,25.0,EGY,1986,Egypt,Lower middle income,Middle East & North Africa,5706267540.0,9167446211.0,0.007054584287544,0.0067414043221898,0.9974732832466664,0.0044293757101514,-0.0306102152029719,0.0436716378215392,-0.2794159323231636
0.0,0.0,25.31330894656715,3.9874972000890154,-6.0,20.0,26.0,EGY,1987,Egypt,Lower middle income,Middle East & North Africa,5106048704.0,9190887667.0,0.0063123234288518,0.0057956950863478,0.9998799034885536,0.002638912563361,-0.0311811947441695,0.0330766850878838,-0.2642134078214057
0.0,0.0,25.366482970571404,4.0153001407755715,-6.0,20.0,27.0,EGY,1988,Egypt,Lower middle income,Middle East & North Africa,6076093129.0,12322544009.0,0.0052796227735187,0.0039908437495345,1.0068591510420917,0.0042733950775302,-0.0331882578751995,0.0200880040051574,-0.2259049075188635
0.0,0.0,25.41452197184763,4.042522265481335,-6.0,20.0,28.0,EGY,1989,Egypt,Lower middle income,Middle East & North Africa,7073523337.0,12856257745.0,0.0055446369442584,0.0040997516890847,1.0199856926377784,0.0030635213430305,-0.0350258078161427,0.0182612813968954,-0.2174279087441059
0.0,0.0,25.46964040275726,4.071818359890326,-6.0,20.0,29.0,EGY,1990,Egypt,Lower middle income,Middle East & North Africa,8748317631.0,13997308210.0,0.0065299227710628,0.0043946852067506,1.0593776851729828,-0.0024083929188293,-0.040872083572491,0.0028318474492059,-0.1982138196759019
0.0,0.0,25.480830876486305,4.099388111617405,-6.0,20.0,30.0,EGY,1991,Egypt,Lower middle income,Middle East & North Africa,10269192423.0,13226985710.0,0.0081164757727748,0.0031010022251964,1.056916600229505,-0.0020885628008463,-0.0428054357202994,-0.0004038455305241,-0.1876942632697166
0.0,0.0,25.5245865176649,4.123283036501327,-6.0,20.0,31.0,EGY,1992,Egypt,Lower middle income,Middle East & North Africa,11885776186.0,12938946228.0,0.0086603657080087,0.0029251825561367,1.061674738197198,-0.005068646684199,-0.051816152942522,-0.0137974669938569,-0.1038848543197813
0.0,0.0,25.553186282800958,4.146355815806922,-6.0,20.0,32.0,EGY,1993,Egypt,Lower middle income,Middle East & North Africa,12034813926.0,14015606242.0,0.0085890483881781,0.002216138317706,1.0801088269581334,-0.0102196664063167,-0.0569141111765211,-0.0135056394428536,-0.0611459486855611
0.0,0.0,25.592145535995375,4.167895867644215,-6.0,20.0,33.0,EGY,1994,Egypt,Lower middle income,Middle East & North Africa,11714116251.0,14561091340.0,0.0081877728625706,0.0033303745325364,1.113069058066478,-0.0117927312281231,-0.0646771189973545,-0.0159534483585013,-0.0122704522877647
0.0,0.0,25.637529721666716,4.188937921838878,-6.0,20.0,34.0,EGY,1995,Egypt,Lower middle income,Middle East & North Africa,13565319965.0,16661751696.0,0.0066304901765592,0.0037625157605533,1.1220934041263662,-0.0121742819259915,-0.0786800785214324,-0.0184135457717284,0.0286659188735271
0.0,0.0,25.686208364512122,4.209671541424744,-6.0,20.0,35.0,EGY,1996,Egypt,Lower middle income,Middle East & North Africa,14033018868.0,17718160377.0,0.0050438772615996,0.0033802039768942,1.1190351956064233,-0.0140393979623495,-0.0846256091484046,-0.0188261827569322,0.0642293668898931
0.0,0.0,25.739677747553454,4.230397134833094,-6.0,20.0,36.0,EGY,1997,Egypt,Lower middle income,Middle East & North Africa,14778761062.0,19528023599.0,0.0030130662010024,0.0030414767098622,1.196187330776061,-0.0181024327715075,-0.0968494789367207,-0.0211339580150694,0.1155900787945348
0.0,0.0,25.793935774934777,4.252245210833615,-6.0,20.0,37.0,EGY,1998,Egypt,Lower middle income,Middle East & North Africa,13754427391.0,21812278630.0,0.0025043601875471,0.0027063548376138,1.2214334197630334,-0.0180660424051494,-0.1086049579705739,-0.0285098730309432,0.1351589432054016
0.0,1.0,25.852708826740784,4.274550852444072,-6.0,20.0,38.0,EGY,1999,Egypt,Lower middle income,Middle East & North Africa,13653789443.0,21144205249.0,0.0022378068906937,-0.0088050441829613,1.2548518160702502,-0.0154589735115882,-0.1088951544530609,-0.0252441941292566,0.1327740650278761
0.0,1.0,25.914460024146226,4.296160050250029,-6.0,20.0,39.0,EGY,2000,Egypt,Lower middle income,Middle East & North Africa,16174959636.0,22779979451.0,0.0018447832972622,-0.0086487088987261,1.2828855343479963,-0.01467821660322,-0.11043344482236,-0.0312499990226986,0.1601686027607209
0.0,1.0,25.949200665000486,4.31739808655067,-6.0,20.0,40.0,EGY,2001,Egypt,Lower middle income,Middle East & North Africa,16900269542.0,21590296496.0,0.0018436080147019,-0.0078878897384206,1.3157321735134797,-0.0154764480371194,-0.1059597117492123,-0.0389416107859439,0.1799040599002158
0.0,1.0,25.9728235388599,4.338435322542324,-6.0,20.0,41.0,EGY,2002,Egypt,Lower middle income,Middle East & North Africa,15595505618.0,19303370787.0,0.0015437048186188,-0.0083784998914083,1.3251098178093963,-0.0141939883005825,-0.109916398548306,-0.041749680647033,0.1858332470392552
0.0,1.0,26.004259002361245,4.359389854776215,-6.0,20.0,42.0,EGY,2003,Egypt,Lower middle income,Middle East & North Africa,17500000000.0,19576923077.0,0.0003536382372953,-0.0051407015992044,1.3488861389664335,-0.009283412427735,-0.1170554522356564,-0.045534001190762,0.2497514286112365
0.0,1.0,26.044366677766277,4.380033628330477,-6.0,20.0,43.0,EGY,2004,Egypt,Lower middle income,Middle East & North Africa,22240259740.0,23311688312.0,-0.0009128589729265,-0.002619713361449,1.4321873466881363,-0.0072473791094586,-0.145448693641264,-0.0323903600167098,0.4477835383596147
0.0,1.0,26.088110370963495,4.400255723627309,-3.0,20.0,44.0,EGY,2005,Egypt,Lower middle income,Middle East & North Africa,27206127206.0,29237429237.0,-0.0017586133907988,-0.0001480296851132,1.4928974577743612,-0.007909524922956,-0.1563940130960764,-0.0223585405325549,0.6047232186251572
0.0,1.0,26.154307395420126,4.41978485775587,-3.0,20.0,45.0,EGY,2006,Egypt,Lower middle income,Middle East & North Africa,32173913043.0,33913043478.0,-0.0017172195287118,0.0009675401440986,1.453841108023431,-0.0067244633524426,-0.1533483078630173,-0.0199397724290381,0.6922119559589728
0.0,1.0,26.222787847289904,4.438660179551157,-3.0,20.0,46.0,EGY,2007,Egypt,Lower middle income,Middle East & North Africa,39457092820.0,45429071804.0,-0.0013822171709383,0.0017294791075564,1.459851095865914,-0.0087352459168318,-0.1416811003841347,-0.0176121094194707,0.7938446017006048
0.0,1.0,26.291908006324366,4.457334220833271,-3.0,20.0,47.0,EGY,2008,Egypt,Lower middle income,Middle East & North Africa,53800000000.0,62909090909.0,-0.0014585927236678,0.0021723019632078,1.5141817836443057,-0.0109793444587284,-0.1109331097900989,-0.0153359674005139,0.935944940655062
0.0,1.0,26.337583017127848,4.476217873128578,-3.0,20.0,48.0,EGY,2009,Egypt,Lower middle income,Middle East & North Africa,47205081670.0,59764065336.0,-0.0015916370576457,0.0021048245891705,1.5522608753394505,-0.0134167797335114,-0.102978866861221,-0.0182409423170318,0.9493940205258248
0.0,1.0,26.387773730331805,4.495397385502368,-3.0,20.0,49.0,EGY,2010,Egypt,Lower middle income,Middle East & North Africa,46751361162.0,58221415608.0,-0.0010783415768738,0.0019437314817568,1.558978486335899,-0.01374928394677,-0.1107979943652145,-0.0187304606216247,0.9685212268412798
0.0,1.0,26.405266126273656,4.516441993094868,-2.0,20.0,50.0,EGY,2011,Egypt,Lower middle income,Middle East & North Africa,48537005164.0,58261617900.0,-0.0005236084158206,0.001943748776511,1.5932195441747692,-0.0143951325277501,-0.1143514823079422,-0.0254989738227454,0.963061740308366
0.0,1.0,26.42728495026814,4.538889572715474,-3.0,20.0,51.0,EGY,2012,Egypt,Lower middle income,Middle East & North Africa,45766666667.0,67866666667.0,-0.0004603593708614,0.0015717091148596,1.6248269380499945,-0.0136968684144531,-0.1127780339918869,-0.0316373584535277,0.959826913557046
1.0,1.0,26.44890438469069,4.561942209099635,-4.0,20.0,52.0,EGY,2013,Egypt,Lower middle income,Middle East & North Africa,49085271318.0,67364341085.0,-0.011369936629328,0.0013374197902523,1.6540165888785137,-0.0183082476172574,-0.130645153301469,-0.0318174426510841,0.9815625755188018
1.0,1.0,26.477646364365704,4.58470660474797,-4.0,20.0,53.0,EGY,2014,Egypt,Lower middle income,Middle East & North Africa,43529411765.0,69296987088.0,-0.0128917713953458,0.0012853190475109,1.6969904153640476,-0.0211805166257549,-0.1294816360372785,-0.0353125736348151,0.963975085738639
1.0,1.0,26.520438467522023,4.605695859797401,-4.0,20.0,54.0,EGY,2015,Egypt,Lower middle income,Middle East & North Africa,43423180593.0,71347708895.0,-0.0138770677820971,0.0011778198966286,1.7318404870931856,-0.0201448333610726,-0.1314872001462533,-0.043941320571368,0.9580786073028722
1.0,1.0,26.56298555783904,4.626042689781861,-4.0,20.0,55.0,EGY,2016,Egypt,Lower middle income,Middle East & North Africa,34392638037.0,66159509202.0,-0.014482440500618,0.001176970841119,1.752494327792064,-0.020237270296606,-0.1299341896654032,-0.0465198639825478,0.9507508298909222
1.0,1.0,26.603946857082313,4.646024473746914,-4.0,20.0,56.0,EGY,2017,Egypt,Lower middle income,Middle East & North Africa,37289402174.0,69089673913.0,-0.0189207546193029,0.0009941767009331,1.8481680695284108,-0.0280919190853663,-0.1360878713193501,-0.0594420300018929,0.9522690788988396
1.0,1.0,26.65572320347436,4.66499585719906,-4.0,20.0,57.0,EGY,2018,Egypt,Lower middle income,Middle East & North Africa,47225661227.0,73331457513.0,-0.0191209679338753,0.0009385616746463,1.8832981199674257,-0.0286919770457286,-0.1362098710661307,-0.0687524857036127,0.9534470220714982
0.0,0.0,20.993536239224614,2.9110616292744456,-6.0,21.0,32.0,ERI,1993,Eritrea,Low income,Sub-Saharan Africa,142966419.3,334544481.0,0.0053662241358173,0.0004268334001816,-2.9770188175086347,0.0496780263326858,-0.0001402530155526,0.0201894402035517,0.0859232070563805
0.0,0.0,21.185984770861175,2.941785644817699,-6.0,21.0,33.0,ERI,1994,Eritrea,Low income,Sub-Saharan Africa,148977272.7,440568181.8,0.0054404200900091,0.0008302705515928,-2.919177731067769,0.0869542686143159,0.0106928684979233,0.0266388073895489,0.1197189981205502
0.0,0.0,21.21416766653581,2.998336305617597,-6.0,21.0,34.0,ERI,1995,Eritrea,Low income,Sub-Saharan Africa,129406250.0,479375000.0,0.0051905238531015,0.0010701431069131,-2.9185696389212845,0.1066874048313349,0.0126117694132403,0.0298260602783817,0.1618840254751674
0.0,0.0,21.302717213539545,3.048035354959979,-6.0,21.0,35.0,ERI,1996,Eritrea,Low income,Sub-Saharan Africa,202746708.2,606037724.0,0.0042662319154793,0.0010916725011863,-2.918287622684658,0.1146946452572611,0.010499596103643,0.0338864785683232,0.2053509881444556
0.0,0.0,21.37883238388707,3.059095134968168,-6.0,21.0,36.0,ERI,1997,Eritrea,Low income,Sub-Saharan Africa,203302823.7,589008180.7,0.0028916703517012,0.0009572822405419,-2.8707987078236523,0.1183495889182239,-0.0182143811764337,0.0346523372685417,0.2842583474651509
0.0,0.0,21.396402944694845,3.0721518222762274,-6.0,21.0,37.0,ERI,1998,Eritrea,Low income,Sub-Saharan Africa,110594504.4,597112442.0,0.0026025109649258,0.0009262075142968,-2.864950144733778,0.1182340091926144,-0.0192327799150922,0.0362011788842337,0.2997650213432407
0.0,0.0,21.396537736170934,3.0868844056471514,-6.0,21.0,38.0,ERI,1999,Eritrea,Low income,Sub-Saharan Africa,65684301.01,597463420.7,0.0025368860781953,0.0008929791157669,-2.867283358604778,0.1190609050278195,-0.0197360366811018,0.0364691360017345,0.3016084304159544
0.0,0.0,21.36461368405,3.102244551279168,-6.0,21.0,39.0,ERI,2000,Eritrea,Low income,Sub-Saharan Africa,68310441.56,411183688.3,0.0021314270326374,0.0007196012530118,-2.9184051986806554,0.1149781101413876,-0.0195019498930659,0.0373620101604196,0.2969837035807593
0.0,0.0,21.44854514909788,3.1307818820428444,-7.0,21.0,40.0,ERI,2001,Eritrea,Low income,Sub-Saharan Africa,81309112.06,460870323.3,0.002097866890135,0.0008625721078262,-2.8553548634606343,0.0959294708836016,-0.0592450369428655,0.0256602575203119,0.3274806519093818
0.0,0.0,21.478156660514383,3.165173377748633,-7.0,21.0,41.0,ERI,2002,Eritrea,Low income,Sub-Saharan Africa,85922706.05,472665962.4,0.0018422136579152,0.0002148234153676,-2.7571195884455175,0.0710456180563009,-0.0898517316216184,0.0108772191908472,0.3884211077221305
0.0,0.0,21.4512425438803,3.206483715262243,-7.0,21.0,42.0,ERI,2003,Eritrea,Low income,Sub-Saharan Africa,56064246.36,587987562.4,0.0012685463268176,-0.0004592782921419,-2.863352368948361,0.0711422144163797,-0.0696925047732221,0.0160429344536183,0.4172854017757074
0.0,0.0,21.465655531731027,3.0669595659954605,-7.0,21.0,43.0,ERI,2004,Eritrea,Low income,Sub-Saharan Africa,64052293.74,663164475.1,0.0010353732062583,-0.0010072724856126,-2.824710351459825,0.0578424029688621,-0.1052979692720405,0.0032526412565709,0.532462925564383
0.0,0.0,21.491074217422803,3.090538234897914,-7.0,21.0,44.0,ERI,2005,Eritrea,Low income,Sub-Saharan Africa,67725717.15,603478012.0,0.0009677256007645,-0.0015741288156458,-2.8724498409231973,0.0543902996392652,-0.1106053251876177,-6.601961381485443e-05,0.5899333975426825
0.0,0.0,21.481334771763233,3.106479389297346,-7.0,21.0,45.0,ERI,2006,Eritrea,Low income,Sub-Saharan Africa,83564227.64,464617886.2,0.0008846574175931,-0.001813590865475,-2.972413378085465,0.0471529627790669,-0.1159404989536344,-0.0041504410805612,0.6302600007789305
0.0,0.0,21.495502160681742,3.120828440735758,-7.0,21.0,46.0,ERI,2007,Eritrea,Low income,Sub-Saharan Africa,76071544.72,379414634.1,0.0008393213830982,-0.0022023231329348,-3.026544786011399,0.0371708211870117,-0.1234347398646623,-0.0155431981482072,0.7068960158329569
0.0,0.0,21.39254952124153,3.146923242898963,-7.0,21.0,47.0,ERI,2008,Eritrea,Low income,Sub-Saharan Africa,61125203.25,360673606.5,0.0010475680428017,-0.0031060191101354,-3.2467210430043973,0.0403590811799241,-0.1104748580703595,-0.0037903013298622,0.7322765053064776
1.0,0.0,21.43058204357368,3.171914158577156,-7.0,21.0,48.0,ERI,2009,Eritrea,Low income,Sub-Saharan Africa,84082757.72,435274751.2,-0.0111705997755657,-0.0029102872861354,-3.170313442440896,0.041316549914862,-0.1311294878519862,-0.0106685471661003,0.7977754806734302
1.0,0.0,21.452286687960157,3.191598809864985,-7.0,21.0,49.0,ERI,2010,Eritrea,Low income,Sub-Saharan Africa,101385281.3,494229450.4,-0.0107106677612366,-0.0024606139476772,-3.1382732052942504,0.0392852312902562,-0.1406015431165082,-0.0142241670016921,0.8341835402736901
1.0,0.0,21.535522446891303,3.209336718718563,-7.0,21.0,50.0,ERI,2011,Eritrea,Low income,Sub-Saharan Africa,374897684.6,603784852.0,-0.0136512008697402,-0.0021923599427871,-3.073378093821926,0.039282969638681,-0.1695353752011153,-0.0221224329050615,0.8564299917419447
1.0,1.0,23.050935601177986,3.523145671037095,6.0,22.0,34.0,EST,1995,Estonia,High income,Europe & Central Asia,2967518489.0,3295549961.0,-0.0202033247650704,-0.0024775061402321,-1.3045200926599894,0.0765856184564786,-0.0288349711610559,-0.0273303447419041,-0.1905457634568374
1.0,1.0,23.099182898860107,3.5083920245797664,6.0,22.0,35.0,EST,1996,Estonia,High income,Europe & Central Asia,2932836520.0,3431489140.0,-0.0175443288111008,-0.0019058845087773,-1.143869664621572,0.0898783542225416,-0.0265456753302567,-0.0033570684173632,-0.0363014777637688
1.0,1.0,23.221843042016136,3.496982832143841,6.0,22.0,36.0,EST,1997,Estonia,High income,Europe & Central Asia,3627803201.0,4158018485.0,-0.0247273545671427,-0.0031959238869293,-0.9481058445191636,0.0990455177970839,-0.0221112660837596,0.0086705351749883,0.0539313973549326
1.0,1.0,23.26432598127502,3.4873772421210494,6.0,22.0,37.0,EST,1998,Estonia,High income,Europe & Central Asia,4178072088.0,4721055735.0,-0.0238359841737124,-0.0037298224738348,-0.9281271146560668,0.0883273195899662,-0.0234996379135389,0.008384456214713,0.0805970570310594
0.0,0.0,23.260066671696887,3.490322064907373,7.0,22.0,38.0,EST,1999,Estonia,High income,Europe & Central Asia,4022130537.0,4274527257.0,0.0013371522876835,0.0008197072247957,-0.9901512078628992,0.0514906024634294,-0.0185323925352016,0.0094856309809776,0.0812176266251223
0.0,0.0,23.356173211078854,3.495159136689676,9.0,22.0,39.0,EST,2000,Estonia,High income,Europe & Central Asia,3504490924.0,3688783746.0,0.001514318552861,0.0008103283752397,-0.9438569921314096,0.0607638269420538,0.1094961987550605,0.0073397494797184,0.1406390902786541
0.0,0.0,23.4144767813853,3.4887895052636004,9.0,22.0,40.0,EST,2001,Estonia,High income,Europe & Central Asia,3831095694.0,4078345717.0,0.0017482254190378,0.0008391659796821,-0.9265957786450456,0.0589571665016777,0.1162959233536198,0.0084062134503116,0.1535987890826277
0.0,0.0,23.479996395427605,3.482455167444587,9.0,22.0,41.0,EST,2002,Estonia,High income,Europe & Central Asia,4270175191.0,4815881134.0,0.0022812597453916,0.0011540551608985,-0.8757041198937784,0.0599756344305193,0.1231767867439799,0.01422169944729,0.176690778982795
0.0,0.0,23.55324932167693,3.4761789426974,9.0,22.0,42.0,EST,2003,Estonia,High income,Europe & Central Asia,5644211834.0,6478792909.0,0.0020051073297158,0.0004848257078508,-0.7633642176022124,0.0683490388256811,0.1684081952798271,0.0295053280837099,0.2992434487498585
0.0,0.0,23.61907458746358,3.47020073776081,9.0,22.0,43.0,EST,2004,Estonia,High income,Europe & Central Asia,7418642236.0,8368396273.0,0.0021393659692258,-0.0009419493678823,-0.7200137471694252,0.0755697063632161,0.2101657667429267,0.0351042738923643,0.4348056231368363
0.0,0.0,23.71007026381409,3.464478182513553,9.0,22.0,44.0,EST,2005,Estonia,High income,Europe & Central Asia,9230780997.0,9945822659.0,0.0026413414851716,-0.0029440426439303,-0.6620573355330923,0.0714368961456758,0.2260256976642693,0.0390545564667227,0.4951654325114502
0.0,0.0,23.803247109421974,3.4585816268891656,9.0,22.0,45.0,EST,2006,Estonia,High income,Europe & Central Asia,10769819345.0,12490779074.0,0.0034761582093907,-0.0124388829380725,-0.3720486533056769,0.0352092084211373,0.1836648352867494,0.0502558998194879,0.7574359194349485
0.0,0.0,23.87630369101925,3.4540197414664506,9.0,22.0,46.0,EST,2007,Estonia,High income,Europe & Central Asia,14052834656.0,16026215439.0,0.0035396396404838,-0.0198277395819989,-0.2831278280895745,0.028969816402548,0.174852913021727,0.0585918057597953,0.8963489980682492
0.0,0.0,23.823619946636676,3.451338404439685,9.0,22.0,47.0,EST,2008,Estonia,High income,Europe & Central Asia,16160988721.0,17111419364.0,0.0036779261543861,-0.011675546844786,-0.3658105684103426,0.0358147793603277,0.1706022948680436,0.056224604739966,1.0291841747683426
0.0,0.0,23.665455580688818,3.449410723628627,9.0,22.0,48.0,EST,2009,Estonia,High income,Europe & Central Asia,11949522089.0,10974937483.0,0.0027651407690333,-0.0020540397075805,-0.6049422270389433,0.0492459549575621,0.0899238139854136,0.0567464300216959,1.008067585065299
0.0,0.0,23.689604290443548,3.4471301438520383,9.0,22.0,49.0,EST,2010,Estonia,High income,Europe & Central Asia,14652236229.0,13398749271.0,0.0027833438452971,-0.0025763341789347,-0.5457551682242221,0.0487156613742468,0.0817201480398226,0.0596398976311516,1.0668911130926988
0.0,0.0,23.75971865560284,3.4440943157656023,9.0,22.0,50.0,EST,2011,Estonia,High income,Europe & Central Asia,20104199024.0,18754165287.0,0.002935530099761,-0.0064957441173318,-0.3875504959388647,0.041843433352858,0.1122976806799767,0.0577578240042001,1.115733542889161
0.0,0.0,23.791490545930706,3.4405148715426743,9.0,22.0,51.0,EST,2012,Estonia,High income,Europe & Central Asia,19844301075.0,19463181364.0,0.0039158508540014,-0.0085446164174571,-0.3496100973717316,0.0362560999109865,0.1378634534470258,0.0604542618953839,1.1164662584886509
0.0,0.0,23.805969504432387,3.4117973938359443,9.0,22.0,52.0,EST,2013,Estonia,High income,Europe & Central Asia,21239933055.0,20652882303.0,0.0039619165779093,-0.0106998031208594,-0.3358144748419256,0.0321446341762862,0.1452119086334037,0.0609422918868665,1.113328680607711
0.0,1.0,23.835638655807607,3.4091748320222344,9.0,22.0,53.0,EST,2014,Estonia,High income,Europe & Central Asia,21804108132.0,20931419952.0,0.0041178558642534,0.0184172147486041,-0.2938910238604507,0.0263204050524205,0.1493625164970645,0.0608025369296931,1.1056236872001148
0.0,1.0,23.85399926393465,3.409830357395191,9.0,22.0,54.0,EST,2015,Estonia,High income,Europe & Central Asia,17725037608.0,16894724760.0,0.003897287216292,0.0211643577221999,-0.2789610253987965,0.0242003040929317,0.153324839368882,0.0623579256960609,1.10392786492295
0.0,1.0,23.885067264755744,3.4101214798480366,9.0,22.0,55.0,EST,2016,Estonia,High income,Europe & Central Asia,18537893089.0,17750100182.0,0.0038865464347923,0.0211056127206719,-0.2687541775584035,0.0239160755180447,0.1517119364076723,0.0614892784843735,1.0907873997252635
0.0,1.0,23.94137240329113,3.428034035615715,9.0,22.0,56.0,EST,2017,Estonia,High income,Europe & Central Asia,20411337064.0,19319297994.0,0.0039116803738035,0.0204808440602137,-0.2216849773030759,0.0234977308345782,0.1425157191968131,0.0606248595166624,1.0589082491038109
0.0,1.0,23.97851596883329,3.431514427108987,9.0,22.0,57.0,EST,2018,Estonia,High income,Europe & Central Asia,22761453869.0,22038410928.0,0.0036345143852451,0.0205519060579109,-0.1945005940011185,0.0234480318598682,0.1194145451566964,0.0589733971733001,1.055620752838917
0.0,0.0,19.350893210798507,3.8350565887655694,8.0,26.0,5.0,GMB,1966,Gambia,Low income,Sub-Saharan Africa,15991781.42,19266443.45,0.0033700833053376,-0.0137242253910755,-3.619719351570324,-0.026811658244851,-0.0082150358745971,-0.0301421381559062,-1.9464753841858553
0.0,0.0,19.350893210798507,3.862575312974364,8.0,26.0,6.0,GMB,1967,Gambia,Low income,Sub-Saharan Africa,18921503.35,22035302.95,0.003270834056166,-0.012719016291088,-3.6140068542456114,-0.0153932874873738,-0.0071838765437981,-0.0287799537018289,-1.925752448969146
0.0,0.0,19.442342706546942,3.8905873855290234,8.0,26.0,7.0,GMB,1968,Gambia,Low income,Sub-Saharan Africa,16460090.34,20988897.58,0.0031904496241963,-0.0124572684783427,-3.6277432375974183,-0.0215160539600312,-0.0035974084203283,-0.0297657856717155,-1.869865478894648
0.0,0.0,19.466406076396638,3.918798419384125,8.0,26.0,8.0,GMB,1969,Gambia,Low income,Sub-Saharan Africa,18244685.19,23077140.92,0.0030024401737226,-0.0117627960075786,-3.6406602088452495,-0.0204233655994732,-0.0001472236880653,-0.0293494904607332,-1.8249130438607504
0.0,0.0,19.526125314999717,3.9471783820567,8.0,26.0,9.0,GMB,1970,Gambia,Low income,Sub-Saharan Africa,19763503.62,21393730.23,0.0028542370184351,-0.010325008737798,-3.671925565956329,-0.0182604434967662,0.0075303525431277,-0.0292262988847594,-1.7199478368655836
0.0,0.0,19.525466327564384,3.975921499729731,8.0,26.0,10.0,GMB,1971,Gambia,Low income,Sub-Saharan Africa,18037835.14,20720647.06,0.0028586141085159,-0.0100044401912419,-3.6923894218715594,-0.0197156921683146,0.0094949479689013,-0.0280317140887538,-1.6502797291561215
0.0,0.0,19.527880458903375,4.0051208944662875,8.0,26.0,11.0,GMB,1972,Gambia,Low income,Sub-Saharan Africa,19980333.11,24111329.8,0.0025558438594384,-0.0100930234722195,-3.705136145582771,-0.0202946703321502,0.010624176423603,-0.0285829401699211,-1.601240601277663
0.0,0.0,19.61635212067766,4.034609593089001,8.0,26.0,12.0,GMB,1973,Gambia,Low income,Sub-Saharan Africa,26392897.11,31865390.43,0.0026325431233634,-0.0082445306075749,-3.5580952881580807,-0.014518084529038,0.0154336878896991,-0.0228190711255663,-1.3206395061871838
0.0,0.0,19.673476918182132,4.064056821823013,8.0,26.0,13.0,GMB,1974,Gambia,Low income,Sub-Saharan Africa,37334614.51,41877707.23,0.0046518212903405,-0.0073197392562045,-3.781814295757027,-0.0186982183469282,0.0124959817744106,-0.0164109002250099,-1.1570845852146037
0.0,0.0,19.79031220788093,4.093720190842852,8.0,26.0,14.0,GMB,1975,Gambia,Low income,Sub-Saharan Africa,51495206.98,50235171.27,0.0052967938677785,-0.0063029414335547,-3.2022923777823267,-0.0554426323832517,0.0180596273082762,-0.025274146525565,-0.8362071677081264
0.0,0.0,19.861247964144997,4.124304616799055,8.0,26.0,15.0,GMB,1976,Gambia,Low income,Sub-Saharan Africa,46062022.59,52005932.59,0.0053837845042992,-0.0065452428455496,-3.2320118905064295,-0.0575808193551662,0.019290040302504,-0.0260153909311561,-0.8181826079109948
0.0,0.0,19.895065414221865,4.155929739341857,8.0,26.0,16.0,GMB,1977,Gambia,Low income,Sub-Saharan Africa,50729191.52,65617860.12,0.0055106527929492,-0.0072894047895194,-3.259017027132139,-0.0615711464883694,0.0200973609089236,-0.0263074849836199,-0.7765027547138855
0.0,0.0,19.956315217580833,4.188430792851586,8.0,26.0,17.0,GMB,1978,Gambia,Low income,Sub-Saharan Africa,57875483.34,102907354.4,0.00476884775865,-0.0046908223547632,-3.138680351429804,-0.0793160830203401,0.0178197348427186,-0.0208277578158175,-0.6424072263566502
0.0,0.0,19.942944393549837,4.221860492112726,8.0,26.0,18.0,GMB,1979,Gambia,Low income,Sub-Saharan Africa,72405656.38,131009533.9,0.0047271202814989,-0.0047382555750871,-3.2006674719737567,-0.0847520017302879,0.0167070070328159,-0.0160257376002252,-0.5054463604434607
0.0,0.0,20.003757982139472,4.256247442375439,8.0,26.0,19.0,GMB,1980,Gambia,Low income,Sub-Saharan Africa,103029780.1,153325163.6,0.0046763163503213,-0.0037081267466157,-3.2746733701199315,-0.0906920332014273,0.0113653865447498,-0.0163516135911562,-0.4144302583500701
0.0,0.0,20.036437095740535,4.290953390231345,7.0,26.0,20.0,GMB,1981,Gambia,Low income,Sub-Saharan Africa,96172688.77,146042850.6,0.0047764944464273,-0.0039489468075363,-3.3179988387197157,-0.0919864085023197,-0.0280336307664396,-0.011263676046631,-0.3354290912020697
0.0,0.0,20.028761890195334,4.326345999572042,7.0,26.0,21.0,GMB,1982,Gambia,Low income,Sub-Saharan Africa,95784687.55,128848574.6,0.0047615570275079,-0.0040204043203653,-3.325814576655587,-0.0936787196586006,-0.0293125501487166,-0.011046093656323,-0.3397748154165451
0.0,0.0,20.13206934964186,4.363230787901568,7.0,26.0,22.0,GMB,1983,Gambia,Low income,Sub-Saharan Africa,107766540.7,133367480.6,0.0047531858207529,-0.004071055496251,-3.3291319419080057,-0.0947427411650576,-0.0292623543813929,-0.0119980027183005,-0.3391663171685475
0.0,0.0,20.166811368620316,4.401634278623809,7.0,26.0,23.0,GMB,1984,Gambia,Low income,Sub-Saharan Africa,90665413.34,114897722.1,0.0047527934199838,-0.0042058133159055,-3.3382485166357267,-0.1042629115673427,-0.0319286269822621,-0.012407044586741,-0.3453145168193282
0.0,0.0,20.158655553532146,4.4411085651537086,7.0,26.0,24.0,GMB,1985,Gambia,Low income,Sub-Saharan Africa,99014528.98,121704015.1,0.0047302513773026,-0.0042174209132626,-3.344806556724499,-0.110297805173401,-0.0288003506847424,-0.0119504244794266,-0.3402849958468253
0.0,0.0,20.19875156365305,4.48121336389641,7.0,26.0,25.0,GMB,1986,Gambia,Low income,Sub-Saharan Africa,86556333.59,104144840.5,0.0047451210943813,-0.0043167723136354,-3.3505070062682853,-0.1122366002532219,-0.0297165287039206,-0.0118636919796163,-0.3416881821940353
0.0,0.0,20.222998541343976,4.521843353048808,7.0,26.0,26.0,GMB,1987,Gambia,Low income,Sub-Saharan Africa,109029387.7,130802612.2,0.0048053042887104,-0.0038883810798197,-3.3080251384588792,-0.0876039274812608,-0.017407801606129,-0.0214191662169092,-0.2361818918768466
0.0,0.0,20.26679365027651,4.562947342507771,7.0,26.0,27.0,GMB,1988,Gambia,Low income,Sub-Saharan Africa,134311372.4,155878661.8,0.0048458523263604,-0.0036740946606608,-3.222280154607397,-0.0656518022060416,-0.0113826436247771,-0.0272175795022323,-0.1140490081126014
0.0,0.0,20.324078318178156,4.604534608551536,7.0,26.0,28.0,GMB,1989,Gambia,Low income,Sub-Saharan Africa,156436607.9,185466421.3,0.0050737011001178,-0.0035929043550714,-3.1660516663228493,-0.0545831420192606,-0.0055284026298177,-0.0269651795641294,-0.0649675514397283
0.0,0.0,20.35904846599724,4.646494188561216,8.0,26.0,29.0,GMB,1990,Gambia,Low income,Sub-Saharan Africa,189941809.8,226977004.2,0.0060560739957734,-0.0030417283634937,-3.077055225398828,-0.0582637707063143,0.0678439597452062,-0.0404717427033126,-0.0313073549390119
0.0,0.0,20.38964594434153,4.6885145215925,8.0,26.0,30.0,GMB,1991,Gambia,Low income,Sub-Saharan Africa,203220124.4,239289621.0,0.007719878947361,-0.0031619008718496,-3.075993692164974,-0.057462119332924,0.0700693300563231,-0.0421122903529461,-0.0160119237273847
0.0,0.0,20.42287459471595,4.72915442018452,8.0,26.0,31.0,GMB,1992,Gambia,Low income,Sub-Saharan Africa,218509709.4,263205386.0,0.0083558011069621,-0.0029636112185703,-3.1196817045150484,-0.0544604414554545,0.0761254746365708,-0.042717323639594,0.0403963271211769
0.0,0.0,20.452550879050932,4.765820027578829,8.0,26.0,32.0,GMB,1993,Gambia,Low income,Sub-Saharan Africa,212861269.6,275121124.0,0.0083658754625178,-0.0024193278188333,-3.141267231428667,-0.0555100292172589,0.077981190083186,-0.0426680949228797,0.066079416503298
0.0,0.0,20.454093148722823,4.797997952934067,-7.0,26.0,33.0,GMB,1994,Gambia,Low income,Sub-Saharan Africa,158552463.8,214068046.5,0.0087326845472927,-0.0004947951715248,-3.199572498982958,-0.0536371735067518,-0.0274819698187397,-0.0240744834647028,0.1033654086837066
0.0,0.0,20.462872975426546,4.827770506579206,-7.0,26.0,34.0,GMB,1995,Gambia,Low income,Sub-Saharan Africa,186876569.3,279038983.1,0.0085472871175445,-0.0001940766931666,-3.2180420011708217,-0.0503145584783544,-0.0242461245218319,-0.022841119314746,0.1381405979071492
0.0,0.0,20.484864828597416,4.856689907306051,-6.0,26.0,35.0,GMB,1996,Gambia,Low income,Sub-Saharan Africa,184904931.2,247310341.5,0.0071224234834801,-0.0005870329586132,-3.2392921294852695,-0.0514163688267916,-0.0147378044738399,-0.0229414969199801,0.1714335854403062
0.0,0.0,20.532702149479864,4.885081780824337,-5.0,26.0,36.0,GMB,1997,Gambia,Low income,Sub-Saharan Africa,184290825.8,204004699.1,0.0049982370410284,-0.0009735606445216,-3.3135279889023375,-0.046239151516956,-0.0538003412718309,-0.017659147086427,0.1871889390305915
0.0,0.0,20.567103563620925,4.913139394078221,-5.0,26.0,37.0,GMB,1998,Gambia,Low income,Sub-Saharan Africa,212639014.9,240030742.9,0.0045403964182588,-0.001034757628026,-3.3242848783618477,-0.045075678993553,-0.0545942143136971,-0.0169630862621619,0.1980825587709495
0.0,0.0,20.629138945640037,4.940921524967886,-5.0,26.0,38.0,GMB,1999,Gambia,Low income,Sub-Saharan Africa,198771163.9,228252567.0,0.0044236802484657,-0.0010035216968561,-3.336521245296388,-0.0414495913585478,-0.0562285610916228,-0.0168470867411256,0.1947685221719892
0.0,0.0,20.682679714606127,4.968305246368489,-5.0,26.0,39.0,GMB,2000,Gambia,Low income,Sub-Saharan Africa,201981400.0,239267448.0,0.0036899571567839,-0.0010933956630561,-3.35170198491463,-0.0414479354639851,-0.0568774116009157,-0.0158252247746767,0.2089487221294485
0.0,0.0,20.739060050097514,4.9953751799076285,-5.0,26.0,40.0,GMB,2001,Gambia,Low income,Sub-Saharan Africa,149998489.2,172598261.6,0.0034958073443471,-0.0011989135137347,-3.3595479394621703,-0.0443345117069557,-0.0611585053155383,-0.0136996186063652,0.2223144747018025
0.0,0.0,20.706020194729767,5.02222205754017,-5.0,26.0,41.0,GMB,2002,Gambia,Low income,Sub-Saharan Africa,157033586.7,187843015.0,0.0032223679241245,-0.0012549087078488,-3.357194744041179,-0.0427779028864584,-0.0638824922668742,-0.0113974043544443,0.2402974755422887
0.0,0.0,20.772463147744215,5.049153292454601,-5.0,26.0,42.0,GMB,2003,Gambia,Low income,Sub-Saharan Africa,151438768.6,183930191.5,0.0023081806817378,-0.0017433768852651,-3.3632551976121925,-0.036338628266353,-0.0700506477087166,-0.0079950350226141,0.304519557212773
0.0,0.0,20.840588976644636,5.076477313435794,-5.0,26.0,43.0,GMB,2004,Gambia,Low income,Sub-Saharan Africa,198101350.6,282217002.2,0.0019739114739346,-0.0020525415846579,-3.33484066396121,-0.0230991190995239,-0.0693360599438212,-0.0072621925442921,0.4155277606750056
0.0,0.0,20.816790738635138,5.104289414299624,-5.0,26.0,44.0,GMB,2005,Gambia,Low income,Sub-Saharan Africa,204546331.8,309496622.5,0.0018642908401492,-0.0028068816424025,-3.363989409766666,-0.017851100059054,-0.0719917984982654,-0.0060577235190224,0.4961519682182205
0.0,0.0,20.81121943790359,5.1328150328871995,-5.0,26.0,45.0,GMB,2006,Gambia,Low income,Sub-Saharan Africa,221729529.5,309274034.4,0.0018674169756032,-0.003179661592765,-3.4189188443903658,-0.0168368919190481,-0.0704611980994067,-0.0070364835782264,0.5821700432132889
0.0,0.0,20.84119804991975,5.161830736077965,-5.0,26.0,46.0,GMB,2007,Gambia,Low income,Sub-Saharan Africa,230768306.1,336061371.2,0.0017479575418681,-0.0032888965028031,-3.392694204130254,-0.0178841899867441,-0.0877794050053943,-0.0128821705033346,0.7174180359339346
0.0,0.0,20.90187825170339,5.190897199597299,-5.0,26.0,47.0,GMB,2008,Gambia,Low income,Sub-Saharan Africa,226068893.1,384411745.5,0.0016380107226286,-0.0039621832405858,-3.4130303589521436,-0.0189718938993592,-0.0922831173083226,-0.0124567660631456,0.8027593787599775
0.0,0.0,20.966407938323467,5.219940184657758,-5.0,26.0,48.0,GMB,2009,Gambia,Low income,Sub-Saharan Africa,228340998.7,377490756.9,0.0015111453684921,-0.0034688941465932,-3.3833219030574786,-0.0265071865130006,-0.1013345321697722,-0.0153412494737686,0.8130187289657016
0.0,0.0,21.02381171571932,5.2490139778264115,-5.0,26.0,49.0,GMB,2010,Gambia,Low income,Sub-Saharan Africa,226367642.9,406576420.9,0.0014204095667783,-0.0030211107359358,-3.3888673621728223,-0.0279988925971497,-0.1033727054082556,-0.0184630187422165,0.8238200390459763
0.0,0.0,20.93901122843857,5.2782477473126805,-5.0,26.0,50.0,GMB,2011,Gambia,Low income,Sub-Saharan Africa,237665945.3,363423204.2,0.0014155176491748,-0.0038567213910048,-3.4250355787038353,-0.0220434805028377,-0.1035591800110555,-0.017650038351216,0.8495283869517233
0.0,0.0,20.99009940992833,5.3077069407016,-5.0,26.0,51.0,GMB,2012,Gambia,Low income,Sub-Saharan Africa,280760743.8,394206041.0,0.0014180010972474,-0.0029874647148812,-3.41051163130918,-0.0220774331586921,-0.1010078070464353,-0.0183439721602514,0.8399303747404443
0.0,0.0,21.018422193713224,5.336996355110429,-5.0,26.0,52.0,GMB,2013,Gambia,Low income,Sub-Saharan Africa,261079179.2,364299281.3,0.001415941371079,-0.0028185801223128,-3.4109463719052853,-0.0223224603040537,-0.1004110596265848,-0.0188136289239104,0.839608658823914
0.0,0.0,21.00424839342352,5.365443938915023,-5.0,26.0,53.0,GMB,2014,Gambia,Low income,Sub-Saharan Africa,268476270.6,447782687.9,0.0015465991141951,-0.0027607940037984,-3.3975570538372497,-0.0197874179690631,-0.1004999375364731,-0.0186284644122901,0.8532673461042135
0.0,0.0,21.044027352535235,5.392786823043539,-5.0,26.0,54.0,GMB,2015,Gambia,Low income,Sub-Saharan Africa,214593793.0,399003138.6,0.001551689388677,-0.002802795925976,-3.399642902493276,-0.0206636662414716,-0.1001719743567208,-0.0186691522011744,0.8510151895729111
0.0,0.0,21.06327452864667,5.419068763369171,-5.0,26.0,55.0,GMB,2016,Gambia,Low income,Sub-Saharan Africa,189367460.9,376466241.5,0.0015530731016904,-0.0028079265927436,-3.395891381422812,-0.0193214981212899,-0.0997537710049537,-0.0186209511029862,0.8532818491756143
0.0,0.0,21.110373847157174,5.444327577339431,4.0,26.0,56.0,GMB,2017,Gambia,Low income,Sub-Saharan Africa,278118327.1,560621586.3,0.0018388448019767,-0.0031527434676116,-3.2565057432257776,-0.0172683716658501,0.0206935882871987,-0.0147419623381946,0.9613698137984096
0.0,0.0,21.18022532635613,5.468557007549985,4.0,26.0,57.0,GMB,2018,Gambia,Low income,Sub-Saharan Africa,372362228.9,710441024.0,0.0021526166789125,-0.0031576387154699,-3.2143135773961404,-0.0129888289944729,0.0299114083180106,-0.0143781506033551,0.9929679290688302
0.0,0.0,22.725153678302352,4.445748280814589,0.0,23.0,31.0,GEO,1992,Georgia,Upper middle income,Europe & Central Asia,1315854563.0,2446203314.0,0.0086210415641059,-0.0004902051052326,-1.5444782931622472,-0.0260040594140736,-0.0486300881073904,-0.0377032567216367,-0.3690284697640455
0.0,0.0,22.378429037421252,4.453433865365297,0.0,23.0,32.0,GEO,1993,Georgia,Upper middle income,Europe & Central Asia,1266549923.0,1938101600.0,0.0088006092969411,0.0011918554657237,-1.8829445692259223,0.0154254322083267,-0.0265627486933237,-0.0058920682148276,0.2364793890511323
0.0,0.0,22.268614238676,4.4380395641414845,2.0,23.0,33.0,GEO,1994,Georgia,Upper middle income,Europe & Central Asia,1452314246.0,2743396605.0,0.0088858812881729,0.0014848338365484,-1.9418231773872885,0.0134187011458329,-0.0072728813010513,-0.0045922904648559,0.3084427392854833
0.0,0.0,22.29428195332796,4.400462403489579,4.0,23.0,34.0,GEO,1995,Georgia,Upper middle income,Europe & Central Asia,686952881.3,1140170360.0,0.0086032742014359,0.001764859280661,-1.9622927899013989,0.0148996184572421,-0.0120693291507669,-0.0041256168951207,0.3245248588863459
0.0,0.0,22.400442167382934,4.364166942596047,4.0,23.0,35.0,GEO,1996,Georgia,Upper middle income,Europe & Central Asia,412437507.3,1001841521.0,0.0071428311524574,0.0010363345767532,-1.916523871767564,0.0210243927632909,-0.0201006559818873,-0.0111635579320777,0.3050983440140685
0.0,0.0,22.500459806095943,4.332091760899335,4.0,23.0,36.0,GEO,1997,Georgia,Upper middle income,Europe & Central Asia,548000077.1,1479432987.0,0.0050805873041619,0.000961107649187,-1.9176085249789692,0.0206932406989872,-0.0295116911894516,-0.0094638676175159,0.329325215804124
0.0,0.0,22.53103656314387,4.307349531230283,4.0,23.0,37.0,GEO,1998,Georgia,Upper middle income,Europe & Central Asia,594735925.7,1340894233.0,0.0042868126916744,0.0007071597605839,-1.8479142307538776,0.0187616025909048,-0.0351388425419718,-0.008147301530213,0.2993766372172943
0.0,0.0,22.559325209910984,4.286775762398331,4.0,23.0,38.0,GEO,1999,Georgia,Upper middle income,Europe & Central Asia,533561535.9,1066705738.0,0.0042755851685183,6.238715233335379e-05,-1.7708822433347,0.014659061099332,-0.0341777925911996,-0.0078789003219206,0.2662811897919617
0.0,0.0,22.577541688541842,4.2673294707670255,2.0,23.0,39.0,GEO,2000,Georgia,Upper middle income,Europe & Central Asia,703050139.1,1212806577.0,0.0036606302934001,-0.0004731838057565,-1.5731623408868116,0.0205266709747129,-0.0314826505641826,-0.0063471565309031,0.2731735872665287
0.0,0.0,22.62447730812514,4.251817086894175,2.0,23.0,40.0,GEO,2001,Georgia,Upper middle income,Europe & Central Asia,787524463.1,1251358575.0,0.0033068011001725,7.955878718688878e-05,-1.3798553560074696,0.0247272669559953,-0.0366674666196951,-0.0018431299345657,0.2395211641177754
0.0,0.0,22.67777005185718,4.242844550061211,2.0,23.0,41.0,GEO,2002,Georgia,Upper middle income,Europe & Central Asia,992558006.1,1439799970.0,0.0029860136001236,0.0001189756131388,-1.2856716543999298,0.0289980826618157,-0.0392945807488637,-0.0015677732414716,0.2451552604078183
0.0,0.0,22.782658965017085,4.236090892078583,2.0,23.0,42.0,GEO,2003,Georgia,Upper middle income,Europe & Central Asia,1255516976.0,1843124461.0,0.0015929933488318,-0.0003800706800132,-1.2302635345222606,0.0317345307620741,-0.0380435051027106,0.006923817244328,0.3667201126888114
0.0,0.0,22.838987277711027,4.229898268029661,6.0,23.0,43.0,GEO,2004,Georgia,Upper middle income,Europe & Central Asia,1595471619.0,2455655259.0,0.0008029213739469,-0.0011026393922306,-1.2477006085470352,0.0336804325228093,-0.0286563547540486,0.0125380560018138,0.4750125340583064
0.0,0.0,22.93055933458344,4.223545345717936,6.0,23.0,44.0,GEO,2005,Georgia,Upper middle income,Europe & Central Asia,2132207925.0,3286910229.0,0.0007121081355353,-0.0017803363572311,-1.2855971043608327,0.0336695941698495,-0.0300276287257192,0.0136124677905569,0.5327492044740557
1.0,0.0,23.020580741159943,4.217860498687848,6.0,23.0,45.0,GEO,2006,Georgia,Upper middle income,Europe & Central Asia,2514950015.0,4388033697.0,-0.0135916053200556,-0.0016543316013999,-1.2241974967183054,0.0303102240217509,-0.0281608215523025,0.0244212382741487,0.7092916308793421
1.0,0.0,23.13906533889674,4.212644031318591,6.0,23.0,46.0,GEO,2007,Georgia,Upper middle income,Europe & Central Asia,3135124263.0,5857076837.0,-0.0232123047152763,-0.0018766700028072,-1.1094820966039898,0.024413234285842,-0.0279451927397878,0.0344645095615026,0.7938862678625893
1.0,0.0,23.162963212892528,4.209606126083082,6.0,23.0,47.0,GEO,2008,Georgia,Upper middle income,Europe & Central Asia,3616332795.0,7425650258.0,-0.0313077992736487,-0.0015947734771673,-1.045902929020321,0.011858002833398,-0.0270778794718451,0.0263593079221585,0.9766259983326256
1.0,0.0,23.12577509094359,4.200724275621413,6.0,23.0,48.0,GEO,2009,Georgia,Upper middle income,Europe & Central Asia,3181108264.0,5237873746.0,-0.0220165198344619,-0.0016818554928303,-1.0775731361253584,0.0141654912884721,-0.0276584131374169,0.022366463101419,1.0047416896448735
1.0,0.0,23.186394891717743,4.193429522961886,6.0,23.0,49.0,GEO,2010,Georgia,Upper middle income,Europe & Central Asia,4034702206.0,6114774437.0,-0.0337262843067128,-0.0017957029158262,-0.945133278623394,0.0171940440984593,-0.0240671075733903,0.0169325422068488,1.08951971245128
1.0,0.0,23.257784886584943,4.185407882629017,6.0,23.0,50.0,GEO,2011,Georgia,Upper middle income,Europe & Central Asia,5240466055.0,7985635653.0,-0.0376474243294139,-0.0018695647138236,-0.8719247119461518,0.0270911601555251,-0.0220900673475507,0.0172803732975657,1.1304813327236405
1.0,0.0,23.319528959758667,4.178042227470094,6.0,23.0,51.0,GEO,2012,Georgia,Upper middle income,Europe & Central Asia,6021090344.0,9139072089.0,-0.0417705750603642,-0.001799457139022,-0.8589020512016927,0.0227264557577886,-0.0214590363090646,0.0176818257603026,1.1553552253118309
1.0,0.0,23.35510173251605,4.175032505993739,7.0,23.0,52.0,GEO,2013,Georgia,Upper middle income,Europe & Central Asia,7171991824.0,9262010761.0,-0.0422559915908988,-0.0017951514660246,-0.8149756753568143,0.0280818840090151,-0.017793178716238,0.0231485216954696,1.1816056507285737
0.0,1.0,23.398466968595027,4.175502045072064,7.0,23.0,53.0,GEO,2014,Georgia,Upper middle income,Europe & Central Asia,7039423515.0,10019433223.0,0.0051144434715067,0.0009975211166143,-0.7933601856100041,0.0454717917412019,-0.018399558524838,0.0261696026206812,1.113592621434143
0.0,1.0,23.428241353179228,4.177076859090354,7.0,23.0,54.0,GEO,2015,Georgia,Upper middle income,Europe & Central Asia,6110413018.0,8659152477.0,0.0051690063999803,0.0004839906128301,-0.7722361023507143,0.0458300443864361,-0.0186914930792869,0.02813082366745,1.1215762678049008
0.0,1.0,23.456891381307855,4.1776750251465495,7.0,23.0,55.0,GEO,2016,Georgia,Upper middle income,Europe & Central Asia,6177710296.0,8483221245.0,0.0053383953737899,0.0004916335758739,-0.7676213446045685,0.0456832147154224,-0.0183175439373326,0.0290047967398778,1.1169228405704097
0.0,1.0,23.504181403901097,4.177808885793535,7.0,23.0,56.0,GEO,2017,Georgia,Upper middle income,Europe & Central Asia,7557302010.0,9341534670.0,0.0068808441817843,-0.0032854578187887,-0.6813267889241148,0.0382861583184636,-0.0203201445587548,0.0425878617558983,1.1346169238026145
0.0,1.0,23.55147444683409,4.177418520394841,7.0,23.0,57.0,GEO,2018,Georgia,Upper middle income,Europe & Central Asia,8896766542.0,10768774512.0,0.0069924564014627,-0.0029520783510139,-0.6499155629390119,0.0357452043043716,-0.0207070304815224,0.046314348227642,1.1389408881541805
0.0,0.0,22.79273337319284,3.4493116295151043,1.0,24.0,0.0,GHA,1961,Ghana,Lower middle income,Sub-Saharan Africa,340376194.6,474845802.3,0.0020927223259793,-0.0018752451972552,-0.9623729359004408,0.0217418652559732,-0.0083444116371875,0.0213729220235686,-1.896694763114733
0.0,0.0,22.833003137889023,3.473410381012303,-3.0,24.0,1.0,GHA,1962,Ghana,Lower middle income,Sub-Saharan Africa,334773294.2,393603747.6,0.0020881503027984,-0.0018870947123445,-0.9596163181343492,0.0225663559753394,-0.0082409836812908,0.0237091988568657,-1.9009590799369944
0.0,0.0,22.876119849894934,3.4972921971957036,-3.0,24.0,2.0,GHA,1963,Ghana,Lower middle income,Sub-Saharan Africa,326368943.8,423018974.3,0.0020588675521542,-0.0018229957630216,-0.9374920883238528,0.0239888825598915,-0.0086136195498086,0.0262235930417323,-1.890490923477848
0.0,0.0,22.897972604579255,3.5210960308662145,-9.0,24.0,3.0,GHA,1964,Ghana,Lower middle income,Sub-Saharan Africa,344578369.8,413213898.8,0.0025058713939276,-0.0017465117964895,-0.8900635189994502,0.0215069949524262,0.05571865397075,0.0151735872285092,-1.944026165791359
0.0,0.0,22.911569731937234,3.5450877916243977,-9.0,24.0,4.0,GHA,1965,Ghana,Lower middle income,Sub-Saharan Africa,351581995.2,549084231.6,0.002396462626404,-0.001752022177558,-0.9000787309686173,0.0176420578614391,0.0556231313322324,0.0125111919049233,-1.9350583541333268
0.0,0.0,22.86805358677808,3.5691427804740026,-4.0,24.0,5.0,GHA,1966,Ghana,Lower middle income,Sub-Saharan Africa,310960967.9,417416074.0,0.0016472701057268,-0.0017391056386752,-0.9790673685217202,0.0209348377311546,-0.0116147656060812,0.0244263808157832,-1.847957229226411
0.0,0.0,22.898343811340666,3.593295032183677,-4.0,24.0,6.0,GHA,1967,Ghana,Lower middle income,Sub-Saharan Africa,304363805.2,348508173.9,0.0014850260537492,-0.0016481640038793,-0.983346885016684,0.019569005181127,-0.0123793704615515,0.0212166445301904,-1.834930807922879
0.0,0.0,22.902025628330836,3.617635899059252,-4.0,24.0,7.0,GHA,1968,Ghana,Lower middle income,Sub-Saharan Africa,339265113.6,347109393.7,0.0013759116693361,-0.0016629116321769,-1.006539242788028,0.0181059182099776,-0.0137939071202845,0.0208878863808649,-1.8084082063596136
0.0,0.0,22.9603527891552,3.6426462437750438,-4.0,24.0,8.0,GHA,1969,Ghana,Lower middle income,Sub-Saharan Africa,387311329.1,399077749.2,0.0012163508963075,-0.0015966592067993,-1.015836034471069,0.0164385731756589,-0.0149811420588892,0.0146358764233895,-1.781771211739709
0.0,0.0,23.0531459182898,3.6693766477269754,4.0,24.0,9.0,GHA,1970,Ghana,Lower middle income,Sub-Saharan Africa,472617875.0,503014460.3,0.0011047818142154,-0.0013401891316691,-1.0125296865409414,0.0187524164118201,-0.0197402468460836,-0.0027299959128895,-1.6696036254578055
0.0,0.0,23.103992296163227,3.6970493819303907,4.0,24.0,10.0,GHA,1971,Ghana,Lower middle income,Sub-Saharan Africa,380936311.8,489222776.1,0.0043024208641172,-0.0010900493256032,-0.969440573482171,0.0062449676625224,-0.0174058157609806,-0.0118942806024675,-1.63153342653887
0.0,0.0,23.078801091405364,3.7251931384986507,-7.0,24.0,11.0,GHA,1972,Ghana,Lower middle income,Sub-Saharan Africa,437466068.3,321158623.0,0.0042236681392038,-0.0020228130264259,-0.9832694786644036,-0.0022296935947112,-0.0161517859313095,-0.0317382913788696,-1.5035558359931191
0.0,0.0,23.107238723534035,3.754060890334183,-7.0,24.0,12.0,GHA,1973,Ghana,Lower middle income,Sub-Saharan Africa,644981958.2,492968900.1,0.0067059713546566,-0.0016478644323896,-1.0165025884981231,-0.0027510395878526,-0.017016566568274,-0.0259961680391664,-1.3493805489340838
0.0,0.0,23.173518073885035,3.7830666235781307,-7.0,24.0,13.0,GHA,1974,Ghana,Lower middle income,Sub-Saharan Africa,530434782.6,631055900.6,0.0271391673605814,-0.0009694072519446,-0.8211117358865001,-0.0214871505246676,-0.0314696414575737,-0.0065477133276329,-0.9177095991954436
0.0,0.0,23.04076775878489,3.8120203529746832,-7.0,24.0,14.0,GHA,1975,Ghana,Lower middle income,Sub-Saharan Africa,544148936.2,518085106.4,0.0157203090857306,-0.0012874521617878,-1.1571602109892414,-0.0312998917397931,-0.0634919408957576,-0.0414277015911545,-0.9302676180814048
0.0,0.0,23.004827756949336,3.840803212190546,-7.0,24.0,15.0,GHA,1976,Ghana,Lower middle income,Sub-Saharan Africa,434322033.9,443644067.8,0.0160840320556281,-0.0012659070094526,-1.180347500290987,-0.0256486101979173,-0.0661287307478612,-0.0427530746623364,-0.8932013605782129
0.0,0.0,23.02731410577642,3.8702805111279313,-7.0,24.0,16.0,GHA,1977,Ghana,Lower middle income,Sub-Saharan Africa,334857142.9,368285714.3,0.0162682191163485,-0.0008865308934623,-1.1942672969999235,-0.0319890711170505,-0.0716952696388142,-0.0467999349119128,-0.843184464132004
0.0,0.0,23.10867227644982,3.900659573295492,-5.0,24.0,17.0,GHA,1978,Ghana,Lower middle income,Sub-Saharan Africa,306108202.4,354799301.9,0.0219390095644019,0.0001033013670327,-0.9892505352055168,-0.0350794348717913,-0.0541367838708301,-0.0248353923326857,-0.6829438551374865
0.0,0.0,23.08320121144485,3.9311976640246207,5.0,24.0,18.0,GHA,1979,Ghana,Lower middle income,Sub-Saharan Africa,451566951.6,448717948.7,0.0183030532532738,0.0003006914773174,-1.2149285227767064,-0.03775303478302,-0.0448868726914012,-0.0471942074012675,-0.6369207417140967
0.0,0.0,23.08790708088878,3.9604446054956965,5.0,24.0,19.0,GHA,1980,Ghana,Lower middle income,Sub-Saharan Africa,376348547.7,406950207.5,0.01824802214472,7.481210913538676e-05,-1.2967390232286922,-0.0332190931290219,-0.0463122747747153,-0.0482776959615447,-0.5568543817957764
0.0,0.0,23.052248120911283,3.9885405586083973,5.0,24.0,20.0,GHA,1981,Ghana,Lower middle income,Sub-Saharan Africa,200813953.5,224767441.9,0.0107041010915235,-0.0001160321213784,-1.3408756505276966,-0.0302970034609488,-0.0473634883802148,-0.0500290998467966,-0.5439447203270087
0.0,0.0,22.980498054589425,4.017597711005673,-7.0,24.0,21.0,GHA,1982,Ghana,Lower middle income,Sub-Saharan Africa,134733893.6,120354808.6,0.0063619987853411,-0.0001829713578501,-1.4283631663836318,-0.0352391578981868,-0.0776510936723802,-0.0646500249254941,-0.5842249885957946
0.0,0.0,22.933786484805875,4.047671036567053,-7.0,24.0,22.0,GHA,1983,Ghana,Lower middle income,Sub-Saharan Africa,225418871.3,242989418.0,0.0059860418810971,-0.0002544196640448,-1.4358732183186045,-0.0344304326582468,-0.0778974852610575,-0.0622173691454458,-0.5775403030626882
0.0,0.0,23.01672563489263,4.073486750574672,-7.0,24.0,23.0,GHA,1984,Ghana,Lower middle income,Sub-Saharan Africa,354924983.7,475228310.5,0.0063249257419721,-0.000242471805666,-1.4026454917321165,-0.0289289203000492,-0.0770905396402166,-0.0525072745120768,-0.5622232691799938
0.0,0.0,23.06638796405535,4.09499105270209,-7.0,24.0,24.0,GHA,1985,Ghana,Lower middle income,Sub-Saharan Africa,479910714.3,612106092.4,0.0071518642974901,-0.0002355601232286,-1.3525452357915566,-0.0260416555105949,-0.075742838885515,-0.0452767158567857,-0.535327860493714
0.0,0.0,23.117073100025955,4.1169989699778,-7.0,24.0,25.0,GHA,1986,Ghana,Lower middle income,Sub-Saharan Africa,950751458.1,1154912517.0,0.0099887112192657,4.183162163494598e-05,-1.1029313371144605,-0.0112963070245026,-0.0586396984134456,-0.0123550612696205,-0.4113308374734846
0.0,0.0,23.16390800995026,4.13992680062225,-7.0,24.0,26.0,GHA,1987,Ghana,Lower middle income,Sub-Saharan Africa,997843537.4,1328870748.0,0.0206246938023915,0.0007323107983799,-0.9800356330435344,-0.0032007523408205,-0.0431902929506603,-0.005799101425929,-0.3106007746672853
0.0,0.0,23.21866290925307,4.163952286648238,-7.0,24.0,27.0,GHA,1988,Ghana,Lower middle income,Sub-Saharan Africa,945129549.1,1250692247.0,0.023409845235224,0.0005047055057728,-0.9510834435785775,0.0018427561116595,-0.0406874408280717,-0.0037888243056043,-0.2831897940423333
0.0,0.0,23.26827057442667,4.188933529894255,-7.0,24.0,28.0,GHA,1989,Ghana,Lower middle income,Sub-Saharan Africa,879299610.9,1278473226.0,0.022015049710096,0.0007951635040805,-0.893504903796174,0.0063359878708072,-0.0339206518572838,-0.0015553128557405,-0.2586083542066627
0.0,0.0,23.301016698385475,4.214449148400896,-7.0,24.0,29.0,GHA,1990,Ghana,Lower middle income,Sub-Saharan Africa,993956953.6,1522350993.0,0.0226406367697231,0.0006897497303313,-0.8951171901533346,0.0083091590960105,-0.0302903353239045,-0.0033978436092849,-0.240242926800712
0.0,0.0,23.352487327831884,4.2396474662360815,-4.0,24.0,30.0,GHA,1991,Ghana,Lower middle income,Sub-Saharan Africa,1120134374.0,1685450045.0,0.0297142724340046,0.0006998319808683,-0.8886717676361914,0.0098595215462886,-0.0322844352621047,-0.0033173957556003,-0.2256878348647199
0.0,0.0,23.390547936451117,4.2645051603386035,-1.0,24.0,31.0,GHA,1992,Ghana,Lower middle income,Sub-Saharan Africa,1105235207.0,1845761703.0,0.032829429588419,0.0006716311377211,-0.8973969478931575,0.0102168342891229,-0.0342131143561835,-0.0030691569814655,-0.1610899645361383
0.0,0.0,23.437908513054175,4.289200342240595,-1.0,24.0,32.0,GHA,1993,Ghana,Lower middle income,Sub-Saharan Africa,1208940821.0,2173595289.0,0.0349255087674493,0.0007898810536096,-0.876044765525264,0.0102833771352723,-0.0331344396927335,-0.0030568802276494,-0.1168019988064818
0.0,0.0,23.47037570066986,4.313241907416274,-1.0,24.0,33.0,GHA,1994,Ghana,Lower middle income,Sub-Saharan Africa,1375682237.0,2002227733.0,0.0361492124359582,0.0010775802553713,-0.8734055252948448,0.0134910568951079,-0.0331711527629227,-0.0023155014885739,-0.091175751021506
0.0,0.0,23.510676781668295,4.336842942285031,-1.0,24.0,34.0,GHA,1995,Ghana,Lower middle income,Sub-Saharan Africa,1583544040.0,2128504595.0,0.0493808705118634,0.0017148883711297,-0.768875072595318,0.013170558318996,-0.0316087517786838,0.0092934388588505,-0.0112249042655771
0.0,0.0,23.555673676259005,4.360199491966144,2.0,24.0,35.0,GHA,1996,Ghana,Lower middle income,Sub-Saharan Africa,2226334937.0,2779627875.0,0.0410445972493766,0.0016190357167591,-0.7459231262302796,0.0217924667994357,-0.0248736292370309,0.0163869828509701,0.037615321188819
0.0,0.0,23.596780661613135,4.383989087677727,2.0,24.0,36.0,GHA,1997,Ghana,Lower middle income,Sub-Saharan Africa,2233536788.0,3651882361.0,0.0267260144668773,0.0013870262078342,-0.7645816879448034,0.0281373508431761,-0.0315866667428278,0.021405384761749,0.0869299688793925
0.0,0.0,23.642713325893276,4.408312764867235,2.0,24.0,37.0,GHA,1998,Ghana,Lower middle income,Sub-Saharan Africa,2534277965.0,3496235606.0,0.0251921566515784,0.0006863030425326,-0.6893992099578782,0.032011869423578,-0.039849200751182,0.0256515520044494,0.0952712179506027
0.0,0.0,23.685772784959866,4.432724845696944,2.0,24.0,38.0,GHA,1999,Ghana,Lower middle income,Sub-Saharan Africa,2475841481.0,3830248310.0,0.0260627351330831,0.0004315646021296,-0.6710181636881956,0.0322721021553326,-0.041813400080598,0.0282329810537517,0.0896176599423621
0.0,0.0,23.72210471500378,4.457849204038552,2.0,24.0,39.0,GHA,2000,Ghana,Lower middle income,Sub-Saharan Africa,2431743617.0,3350776354.0,0.0195925147501417,-1.556839687473014e-05,-0.6524308643024003,0.0294699908340995,-0.0441893710764957,0.0298001913468957,0.1010793680528421
0.0,0.0,23.761325429355256,4.484480258424838,6.0,24.0,40.0,GHA,2001,Ghana,Lower middle income,Sub-Saharan Africa,2404077313.0,3444719917.0,0.0176868032153924,-0.0001626826498841,-0.5122488528251496,0.0141381457032408,-0.0300871209150139,0.0327576224183308,0.1669379674031751
0.0,0.0,23.805342310585342,4.511981635485789,6.0,24.0,41.0,GHA,2002,Ghana,Lower middle income,Sub-Saharan Africa,2627802407.0,3383577207.0,0.0167316437216418,-0.0024184252038422,-0.4128856538662886,-0.0014266342570174,-0.028883897922939,0.0296475844343906,0.2407044006043577
0.0,0.0,23.856035426144594,4.538981597784996,6.0,24.0,42.0,GHA,2003,Ghana,Lower middle income,Sub-Saharan Africa,3104918871.0,4320740017.0,0.0105393949449863,-0.0046531632631914,-0.3388656870934795,-0.0058116173532841,-0.037314196360995,0.0465549884262209,0.3468049942608194
0.0,0.0,23.910523611336846,4.565467239995242,8.0,24.0,43.0,GHA,2004,Ghana,Lower middle income,Sub-Saharan Africa,3490692555.0,5361446367.0,0.0086474057647456,-0.0064647106374058,-0.3067070908124029,-0.0059767726153751,-0.0200267506893659,0.0543684801164871,0.4595428134051161
0.0,0.0,23.967848714028538,4.591694812292294,8.0,24.0,44.0,GHA,2005,Ghana,Lower middle income,Sub-Saharan Africa,3916311040.0,6631794425.0,0.0084808386320284,-0.0148255091275041,-0.2080315942118064,-0.005153153168399,-0.0186823448380305,0.0611779210446291,0.5906224468479863
0.0,0.0,24.029883283550635,4.617691535670736,8.0,24.0,45.0,GHA,2006,Ghana,Lower middle income,Sub-Saharan Africa,5149454654.0,8325374082.0,0.0082689809297205,-0.0151803380848313,-0.1220868120504293,-0.0082914211288713,-0.007031346379128,0.0546413957242177,0.7571918409446673
0.0,0.0,24.072433247678312,4.643465824276145,8.0,24.0,46.0,GHA,2007,Ghana,Lower middle income,Sub-Saharan Africa,6088927418.0,10136811817.0,0.0088581302238135,-0.0136681754291872,-0.1403689488777189,-0.0094976004832561,-0.0014886243010812,0.054400202959242,0.8600565813276813
0.0,0.0,24.15998430262349,4.6688436227355385,8.0,24.0,47.0,GHA,2008,Ghana,Lower middle income,Sub-Saharan Africa,7178293982.0,12757957188.0,0.0093031398914292,-0.0118619085271021,-0.1598124562724758,-0.0153028959790067,-0.0007680054124686,0.0546309481603173,0.9275045422307008
0.0,0.0,24.2072922932153,4.69379647189344,8.0,24.0,48.0,GHA,2009,Ghana,Lower middle income,Sub-Saharan Africa,7630156153.0,11019356825.0,0.008080711738453,-0.0118656655940188,-0.1435266851519286,-0.0181512309475384,0.0005331507327269,0.052191446487319,0.9213786452411274
0.0,0.0,24.28332430980856,4.7181266145161365,8.0,24.0,49.0,GHA,2010,Ghana,Lower middle income,Sub-Saharan Africa,9490812129.0,14779077374.0,0.0078642245918581,-0.0112923664880506,-0.1316527644777265,-0.0191142411676602,-0.0001475648208832,0.0529331978086386,0.9340548062869238
0.0,0.0,24.414765851540388,4.742176329417662,8.0,24.0,50.0,GHA,2011,Ghana,Lower middle income,Sub-Saharan Africa,14529631106.0,19416125146.0,0.0067849329904675,-0.0107498611264411,-0.1131659072236226,-0.0277700578583784,-0.0027454500613571,0.0446223647982272,1.0078671445443457
0.0,0.0,24.503626087900628,4.766375420115841,8.0,24.0,51.0,GHA,2012,Ghana,Lower middle income,Sub-Saharan Africa,16656935875.0,21795097067.0,0.0071364201372091,-0.0085924771911546,-0.0440149654251551,-0.0302796837396551,0.0009195609233624,0.0470386139016586,0.985036992135126
0.0,0.0,24.57420127367975,4.790468212863424,8.0,24.0,52.0,GHA,2013,Ghana,Lower middle income,Sub-Saharan Africa,15988443998.0,22196190510.0,0.0024159172868963,-0.0023993657974452,0.2497836536948875,-0.0578865816181394,0.0010724148246323,0.0399573598186222,0.9378519668633204
0.0,0.0,24.602363374415514,4.814118068283756,8.0,24.0,53.0,GHA,2014,Ghana,Lower middle income,Sub-Saharan Africa,15436790167.0,19468106209.0,0.0015232826659342,-0.0014336384398588,0.2970071760789908,-0.0605501009718194,0.0017478251586329,0.0386875368385038,0.9290599642076331
0.0,0.0,24.623349216532098,4.837189341933187,8.0,24.0,54.0,GHA,2015,Ghana,Lower middle income,Sub-Saharan Africa,16725314358.0,21104358074.0,0.0015590433910241,-0.001435751629395,0.29871427664969,-0.0594444668341443,0.0016375715513175,0.0382657502140915,0.926745622195434
0.0,0.0,24.656527342174982,4.8599514621345525,8.0,24.0,55.0,GHA,2016,Ghana,Lower middle income,Sub-Saharan Africa,17513188147.0,20595796191.0,0.0015537988333108,-0.0014328314913151,0.2999490637855117,-0.0608302773888875,0.0015878440564254,0.0384343893597695,0.9267800583832017
0.0,0.0,24.734681142812022,4.881905041721063,8.0,24.0,56.0,GHA,2017,Ghana,Lower middle income,Sub-Saharan Africa,20456689540.0,22144229691.0,0.0015636960366157,-0.0015983722147956,0.3091558198840101,-0.0620965427609336,0.0008194096032997,0.0378653025493004,0.9237053421919954
1.0,0.0,24.794835797091093,4.902656755144906,8.0,24.0,57.0,GHA,2018,Ghana,Lower middle income,Sub-Saharan Africa,22501546549.0,23206913262.0,-0.0175268840964798,-0.0019055694174824,0.3518645731419487,-0.0678090282828078,-0.0005636411506086,0.0372063867070145,0.9124014779859834
0.0,0.0,24.582924065080483,4.176717905085036,4.0,27.0,0.0,GRC,1961,Greece,High income,Europe & Central Asia,462193280.9,662633781.0,0.0051026365703055,-0.0022690369235641,0.3129531934573232,-0.0061124430631297,-0.0007359373779465,-0.0105453823195064,-2.312527942595819
0.0,0.0,24.586565532262345,4.1826756761146475,4.0,27.0,1.0,GRC,1962,Greece,High income,Europe & Central Asia,427584440.7,727671595.0,0.0023905753883778,-0.002042612319497,0.3473078376899843,0.0062287880058416,-0.0004974194485971,-0.0099860571091992,-2.3066860593725673
0.0,0.0,24.69850814736027,4.186384596226327,4.0,27.0,2.0,GRC,1963,Greece,High income,Europe & Central Asia,525311536.6,851556931.5,0.0014292357727544,-0.0019823241829457,0.387902033091438,0.0167609039236289,0.0020139973748765,-0.0091576112291635,-2.295036024272685
0.0,0.0,24.788437299344228,4.1900107216884495,4.0,27.0,3.0,GRC,1964,Greece,High income,Europe & Central Asia,500981987.6,1054609848.0,0.0016450239203604,-0.0024593887722488,0.4625225147680776,0.025894827120927,0.0066936054529271,-0.0054376390522281,-2.2724493286912444
0.0,0.0,24.89070513214732,4.194688598611445,4.0,27.0,4.0,GRC,1965,Greece,High income,Europe & Central Asia,577923334.5,1237694816.0,0.0009646547520181,-0.0020438639852091,0.5890179377943289,0.0311625086344399,0.0098240950504738,-0.0066554297287391,-2.2552950895747945
0.0,0.0,24.953628308812405,4.202066639447052,4.0,27.0,5.0,GRC,1966,Greece,High income,Europe & Central Asia,788927084.1,1269316414.0,0.0010713475419437,-0.0017059335478241,0.6282088250079911,0.0341125685572664,0.0068672008912781,-0.007241980622942,-2.2233879592223387
0.0,0.0,25.008774284029528,4.210210754648517,-7.0,27.0,6.0,GRC,1967,Greece,High income,Europe & Central Asia,819571866.2,1335955753.0,0.0010259371749746,-0.001555620375214,0.6478645491507059,0.0339168928982023,0.0025879194524386,-0.0107758518599212,-2.181495050177047
0.0,0.0,25.07833503731132,4.21671608354737,-7.0,27.0,7.0,GRC,1968,Greece,High income,Europe & Central Asia,791766667.3,1493529905.0,0.0009830520975666,-0.0017734722284652,0.6864171048491629,0.0349521984750949,-0.0022886938309976,-0.0123212197063466,-2.106109474113549
0.0,0.0,25.187760286347057,4.220370291130086,-7.0,27.0,8.0,GRC,1969,Greece,High income,Europe & Central Asia,878078638.7,1713711188.0,0.0002570932799305,-0.0038245830180718,0.7595274209057755,0.0267755502995786,-0.0073015555071049,-0.0149711417315051,-2.063610558665967
0.0,0.0,25.26994145219083,4.222652256183304,-7.0,27.0,9.0,GRC,1970,Greece,High income,Europe & Central Asia,1017465909.0,1892363636.0,0.000223095678863,-0.0054022315609699,0.8370069676040942,0.0041408648669931,-0.0263174211444786,-0.0168712567248477,-1.9247916550916984
0.0,0.0,25.345430790310363,4.226990704044397,-7.0,27.0,10.0,GRC,1971,Greece,High income,Europe & Central Asia,1169159091.0,2092545455.0,-0.0002852934026939,-0.0056054731634057,0.9396617707444594,-0.0110520106338592,-0.0353871545868213,-0.0132651822742156,-1.823215005863052
0.0,0.0,25.442193187859573,4.233491075984552,-7.0,27.0,11.0,GRC,1972,Greece,High income,Europe & Central Asia,1514340909.0,2585238636.0,0.0008909126102561,-0.0055963797766947,0.9851060333289584,-0.0244569855826513,-0.0419485054323332,-0.0130205656983031,-1.765200854045718
0.0,0.0,25.520014600991132,4.238032407132702,-7.0,27.0,12.0,GRC,1973,Greece,High income,Europe & Central Asia,2554695052.0,4246950518.0,0.0012827229922367,-0.0030795963243298,1.0900260858747852,-0.0300867306877189,-0.0310059180402464,0.003288003138073,-1.4083829750140062
0.0,1.0,25.453463862617788,4.241714240221522,1.0,27.0,13.0,GRC,1974,Greece,High income,Europe & Central Asia,3540079545.0,5097863636.0,0.0028298584147407,-0.0040641616812348,1.0643170961677262,-0.0429830055936212,-0.0322217890555437,0.0367455002681241,-1.062890252046522
0.0,1.0,25.515189411305773,4.251100843804591,8.0,27.0,14.0,GRC,1975,Greece,High income,Europe & Central Asia,3962624867.0,5714686504.0,0.004145808402993,-0.0057502484652451,1.0837332952665155,-0.045912056110372,-0.0325021673421586,0.0402334290848604,-0.996166951429764
0.0,1.0,25.58145677239884,4.266632979423227,8.0,27.0,15.0,GRC,1976,Greece,High income,Europe & Central Asia,4299095149.0,6137434701.0,0.0049345664732961,-0.0065864165393685,1.1324306626262357,-0.0571529938989583,-0.0341378437832616,0.0430928221069877,-0.9322569251127988
0.0,1.0,25.61044453111543,4.279644074252555,8.0,27.0,16.0,GRC,1977,Greece,High income,Europe & Central Asia,4968001850.0,7076234968.0,0.004819980527805,-0.012198707512348,1.1609251491239383,-0.0517636171508959,-0.0347540947518885,0.0392687373049497,-0.8462050979030464
0.0,1.0,25.68040892960198,4.292610117880227,8.0,27.0,17.0,GRC,1978,Greece,High income,Europe & Central Asia,5937115028.0,8158051948.0,0.0047858978199076,-0.0145607995012051,1.198074540505241,-0.0589840476372861,-0.0380236534279621,0.035365201998954,-0.7509080815796851
0.0,0.0,25.712704732899,4.305077098521571,8.0,27.0,18.0,GRC,1979,Greece,High income,Europe & Central Asia,8120634775.0,10490505980.0,0.004004682728369,0.0070786283046651,1.2710261899438295,-0.0492627129446589,-0.038946279119202,0.0354734174214663,-0.5239849477218292
0.0,0.0,25.719450555929868,4.314899298644859,8.0,27.0,19.0,GRC,1980,Greece,High income,Europe & Central Asia,10787426059.0,13578081535.0,0.0036080576847121,0.0034193398022866,1.3129638022807752,-0.0278610791331764,-0.039694181353908,0.0249569538522623,-0.32844017148007
0.0,0.0,25.70379237760568,4.323865459369017,8.0,27.0,20.0,GRC,1981,Greece,High income,Europe & Central Asia,10998456335.0,12749102091.0,0.0040033486978213,0.0012157270409377,1.261995562912891,-0.0239555567474349,-0.0363002708922742,0.0208069472074193,-0.305578660114537
0.0,0.0,25.692398349283803,4.330030079767138,8.0,27.0,21.0,GRC,1982,Greece,High income,Europe & Central Asia,9232897959.0,12729729592.0,0.0039651031014599,0.0011189211649138,1.251643376256079,-0.0231062131133609,-0.0360689964991357,0.0206553791466581,-0.3056922643893409
0.0,0.0,25.681554650670456,4.335847329026463,8.0,27.0,22.0,GRC,1983,Greece,High income,Europe & Central Asia,7999818111.0,11546946594.0,0.0039659582352635,0.0023505862177193,1.2333157158424986,-0.0216862115642149,-0.0341183247915277,0.0219750961400746,-0.3122413840166316
0.0,0.0,25.70146058055033,4.34082889483061,8.0,27.0,23.0,GRC,1984,Greece,High income,Europe & Central Asia,7925024184.0,10944470979.0,0.0039551638435499,0.0016111761145635,1.2598517331099888,-0.0214522145123935,-0.0362956407218846,0.0195185425855505,-0.3018044743185679
0.0,0.0,25.726251950511053,4.344711784619193,8.0,27.0,24.0,GRC,1985,Greece,High income,Europe & Central Asia,7578756477.0,10969930915.0,0.0042137280121722,0.0015620538200394,1.3317686856242108,-0.0236742118662653,-0.0439722922511924,0.0189857643256516,-0.2694577076791034
0.0,0.0,25.731411367485425,4.3480193753423775,10.0,27.0,25.0,GRC,1986,Greece,High income,Europe & Central Asia,9799520448.0,13308325219.0,0.0003475236758527,0.0014789536232032,1.396483323630502,-0.0185415921170393,0.1179084086134827,0.0178251112322096,-0.3051964387882284
0.0,0.0,25.708562810027473,4.351362960282085,10.0,27.0,26.0,GRC,1987,Greece,High income,Europe & Central Asia,11688341721.0,15023311525.0,0.0003529163683538,0.001622140710794,1.2728114501627148,-0.0133729072450861,0.1188443844255589,0.0164291458562171,-0.2998524303205487
0.0,0.0,25.75054845881544,4.354994940106738,10.0,27.0,27.0,GRC,1988,Greece,High income,Europe & Central Asia,12221486908.0,16804861878.0,0.0003111537181323,0.0018804067628568,1.358376432813429,-0.0146771378355467,0.1257515429515782,0.0153166614339173,-0.2033272620083597
0.0,0.0,25.78784623959433,4.360213449983563,10.0,27.0,28.0,GRC,1989,Greece,High income,Europe & Central Asia,12400650441.0,18598323542.0,0.000109068602583,0.0020100139717032,1.3798977515000597,-0.0148456986764598,0.1251127091159396,0.0173808912806456,-0.1911484688559587
0.0,0.0,25.78784623959433,4.370791530087278,10.0,27.0,29.0,GRC,1990,Greece,High income,Europe & Central Asia,14210855546.0,23470174119.0,0.0012863980374604,0.001920877287979,1.3858296695282974,-0.0139012856238872,0.1353512951684131,0.0174380629541356,-0.1609274279857443
0.0,0.0,25.818377074312753,4.382795055363068,10.0,27.0,30.0,GRC,1991,Greece,High income,Europe & Central Asia,14665696392.0,24257674332.0,0.0015305409346475,0.0021353092423603,1.4012827593935118,-0.0145776538799613,0.1387884864011166,0.0171464457365079,-0.1390623139798281
0.0,0.0,25.825349317487095,4.390433882641246,10.0,27.0,31.0,GRC,1992,Greece,High income,Europe & Central Asia,16986794780.0,26320284233.0,0.0010204702524094,0.0032933524079876,1.398376399841617,-0.0120213964867403,0.1536463516855974,0.011990693008493,-0.0437738942088633
0.0,0.0,25.809218847351243,4.396316501822403,10.0,27.0,32.0,GRC,1993,Greece,High income,Europe & Central Asia,15014692331.0,23647201249.0,0.0001262337834573,0.0037934151684039,1.386951422775875,-0.0118473596967761,0.1544268500223478,0.0096016586398511,-0.0126617484798813
0.0,0.0,25.829023414407683,4.40132353619567,10.0,27.0,33.0,GRC,1994,Greece,High income,Europe & Central Asia,16545700843.0,23950542135.0,-0.0007682645647295,0.0042612161586752,1.4074905931085282,-0.0113433755563206,0.161201672958157,0.0072755489281128,0.0299686184813173
0.0,0.0,25.849803881551843,4.405995509087486,10.0,27.0,34.0,GRC,1995,Greece,High income,Europe & Central Asia,19395600824.0,29364836005.0,-0.0031395934860411,0.0053198606276017,1.453919809994633,-0.0060331539310566,0.189429110740585,0.0091203663813273,0.1301556035906179
0.0,0.0,25.87802456277299,4.4104022143681005,10.0,27.0,35.0,GRC,1996,Greece,High income,Europe & Central Asia,20396997452.0,32073925538.0,-0.0054494369832056,0.0055498851901954,1.451193678041624,-0.0026944241394821,0.1964632166879178,0.0113618737848729,0.1808118228411238
0.0,0.0,25.9218899319625,4.415334885831613,10.0,27.0,36.0,GRC,1997,Greece,High income,Europe & Central Asia,22716461999.0,32010861101.0,-0.0085482615202483,0.0056560373243106,1.425836234796132,0.0009117148404338,0.192874566337304,0.0135760296896502,0.224835454511704
0.0,0.0,25.96009602228059,4.420877004859633,10.0,27.0,37.0,GRC,1998,Greece,High income,Europe & Central Asia,23016451055.0,36304887582.0,-0.0065125434237685,0.005088673807945,1.4684230235254845,0.0061054788743415,0.1862329746003425,0.0090455370046063,0.2444340633390145
0.0,0.0,25.990360818265735,4.424711717965921,10.0,27.0,38.0,GRC,1999,Greece,High income,Europe & Central Asia,26625314615.0,39439145913.0,-0.0063557552284771,0.0039165011347681,1.495303879130664,0.0078073611900501,0.1863195332414847,0.0100972685339763,0.2429622566271218
0.0,0.0,26.028812012582367,4.4288021363682955,10.0,27.0,39.0,GRC,2000,Greece,High income,Europe & Central Asia,30196597914.0,44143578731.0,-0.0062047566593763,0.0030380801601293,1.5190987893644954,0.0112348620548459,0.1849789099855327,0.0118193357504975,0.2376615299147163
0.0,0.0,26.069296597678907,4.434000981092839,10.0,27.0,40.0,GRC,2001,Greece,High income,Europe & Central Asia,30582572464.0,44498203088.0,-0.0080135721519121,0.0029941665494116,1.5327461806548044,0.012623906887219,0.1887893418210499,0.0129321081536438,0.2464123124712828
0.0,0.0,26.107774661108703,4.4376666456985125,10.0,27.0,41.0,GRC,2002,Greece,High income,Europe & Central Asia,30626385965.0,44580655233.0,-0.0086860102299343,0.0024341126757989,1.5356294663951815,0.0120397027059158,0.1933543167728499,0.0124139090262231,0.2625057382616032
0.0,0.0,26.16410221123477,4.4400530774385265,10.0,27.0,42.0,GRC,2003,Greece,High income,Europe & Central Asia,37167664772.0,57150848327.0,-0.0115625162563012,0.0010523419015445,1.5289527431353045,0.0092460495982439,0.2088499963825472,0.0115695214283067,0.3491293800000413
0.0,0.0,26.213475481145018,4.4425272127972155,10.0,27.0,43.0,GRC,2004,Greece,High income,Europe & Central Asia,48427679624.0,68651660463.0,-0.0181650853003228,-0.0001752362306398,1.6454944776865783,-0.0010371547662158,0.2458034369440361,-0.0006101750077995,0.5989773818550859
0.0,0.0,26.21944586921965,4.445459703578908,10.0,27.0,44.0,GRC,2005,Greece,High income,Europe & Central Asia,50868190128.0,71151157412.0,-0.0206035224338191,-0.0019112743758419,1.6871495859554742,-0.0022669212050427,0.2632730496419326,-0.0175310059492109,0.749182601828041
0.0,0.0,26.27443311897794,4.448463021536938,10.0,27.0,45.0,GRC,2006,Greece,High income,Europe & Central Asia,55899928858.0,81609358172.0,-0.0206099850863666,-0.0024205864028567,1.6663152455467034,-0.0030928106699521,0.2331389720493654,-0.0189802112318572,0.8319582981549374
0.0,0.0,26.306645597583255,4.451010597404483,10.0,27.0,46.0,GRC,2007,Greece,High income,Europe & Central Asia,68338676372.0,102996000000.0,-0.0194960266444409,-0.0029482954812843,1.6542293233192926,-0.003518024571539,0.2164044295877564,-0.0202559959095726,0.9096431299568398
0.0,0.0,26.303286186764232,4.453665175755232,10.0,27.0,47.0,GRC,2008,Greece,High income,Europe & Central Asia,80002280548.0,120507000000.0,-0.0194849214411784,-0.0034165917272428,1.6206684800168882,-0.0044225386901001,0.196061973682979,-0.0216384644369327,0.97973627107462
0.0,0.0,26.259327641184154,4.456295439830782,10.0,27.0,48.0,GRC,2009,Greece,High income,Europe & Central Asia,61214696316.0,90361949970.0,-0.0198538643776597,-0.0034031272991468,1.5908506225218388,-0.0042722248351661,0.2056581874832824,-0.0224198723056025,0.9877170400074
0.0,0.0,26.20298767322592,4.457584244122339,10.0,27.0,49.0,GRC,2010,Greece,High income,Europe & Central Asia,64408084270.0,86535244649.0,-0.0198615551798074,-0.0032895689832599,1.5586850592967565,-0.0043616110012718,0.2242306019459037,-0.0228699994209627,1.000382199997626
0.0,0.0,26.095966851931685,4.456104731292048,10.0,27.0,50.0,GRC,2011,Greece,High income,Europe & Central Asia,71678227685.0,87759343351.0,-0.0202349138716893,-0.0031912900758406,1.523695874256537,-0.0050666010243699,0.2351401065996496,-0.0242492229535822,1.0106220282654328
0.0,0.0,26.022462816521454,4.450697201826371,10.0,27.0,51.0,GRC,2012,Greece,High income,Europe & Central Asia,69182299553.0,79840747061.0,-0.0132753290976494,-0.003452566453603,1.4772146877433323,-0.0029514183171359,0.2171282089899144,-0.0203846796551715,1.0084406911570103
1.0,0.0,25.996983086626216,4.443445993779431,10.0,27.0,52.0,GRC,2013,Greece,High income,Europe & Central Asia,71740892359.0,77182468214.0,0.0285831850864465,-0.003085653586407,1.4882311610984011,-0.0131404662750405,0.2305580300162971,-0.0327426329185371,1.0321514816411033
1.0,0.0,26.001727374783098,4.436784860908384,10.0,27.0,53.0,GRC,2014,Greece,High income,Europe & Central Asia,76056457342.0,79339278432.0,0.034157962723893,-0.0030468348395481,1.5197802819360622,-0.0145794207664804,0.2449252716438327,-0.0279893205229783,1.0471778560571872
1.0,1.0,25.99976695021355,4.430196247293403,10.0,27.0,54.0,GRC,2015,Greece,High income,Europe & Central Asia,62624153982.0,64373172350.0,0.0305478942260938,-0.0006170751136699,1.5037323869972494,-0.0145449491041766,0.241595635334696,-0.0275373733424599,1.0497910280391656
1.0,1.0,25.994879820659897,4.426037116960108,10.0,27.0,55.0,GRC,2016,Greece,High income,Europe & Central Asia,60206483726.0,62714485982.0,0.0235387581783107,-0.0005822820027477,1.4608061572826352,-0.0125271117453762,0.224022607920883,-0.030941989137338,1.0331770867462302
1.0,1.0,26.005743413775033,4.424059284734888,10.0,27.0,56.0,GRC,2017,Greece,High income,Europe & Central Asia,69691264259.0,72343865240.0,0.0311321502365409,-0.0006183078393914,1.5046044360111872,-0.0146135838883407,0.2433063093512712,-0.0277995122481238,1.0544557806985122
1.0,1.0,26.022287955098687,4.42203048232324,10.0,27.0,57.0,GRC,2018,Greece,High income,Europe & Central Asia,82399082670.0,86614659222.0,0.0342363966650895,-0.0004567165140682,1.5282374821786446,-0.0146868969148215,0.2536607262233502,-0.0269509172101208,1.0651484668597089
0.0,0.0,22.801132252265784,3.6652258743794235,-5.0,28.0,0.0,GTM,1961,Guatemala,Upper middle income,Latin America & Caribbean,128700000.0,145300000.0,0.0022162194308125,-0.0018797684605488,-1.0435982227602456,0.0106771699646266,-0.0377872339321862,-0.0618315350272551,-1.9871946944985353
0.0,0.0,22.835886286028273,3.6948442719150023,-5.0,28.0,1.0,GTM,1962,Guatemala,Upper middle income,Latin America & Caribbean,134800000.0,153500000.0,0.0025889229394848,-0.0018790458383373,-1.0595403457106856,0.001499465284327,-0.0388807730009595,-0.0633378899471565,-1.997137713726656
0.0,0.0,22.927015409458427,3.7241460685257275,-5.0,28.0,2.0,GTM,1963,Guatemala,Upper middle income,Latin America & Caribbean,180400000.0,201200000.0,0.0050596570308828,-0.001877525275564,-1.017622470039742,-0.0049107432110641,-0.0363692803735558,-0.0593826984576597,-1.9737366154023468
0.0,0.0,22.97230414054979,3.7531880792962076,-5.0,28.0,3.0,GTM,1964,Guatemala,Upper middle income,Latin America & Caribbean,199900000.0,235000000.0,0.0051121149276678,-0.001870660673532,-1.0030792497616756,-0.0001571309327935,-0.0351263153885713,-0.0525386703237742,-1.954426727250456
0.0,0.0,23.01499736865847,3.7820505684298773,-5.0,28.0,4.0,GTM,1965,Guatemala,Upper middle income,Latin America & Caribbean,223500000.0,261100000.0,0.0050071717333097,-0.0018734667679464,-1.0053629789489604,0.0037146650274813,-0.0334797890060591,-0.0481896797826652,-1.9383395141058577
0.0,0.0,23.068652858744585,3.8105448693499224,3.0,28.0,5.0,GTM,1966,Guatemala,Upper middle income,Latin America & Caribbean,263400000.0,266100000.0,0.0049623524810426,-0.0017845577519483,-1.0085826227830277,0.005472444839393,-0.0190250669580345,-0.0460149756722619,-1.9321191165464375
0.0,0.0,23.108951602316527,3.8386335852694793,3.0,28.0,6.0,GTM,1967,Guatemala,Upper middle income,Latin America & Caribbean,235600000.0,283600000.0,0.0053467782475829,-0.001701130914439,-0.9718282545092688,0.0077614048703294,-0.0195759065294897,-0.0394953956130904,-1.972158675265792
0.0,0.0,23.192980524198855,3.866217660031821,3.0,28.0,7.0,GTM,1968,Guatemala,Upper middle income,Latin America & Caribbean,269500000.0,296600000.0,0.0070377085626522,-0.0017217066642003,-0.9123103826871466,0.0099071596309318,-0.0215197494043457,-0.0340848937550645,-2.0153981825426763
0.0,0.0,23.239261915674522,3.8930081639512175,3.0,28.0,8.0,GTM,1969,Guatemala,Upper middle income,Latin America & Caribbean,305400000.0,299000000.0,0.007634260069785,-0.0016413830406153,-0.9052646206223716,0.0097418879391182,-0.0216776520204888,-0.0324653839175458,-2.0063948532004123
0.0,0.0,23.29477120442524,3.919269178190763,1.0,28.0,9.0,GTM,1970,Guatemala,Upper middle income,Latin America & Caribbean,353600000.0,338500000.0,0.0075188733389666,-0.0014332933492996,-0.8620726329387234,0.0113503187057512,-0.0224790341003165,-0.0211807518338778,-1.8387845222782395
0.0,0.0,23.349105538310805,3.9451297596359827,1.0,28.0,10.0,GTM,1971,Guatemala,Upper middle income,Latin America & Caribbean,343100000.0,371100000.0,0.007638895585394,-0.0011657854192593,-0.842636825419123,0.0101072051496274,-0.0238807388289748,-0.0207754684951967,-1.7445210517884595
0.0,0.0,23.419871984553048,3.9708821102951513,1.0,28.0,11.0,GTM,1972,Guatemala,Upper middle income,Latin America & Caribbean,397300000.0,389500000.0,0.0095226984413329,-0.001166722730455,-0.8119501763780308,0.0083599559376699,-0.0244225509504207,-0.0165018551313209,-1.699625309418465
0.0,0.0,23.48549898502242,3.996728955328456,1.0,28.0,12.0,GTM,1973,Guatemala,Upper middle income,Latin America & Caribbean,536500000.0,519100000.0,0.0096203890588261,-0.0008292360944717,-0.8338114732493022,0.0147748119763305,-0.0209608930474744,-0.0080044136636161,-1.5039887139546253
0.0,0.0,23.547299667002626,4.022052949437221,-3.0,28.0,13.0,GTM,1974,Guatemala,Upper middle income,Latin America & Caribbean,708400000.0,811400000.0,0.0267751806796567,-0.0001483351479201,-0.6159881012738637,-9.356577863746348e-05,-0.0231591490715724,0.0041834779348844,-0.957498878132845
0.0,0.0,23.566611888060585,4.046419948156079,-3.0,28.0,14.0,GTM,1975,Guatemala,Upper middle income,Latin America & Caribbean,792000000.0,858000000.0,0.0323911797947829,-1.683990610758193e-05,-0.5692493995176054,-0.0098852803100897,-0.0253973728484717,0.0066010106969785,-0.8545495942765762
0.0,0.0,23.637883307479637,4.0679963712678635,-3.0,28.0,15.0,GTM,1976,Guatemala,Upper middle income,Latin America & Caribbean,941700000.0,1204100000.0,0.0355147593764674,-0.000990023141371,-0.4487952600143909,-0.0151048895553999,-0.023330082317173,0.0127366466364251,-0.780658044963016
0.0,0.0,23.713076311407626,4.089966915459943,-3.0,28.0,16.0,GTM,1977,Guatemala,Upper middle income,Latin America & Caribbean,1340300000.0,1439000100.0,0.038596866478766,-0.0008010153963647,-0.3971926647602913,-0.0139514902395458,-0.0259806086457096,0.0097096888605465,-0.7124261189937021
0.0,0.0,23.76183494955348,4.114656651387207,-5.0,28.0,17.0,GTM,1978,Guatemala,Upper middle income,Latin America & Caribbean,1303700000.0,1655000100.0,0.0415901620761847,0.0002426610709236,-0.3667294722285105,-0.0189396789590755,-0.0285239116089079,0.0109589665706643,-0.7027605291583451
0.0,0.0,23.8078923936591,4.139679984048169,-5.0,28.0,18.0,GTM,1979,Guatemala,Upper middle income,Latin America & Caribbean,1473600000.0,1784400000.0,0.049278266744926,-6.986012510159697e-05,-0.4088805701018936,-0.0176384537436953,-0.0319030947848953,0.0103277627296481,-0.6035459745012417
0.0,0.0,23.844802537185092,4.1649843700978195,-5.0,28.0,19.0,GTM,1980,Guatemala,Upper middle income,Latin America & Caribbean,1748000000.0,1963300000.0,0.0510554156250331,-0.0004833266013226,-0.416213252567427,-0.0137886802066643,-0.0360207520666755,0.0134856268487308,-0.4904510716152268
0.0,0.0,23.85125029177035,4.190091263706669,-5.0,28.0,20.0,GTM,1981,Guatemala,Upper middle income,Latin America & Caribbean,1471000100.0,2031500000.0,0.0436949197655236,-0.0007001673548973,-0.4321013804329389,-0.0092378551396787,-0.0359665455820081,0.0132918884420339,-0.4712261617539723
0.0,0.0,23.815311262296483,4.213086727396307,-7.0,28.0,21.0,GTM,1982,Guatemala,Upper middle income,Latin America & Caribbean,1288999900.0,1628999900.0,0.0387782883297493,-0.0005722802863337,-0.502250872104463,-0.007831375756854,-0.0279282358017067,0.0096726765556837,-0.5091614162509647
0.0,0.0,23.789253781407105,4.237563042287783,-7.0,28.0,22.0,GTM,1983,Guatemala,Upper middle income,Latin America & Caribbean,1176000000.0,1316999900.0,0.0373014581620025,-9.338023506622266e-05,-0.5458432568096718,-0.0066388652043637,-0.0282158146435259,0.0087218365510367,-0.5067733432515747
0.0,0.0,23.79420846419754,4.265609459648785,-6.0,28.0,23.0,GTM,1984,Guatemala,Upper middle income,Latin America & Caribbean,1231300000.0,1434800000.0,0.0383685076788837,-0.0003030268963167,-0.5242879895160252,-0.0070946122788287,-0.0264689327938524,0.0087391722946992,-0.5001501381287745
0.0,0.0,23.788096434153744,4.293906657049947,-1.0,28.0,24.0,GTM,1985,Guatemala,Upper middle income,Latin America & Caribbean,1161565304.0,1262260870.0,0.0372148718193876,-4.882856747679678e-05,-0.554935407709416,-0.0065050363746561,-0.0332367067634532,0.0090520346514857,-0.4930822924870343
0.0,0.0,23.789525907952218,4.321687074481334,3.0,28.0,25.0,GTM,1986,Guatemala,Upper middle income,Latin America & Caribbean,1160867534.0,1055296758.0,0.0362061938198356,-0.0001096522189784,-0.5497976739268249,-0.004555206509688,-0.0271876137507777,0.0084017377402032,-0.4907292908006933
0.0,0.0,23.824352203862606,4.34926416537678,3.0,28.0,26.0,GTM,1987,Guatemala,Upper middle income,Latin America & Caribbean,1122800040.0,1579400000.0,0.0379379608734283,-0.0006034629685862,-0.5950324605416712,-0.0040773784124932,-0.0192416676216714,0.0093156505126695,-0.4787819877318678
0.0,0.0,23.862537641533688,4.377267638217557,3.0,28.0,27.0,GTM,1988,Guatemala,Upper middle income,Latin America & Caribbean,1262786260.0,1720152710.0,0.0410915543278723,-0.0006085351684835,-0.4949945751497281,-0.0048409058541922,-0.0310300515994811,0.0133416980860269,-0.3937163089371727
0.0,0.0,23.901206178438073,4.405401223931031,3.0,28.0,28.0,GTM,1989,Guatemala,Upper middle income,Latin America & Caribbean,1455681818.0,1890234375.0,0.0428595375822623,0.0006473506603794,-0.4741850687554167,-0.0070920449633695,-0.0284950430866751,0.0141161129397433,-0.3831166445935248
0.0,0.0,23.9317602442101,4.433405585874032,3.0,28.0,29.0,GTM,1990,Guatemala,Upper middle income,Latin America & Caribbean,1608646744.0,1900459187.0,0.0579402556672602,0.0016648038674892,-0.3790716766990826,-0.010687791829765,-0.0267603409104856,0.0149718424061687,-0.3362349251760733
0.0,0.0,23.967689476654296,4.460494323694933,3.0,28.0,30.0,GTM,1991,Guatemala,Upper middle income,Latin America & Caribbean,1688646379.0,2028682331.0,0.0737048161066607,0.00247880823043,-0.3476612099880588,-0.0130928315042548,-0.0227209430959724,0.0154895878191393,-0.331562394620647
0.0,0.0,24.014938824361245,4.48706507994761,3.0,28.0,31.0,GTM,1992,Guatemala,Upper middle income,Latin America & Caribbean,1886230498.0,2849942850.0,0.0777014954567078,0.0024125151981234,-0.3101715944044001,-0.0138346323032578,-0.0161414982000852,0.0155988799865354,-0.2412021053643926
0.0,0.0,24.053458637561576,4.513747280463545,3.0,28.0,32.0,GTM,1993,Guatemala,Upper middle income,Latin America & Caribbean,2018148609.0,2972656775.0,0.0757234768826249,0.0118772718402462,-0.2965072670560523,-0.0143601548519126,-0.0145571044152817,0.0163558272924913,-0.1921710508157574
0.0,0.0,24.09300373558549,4.54037959873786,3.0,28.0,33.0,GTM,1994,Guatemala,Upper middle income,Latin America & Caribbean,2274655329.0,3226456526.0,0.0773598466619824,0.0140384251521271,-0.3168650394771852,-0.0147913003504386,-0.0139572448989676,0.0165917554790086,-0.1762867575003094
0.0,0.0,24.14130375585875,4.566837081817381,3.0,28.0,34.0,GTM,1995,Guatemala,Upper middle income,Latin America & Caribbean,2822490793.0,3726925963.0,0.0746718308089196,0.0168150993056025,-0.2895721818143769,-0.0176350425231305,-0.0105313495528757,0.0194142265601102,-0.1050726605116506
0.0,0.0,24.17045257006613,4.592730875573576,8.0,28.0,35.0,GTM,1996,Guatemala,Upper middle income,Latin America & Caribbean,2791706610.0,3539822367.0,0.058587466899836,0.0102160574464784,-0.2602088242126035,-0.0183516153512287,0.0062062622764599,0.0239447293682403,-0.0483799381530364
0.0,0.0,24.21316803431279,4.6183117136115435,8.0,28.0,36.0,GTM,1997,Guatemala,Upper middle income,Latin America & Caribbean,3194396326.0,4197706681.0,0.033175086177523,0.0132064554057878,-0.1981506853791025,-0.0161530753329151,0.0033318521338801,0.0346385590747122,0.0552284899213357
0.0,0.0,24.261896556612417,4.643897715046087,8.0,28.0,37.0,GTM,1998,Guatemala,Upper middle income,Latin America & Caribbean,3524472507.0,5091730420.0,0.0288555502578159,0.0130888072083077,-0.1598520224213183,-0.0142389839196965,0.0001605248278304,0.0449557073818251,0.0954951492916972
0.0,0.0,24.29964563155647,4.669058036735589,8.0,28.0,38.0,GTM,1999,Guatemala,Upper middle income,Latin America & Caribbean,3481400349.0,5011108418.0,0.0284422640675601,0.0127966209911229,-0.1445687255090161,-0.01318524237229,-0.0002727032644064,0.0477741564580536,0.1041096264660902
0.0,0.0,24.335098377110256,4.692815242743616,8.0,28.0,39.0,GTM,2000,Guatemala,Upper middle income,Latin America & Caribbean,3895405852.0,5584251720.0,0.0211317142894197,0.0110455248306985,-0.1200304407856728,-0.0123703060085989,0.0002478423751643,0.0526678302969221,0.1505867843172459
0.0,0.0,24.35815623830011,4.715787465719281,8.0,28.0,40.0,GTM,2001,Guatemala,Upper middle income,Latin America & Caribbean,5275589193.0,7731202010.0,0.0192544244960128,0.0107831412371972,-0.1098810747618553,-0.0039545966411287,-0.0012317858306487,0.0578316508961284,0.1949837755314872
0.0,0.0,24.39583043972171,4.738706302851455,8.0,28.0,41.0,GTM,2002,Guatemala,Upper middle income,Latin America & Caribbean,5463975082.0,8255070816.0,0.0160795287665284,0.0157919610156287,-0.0498412521596118,-0.006893178745909,-0.0019179508473538,0.0561286382645931,0.2048932317054533
0.0,0.0,24.42111192931091,4.761226104551973,8.0,28.0,42.0,GTM,2003,Guatemala,Upper middle income,Latin America & Caribbean,5648926180.0,8807734237.0,0.008241841553316,0.0086469676319274,0.0067592044775284,-0.0106230541604453,-0.0032860009220197,0.0683844744023134,0.3537887212265308
0.0,0.0,24.45200883430889,4.783455519012259,8.0,28.0,43.0,GTM,2004,Guatemala,Upper middle income,Latin America & Caribbean,6464755963.0,10090013800.0,0.0076616549757728,0.0020416840996687,0.0121911835677621,-0.0132143738313489,-0.0015608156452853,0.0700489325844557,0.5086334242261188
0.0,0.0,24.484243925156488,4.805099666909512,8.0,28.0,44.0,GTM,2005,Guatemala,Upper middle income,Latin America & Caribbean,6817685367.0,11154959730.0,0.0073293380451065,-0.0054738106086332,0.0475108049741046,-0.0176210489597898,-0.0037772755891573,0.0686370518160116,0.6153720570064242
0.0,0.0,24.536375147351045,4.826255555097676,8.0,28.0,45.0,GTM,2006,Guatemala,Upper middle income,Latin America & Caribbean,7537142602.0,12662747620.0,0.0027735671316729,0.0027644057406645,-0.4810703668297345,-0.0266083773125877,-0.0004353853866211,0.0599893458063126,1.302195513059938
0.0,0.0,24.597825016243856,4.847321195201743,8.0,28.0,46.0,GTM,2007,Guatemala,Upper middle income,Latin America & Caribbean,8721101393.0,14441173646.0,0.0015306239283955,0.0005496068085239,0.3364514061207351,-0.0512328265778203,-0.0009577771902805,0.0527037386638145,0.7632821908550936
0.0,0.0,24.63022951322535,4.867848381943167,8.0,28.0,47.0,GTM,2008,Guatemala,Upper middle income,Latin America & Caribbean,9673807862.0,15422428184.0,0.0015780392451413,-0.0015983508328843,0.3222578783011718,-0.064205709578441,8.318831472130104e-05,0.0474740136278491,0.8617244320161105
0.0,0.0,24.634987158732624,4.887772961624444,8.0,28.0,48.0,GTM,2009,Guatemala,Upper middle income,Latin America & Caribbean,9046835389.0,12501436111.0,0.0015849226318394,-0.0015908348165021,0.3124659012661622,-0.0657311390916301,0.0008301044541053,0.0468671995106756,0.8768929349549635
0.0,0.0,24.66342081782349,4.907588607618015,8.0,28.0,49.0,GTM,2010,Guatemala,Upper middle income,Latin America & Caribbean,10667621567.0,15009546896.0,0.0015749739917098,-0.0015394592406189,0.3030561132023353,-0.0657273583834691,0.0016074198908133,0.0422218642905531,0.8992129296565159
0.0,0.0,24.704216318069918,4.9275272462866715,8.0,28.0,50.0,GTM,2011,Guatemala,Upper middle income,Latin America & Caribbean,12688259461.0,17803200265.0,0.0015544535216849,-0.0013606125088799,0.3004642202976156,-0.0584784120315724,0.001845430994674,0.0386473052538363,0.9172214120780496
0.0,0.0,24.733529542279978,4.947441114082648,8.0,28.0,51.0,GTM,2012,Guatemala,Upper middle income,Latin America & Caribbean,12530944106.0,18197166630.0,0.0015626527164443,-0.0014135527788318,0.2993289345724794,-0.0552509201181575,0.0020291990536336,0.0389861997929918,0.9241721420509336
0.0,0.0,24.76981151077037,4.966977132843607,8.0,28.0,52.0,GTM,2013,Guatemala,Upper middle income,Latin America & Caribbean,11658240732.0,18382912018.0,0.0017797863442834,-0.0017561610541817,0.3208415025570065,-0.0555783772009856,0.0021812917835265,0.0381910677659318,0.9044378703347016
0.0,0.0,24.813292152748534,4.985928256135172,8.0,28.0,53.0,GTM,2014,Guatemala,Upper middle income,Latin America & Caribbean,12579582121.0,19287280906.0,0.0017725766205549,-0.0018328027724676,0.3499880780754205,-0.0610858209666017,0.0011576697125046,0.0386454401445679,0.8850221740735934
0.0,0.0,24.853398731256256,5.004253332633445,8.0,28.0,54.0,GTM,2015,Guatemala,Upper middle income,Latin America & Caribbean,12331439231.0,18695335890.0,0.0017699689805518,-0.0017008673917552,0.3732218653048025,-0.0629727296737824,0.0003474290201993,0.0375564519797406,0.8654451966678152
0.0,0.0,24.879824500136543,5.022678938709198,8.0,28.0,55.0,GTM,2016,Guatemala,Upper middle income,Latin America & Caribbean,12387053735.0,18243717862.0,0.0017730766249075,-0.0015893735563362,0.3976179935545199,-0.0652313221132782,-0.0004669331322677,0.0357897214036353,0.8457741521063908
0.0,0.0,24.91015825921753,5.040866547861489,8.0,28.0,56.0,GTM,2017,Guatemala,Upper middle income,Latin America & Caribbean,13252394991.0,19758074271.0,0.0017650190088635,-0.0021805979585417,0.4034765368428319,-0.0653642115214585,-0.0010444358538985,0.0325356563388177,0.8456789892750254
0.0,0.0,24.9436595069809,5.057526775002109,8.0,28.0,57.0,GTM,2018,Guatemala,Upper middle income,Latin America & Caribbean,13323267943.0,21149627997.0,0.0017664050733228,-0.0021323316286387,0.4199685240275043,-0.0658931688531139,-0.0014922060061154,0.0308349754608503,0.8329340406671044
0.0,0.0,21.808894190627058,3.1528786245886375,-7.0,25.0,25.0,GIN,1986,Guinea,Lower middle income,Sub-Saharan Africa,620341457.6,560097159.3,0.0018330359291998,0.0005265368832294,-2.4148675950040293,0.0621696142725001,-0.0189475691961287,-0.0002459479296818,-0.2371567980976831
0.0,0.0,21.841360788655702,3.1785485125558575,-7.0,25.0,26.0,GIN,1987,Guinea,Lower middle income,Sub-Saharan Africa,645766103.6,626828734.9,0.0024325863517878,0.0006127989347005,-2.238587966374138,0.0480770568299125,-0.0236217310929509,2.6663542691142257e-05,-0.035934967366916
0.0,0.0,21.902532241724437,3.204706896415753,-7.0,25.0,27.0,GIN,1988,Guinea,Lower middle income,Sub-Saharan Africa,640721931.7,740909324.6,0.0027623451025374,-0.0004421809283721,-2.107519146683446,0.0358467058177572,-0.0303399254442503,-0.0048748840249245,0.1468691376667564
0.0,0.0,21.941786377250654,3.230658810037577,-7.0,25.0,28.0,GIN,1989,Guinea,Lower middle income,Sub-Saharan Africa,756205480.4,724403471.6,0.0032209820054242,-0.0004152480054575,-2.1108990736444757,0.0351010194611633,-0.0309390987778194,-0.0059366897137445,0.1524907612021144
0.0,0.0,21.984118233895273,3.265217158431312,-7.0,25.0,29.0,GIN,1990,Guinea,Lower middle income,Sub-Saharan Africa,828699105.2,891809028.0,0.0042666228860919,-0.0003687067535225,-2.0988737772984076,0.0333026626165245,-0.0311966797399375,-0.0068298004749497,0.1757955399882004
0.0,0.0,22.009916800720813,3.3052470546740027,-5.0,25.0,30.0,GIN,1991,Guinea,Lower middle income,Sub-Saharan Africa,914493654.1,922173162.5,0.0056248357628148,-0.0003192831856974,-2.073391790507484,0.0336238924902723,-0.0322366062870231,-0.0083018329630679,0.186583701779629
0.0,0.0,22.0421027054068,3.3371638789368716,-5.0,25.0,31.0,GIN,1992,Guinea,Lower middle income,Sub-Saharan Africa,817036636.5,856408259.4,0.0061968750721613,-0.0002158568269648,-2.083575723355454,0.0208238603353435,-0.043549983087093,-0.0076557237466398,0.2604629008808704
0.0,0.0,22.091313205407875,3.367618124250994,-5.0,25.0,32.0,GIN,1993,Guinea,Lower middle income,Sub-Saharan Africa,869566348.3,920896381.8,0.0058915311231821,0.0011951260899287,-2.06862036368547,0.016335170838455,-0.0511409800091156,-0.0105134690518447,0.2914345296393287
0.0,0.0,22.13024636850169,3.3975969799876533,-5.0,25.0,33.0,GIN,1994,Guinea,Lower middle income,Sub-Saharan Africa,769732341.4,874952721.3,0.005941907377681,0.0014361694047526,-2.0642834407981216,0.016332432197466,-0.0551214947767696,-0.011389280980072,0.3082095748160352
0.0,0.0,22.17529308901957,3.425540404372617,-1.0,25.0,34.0,GIN,1995,Guinea,Lower middle income,Sub-Saharan Africa,780067626.7,905896319.3,0.0056793506262251,0.0017243347999107,-2.0612692406473943,0.0157653262156866,-0.0589525469019431,-0.0105314756304807,0.3392244237386526
0.0,0.0,22.218942204355255,3.453837271516259,-1.0,25.0,35.0,GIN,1996,Guinea,Lower middle income,Sub-Saharan Africa,742652391.1,941903159.6,0.0046620473514226,0.001403386905235,-2.060832248772084,0.0151681960497915,-0.0622111107602254,-0.012714230894887,0.3544024958485294
0.0,0.0,22.269460431345156,3.4743883850046404,-1.0,25.0,36.0,GIN,1997,Guinea,Lower middle income,Sub-Saharan Africa,740132957.3,864726230.8,0.0033041518438358,0.0013146494293359,-2.080246084777152,0.0157934533812177,-0.0654060772383699,-0.0090345667320438,0.3750954345858228
0.0,0.0,22.305253365276485,3.4932007320490785,-1.0,25.0,37.0,GIN,1998,Guinea,Lower middle income,Sub-Saharan Africa,763846910.0,966133229.7,0.0029502939773938,0.0012846987802873,-2.078313457023075,0.0156777544191853,-0.0679217487326328,-0.0083442708944112,0.3773869337345781
0.0,0.0,22.34266478908723,3.5156072159478744,-1.0,25.0,38.0,GIN,1999,Guinea,Lower middle income,Sub-Saharan Africa,749004850.2,901094018.6,0.0028748693745636,0.0011455066155942,-2.0469361620818596,0.0147140560411558,-0.0768171555900144,-0.010583396388896,0.3594807862838929
0.0,0.0,22.367387260366307,3.5352208122578057,-1.0,25.0,39.0,GIN,2000,Guinea,Lower middle income,Sub-Saharan Africa,734578556.2,867392056.8,0.0024923748541654,0.0010750167447246,-2.0444544689807915,0.0110328506519479,-0.0799202474111944,-0.0104799507041879,0.3766861508484699
0.0,0.0,22.403317435464206,3.5483189266170436,-1.0,25.0,40.0,GIN,2001,Guinea,Lower middle income,Sub-Saharan Africa,808614946.1,849347059.6,0.0024241705299479,0.0007169203393876,-2.029859410307403,0.00981549362379,-0.0853024292292286,-0.0114124041093276,0.3714869454686942
0.0,0.0,22.453674081362664,3.5639002569908587,-1.0,25.0,41.0,GIN,2002,Guinea,Lower middle income,Sub-Saharan Africa,781148029.8,854685093.5,0.0021644148661622,0.0006276084140071,-2.025924887917333,0.006887380690735,-0.0948710867329325,-0.0105007728234413,0.3795881518165808
0.0,0.0,22.46608278654953,3.5863254448635185,-1.0,25.0,42.0,GIN,2003,Guinea,Lower middle income,Sub-Saharan Africa,894584048.7,868000000.0,0.0016109230344529,7.239330229187981e-05,-2.055244020292407,0.0062678841543843,-0.0982853212132716,-0.008663338031803,0.4255695197036181
0.0,0.0,22.48921435028795,3.6077325604680492,-1.0,25.0,43.0,GIN,2004,Guinea,Lower middle income,Sub-Saharan Africa,895267037.4,938538723.1,0.001363698086874,-0.0006206497701409,-2.0980953071537356,0.0056489629627723,-0.1075634926481041,-0.0084945289889359,0.5045743698215777
0.0,0.0,22.51874667212826,3.627736755837815,-1.0,25.0,44.0,GIN,2005,Guinea,Lower middle income,Sub-Saharan Africa,1021679587.0,1031237398.0,0.00111332124113,-0.0013655638767267,-2.012304494159738,0.0080769179709516,-0.109042088740637,-0.0085878959315976,0.597297106233602
0.0,0.0,22.530572491744934,3.6486426216862777,-1.0,25.0,45.0,GIN,2006,Guinea,Lower middle income,Sub-Saharan Africa,1005390516.0,1922724849.0,0.0005402060564896,-0.0012549266807672,-1.8393747904605109,0.0010728363575958,-0.0930525740292945,-0.0033598678097367,0.8558056825043528
0.0,0.0,22.596523806129554,3.6717923515208697,-1.0,25.0,46.0,GIN,2007,Guinea,Lower middle income,Sub-Saharan Africa,1479451796.0,2988313290.0,0.0004271221512753,-0.0009324734767857,-1.543259451247237,0.0113471645814795,-0.0757497370653054,0.0082985744417122,0.9195442748539456
0.0,0.0,22.63702270358675,3.6959832118242786,-1.0,25.0,47.0,GIN,2008,Guinea,Lower middle income,Sub-Saharan Africa,1507080731.0,2962825500.0,0.0030642905982145,-0.0024214504855247,-1.285298703913392,-0.0002624981628836,-0.0549929759626917,0.0004177899532411,1.0227442433553222
1.0,0.0,22.625732791278686,3.720399060876551,-1.0,25.0,48.0,GIN,2009,Guinea,Lower middle income,Sub-Saharan Africa,1512364188.0,3177066476.0,-0.027380371221998,-0.0024427630440539,-1.3440001299888984,-0.0178939875882105,-0.0673734366645429,-0.0051940823339564,1.076203939071822
1.0,0.0,22.67274385159291,3.7449919917715695,1.0,25.0,49.0,GIN,2010,Guinea,Lower middle income,Sub-Saharan Africa,2079424655.0,2961065627.0,-0.0293182441264657,-0.0023776414907476,-1.2695656782229092,-0.0206887503759087,-0.0469539307134185,-0.0073758943901827,1.1066934620484197
1.0,0.0,22.72734672515634,3.76976172702316,1.0,25.0,50.0,GIN,2011,Guinea,Lower middle income,Sub-Saharan Africa,2212106803.0,3620035711.0,-0.0291113072865348,-0.001783136883652,-1.2225020461414569,-0.0194855115244844,-0.0495954460186928,-0.0076580410442605,1.1304337150198338
1.0,0.0,22.784816127426396,3.7943033427386537,1.0,25.0,51.0,GIN,2012,Guinea,Lower middle income,Sub-Saharan Africa,2531048957.0,4089175128.0,-0.0292554781573485,-0.0017114033588242,-1.2188659097793637,-0.0192761023169329,-0.0489441317558019,-0.0071201354082571,1.1397412378394844
1.0,1.0,22.82351446464266,3.818750492589676,4.0,25.0,52.0,GIN,2013,Guinea,Lower middle income,Sub-Saharan Africa,2217341683.0,4519671025.0,-0.0296158059873464,0.0011236590640146,-1.2098927414709455,-0.018839954917264,-0.026414142986401,-0.0037439468770389,1.1566760761143626
1.0,0.0,22.859813154323888,3.843552427236588,4.0,25.0,53.0,GIN,2014,Guinea,Lower middle income,Sub-Saharan Africa,2342843829.0,4396562755.0,-0.0307841644755426,-0.001573740384339,-1.190788745097281,-0.0150695704101367,-0.0272196487957535,-0.0039792695349021,1.1541094145413713
0.0,0.0,22.897358528135985,3.868867554890782,4.0,25.0,54.0,GIN,2015,Guinea,Lower middle income,Sub-Saharan Africa,1890478291.0,4480281599.0,0.0039925979711525,-0.0013501821798977,-1.1899619373118424,0.0088535989497817,-0.0255752883522839,-0.0050767311766416,1.1157152703068751
0.0,0.0,23.000101265129686,3.8945366418328446,4.0,25.0,55.0,GIN,2016,Guinea,Lower middle income,Sub-Saharan Africa,2524762072.0,7088908468.0,0.0040408753905033,-0.00114358637678,-1.1653585756351783,0.009666604653491,-0.0262940569288368,-0.0049231620869678,1.114370865670394
0.0,0.0,23.098135053829335,3.920101873711908,4.0,25.0,56.0,GIN,2017,Guinea,Lower middle income,Sub-Saharan Africa,4611027664.0,5842867642.0,0.0042156346784173,-0.0012317894383451,-1.110122195827795,0.0125583068834655,-0.0265692642544672,-0.0021958209783139,1.103299677064215
0.0,1.0,23.159780255191787,3.9455404310968785,4.0,25.0,57.0,GIN,2018,Guinea,Lower middle income,Sub-Saharan Africa,4767367527.0,5783505600.0,0.0060096164724619,0.0007741095257194,-1.0460250353765754,0.0119870959893016,-0.0266188708181392,0.002227953955797,1.0322688080700475
0.0,0.0,23.15322187091382,5.4751426234040785,0.0,29.0,27.0,HTI,1988,Haiti,Lower middle income,Latin America & Caribbean,426125800.0,848904800.0,0.0151079103848017,0.0003478080984902,-1.0746685950018802,-0.0322897554877092,-0.0452486739086748,-0.0080689435143111,-0.2359653482211294
0.0,0.0,23.12365479737423,5.495693453515634,0.0,29.0,28.0,HTI,1989,Haiti,Lower middle income,Latin America & Caribbean,356133600.0,753772600.0,0.0094334561628772,-0.0002251693037355,-1.1999169202894868,-0.038996895011191,-0.0494094750159507,-0.010736570888078,-0.2841781606858943
0.0,0.0,23.13398251044921,5.516286596118865,0.0,29.0,29.0,HTI,1990,Haiti,Lower middle income,Latin America & Caribbean,368773800.0,1068364600.0,0.0168947364368881,0.0003964808546915,-1.097684951566679,-0.0332078571469299,-0.0437079911367174,-0.0083027526894826,-0.2188419653156629
1.0,0.0,23.152613321267747,5.536649770599581,-7.0,29.0,30.0,HTI,1991,Haiti,Lower middle income,Latin America & Caribbean,358174516.7,1024563585.0,-0.1636350792327525,0.0005244680535922,-1.0808998328914916,-0.0943402946611642,-0.0337707906833612,-0.0093782333324545,-0.3248607395829067
1.0,0.0,23.0980522417005,5.556622241678351,-7.0,29.0,31.0,HTI,1992,Haiti,Lower middle income,Latin America & Caribbean,170898839.6,563519019.8,-0.0900052019807634,-0.0003144896555365,-1.32992513922288,-0.0679267552272531,-0.0576760201346678,-0.0287358970735698,-0.3675964048185807
1.0,0.0,23.042261522846026,5.576270801017219,-7.0,29.0,32.0,HTI,1993,Haiti,Lower middle income,Latin America & Caribbean,203703197.6,711988087.3,-0.0797520414005976,0.0001064303049627,-1.4094363339539435,-0.0659666199583373,-0.0620561688456916,-0.0298065072427009,-0.3634200117453068
1.0,0.0,22.914989024684274,5.595538027053998,6.0,29.0,33.0,HTI,1994,Haiti,Lower middle income,Latin America & Caribbean,139173681.4,535669461.7,-0.0792917601114781,-3.226771436094447e-06,-1.4456739414617454,-0.0650549769708328,-0.0239762421596502,-0.0268587883551888,-0.3274276291770567
0.0,0.0,23.009368839983075,5.614597738722975,6.0,29.0,34.0,HTI,1995,Haiti,Lower middle income,Latin America & Caribbean,256955764.9,807821954.5,0.0103343111039997,0.0001793952392546,-1.4901103546185217,-0.0609699887209787,-0.0379342396920325,-0.0219573749969219,-0.1723217114144208
0.0,0.0,23.049942227533293,5.633591108833173,7.0,29.0,35.0,HTI,1996,Haiti,Lower middle income,Latin America & Caribbean,329352863.4,840148986.7,0.0087775639125343,-0.0004286257286277,-1.4564870872147566,-0.0889485234364877,-0.0348483612913348,-0.0167775558177969,-0.0974508348247356
0.0,0.0,23.076630057381834,5.652450730757548,7.0,29.0,36.0,HTI,1997,Haiti,Lower middle income,Latin America & Caribbean,349005072.8,882868456.9,0.0049232655570416,-0.0008089321337728,-1.4021410509498493,-0.1089206406510204,-0.0376722456550932,-0.0088467886568514,0.0144223968197491
0.0,0.0,23.09821384588317,5.671099213666407,7.0,29.0,37.0,HTI,1998,Haiti,Lower middle income,Latin America & Caribbean,368684025.0,991314911.0,0.0043986739470259,-0.0008912905520266,-1.365739083296466,-0.1188532328273194,-0.0374894356678512,-0.004571356820522,0.0441353851000557
0.0,0.0,23.12495555771314,5.68956676590527,3.0,29.0,38.0,HTI,1999,Haiti,Lower middle income,Latin America & Caribbean,508794534.2,1233630317.0,0.005027031915036,-0.0007846212272986,-1.2884584056139243,-0.0946608944488557,-0.0409134454650031,5.114784936986153e-05,0.0281533736103045
0.0,0.0,23.133618518292977,5.708024914103682,-2.0,29.0,39.0,HTI,2000,Haiti,Lower middle income,Latin America & Caribbean,501340860.3,1348782314.0,0.0053103986374441,-0.0008315989763627,-1.238426438926418,-0.0898847276106072,-0.0515889332042599,0.0015221959839723,0.0355198789274717
0.0,0.0,23.130185152139266,5.726256384166963,-2.0,29.0,40.0,HTI,2001,Haiti,Lower middle income,Latin America & Caribbean,444869994.3,1300849983.0,0.0049885478471494,-0.0001523111281612,-1.2369518882920862,-0.0883225132025436,-0.0534164972913361,0.0018906670427922,0.0523098821253402
0.0,0.0,23.140648422093786,5.744040130127126,-2.0,29.0,41.0,HTI,2002,Haiti,Lower middle income,Latin America & Caribbean,390002091.2,1157716251.0,0.0045996544818061,-0.0002084050533439,-1.2326496763115724,-0.0888018193162534,-0.0545229883823612,0.0025737082250519,0.0742947546776606
0.0,0.0,23.17486412848127,5.761575691984292,-2.0,29.0,42.0,HTI,2003,Haiti,Lower middle income,Latin America & Caribbean,470293089.0,1416336753.0,0.0037207545169738,-0.0004001835717583,-1.183085519037138,-0.0890376352289801,-0.0540364760973753,0.0071368580921383,0.1716097465485579
0.0,0.0,23.16159795304201,5.778593591236406,0.0,29.0,43.0,HTI,2004,Haiti,Lower middle income,Latin America & Caribbean,509817233.1,1546552275.0,0.0032450291638871,-0.001061347525944,-1.2452718845256854,-0.0792190637394593,-0.0545139596640653,0.0093144548896124,0.2876901656349726
0.0,0.0,23.1918572222686,5.795399450850847,3.0,29.0,44.0,HTI,2005,Haiti,Lower middle income,Latin America & Caribbean,605106728.7,1852992471.0,0.0034912343621811,-0.0018712360864887,-1.2630978437445135,-0.0811375820325391,-0.0376546544637044,0.0118272806594468,0.3451534582740895
0.0,0.0,23.209390124695663,5.812391915934855,5.0,29.0,45.0,HTI,2006,Haiti,Lower middle income,Latin America & Caribbean,689103494.4,2141589441.0,0.0033430458307193,-0.0021274828740805,-1.2204595597120258,-0.0692607166854833,-0.0332892673149413,0.0184062808909755,0.5189804384240115
0.0,0.0,23.255381422770505,5.829254628096843,5.0,29.0,46.0,HTI,2007,Haiti,Lower middle income,Latin America & Caribbean,779237501.8,2384574759.0,0.0036367962765383,-0.0032591181115593,-1.2052727947460364,-0.078357747691933,-0.027623446274244,0.0124278432855559,0.6227368672409094
0.0,0.0,23.281614626663906,5.845915764323012,5.0,29.0,47.0,HTI,2008,Haiti,Lower middle income,Latin America & Caribbean,917202441.2,2853795883.0,0.0037534607375354,-0.0079072479878743,-1.0882949246834943,-0.1591823124193074,-0.0234648033578327,0.0066924892577117,0.8428589489249324
0.0,0.0,23.338848838835833,5.862441017356574,5.0,29.0,48.0,HTI,2009,Haiti,Lower middle income,Latin America & Caribbean,1034002204.0,2804199819.0,0.0037514579471057,-0.0078800801184105,-1.0873396173075662,-0.1673251908822647,-0.0229482745188952,0.0034931578607519,0.8630999849644045
0.0,0.0,23.28067390399225,5.874108284589736,0.0,29.0,49.0,HTI,2010,Haiti,Lower middle income,Latin America & Caribbean,1016377274.0,4287288127.0,0.0037616133287192,-0.0080162079111804,-1.0351168249522953,-0.1620832390770837,-0.0333137339805895,0.0028552055585308,0.9411009897258464
0.0,1.0,23.33039899810656,5.88542891249752,0.0,29.0,50.0,HTI,2011,Haiti,Lower middle income,Latin America & Caribbean,1311686715.0,4433440000.0,0.0036345729497619,0.0026712093490754,-1.0294708118743017,-0.1539962751607962,-0.0342089111646202,0.0034862797869578,0.971431003290047
0.0,1.0,23.335410662743925,5.900927798382256,0.0,29.0,51.0,HTI,2012,Haiti,Lower middle income,Latin America & Caribbean,1323609594.0,4195362731.0,0.0036370563978345,0.0025575614945382,-1.031275816680875,-0.1545413112880033,-0.0341741056697371,0.0035094258192395,0.9796994239258388
0.0,1.0,23.37774943385981,5.915967506260276,0.0,29.0,52.0,HTI,2013,Haiti,Lower middle income,Latin America & Caribbean,1567188287.0,4443359383.0,0.0033268786491615,0.00196160728861,-0.9938355934483109,-0.1669590438993953,-0.0332777791078474,0.0076179022239726,0.9978594164494364
0.0,1.0,23.394828410255307,5.930618763946555,0.0,29.0,53.0,HTI,2014,Haiti,Lower middle income,Latin America & Caribbean,1662345566.0,4752590723.0,0.0033300357778624,0.0019611857934648,-0.9860412330596702,-0.1680269801736615,-0.0332647543173397,0.0084356225163123,1.002998647003153
0.0,1.0,23.420130679310383,5.944976167448857,0.0,29.0,54.0,HTI,2015,Haiti,Lower middle income,Latin America & Caribbean,1747466805.0,4481319816.0,0.0031289272473711,0.0008813279657478,-0.961908529257935,-0.1724339099040716,-0.0313526107956801,0.013679415283083,1.0125204444410445
0.0,1.0,23.438093066162896,5.958962439890886,5.0,29.0,55.0,HTI,2016,Haiti,Lower middle income,Latin America & Caribbean,1632313491.0,4193901268.0,0.0032938508644173,0.0009272495513426,-0.9673116272601464,-0.1719183128617661,-0.0238854555311481,0.0141054614887908,1.0080974124732769
0.0,1.0,23.462885881967626,5.972578506023289,5.0,29.0,56.0,HTI,2017,Haiti,Lower middle income,Latin America & Caribbean,1660793079.0,4689668692.0,0.0032950963880949,0.0009552685569409,-0.9645163754866232,-0.1708573204951928,-0.0238290572429026,0.0140960323028534,1.0132123556648398
0.0,1.0,23.479426439104465,5.985857602028653,5.0,29.0,57.0,HTI,2018,Haiti,Lower middle income,Latin America & Caribbean,1768471543.0,5635999404.0,0.0036058460290985,0.0002190802745298,-0.9345881902644908,-0.1679307290905021,-0.0240668708219461,0.0175095056197135,1.024109292783632
0.0,1.0,25.675176785889658,5.011948908926379,5.0,31.0,0.0,IND,1961,India,Lower middle income,South Asia,1688401688.0,2337302337.0,0.0063792623389768,0.032217854184174,1.1757226431638328,0.1207088111920946,0.0016294125139247,0.0334373264486308,-2.115054822258991
0.0,1.0,25.70406715761167,5.0356672013148165,5.0,31.0,1.0,IND,1962,India,Lower middle income,South Asia,1757701758.0,2543102543.0,0.0063097474457456,0.0322350388714054,1.186981044676356,0.1200453106454686,-0.0003714749588909,0.0327488164102717,-2.1229079955077177
0.0,1.0,25.762281245376958,5.059128901916248,5.0,31.0,2.0,IND,1963,India,Lower middle income,South Asia,2072702073.0,2860202860.0,0.0061647409899816,0.0317960456032728,1.2389769632292944,0.1226788208872067,-0.0050175587932783,0.0331134236716401,-2.1611555367678164
0.0,1.0,25.83416266898067,5.082544359664034,5.0,31.0,3.0,IND,1964,India,Lower middle income,South Asia,2104202104.0,3210903211.0,0.0066350572561466,0.0327984506112711,1.2584903938182972,0.1254860909721936,-0.005478768842652,0.0348806112924085,-2.1709981303943224
0.0,1.0,25.807448946337825,5.105055911690747,5.0,31.0,4.0,IND,1965,India,Lower middle income,South Asia,1969801970.0,3103803104.0,0.0062086182642596,0.0322665361067719,1.2505779094859306,0.1293986923396456,-0.0070262861531907,0.0300843174346566,-2.1412703446989862
0.0,1.0,25.806897533250407,5.126452047070438,5.0,31.0,5.0,IND,1966,India,Lower middle income,South Asia,1888225565.0,3041036962.0,0.0062606051942052,0.0282807305410686,1.2414899232222054,0.1284523762733892,-0.0098903205282431,0.0251384342367964,-2.1138290146054
0.0,1.0,25.882246420726133,5.147920074024808,8.0,31.0,6.0,IND,1967,India,Lower middle income,South Asia,2022666667.0,2981333333.0,0.0059803596926153,0.0322984037286322,1.212884744988631,0.1211578767270075,-0.0699319557184234,0.0143456704951718,-2.204959967537463
0.0,1.0,25.915566917310567,5.1694045455967235,8.0,31.0,7.0,IND,1968,India,Lower middle income,South Asia,2144000000.0,2624000000.0,0.0042774834959163,0.0284565065313773,1.214085480174676,0.0783818376133457,-0.0585101592751415,0.0104166474262757,-2.1713574865782816
0.0,1.0,25.978910539207494,5.190536662929865,8.0,31.0,8.0,IND,1969,India,Lower middle income,South Asia,2170666667.0,2356000000.0,0.0033863569269141,0.0276717165192453,1.2309634877032722,0.0626162459607869,-0.0561088134621111,0.0070121742086035,-2.1715400204078508
0.0,1.0,26.029199128573108,5.21273490108699,8.0,31.0,9.0,IND,1970,India,Lower middle income,South Asia,2361333333.0,2421333333.0,0.0015360926476346,0.0161317695036186,1.2376003464229033,0.0124705723998706,-0.0361713937807195,0.0005333829934865,-2.0623420413481397
0.0,1.0,26.04549502354076,5.234896233699586,8.0,31.0,10.0,IND,1971,India,Lower middle income,South Asia,2469914214.0,2695673511.0,0.0013885008895631,0.0087367102857323,1.233142554297003,-0.0085337407803561,-0.0323622575641906,-0.0017759865156643,-1.9925046672773397
0.0,1.0,26.0399485238499,5.256846416188984,8.0,31.0,11.0,IND,1972,India,Lower middle income,South Asia,2878233145.0,2650561669.0,0.0010983964086718,0.0096144659646048,1.220877791950042,-0.0149102571756404,-0.0321766154405895,-0.0002299337974462,-1.942824126826216
0.0,1.0,26.072371370326554,5.279350041239995,8.0,31.0,12.0,IND,1973,India,Lower middle income,South Asia,3599236351.0,4039284329.0,0.0011106650713459,0.0008712045443491,1.3034496172867684,-0.0077144005075534,-0.0436977741570812,0.0144091961713396,-1.601633418394168
1.0,1.0,26.084154165255946,5.302350992031788,8.0,31.0,13.0,IND,1974,India,Lower middle income,South Asia,4808449430.0,5992067751.0,-0.029692846960036,-0.0080117083155705,1.398927930049999,-0.0499930290502244,-0.0630999271622957,0.0289614686222566,-1.1997315604098011
1.0,1.0,26.171704347062775,5.325967984314493,6.0,31.0,14.0,IND,1975,India,Lower middle income,South Asia,5560878503.0,6545472951.0,-0.03633699328696,-0.0106908225396816,1.4381613374006,-0.0704160011834644,-0.0732333753534012,0.0304289876641889,-1.127453129196382
1.0,1.0,26.188198730466784,5.349494262111507,6.0,31.0,15.0,IND,1976,India,Lower middle income,South Asia,6868148773.0,6280792834.0,-0.0376590305168353,-0.0106729372732988,1.4606176667325526,-0.0786941650565545,-0.0726435782088648,0.0330794422543461,-1.0682439861246331
1.0,0.0,26.25823510483345,5.373083666742008,8.0,31.0,16.0,IND,1977,India,Lower middle income,South Asia,7754701054.0,7611052224.0,-0.0390230943011333,0.0073692840288334,1.514908989898443,-0.0700929810748055,-0.0606790134092886,0.0417818126927738,-0.9807046042023324
1.0,0.0,26.313790023817646,5.3961109673808005,8.0,31.0,17.0,IND,1978,India,Lower middle income,South Asia,8670401540.0,9045733047.0,-0.0393767478989782,0.0068305312021901,1.551568350511754,-0.0655115015691635,-0.0597555646528993,0.0379290957796417,-0.9035366591024666
1.0,0.0,26.259985742054965,5.419365771301326,8.0,31.0,18.0,IND,1979,India,Lower middle income,South Asia,10326638766.0,12498452242.0,-0.0433981629504911,0.0079019054042565,1.6009567898912882,-0.0467451646380362,-0.0593327681674959,0.0428187206879145,-0.6262350007845289
1.0,0.0,26.32517430359989,5.4432140293065485,8.0,31.0,19.0,IND,1980,India,Lower middle income,South Asia,11439738400.0,17226125073.0,-0.0453562904822569,0.0040854943592483,1.7175835069583705,-0.0330631964544878,-0.0664055276997806,0.0343347812238977,-0.3883652219824337
1.0,0.0,26.383500382875127,5.466711349646235,8.0,31.0,20.0,IND,1981,India,Lower middle income,South Asia,11485699151.0,16584605960.0,-0.0481112584710679,0.0011542716071866,1.7623483319666955,-0.02820573612801,-0.0744624306962818,0.0249759710172523,-0.3351798261339523
1.0,0.0,26.417667785046802,5.490051045855678,8.0,31.0,21.0,IND,1982,India,Lower middle income,South Asia,12009417677.0,16343526469.0,-0.0487061745033928,0.0010203694426368,1.8097070066171008,-0.0270681651857313,-0.0771766462567698,0.0195286856100697,-0.3582871985594018
1.0,0.0,26.488021108093328,5.513457986866501,8.0,31.0,22.0,IND,1983,India,Lower middle income,South Asia,12741335281.0,17140048793.0,-0.050692236735993,0.0001469296156682,1.8911167108601064,-0.0257541750092507,-0.0843938787312013,0.0108416046992405,-0.3786000590984122
1.0,0.0,26.52551713400259,5.536917317114879,8.0,31.0,23.0,IND,1984,India,Lower middle income,South Asia,13330716432.0,16391245675.0,-0.0511272943761321,1.5244521577758072e-05,1.9178859728069213,-0.0242305366691955,-0.0846271253008408,0.0040210146778726,-0.3885646133510018
1.0,0.0,26.5767261460115,5.560187857975836,8.0,31.0,24.0,IND,1985,India,Lower middle income,South Asia,12217447522.0,17776627208.0,-0.0507868949100231,0.0002528644258961,1.9565562107636725,-0.0220687341661047,-0.0843727275285625,-0.0016896646899061,-0.3886814683967973
1.0,0.0,26.623387822831425,5.583270503590377,8.0,31.0,25.0,IND,1986,India,Lower middle income,South Asia,12937864154.0,17486411450.0,-0.0526556299703476,0.0021976255622034,2.043099978614383,-0.0123352758617234,-0.0897537929328816,-0.000509119223189,-0.4006092698984677
1.0,0.0,26.66227588941893,5.606078506391737,8.0,31.0,26.0,IND,1987,India,Lower middle income,South Asia,15638662914.0,19477194741.0,-0.0530522729382752,0.0022472060667494,2.0394326307705164,-0.0068048635962286,-0.0924345173644481,-0.0013879755010114,-0.3680641648612047
1.0,0.0,26.754196259460645,5.628583898625593,8.0,31.0,27.0,IND,1988,India,Lower middle income,South Asia,17899838409.0,22111443193.0,-0.0544961029381381,0.003655359486292,2.082676512095804,0.0023260468004459,-0.0975700366624855,-0.0001437197967584,-0.3042686530136906
1.0,1.0,26.81196825013163,5.650930632679871,8.0,31.0,28.0,IND,1989,India,Lower middle income,South Asia,20770696112.0,24133353522.0,-0.057691540782692,-0.0122725062648309,2.1116265727135155,-0.0072420424774866,-0.098139808210216,-0.0039282850435985,-0.3539218784340958
1.0,1.0,26.865825686681216,5.67306194162001,8.0,31.0,29.0,IND,1990,India,Lower middle income,South Asia,22639774912.0,27132072318.0,-0.0633728847952761,-0.0145104006801569,2.1611696074101063,-0.0085586726322884,-0.0984381208024731,-0.0044276718761541,-0.3607425090905727
1.0,0.0,26.876338899250808,5.694739708474931,8.0,31.0,30.0,IND,1991,India,Lower middle income,South Asia,22943398073.0,22941358805.0,-0.0730925478576606,0.0043019587629085,2.2002593882830146,-0.0016088500758442,-0.0957868733519886,-0.0049209563205334,-0.3433525056051643
1.0,0.0,26.929712723087896,5.716039560395134,8.0,31.0,31.0,IND,1992,India,Lower middle income,South Asia,25486029047.0,27639649994.0,-0.0769624480638708,0.0059926618995774,2.3173713633603583,-0.0251569187049612,-0.0746154176875953,-0.0104388904562462,-0.1719499548343583
1.0,1.0,26.97612494774479,5.737038167332075,8.0,31.0,32.0,IND,1993,India,Lower middle income,South Asia,27466541463.0,27419354119.0,-0.0783659087484071,-0.017610101326939,2.408616617488166,-0.041209067370407,-0.0522647647121078,-0.0106854699819275,-0.0399419333650959
1.0,1.0,27.04059116061039,5.757481708964421,8.0,31.0,33.0,IND,1994,India,Lower middle income,South Asia,32361214431.0,33349501148.0,-0.080730951565369,-0.0194248592046583,2.462066825888582,-0.0449110559387301,-0.0419815977862109,-0.0128950351863027,0.0254854344954843
1.0,1.0,27.11360549240084,5.777611372229377,8.0,31.0,34.0,IND,1995,India,Lower middle income,South Asia,39068855118.0,43318425768.0,-0.0742289754510444,-0.0191196599959759,2.5121558254483367,-0.0436410595332154,-0.0342155377866679,-0.0103251578793375,0.0457199837646606
1.0,0.0,27.18638577339303,5.7975889632712585,8.0,31.0,35.0,IND,1996,India,Lower middle income,South Asia,40803004618.0,45357266003.0,-0.0648188494711017,0.004688771751205,2.615413895620223,-0.0319467630449583,-0.024815484340931,-0.0017863294325964,-0.0368066985267236
1.0,0.0,27.22608586741999,5.8172532150514735,8.0,31.0,36.0,IND,1997,India,Lower middle income,South Asia,44459225643.0,49607467421.0,-0.0496596338742096,0.0045897174421907,2.567561651875685,-0.0245201273265135,-0.0229262498387661,-0.0004637119272634,0.0270826259416508
1.0,0.0,27.286092625764592,5.836612853502971,9.0,31.0,37.0,IND,1998,India,Lower middle income,South Asia,46426465025.0,53431564328.0,-0.0458243415022845,0.0044374396664919,2.52876059897339,-0.0230422054264603,0.0283419523105486,0.0042459122185148,0.0558276673819471
1.0,0.0,27.370854335224056,5.855633145489465,9.0,31.0,38.0,IND,1999,India,Lower middle income,South Asia,52544483403.0,61314704757.0,-0.0447791461387072,0.0037300921200875,2.5289377262333668,-0.0217598469672212,0.0282795899769247,0.0048498494769145,0.0650339751363831
1.0,0.0,27.4085448419353,5.8744271279417735,9.0,31.0,39.0,IND,2000,India,Lower middle income,South Asia,60878472821.0,65124245375.0,-0.0399019210623484,0.0035811798852283,2.505834299846902,-0.0175663790455917,0.0291172921009564,0.0054104504186401,0.0885710146771308
1.0,0.0,27.455657695061877,5.893133210175873,9.0,31.0,40.0,IND,2001,India,Lower middle income,South Asia,60963415577.0,65218276482.0,-0.0382625425454599,0.0026687435945953,2.493272499699528,-0.0163934820812697,0.0295963742151507,0.0062792035219494,0.1030260894401566
1.0,0.0,27.492991621997586,5.911246152752444,9.0,31.0,41.0,IND,2002,India,Lower middle income,South Asia,73452895952.0,78498759286.0,-0.0351193770264714,0.0025174910275915,2.486330685073678,-0.0121987841554229,0.0321470337795218,0.0071691176822709,0.1266169855999809
1.0,0.0,27.568659423778637,5.928589973108884,9.0,31.0,42.0,IND,2003,India,Lower middle income,South Asia,90838575244.0,95071869379.0,-0.0254489598472904,0.000880604536271,2.50102506875596,0.0346856811192083,0.0356506828899121,0.0114383120980119,0.253105204950968
1.0,0.0,27.644904297037144,5.945625677892568,9.0,31.0,43.0,IND,2004,India,Lower middle income,South Asia,126648000000.0,139311000000.0,-0.019486698155485,-0.0023152151067498,2.6486940223722786,0.0697964294365448,0.035870744305323,0.0117742656442007,0.5628561723993994
1.0,0.0,27.7211542817276,5.961939892483401,9.0,31.0,44.0,IND,2005,India,Lower middle income,South Asia,160838000000.0,183737000000.0,-0.0180194932205085,-0.0040310256551389,2.7299053036578145,0.0832311286946213,0.0361181220682859,0.0171004176857624,0.7525777124784777
1.0,0.0,27.798677326969546,5.977581144633811,9.0,31.0,45.0,IND,2006,India,Lower middle income,South Asia,199974000000.0,229955000000.0,-0.0167617093300819,-0.0054317945597509,2.9131533441234163,0.1049744775334389,0.0381079226488122,0.019366334223169,0.9490390393409336
1.0,0.0,27.872499551263903,5.992641059246079,9.0,31.0,46.0,IND,2007,India,Lower middle income,South Asia,253078000000.0,302804000000.0,-0.0160405459962365,-0.0080894639851653,2.9675177593026074,0.0765273361263647,0.036104708238901,0.0222846137394426,1.0768207615049066
1.0,0.0,27.902893877173565,6.007028777379747,9.0,31.0,47.0,IND,2008,India,Lower middle income,South Asia,288902000000.0,350927000000.0,-0.0162737803816674,-0.0088066392589875,2.9576662044329765,0.0741786459728243,0.0296294459544344,0.020975624624483,1.130609708611192
0.0,0.0,27.978581649535183,6.021488950649155,9.0,31.0,48.0,IND,2009,India,Lower middle income,South Asia,273752000000.0,347178000000.0,0.0018696609545693,-0.0093608364334724,3.0332992234858094,0.103506054897709,0.0270938399086871,0.020429620932794,1.134613515099985
0.0,0.0,28.060137644367995,6.036034986701637,9.0,31.0,49.0,IND,2010,India,Lower middle income,South Asia,375354000000.0,449974000000.0,0.0018007745538174,-0.0081768173073125,3.0848411508063873,0.1503325950661944,0.0294221603186574,0.0192617036829838,1.1674209699441
0.0,0.0,28.11122257015073,6.050203263015374,9.0,31.0,50.0,IND,2011,India,Lower middle income,South Asia,447384000000.0,566668000000.0,0.0017223382819271,-0.0078898589254238,3.094374762292849,0.1611912382415355,0.0305105946631695,0.0197420531498059,1.1880931338574956
0.0,0.0,28.16435159503461,6.063943824479551,9.0,31.0,51.0,IND,2012,India,Lower middle income,South Asia,448400000000.0,571307000000.0,0.00171787769185,-0.0078720962560748,3.1026207627849067,0.1678319691812054,0.0303846804488065,0.0192036046563668,1.1946757779889798
0.0,0.0,28.22625222429397,6.077270867516832,9.0,31.0,52.0,IND,2013,India,Lower middle income,South Asia,472180000000.0,527555000000.0,0.0017488504928622,-0.0078668261940507,3.115682731109338,0.1666595366751208,0.0302535178859942,0.0190046834057581,1.185065496995389
0.0,0.0,28.297737048346892,6.089883770414823,9.0,31.0,53.0,IND,2014,India,Lower middle income,South Asia,468346000000.0,529239000000.0,0.0017629048774874,-0.0078666404034275,3.1307747128382952,0.1631268158291713,0.0303268558051738,0.0190631625111999,1.1777664978890634
0.0,1.0,28.374666524894835,6.101812326739496,9.0,31.0,54.0,IND,2015,India,Lower middle income,South Asia,416788000000.0,465098000000.0,0.0018822823591622,0.0047494828277454,3.1449563983064306,0.1459459177187979,0.0306300569608888,0.01941882293953,1.1680003124107905
0.0,1.0,28.453998473055545,6.113728623222747,9.0,31.0,55.0,IND,2016,India,Lower middle income,South Asia,439643000000.0,480169000000.0,0.0018822092803097,0.0046719374546234,3.1574229739279076,0.1458580986569289,0.0306667657124837,0.0196338369887507,1.1628426542653314
0.0,1.0,28.519743303682866,6.125352584658391,9.0,31.0,56.0,IND,2017,India,Lower middle income,South Asia,498259000000.0,582018000000.0,0.0018953572256985,0.0045354362085553,3.1785984023486713,0.1426184310451188,0.0305572629134491,0.0186473777834006,1.1706873331766496
0.0,1.0,28.5822812291453,6.136325575497498,9.0,31.0,57.0,IND,2018,India,Lower middle income,South Asia,538635000000.0,640301000000.0,0.0018639105391187,0.0044843032282667,3.197259652153899,0.1447907342812833,0.0309718887877063,0.0187750485784423,1.1554525551165469
0.0,0.0,24.827486650842243,4.07419890344735,-7.0,30.0,6.0,IDN,1967,Indonesia,Upper middle income,East Asia & Pacific,497382747.2,955991033.0,0.0016111631235807,-0.0020539442123749,0.4948658472354355,-0.0129064614194774,0.0024415795061472,-0.003934607639479,-2.208406032954382
0.0,0.0,24.93108221704406,4.101274006239957,-7.0,30.0,7.0,IDN,1968,Indonesia,Upper middle income,East Asia & Pacific,769173673.8,1102291013.0,0.0010633642748367,-0.0016512509868782,0.5947035999115011,-0.0160620705985494,-0.0031182075607272,-0.0086675056913462,-2.1738101775874066
0.0,0.0,24.997078720883618,4.128916127927132,-7.0,30.0,8.0,IDN,1969,Indonesia,Upper middle income,East Asia & Pacific,751533742.3,1236196319.0,0.0006030964820142,-0.0017264106095438,0.6196181228038827,-0.0132043205992056,-0.0038953670798035,-0.0089166520046412,-2.1063663907533012
0.0,0.0,25.069907481409057,4.156439321523326,-7.0,30.0,9.0,IDN,1970,Indonesia,Upper middle income,East Asia & Pacific,1175342466.0,1449315068.0,0.0009151565181008,-0.0012277417769476,0.6453854369871931,-0.0163890000729203,-0.0135283390295014,-0.0071417805782974,-1.9583794680471045
0.0,0.0,25.13779037759777,4.1835311809348745,-7.0,30.0,10.0,IDN,1971,Indonesia,Upper middle income,East Asia & Pacific,1345889844.0,1553301764.0,-0.0003244961273388,-0.0010010972886242,0.668639531135589,-0.0200553689701089,-0.0203054313539137,-0.0100087383242815,-1.8548360369288184
0.0,0.0,25.20580076988082,4.210153684325666,-7.0,30.0,11.0,IDN,1972,Indonesia,Upper middle income,East Asia & Pacific,1816385542.0,2078072289.0,0.0001022107094102,-0.0047319307503673,0.8172388332730502,-0.0104293258616947,-0.033333431004575,-0.0050912823137872,-1.7439322467755918
0.0,0.0,25.283724084319907,4.236425325068336,-7.0,30.0,12.0,IDN,1973,Indonesia,Upper middle income,East Asia & Pacific,3263373494.0,3170120482.0,0.0009538854080341,-0.0031891712780346,0.9720313536754496,-0.0257812950328488,-0.0282494623437553,0.0159168473002626,-1.4096852347015882
0.0,0.0,25.353567563572106,4.262163305754015,-7.0,30.0,13.0,IDN,1974,Indonesia,Upper middle income,East Asia & Pacific,7482168675.0,5526987952.0,0.0031578383795285,-0.0020772887430793,1.0404589644522717,-0.031675936322706,-0.0240238959337476,0.0594267968158962,-1.0281188291349117
0.0,0.0,25.40812482183587,4.287424380006416,-7.0,30.0,14.0,IDN,1975,Indonesia,Upper middle income,East Asia & Pacific,6868915663.0,6693975904.0,0.0036048458784677,-0.0014629009474978,1.0444023075040876,-0.030697800399063,-0.0205704179987911,0.064160422731116,-0.9609565077517118
0.0,0.0,25.476528388177798,4.312366412522287,-7.0,30.0,15.0,IDN,1976,Indonesia,Upper middle income,East Asia & Pacific,8264096386.0,7764096386.0,0.0039742700871083,0.000771074040786,1.1104285026129002,-0.0349319349118253,-0.0167442664452555,0.0625606631322742,-0.8941684852968887
0.0,0.0,25.555938062225664,4.336918596955024,-7.0,30.0,16.0,IDN,1977,Indonesia,Upper middle income,East Asia & Pacific,10760963855.0,9198072289.0,0.0047980770538176,0.0035559814216086,1.167135590393661,-0.0362717239174705,-0.0175509194393269,0.0553220034035431,-0.7990342088419208
0.0,0.0,25.62238094275199,4.361303292487301,-7.0,30.0,17.0,IDN,1978,Indonesia,Upper middle income,East Asia & Pacific,11251894888.0,10727293584.0,0.0046660396251818,0.0051646687526202,1.2133991102057244,-0.0401857611493736,-0.016935590030712,0.0479626084633612,-0.6967338050908607
0.0,0.0,25.691376298627667,4.385534237336849,-7.0,30.0,18.0,IDN,1979,Indonesia,Upper middle income,East Asia & Pacific,15453888921.0,12125156525.0,0.0044069387727471,0.0076118905236201,1.236137227504356,-0.0387142023695949,-0.0264961623642409,0.0425829423057318,-0.5094243708190767
0.0,0.0,25.786683316481636,4.409420431875622,-7.0,30.0,19.0,IDN,1980,Indonesia,Upper middle income,East Asia & Pacific,22088390917.0,16076492704.0,0.003866735355422,0.0032686424357718,1.431051466779766,-0.0309331775611414,-0.0475211980633206,0.0394406382993661,-0.2866521757153177
0.0,0.0,25.862522991613332,4.432872587475353,-7.0,30.0,20.0,IDN,1981,Indonesia,Upper middle income,East Asia & Pacific,23629067626.0,21847220118.0,0.0043526404047809,0.0009536857012958,1.477986915677058,-0.0303356824277701,-0.0515561148530068,0.0363946553095699,-0.2368767854997895
0.0,0.0,25.884749220459735,4.45599638645418,-7.0,30.0,21.0,IDN,1982,Indonesia,Upper middle income,East Asia & Pacific,20176590280.0,23709141549.0,0.0043318009283015,0.0009952580415175,1.503066358091097,-0.0311400691339968,-0.0546480547551579,0.0380085650222324,-0.234083636400885
0.0,0.0,25.927766907290163,4.478798696657565,-7.0,30.0,22.0,IDN,1983,Indonesia,Upper middle income,East Asia & Pacific,22488286931.0,23354265850.0,0.0042953842302458,0.0010580627988061,1.5200481575441998,-0.0311580116680989,-0.0548525096008361,0.0382630682154718,-0.2332307323727522
0.0,0.0,25.99394475619049,4.501095780713415,-7.0,30.0,23.0,IDN,1984,Indonesia,Upper middle income,East Asia & Pacific,23177770013.0,19342945144.0,0.005346584156763,0.0009958772809166,1.5622052179485042,-0.0312684605084644,-0.0584068524006547,0.0340165059732124,-0.247179448994678
0.0,0.0,26.018277746485722,4.522458831291517,-7.0,30.0,24.0,IDN,1985,Indonesia,Upper middle income,East Asia & Pacific,20279853770.0,17860217184.0,0.005057693062735,0.0014264248452409,1.578775843926184,-0.0297880531511075,-0.0610227690687194,0.0301430039000503,-0.249786980257137
0.0,0.0,26.0743701318552,4.542633828675527,-7.0,30.0,25.0,IDN,1986,Indonesia,Upper middle income,East Asia & Pacific,16387068857.0,16401727040.0,0.0052713283000224,0.0009085185082166,1.6091515592862526,-0.030620443496117,-0.0637388865432146,0.0271129789105358,-0.2403543729931964
0.0,0.0,26.123160070171725,4.562048012875866,-7.0,30.0,26.0,IDN,1987,Indonesia,Upper middle income,East Asia & Pacific,18661070321.0,17006296443.0,0.0056004437115947,0.0008997637842272,1.598165588750912,-0.0279004006708037,-0.0648606940511488,0.0261274125275184,-0.2001645988878466
0.0,0.0,26.177907234168586,4.58113668267497,-7.0,30.0,27.0,IDN,1988,Indonesia,Upper middle income,East Asia & Pacific,21110162564.0,18725515167.0,0.006404704909598,0.0010485154640606,1.5924695693126918,-0.0239353522604169,-0.0668927129828077,0.0250925815288683,-0.1473667163930815
0.0,0.0,26.252893317475053,4.5998825179791005,-7.0,30.0,28.0,IDN,1989,Indonesia,Upper middle income,East Asia & Pacific,24640067877.0,21718472096.0,0.0067312734552122,0.0009496000589173,1.6258088093339451,-0.0206818181351973,-0.0622654970533656,0.024674784164459,-0.1549869169447198
0.0,0.0,26.3226465954089,4.618026778677046,-7.0,30.0,29.0,IDN,1990,Indonesia,Upper middle income,East Asia & Pacific,28982531183.0,27157275247.0,0.0078803785811576,0.0010895018437867,1.6476184279397397,-0.0211104114907717,-0.0602888062596717,0.0220368504027496,-0.1536277373727786
0.0,0.0,26.38821045848241,4.635728147156494,-7.0,30.0,30.0,IDN,1991,Indonesia,Upper middle income,East Asia & Pacific,33063806609.0,30891188671.0,0.010283382042921,0.0010510772647788,1.6754891000194392,-0.0181715594581179,-0.0617347859821441,0.0187126825867493,-0.1478377801471408
0.0,0.0,26.4511618947992,4.653060404375387,-7.0,30.0,31.0,IDN,1992,Indonesia,Upper middle income,East Asia & Pacific,38801726176.0,34720875700.0,0.0116765097285317,0.0014101453008218,1.775958382146175,-0.0118595161228664,-0.056932137305911,0.0068206986765023,-0.0727084918479079
0.0,0.0,26.514100243325444,4.670076248636506,-7.0,30.0,32.0,IDN,1993,Indonesia,Upper middle income,East Asia & Pacific,42274397859.0,37555937063.0,0.0114387421460751,0.0017915247013238,1.8653504210523777,-0.0127828260230332,-0.0541824963639682,0.0113757878829993,-0.0406986182523761
0.0,0.0,26.586794734587023,4.6869357677383086,-7.0,30.0,33.0,IDN,1994,Indonesia,Upper middle income,East Asia & Pacific,46896633114.0,44869883142.0,0.0122433552618609,0.0029363281167101,1.9855512972237184,-0.0181546540512506,-0.0519483294139852,0.0139941715980049,0.0035069485934515
0.0,0.0,26.665789583539876,4.703563622213875,-7.0,30.0,34.0,IDN,1995,Indonesia,Upper middle income,East Asia & Pacific,53185312942.0,55882279824.0,0.0113559106446722,0.003852122570613,2.0637691516381445,-0.0240834122615304,-0.0514871182531304,0.0185873354602001,0.0600897896867123
0.0,0.0,26.741065549355188,4.7200182405759366,-7.0,30.0,35.0,IDN,1996,Indonesia,Upper middle income,East Asia & Pacific,58717201042.0,60116979038.0,0.0105025671451358,0.0034417444837773,2.066552963795828,-0.0267043361073849,-0.051995837360292,0.0177834441639924,0.0938542903343875
0.0,0.0,26.78699290440897,4.736281318644872,-7.0,30.0,36.0,IDN,1997,Indonesia,Upper middle income,East Asia & Pacific,60106038404.0,60700151259.0,0.0078719295956972,0.0029689641336704,2.143903460480435,-0.0315595161634066,-0.055371184312973,0.0136281262486095,0.1668564345939902
0.0,0.0,26.64627486816606,4.752088498613145,-5.0,30.0,37.0,IDN,1998,Indonesia,Upper middle income,East Asia & Pacific,50555726235.0,41249712042.0,0.0073424432321343,0.00264604121345,1.957828714645999,-0.0220436105351279,-0.0555381906178568,0.0143926447144565,0.1196378472390946
1.0,0.0,26.654154667292087,4.76712020828885,6.0,30.0,38.0,IDN,1999,Indonesia,Upper middle income,East Asia & Pacific,49720260590.0,38402067922.0,-0.0507483795604937,0.002600312081683,1.9874970085351833,-0.0299065646303899,-0.0460714858050539,0.0151924551458593,0.115458726302831
1.0,0.0,26.702181981132913,4.745687257094815,6.0,30.0,39.0,IDN,2000,Indonesia,Upper middle income,East Asia & Pacific,67621169166.0,50264686470.0,-0.0425533816338471,0.0031376104040307,2.009549336012599,-0.0298714588584785,-0.0455205016694091,0.0204918994075718,0.1585195610670532
0.0,0.0,26.73797072309365,4.759567446840321,6.0,30.0,40.0,IDN,2001,Indonesia,Upper middle income,East Asia & Pacific,62625875834.0,49355195402.0,0.0059194713259132,0.002535120691943,1.989820219143926,-0.0267184849490847,-0.0446950166765901,0.0205528163449766,0.1759485937844387
0.0,0.0,26.78198240781151,4.773124704369883,6.0,30.0,41.0,IDN,2002,Indonesia,Upper middle income,East Asia & Pacific,63956798805.0,51638437161.0,0.0056622805175715,0.0020853287774131,2.0520206471794,-0.0289230485356436,-0.0501810317254569,0.0205164215142138,0.2137985258250889
0.0,0.0,26.828677181861927,4.786362523787528,6.0,30.0,42.0,IDN,2003,Indonesia,Upper middle income,East Asia & Pacific,71553141045.0,54323622341.0,0.0040974530569993,0.0013831233655424,2.1429222546347293,-0.0373120313486319,-0.0586721703331359,0.0113513905432972,0.3217466695863749
0.0,0.0,26.877760807716722,4.799072637931855,8.0,30.0,43.0,IDN,2004,Indonesia,Upper middle income,East Asia & Pacific,82744351781.0,70744690514.0,0.0027696696494151,-0.000505228073171,2.2231829935555023,-0.0319351357240264,-0.0728071241304563,-0.0037312187563001,0.5172083104675036
0.0,0.0,26.93312668498534,4.811910704112188,8.0,30.0,44.0,IDN,2005,Indonesia,Upper middle income,East Asia & Pacific,97387627566.0,85533801154.0,0.0028890744432422,-0.0013752503751782,2.2305588788492536,-0.0294736845636944,-0.0796422889515135,-0.0166141903198164,0.6159333418072555
0.0,0.0,26.98667552804416,4.8251632541378235,8.0,30.0,45.0,IDN,2006,Indonesia,Upper middle income,East Asia & Pacific,113143000000.0,93411754076.0,0.0026876594712927,-0.001518105577065,2.204583134423763,-0.0209669519231748,-0.088152496484395,-0.0216014639422274,0.7100632957758882
0.0,0.0,27.048194529473793,4.8383719070931175,8.0,30.0,46.0,IDN,2007,Indonesia,Upper middle income,East Asia & Pacific,127226000000.0,109755000000.0,0.00273073788634,-0.0019693857981804,2.1884309140101936,-0.0155845588608812,-0.0846686431652542,-0.0206708008301446,0.8050668282090826
0.0,0.0,27.106593401744274,4.85134541149297,8.0,30.0,47.0,IDN,2008,Indonesia,Upper middle income,East Asia & Pacific,152090000000.0,146707000000.0,0.0027387261403166,-0.0027422013155017,2.231089088354548,-0.0184922826399314,-0.0684339069938084,-0.0189846778329648,0.9092852111154562
0.0,0.0,27.15184272699656,4.8640152738727584,8.0,30.0,48.0,IDN,2009,Indonesia,Upper middle income,East Asia & Pacific,130358000000.0,115217000000.0,0.0030320506532144,-0.0096183668673239,2.4272290745376006,-0.050885267128352,-0.0409118443991622,-0.0030021830194544,1.0019057775119682
0.0,0.0,27.212219976947793,4.876620688362128,8.0,30.0,49.0,IDN,2010,Indonesia,Upper middle income,East Asia & Pacific,183481000000.0,169158000000.0,0.0027263923111783,-0.0158789114572229,2.6400112469018637,-0.0849628580187106,-0.0122287813081683,0.0130945629166058,1.1069974568765668
1.0,0.0,27.27208934154841,4.889387571337229,8.0,30.0,50.0,IDN,2011,Indonesia,Upper middle income,East Asia & Pacific,235095000000.0,212997000000.0,-0.0192179529190366,-0.0149505191076372,2.6423724513646176,-0.0896097068485994,-0.012954227696494,0.0130490771320762,1.141371174276101
1.0,0.0,27.33064278601553,4.902245953211799,8.0,30.0,51.0,IDN,2012,Indonesia,Upper middle income,East Asia & Pacific,225744000000.0,229362000000.0,-0.0192269265090767,-0.0149153591303794,2.638390249374391,-0.0905361800896689,-0.0128799900906497,0.0131187859591468,1.1461097166872618
1.0,0.0,27.384725358738116,4.914649753487154,8.0,30.0,52.0,IDN,2013,Indonesia,Upper middle income,East Asia & Pacific,218308000000.0,225519000000.0,-0.0192036911005526,-0.0146915138513269,2.63803213237528,-0.0879595336105923,-0.0127238795648356,0.0131822223624318,1.147318457441009
1.0,0.0,27.433579423841508,4.926403362140835,9.0,30.0,53.0,IDN,2014,Indonesia,Upper middle income,East Asia & Pacific,210820000000.0,217485000000.0,-0.016919979204191,-0.0139166884211682,2.5911585210708217,-0.0778372912129082,0.0312833761609747,0.0164147701512564,1.1530850760828353
1.0,0.0,27.48119075672835,4.9376267606203275,9.0,30.0,54.0,IDN,2015,Indonesia,Upper middle income,East Asia & Pacific,182158000000.0,178864000000.0,-0.0169918051853332,-0.0117193434044298,2.596364324458283,-0.065908424865081,0.0311823200573468,0.0162071484954382,1.156439914656474
1.0,0.0,27.530296504508566,4.948371642679358,9.0,30.0,55.0,IDN,2016,Indonesia,Upper middle income,East Asia & Pacific,177886000000.0,170835000000.0,-0.0169916799073002,-0.0117244740711975,2.5949861839282797,-0.066208934178442,0.0311632975820316,0.0162533564507757,1.1556511355464023
1.0,0.0,27.579750979167596,4.958594936164809,9.0,30.0,56.0,IDN,2017,Indonesia,Upper middle income,East Asia & Pacific,204924000000.0,194777000000.0,-0.0170597766111657,-0.0117746479154935,2.600591166793639,-0.0617125210215583,0.0310066249936454,0.0158408527814146,1.1583340681921428
1.0,0.0,27.630199778723473,4.968292370633061,9.0,30.0,57.0,IDN,2018,Indonesia,Upper middle income,East Asia & Pacific,218906000000.0,230046000000.0,-0.0177598460739226,-0.0117811849827801,2.6010584638034513,-0.0599096133262496,0.0304567313409035,0.0154454888688503,1.157732821792196
0.0,0.0,24.738738205956114,2.6089220144434946,-10.0,33.0,0.0,IRN,1961,Iran,Lower middle income,Middle East & North Africa,607915176.7,702251188.4,0.0007516397146847,-0.0028166621520848,0.3308250434932228,-0.0275059008478738,-0.0180538746123709,-0.0114773309505389,-2.338097025522542
0.0,0.0,24.814858782240528,2.639288285085848,-10.0,33.0,1.0,IRN,1962,Iran,Lower middle income,Middle East & North Africa,680443017.7,642016253.8,0.0006833816789864,-0.0031732907505485,0.3872703585617839,-0.0299011336894607,-0.0113670169274234,-0.0120779878294145,-2.401107470920026
0.0,0.0,24.88291057985729,2.669989828679835,-10.0,33.0,2.0,IRN,1963,Iran,Lower middle income,Middle East & North Africa,755608234.8,614102503.6,-3.940355600884055e-05,-0.0027515624779421,0.4529625186704261,-0.0337036187633448,-0.0073994985848871,-0.0154188701349598,-2.4373997438481276
0.0,0.0,24.964262229716958,2.7011277555010014,-10.0,33.0,3.0,IRN,1964,Iran,Lower middle income,Middle East & North Africa,882202284.6,878548557.8,0.000714154167358,-0.0026417876563594,0.5384898456453868,-0.0281399859647341,0.0017224364848573,-0.0139305972983408,-2.3848865915423287
0.0,0.0,25.12157115862102,2.732534862966637,-10.0,33.0,4.0,IRN,1965,Iran,Lower middle income,Middle East & North Africa,1000884206.0,1021055598.0,-0.000188622937395,-0.0026622509158201,0.6121917810541675,-0.0253261907165734,0.0087188337434177,-0.0134927897890566,-2.3064356507514
0.0,0.0,25.230447153295856,2.7636893557113367,-10.0,33.0,5.0,IRN,1966,Iran,Lower middle income,Middle East & North Africa,1106379248.0,1195883823.0,-0.0012612193340285,-0.007555721278285,0.7655039086904746,-0.0211170153464933,0.0001882985004522,-0.0102280154517342,-2.235776897544107
0.0,0.0,25.337078568315846,2.794160528101529,-10.0,33.0,6.0,IRN,1967,Iran,Lower middle income,Middle East & North Africa,1306819827.0,1485305338.0,-0.0018604222678498,-0.0077960376258784,0.8749616945150178,-0.0149476469202488,-0.0092485497090943,-0.0044960950036431,-2.2354571349764285
0.0,0.0,25.471652859847698,2.824087729060828,-10.0,33.0,7.0,IRN,1968,Iran,Lower middle income,Middle East & North Africa,1507260406.0,1768850274.0,0.0005441560072268,-0.0076607969885417,1.0030262156080834,8.533306936063727e-05,-0.0222483257387124,0.0101530234409422,-2.124925691531817
0.0,0.0,25.615890569504234,2.854105344321465,-10.0,33.0,8.0,IRN,1969,Iran,Lower middle income,Middle East & North Africa,1756492441.0,2050926065.0,0.0001326500452147,-0.0076713985066263,1.0318311762919266,0.0060698282166352,-0.0227906566067989,0.0077765079448108,-2.105333485799885
0.0,0.0,25.719599346331808,2.8844678133077277,-10.0,33.0,9.0,IRN,1970,Iran,Lower middle income,Middle East & North Africa,2026823485.0,2327125277.0,-0.0001885453626113,-0.0069616056891725,1.086154562145794,0.0224744206061629,-0.0429704405645309,0.010759847212806,-1.9902301207120108
0.0,1.0,25.848009274398066,2.914346956567133,-10.0,33.0,10.0,IRN,1971,Iran,Lower middle income,Middle East & North Africa,3172763667.0,2928005748.0,-4.2347146947942726e-05,0.0143679684852383,1.1502364496970598,0.0362293580937891,-0.0443777449128932,0.0176464216555505,-1.91155319624301
0.0,1.0,25.98340354825228,2.9436223647750195,-10.0,33.0,11.0,IRN,1972,Iran,Lower middle income,Middle East & North Africa,3936283736.0,3689022456.0,0.0003230068065862,0.0160174490595365,1.19052072061313,0.0439125522041374,-0.0453600813351633,0.0166499328361157,-1.8947477869949776
0.0,1.0,26.05518237612486,2.972899284054776,-10.0,33.0,12.0,IRN,1973,Iran,Lower middle income,Middle East & North Africa,9056140484.0,5594486012.0,-1.384971692255762e-05,0.0015485078571101,1.303532735012201,0.0477379460805444,-0.0289598968297664,0.0263317192908297,-1.553698440411857
0.0,1.0,26.111574718790745,3.0025016852973905,-10.0,33.0,13.0,IRN,1974,Iran,Lower middle income,Middle East & North Africa,21889677077.0,11105780994.0,0.0022810096452969,6.765887289454821e-08,1.4427198020592735,0.0832396567825239,0.0264144942194479,0.0557425087796158,-1.0046734649473368
0.0,1.0,26.10830662236145,3.0327297681488647,-10.0,33.0,14.0,IRN,1975,Iran,Lower middle income,Middle East & North Africa,21091425211.0,18318369218.0,0.0033815516576159,-0.0014838869438153,1.4880415256814232,0.106582134894032,0.0393609326449696,0.0649094322015378,-0.8532523353621361
0.0,1.0,26.27602385116642,3.0628688301540823,-10.0,33.0,15.0,IRN,1976,Iran,Lower middle income,Middle East & North Africa,25319975896.0,19212061650.0,0.0037238404171854,-0.0004393590134301,1.5525705384920157,0.1064517810107739,0.0432328184237809,0.063483802963686,-0.815023247250956
0.0,1.0,26.24789772197403,3.09384214148061,-10.0,33.0,16.0,IRN,1977,Iran,Lower middle income,Middle East & North Africa,24821052417.0,23448812229.0,0.0034655400940455,-0.0046148257553388,1.5155507377254098,0.0678940895563751,0.0365701159587707,0.0639830488101241,-0.7883463917846846
0.0,1.0,26.110463665988323,3.126512953998721,-10.0,33.0,17.0,IRN,1978,Iran,Lower middle income,Middle East & North Africa,18308804923.0,17330359279.0,0.0017809027456708,-0.0079235056492674,1.4726319334179176,0.0611819659495504,0.0209387061872493,0.0619097318045602,-0.6912255679204761
1.0,0.0,25.982395289803257,3.1608880511102555,-6.0,33.0,18.0,IRN,1979,Iran,Lower middle income,Middle East & North Africa,24176515151.0,14516475277.0,-0.0187766088961923,0.006919845797626,1.4858693724504997,0.0539833262700451,-0.0477548662250549,0.0621648649723647,-0.4889454302844302
1.0,1.0,25.73905449628346,3.197110775280359,-6.0,33.0,19.0,IRN,1980,Iran,Lower middle income,Middle East & North Africa,12961626484.0,27125991305.0,-0.0154502957205873,-0.010841344977246,1.4230380256666897,0.0355871265533762,-0.0456428186639099,0.0543641295172579,-0.2732778980980763
1.0,1.0,25.680394863519524,3.24959612047044,-6.0,33.0,20.0,IRN,1981,Iran,Lower middle income,Middle East & North Africa,12431487009.0,28082907606.0,-0.0135159309051349,-0.007309863814554,1.267713201886626,0.0438910841813927,-0.0392830223815963,0.048589630618281,-0.2813403347992694
0.0,1.0,25.88880010225865,3.302536618751508,-6.0,33.0,21.0,IRN,1982,Iran,Lower middle income,Middle East & North Africa,21524982663.0,26415543503.0,0.0013744920805721,-0.0031840304686627,1.4933608484109566,0.015331990652244,-0.0471223220659951,0.0526563652861859,-0.2102208178812514
0.0,1.0,25.99394475619049,3.3414642667103567,-6.0,33.0,22.0,IRN,1983,Iran,Lower middle income,Middle East & North Africa,22725836920.0,37834565739.0,0.002416607706845,-0.002460729417461,1.553105574298363,0.0158093831925278,-0.0532181856022821,0.0487328803644493,-0.2217239940634142
1.0,1.0,25.91986604275142,3.3790810775788684,-6.0,33.0,23.0,IRN,1984,Iran,Lower middle income,Middle East & North Africa,18359078550.0,26971526132.0,-0.0158687128158011,-0.0034541334810673,1.5034760658371182,0.0137858992606338,-0.0574554877655411,0.0515803262487456,-0.2155321313230157
1.0,1.0,25.9383700586254,3.4158147041581315,-6.0,33.0,24.0,IRN,1985,Iran,Lower middle income,Middle East & North Africa,16006784597.0,25746070825.0,-0.0160562336317431,-0.0033760044486321,1.5145941670251493,0.0145024903750961,-0.0575103712890312,0.0494045308374419,-0.2130070650217955
1.0,1.0,25.83539819316577,3.4527145995936244,-6.0,33.0,25.0,IRN,1986,Iran,Lower middle income,Middle East & North Africa,7802605539.0,21773514754.0,-0.0150397983093205,-0.0060377498350644,1.4537405154823146,0.0122407221498389,-0.0562462717450808,0.0453438201445777,-0.212305341040089
1.0,1.0,25.833674065201464,3.4885580140439085,-6.0,33.0,26.0,IRN,1987,Iran,Lower middle income,Middle East & North Africa,12271835670.0,11695655291.0,-0.0155672434169743,-0.0065132001250764,1.4198851287210916,0.0084769305666434,-0.0581060262204403,0.0441641593759777,-0.1902497411667264
1.0,1.0,25.770927129879112,3.520835032456203,-6.0,33.0,27.0,IRN,1988,Iran,Lower middle income,Middle East & North Africa,8964962592.0,17595820159.0,-0.0160015612224043,-0.007433506564464,1.3597846778174794,0.0075380812270765,-0.0574800791685655,0.0425126885780123,-0.1485045860234621
1.0,1.0,25.8304408576747,3.550041884599514,-6.0,33.0,28.0,IRN,1989,Iran,Lower middle income,Middle East & North Africa,11841502482.0,21819187476.0,-0.0185620138182166,-0.0078155886617667,1.397423290442601,0.0048084338474516,-0.0619859735556853,0.0427390526689132,-0.1464565291957822
1.0,1.0,25.957908309323727,3.579155952236472,-6.0,33.0,29.0,IRN,1990,Iran,Lower middle income,Middle East & North Africa,16573631050.0,29707835778.0,-0.0313654341725351,-0.0073088638686976,1.495302010711656,0.003445604293682,-0.0670967903730846,0.0403255479357125,-0.1320086121238327
1.0,1.0,26.077613759319373,3.606307732616627,-6.0,33.0,30.0,IRN,1991,Iran,Lower middle income,Middle East & North Africa,18198012421.0,39978163184.0,-0.04745132934017,-0.0060897213634337,1.5971504891082822,0.004381026635496,-0.0775705572988973,0.0264990715770956,-0.136925926748396
1.0,1.0,26.110061004758244,3.6260827945210026,-6.0,33.0,31.0,IRN,1992,Iran,Lower middle income,Middle East & North Africa,15767057949.0,32617010800.0,-0.0547312596891067,-0.0076786546751421,1.5828356312567828,0.0016041041450926,-0.0880035506729475,0.0147315076091028,-0.0810167583617657
1.0,1.0,26.09524250358134,3.629648547968207,-6.0,33.0,32.0,IRN,1993,Iran,Lower middle income,Middle East & North Africa,16197325831.0,13150789257.0,-0.0563140521528012,-0.0110412162774021,1.552009976562346,-0.0042147918062722,-0.0936419482335927,0.0102063947331222,-0.0635212163072024
1.0,1.0,26.078114754230104,3.6315530565772813,-6.0,33.0,33.0,IRN,1994,Iran,Lower middle income,Middle East & North Africa,20321213941.0,9571397629.0,-0.0599192301512691,-0.0119315527667006,1.5571420729855778,-0.0059924247633431,-0.0978748047728808,0.0090615228740594,-0.0402960015379051
1.0,1.0,26.10183973446,3.642625508222207,-6.0,33.0,34.0,IRN,1995,Iran,Lower middle income,Middle East & North Africa,20900063457.0,12985745384.0,-0.0555333952565972,-0.0125968415814082,1.5513715972536508,-0.0032753858570709,-0.1132394327117996,0.0076966303061812,0.0118067944516801
1.0,1.0,26.16340823363107,3.653429832986487,-6.0,33.0,35.0,IRN,1996,Iran,Lower middle income,Middle East & North Africa,24315730858.0,18092098185.0,-0.0499285099455624,-0.012055702213546,1.521943888659846,-0.0033173353200738,-0.1163158771217096,0.0078895575833226,0.0535003797406216
1.0,1.0,26.17682471671799,3.6654175259956716,3.0,33.0,36.0,IRN,1997,Iran,Lower middle income,Middle East & North Africa,19682874298.0,17511229164.0,-0.0440220634900429,-0.0108945015460488,1.4750268978139394,-0.0079173833404662,-0.1054329126303895,0.0091951454357429,0.106421972780368
1.0,1.0,26.1974087065447,3.679154078838865,3.0,33.0,37.0,IRN,1998,Iran,Lower middle income,Middle East & North Africa,13986840980.0,18245137477.0,-0.0410661709540166,-0.0113824801237831,1.4763966672435669,-0.0085917261170432,-0.1117743444039251,0.010141703952138,0.1189443617611543
1.0,1.0,26.217240443473433,3.69339708050579,3.0,33.0,38.0,IRN,1999,Iran,Lower middle income,Middle East & North Africa,21963669399.0,17752833900.0,-0.0456480558331785,-0.0105832407822974,1.5252171450204135,-0.0214679928148527,-0.110950868636518,0.0124485459012327,0.1425849665282573
1.0,1.0,26.27404863578269,3.7081590370482203,3.0,33.0,39.0,IRN,2000,Iran,Lower middle income,Middle East & North Africa,23526115003.0,21688407084.0,-0.0497626342347293,-0.0101771734217134,1.5538517918529406,-0.0379996878091461,-0.1124464124499999,0.0106375296218267,0.1588553734208514
1.0,1.0,26.297691052292567,3.7235973189237055,3.0,33.0,40.0,IRN,2001,Iran,Lower middle income,Middle East & North Africa,24491811634.0,26939208541.0,-0.0476072419000735,-0.0101417914511009,1.5539074905627572,-0.0366215298752544,-0.1146526166741566,0.012559065727071,0.1709563863446118
1.0,1.0,26.375379508123856,3.731855128759338,3.0,33.0,41.0,IRN,2002,Iran,Lower middle income,Middle East & North Africa,31402849783.0,30560192008.0,-0.040941895956333,-0.0103825404360343,1.5863055856974568,-0.0320086154002429,-0.1107524918315777,0.0161456678965006,0.1907765860066119
1.0,0.0,26.458243314989776,3.7429390170127816,3.0,33.0,42.0,IRN,2003,Iran,Lower middle income,Middle East & North Africa,37411894955.0,39575353988.0,-0.02732698824506,0.0018999190176788,1.6771367395453716,-0.0246564007383055,-0.1004129464626188,0.0274194402941813,0.2833217100107655
1.0,0.0,26.500695225104174,3.764331222611637,-7.0,33.0,43.0,IRN,2004,Iran,Lower middle income,Middle East & North Africa,47439812814.0,48904300000.0,-0.0193640075180172,0.0008325277643872,1.8569311459896845,-0.0267124200993278,-0.1317388432614424,0.0301268483778063,0.5147847345468181
1.0,0.0,26.532095778265713,3.7864617175983204,-6.0,33.0,44.0,IRN,2005,Iran,Lower middle income,Middle East & North Africa,68235356550.0,54239627796.0,-0.0189911082591282,-0.0010845932450205,1.9221861990326692,-0.0244244964831302,-0.1457115991658386,0.0217548039114444,0.6715751467448968
1.0,0.0,26.58088465631748,3.808006126907736,-6.0,33.0,45.0,IRN,2006,Iran,Lower middle income,Middle East & North Africa,79332810982.0,61880856748.0,-0.0209454531360086,-0.0013861188870103,1.9417346264518789,-0.0293233838759178,-0.1380212916930746,0.0116012203866902,0.7634372143946478
1.0,0.0,26.659286382123092,3.8243570133520786,-6.0,33.0,46.0,IRN,2007,Iran,Lower middle income,Middle East & North Africa,100877000000.0,73597500000.0,-0.0231013551219244,-0.0015870044208414,1.9840002914425847,-0.040018013613804,-0.1308990589853868,0.0018493371043343,0.8574144191833567
1.0,0.0,26.661790998760175,3.8365017819049845,-6.0,33.0,47.0,IRN,2008,Iran,Lower middle income,Middle East & North Africa,107922000000.0,87923600000.0,-0.023448523182251,-0.0018905310050126,1.932214958393341,-0.0394992143781157,-0.1293210400898549,0.0005591053092155,0.9280084428764286
1.0,0.0,26.67181505420245,3.8489202924911394,-7.0,33.0,48.0,IRN,2009,Iran,Lower middle income,Middle East & North Africa,94038986374.0,86903100000.0,-0.0233440374918163,-0.0017728194299252,1.93683983013403,-0.0372879772454404,-0.1296392462299849,0.0016284470460696,0.9327479915999976
1.0,0.0,26.72817707077315,3.861437031777662,-7.0,33.0,49.0,IRN,2010,Iran,Lower middle income,Middle East & North Africa,118843000000.0,94350200000.0,-0.024717995748947,-0.0017374477654962,1.939183651158772,-0.0387376124556765,-0.1278327669640508,-0.0001391832979585,0.948083434863835
1.0,0.0,26.7542899820874,3.8737957071868347,-7.0,33.0,50.0,IRN,2011,Iran,Lower middle income,Middle East & North Africa,156851000000.0,102453000000.0,-0.024726785472037,-0.0016994897253253,1.9459117999467652,-0.0410314402598406,-0.1258888830789561,-0.0040718992703841,0.9545223380631692
1.0,0.0,26.71609694987783,3.886308781445518,-7.0,33.0,51.0,IRN,2012,Iran,Lower middle income,Middle East & North Africa,144745000000.0,139199000000.0,-0.0236778312826914,-0.0016944143563682,1.9202130463895732,-0.0396322869183465,-0.1296284014299441,-0.0007539136188634,0.9645944989459596
1.0,0.0,26.700760761659858,3.8993778321566888,-7.0,33.0,52.0,IRN,2013,Iran,Lower middle income,Middle East & North Africa,126015000000.0,109607000000.0,-0.0234512964839389,-0.0016897035207002,1.9156569943139856,-0.0411397523829341,-0.1314268149602328,0.0004953064206916,0.9659115793374562
1.0,1.0,26.749407135185322,3.9128091227569355,-7.0,33.0,53.0,IRN,2014,Iran,Lower middle income,Middle East & North Africa,105543000000.0,104110000000.0,-0.0248344866940795,0.0008923486441395,1.9225886601709723,-0.0411340973157041,-0.1302132857122299,-0.0012304748341139,0.9680334155314856
1.0,1.0,26.735054933948803,3.926425070808571,-7.0,33.0,54.0,IRN,2015,Iran,Lower middle income,Middle East & North Africa,76604098445.0,84709856958.0,-0.0248470047920957,0.0008632322688769,1.921062312435624,-0.0412690358898073,-0.1309172958325158,-0.0009959462277812,0.970205817828166
1.0,1.0,26.81953399466939,3.9407599265227446,-7.0,33.0,55.0,IRN,2016,Iran,Lower middle income,Middle East & North Africa,97206283743.0,93653399160.0,-0.0254399684836063,0.0012759513653704,2.019212213768834,-0.046427093039363,-0.1173729629785849,-0.0059436500026453,0.967359220975644
1.0,1.0,26.8467450019575,3.958997790221686,-7.0,33.0,56.0,IRN,2017,Iran,Lower middle income,Middle East & North Africa,111400000000.0,108797000000.0,-0.0250188285503631,0.0012199510282907,2.0405583868484745,-0.0476056057275399,-0.1190569320821552,-0.0064224456062885,0.9623907802545378
1.0,1.0,26.82395019305029,3.9717502560686553,-7.0,33.0,57.0,IRN,2018,Iran,Lower middle income,Middle East & North Africa,122087000000.0,111114000000.0,-0.0254635899907598,0.0010824852445935,2.0236538712098935,-0.0467883138605273,-0.124153941574802,-0.0058595761926179,0.974620006112772
0.0,0.0,23.260927275194028,3.102766160444894,-7.0,34.0,9.0,IRQ,1970,Iraq,Upper middle income,Middle East & North Africa,1224999510.0,662479735.0,0.0017991003182085,-0.0020726245945574,-0.8209356236653357,0.0533573918820193,0.0218087533925123,0.0239111465564541,-1.7511828756372128
0.0,0.0,23.313278259122928,3.1373116381989523,-7.0,34.0,10.0,IRQ,1971,Iraq,Upper middle income,Middle East & North Africa,1687411598.0,888826025.5,0.0017755565648213,-0.0018344947914784,-0.7818042313995456,0.0637413510706271,0.0180268293658995,0.0500766203260202,-1.6223662272069828
0.0,0.0,23.349950571921287,3.171677752967011,-7.0,34.0,11.0,IRQ,1972,Iraq,Upper middle income,Middle East & North Africa,1519074797.0,883748873.5,0.0014832011835881,-0.0019274838999502,-0.7710842699864634,0.0618666060381374,0.011389232883604,0.0527328046280813,-1.5597224574746562
0.0,0.0,23.39318969629512,3.2061393212619493,-7.0,34.0,12.0,IRQ,1973,Iraq,Upper middle income,Middle East & North Africa,2378672829.0,1263453285.0,0.0012567356169859,-0.0017708327490982,-0.8134675089011251,0.0614369953386213,0.0065909388317801,0.065340498037711,-1.3447181064123752
0.0,1.0,23.542586528808958,3.2400069054578657,-7.0,34.0,13.0,IRQ,1974,Iraq,Upper middle income,Middle East & North Africa,7029800203.0,3636302066.0,0.0021486358947548,0.0037941754461352,-0.6451777139357189,0.0420290157825869,-0.0139940879818216,0.0284226267313845,-0.9175828464625314
0.0,1.0,23.660286580387766,3.273110309412353,-7.0,34.0,14.0,IRQ,1975,Iraq,Upper middle income,Middle East & North Africa,7042668473.0,5729766339.0,0.0043735434247342,0.0068562384019907,-0.4270431883847743,0.0462549371115822,-0.0149827003587514,0.0449133609940113,-0.7277369559848665
0.0,1.0,23.818785823538512,3.3058350783660915,-7.0,34.0,15.0,IRQ,1976,Iraq,Upper middle income,Middle East & North Africa,10185912631.0,6376227565.0,0.0119099212416316,0.0066930378725008,-0.2739094547897642,0.0495868195106336,-0.017573095075161,0.046394453343991,-0.7720544880839323
0.0,1.0,23.837607179253045,3.3390959073565774,-7.0,34.0,16.0,IRQ,1977,Iraq,Upper middle income,Middle East & North Africa,11148662377.0,8100575686.0,0.0163235048781909,0.0036046874999612,-0.2134773835126438,0.0485343682324116,-0.022753624849714,0.043619616633781,-0.692235066494079
0.0,1.0,23.995097687084698,3.372770134463991,-7.0,34.0,17.0,IRQ,1978,Iraq,Upper middle income,Middle East & North Africa,13467998645.0,7520487640.0,0.0147196394583773,-0.0087997995989922,-0.0330925353030716,0.0494650888911356,-0.0224100260470952,0.0355109661160595,-0.618417158337292
0.0,1.0,24.184636928865938,3.4049449899311384,-9.0,34.0,18.0,IRQ,1979,Iraq,Upper middle income,Middle East & North Africa,23617676939.0,11784964443.0,0.0058769188852074,-0.0109064174263982,0.0633010386145592,0.0635743944051137,0.048709269272156,0.0371997015303529,-0.3768910210031129
1.0,1.0,24.405808351579118,3.4364565560287397,-9.0,34.0,19.0,IRQ,1980,Iraq,Upper middle income,Middle East & North Africa,33374666667.0,16592000000.0,0.0035027696426676,-0.0126067966456425,0.1383693537274566,0.2212460926150928,0.0775342720219601,0.0374568011892325,-0.1971642855512808
1.0,1.0,24.398494394622837,3.4664887718227075,-9.0,34.0,20.0,IRQ,1981,Iraq,Upper middle income,Middle East & North Africa,11959333333.0,23561000000.0,0.0022128269668258,-0.0121449097567451,0.1474106707796317,0.2318827411186839,0.0816351339350726,0.0374406613018581,-0.1613179870223932
1.0,0.0,24.43225772435679,3.4946263081701527,-9.0,34.0,21.0,IRQ,1982,Iraq,Upper middle income,Middle East & North Africa,11168333333.0,28158000000.0,0.000915033017083,0.0116254662031466,0.0301198250275741,0.2100000405520046,0.0744689377120914,0.0383766503053644,-0.2119868679322189
1.0,0.0,24.292152630483013,3.5243393961584424,-9.0,34.0,22.0,IRQ,1983,Iraq,Upper middle income,Middle East & North Africa,10023870968.0,13407419355.0,0.0056284333861695,0.0023282331745087,0.0584017254805076,0.2181591647805374,0.0822610017707622,0.038956101459065,-0.1715132645796358
1.0,1.0,24.277188811939396,3.5555298458227833,-9.0,34.0,23.0,IRQ,1984,Iraq,Upper middle income,Middle East & North Africa,12046129032.0,13923870968.0,0.0044216599452854,-0.0091587850258806,0.0531199211973097,0.2175749027099716,0.0820427133132916,0.0386872661567696,-0.1753416405157665
1.0,1.0,24.291623097211254,3.579580501317584,-9.0,34.0,24.0,IRQ,1985,Iraq,Upper middle income,Middle East & North Africa,12176451613.0,14438709677.0,0.0049016365856895,-0.0092084915548341,0.0544704754404602,0.2164026722422654,0.0816097388902896,0.0387175364107129,-0.1755475302336033
1.0,1.0,24.33705133618538,3.604187840754527,-9.0,34.0,25.0,IRQ,1986,Iraq,Upper middle income,Middle East & North Africa,7799354839.0,12495483871.0,-0.0014850361671304,-0.0091790815250107,0.02557702814458,0.2108583093035246,0.080669789873551,0.0384754035296534,-0.1903104651504346
1.0,1.0,24.42602586437249,3.631611025163724,-9.0,34.0,26.0,IRQ,1987,Iraq,Upper middle income,Middle East & North Africa,13184193548.0,14833548387.0,-0.0001600238970793,-0.0208246528385478,0.1554016256998949,0.2123744224422589,0.0801064907552198,0.036438636857327,-0.11958379248572
1.0,1.0,24.425835476885275,3.654811080334566,-9.0,34.0,27.0,IRQ,1988,Iraq,Upper middle income,Middle East & North Africa,12340967742.0,14299677419.0,-0.0120190459466001,-0.0203723510349488,0.1075780220538085,0.1856286566922658,0.0689774667835315,0.0360036083776468,-0.1014623743159239
1.0,1.0,24.394153509604216,3.6814060710736745,-9.0,34.0,28.0,IRQ,1989,Iraq,Upper middle income,Middle East & North Africa,14460000000.0,15055806452.0,-0.1025265465080607,-0.0139032223424036,-0.0498155944097393,0.0995184085337222,0.0608078730572648,0.0347738213641999,-0.1988356187527486
1.0,1.0,24.850424706288536,3.6938062507452165,-9.0,34.0,29.0,IRQ,1990,Iraq,Upper middle income,Middle East & North Africa,13888387097.0,13400645161.0,-0.0391532760634162,-0.0111953184423669,0.7503348149390721,0.0241997042242938,-0.0133106738659296,0.075376594750793,-0.1354767713892173
1.0,1.0,23.827464074822256,3.7043328039115826,-9.0,34.0,30.0,IRQ,1991,Iraq,Upper middle income,Middle East & North Africa,5262247.839,10197886.65,-0.7149162988584167,-0.0066317311407566,-1.4596195690162217,-0.2919861653580189,-0.0913242963525466,-0.0195275493283689,-1.072038310975753
1.0,1.0,24.109572225791315,3.7339229939196423,-9.0,34.0,31.0,IRQ,1992,Iraq,Upper middle income,Middle East & North Africa,3224627.225,7412217.412,-0.8250877270935659,-0.0294577364499699,-1.4321015881421697,-0.4136668406301935,-0.1163741911799053,0.0057670615423308,-1.1522596779881844
1.0,1.0,24.37416346633778,3.7819482769077752,-9.0,34.0,32.0,IRQ,1993,Iraq,Upper middle income,Middle East & North Africa,779620.7771,4841348.776,-0.7484157200917436,-0.051243306998105,-1.351199974124962,-0.4481504897712156,-0.1639405228255869,0.0049075764962862,-1.1973497267740705
1.0,1.0,24.411984473904962,3.8296740646255065,-9.0,34.0,33.0,IRQ,1994,Iraq,Upper middle income,Middle East & North Africa,1419562.915,2555116.973,-0.753711109302519,-0.0721866552427876,-1.5164372945442135,-0.4638418409145517,-0.1713571616452862,0.0091610852352501,-1.3733018604600586
1.0,1.0,24.43296309078674,3.8631712438616335,-9.0,34.0,34.0,IRQ,1995,Iraq,Upper middle income,Middle East & North Africa,693280.9521,2014366.322,-0.7255842721339497,-0.0722554834047336,-1.8280600946217704,-0.4182537928386522,-0.250297926690087,0.0014456629550318,-1.452178272521214
1.0,1.0,24.537510346643334,3.8950901353409355,-9.0,34.0,35.0,IRQ,1996,Iraq,Upper middle income,Middle East & North Africa,955911.8558,1849551.415,-0.3583541649526656,-0.0456801540150556,-2.562886560708209,-0.1703635992368731,-0.2413097789923569,0.0300201755331606,-1.4655853331105135
1.0,1.0,24.7300951896766,3.9260131235592626,-9.0,34.0,36.0,IRQ,1997,Iraq,Upper middle income,Middle East & North Africa,13257740143.0,8792081556.0,-0.054460890558495,-0.028360816287768,0.3536837630895886,0.005738634442154,-0.0906029436978457,0.0695493439054975,-0.0878547473933532
1.0,1.0,25.029140666899536,3.957431172133488,-9.0,34.0,37.0,IRQ,1998,Iraq,Upper middle income,Middle East & North Africa,16060750015.0,11204358033.0,-0.0499654273989953,-0.0110481301507886,0.8023774486162611,-7.056652931779329e-05,-0.0487606841742131,0.0471108623650657,0.1327743042228644
1.0,1.0,25.19110870577574,3.9897690298657307,-9.0,34.0,38.0,IRQ,1999,Iraq,Upper middle income,Middle East & North Africa,28632988389.0,22379651774.0,-0.0472058689758313,-0.0096587594448435,0.8614666466036235,-0.0007541137204461,-0.0529563268268343,0.0465872757421266,0.1059462498920283
1.0,1.0,25.347444217105174,4.022544308365216,-9.0,34.0,39.0,IRQ,2000,Iraq,Upper middle income,Middle East & North Africa,36613563338.0,24004542302.0,-0.0356232877025532,-0.0173094975930562,0.9904792581728238,-0.0036728167623334,-0.0735167678810475,0.0375663993612677,0.1133319720596283
1.0,1.0,25.364902947891164,4.053734036833728,-9.0,34.0,40.0,IRQ,2001,Iraq,Upper middle income,Middle East & North Africa,23613582831.0,22250987890.0,-0.0343198647370324,-0.0174108255017074,0.9839344612937369,-0.0023208095440356,-0.0753545609952074,0.0379118154368916,0.1244310464289332
1.0,1.0,25.279362944736672,4.0853245356533465,-9.0,34.0,41.0,IRQ,2002,Iraq,Upper middle income,Middle East & North Africa,23237627426.0,16198164181.0,-0.0319796425232893,-0.0121152029746126,0.8711736236169942,0.0050554486574864,-0.0650618414917925,0.0412716801609423,0.1393486527637434
0.0,1.0,25.515048361145613,4.269423243437532,3.0,34.0,49.0,IRQ,2010,Iraq,Upper middle income,Middle East & North Africa,54598900000.0,47207400000.0,0.0001975652974405,0.0104997928440697,1.107557499659923,0.0081411155746267,-0.039534770700116,0.0256549923280524,1.0651927936022172
0.0,1.0,25.587803493805986,4.304741411341383,3.0,34.0,50.0,IRQ,2011,Iraq,Upper middle income,Middle East & North Africa,82505400000.0,51552600000.0,0.0001949174816511,0.0127156685673445,1.1257971027272653,0.0092165180596219,-0.0415285637397791,0.0241240265612993,1.0691520034204791
0.0,1.0,25.7182729784899,4.350130628090616,3.0,34.0,51.0,IRQ,2012,Iraq,Upper middle income,Middle East & North Africa,97029491174.0,63439263881.0,0.0001583258364107,0.0114459104445648,1.20933765014614,0.0066729285071082,-0.0574071901349398,0.0256433254297087,1.046693858402706
0.0,1.0,25.791792609458444,4.397788464570792,3.0,34.0,52.0,IRQ,2013,Iraq,Upper middle income,Middle East & North Africa,93065600000.0,65103700000.0,-0.0001947310950921,0.0086221698992602,1.260727145675997,0.0013418625189534,-0.0650643339713441,0.026800292233805,1.0182953537367228
0.0,1.0,25.793759969525798,4.433098657945284,6.0,34.0,53.0,IRQ,2014,Iraq,Upper middle income,Middle East & North Africa,88949000000.0,68617800000.0,-0.0001891669642619,0.0109057589208951,1.2708102537627726,-0.0010072610707757,-0.0501821762107753,0.0265353361295084,1.019484348861011
0.0,1.0,25.83990543942148,4.460369755598517,6.0,34.0,54.0,IRQ,2015,Iraq,Upper middle income,Middle East & North Africa,57560658811.0,58500390394.0,-0.0001833909780386,0.0090788524737623,1.2802622869074791,-0.0056507116484161,-0.0584927406218736,0.0268821118255203,1.0079885354688256
0.0,1.0,25.969068110383148,4.48428487829555,6.0,34.0,55.0,IRQ,2016,Iraq,Upper middle income,Middle East & North Africa,46869152413.0,44153354784.0,-0.0007891784216049,0.0009813270618979,1.3044393751506578,-0.0094206734368944,-0.1031942591427331,0.026349424228579,0.9586693495710376
0.0,1.0,25.950704626610676,4.506590383026829,6.0,34.0,56.0,IRQ,2017,Iraq,Upper middle income,Middle East & North Africa,63496860304.0,48423565034.0,-0.0007446686906902,0.0010440655454798,1.3001624310074509,-0.0095140264290452,-0.1011347329010644,0.0264586756811008,0.962755311146376
0.0,1.0,25.976700893706006,4.5299139599046185,6.0,34.0,57.0,IRQ,2018,Iraq,Upper middle income,Middle East & North Africa,92771934475.0,56839934052.0,-0.0005337383276915,0.0015217517644162,1.3250216416924152,-0.0097752906816497,-0.1193059598897304,0.0259512311928236,0.9605460673121352
0.0,0.0,24.304932941649653,3.7595040318771793,10.0,32.0,9.0,IRL,1970,Ireland,High income,Europe & Central Asia,1454713665.0,1817051597.0,0.0125118393071407,-0.0024832568319667,0.1881868066875986,-0.0056781491490488,0.1045525792629206,0.0276977885171859,-1.6134735377788991
0.0,0.0,24.339043383768995,3.7712030205733957,10.0,32.0,10.0,IRL,1971,Ireland,High income,Europe & Central Asia,1647964737.0,2033167880.0,0.0123129843144373,-0.0021703280023546,0.188646345253186,-0.0019953629019827,0.110295637240849,0.0315744029562216,-1.4989381839585292
0.0,0.0,24.401922479298378,3.786065043329073,10.0,32.0,11.0,IRL,1972,Ireland,High income,Europe & Central Asia,1954551534.0,2318300551.0,0.0141133371091682,-0.0018658300461211,0.2440860913578021,-0.0001385736865674,0.1164997220299527,0.0350030448667055,-1.442451014453173
0.0,0.0,24.448056045246993,3.8021038009421555,10.0,32.0,12.0,IRL,1973,Ireland,High income,Europe & Central Asia,2545049199.0,3083459386.0,0.0167905294748413,0.0005648847675964,0.2111592047111719,0.0045105339102981,0.1035290293008906,0.0410134942151486,-1.1534780292314173
0.0,0.0,24.489775835459696,3.8186705537429506,10.0,32.0,13.0,IRL,1974,Ireland,High income,Europe & Central Asia,3009300313.0,4151309151.0,0.0482689615831647,0.0007858741486886,0.2381959386662056,-0.033108861922161,0.0584098680061772,0.0455462948412723,-0.8815522282605017
0.0,0.0,24.544800296072534,3.8351240903061568,10.0,32.0,14.0,IRL,1975,Ireland,High income,Europe & Central Asia,3624897213.0,4251090592.0,0.0215932003295491,0.0012833277685577,0.4877309971901033,-0.0207870010085709,0.0533643444410366,0.077454303165719,-0.8925894294817471
0.0,0.0,24.55865199519629,3.8502155462102894,10.0,32.0,15.0,IRL,1976,Ireland,High income,Europe & Central Asia,3914804699.0,4710653835.0,0.0180942944793156,0.0014676491312767,0.5323150714015626,-0.0212934851287825,0.0469392268308637,0.0773417194575596,-0.8477053422583046
0.0,0.0,24.63756762064601,3.863758178704831,10.0,32.0,16.0,IRL,1977,Ireland,High income,Europe & Central Asia,4973657096.0,6049699134.0,0.0064051347816827,0.0030081313601433,0.6397782718485817,-0.0185010172956148,0.0429369318866988,0.0868998227502722,-0.7266718505852869
0.0,0.0,24.706969874132312,3.8779462466114865,10.0,32.0,17.0,IRL,1978,Ireland,High income,Europe & Central Asia,6547731803.0,8058103292.0,0.006257709286675,0.0045000277375933,0.6438599193861553,-0.0138780577020429,0.0431814563964672,0.0867606682853689,-0.6452319541969329
0.0,0.0,24.737237520201376,3.89126913481947,10.0,32.0,18.0,IRL,1979,Ireland,High income,Europe & Central Asia,8154121534.0,11135980013.0,0.0065476988448515,0.0078007117870404,0.6106798737121405,-0.0027843732204113,0.0575309243543928,0.0841109948363915,-0.4771423184241131
0.0,0.0,24.76756621720984,3.9027773180814203,10.0,32.0,19.0,IRL,1980,Ireland,High income,Europe & Central Asia,9647826509.0,12600904677.0,0.0067321416948171,0.0080001433078327,0.6378982111548809,0.0146292867166062,0.0751992535339826,0.0871811668403257,-0.3113572165374152
0.0,0.0,24.80027747840496,3.9144876678508886,10.0,32.0,20.0,IRL,1981,Ireland,High income,Europe & Central Asia,8965729497.0,11905906959.0,0.0068308402540145,0.0071409948940991,0.6606433170045559,0.0129329847879775,0.0756892541909206,0.0912720251154745,-0.2701332477311344
0.0,0.0,24.82285535263746,3.923941822490911,10.0,32.0,21.0,IRL,1982,Ireland,High income,Europe & Central Asia,9241993070.0,10937756539.0,0.0067844804635233,0.0079054746200508,0.7139345996435249,0.0142551309472122,0.0743949298312222,0.0958783420191626,-0.2577526741908354
0.0,0.0,24.820409340990437,3.9310312123540463,10.0,32.0,22.0,IRL,1983,Ireland,High income,Europe & Central Asia,9750540276.0,10545459528.0,0.0067757713184684,0.0065574110904646,0.6995650880335391,0.0169366172587673,0.0751416716915652,0.0954986369561131,-0.2573218356151272
0.0,0.0,24.86303170312709,3.9372282871665956,10.0,32.0,23.0,IRL,1984,Ireland,High income,Europe & Central Asia,10718897046.0,11057699334.0,0.0067442249910306,0.0073671722878032,0.7912277059357766,0.0126162468043766,0.0787241699063879,0.0887102892756542,-0.2443307096803191
0.0,0.0,24.893421367804965,3.93882902184073,10.0,32.0,24.0,IRL,1985,Ireland,High income,Europe & Central Asia,11493857750.0,11426996752.0,0.0067085290373637,0.0084374283883355,0.8337069345520962,0.0137907950701254,0.0838656430445559,0.0841558141159474,-0.2342607152037008
0.0,0.0,24.889128856991206,3.939283402144576,10.0,32.0,25.0,IRL,1986,Ireland,High income,Europe & Central Asia,14098603222.0,13790559559.0,0.0067223496975946,0.0084663416161719,0.8339508843740118,0.0151902543342405,0.085368470972383,0.0844794235775874,-0.2231299423476749
0.0,0.0,24.93470520837732,3.9393870780991014,10.0,32.0,26.0,IRL,1987,Ireland,High income,Europe & Central Asia,17787856976.0,16385098315.0,0.0068042701246603,0.0096442758127246,0.851021279426282,0.0166803346346956,0.0996821212274938,0.0777390211831873,-0.1771153593735303
0.0,0.0,24.985563842717976,3.9351102174670123,10.0,32.0,27.0,IRL,1988,Ireland,High income,Europe & Central Asia,20998862627.0,18745179364.0,0.0068258199097623,0.007658347257537,0.8383777074370473,0.0164175067070454,0.1179865261166016,0.0708505383061229,-0.1107633433046548
0.0,0.0,25.04207573791004,3.9311477098492764,10.0,32.0,28.0,IRL,1989,Ireland,High income,Europe & Central Asia,23122490233.0,21007092309.0,0.0070136713961592,0.0075417197688256,0.8627437879821835,0.016246313162061,0.1282724856621996,0.0704266900764916,-0.0837420659014718
0.0,0.0,25.123347175153082,3.9319918400875875,10.0,32.0,29.0,IRL,1990,Ireland,High income,Europe & Central Asia,26973247362.0,24812175329.0,0.0080485186066185,0.0074406504849502,0.8854361985795933,0.0174843793593953,0.143656048355556,0.0667207502752997,-0.0452999498047781
0.0,0.0,25.142459753635325,3.9377411179648765,10.0,32.0,30.0,IRL,1991,Ireland,High income,Europe & Central Asia,27672807707.0,25321115477.0,0.0096374733607923,0.0060506918666371,0.8886555603809201,0.0184726009660435,0.153458754668621,0.0642116736652425,-0.0251766934179079
0.0,0.0,25.175345772656367,3.9445636857983786,10.0,32.0,31.0,IRL,1992,Ireland,High income,Europe & Central Asia,32659481442.0,28596731877.0,0.0097363507088603,0.0043533292740763,0.9093225337103208,0.0136624340487538,0.1816640504337451,0.0553356462899192,0.0552550450106714
0.0,0.0,25.20191573897043,3.9495620906296898,10.0,32.0,32.0,IRL,1993,Ireland,High income,Europe & Central Asia,33215365740.0,27904818002.0,0.0096273400038806,0.0031123564803538,0.9482176726273824,0.0135616879506563,0.1921628934844326,0.0527443623191186,0.0543403501232979
0.0,0.0,25.257878471584927,3.953503966909974,10.0,32.0,33.0,IRL,1994,Ireland,High income,Europe & Central Asia,38803585395.0,33418612485.0,0.00791523809352,0.0032153384608826,1.0202256301762125,0.0104105690447189,0.2068910567022431,0.043513613146327,0.0810142519393039
0.0,0.0,25.3498549903078,3.9586309174545833,10.0,32.0,34.0,IRL,1995,Ireland,High income,Europe & Central Asia,50831584596.0,43269875000.0,0.0034007917101989,0.0058899840623756,1.1307188639553118,0.009906018704918,0.2390888900537414,0.0453550415503298,0.1421022376575281
0.0,0.0,25.421060782040325,3.966543631095112,10.0,32.0,35.0,IRL,1996,Ireland,High income,Europe & Central Asia,56772605847.0,48476633065.0,0.0007309256138379,0.0058334361228653,1.158543751883924,0.0068775479808125,0.2599621309781439,0.0403547391840607,0.1812636130200623
0.0,0.0,25.525613350960445,3.976571778388167,10.0,32.0,36.0,IRL,1997,Ireland,High income,Europe & Central Asia,63903008596.0,53976683381.0,-0.0038527145485475,0.0074162480070476,1.2035707823856427,0.0045924485401298,0.2889330266745339,0.0421166654483594,0.2541374412362671
1.0,0.0,25.609644688023124,3.98700254672654,10.0,32.0,37.0,IRL,1998,Ireland,High income,Europe & Central Asia,76059795895.0,66249949535.0,-0.0045168357730391,0.0074222597013063,1.3662590832791808,-0.0126555154071551,0.3324226802434109,0.0387401047834557,0.2912208925638347
1.0,0.0,25.709758700407775,3.998275542354803,10.0,32.0,38.0,IRL,1999,Ireland,High income,Europe & Central Asia,85503791297.0,72598943756.0,0.0143163221010971,0.0074499807133906,1.4717894813656875,-0.0116924438443336,0.3274748882513016,0.046746530144697,0.3118995304627499
1.0,0.0,25.799632690227245,4.011605968967914,10.0,32.0,39.0,IRL,2000,Ireland,High income,Europe & Central Asia,94585397045.0,80732344853.0,0.0300452425740372,0.0082009065898165,1.5472296967470132,-0.013774707701084,0.2994199843233526,0.0535363880119414,0.3383684611445664
1.0,0.0,25.85133447593473,4.027527483765546,10.0,32.0,40.0,IRL,2001,Ireland,High income,Europe & Central Asia,104125000000.0,87057814273.0,0.0333665642972806,0.0077456262157479,1.5546327813193417,-0.0111010075213633,0.294704671971676,0.056602729216671,0.3527408955886167
1.0,0.0,25.908649640116494,4.044378972360477,10.0,32.0,41.0,IRL,2002,Ireland,High income,Europe & Central Asia,116314000000.0,94222138296.0,0.0387117299888258,0.0084878200127802,1.5745063178049674,-0.010662461059198,0.289008446806473,0.0617180430530979,0.3721539773651331
1.0,0.0,25.938342888920705,4.0606684820223675,10.0,32.0,42.0,IRL,2003,Ireland,High income,Europe & Central Asia,133121000000.0,108174000000.0,0.0491176880726172,0.0061143163371648,1.538467041854395,-0.0039124671746571,0.2909625012999777,0.0587353285508248,0.4515349956453678
1.0,0.0,26.004019867113858,4.078951620266457,10.0,32.0,43.0,IRL,2004,Ireland,High income,Europe & Central Asia,156422000000.0,128503000000.0,0.0544469343846561,0.0021956674775948,1.683372391877102,-9.092823246691586e-05,0.3272903269488446,0.0626382137921435,0.6698348755667611
1.0,0.0,26.059832290926146,4.100738650400841,10.0,32.0,44.0,IRL,2005,Ireland,High income,Europe & Central Asia,168501000000.0,145449000000.0,0.0704975043792895,-0.0008846270377416,1.8146006713160892,0.000855697704326,0.3765152761180012,0.0738788993645597,0.8721291407821207
1.0,0.0,26.108508326764333,4.127698706753382,10.0,32.0,45.0,IRL,2006,Ireland,High income,Europe & Central Asia,183503000000.0,164818000000.0,0.0732885210297156,-0.001387956795924,1.7837800256797922,0.0016348206178651,0.3757869026137613,0.0737360886221643,0.9536073536228112
1.0,0.0,26.160244540425573,4.1566083067661275,10.0,32.0,46.0,IRL,2007,Ireland,High income,Europe & Central Asia,218323000000.0,195970000000.0,0.0743952396850204,-0.0022609428377862,1.753228685096558,0.0037114040786518,0.3724808104871239,0.075589936165232,1.0352492361275152
1.0,0.0,26.11436746858778,4.176995387030129,10.0,32.0,47.0,IRL,2008,Ireland,High income,Europe & Central Asia,232294000000.0,208531000000.0,0.0746698251439504,-0.0027272181834784,1.7279015453767197,0.0050504385417297,0.3517823821981347,0.0769517319892921,1.1093793620924943
1.0,0.0,26.062067541014994,4.187152019646001,10.0,32.0,48.0,IRL,2009,Ireland,High income,Europe & Central Asia,221207000000.0,189238000000.0,0.0741322473250912,-0.0026374298073334,1.7042284092927946,0.0062470488408572,0.3467012671188766,0.0774992570727799,1.1171479690079082
1.0,0.0,26.078757172768967,4.1926008635514505,10.0,32.0,49.0,IRL,2010,Ireland,High income,Europe & Central Asia,229110000000.0,192360000000.0,0.0754829927466636,-0.0026224341952692,1.698648487621838,0.0067262885555793,0.3478970007029586,0.077372199018179,1.1333154480303982
1.0,0.0,26.08706190752154,4.19696158795066,10.0,32.0,50.0,IRL,2011,Ireland,High income,Europe & Central Asia,246786000000.0,202164000000.0,0.0751117303713629,-0.0026171341567995,1.6893070053018144,0.0067108947937535,0.3473822033986454,0.0771004151947072,1.1441095252667537
1.0,0.0,26.08700570880286,4.201199025983533,10.0,32.0,51.0,IRL,2012,Ireland,High income,Europe & Central Asia,235594000000.0,196365000000.0,0.0752433409372305,-0.0025879166066992,1.6860382883897145,0.0068446922402703,0.3450225851078605,0.077198908632567,1.1490600837794027
1.0,0.0,26.098201593339734,4.206464587632017,10.0,32.0,52.0,IRL,2013,Ireland,High income,Europe & Central Asia,266601000000.0,218622000000.0,0.076118841780945,-0.0025833431209499,1.6869125450406937,0.0074528819708909,0.3457432612178126,0.0772671988608206,1.1495562498505456
1.0,0.0,26.181156298278637,4.213774601267923,10.0,32.0,53.0,IRL,2014,Ireland,High income,Europe & Central Asia,306723000000.0,256056000000.0,0.0727449408040473,-0.002668417345328,1.6948836605956028,0.0087602103514751,0.343459323955069,0.0760522142116438,1.148119298191814
0.0,0.0,26.39924879424483,4.223223054416386,10.0,32.0,54.0,IRL,2015,Ireland,High income,Europe & Central Asia,382725000000.0,293085000000.0,-0.0138022559083811,-0.0027662975179899,1.764508760300004,0.0155379241225265,0.2648154070153445,0.0736481336501822,1.093326589497337
0.0,0.0,26.419116941276332,4.234511395081811,10.0,32.0,55.0,IRL,2016,Ireland,High income,Europe & Central Asia,394551000000.0,337593000000.0,-0.0129189638747267,-0.0027639306471239,1.7852474728234833,0.0175171408067132,0.2653722683997034,0.0729570362555599,1.0942308773614515
0.0,0.0,26.505344880277775,4.245398150723678,10.0,32.0,56.0,IRL,2017,Ireland,High income,Europe & Central Asia,447623000000.0,365103000000.0,-0.0072321941098872,-0.0025959909532808,1.930283067014415,0.0323060072704738,0.2883084430082344,0.0722736207870209,1.104992551389017
0.0,0.0,26.587178223001143,4.257786905250673,10.0,32.0,57.0,IRL,2018,Ireland,High income,Europe & Central Asia,498559000000.0,381869000000.0,-0.001004945860733,-0.0022201540310237,2.0685890393062647,0.0336543016829854,0.2914043180028858,0.0637655078403503,1.1262042857460688
0.0,0.0,25.689336028715793,5.546108445729,6.0,35.0,34.0,ISR,1995,Israel,High income,Middle East & North Africa,27269170790.0,35385120380.0,0.0073782697179371,0.0107758172575257,1.2308122192481017,0.0399062102818373,-0.0455045644285738,0.0336411571920578,0.0564034612691648
0.0,0.0,25.746922648561117,5.572273505268708,6.0,35.0,35.0,ISR,1996,Israel,High income,Middle East & North Africa,29283353072.0,37635231381.0,0.0060289586015464,0.0104012354695796,1.3674480742499342,0.0528177720062024,-0.0494332387690525,0.0425475864008653,0.1225784270035852
0.0,0.0,25.784131527420875,5.597257455671935,6.0,35.0,36.0,ISR,1997,Israel,High income,Middle East & North Africa,31397233432.0,37372736708.0,0.0037975524368727,0.0102020471879003,1.3767663240522592,0.054673127448488,-0.0517249588329229,0.0457461190094796,0.1752188192625129
0.0,0.0,25.824460650368334,5.6201262425044005,6.0,35.0,37.0,ISR,1998,Israel,High income,Middle East & North Africa,32433117286.0,36163743059.0,0.0033994679880701,0.0107414542871462,1.397211154947982,0.0547979641214067,-0.0531068282934465,0.0469375853393534,0.2022256027616706
0.0,0.0,25.85722140047732,5.6455905813131775,6.0,35.0,38.0,ISR,1999,Israel,High income,Middle East & North Africa,37397129261.0,41207853226.0,0.0024496940944341,0.0101662023378336,1.418042046877024,0.0550232556111287,-0.0533381295414969,0.0487636732818784,0.2178067329665354
0.0,0.0,25.940383993997074,5.6720139007032415,6.0,35.0,39.0,ISR,2000,Israel,High income,Middle East & North Africa,46101675128.0,47200194491.0,0.0024948576813974,0.0092012655382372,1.4900785522801117,0.0498439853819333,-0.0533350206831052,0.0528283092197096,0.262340525082383
0.0,0.0,25.94371895458896,5.695585073583509,6.0,35.0,40.0,ISR,2001,Israel,High income,Middle East & North Africa,39833563973.0,44056142854.0,0.0021207171798152,0.0091571967431508,1.4828419573812843,0.0509057812580498,-0.0555999548801272,0.0537531325164625,0.2727302797433184
0.0,0.0,25.94257787422449,5.715725657404181,6.0,35.0,41.0,ISR,2002,Israel,High income,Middle East & North Africa,38693354299.0,43363108827.0,0.0012424303772391,0.0091011028179681,1.4785219105000629,0.050441991124786,-0.0581288258005307,0.0543107017664984,0.2875904906409512
0.0,0.0,25.95642048758785,5.733780855026403,6.0,35.0,42.0,ISR,2003,Israel,High income,Middle East & North Africa,42956388529.0,44932193847.0,-6.145068758779203e-05,0.0070747443478439,1.4526796127196957,0.0441000223190476,-0.0667560207451234,0.0544731027429528,0.3361540171892947
0.0,1.0,26.003154432026015,5.751457091437128,6.0,35.0,43.0,ISR,2004,Israel,High income,Middle East & North Africa,52102634315.0,52895820616.0,-0.0002241946077036,-0.0069453543157794,1.4931478171997632,0.0195574456124978,-0.11086340273769,0.0435959174378495,0.4711632847848944
0.0,1.0,26.043662648637326,5.769086068051341,6.0,35.0,44.0,ISR,2005,Israel,High income,Middle East & North Africa,57267194108.0,58276695189.0,-0.0017149211987177,-0.0007054825129841,1.5199715564927394,0.0089012559157107,-0.1499428420694573,0.0350144484205158,0.5953689239831151
0.0,1.0,26.097988534696853,5.786764126783188,6.0,35.0,45.0,ISR,2006,Israel,High income,Middle East & North Africa,62029475291.0,62604628574.0,-0.0017623149765577,-0.0001234004918321,1.4715917069208524,0.0085151567192594,-0.1572784520690739,0.0344408353751117,0.6820586181933469
0.0,1.0,26.156568538632108,5.804525135415471,6.0,35.0,46.0,ISR,2007,Israel,High income,Middle East & North Africa,71528775590.0,74068549938.0,-0.0017151816785529,0.0008618474670886,1.42949800124126,0.0049407343513196,-0.1575774376886141,0.033931098263971,0.766219618621367
0.0,1.0,26.188562669989132,5.822290926542005,6.0,35.0,47.0,ISR,2008,Israel,High income,Middle East & North Africa,82239708194.0,84526756689.0,-0.0014236780556937,0.0015766531221474,1.423272357103747,-0.0045053292146883,-0.1493445952319016,0.030707577768219,0.8651389976116434
0.0,1.0,26.19735418537684,5.846193000059836,6.0,35.0,48.0,ISR,2009,Israel,High income,Middle East & North Africa,67908236147.0,63709559037.0,-0.0014247415298394,0.0015842414959412,1.436726053182239,-0.0034125771891919,-0.142386925127047,0.0315474356733298,0.8878637828019841
0.0,1.0,26.252492523023665,5.864460524207082,6.0,35.0,49.0,ISR,2010,Israel,High income,Middle East & North Africa,80360492381.0,76948241162.0,-0.0014317759536604,0.0017480105605123,1.480724555817346,0.0008151495572226,-0.1259655609292294,0.0318898373929267,0.9259663570024492
0.0,1.0,26.306611758480667,5.882941302792426,6.0,35.0,50.0,ISR,2011,Israel,High income,Middle East & North Africa,91640284332.0,93102471848.0,-0.0015893776993637,0.0015171017276357,1.533097328586574,0.0144228519848447,-0.1105290535563681,0.0318977357297019,0.9582178163742684
0.0,1.0,26.332158710009537,5.901402815969494,6.0,35.0,51.0,ISR,2012,Israel,High income,Middle East & North Africa,91513991201.0,92906239603.0,-0.001502539658957,0.0014507913028818,1.5531648388102697,0.0159756241872263,-0.1063822377054336,0.0321598469247695,0.968996168851402
0.0,1.0,26.375368977799152,5.920063344883521,6.0,35.0,52.0,ISR,2013,Israel,High income,Middle East & North Africa,97916091126.0,93509987330.0,-0.0010986432872214,0.0013339337151143,1.5679538711123282,0.0168431860234481,-0.1123902806929633,0.0325435585386628,0.9731682039678926
1.0,1.0,26.41381108482059,5.939258782862192,6.0,35.0,53.0,ISR,2014,Israel,High income,Middle East & North Africa,99195918584.0,95211692531.0,-0.0120557222760579,0.0011123679040641,1.6523036438693943,0.0158383286402997,-0.1357749869946752,0.0319510771171563,0.987518666093498
1.0,1.0,26.438364046500936,5.959071672582257,6.0,35.0,54.0,ISR,2015,Israel,High income,Middle East & North Africa,93656330689.0,85081011363.0,-0.0121178814455138,0.0008092969654811,1.6822068102322705,0.0159485190657922,-0.1336739970172419,0.0304202959081188,0.9782042267830954
1.0,1.0,26.482590234439503,5.978675162219605,6.0,35.0,55.0,ISR,2016,Israel,High income,Middle East & North Africa,95603619692.0,90475144467.0,-0.0138317274000702,0.0008537753134872,1.7317244421789648,0.0155126153100501,-0.1322356625289225,0.0285468120768652,0.9621776702826258
1.0,1.0,26.524465361306124,5.998062418952814,6.0,35.0,56.0,ISR,2017,Israel,High income,Middle East & North Africa,103871000000.0,97866153832.0,-0.0148800498441905,0.0008045669642884,1.7785742005278111,0.0202365048783479,-0.1369040783490945,0.029248804893792,0.9706007342023704
1.0,1.0,26.56436378555197,6.017328647628578,6.0,35.0,57.0,ISR,2018,Israel,High income,Middle East & North Africa,111733000000.0,109320000000.0,-0.0153860008283316,0.0007607698596299,1.8120267202478595,0.0238382129636665,-0.1341658424298001,0.0294980706425599,0.971468465995175
0.0,1.0,25.1095836929333,1.8594499080065217,-3.0,36.0,31.0,KAZ,1992,Kazakhstan,Upper middle income,Europe & Central Asia,18440081612.0,18770660124.0,0.0052633945917859,-0.010454128541928,0.8214615300830674,0.0010875613701321,-0.0429504211344546,0.0608741399163522,-0.0013696274764733
0.0,1.0,25.013072792518955,1.8560900173344845,-3.0,36.0,32.0,KAZ,1993,Kazakhstan,Upper middle income,Europe & Central Asia,8871031904.0,10941284112.0,0.0052764586695207,-0.0103698786105779,0.7938651466648983,0.0025522731361106,-0.0432210067134171,0.0579638926830455,0.0253433186503032
1.0,1.0,24.878397889211392,1.84264414393362,-3.0,36.0,33.0,KAZ,1994,Kazakhstan,Upper middle income,Europe & Central Asia,7876550644.0,10012736360.0,-0.0434254386104205,-0.0118777010514435,0.7681611412144985,0.0128056430494314,-0.0480014176439591,0.0600743763001369,-0.014431950456388
1.0,1.0,24.792840000849576,1.8240948970550812,-6.0,36.0,34.0,KAZ,1995,Kazakhstan,Upper middle income,Europe & Central Asia,7940652378.0,8872712589.0,-0.0404057265113785,-0.0091203055948827,0.5067991222071728,0.0043478636609841,-0.0337796848925474,0.0712425447107135,-0.1036913455675437
0.0,0.0,24.797827542374893,1.805117458041248,-6.0,36.0,35.0,KAZ,1996,Kazakhstan,Upper middle income,Europe & Central Asia,7418919357.0,7573731898.0,0.0042039279964914,0.0027479528108426,0.417598248088471,-0.0137285311665959,-0.0332302378600337,0.0652347007104189,-0.0413374660352423
0.0,0.0,24.81468465942965,1.7821476069279432,-6.0,36.0,36.0,KAZ,1997,Kazakhstan,Upper middle income,Europe & Central Asia,7739646727.0,8299522121.0,0.0028412936707368,0.0024062576092803,0.4475923870151883,-0.015094872985531,-0.0356032042786436,0.0669575363087049,0.0322320358886407
0.0,0.0,24.795501840031893,1.757188717653578,-6.0,36.0,37.0,KAZ,1998,Kazakhstan,Upper middle income,Europe & Central Asia,6716763896.0,7716342036.0,0.0025458554863102,0.0026344492158234,0.3963159416042475,-0.0178818689112024,-0.0356159376856916,0.0668993430747053,0.0262936441073281
0.0,0.0,24.82214377094317,1.7448484695974518,-6.0,36.0,38.0,KAZ,1999,Kazakhstan,Upper middle income,Europe & Central Asia,7163702505.0,6768075151.0,0.0024491175272331,0.0023143327014093,0.4414953080128764,-0.0200484158345847,-0.0371143086197119,0.0657036034576277,0.0471753480833664
0.0,0.0,24.91563411406475,1.7477705270241988,-6.0,36.0,39.0,KAZ,2000,Kazakhstan,Upper middle income,Europe & Central Asia,10353710625.0,8980867282.0,0.0020418181242433,0.0038946333590977,0.6665111973701251,-0.0159111751123138,-0.0506322705732225,0.0501094863604012,0.1556344045385916
0.0,0.0,25.042266764974954,1.7525617213977354,-6.0,36.0,40.0,KAZ,2001,Kazakhstan,Upper middle income,Europe & Central Asia,10166980822.0,10401584731.0,0.0019400832462612,0.0040210847649482,0.6897804347476484,-0.0168944503771685,-0.051022452959592,0.0497052314338592,0.1685477169852827
0.0,0.0,25.135757108057515,1.7577568157176175,-6.0,36.0,41.0,KAZ,2002,Kazakhstan,Upper middle income,Europe & Central Asia,11576895509.0,11589313374.0,0.0017020564340024,0.0034505868767491,0.6998759173544464,-0.0155354708852441,-0.0508868364855987,0.0508408990492306,0.186829932357671
0.0,0.0,25.22468331725722,1.7635333464496226,-6.0,36.0,42.0,KAZ,2003,Kazakhstan,Upper middle income,Europe & Central Asia,14928755904.0,13272767132.0,0.00109900028253,0.0012228509807044,0.7541308616292203,-0.017383471424894,-0.0515010450232812,0.051973451962965,0.2003759172041107
0.0,0.0,25.316350505796727,1.7700388761508457,-6.0,36.0,43.0,KAZ,2004,Kazakhstan,Upper middle income,Europe & Central Asia,22654791782.0,18947365751.0,-0.0005179721773077,0.0013145003185563,0.8533330604443898,-0.0165313134818345,-0.0618956641658855,0.053056770330051,0.3158603024791352
0.0,1.0,25.408927860503336,1.7774533910407437,-6.0,36.0,44.0,KAZ,2005,Kazakhstan,Upper middle income,Europe & Central Asia,30386570590.0,25458960716.0,-0.0005960951591275,-0.0055518205814823,0.9218949543173532,-0.0117617653174669,-0.0678523598493167,0.0454736617041322,0.4312648788222384
0.0,1.0,25.51058256441417,1.785909397041858,-6.0,36.0,45.0,KAZ,2006,Kazakhstan,Upper middle income,Europe & Central Asia,41291961259.0,32788929787.0,-0.0007842447609262,-0.0065853425846003,0.992548690566804,-0.007809704570513,-0.0751333277216098,0.0416369081547506,0.5848043316872509
0.0,1.0,25.595841405740302,1.7953960930220414,-6.0,36.0,46.0,KAZ,2007,Kazakhstan,Upper middle income,Europe & Central Asia,51704450816.0,44926943202.0,-0.0005505464646706,0.0037423086525503,1.1184904213713378,-0.005806949448796,-0.0663462066455617,0.0382803185205679,0.8151745676839351
0.0,1.0,25.62831095938629,1.8057567506140826,-6.0,36.0,47.0,KAZ,2008,Kazakhstan,Upper middle income,Europe & Central Asia,76257078322.0,49571463782.0,-0.0005578750454908,0.0110581757668836,1.1488845374923962,-0.004807578760203,-0.0565880567121725,0.0322042494565566,0.9738905760017728
0.0,1.0,25.640242253754238,1.8174568677462415,-6.0,36.0,48.0,KAZ,2009,Kazakhstan,Upper middle income,Europe & Central Asia,48243335560.0,39121521980.0,-0.0005620613134676,0.0112878510906046,1.1457997763872303,-0.0042779065339206,-0.0565648478411554,0.0320227236884952,0.9855518826966772
0.0,0.0,25.71070073787223,1.8304269051529967,-6.0,36.0,49.0,KAZ,2010,Kazakhstan,Upper middle income,Europe & Central Asia,65502334498.0,44257402192.0,-0.0007466755159324,-0.0144736444800648,1.1886684424727936,-0.00523753003284,-0.0667677346609781,0.0360531035026868,0.9713173370148754
0.0,0.0,25.782087938625942,1.8439476415595408,-6.0,36.0,50.0,KAZ,2011,Kazakhstan,Upper middle income,Europe & Central Asia,89503237238.0,51341105803.0,-0.0011161124114785,-0.0127714181694132,1.2377700649498289,-0.0067141795641811,-0.0738148556572006,0.0373693930996629,0.96499340305899
0.0,0.0,25.82896885721506,1.8579187314112593,-6.0,36.0,51.0,KAZ,2012,Kazakhstan,Upper middle income,Europe & Central Asia,91747467851.0,61596840640.0,-0.001094976318099,-0.0103245464261566,1.2604158486721675,-0.0074900664989122,-0.0777868308269017,0.0385171895650061,0.9723572280054912
0.0,0.0,25.88724005291214,1.8722837098690577,-6.0,36.0,52.0,KAZ,2013,Kazakhstan,Upper middle income,Europe & Central Asia,91381274046.0,63395762891.0,-0.001132719837022,-0.0058896454179179,1.2861334715386568,-0.008984008720754,-0.0906337291486202,0.0396645373274217,0.9645427671662772
0.0,1.0,25.928381798660432,1.8869722709579557,-6.0,36.0,53.0,KAZ,2014,Kazakhstan,Upper middle income,Europe & Central Asia,87108795076.0,56749434113.0,-0.0012955843997212,0.0021064246655832,1.2881478097778796,-0.0110888040286772,-0.0984500040314855,0.0397581363023434,0.9647473057004502
0.0,1.0,25.940308070029467,1.90189625900691,-6.0,36.0,54.0,KAZ,2015,Kazakhstan,Upper middle income,Europe & Central Asia,52581502969.0,45236045679.0,-0.0012256805314049,0.0011408710508461,1.2925947981447268,-0.0110622453414532,-0.1047570635204304,0.039682277551065,0.9509985722028418
0.0,1.0,25.951251936756016,1.9172297886750016,-6.0,36.0,55.0,KAZ,2016,Kazakhstan,Upper middle income,Europe & Central Asia,43714755378.0,39079991232.0,-0.0014976482825608,0.0012644051515156,1.3023463257663568,-0.0107881519581585,-0.1100683353688809,0.0400104611012503,0.9428818461926116
0.0,1.0,25.991433226543563,1.9328090238688302,-6.0,36.0,56.0,KAZ,2017,Kazakhstan,Upper middle income,Europe & Central Asia,54041327349.0,40746709252.0,-0.0013365859983077,0.0015789576129809,1.3246233925622937,-0.0116551443136866,-0.1280496256848036,0.0393137319325338,0.9446317695031896
0.0,1.0,26.031612739131628,1.9477513561356397,-6.0,36.0,57.0,KAZ,2018,Kazakhstan,Upper middle income,Europe & Central Asia,67477058330.0,46453964706.0,-0.0024487919898249,0.0017920274499574,1.35605432235948,-0.012194126061675,-0.1512652523987341,0.0349864494799615,0.935097318097042
1.0,0.0,24.036794816734442,5.587669966641212,-7.0,39.0,0.0,KOR,1961,Korea South,High income,East Asia & Pacific,97762912.12,337362180.3,-0.1480318022115632,-0.0031858190370279,-0.2407391613499367,-0.0734600902373676,-0.0145751300226817,0.016495930535265,-2.038389171894487
1.0,0.0,24.075008027627817,5.616263174513625,-7.0,39.0,1.0,KOR,1962,Korea South,High income,East Asia & Pacific,109230769.2,439230769.2,-0.1455270853389462,-0.0028186116737512,-0.2171992718168776,-0.0667087141068127,-0.012985786046939,0.0174963095537966,-2.007807840760167
1.0,0.0,24.161374405897398,5.644111375134524,3.0,39.0,2.0,KOR,1963,Korea South,High income,East Asia & Pacific,157692307.7,584615384.6,-0.1365476911919203,-0.0022313461180432,-0.1968313435582437,-0.0568801373417251,-0.0148312980962085,0.0197138988060579,-2.020990976910772
1.0,0.0,24.251889696932647,5.670265321503733,3.0,39.0,3.0,KOR,1964,Korea South,High income,East Asia & Pacific,171618266.7,428344229.8,-0.1279530437285885,-0.0021020010272491,-0.1660349377176233,-0.0580520908960852,-0.0144659261131809,0.0206649877745444,-2.0477685534073378
1.0,0.0,24.32251994060787,5.695686830850539,3.0,39.0,4.0,KOR,1965,Korea South,High income,East Asia & Pacific,222596929.1,447070729.5,-0.1203362777174837,-0.0021344241342597,-0.1352032353671889,-0.0513579899229371,-0.0144757927192542,0.0196267624845099,-2.0277571239781107
1.0,0.0,24.43579466559391,5.720830705219355,3.0,39.0,5.0,KOR,1966,Korea South,High income,East Asia & Pacific,331690238.2,715713825.0,-0.0882476136577349,-0.0005211595648197,-0.1990945182402053,-0.0106858533331828,-0.0084252864106722,0.0156552813867431,-1.80773450429106
1.0,0.0,24.522702430631156,5.744180842179209,3.0,39.0,6.0,KOR,1967,Korea South,High income,East Asia & Pacific,442486545.2,955578712.9,-0.0688868314606044,0.0010296565153111,-0.2449497889729118,0.0066994015281786,-0.0067376417517977,0.0167573644830455,-1.6610414222868926
1.0,0.0,24.64638596442117,5.767384353218536,3.0,39.0,7.0,KOR,1968,Korea South,High income,East Asia & Pacific,620651014.8,1385168718.0,-0.0175629301903288,-0.0014692058340711,0.4893884253856188,0.0452385729776603,-0.0048166156981613,0.0276024073201823,-1.9418983970538963
1.0,0.0,24.78232641152358,5.790018693649595,3.0,39.0,8.0,KOR,1969,Korea South,High income,East Asia & Pacific,814822835.0,1724037412.0,-0.0160493866136583,-0.0016378204824269,0.5342171528072097,0.0468459744513654,-0.0057478000040965,0.031611672269419,-1.8989344541005055
1.0,0.0,24.878115883786432,5.811860432920105,3.0,39.0,9.0,KOR,1970,Korea South,High income,East Asia & Pacific,1026868601.0,1902717644.0,-0.0174332378964111,-0.0005568355561162,0.6094357033445109,0.0330862970161494,-0.0115165386548232,0.0388951561983874,-1.82791382753884
1.0,0.0,24.97837302130604,5.831573669489996,3.0,39.0,10.0,KOR,1971,Korea South,High income,East Asia & Pacific,1251053227.0,2280298720.0,-0.016483808227683,-0.0005505799469662,0.6872768651994566,0.0220946397834992,-0.0120422611436642,0.0441526156906272,-1.7133722216938645
1.0,0.0,25.0480330369485,5.850333663360002,-9.0,39.0,11.0,KOR,1972,Korea South,High income,East Asia & Pacific,1795139760.0,2330143840.0,-0.0173161999967711,-0.0009192987365745,0.7134384487506487,0.0075760224789056,-0.0079695923817919,0.0417506128251333,-1.6407232327737469
1.0,0.0,25.18691043741916,5.868016590480574,-8.0,39.0,12.0,KOR,1973,Korea South,High income,East Asia & Pacific,3309134300.0,3839358990.0,-0.0192740512249952,-0.0013773633196025,0.90539646488165,-0.0198984567140371,-0.0317129132349348,0.0540818183878729,-1.289370956484102
1.0,0.0,25.277772881011806,5.885143644592963,-8.0,39.0,13.0,KOR,1974,Korea South,High income,East Asia & Pacific,4324150591.0,6511196682.0,-0.0324119545577685,-0.0015475089188343,1.015872039416522,-0.0332292192354686,-0.0265238570829068,0.0813058936594825,-0.952407349350758
1.0,0.0,25.353255456751015,5.901963645275896,-8.0,39.0,14.0,KOR,1975,Korea South,High income,East Asia & Pacific,4908057851.0,6827892562.0,-0.037098269361591,-0.0023199186971326,1.0925186046599151,-0.0417230374737764,-0.0252859555293636,0.084242757467548,-0.9239853641171384
1.0,0.0,25.477424831770506,5.917929231109267,-8.0,39.0,15.0,KOR,1976,Korea South,High income,East Asia & Pacific,7605165289.0,8480785124.0,-0.0376683341511489,1.21101107712468e-05,1.178088648996553,-0.0311100654136541,-0.0254041679992736,0.0799510368541546,-0.8755206579640155
1.0,0.0,25.593749779524273,5.933519624874909,-8.0,39.0,16.0,KOR,1977,Korea South,High income,East Asia & Pacific,9969834711.0,10721900826.0,-0.0397730901578152,0.0037694799328852,1.2738158337301424,-0.0167725832994075,-0.0260461273499295,0.0740106721990395,-0.7698583244769258
1.0,0.0,25.697686561575015,5.948711592087053,-8.0,39.0,17.0,KOR,1978,Korea South,High income,East Asia & Pacific,12936570248.0,15192975207.0,-0.0404487001376091,0.0066320391987637,1.3859989213777175,-0.0085093441492621,-0.0247445788199423,0.0671043611518816,-0.6488808070932292
1.0,0.0,25.780841967211085,5.963880340730722,-8.0,39.0,18.0,KOR,1979,Korea South,High income,East Asia & Pacific,15748140496.0,20687809917.0,-0.0422720334486087,0.0093826177026902,1.495951855347432,-0.0040090029020237,-0.0408306333829655,0.0721556583902867,-0.4877369124661797
1.0,0.0,25.76424926569235,5.979464967510648,-8.0,39.0,19.0,KOR,1980,Korea South,High income,East Asia & Pacific,18451432875.0,24291587954.0,-0.0417191191761445,0.0049320183880125,1.5452809350769918,0.0109768515302187,-0.0551520383535493,0.0652824760470277,-0.2715081009685702
1.0,0.0,25.83420488279364,5.995067007448752,-5.0,39.0,20.0,KOR,1981,Korea South,High income,East Asia & Pacific,21668115701.0,27162601026.0,-0.0405834586907168,0.0026238092945663,1.59248266160212,0.011112856519085,-0.0536990340407469,0.06019957276529,-0.2359344032454673
1.0,0.0,25.914293049503723,6.01052169292541,-5.0,39.0,21.0,KOR,1982,Korea South,High income,East Asia & Pacific,21331058721.0,25783350263.0,-0.0403214495397222,0.0028340688598534,1.6255996299017894,0.005968739048394,-0.0588074514446086,0.0646371826923325,-0.230748209032864
1.0,0.0,26.039835610211533,6.025263881009605,-5.0,39.0,22.0,KOR,1983,Korea South,High income,East Asia & Pacific,24343720766.0,26387424890.0,-0.0437775043504451,0.0020281532609409,1.718061726450355,-0.0122971108636155,-0.0675649285862441,0.0762821479342056,-0.2479168614535532
1.0,0.0,26.140148155596698,6.037604064271603,-5.0,39.0,23.0,KOR,1984,Korea South,High income,East Asia & Pacific,28063621761.0,27795127347.0,-0.0468944564629246,0.0019570006049187,1.7388561088823258,-0.011155767143458,-0.070177868913875,0.0764789578987754,-0.2400225846186746
1.0,0.0,26.215615092585114,6.047449720247919,-5.0,39.0,24.0,KOR,1985,Korea South,High income,East Asia & Pacific,27098802326.0,26160433093.0,-0.0458271987295565,0.0018965556379415,1.7610013672339668,-0.0074382203969657,-0.0678074430669267,0.0771182537261657,-0.245339829259231
1.0,0.0,26.32291667019906,6.057396958828545,-5.0,39.0,25.0,KOR,1986,Korea South,High income,East Asia & Pacific,37166083048.0,32919918017.0,-0.0436726512192345,0.0020320276226626,1.8136876915619535,-0.0003687019931289,-0.0619048422604872,0.0789576449789602,-0.2652939172207894
1.0,0.0,26.442688693991705,6.067248289944794,1.0,39.0,26.0,KOR,1987,Korea South,High income,East Asia & Pacific,51281992055.0,41753533905.0,-0.0456899726354091,0.001776029580082,1.918181307797233,0.0098390120952552,-0.0501747974962073,0.0817252647258536,-0.2453830543396949
1.0,0.0,26.555907556724176,6.0770401821006566,6.0,39.0,27.0,KOR,1988,Korea South,High income,East Asia & Pacific,64594460211.0,52389830154.0,-0.0499849482390342,0.0020168097676705,2.0259014051052424,0.0224183183250526,-0.0453537654208053,0.0825737840460941,-0.2013142499054231
1.0,0.0,26.6242475339229,6.086931114910339,6.0,39.0,28.0,KOR,1989,Korea South,High income,East Asia & Pacific,67308972534.0,63184948287.0,-0.0542217815530423,0.0034265312133244,2.1358108791608013,0.0334182142357229,-0.0483494662363231,0.0743940727071899,-0.2103011325390695
1.0,0.0,26.718443481966275,6.096782419756608,6.0,39.0,29.0,KOR,1990,Korea South,High income,East Asia & Pacific,70587774855.0,73079706490.0,-0.060536620796976,0.0050729625460878,2.186505289205446,0.0431911802130217,-0.056661554417531,0.0612174662449224,-0.2225039232350329
1.0,0.0,26.82080064778146,6.106680279615585,6.0,39.0,30.0,KOR,1991,Korea South,High income,East Asia & Pacific,78353503011.0,86243424554.0,-0.0721384314707939,0.0049998321511623,2.2738947061409203,0.0494827348659562,-0.0644594397281175,0.0582737357571917,-0.2759486678735987
1.0,0.0,26.880941613614972,6.117071893300884,6.0,39.0,31.0,KOR,1992,Korea South,High income,East Asia & Pacific,85350581848.0,87861307514.0,-0.0738209968323559,0.0067058164429744,2.45660520849293,0.0740345354168548,-0.0479336050542661,0.0460770661063609,-0.0969479740597787
1.0,0.0,26.947455881544784,6.127230107619748,6.0,39.0,32.0,KOR,1993,Korea South,High income,East Asia & Pacific,92739264964.0,91538648223.0,-0.0735654274886938,0.0077167142466803,2.559658224252688,0.0712936560157368,-0.0329296103823067,0.0438636551648462,0.042211634421233
1.0,0.0,27.036094421574482,6.1372916800590565,6.0,39.0,33.0,KOR,1994,Korea South,High income,East Asia & Pacific,112641000000.0,116129000000.0,-0.0734501886795404,0.0069773956023058,2.654762002995537,0.120807027882856,-0.0292489596287107,0.0412984495445328,0.1351762339978624
1.0,0.0,27.127895768788747,6.147353688648903,6.0,39.0,34.0,KOR,1995,Korea South,High income,East Asia & Pacific,147104000000.0,154228000000.0,-0.0676327402202901,0.0068004540274752,2.7971756763907925,0.1848571882835108,-0.0207700594180745,0.0413803142386916,0.1366653360230666
1.0,0.0,27.203843998814577,6.156881482739087,6.0,39.0,35.0,KOR,1996,Korea South,High income,East Asia & Pacific,152440000000.0,173342000000.0,-0.0580178146256729,0.0056755549588704,2.8642523325888916,0.2036330325409571,-0.0167187270430999,0.0436600939714964,0.0838575037868352
1.0,0.0,27.263719912748517,6.166258620856153,6.0,39.0,36.0,KOR,1997,Korea South,High income,East Asia & Pacific,161871000000.0,167463000000.0,-0.0438417236543991,0.0055742556202596,2.809849536449617,0.2099231404714752,-0.0184080860257395,0.0418266996265849,0.1437491912254187
1.0,0.0,27.21106400416695,6.173477271009634,8.0,39.0,37.0,KOR,1998,Korea South,High income,East Asia & Pacific,151914000000.0,111609000000.0,-0.0412115947654931,0.0057286624101684,2.75304770928438,0.2011833111481987,-0.0129188760675252,0.0431572828072031,0.1594712893483455
1.0,0.0,27.31962132219207,6.180585217041532,8.0,39.0,38.0,KOR,1999,Korea South,High income,East Asia & Pacific,162508000000.0,136054000000.0,-0.0401676822658369,0.0050993550552097,2.765931252689983,0.2104090767478783,-0.0111562150458665,0.0429902399676482,0.174256577915002
1.0,0.0,27.4063564082424,6.188947025580544,8.0,39.0,39.0,KOR,2000,Korea South,High income,East Asia & Pacific,196360000000.0,186383000000.0,-0.0352980180479366,0.0049459929042757,2.747441305509774,0.218087954247887,-0.0109788828221319,0.0430262897262723,0.1997781361461188
1.0,0.0,27.45374083054544,6.193720890561088,8.0,39.0,40.0,KOR,2001,Korea South,High income,East Asia & Pacific,175167000000.0,167800000000.0,-0.0337039048286332,0.0039430261863434,2.7370942418245066,0.2188975241765509,-0.0115663103994661,0.0438586446958129,0.2131087897652797
1.0,0.0,27.52815304709844,6.198983747682423,8.0,39.0,41.0,KOR,2002,Korea South,High income,East Asia & Pacific,187653000000.0,180703000000.0,-0.0307313560132168,0.0037899707494341,2.72639782222791,0.2243911894523319,-0.0116841930695501,0.0445967600180944,0.2341459251934437
1.0,0.0,27.559140507511326,6.204063651020733,8.0,39.0,42.0,KOR,2003,Korea South,High income,East Asia & Pacific,221795000000.0,211121000000.0,-0.0227143570188406,0.0025858106270317,2.724168913550592,0.2433815417816024,-0.0127013494236644,0.0469163196693009,0.3403210013555748
1.0,0.0,27.609808715368853,6.207820375263027,8.0,39.0,43.0,KOR,2004,Korea South,High income,East Asia & Pacific,293159000000.0,266051000000.0,-0.0193795805070874,-0.0011319791728858,2.8321845538102317,0.2142326918777822,-0.0141929958077737,0.0402989853393327,0.583568555693182
1.0,0.0,27.6519897298647,6.2096305477452445,8.0,39.0,44.0,KOR,2005,Korea South,High income,East Asia & Pacific,331628000000.0,311368000000.0,-0.0189445901590116,-0.002858181184657,2.882572709657928,0.1991113898247516,-0.0151173264113943,0.0356609361632887,0.7350092960771649
1.0,0.0,27.70329526479857,6.214572837600536,8.0,39.0,45.0,KOR,2006,Korea South,High income,East Asia & Pacific,377241000000.0,371585000000.0,-0.0186951081149863,-0.003349244836808,2.965132647960065,0.1875182541556661,-0.0166589415316961,0.0350999000251421,0.9288126348758704
1.0,0.0,27.759669355343384,6.219212381225362,8.0,39.0,46.0,KOR,2007,Korea South,High income,East Asia & Pacific,440035000000.0,430768000000.0,-0.0181713967912878,-0.0049967711618275,3.041328454046637,0.1725854345038782,-0.0104870173030206,0.0363093699165344,1.0347408973586376
1.0,0.0,27.78935730997199,6.226083563686198,8.0,39.0,47.0,KOR,2008,Korea South,High income,East Asia & Pacific,500459000000.0,504705000000.0,-0.0185225461202348,-0.0058569039753958,3.016278230199525,0.1723149895234796,-0.0082632572880666,0.0375455490234122,1.0987680532685409
1.0,0.0,27.797255634069572,6.230508928303245,8.0,39.0,48.0,KOR,2009,Korea South,High income,East Asia & Pacific,427738000000.0,389431000000.0,-0.0185321542461459,-0.0059314324771807,3.0037893380662495,0.1734408067271962,-0.007197310571559,0.0377265382455151,1.1111842712548567
1.0,0.0,27.863084764617316,6.234049811773239,8.0,39.0,49.0,KOR,2010,Korea South,High income,East Asia & Pacific,540016000000.0,510006000000.0,-0.0184179830563526,-0.0071814151029163,3.0403025254498814,0.170099386947624,-0.0056733003606818,0.0397043723893172,1.1365659024623926
1.0,0.0,27.89928333781579,6.241842415314497,8.0,39.0,50.0,KOR,2011,Korea South,High income,East Asia & Pacific,670300000000.0,658771000000.0,-0.0183929602331714,-0.0072876536361714,3.066992217008255,0.1750098167323506,-0.0042473216139322,0.038687891751844,1.1564315946259327
1.0,0.0,27.923018862447933,6.245865618578528,8.0,39.0,51.0,KOR,2012,Korea South,High income,East Asia & Pacific,694693000000.0,660911000000.0,-0.0184069470293571,-0.0075199489697894,3.124220427745554,0.1941297343364762,-0.0034508847945853,0.0371198842724563,1.179499924848343
1.0,0.0,27.954176504187355,6.249226448083471,8.0,39.0,52.0,KOR,2013,Korea South,High income,East Asia & Pacific,706343000000.0,644650000000.0,-0.0183713530516792,-0.0076521560703418,3.151778793558149,0.1964443735437635,-0.0035286181954024,0.0373553743528823,1.184479017134865
1.0,0.0,27.98569806520461,6.2554668907294,8.0,39.0,53.0,KOR,2014,Korea South,High income,East Asia & Pacific,712571000000.0,640346000000.0,-0.0183857741377471,-0.0076547020062616,3.1560486220511517,0.1981282715471539,-0.0036771751956258,0.0373255025918516,1.1853647768172428
1.0,0.0,28.01340181758934,6.260585830839024,8.0,39.0,54.0,KOR,2015,Korea South,High income,East Asia & Pacific,630587000000.0,529798000000.0,-0.018400317779124,-0.0076010987474482,3.1611350007646455,0.1985553596176797,-0.0038161406022034,0.0373292306182119,1.1853306891787576
1.0,0.0,28.04244841480093,6.264102914266308,8.0,39.0,55.0,KOR,2016,Korea South,High income,East Asia & Pacific,601861000000.0,501960000000.0,-0.0184000254637137,-0.0074924669708291,3.1625275247142803,0.1974255775763573,-0.0042473278922627,0.0360923186830558,1.1831200661818513
1.0,0.0,28.07355719224581,6.2666972087941835,8.0,39.0,56.0,KOR,2017,Korea South,High income,East Asia & Pacific,664392000000.0,587337000000.0,-0.0184160951747445,-0.0075432763954931,3.165902177603591,0.1979845328932396,-0.0045663038902088,0.0347305250186626,1.182077618979276
1.0,0.0,28.102211540653848,6.2709298507473745,8.0,39.0,57.0,KOR,2018,Korea South,High income,East Asia & Pacific,719710000000.0,643143000000.0,-0.0184160951747445,-0.0074324480682853,3.166459028004665,0.1982810422957147,-0.0053849516917728,0.0347004929104931,1.1834411920336778
0.0,1.0,24.323019354200355,4.519052807807868,-7.0,40.0,31.0,KWT,1992,Kuwait,High income,Middle East & North Africa,8036810157.0,10766871506.0,0.0759028798070077,-0.0169410161806104,-0.1594607070583594,-0.0173210820250362,-0.0311683089789614,0.0442025113625493,-0.2345941575691248
0.0,1.0,24.615617827989418,4.541544678539979,-7.0,40.0,32.0,KWT,1993,Kuwait,High income,Middle East & North Africa,11437086424.0,10602648675.0,0.0078193120307679,-0.010493188466528,0.3514327984416494,0.0140533642776149,-0.0216226742534365,0.0867490884443597,-0.1501131592447045
0.0,1.0,24.696609306761093,4.536875122940476,-7.0,40.0,33.0,KWT,1994,Kuwait,High income,Middle East & North Africa,12636363300.0,10518518519.0,0.0078867465799071,-0.0253141590181413,0.2831940297786109,0.0124031538488425,-0.0225653208790426,0.0828684103224708,-0.1989330619156894
0.0,1.0,24.744048952275982,4.547127840324903,-7.0,40.0,34.0,KWT,1995,Kuwait,High income,Middle East & North Africa,14233635340.0,11409022677.0,0.0075618879396111,-0.0135089423209035,0.3307131782446291,0.0156477002415871,-0.0252300422823304,0.0811418987081839,-0.1264397042522003
0.0,1.0,24.750081988442393,4.575697451881578,-7.0,40.0,35.0,KWT,1996,Kuwait,High income,Middle East & North Africa,16465770902.0,12340978394.0,0.0064869410536199,-0.0089690390210078,0.3903619435427468,0.0187971793567682,-0.0262830282883818,0.0801142708549514,-0.0330414132320584
0.0,1.0,24.77451432578568,4.608354224552997,-7.0,40.0,36.0,KWT,1997,Kuwait,High income,Middle East & North Africa,16040929754.0,12015862917.0,0.0049341183678154,-0.0087479046846371,0.3917207914014142,0.0181832435011953,-0.0308187217728313,0.0807063402106396,0.0318888515966142
0.0,1.0,24.810480274167404,4.639534743426727,-7.0,40.0,37.0,KWT,1998,Kuwait,High income,Middle East & North Africa,11379595480.0,13256506845.0,0.0043767354303121,-0.0092861328810533,0.4531446337593085,0.0131458812658356,-0.036940493077403,0.0808818105495853,0.0705431697497956
0.0,1.0,24.792428220652795,4.66930353255353,-7.0,40.0,38.0,KWT,1999,Kuwait,High income,Middle East & North Africa,13836374686.0,11878521098.0,0.004256835649885,-0.00921153304891,0.4072753331764591,0.0101927609775499,-0.0360985394832027,0.0810657033969948,0.0566869659914821
0.0,1.0,24.83830540210066,4.697675190418937,-7.0,40.0,39.0,KWT,2000,Kuwait,High income,Middle East & North Africa,21300594617.0,11370749009.0,0.0034833224987618,-0.0069217571909398,0.5131350431788806,-0.0025478318505371,-0.0432965416632543,0.0726057892907309,0.1214119190229868
0.0,1.0,24.840436455557917,4.7246333161616105,-7.0,40.0,40.0,KWT,2001,Kuwait,High income,Middle East & North Africa,17901278849.0,12400466933.0,0.0033049171313421,-0.0069485021625456,0.504614025295867,-0.0039813323519014,-0.0432841797259481,0.0722854978481043,0.1305892698066345
0.0,1.0,24.870133919571792,4.750127218310828,-7.0,40.0,41.0,KWT,2002,Kuwait,High income,Middle East & North Africa,17014681785.0,13961186388.0,0.0030379213337339,-0.0090874597644041,0.5761750497286011,-0.0144977234760308,-0.0473190089812299,0.064575379347987,0.1754063822862106
0.0,0.0,25.029920292586,4.7740654048768345,-7.0,40.0,42.0,KWT,2003,Kuwait,High income,Middle East & North Africa,24938593077.0,16499335597.0,0.0020783050123269,0.003697120495511,0.6407628319556192,-0.0247630883819395,-0.0508336594751872,0.0600153635452465,0.2682742009058925
0.0,0.0,25.127412617583087,4.796300567579531,-7.0,40.0,43.0,KWT,2004,Kuwait,High income,Middle East & North Africa,33831014591.0,19246691551.0,0.0017837753687644,0.0020521679616631,0.6251237690771348,-0.0299481513782838,-0.0517384206930213,0.0641745368372378,0.3708556293183828
0.0,0.0,25.228244298386443,4.832474765006578,-7.0,40.0,44.0,KWT,2005,Kuwait,High income,Middle East & North Africa,51691780822.0,22839041096.0,0.0015229159551501,0.000102567993243,0.7174187883826002,-0.0224843628161016,-0.0519056665173201,0.0622846764494601,0.4293275461765065
0.0,0.0,25.30070237378008,4.888098975970541,-7.0,40.0,45.0,KWT,2006,Kuwait,High income,Middle East & North Africa,66566497574.0,24543725187.0,-8.681213644203521e-05,-0.0024990661299946,0.8259202019961437,-0.0249911992502068,-0.0587706948031306,0.0488743493840711,0.5868056539253812
0.0,0.0,25.35888763039033,4.946874423221435,-7.0,40.0,46.0,KWT,2007,Kuwait,High income,Middle East & North Africa,72695222614.0,32461455101.0,0.0004842129374888,-0.0136486944080127,0.9807804062812528,-0.0180764812075221,-0.0574197128330078,0.0501462009669462,0.8116439331967502
0.0,0.0,25.383388115748346,5.0025295793721885,-7.0,40.0,47.0,KWT,2008,Kuwait,High income,Middle East & North Africa,98390048656.0,38206585624.0,0.0005258111433444,-0.0240575708500251,1.00731332696945,-0.0236415880771391,-0.0512272683719425,0.0426526886637469,0.9493437367023349
0.0,0.0,25.309998063767253,5.055439115093046,-7.0,40.0,48.0,KWT,2009,Kuwait,High income,Middle East & North Africa,62981044877.0,31130878955.0,8.166330596165008e-05,-0.0259622334698836,0.9142775820985568,-0.0299913233370146,-0.0488737353544314,0.0461870005840253,0.9400684755141582
0.0,0.0,25.286009995693412,5.10698972000094,-7.0,40.0,49.0,KWT,2010,Kuwait,High income,Middle East & North Africa,76952063278.0,35034036154.0,0.0002569588021912,-0.0242286678478534,0.8910156517193695,-0.0303452959083321,-0.0481411172263705,0.0460281320763583,0.965039287624748
0.0,0.0,25.37794021783759,5.169365499300396,-7.0,40.0,50.0,KWT,2011,Kuwait,High income,Middle East & North Africa,112784000000.0,39894339787.0,0.0005579694749725,-0.0247862221704691,0.9856267810551602,-0.0255911103383209,-0.0509374331739615,0.0400571712142539,1.0040673125709862
0.0,0.0,25.442095010828456,5.232538720506678,-7.0,40.0,51.0,KWT,2012,Kuwait,High income,Middle East & North Africa,130069000000.0,45739026063.0,0.0006368555583337,-0.0210356622386349,1.0646972833224513,-0.0192627854599143,-0.0558303148590011,0.0372539790309295,1.0433356569151089
0.0,0.0,25.45351680955614,5.282435460599137,-7.0,40.0,52.0,KWT,2013,Kuwait,High income,Middle East & North Africa,123417000000.0,46580345500.0,0.0006122151792901,-0.0203597606651555,1.078194005671444,-0.0151647710751008,-0.0566973037924055,0.0360117355159245,1.0495495720412795
0.0,0.0,25.458516467882767,5.3265011816949235,-7.0,40.0,53.0,KWT,2014,Kuwait,High income,Middle East & North Africa,111425000000.0,51286394768.0,0.0006185843202097,-0.0202198266946273,1.074864286580704,-0.0125479071694651,-0.056786896291874,0.0360542672987702,1.0501631848315591
0.0,0.0,25.464425641643967,5.371492203680949,-7.0,40.0,54.0,KWT,2015,Kuwait,High income,Middle East & North Africa,61607350790.0,51488579434.0,0.0006514808700712,-0.0204349167633364,1.0752841685573558,-0.0122518814500855,-0.0567251483458177,0.0361661991767329,1.04858064597469
0.0,0.0,25.493263785025835,5.414751693995141,-7.0,40.0,55.0,KWT,2016,Kuwait,High income,Middle East & North Africa,52112899115.0,53090012147.0,0.0006075104042504,-0.0191140831062168,1.0819187833017343,-0.0111762535292077,-0.0593040305481874,0.035236476818584,1.0379857548661564
0.0,0.0,25.445000538719217,5.451701037441992,-7.0,40.0,56.0,KWT,2017,Kuwait,High income,Middle East & North Africa,61787573760.0,56293171254.0,0.0006584543532876,-0.0228102751880194,1.0660030712497652,-0.0119178449440515,-0.0571546051636346,0.0365290918542841,1.04334124575191
0.0,1.0,25.469049776328667,5.491502585743269,-7.0,40.0,57.0,KWT,2018,Kuwait,High income,Middle East & North Africa,79460231954.0,63048258687.0,0.0007165338687974,0.0164002628366738,1.103722878165889,-0.0068774789727908,-0.0585768424345915,0.0356689674099959,1.07695258150651
0.0,0.0,22.15637613401473,3.1587957821416524,-3.0,37.0,31.0,KGZ,1992,Kyrgyzstan,Lower middle income,Europe & Central Asia,823942430.2,1102233827.0,0.0061457710239677,0.000487221049781,-2.048647016708863,0.019563607593029,-0.0487233864245929,0.0129945976405778,0.2551853512335341
0.0,1.0,21.988438689311117,3.1591008027397196,-3.0,37.0,32.0,KGZ,1993,Kyrgyzstan,Lower middle income,Europe & Central Asia,679350396.5,834214288.0,0.0058980381599218,-0.0036894254728561,-2.11122064499201,0.0159155759701626,-0.045125448272619,0.0117182574324999,0.2981338289744619
0.0,1.0,21.764230085691988,3.1587224750106895,-3.0,37.0,33.0,KGZ,1994,Kyrgyzstan,Lower middle income,Europe & Central Asia,567799728.8,673862518.6,0.0058851031570455,-0.0024983086219225,-2.1795521894429313,0.0175537934733178,-0.0485561163679388,0.0127208639602378,0.3163657513785894
0.0,1.0,21.70846552692022,3.1687242965229214,-3.0,37.0,34.0,KGZ,1995,Kyrgyzstan,Lower middle income,Europe & Central Asia,489492602.7,703614106.8,0.0053364327069349,-0.0020420374331589,-2.3956657419256193,0.0273293470118442,-0.0622327998887545,0.0135075123225657,0.3086844539365565
0.0,0.0,21.776913605727334,3.1835214547765247,-3.0,37.0,35.0,KGZ,1996,Kyrgyzstan,Lower middle income,Europe & Central Asia,561760456.1,1033631429.0,0.004702291208452,0.0002369287726426,-2.2218579113302614,0.0162667398651073,-0.0470625595796908,0.0111479449459256,0.3731443293673053
0.0,0.0,21.87145306938292,3.198102739405786,-3.0,37.0,36.0,KGZ,1997,Kyrgyzstan,Lower middle income,Europe & Central Asia,676860146.9,816580728.8,0.0033409687194793,0.0005579410632294,-2.220950168623167,0.0129587240056207,-0.0482873702014124,0.0095114213502822,0.4138913837164473
0.0,0.0,21.892449447448566,3.213441796442712,-3.0,37.0,37.0,KGZ,1998,Kyrgyzstan,Lower middle income,Europe & Central Asia,600501762.4,955086965.7,0.0029483784588524,0.0004986555705595,-2.2298100791591287,0.0118233074235762,-0.0495066624418712,0.0100795991179692,0.4223652014833111
0.0,0.0,21.928354953863533,3.2283040233944025,-3.0,37.0,38.0,KGZ,1999,Kyrgyzstan,Lower middle income,Europe & Central Asia,527140642.4,711921997.7,0.0028348404348558,0.0004950613576611,-2.2330951955438865,0.0119798945496699,-0.0530768723622405,0.0094810035191681,0.416298582265058
0.0,0.0,21.98135848287394,3.2402028778721514,-3.0,37.0,39.0,KGZ,2000,Kyrgyzstan,Lower middle income,Europe & Central Asia,573185350.4,651739833.9,0.002461786615278,0.0003629828681732,-2.241362372342368,0.0115006784419229,-0.054227109368048,0.0091924405883657,0.4268879021071603
0.0,0.0,22.033207026799843,3.249693742828613,-3.0,37.0,40.0,KGZ,2001,Kyrgyzstan,Lower middle income,Europe & Central Asia,560092477.0,564633756.2,0.0024118616995904,0.0004272835290801,-2.2297665689506965,0.0114048569662059,-0.0584755430154409,0.009113944527161,0.4294587080294462
0.0,0.0,22.033033765524173,3.25887909866409,-3.0,37.0,41.0,KGZ,2002,Kyrgyzstan,Lower middle income,Europe & Central Asia,635535283.3,695875684.7,0.0021520234758749,0.0003618887752064,-2.2408697615284425,0.0123758293973243,-0.0591465476770287,0.0105392441168786,0.4364904168186203
0.0,0.0,22.100975488163236,3.2693643327019095,-3.0,37.0,42.0,KGZ,2003,Kyrgyzstan,Lower middle income,Europe & Central Asia,742293893.7,868382999.0,0.0015985498045168,0.0004702338560794,-2.2257228683826704,0.0123976877322902,-0.0697421759461553,0.0128129401039303,0.5011208395238941
0.0,0.0,22.16888468848984,3.281466249322025,-3.0,37.0,43.0,KGZ,2004,Kyrgyzstan,Lower middle income,Europe & Central Asia,941138691.6,1133628671.0,0.001411926409629,-0.0002557489475405,-2.2468152254159452,0.0137982622193456,-0.0788585866728984,0.0127667035123064,0.5832968668617333
0.0,1.0,22.16712799230699,3.2927500960874148,3.0,37.0,44.0,KGZ,2005,Kyrgyzstan,Lower middle income,Europe & Central Asia,942411213.6,1396889936.0,0.0012172929725107,-0.0009727645176973,-2.220953069585032,0.017447734905434,-0.0120704842841019,0.0238029226750018,0.7076794373860701
0.0,1.0,22.197685312682367,3.3034877840558794,4.0,37.0,45.0,KGZ,2006,Kyrgyzstan,Lower middle income,Europe & Central Asia,1182432651.0,2239825766.0,0.001027655464881,-0.0010164241011532,-2.1298918105048936,0.0226117981280867,-0.0035643199517867,0.0336697126845547,0.9323013124163816
0.0,1.0,22.279660380927346,3.3130258854489187,3.0,37.0,46.0,KGZ,2007,Kyrgyzstan,Lower middle income,Europe & Central Asia,2012053353.0,3199688543.0,0.001032690499176,-0.0006027340613789,-2.0107416903167805,0.0319691284748354,0.0052218187594275,0.0442071997537538,1.1071631684036
0.0,1.0,22.360333191992524,3.3225364814638936,3.0,37.0,47.0,KGZ,2008,Kyrgyzstan,Lower middle income,Europe & Central Asia,2752394340.0,4757398251.0,0.0010743153669235,-0.0009818527575224,-1.922893058106263,0.0427446600409137,0.0117869054270463,0.0496807902745592,1.2462460301269984
0.0,1.0,22.38878744827674,3.335781265595224,1.0,37.0,48.0,KGZ,2009,Kyrgyzstan,Lower middle income,Europe & Central Asia,2565386046.0,3690178106.0,0.0010682091826455,-0.0005571678923215,-1.892528445101798,0.0427165283698378,-0.0011397156604572,0.0525241768194352,1.267677616507732
0.0,0.0,22.38406062852651,3.350042928512907,4.0,37.0,49.0,KGZ,2010,Kyrgyzstan,Lower middle income,Europe & Central Asia,2471700785.0,3915964188.0,0.0010386947264155,0.0001905470007851,-1.896099103767119,0.0406696557429727,0.0097344183514427,0.057082717176537,1.3021177396549772
0.0,0.0,22.44191694498678,3.3644848100106364,7.0,37.0,50.0,KGZ,2011,Kyrgyzstan,Lower middle income,Europe & Central Asia,3380167186.0,5059940641.0,0.0009985204319892,0.0017129513108599,-1.7696244840532034,0.0556085463768944,0.0709385085927129,0.0703820691473551,1.3294157074467954
0.0,0.0,22.44103505427093,3.383325027709122,7.0,37.0,51.0,KGZ,2012,Kyrgyzstan,Lower middle income,Europe & Central Asia,2932960921.0,6292834349.0,0.0010048981904172,0.0020002725332152,-1.7511409191725675,0.0597976595329341,0.0777065038369873,0.0721664711748473,1.3547548206775784
0.0,0.0,22.544633242969407,3.4052125978818113,7.0,37.0,52.0,KGZ,2013,Kyrgyzstan,Lower middle income,Europe & Central Asia,3099063074.0,6731846955.0,0.0009411942653874,0.0016468189156912,-1.5599581946268308,0.0521527964039495,0.0551406791498644,0.0579700693333896,1.2880760567214855
0.0,0.0,22.584085070135178,3.427245078312894,7.0,37.0,53.0,KGZ,2014,Kyrgyzstan,Lower middle income,Europe & Central Asia,2796703653.0,6547847695.0,0.0008947631419205,0.0008137795751249,-1.4206338221664438,0.0399195782665165,0.0313432556790257,0.0469285399084187,1.2049101218822211
0.0,0.0,22.622111083711765,3.449712005969204,7.0,37.0,54.0,KGZ,2015,Kyrgyzstan,Lower middle income,Europe & Central Asia,2350023986.0,5060186676.0,0.0005341865251529,-0.0015316961123061,-1.314726707092062,0.0224248324647527,-0.0025154485895292,0.0273867640775205,1.1306290733807405
0.0,0.0,22.66455597746431,3.471865653370917,7.0,37.0,55.0,KGZ,2016,Kyrgyzstan,Lower middle income,Europe & Central Asia,2440819277.0,4769041755.0,0.0012438902965032,-0.0012480165638301,-1.2662138234625309,0.0222040784272947,-0.0084131163870765,0.0214400180669343,1.1148301186238223
0.0,1.0,22.710866281017115,3.4929139634328332,8.0,37.0,56.0,KGZ,2017,Kyrgyzstan,Lower middle income,Europe & Central Asia,2638475264.0,5112024586.0,0.0006502244493136,0.0014352097454989,-1.270305469246788,0.0179245931262173,0.0022742092643525,0.0216179436508365,1.1067576356747402
0.0,1.0,22.747756493401067,3.514463763540245,8.0,37.0,57.0,KGZ,2018,Kyrgyzstan,Lower middle income,Europe & Central Asia,2613812661.0,5564289939.0,0.0006708893969776,0.0013792134221616,-1.2619316718447977,0.014810645628122,0.0018464441919884,0.0215129994171201,1.1021609580244196
1.0,1.0,23.23694527335048,3.687261484406591,8.0,45.0,34.0,LVA,1995,Latvia,High income,Europe & Central Asia,2000868511.0,2275390759.0,-0.0903675503031519,-0.0044592106964601,-0.942719465344943,0.0882389449566402,0.0022237421091064,0.020114414127373,-0.0871539679098802
1.0,1.0,23.262496203633187,3.6759977333676024,8.0,45.0,35.0,LVA,1996,Latvia,High income,Europe & Central Asia,2414915773.0,2953175089.0,-0.0426083595006599,-0.0044847491340308,-0.9257801004702167,0.117163933733171,0.0050649315517924,0.024701597853298,-0.0036273273613586
1.0,1.0,23.34717656642447,3.6660301105526822,8.0,45.0,36.0,LVA,1997,Latvia,High income,Europe & Central Asia,2591640455.0,3181698524.0,-0.0278628455545651,-0.0048153298974884,-0.9358118159509592,0.1001411952500699,0.0080984483785012,0.0295317357716679,0.0772621668878997
1.0,1.0,23.408609687529715,3.6566009210100776,8.0,45.0,37.0,LVA,1998,Latvia,High income,Europe & Central Asia,2811791969.0,3677526510.0,-0.0277309346481624,-0.0046991159848659,-0.9176019649204972,0.093586251910597,0.0058406091290944,0.032067853683952,0.0856706592692778
0.0,0.0,23.435798442778992,3.648461309025104,8.0,45.0,38.0,LVA,1999,Latvia,High income,Europe & Central Asia,2638963488.0,3377901754.0,0.0021912684954351,0.0013040153835152,-0.9424024743871542,0.0533630168981054,0.0085828671093974,0.0321718140069858,0.097105519114739
0.0,0.0,23.491003618249245,3.638821955027253,8.0,45.0,39.0,LVA,2000,Latvia,High income,Europe & Central Asia,2927652375.0,3561696408.0,0.0061298115948239,0.0015348908274839,-0.8829825103736926,0.0467322447476228,0.0130336665476274,0.0339134398474233,0.1143822011447177
0.0,0.0,23.552319842345728,3.6259070856520936,8.0,45.0,40.0,LVA,2001,Latvia,High income,Europe & Central Asia,3177771435.0,4044694426.0,0.0061922629293216,0.0012478623737991,-0.8287616130465779,0.0491892605876842,0.0103192563201554,0.0386296824315942,0.1402325216856283
0.0,0.0,23.620801784144085,3.6142887032490165,8.0,45.0,41.0,LVA,2002,Latvia,High income,Europe & Central Asia,3492097544.0,4459960209.0,0.0063233288314316,0.0010130997400745,-0.784282743242241,0.0538221244267114,0.0074164356453437,0.0425710355966353,0.1607523849361325
0.0,0.0,23.701670570873084,3.6046246953404912,8.0,45.0,42.0,LVA,2003,Latvia,High income,Europe & Central Asia,4243384578.0,5717024966.0,0.0037248945279718,-0.001635205505058,-0.7377319093589061,0.0573840409724234,-0.0050684770411486,0.0483976109165468,0.1995047693596512
0.0,0.0,23.78125913832096,3.5937115658606884,8.0,45.0,43.0,LVA,2004,Latvia,High income,Europe & Central Asia,5617268115.0,7827520489.0,0.004057567455066,-0.0060337617018988,-0.532485632073407,0.048469732140455,-0.0140977433959707,0.0707731141928861,0.3961018013735251
0.0,0.0,23.883096749409983,3.5829058511120215,8.0,45.0,44.0,LVA,2005,Latvia,High income,Europe & Central Asia,7306359676.0,9737186061.0,0.0046398319488279,-0.0152513264071849,-0.3481987594897121,0.023340139880029,-0.0278970046809998,0.0839716343222849,0.5657491119636603
0.0,1.0,23.996173936103723,3.5737331214864576,8.0,45.0,45.0,LVA,2006,Latvia,High income,Europe & Central Asia,8573078756.0,13025682217.0,0.004655005644267,0.0189561127643848,-0.1108293437140849,0.0212727437329204,-0.0100229367276536,0.0954151196722871,0.7701097799241854
0.0,1.0,24.0909559912458,3.56557136668,8.0,45.0,46.0,LVA,2007,Latvia,High income,Europe & Central Asia,11881893038.0,17797774586.0,0.0052788067089061,0.0159220135861984,-0.1226818221052358,0.0222708548103534,-0.0019794432484976,0.0956792523696276,0.8888284004448473
0.0,1.0,24.057925225262498,3.555061971140901,8.0,45.0,47.0,LVA,2008,Latvia,High income,Europe & Central Asia,14075490425.0,18615164450.0,0.0043152278931718,0.0174515460522051,-0.1723082699437512,0.0227458054096179,0.0018117782757722,0.0915260251507397,0.9633094302448278
0.0,1.0,23.904072867175575,3.5385517214200317,8.0,45.0,48.0,LVA,2009,Latvia,High income,Europe & Central Asia,11149111760.0,11673201279.0,0.0044260588761503,0.0250374262396093,-0.3758824111650046,0.0219378457581812,-0.0157122176877621,0.0674692876031151,0.943548768544134
0.0,1.0,23.85849408477005,3.5177386706701856,8.0,45.0,49.0,LVA,2010,Latvia,High income,Europe & Central Asia,12758661553.0,13258875480.0,0.0045228629160785,0.0239849040852853,-0.3842476110256704,0.0257312129880644,-0.0133588370512403,0.0682240040205078,0.9944033715349008
0.0,1.0,23.88390558387972,3.499531000507302,8.0,45.0,50.0,LVA,2011,Latvia,High income,Europe & Central Asia,16424151962.0,18053570798.0,0.0044584252080543,0.0242519851920838,-0.3768711429971134,0.0290299729470178,-0.0122448525413956,0.0697583972080112,1.0080292013512864
0.0,1.0,23.9519589877042,3.4871274090094992,8.0,45.0,51.0,LVA,2012,Latvia,High income,Europe & Central Asia,17308649301.0,18813181778.0,0.0049301465432681,0.0235742767825158,-0.2955583150369298,0.026939426720588,-0.0050497814060544,0.0783090934291415,0.9969157924684652
0.0,1.0,23.97183971863163,3.476417060902403,8.0,45.0,52.0,LVA,2013,Latvia,High income,Europe & Central Asia,18242229971.0,19561429184.0,0.0047608039199189,0.022737551911568,-0.2568843836116447,0.0284827140778269,0.0001054105946219,0.0839266749792985,1.013588846419572
0.0,1.0,23.99068279436872,3.466999627400825,8.0,45.0,53.0,LVA,2014,Latvia,High income,Europe & Central Asia,19247854749.0,20125302947.0,0.0046119139006018,0.0194509042889024,-0.2330118738412407,0.0257444575156168,0.0019295562663129,0.0870706255217159,1.0102730269444846
0.0,1.0,24.02879962975262,3.4588133640979217,8.0,45.0,54.0,LVA,2015,Latvia,High income,Europe & Central Asia,16490529214.0,16803736936.0,0.0044218668721839,0.0189868820799973,-0.2221361507515434,0.0253398007659293,0.0032967310791202,0.0886381446230678,1.0120940648227252
0.0,1.0,24.05220961277232,3.449674510809491,8.0,45.0,55.0,LVA,2016,Latvia,High income,Europe & Central Asia,16793194617.0,16650471636.0,0.0044219887104935,0.017258319031914,-0.209982290514466,0.0236145911742297,0.0049904055357886,0.0892187658611324,1.016914467617451
0.0,1.0,24.08479756942993,3.4408123549052254,8.0,45.0,56.0,LVA,2017,Latvia,High income,Europe & Central Asia,18851412293.0,18978997355.0,0.0053521328898826,0.0167213769845152,-0.2120132300483337,0.0229112122849038,0.0052654566447618,0.0880114061731582,1.0238750926075035
0.0,1.0,24.123939957464664,3.4330209710577453,8.0,45.0,57.0,LVA,2018,Latvia,High income,Europe & Central Asia,21235396109.0,21399793243.0,0.0054265038973316,0.0134296746948719,-0.2710243985127413,0.0229722652798206,0.0054993514406784,0.0888041341277528,1.0897216015878974
0.0,0.0,22.780115403080288,5.842391983089455,0.0,41.0,28.0,LBN,1989,Lebanon,Lower middle income,Middle East & North Africa,498732254.8,2489030212.0,0.0071074740748903,-0.0003542080777155,-1.4365751027307418,-0.003463290647307,-0.0452079601194312,0.0310020425211935,-0.3514954802281841
0.0,1.0,24.16783948621008,6.123825717070225,6.0,41.0,44.0,LBN,2005,Lebanon,Lower middle income,Middle East & North Africa,7873085354.0,12068415010.0,0.0093169966005726,0.0052611166862186,-0.0631545598945294,-0.0028382030508259,-0.0404059227331302,0.1023249543326135,0.6458536573962099
0.0,1.0,24.183215812284992,6.1408144464647005,6.0,41.0,45.0,LBN,2006,Lebanon,Lower middle income,Middle East & North Africa,7837807010.0,12218142062.0,0.0084106325733455,0.0112225847562811,-0.0605971167445823,-0.0025361358124577,-0.0487492238872375,0.0944055090816223,0.7670956186087975
0.0,1.0,24.27223920363179,6.160195884415431,6.0,41.0,46.0,LBN,2007,Lebanon,Lower middle income,Middle East & North Africa,9221256285.0,15101534372.0,0.0078390197596324,0.0097101355501536,-0.0763439050050662,0.001038141042974,-0.0515852025417878,0.0971921192350539,0.8503109566664372
0.0,1.0,24.359050903150877,6.176826849271316,6.0,41.0,47.0,LBN,2008,Lebanon,Lower middle income,Middle East & North Africa,11224076779.0,19824163540.0,0.0075751780109631,0.0101412810139023,-0.1026780407341644,-0.003383476245653,-0.0543778277387283,0.0918921783854774,0.9489928131311878
0.0,1.0,24.456469364218364,6.190324820358011,6.0,41.0,48.0,LBN,2009,Lebanon,Lower middle income,Middle East & North Africa,11751139952.0,20249317982.0,0.0079370035961653,0.0069543297314361,-0.041280556717018,-0.0150187512784386,-0.0422419953499929,0.080566424518864,0.9823570304897068
0.0,1.0,24.53320015254133,6.2000923040001465,6.0,41.0,49.0,LBN,2010,Lebanon,Lower middle income,Middle East & North Africa,13464256798.0,23094612059.0,0.002927059409982,0.0049476995694753,-0.5559134843319561,-0.0230210679170199,-0.0327705290381367,0.0834768291493229,1.5723500370721677
0.0,1.0,24.54183615349333,6.210890541863769,6.0,41.0,50.0,LBN,2011,Lebanon,Lower middle income,Middle East & North Africa,14518739635.0,26262779873.0,0.0030455829805645,0.0002232168905822,0.197934996015259,-0.0399399258845739,-0.0219023864514217,0.0797992056792735,0.9915841649712164
0.0,1.0,24.567160676992927,6.237939271503495,6.0,41.0,51.0,LBN,2012,Lebanon,Lower middle income,Middle East & North Africa,12680893475.0,26294002587.0,0.0026843048099781,0.0005906795484725,0.2366873319413798,-0.0418208437227873,-0.0224912737513544,0.0762005530097944,0.9785582825755252
0.0,1.0,24.60472495650404,6.330488336462425,6.0,41.0,52.0,LBN,2013,Lebanon,Lower middle income,Middle East & North Africa,12492026093.0,27906587980.0,0.0015684973445737,-0.0006601377989169,0.2830250010623918,-0.0475354389437208,-0.0195159571541335,0.0727301744967837,0.96657923376612
0.0,1.0,24.62926204582583,6.430411383778435,6.0,41.0,53.0,LBN,2014,Lebanon,Lower middle income,Middle East & North Africa,11425578094.0,26962653976.0,0.0015739604934672,-0.0006387349733546,0.2853644847243858,-0.0472264615226929,-0.0195430923933256,0.0718805269218707,0.964780689522746
0.0,1.0,24.633874599544434,6.449988342139216,6.0,41.0,54.0,LBN,2015,Lebanon,Lower middle income,Middle East & North Africa,11553482874.0,24315275422.0,0.0015790507679491,-0.0006313107505132,0.2854051231766287,-0.0472517705394816,-0.0195584883296672,0.0723210734902865,0.9643276949578948
0.0,1.0,24.649300500288533,6.426633967258976,6.0,41.0,55.0,LBN,2016,Lebanon,Lower middle income,Middle East & North Africa,11112344036.0,23526463868.0,0.0015758513556571,-0.0006189296950977,0.2857334890067554,-0.0468376713753952,-0.0195243590823333,0.0725001853957575,0.9633628071677518
0.0,1.0,24.65709022148189,6.400528255646358,6.0,41.0,56.0,LBN,2017,Lebanon,Lower middle income,Middle East & North Africa,11627344114.0,24672982326.0,0.0015794224025528,-0.0006057956330703,0.2844540088607402,-0.0467388094948862,-0.0196278599694284,0.0720504666608904,0.965079939946298
1.0,1.0,24.63992193821148,6.371539825834959,6.0,41.0,57.0,LBN,2018,Lebanon,Lower middle income,Middle East & North Africa,11394547410.0,26079751235.0,-0.0174541310375433,-0.0007654652898019,0.2939356361183961,-0.050112444339938,-0.0213683693784618,0.0717045452454996,0.9802516014549432
0.0,1.0,19.439442993746226,3.368918700350749,5.0,43.0,5.0,LSO,1966,Lesotho,Lower middle income,Sub-Saharan Africa,6159997.536,32059987.18,0.0019327229669967,0.0189651441892406,-3.544201889288735,0.0288864667422502,0.0034327699076716,0.0274476538187426,-1.8146239508003876
0.0,1.0,19.543010456372805,3.4046849251065407,5.0,43.0,6.0,LSO,1967,Lesotho,Lower middle income,Sub-Saharan Africa,7139997.144,33599986.56,0.0018249699296765,0.0115526347096365,-3.4404445342475825,0.0187983462493002,-0.0051637481877444,0.0204063859083167,-1.7653282490168671
0.0,1.0,19.53933250082188,3.4413393030651016,5.0,43.0,7.0,LSO,1968,Lesotho,Lower middle income,Sub-Saharan Africa,7419997.032,33879986.45,0.0017055228948503,0.0118278379929371,-3.471807977381006,0.0198056238530901,-0.0051889148633853,0.0205657713316898,-1.7409047262379589
0.0,1.0,19.554689345273022,3.477688639936729,5.0,43.0,8.0,LSO,1969,Lesotho,Lower middle income,Sub-Saharan Africa,8959996.416,34019986.39,0.0014163770930686,0.0107711395215164,-3.4864441307268423,0.0189076235881184,-0.0068876150187337,0.0208944599440836,-1.7088498050484424
0.0,1.0,19.57622645944904,3.5137189544366887,-5.0,43.0,9.0,LSO,1970,Lesotho,Lower middle income,Sub-Saharan Africa,8399996.64,33599986.56,0.0012191526667315,0.0086016062664248,-3.5424798222349287,0.0218922084119444,-0.0124192886787073,0.0259595704651612,-1.5957198241927446
0.0,1.0,19.626099063317852,3.549350439084097,-5.0,43.0,10.0,LSO,1971,Lesotho,Lower middle income,Sub-Saharan Africa,9787239.397,41945311.7,0.0012222282059084,0.0096095976797182,-3.454997370542507,0.0270280123662963,-0.0185658636421886,0.0286639265301902,-1.475273278277168
0.0,1.0,19.624069922601965,3.584527615681263,-5.0,43.0,11.0,LSO,1972,Lesotho,Lower middle income,Sub-Saharan Africa,13008553.12,55936778.43,0.0012116286878308,0.0097944596113784,-3.4207606759833955,0.024694036245901,-0.0204295335769999,0.0274459564962272,-1.394287417298406
0.0,1.0,19.858389833486395,3.619230841068333,-7.0,43.0,12.0,LSO,1973,Lesotho,Lower middle income,Sub-Saharan Africa,17292087.86,82137417.34,0.0012564008893563,0.0104595403701743,-3.0853882951874363,0.0107412935240943,-0.011154761138282,-0.001210454695503,-1.0942854937855078
0.0,1.0,19.962570454005256,3.6536993151351465,-7.0,43.0,13.0,LSO,1974,Lesotho,Lower middle income,Sub-Saharan Africa,20604082.26,116265892.7,0.0017439129050748,0.0070214728380681,-3.0909697245847223,0.0175349318812442,-0.013500511117419,0.0067767708818971,-0.8060610088241835
0.0,1.0,19.817388628635115,3.6882559067486786,-7.0,43.0,14.0,LSO,1975,Lesotho,Lower middle income,Sub-Saharan Africa,21636006.64,155508797.7,0.0026335957529391,0.0100414916261032,-3.123895336656462,0.0197853300394041,-0.0080122075570717,0.0270296398366022,-0.706625393118388
0.0,1.0,19.922191151050217,3.7203407779372974,-7.0,43.0,15.0,LSO,1976,Lesotho,Lower middle income,Sub-Saharan Africa,26450006.61,204700051.2,0.0070100992970531,0.0126277284215118,-3.0313953016602704,0.0164578701666145,-0.0101133875853903,0.0266282372197916,-0.6355038000921422
0.0,1.0,20.11947549635939,3.7492459630927066,-7.0,43.0,16.0,LSO,1977,Lesotho,Lower middle income,Sub-Saharan Africa,23000005.75,217350054.3,0.0075085616039606,0.0124105608829594,-3.0426207174799007,0.0223746282208543,-0.0110258932791831,0.0254338770138291,-0.5851690934167831
0.0,1.0,20.28767171600854,3.777730924467885,-7.0,43.0,17.0,LSO,1978,Lesotho,Lower middle income,Sub-Saharan Africa,46000011.5,241500060.4,0.00745068470208,0.0159607010249877,-2.9219850308296347,0.037244706460405,-0.0062485183070703,0.0280205045651774,-0.4395126549187573
0.0,1.0,20.316200072771558,3.806639798846216,-7.0,43.0,18.0,LSO,1979,Lesotho,Lower middle income,Sub-Saharan Africa,64131264.82,358660036.6,0.0076772637949358,0.0159301431730263,-2.9044162954066177,0.071923391620171,-0.0061937328279342,0.0363734100164084,-0.2348904316254596
0.0,1.0,20.28836855166391,3.8357486059876433,-7.0,43.0,19.0,LSO,1980,Lesotho,Lower middle income,Sub-Saharan Africa,90648328.14,475069141.8,0.0076156339332453,0.0145073860536847,-2.9615190588346505,0.0972275188590224,-0.0101080964319782,0.040491231890601,-0.1145698436708297
0.0,1.0,20.295290918121548,3.8648602712558415,-7.0,43.0,20.0,LSO,1981,Lesotho,Lower middle income,Sub-Saharan Africa,83760683.76,508034188.0,0.0077549573771921,0.0154613770339493,-2.975892879232477,0.0970435874328524,-0.0105139163696211,0.0413506853136182,-0.0928674329807302
0.0,0.0,21.31733175876354,4.16413319378578,8.0,43.0,46.0,LSO,2007,Lesotho,Lower middle income,Sub-Saharan Africa,895714317.1,1880626511.0,0.0019408901295634,-0.0020830823227245,-2.9237456853727375,0.0012920790358959,0.2942228549565369,0.0698558824129259,0.9767229796396836
0.0,0.0,21.37108130227708,4.170905488292006,8.0,43.0,47.0,LSO,2008,Lesotho,Lower middle income,Sub-Saharan Africa,935018108.1,1911931986.0,0.0019786062380465,-0.0027384470893711,-2.87436164922182,-0.0029817644002677,0.3325569957974905,0.0821075618862146,1.0739854080277351
0.0,0.0,21.358446674085066,4.178172031410697,8.0,43.0,48.0,LSO,2009,Lesotho,Lower middle income,Sub-Saharan Africa,779282540.3,1986907946.0,0.0019610959271481,-0.0027299584656023,-2.8065421700078232,0.0008639596431698,0.3612489231037329,0.0897440387143237,1.170088164244418
0.0,0.0,21.40976963452368,4.18590024787721,8.0,43.0,49.0,LSO,2010,Lesotho,Lower middle income,Sub-Saharan Africa,941418358.4,2413002186.0,0.001814927838962,-0.0031656872375271,-2.7143529157780164,0.0029832975513844,0.3993222079089112,0.0918101910603635,1.2152569303883316
0.0,0.0,21.45487924514547,4.194756589532553,8.0,43.0,50.0,LSO,2011,Lesotho,Lower middle income,Sub-Saharan Africa,1230967658.0,2632900426.0,0.0019036255845655,-0.0030232190924277,-2.6099250432453247,0.0058317309121292,0.3963207541843646,0.0677575609742163,1.2304505632363605
0.0,0.0,21.516301870533674,4.204807650237351,8.0,43.0,51.0,LSO,2012,Lesotho,Lower middle income,Sub-Saharan Africa,1035578775.0,2686142426.0,0.0018915925063332,-0.002747485770987,-2.5824723059667853,0.0037703944240329,0.393237999144673,0.0546742591238146,1.2357533443845397
0.0,0.0,21.534068421018105,4.215636780156475,8.0,43.0,52.0,LSO,2013,Lesotho,Lower middle income,Sub-Saharan Africa,905412759.6,2251498995.0,0.0017047468193722,-0.0027357514563055,-2.590981517188645,0.0008579559661561,0.3853694407014982,0.0524576782058347,1.2282040785389194
0.0,0.0,21.55102921014752,4.227040007644268,8.0,43.0,53.0,LSO,2014,Lesotho,Lower middle income,Sub-Saharan Africa,931258117.8,2151620838.0,0.0017096978249648,-0.0027352477360616,-2.6008874001546634,-0.001976379938404,0.3794490874734445,0.0518273330242638,1.2239532406066442
0.0,0.0,21.58182567071924,4.238759978344737,8.0,43.0,54.0,LSO,2015,Lesotho,Lower middle income,Sub-Saharan Africa,1012112198.0,2048938857.0,0.0017133123796233,-0.0022918108440691,-2.578529205428258,-0.005364853950768,0.3557126714155628,0.0389152852611354,1.2103065298073614
0.0,0.0,21.617244937243903,4.250949408688781,8.0,43.0,55.0,LSO,2016,Lesotho,Lower middle income,Sub-Saharan Africa,967977351.7,1914308305.0,0.0017133300860991,-0.0023009435415539,-2.581560119650777,-0.0073842890032441,0.3421721543221316,0.0373611647595377,1.2014277811727565
0.0,0.0,21.585360230570608,4.26339868933807,8.0,43.0,56.0,LSO,2017,Lesotho,Lower middle income,Sub-Saharan Africa,1095170222.0,2281133087.0,0.0017168790761385,-0.0023461180466071,-2.579350988835189,-0.0109130664646007,0.348812616268824,0.038771973944672,1.2126442018762371
0.0,0.0,21.586075361854807,4.275605591299728,8.0,43.0,57.0,LSO,2018,Lesotho,Lower middle income,Sub-Saharan Africa,1273857561.0,2418257077.0,0.0017169626849669,-0.0022734791608741,-2.5778389793995222,-0.0110842248175461,0.3492314581953694,0.0387198830925058,1.2151819395633252
1.0,0.0,24.7403105953868,1.0870690578564868,-7.0,42.0,38.0,LBY,1999,Libya,Upper middle income,Middle East & North Africa,7274514835.0,5245671189.0,-0.02242818682897,0.0090745064737347,0.2513139847931159,-0.0263735870363648,-0.0319027951180848,0.0006365057896933,-0.048286727052042
1.0,0.0,24.77644260502271,1.1036013193986036,-7.0,42.0,39.0,LBY,2000,Libya,Upper middle income,Middle East & North Africa,12077549347.0,5251957281.0,-0.0211676260880331,0.0021347757985531,0.3045808930378275,-0.0297506427240301,-0.0353432133566525,-0.0004811306027638,-0.012425616486038
1.0,0.0,24.758656985715543,1.1220202041933585,-7.0,42.0,40.0,LBY,2001,Libya,Upper middle income,Middle East & North Africa,9053587720.0,5673779964.0,-0.0205633140201277,0.0020084110751579,0.2877790026990438,-0.0318965729669817,-0.0343677648908899,-0.0005099950211254,-0.0052463116632521
1.0,0.0,24.749021742154454,1.1412236039587258,-7.0,42.0,41.0,LBY,2002,Libya,Upper middle income,Middle East & North Africa,9169291339.0,6982677165.0,-0.0175983393126839,0.00183455700268,0.270784964463178,-0.0303469138206547,-0.0335254313174973,0.0017581477971736,0.0135269208124333
1.0,0.0,24.87138128735753,1.161172129445706,-7.0,42.0,42.0,LBY,2003,Libya,Upper middle income,Middle East & North Africa,15054687500.0,8745312500.0,-0.0137076950145371,0.0018616997527548,0.5554183320851395,-0.0297070165104418,-0.0481255933777147,0.0358032466417616,0.2064737180565808
1.0,0.0,24.91503101443646,1.181830500778626,-7.0,42.0,43.0,LBY,2004,Libya,Upper middle income,Middle East & North Africa,21117445538.0,10722807615.0,-0.0112592549798869,0.0016875001546429,0.6157549360538498,-0.0199160772744061,-0.0530099391047945,0.0574566939608441,0.3495082326253685
1.0,0.0,25.02720507379857,1.2028920518232844,-7.0,42.0,44.0,LBY,2005,Libya,Upper middle income,Middle East & North Africa,30160170974.0,12848550618.0,-0.0111077602248626,0.0005611005279191,0.6499502048448201,-0.012875612780304,-0.0483438009460148,0.0646829196444997,0.4655494453700882
1.0,0.0,25.090184806470074,1.2234034403831298,-7.0,42.0,45.0,LBY,2006,Libya,Upper middle income,Middle East & North Africa,43171291715.0,15563669140.0,-0.0110160573048078,0.0001044514973997,0.62681751457484,-0.0075927288888016,-0.0433504854615052,0.069118706227126,0.575991693155933
1.0,0.0,25.15062101322216,1.2439541349633068,-7.0,42.0,46.0,LBY,2007,Libya,Upper middle income,Middle East & North Africa,49958301819.0,19933552186.0,-0.0110380674609211,-0.0014740151268418,0.609669175951317,-0.0013885590982222,-0.0365490769493199,0.0715652151826859,0.6992904349977932
1.0,0.0,25.14899921643648,1.2651951310576648,-7.0,42.0,47.0,LBY,2008,Libya,Upper middle income,Middle East & North Africa,64266297907.0,25255769630.0,-0.0113566899226607,-0.0017629877585377,0.5610070609864856,0.0057469672750078,-0.0317452922242373,0.0687073569183395,0.796474590530692
1.0,0.0,25.103999949210472,1.2860266716460664,-7.0,42.0,48.0,LBY,2009,Libya,Upper middle income,Middle East & North Africa,38453444422.0,26989295863.0,-0.0114020702444028,-0.0017925691828727,0.5535238125340349,0.0074293103257822,-0.0320380757950856,0.0673040370469502,0.8113399292306145
1.0,0.0,25.153049581360793,1.306417248818017,-7.0,42.0,49.0,LBY,2010,Libya,Upper middle income,Middle East & North Africa,49956385791.0,23975026622.0,-0.0113091172951521,-0.0017352131981558,0.5438102369952618,0.0069703399410032,-0.031790542092571,0.0644020891170205,0.8282502568304922
1.0,0.0,24.45310907555193,1.2823314347678854,0.0,42.0,50.0,LBY,2011,Libya,Upper middle income,Middle East & North Africa,18374597272.0,11974656742.0,-0.0303549472641764,-0.0087166122737893,-0.0739703414340981,-0.0120672347294373,-0.046545093116075,0.0689704898431055,1.0422426870223245
1.0,0.0,25.078120598046354,1.2561571164242813,0.0,42.0,51.0,LBY,2012,Libya,Upper middle income,Middle East & North Africa,61880142035.0,29017564162.0,-0.0111554659286172,-0.0017594617745952,0.5327942216316565,0.0020927413319301,-0.0307545567303466,0.0597127850745692,0.8478809637476753
1.0,1.0,24.87969451786378,1.2762315556170667,0.0,42.0,52.0,LBY,2013,Libya,Upper middle income,Middle East & North Africa,45126728799.0,34997389305.0,-0.01119834272918,3.994212681192598e-05,0.475749093205627,0.0017210555864063,-0.0314197368769745,0.0592697620279354,0.8952857751628245
1.0,1.0,24.617773679290917,1.2954946639526108,0.0,42.0,53.0,LBY,2014,Libya,Upper middle income,Middle East & North Africa,18495884162.0,25408243621.0,-0.0107271320038641,-0.0003042435997278,0.3569790284241763,0.0021452292757639,-0.0303936292384687,0.0563464850872005,1.0078712078919685
1.0,1.0,24.609311412579935,1.3116330538275907,0.0,42.0,54.0,LBY,2015,Libya,Upper middle income,Middle East & North Africa,10828621281.0,16894027700.0,-0.010741675645241,-0.0003135035191593,0.3558947136360514,0.0022620766892625,-0.0304044498017685,0.0570045788900312,1.008215205587872
1.0,1.0,24.594289738900603,1.3268730051979791,0.0,42.0,55.0,LBY,2016,Libya,Upper middle income,Middle East & North Africa,7276125978.0,13242815396.0,-0.010741550367208,-0.000307195878263,0.3487758660455234,0.0015328278310415,-0.0307981866145321,0.0575369947691164,1.006296700084045
1.0,1.0,24.8756403261287,1.3428250044893695,0.0,42.0,56.0,LBY,2017,Libya,Upper middle income,Middle East & North Africa,18264984001.0,13667690233.0,-0.0112489833351936,7.350963484844507e-05,0.4736975923231924,0.0025841698854483,-0.0313900833141361,0.0595327370158402,0.8961986062934514
1.0,1.0,24.952058329593914,1.3590582751855975,0.0,42.0,57.0,LBY,2018,Libya,Upper middle income,Middle East & North Africa,30378023791.0,18533195308.0,-0.0112275649066207,0.0010507469967104,0.5057345181797939,0.0021822213546314,-0.0313065559935741,0.0584811693182909,0.8672256925284827
0.0,1.0,23.608810453810026,4.058698096310031,10.0,44.0,34.0,LTU,1995,Lithuania,High income,Europe & Central Asia,2925991891.0,3770960973.0,0.0609295308000142,-0.007301121345293,-0.7883821209563432,0.013808467356866,0.0969179845453669,0.0282332250583349,-0.0420442475339266
0.0,1.0,23.65910866426054,4.051094662132701,10.0,44.0,35.0,LTU,1996,Lithuania,High income,Europe & Central Asia,3519214502.0,4305180837.0,0.053017253108627,-0.0058993632165893,-0.7026884487364977,0.0213159642762587,0.1261000210473614,0.0344862025545865,0.0141852861899822
0.0,1.0,23.73894447266231,4.043716358542508,10.0,44.0,36.0,LTU,1997,Lithuania,High income,Europe & Central Asia,4553531290.0,5579099698.0,0.0364762908522285,-0.0046524425375722,-0.6129160329075468,0.0293237047763162,0.1731409954184055,0.041000377261529,0.1241629313642232
0.0,1.0,23.81103960857133,4.036471996554076,10.0,44.0,37.0,LTU,1998,Lithuania,High income,Europe & Central Asia,4400655158.0,5687938714.0,0.0345627063208769,-0.0018100068131887,-0.4695712482412718,4.8820788800780705e-05,0.107007174417354,0.0558203091148543,0.1248579203902303
0.0,0.0,23.799558237612487,4.029377104126446,10.0,44.0,38.0,LTU,1999,Lithuania,High income,Europe & Central Asia,3559759171.0,4661041864.0,0.0329562162977765,-0.0010092330172822,-0.4976395725086506,0.0027877776403464,0.1143529988832766,0.057153678018826,0.1468998298928088
0.0,0.0,23.835847016660317,4.022343249732625,10.0,44.0,39.0,LTU,2000,Lithuania,High income,Europe & Central Asia,4447864480.0,5161331895.0,0.0252343968846102,-0.0002554736788831,-0.4434412575355634,-0.0013740627286133,0.1104692197610846,0.0653828796868601,0.176721545538702
0.0,0.0,23.89906693976631,4.014103162588402,10.0,44.0,40.0,LTU,2001,Lithuania,High income,Europe & Central Asia,5396323694.0,6065911092.0,0.0234643347370851,0.0013447379015279,-0.3821418430172816,0.0020227694794059,0.1073567332943461,0.0800707172165212,0.2161590627668546
0.0,0.0,23.9643996570889,4.006075505411932,10.0,44.0,41.0,LTU,2002,Lithuania,High income,Europe & Central Asia,6759675965.0,7570066685.0,0.0204649812357025,0.0029714259298053,-0.3099308905553938,0.0047783768698052,0.1039602985177188,0.0871710446660284,0.2311072215037478
0.0,0.0,24.064841709839303,3.997952724503384,10.0,44.0,42.0,LTU,2003,Lithuania,High income,Europe & Central Asia,8681096447.0,9769109983.0,0.0125272153963535,-0.0035991144179167,-0.2136124019498284,0.0160892599884201,0.0980955993589549,0.1138520011911296,0.3772035601023629
0.0,0.0,24.128468785569893,3.986722811713493,10.0,44.0,43.0,LTU,2004,Lithuania,High income,Europe & Central Asia,11035742673.0,12633539493.0,0.0100451051506825,-0.0071717190797372,-0.1947975009381694,0.0196683801320259,0.1090913570266368,0.1253678825668289,0.5661690735293845
0.0,0.0,24.202948673439202,3.9704388004995548,10.0,44.0,44.0,LTU,2005,Lithuania,High income,Europe & Central Asia,14387565618.0,16272919517.0,0.0094249336054175,-0.0202791768154058,-0.1307349048764146,0.0164878184801632,0.1251251540557532,0.1190201653648347,0.6585292133822733
0.0,1.0,24.274470144476492,3.9544750173079963,10.0,44.0,45.0,LTU,2006,Lithuania,High income,Europe & Central Asia,17215943029.0,20312938888.0,0.0090338724685556,0.0249112498018917,-0.0513351080884105,0.0201832698517303,0.166361117517604,0.1125808243404653,0.8373648212383911
0.0,1.0,24.379797980865032,3.942595537749353,10.0,44.0,46.0,LTU,2007,Lithuania,High income,Europe & Central Asia,20500472085.0,25702866721.0,0.0086602069338467,0.0260369798388396,-0.0437669825521113,0.0255765860943992,0.1839815120292933,0.110695943221322,0.999715528798034
0.0,1.0,24.405606293111802,3.932390479442888,10.0,44.0,47.0,LTU,2008,Lithuania,High income,Europe & Central Asia,27541583492.0,33089174594.0,0.0085725876210422,0.0266925372468195,-0.0076936952759897,0.0262800622171524,0.1808634389277024,0.1040144525084594,1.0467579233643154
0.0,1.0,24.244984288322556,3.9212870218115072,10.0,44.0,48.0,LTU,2009,Lithuania,High income,Europe & Central Asia,19363046984.0,20021144009.0,0.0092802655585818,0.0261531370167731,-0.1168694134199248,0.015214249321037,0.1869288863806152,0.1069032756506771,1.034011033205885
0.0,1.0,24.261361847466357,3.900317587550392,10.0,44.0,49.0,LTU,2010,Lithuania,High income,Europe & Central Asia,23740962644.0,24484526320.0,0.0091704130946144,0.0265489673833485,-0.1140948443334596,0.0169527134883504,0.1877298849855045,0.1076456492995382,1.0524611820627994
0.0,1.0,24.319998689409015,3.8777489040885937,10.0,44.0,50.0,LTU,2011,Lithuania,High income,Europe & Central Asia,31728784749.0,32897788514.0,0.0087234175495163,0.0284066970546069,-0.0889514197195037,0.0210186541457815,0.1998691734268479,0.1101219440793352,1.0763990190204813
0.0,1.0,24.35771697398894,3.8643368843088357,10.0,44.0,51.0,LTU,2012,Lithuania,High income,Europe & Central Asia,33580700076.0,33318801482.0,0.0087561205326993,0.0287291522014057,-0.0924228634662572,0.0201918061521162,0.1968827698302574,0.1051377964124361,1.1105268304738949
1.0,1.0,24.392602079314543,3.8542008551050406,10.0,44.0,52.0,LTU,2013,Lithuania,High income,Europe & Central Asia,36599310829.0,35924555728.0,-0.0699383339813235,0.028922431462183,-0.1088853577467441,-0.017495204419327,0.1973210962198303,0.1002454943985982,1.319898296723452
1.0,1.0,24.427361025487233,3.846001544425243,10.0,44.0,53.0,LTU,2014,Lithuania,High income,Europe & Central Asia,35075486128.0,34143020506.0,-0.0688122099016801,0.026985059854707,-0.0722566797888282,-0.0153688631698886,0.1888470813153485,0.0986492032123866,1.3017250026485456
0.0,1.0,24.447404642891378,3.83659400636401,10.0,44.0,54.0,LTU,2015,Lithuania,High income,Europe & Central Asia,28498914823.0,28908846551.0,0.009252371359664,0.0252778239087225,-0.0707617533493081,0.0291843814666393,0.1710820830824607,0.097796673468029,1.1537828219460144
0.0,1.0,24.472280929084867,3.824014762714762,10.0,44.0,55.0,LTU,2016,Lithuania,High income,Europe & Central Asia,29095247185.0,28782248192.0,0.0092379168405206,0.0250920232763964,-0.0356774223986322,0.0229281052289418,0.1668819213179515,0.0983955444519338,1.1134407929600365
0.0,1.0,24.51421523549712,3.810047504582218,10.0,44.0,56.0,LTU,2017,Lithuania,High income,Europe & Central Asia,35152006748.0,34056328975.0,0.0087163778534956,0.0238953961496831,-0.0534021637504554,0.0242995537042984,0.1635946942669178,0.0976303768231622,1.1410251148016206
0.0,1.0,24.55337162280252,3.8006812193608956,10.0,44.0,57.0,LTU,2018,Lithuania,High income,Europe & Central Asia,40441054996.0,39433464609.0,0.0028264985762058,0.0041347913933098,0.2222122996174557,0.0525297370957874,0.0997546696785165,0.078950527859027,1.0406911691367562
0.0,0.0,21.418247893092076,1.5912360683804825,-7.0,47.0,6.0,MLI,1967,Mali,Low income,Sub-Saharan Africa,31300692.44,65853405.4,0.001835230562542,-0.0014129501830487,-2.5009324704342553,-0.0886315764043631,-0.0304209748473987,-0.032627207540938,-1.5762598496482656
0.0,0.0,21.454660920132877,1.6064879587962415,-7.0,47.0,7.0,MLI,1968,Mali,Low income,Sub-Saharan Africa,35142330.51,62205960.19,0.0017284332695589,-0.0014704545544319,-2.488380149694169,-0.0887683724265422,-0.0374427348862555,-0.0342437369712231,-1.5883568561557486
0.0,0.0,21.456968250368885,1.6219400970124371,-7.0,47.0,8.0,MLI,1969,Mali,Low income,Sub-Saharan Africa,38082699.03,64625184.28,0.0014408346732737,-0.0014072198542291,-2.5066484049473847,-0.0875410054893273,-0.0379849631567154,-0.0329229342788926,-1.5516825896284798
0.0,0.0,21.51652835176959,1.6378014548118465,-7.0,47.0,9.0,MLI,1970,Mali,Low income,Sub-Saharan Africa,44862008.93,65484064.31,0.0012327506046453,-0.0011100375975944,-2.544061885765948,-0.0934620125642433,-0.0388368415074335,-0.0304098025053449,-1.4641891897419743
0.0,0.0,21.54189386969132,1.6538392039573793,-7.0,47.0,10.0,MLI,1971,Mali,Low income,Sub-Saharan Africa,53022179.54,79896441.29,0.0012279691810155,-0.0010684999867286,-2.5808231343820216,-0.0890726371458363,-0.04038959635705,-0.0296809320391482,-1.4076268781922947
0.0,0.0,21.598690150813603,1.6702887607064596,-7.0,47.0,11.0,MLI,1972,Mali,Low income,Sub-Saharan Africa,48804174.55,95227655.34,0.0012740083134567,-0.0011503107251329,-2.558088550123267,-0.0847452571065679,-0.0396771047611362,-0.0317335263682884,-1.3618825457969066
0.0,0.0,21.584032086727994,1.6876244837826897,-7.0,47.0,12.0,MLI,1973,Mali,Low income,Sub-Saharan Africa,57427641.07,128763540.3,0.0013002833551644,-0.0007327925082325,-2.6695416470892677,-0.0650770570788711,-0.0363401536946283,-0.0250813388199373,-1.1819286268268905
0.0,0.0,21.568625755164703,1.705402172826526,-7.0,47.0,13.0,MLI,1974,Mali,Low income,Sub-Saharan Africa,68548731.68,220186837.0,0.0018498269706356,-0.0002055030605035,-2.7643230692157985,-0.0063294996078649,-0.0302880878975421,-0.0034440652487809,-0.8497823490205838
0.0,0.0,21.678601048368694,1.723380628471358,-7.0,47.0,14.0,MLI,1975,Mali,Low income,Sub-Saharan Africa,80256489.46,243102500.1,0.0020280465734993,-0.0001013513512278,-2.664962449151624,0.0194807126756406,-0.0207127266886673,0.0043528665927829,-0.7779877032664799
0.0,0.0,21.806320672581794,1.7413135409875415,-7.0,47.0,15.0,MLI,1976,Mali,Low income,Sub-Saharan Africa,103368693.2,197530464.2,0.0019252054232141,-0.0001997919951471,-2.538258179729371,0.0196683336248467,-0.0062353383176685,0.0064783712343967,-0.8925459561899368
0.0,0.0,21.86787330777569,1.7598168284949562,-7.0,47.0,16.0,MLI,1977,Mali,Low income,Sub-Saharan Africa,133914203.9,205552206.7,0.0019385256473231,0.0018052592104783,-2.5258453892743606,0.0193822401835943,-0.0048805905126258,0.0064008604725542,-0.8403992222134282
0.0,0.0,21.853130399918587,1.7791841795045475,-7.0,47.0,17.0,MLI,1978,Mali,Low income,Sub-Saharan Africa,141808858.9,364714669.1,0.0017904524958449,0.0023311066260237,-2.4291645341499484,0.0338234293765478,-0.0028781867747646,0.0145288766702407,-0.6593207752678575
0.0,0.0,21.952031191405382,1.799125384972772,-7.0,47.0,18.0,MLI,1979,Mali,Low income,Sub-Saharan Africa,191329840.4,434370472.4,0.0018613655463514,0.0027234396169397,-2.365727151971958,0.0323960986609906,-0.0108418002275858,0.0221999522418382,-0.4216508021911069
0.0,0.0,21.907809258433787,1.8199568482278288,-7.0,47.0,19.0,MLI,1980,Mali,Low income,Sub-Saharan Africa,262685142.4,520163912.7,0.0017967882001987,0.002429521427161,-2.3835106487773943,0.0278167231145351,-0.0145111345387118,0.023832066297626,-0.2945155829123362
0.0,0.0,21.92278460898095,1.841273822379176,-7.0,47.0,20.0,MLI,1981,Mali,Low income,Sub-Saharan Africa,200381661.4,437932372.9,0.0018731737617942,0.0022012372611793,-2.3973361561039632,0.0255369954998833,-0.015167670229401,0.0237422213004554,-0.2757353072091997
0.0,0.0,21.84613644196071,1.8628047036876672,-7.0,47.0,21.0,MLI,1982,Mali,Low income,Sub-Saharan Africa,190197232.8,395305928.6,0.0018293776675882,0.0021443764105939,-2.4130729267896447,0.0261441413189107,-0.0160233091029972,0.0249058793502993,-0.276053204651513
0.0,0.0,21.86418138603855,1.8847257387651142,-7.0,47.0,22.0,MLI,1983,Mali,Low income,Sub-Saharan Africa,208756468.7,407803334.1,0.0019095307527315,0.0020942459266363,-2.4091661606270436,0.0270844223716596,-0.0159248160567047,0.0246419672379289,-0.2719196560007133
0.0,0.0,21.86130714783919,1.9061756790372861,-7.0,47.0,23.0,MLI,1984,Mali,Low income,Sub-Saharan Africa,232746191.8,430706325.5,0.0019069763364314,0.0020791614786389,-2.409058055463058,0.0308326768647291,-0.0161939420521363,0.0231566589294094,-0.2687330243915581
0.0,0.0,22.046014480735895,1.9262042537290172,-7.0,47.0,24.0,MLI,1985,Mali,Low income,Sub-Saharan Africa,233359988.8,592169891.4,0.001894593935423,0.0022432226346233,-2.350827187669992,0.0369196841011877,-0.0142485378641369,0.0222272711675942,-0.2465900409858622
0.0,0.0,22.07258455802932,1.944732472866855,-7.0,47.0,25.0,MLI,1986,Mali,Low income,Sub-Saharan Africa,273746415.8,645671925.9,0.0019130177719333,0.0023565482628209,-2.339389713787182,0.0377547182366603,-0.0146763050982284,0.0216815912839856,-0.2438961975718666
0.0,0.0,22.071191945864914,1.9621490367092262,-7.0,47.0,26.0,MLI,1987,Mali,Low income,Sub-Saharan Africa,338394767.4,662481791.5,0.0025298521611701,0.0009841254329806,-2.2023057275262223,0.0249608131048544,-0.0207396202999775,0.0223250942699917,-0.0539295924274553
0.0,0.0,22.142486230160777,1.9796008760804684,-7.0,47.0,27.0,MLI,1988,Mali,Low income,Sub-Saharan Africa,316268468.3,699416638.1,0.00285629348014,0.0003793197487033,-2.0679207000818196,0.0114871516398618,-0.03262610824373,0.0195518147601185,0.1236834911718214
0.0,0.0,22.183411145138336,1.998211104132262,-7.0,47.0,28.0,MLI,1989,Mali,Low income,Sub-Saharan Africa,345038045.5,632804853.8,0.0033378022903645,0.0003970359626676,-2.060123745857126,0.0074069996227814,-0.0344798867418858,0.019868780202281,0.1253855581046838
0.0,0.0,22.15806877164044,2.0178931612125393,-7.0,47.0,29.0,MLI,1990,Mali,Low income,Sub-Saharan Africa,419775178.6,829560082.5,0.0043211055360327,0.0003500609809593,-2.0555034555369622,0.0088080329387714,-0.0346958086438675,0.0188658375752423,0.1545436447382692
0.0,0.0,22.269119899226215,2.0377472055823653,-1.0,47.0,30.0,MLI,1991,Mali,Low income,Sub-Saharan Africa,441641080.1,851450256.4,0.0055737160380233,0.0002831710976131,-1.994823848007784,-0.0061751049457362,-0.0385532457149549,0.0216032520290211,0.1528157280562045
0.0,1.0,22.236403894569396,2.0579051820504284,4.0,47.0,31.0,MLI,1992,Mali,Low income,Sub-Saharan Africa,442363532.1,955375266.8,0.0061197196675533,-0.0026263574271939,-1.9868202362978675,-0.0161785381494879,-0.020626255036225,0.0210798209809833,0.2354039805241933
0.0,1.0,22.26763283716129,2.078751451997715,4.0,47.0,32.0,MLI,1993,Mali,Low income,Sub-Saharan Africa,446775136.9,853184770.6,0.0058340381493307,-0.0041162629828835,-1.9809974924793148,-0.0213254660020493,-0.0145240648378498,0.0191609117977877,0.2693114588156148
0.0,1.0,22.304735289571795,2.1002761619008345,4.0,47.0,33.0,MLI,1994,Mali,Low income,Sub-Saharan Africa,403923096.5,766221905.3,0.0059094838354239,-0.0048789891529023,-1.9716876034236048,-0.0224767704784431,-0.0126397625252893,0.0173433913974004,0.2812252269457215
0.0,0.0,22.313903358153933,2.121945301679428,4.0,47.0,34.0,MLI,1995,Mali,Low income,Sub-Saharan Africa,529401649.4,991328378.9,0.0056258841092092,0.0016920209573245,-1.9868234697273892,-0.0270001425038853,-0.0151673748088621,0.0180786479733027,0.3040880705396229
0.0,0.0,22.38208322958342,2.143498784716992,4.0,47.0,35.0,MLI,1996,Mali,Low income,Sub-Saharan Africa,524706724.6,934860186.3,0.0046709642303186,0.0012502148487322,-1.9693638101634872,-0.0332359244971075,-0.0174094779668799,0.0200320480587236,0.323714868461812
0.0,0.0,22.429243727037008,2.1662241456383278,5.0,47.0,36.0,MLI,1997,Mali,Low income,Sub-Saharan Africa,642627518.2,895731427.9,0.0032896012877889,0.0009107613329132,-1.97580507655612,-0.0342769275100855,-0.0226562945781831,0.0191272936678068,0.3452535114438566
0.0,0.0,22.502230842144552,2.1915502827109,5.0,47.0,37.0,MLI,1998,Mali,Low income,Sub-Saharan Africa,639603126.9,911559254.1,0.002923094519237,0.0008502458100939,-1.951893642275103,-0.0329414786298789,-0.0274589495349941,0.0181445550035135,0.3371226741349161
0.0,0.0,22.55767447663161,2.21935197096505,5.0,47.0,38.0,MLI,1999,Mali,Low income,Sub-Saharan Africa,681012428.4,977631283.3,0.0026043007370357,8.496659125439973e-05,-1.799414230474193,-0.0321714175274101,-0.0305187732601865,0.0185261944024131,0.2491877517771478
0.0,0.0,22.557065941849867,2.2484828583830323,5.0,47.0,39.0,MLI,2000,Mali,Low income,Sub-Saharan Africa,644739308.5,928197121.6,0.0021567823248797,-4.3711749357393834e-05,-1.8012191320558026,-0.03304451154265,-0.029307205099309,0.0185537771010959,0.2672579281646896
0.0,0.0,22.70009419143647,2.2785529748741697,5.0,47.0,40.0,MLI,2001,Mali,Low income,Sub-Saharan Africa,877132746.5,1157124071.0,0.0018873053639711,0.0002676274452742,-1.359106385871519,-0.0650006998921252,-0.0311723364530931,0.0185414980100268,0.1622112601759469
0.0,0.0,22.730684580427795,2.3096206612390224,5.0,47.0,41.0,MLI,2002,Mali,Low income,Sub-Saharan Africa,1049462475.0,1104668284.0,0.0016492159207597,0.0003272767024882,-1.348839958553964,-0.071650254097724,-0.0311526247056039,0.0182049176602472,0.1777565486492098
0.0,0.0,22.817953809115206,2.341410061504591,5.0,47.0,42.0,MLI,2003,Mali,Low income,Sub-Saharan Africa,1154685243.0,1473872726.0,0.0006435447471274,-0.0001921153907702,-1.315959297867599,-0.0750860995494325,-0.0311341577000691,0.0196914862641938,0.2872733599879946
0.0,0.0,22.833433366795575,2.373789522516078,5.0,47.0,43.0,MLI,2004,Mali,Low income,Sub-Saharan Africa,1220024941.0,1634500719.0,0.0005205286322003,-0.0009216727557517,-1.3386037767770005,-0.0646967981150009,-0.0318720340184756,0.0185712706982979,0.3923893938589691
0.0,0.0,22.896734673840463,2.4065417522063735,7.0,47.0,44.0,MLI,2005,Mali,Low income,Sub-Saharan Africa,1413791680.0,1922781218.0,-0.0002211198729016,-0.0017861199816048,-1.3521238969643197,-0.0317894644094236,-0.0187902417582879,0.0173161603171043,0.4720841709928762
0.0,0.0,22.942302383698586,2.43934613979142,7.0,47.0,45.0,MLI,2006,Mali,Low income,Sub-Saharan Africa,1865640023.0,2159810312.0,-0.0002122732504706,-0.0018803979254837,-1.319440270247752,-0.0218818793695549,-0.0201355826740677,0.0108331500799534,0.6179071772478931
0.0,0.0,22.976642135157455,2.47222574759914,7.0,47.0,46.0,MLI,2007,Mali,Low income,Sub-Saharan Africa,1917811428.0,2630827631.0,-8.047779215603746e-05,-0.0024206023519678,-1.2918468690920373,-0.0026111223743042,-0.0218275752362426,0.0056376983714009,0.7817328730595475
0.0,0.0,23.023269439058236,2.5050879365927687,7.0,47.0,47.0,MLI,2008,Mali,Low income,Sub-Saharan Africa,2369022701.0,3779803474.0,0.0007153297418483,-0.0024213544829371,-1.232701631314027,-0.0075019604551351,-0.0212120164214184,-0.008629658926104,0.9617971163123508
0.0,1.0,23.070213350102986,2.5376659937911237,7.0,47.0,48.0,MLI,2009,Mali,Low income,Sub-Saharan Africa,2116109706.0,2811783537.0,0.0007718067416843,0.0018602425419589,-1.24227871930372,-0.0120395111238974,-0.0211728284241616,-0.0075514020096742,0.967291431214882
0.0,1.0,23.12198891329359,2.570151133963685,7.0,47.0,49.0,MLI,2010,Mali,Low income,Sub-Saharan Africa,2442195564.0,3762767250.0,0.0009830598663134,0.0018715126935125,-1.144017876844106,-0.0075789472494663,-0.0210645715011496,-0.0020093655168084,0.998294118836302
0.0,1.0,23.153614837589785,2.602476216735634,7.0,47.0,50.0,MLI,2011,Mali,Low income,Sub-Saharan Africa,2804916883.0,3867825754.0,0.0012395712614189,0.001218563933825,-1.1012376419938266,-0.0087196539031877,-0.0195902947802532,0.0010932638055989,1.007776178932539
0.0,1.0,23.145212288545178,2.6316760894492695,0.0,47.0,51.0,MLI,2012,Mali,Low income,Sub-Saharan Africa,3346608913.0,3965911340.0,0.0013162018927886,0.001005911721637,-1.0946140830414233,-0.006818344651357,-0.0429914316315319,-0.0003005381709743,1.0084595733454491
1.0,1.0,23.167903565976772,2.660883915727628,5.0,47.0,52.0,MLI,2013,Mali,Low income,Sub-Saharan Africa,3303494040.0,5294984000.0,-0.013470151031984,0.0013252769334815,-1.0493917132922317,0.0100365367965621,-0.0278100028077189,0.0035429423536405,1.0384707109395457
0.0,1.0,23.236353339554128,2.692490484795329,5.0,47.0,53.0,MLI,2014,Mali,Low income,Sub-Saharan Africa,3240763523.0,5484334534.0,0.0013426215440823,0.0015155586627574,-0.9287265987103952,0.0185875366877687,-0.0227615303416456,0.0137101894395162,1.0748354192737763
0.0,0.0,23.2962416906528,2.72377976498751,5.0,47.0,54.0,MLI,2015,Mali,Low income,Sub-Saharan Africa,3151534393.0,5197182347.0,0.0016114205237333,-0.0021620036168364,-0.8948526915769714,0.0226875873876915,-0.0216445165452117,0.0158875193584451,1.0758268056961122
0.0,0.0,23.353116223293185,2.755449893617009,5.0,47.0,55.0,MLI,2016,Mali,Low income,Sub-Saharan Africa,3291642790.0,5685145255.0,0.0016136353513773,-0.0021305430118841,-0.8829011555927295,0.0253268352190612,-0.0215411045761735,0.0187937157657833,1.0767258453767232
0.0,0.0,23.40481126976884,2.7873322589396117,5.0,47.0,56.0,MLI,2017,Mali,Low income,Sub-Saharan Africa,3461471859.0,5599702406.0,0.0016521454948937,-0.0018398542973594,-0.8234208596147554,0.0337075625801242,-0.0221638094319442,0.0251856359393336,1.1065101858104414
0.0,0.0,23.451184079545115,2.8185864913003957,5.0,47.0,57.0,MLI,2018,Mali,Low income,Sub-Saharan Africa,4195619517.0,6130932966.0,0.0017526021576396,-0.0015650365732377,-0.7954012629753102,0.0361902231174358,-0.0222025524808665,0.0297851038253234,1.114796916120952
0.0,1.0,22.212814969725617,4.631415710235544,7.0,46.0,34.0,MDA,1995,Moldova,Upper middle income,Europe & Central Asia,1054008823.0,1190117627.0,0.0086444751142546,-0.006437132868043,-1.9937209108894869,-0.0049889722091834,0.0292976194286402,0.0155050751116395,0.3788028674204305
0.0,1.0,22.15224658177245,4.629413504490257,7.0,46.0,35.0,MDA,1996,Moldova,Upper middle income,Europe & Central Asia,937881521.7,1252852609.0,0.0071575001016198,-0.0058141270231051,-2.0443740498905068,-0.008548478263349,0.0271868979636473,0.0170736981394525,0.4147325666718107
0.0,0.0,22.16858305680373,4.626062831743341,7.0,46.0,36.0,MDA,1997,Moldova,Upper middle income,Europe & Central Asia,1026805411.0,1435213853.0,0.0050630981123294,0.0014020160814909,-2.061512366562656,-0.0037474525688151,0.0270658822746712,0.0176386060937733,0.4625919689218153
0.0,0.0,22.10092295373257,4.6260066580942745,7.0,46.0,37.0,MDA,1998,Moldova,Upper middle income,Europe & Central Asia,764754748.6,1219400372.0,0.0045579602060682,0.0013461742025418,-2.112430439743896,-0.0077468546152812,0.0209101660509937,0.0186956892663946,0.4680343074984457
0.0,0.0,22.066660082988083,4.624784474961487,7.0,46.0,38.0,MDA,1999,Moldova,Upper middle income,Europe & Central Asia,612534634.5,763462400.9,0.0044510156016477,0.0008541251841479,-2.1564060614847547,-0.0116232770654015,0.0096072017889765,0.0191345572847195,0.4542712840965097
0.0,0.0,22.08751819287908,4.623446967420384,7.0,46.0,39.0,MDA,2000,Moldova,Upper middle income,Europe & Central Asia,639062444.7,986460019.0,0.0037082107113511,0.0011769445414996,-2.1351653092423812,-0.0092220903315472,0.0206536214364102,0.0182709336870083,0.4835852992635043
0.0,0.0,22.14673005628814,4.6212107111303276,8.0,46.0,40.0,MDA,2001,Moldova,Upper middle income,Europe & Central Asia,741151801.5,1102297774.0,0.0027329351948436,0.0011165555241799,-2.0801208355180028,-0.0088949163033733,0.0828889030605093,0.0174731939672641,0.5218427046141847
0.0,0.0,22.221837525533143,4.6188949096032195,8.0,46.0,41.0,MDA,2002,Moldova,Upper middle income,Europe & Central Asia,871854564.2,1285842260.0,0.002518846690666,0.001080659203087,-2.0314655662690555,0.0006953334860913,0.0782234141763807,0.0173283246287686,0.5266387583970303
0.0,0.0,22.285750851722856,4.616427171706741,8.0,46.0,42.0,MDA,2003,Moldova,Upper middle income,Europe & Central Asia,1056084948.0,1718305266.0,0.001668515874671,0.0004978302570046,-2.02982012755171,0.0043542191149903,0.0809927161944958,0.0214495284886106,0.5560188122059648
0.0,0.0,22.357140844841357,4.61360441368201,8.0,46.0,43.0,MDA,2004,Moldova,Upper middle income,Europe & Central Asia,1330145600.0,2117707389.0,0.001472369671073,-0.0002318483431312,-2.016716618952679,0.0071974062467865,0.0965410303609431,0.0224973366476969,0.6157627399390021
0.0,0.0,22.429461507664637,4.610823061339357,9.0,46.0,44.0,MDA,2005,Moldova,Upper middle income,Europe & Central Asia,1528943361.0,2745091302.0,0.0009871356656907,-0.0015011223598264,-1.9679018828631347,-0.0004352236623056,0.1967309211998681,0.0239764108853725,0.7641802707065724
1.0,1.0,22.476345092098573,4.608043833106345,9.0,46.0,45.0,MDA,2006,Moldova,Upper middle income,Europe & Central Asia,1542451568.0,3132133146.0,-0.0158383780279266,-0.0012190442900482,-1.8713979898766837,-0.0102605156601787,0.1559559769167821,0.0256740605176556,0.9835255081876824
1.0,0.0,22.50590389681593,4.605726650133197,9.0,46.0,46.0,MDA,2007,Moldova,Upper middle income,Europe & Central Asia,2006075563.0,4275302483.0,-0.0127559070638142,0.0008442129214595,-1.7803791669855091,-0.0089095429893725,0.1528934205378097,0.0324672261336938,1.10814366467446
0.0,0.0,22.581011370521907,4.603823158754129,9.0,46.0,47.0,MDA,2008,Moldova,Upper middle income,Europe & Central Asia,2471503489.0,5667488225.0,0.0008792487182512,-0.0001894724878206,-1.5218128083356548,-0.0080514552486529,0.0903659273655278,0.021376972058762,1.0645299284812064
0.0,1.0,22.519135963832724,4.602560524882727,9.0,46.0,48.0,MDA,2009,Moldova,Upper middle income,Europe & Central Asia,2005634869.0,3997505755.0,0.0009219221610036,-0.0020401745101977,-1.7944452149440993,-0.0092534747880853,0.1245518445989332,0.0314530802115319,1.1870447458454954
0.0,0.0,22.587728756031698,4.602955583765827,9.0,46.0,49.0,MDA,2010,Moldova,Upper middle income,Europe & Central Asia,1941110605.0,4192539061.0,0.0012293191218045,-7.800510374788208e-05,-1.5094647545059052,-0.0114828255287405,0.0893967661017165,0.0240532259056328,1.1255238384200803
0.0,0.0,22.644280778086735,4.602377221090255,9.0,46.0,50.0,MDA,2011,Moldova,Upper middle income,Europe & Central Asia,2738068649.0,5559963077.0,0.0021357802905183,-0.0016250507930443,-1.3033972681723252,-0.0058643223258575,0.0593550331600844,0.0212425425978181,1.1003790349455365
0.0,0.0,22.638365980470276,4.601897596403507,9.0,46.0,51.0,MDA,2012,Moldova,Upper middle income,Europe & Central Asia,2711403114.0,5676055632.0,0.002138263738591,-0.0013673213371729,-1.302913446743517,-0.0062409960906788,0.0585857504668083,0.0217838896183202,1.109105592940947
1.0,0.0,22.724946032251296,4.600933064553963,9.0,46.0,52.0,MDA,2013,Moldova,Upper middle income,Europe & Central Asia,3047744931.0,6039407692.0,-0.0167888730467665,-0.0017426300003359,-1.2583451471649791,-0.0095951790305052,0.0532723894019963,0.0209204671529518,1.111160217115198
1.0,1.0,22.77373263373,4.600323343902923,9.0,46.0,53.0,MDA,2014,Moldova,Upper middle income,Europe & Central Asia,2964287552.0,5895141394.0,-0.0170216561369304,0.0012136124707919,-1.2672199541517049,-0.0099700122683007,0.0530259146588963,0.021759734067491,1.111442512092334
1.0,1.0,22.770344545059533,4.592652848273227,9.0,46.0,54.0,MDA,2015,Moldova,Upper middle income,Europe & Central Asia,2480197907.0,4457107088.0,-0.0171002995310424,0.0012198726667044,-1.2666389062206689,-0.0102688545998175,0.0521675214620536,0.0217141562206121,1.1086132427975723
1.0,1.0,22.81348915259616,4.581022624587829,9.0,46.0,55.0,MDA,2016,Moldova,Upper middle income,Europe & Central Asia,2623048026.0,4480341975.0,-0.0171159113289778,0.0012215977769156,-1.2679185798962735,-0.0098973636195041,0.0522104312262783,0.0218229908676307,1.1093835677693435
1.0,1.0,22.85933015018131,4.563403874699404,9.0,46.0,56.0,MDA,2017,Moldova,Upper middle income,Europe & Central Asia,3095306463.0,5336680940.0,-0.0172002329167919,0.0012352143017971,-1.2610419109579734,-0.0079681738101902,0.049897324071445,0.0219666919860384,1.1053776160825148
1.0,1.0,22.901445494407,4.545997453039487,9.0,46.0,57.0,MDA,2018,Moldova,Upper middle income,Europe & Central Asia,3454064033.0,6385757543.0,-0.0169865218324638,0.0011748786986495,-1.258160366466473,-0.0063874995313842,0.0502736216366412,0.0217548614221688,1.105620259843619
0.0,1.0,21.822054764346316,2.8319880695963078,-6.0,48.0,30.0,MOZ,1991,Mozambique,Low income,Sub-Saharan Africa,308366307.2,1599048009.0,0.0056301905201685,0.0017326667341574,-2.039101035323766,0.0446076949480611,-0.015307875709003,0.0579727898171671,0.2359818855153744
0.0,1.0,21.758851719676525,2.8513635740236025,-6.0,48.0,31.0,MOZ,1992,Mozambique,Low income,Sub-Saharan Africa,256122499.3,1404544786.0,0.006039757751132,0.0007833860123867,-2.1461565417565467,0.0374297465958715,-0.0327813955328489,0.0525698371828265,0.2791741957152238
0.0,1.0,21.85958832864979,2.883022374998971,-6.0,48.0,32.0,MOZ,1993,Mozambique,Low income,Sub-Saharan Africa,237590627.5,1355075748.0,0.0059313755561375,-0.0032530981965514,-2.0503327630515455,0.0347999853697914,-0.0263133386887661,0.058704595460367,0.334436999015106
0.0,1.0,21.92287666025054,2.9506196677197942,5.0,48.0,33.0,MOZ,1994,Mozambique,Low income,Sub-Saharan Africa,310987138.1,1426671417.0,0.0060047146020623,-0.0035450540619053,-2.0505842287540017,0.0397653223110499,-0.008876934012954,0.0514689273093221,0.3406776885999464
0.0,0.0,21.94522268948495,3.0104339424665048,5.0,48.0,34.0,MOZ,1995,Mozambique,Low income,Sub-Saharan Africa,347894398.4,1604625627.0,0.0057179872701107,-6.041457075574988e-05,-2.0856999248874515,0.0392699172511169,-0.0097709285288158,0.0522914902745558,0.3681417623612723
0.0,0.0,22.051405543290162,3.0432196623371093,5.0,48.0,35.0,MOZ,1996,Mozambique,Low income,Sub-Saharan Africa,477693616.8,1578861445.0,0.0047038057192279,0.0005908649655377,-2.068982750001382,0.031444168144387,-0.007821348280331,0.0565249298172466,0.3985701333284422
0.0,0.0,22.158474216946374,3.070581914567642,5.0,48.0,36.0,MOZ,1997,Mozambique,Low income,Sub-Saharan Africa,522899848.3,1587332330.0,0.0033380573567321,0.0012889145313862,-2.0614688607455314,0.0262655213311895,-0.0093481012103422,0.0528614705086472,0.4351907169540649
0.0,0.0,22.25315921921262,3.0933578729769473,5.0,48.0,37.0,MOZ,1998,Mozambique,Low income,Sub-Saharan Africa,551653721.2,1613701247.0,0.0029662401516596,0.0012331170844023,-2.03185118599375,0.0207075598440763,-0.0128888790375152,0.0528993615584427,0.4168338799092776
0.0,0.0,22.36379252275502,3.115827376100391,5.0,48.0,38.0,MOZ,1999,Mozambique,Low income,Sub-Saharan Africa,558379997.0,2303130509.0,0.002860052872253,0.0011698245308208,-1.9612457815727105,0.020738208951007,-0.0129315453002287,0.0567344603639525,0.392817985393454
0.0,0.0,22.375526418272447,3.137864027879261,5.0,48.0,39.0,MOZ,2000,Mozambique,Low income,Sub-Saharan Africa,669318463.0,2172718129.0,0.002466688593427,0.0008852420967283,-1.9598662685603705,0.021244673402557,-0.0124417799347109,0.0577714985304254,0.4068497225086612
0.0,0.0,22.48963046736013,3.160123203589878,5.0,48.0,40.0,MOZ,2001,Mozambique,Low income,Sub-Saharan Africa,1058826571.0,1789716094.0,0.0023994142147776,0.0005423555158457,-1.9201772103985308,0.0196289561440859,-0.0213643357025772,0.0590544218370392,0.3980951794776355
0.0,1.0,22.578474805636883,3.1825589777478744,5.0,48.0,41.0,MOZ,2002,Mozambique,Low income,Sub-Saharan Africa,1277627022.0,3084832222.0,0.0019623132226715,-0.0009220766112876,-1.5443662202415542,0.0328487539395268,-0.0278899969293119,0.0452585903315309,0.3068911180081447
0.0,1.0,22.644997602472923,3.2052002469704073,5.0,48.0,42.0,MOZ,2003,Mozambique,Low income,Sub-Saharan Africa,1501824532.0,3117728293.0,0.0005312475333284,-0.0014187669123729,-1.288167634112771,0.0422935961191157,-0.0285254586181364,0.0305342581851024,0.3600906514522882
0.0,1.0,22.721184342421473,3.2280310206753664,5.0,48.0,43.0,MOZ,2004,Mozambique,Low income,Sub-Saharan Africa,2093420471.0,3625530922.0,0.0003961336815477,0.0006439324569059,-1.276442125362592,0.0422889218677428,-0.0325428964901938,0.0275038203508782,0.4465786609368514
0.0,1.0,22.78552823476101,3.2511610774492925,5.0,48.0,44.0,MOZ,2005,Mozambique,Low income,Sub-Saharan Africa,2471453992.0,3914690847.0,0.0003349461888509,0.0020200664655798,-1.323001323737888,0.0410696333389751,-0.0340981585215493,0.0256710053397463,0.5053986797100761
0.0,1.0,22.878056130212556,3.2746471195697358,5.0,48.0,45.0,MOZ,2006,Mozambique,Low income,Sub-Saharan Africa,2666527629.0,3738336875.0,0.0004106259171949,0.0018772316616477,-1.3020257777203534,0.0323098598225505,-0.0336408817539264,0.0182179845067073,0.6384854493612956
0.0,1.0,22.952511685609007,3.298441530548219,5.0,48.0,46.0,MOZ,2007,Mozambique,Low income,Sub-Saharan Africa,3061895143.0,4086680888.0,0.0003452646616278,0.00211209973761,-1.285914794512771,0.0260280612107611,-0.0301824521663844,0.0125588131444554,0.7741333706336462
0.0,1.0,23.023135609291742,3.3230979427571015,5.0,48.0,47.0,MOZ,2008,Mozambique,Low income,Sub-Saharan Africa,3533230752.0,4862589824.0,0.0007666790866436,0.0021809185223631,-1.2296135430182211,0.0158518280443106,-0.0266694484428395,0.002231463539826,0.953537302320579
0.0,1.0,23.084401881493992,3.349007506869996,5.0,48.0,48.0,MOZ,2009,Mozambique,Low income,Sub-Saharan Africa,3431857368.0,4895152161.0,0.0008525338945949,0.001843703270722,-1.2048846523460564,0.0170964722240137,-0.0267117394631557,0.0029991023871695,0.969903542471138
0.0,1.0,23.147398775398436,3.3757760972132496,5.0,48.0,49.0,MOZ,2010,Mozambique,Low income,Sub-Saharan Africa,3351471802.0,5074769220.0,0.001461487614332,0.0015360779955312,-1.0943167644467842,0.019843281475349,-0.0266345427898348,0.009562162280362,0.9609465409574262
0.0,1.0,23.218950623541534,3.4036376228503005,5.0,48.0,50.0,MOZ,2011,Mozambique,Low income,Sub-Saharan Africa,4587369287.0,7752211163.0,0.0011548343435307,0.0017493844053858,-0.9255741589832664,0.0440134830139756,-0.0243350476433944,0.0248195825322744,1.060178633995732
0.0,1.0,23.289021679880328,3.4323477303137744,5.0,48.0,51.0,MOZ,2012,Mozambique,Low income,Sub-Saharan Africa,5009344509.0,12669140465.0,0.0015639354822056,0.0017295643521259,-0.883752132220715,0.0485927927749468,-0.0232380637388269,0.0290286573065351,1.0669429608849383
0.0,1.0,23.35634015031896,3.461253279589735,5.0,48.0,52.0,MOZ,2013,Mozambique,Low income,Sub-Saharan Africa,4814395426.0,13997781555.0,0.0015352304073815,0.0016267998517737,-0.8299018814336946,0.0575210264791125,-0.0242179952880299,0.0338443673156288,1.0944128767607078
0.0,1.0,23.42771629895517,3.4902428295539893,5.0,48.0,53.0,MOZ,2014,Mozambique,Low income,Sub-Saharan Africa,5894893978.0,15024028377.0,0.0015741386625933,0.0010503338539497,-0.7913398446790425,0.0580691300036139,-0.0245624364494415,0.037009741785336,1.11120264279508
0.0,1.0,23.492785417874163,3.51925343634175,5.0,48.0,54.0,MOZ,2015,Mozambique,Low income,Sub-Saharan Africa,5279638424.0,10728551022.0,0.0025943832092314,-0.0023036587286302,-0.7135955389063673,0.0520769997016607,-0.0251476016650531,0.0401885192161467,1.1191284612724404
0.0,1.0,23.530314454000994,3.5485600797524324,5.0,48.0,55.0,MOZ,2016,Mozambique,Low income,Sub-Saharan Africa,4270264153.0,9053287501.0,0.0026791187172245,-0.0023000348839886,-0.7043567966902353,0.0485789236286702,-0.0260510919607271,0.041412394211701,1.1078141912716035
0.0,1.0,23.56704473776645,3.578444672505449,5.0,48.0,56.0,MOZ,2017,Mozambique,Low income,Sub-Saharan Africa,5444267918.0,8582511320.0,0.0026632814259364,-0.0013607269993216,-0.6666460543828947,0.0459127750964542,-0.0294592126090502,0.0434637871472886,1.1168673807841003
0.0,1.0,23.60090315562728,3.6082536628968924,5.0,48.0,57.0,MOZ,2018,Mozambique,Low income,Sub-Saharan Africa,6837559087.0,11875190092.0,0.0027150816979803,-0.0015852666425367,-0.6648840694321164,0.0437930957499742,-0.0296082259564999,0.04460486361115,1.1183059895767504
1.0,1.0,22.03793745524721,4.358447586733939,-9.0,51.0,4.0,NPL,1965,Nepal,Lower middle income,South Asia,57094106.84,102375639.8,-0.026186605717015,-0.008011356434555,-2.186460124170927,0.0019010592558623,-0.0721286231300716,-0.0713075493140372,-1.774511653941855
0.0,1.0,22.105975874044947,4.379287747469274,-9.0,51.0,5.0,NPL,1966,Nepal,Lower middle income,South Asia,51187819.92,79406746.29,0.0035871964598266,-0.0073396472778596,-2.194763935609696,0.0074428704705724,-0.0682583503899562,-0.0786244380839163,-1.7743646860856976
0.0,1.0,22.090136109740204,4.4004499346647865,-9.0,51.0,6.0,NPL,1967,Nepal,Lower middle income,South Asia,57881611.76,58537865.86,0.0034596242016148,-0.0092847245529058,-2.2223130165149683,0.0013387825195977,-0.0724779539697813,-0.0773777533876163,-1.7739208747274922
0.0,1.0,22.096868232492422,4.42197546489712,-9.0,51.0,7.0,NPL,1968,Nepal,Lower middle income,South Asia,52860114.37,57920043.86,0.0032169062313238,-0.0075287368670478,-2.2362237941164205,-0.004051606955738,-0.0725654101826618,-0.078848898280744,-1.7502912226033556
0.0,1.0,22.14053502421436,4.443640976320732,-9.0,51.0,8.0,NPL,1969,Nepal,Lower middle income,South Asia,55308641.98,80592592.59,0.0028256048113994,-0.0103616100003627,-2.2016762816731608,-0.0028539830594231,-0.0672486234741007,-0.0768473302525546,-1.6869799133046586
0.0,1.0,22.1659687487319,4.465521419068349,-9.0,51.0,9.0,NPL,1970,Nepal,Lower middle income,South Asia,42469135.8,71901234.57,0.0024606780992514,-0.011279235599399,-2.263364380081039,-0.0085538529936774,-0.0690691957708184,-0.0740966290223729,-1.6196608478416712
0.0,1.0,22.15394289407818,4.48730453323151,-9.0,51.0,10.0,NPL,1971,Nepal,Lower middle income,South Asia,47703703.7,80592592.59,0.0024638560604845,-0.0083106425482167,-2.309347700905328,-0.010827983189659,-0.0693695202504923,-0.0726764759200268,-1.567006726418484
0.0,1.0,22.18464473568899,4.50902111595373,-9.0,51.0,11.0,NPL,1972,Nepal,Lower middle income,South Asia,57975285.74,81086387.72,0.0025059501310833,-0.0067201584343482,-2.303182535881301,-0.0146367640911653,-0.0629328244921276,-0.0720510025514633,-1.5266662929915886
0.0,0.0,22.17986798237635,4.530811219445606,-9.0,51.0,12.0,NPL,1973,Nepal,Lower middle income,South Asia,64260709.31,100827880.8,0.0024904632755256,0.0012454389821346,-2.4055206119791586,-0.0170754262264048,-0.0615479565127961,-0.0660057077347979,-1.36647773115681
0.0,1.0,22.24127902789718,4.552656787997819,-9.0,51.0,13.0,NPL,1974,Nepal,Lower middle income,South Asia,66375047.55,128470911.0,0.0038780917888046,-0.0063464706665463,-2.4257386963787844,-0.011878065092565,-0.0250965367713305,-0.0550002717865934,-1.0650470611040797
0.0,1.0,22.255738688340305,4.57468898991112,-9.0,51.0,14.0,NPL,1975,Nepal,Lower middle income,South Asia,140262466.7,210631428.3,0.0044516597943498,-0.0051000602737395,-2.3869261663157433,-0.0062383570582468,-0.0149281404456345,-0.0431719897514886,-0.9635985743462964
0.0,1.0,22.298784156507605,4.596577359169242,-9.0,51.0,15.0,NPL,1976,Nepal,Lower middle income,South Asia,156521017.2,205966282.2,0.0045505352631456,-0.0051135545647412,-2.3856074189625347,-0.0076111041000948,-0.0138304701924719,-0.0406217731758359,-0.9423197211000042
0.0,1.0,22.32850773581556,4.619002400295623,-9.0,51.0,16.0,NPL,1977,Nepal,Lower middle income,South Asia,162959992.0,197919992.0,0.0049291111623665,-0.0063641745706993,-2.3707155156600965,-0.0083967672953185,-0.0109949566028943,-0.041286393490138,-0.8888301135284569
0.0,1.0,22.371622218016366,4.642216333602008,-9.0,51.0,17.0,NPL,1978,Nepal,Lower middle income,South Asia,169586602.2,248201284.5,0.0048612903216676,-0.0058907195664771,-2.2581884904378797,0.0007917258341407,-0.0147263828288996,-0.0279968301842839,-0.7487193776401531
0.0,1.0,22.395034770657155,4.665586805938344,-9.0,51.0,18.0,NPL,1979,Nepal,Lower middle income,South Asia,218166658.3,295583341.7,0.0048906790805331,-0.0040782909671245,-2.214906584291605,-0.0072207426540226,-0.022837146295898,-0.0046447284926715,-0.5521743422557354
0.0,1.0,22.371567616179398,4.6891709456137916,-9.0,51.0,19.0,NPL,1980,Nepal,Lower middle income,South Asia,224583341.7,364500008.3,0.0049819402703978,-0.0062573145727138,-2.2724019476273547,-0.0114554418003831,-0.0286900545447373,0.0035146091317146,-0.4235742214863588
0.0,1.0,22.451690081940264,4.712639016188083,-2.0,51.0,20.0,NPL,1981,Nepal,Lower middle income,South Asia,293583341.7,446416683.3,0.0049281201711103,-0.0035969561314175,-2.162491849851893,-0.014178796918975,-0.0245436451076025,0.0097583683013388,-0.4063648460178302
0.0,1.0,22.48878714419605,4.73595225230125,-2.0,51.0,21.0,NPL,1982,Nepal,Lower middle income,South Asia,277667558.5,450514044.4,0.0049002142206779,-0.004061283543756,-2.1442757709311744,-0.0123390517440661,-0.0253316993780258,0.0109168072406483,-0.3991371706769535
0.0,1.0,22.458560838850868,4.759667599124979,-2.0,51.0,22.0,NPL,1983,Nepal,Lower middle income,South Asia,250371505.2,521619390.4,0.0048920573644599,-0.0033053993299726,-2.1581713740136776,-0.0110652019941084,-0.0253868345430906,0.0109007444199869,-0.3881967931836018
0.0,1.0,22.550967990920018,4.783125698801401,-2.0,51.0,23.0,NPL,1984,Nepal,Lower middle income,South Asia,274961829.1,502021598.5,0.0047567968066723,-0.0007095922080938,-1.9017032482631435,-0.0320723074349418,-0.0329143139138765,0.0170324647039108,-0.3762484457161054
0.0,1.0,22.610602996103857,4.805835973801837,-2.0,51.0,24.0,NPL,1985,Nepal,Lower middle income,South Asia,302055495.9,523971554.7,0.005473312769347,0.0006280252696063,-1.665862270721628,-0.0322472290238468,-0.0451310212818217,0.0230319644396555,-0.4237986357081735
0.0,1.0,22.655247919091323,4.827928992097356,-2.0,51.0,25.0,NPL,1986,Nepal,Lower middle income,South Asia,332466751.7,578786925.8,0.0060537430184254,-0.0014887671097724,-1.4537488598813844,-0.0324048521330553,-0.055113586242052,0.0228344602693587,-0.4644646810477709
0.0,1.0,22.67206195031202,4.849103399671996,-2.0,51.0,26.0,NPL,1987,Nepal,Lower middle income,South Asia,349348712.9,618261968.8,0.0063085911379339,-0.0015616129730341,-1.4622083479950154,-0.0322301732271785,-0.0598133535612543,0.0244166139880891,-0.4262681760164407
0.0,1.0,22.746211716808826,4.870148620533548,-2.0,51.0,27.0,NPL,1988,Nepal,Lower middle income,South Asia,399163908.4,780457946.0,0.0066256874701688,-0.0007868299085721,-1.4406447771729591,-0.0347324211095211,-0.0578212748710291,0.0263523733804253,-0.3995381797373584
1.0,1.0,22.788597108720925,4.8923874824482425,-2.0,51.0,28.0,NPL,1989,Nepal,Lower middle income,South Asia,390158053.3,785537464.0,-0.0564359877513526,-0.0022357545024045,-1.3709832960912922,-0.0532895295931804,-0.0488623084304657,0.0251970776836202,-0.4130601661255343
1.0,1.0,22.833905373792618,4.916584474631372,5.0,51.0,29.0,NPL,1990,Nepal,Lower middle income,South Asia,381884479.9,785781967.5,-0.064068538924401,-0.0027236734203503,-1.3692030136150617,-0.0542447670753167,-0.0349503933463786,0.0231049687508927,-0.4142499271153984
0.0,1.0,22.895641381648172,4.942466258877282,5.0,51.0,30.0,NPL,1991,Nepal,Lower middle income,South Asia,450607063.7,909166930.6,0.0100978820856251,-0.0021671401558266,-1.4409334882396154,-0.0336589621825699,-0.044979236863519,0.0265814997186988,-0.3779575797972632
0.0,1.0,22.93588471214174,4.970672827298412,5.0,51.0,31.0,NPL,1992,Nepal,Lower middle income,South Asia,542824053.5,875325167.0,0.0107721800295218,-0.0016485084273438,-1.4780837627282315,-0.033760514924002,-0.045627014044049,0.0295789181242792,-0.3282364255912518
0.0,1.0,22.97366063231313,4.997975495949465,5.0,51.0,32.0,NPL,1993,Nepal,Lower middle income,South Asia,674654166.7,1052504167.0,0.0112797768449827,-0.0020555663502507,-1.4833703713197188,-0.0380515890092372,-0.0435941365539336,0.0309405285267109,-0.2986862924168242
0.0,1.0,23.052619701138322,5.023028068796459,5.0,51.0,33.0,NPL,1994,Nepal,Lower middle income,South Asia,772440816.3,1278518367.0,0.0114476659292577,-0.0029773728312214,-1.4540498647328328,-0.0371897115787761,-0.0436141763097515,0.026466437217965,-0.2681849368078666
0.0,1.0,23.0867162687587,5.047047647624796,5.0,51.0,34.0,NPL,1995,Nepal,Lower middle income,South Asia,1099094803.0,1519145030.0,0.0121759040169831,-0.00275316916591,-1.374852994268026,-0.0360407491311332,-0.0388810185088464,0.0210436700346591,-0.1613454830211432
0.0,1.0,23.138628071478728,5.069118015838458,5.0,51.0,35.0,NPL,1996,Nepal,Lower middle income,South Asia,1031715001.0,1611500000.0,0.0167922212897422,-0.0017671183558053,-1.1658243244294613,-0.0377962544510238,-0.0333897373518397,0.0119537078400765,-0.0397560169821074
0.0,1.0,23.187881105077274,5.089901497907148,5.0,51.0,36.0,NPL,1997,Nepal,Lower middle income,South Asia,1294985096.0,1854725583.0,0.0117662048434191,-0.0017096201250601,-1.1313350196378735,-0.0498795464800241,-0.0377426682777037,0.0155620984031045,0.0180119068748838
0.0,1.0,23.217599015823424,5.109556534650575,5.0,51.0,37.0,NPL,1998,Nepal,Lower middle income,South Asia,1108297014.0,1645665860.0,0.0109715633920344,-0.00255984533446,-1.1097238552600326,-0.0537355802130976,-0.0363777243564403,0.0156398231666381,0.0443878822223668
0.0,1.0,23.260778931695565,5.128167544530877,6.0,51.0,38.0,NPL,1999,Nepal,Lower middle income,South Asia,1150110375.0,1495923473.0,0.0114574106833702,-0.0032967063467392,-1.0705051406893378,-0.0503947026468612,-0.0293718395214252,0.0161824083823138,0.0611071163321767
0.0,1.0,23.32093285440394,5.1430357310147325,6.0,51.0,39.0,NPL,2000,Nepal,Lower middle income,South Asia,1279281888.0,1781598378.0,0.0077967772540408,-0.0035356772946629,-1.0654882137387325,-0.0451916631142308,-0.027641808768932,0.017059448681602,0.0856770636976903
0.0,1.0,23.367815411108033,5.159209559729557,6.0,51.0,40.0,NPL,2001,Nepal,Lower middle income,South Asia,1355238095.0,1996693878.0,0.0070187581287641,-0.0040154522109331,-1.050730410661356,-0.0427801943295287,-0.0279350744775567,0.0178247619487548,0.1037370964986214
0.0,1.0,23.36901612175555,5.17441532087648,-6.0,51.0,41.0,NPL,2002,Nepal,Lower middle income,South Asia,1073251679.0,1724111682.0,0.0072889255935032,-0.0032278150659899,-1.0519917700017538,-0.0440582074340673,-0.0474680009319031,0.017456796838956,0.1021694079812914
0.0,1.0,23.40770821213437,5.188519551176717,-6.0,51.0,42.0,NPL,2003,Nepal,Lower middle income,South Asia,993875698.0,1807224670.0,0.0046487532460195,-0.0023191594892434,-1.0692524237996492,-0.0382578897718357,-0.0511566112471127,0.0143897936600784,0.1626403108688598
0.0,1.0,23.453470972186704,5.201203034689695,-6.0,51.0,43.0,NPL,2004,Nepal,Lower middle income,South Asia,1213488963.0,2143236207.0,0.0046848702306215,-0.0009360310536345,-1.1099809202705286,-0.0355963071023415,-0.0539897260144904,0.0150725391123443,0.2462547814232412
0.0,1.0,23.48767122932872,5.21239458100949,-6.0,51.0,44.0,NPL,2005,Nepal,Lower middle income,South Asia,1185691417.0,2396740062.0,0.0055743791082836,0.0004146934464515,-1.1251450998542587,-0.0314045616286614,-0.0547515807319562,0.0134869080852685,0.2924756313152129
0.0,1.0,23.520763730094412,5.222076644699668,6.0,51.0,45.0,NPL,2006,Nepal,Lower middle income,South Asia,1216071411.0,2832075349.0,0.0051955515438054,0.0002179873525528,-1.101740659179098,-0.0260748959316504,-0.0339361980476746,0.0125816204616776,0.4445689703588477
0.0,1.0,23.554310301388615,5.230438478993376,6.0,51.0,46.0,NPL,2007,Nepal,Lower middle income,South Asia,1327426849.0,3275658805.0,0.0050680529691265,0.0006330336506279,-1.0453116048580058,-0.0612917924533406,-0.0340281937037909,0.0141143086061123,0.6031727350079178
0.0,1.0,23.613565884382552,5.237933884467578,6.0,51.0,47.0,NPL,2008,Nepal,Lower middle income,South Asia,1602782687.0,4172661317.0,0.0057387996720055,0.0018856290019894,-0.887968613413248,-0.1424251565072024,-0.0346432280058065,0.0062572288616012,0.8439050710607553
0.0,0.0,23.657899262472114,5.2446912078842365,6.0,51.0,48.0,NPL,2009,Nepal,Lower middle income,South Asia,1596506175.0,4455549991.0,0.0061055572418868,-0.0029680390978032,-0.8244573075794834,-0.1435109580647976,-0.0348939881572086,-1.0216763588944487e-05,0.8483172258980833
0.0,0.0,23.70493946446793,5.250888312672575,6.0,51.0,49.0,NPL,2010,Nepal,Lower middle income,South Asia,1533460341.0,5825346141.0,0.0064088211573107,-0.0030907616685646,-0.737349733421965,-0.125552355128777,-0.0350618788189512,-0.0007880380078046,0.9221352209182428
0.0,0.0,23.73858532307689,5.2553601299575865,6.0,51.0,50.0,NPL,2011,Nepal,Lower middle income,South Asia,1684085753.0,6146530703.0,0.0066173342408166,-0.0035472431131183,-0.7194781240968742,-0.1237842560888458,-0.0359030156684764,-0.0030351412616093,0.9374603822035976
0.0,0.0,23.784228847954093,5.257920922614119,6.0,51.0,51.0,NPL,2012,Nepal,Lower middle income,South Asia,1899084545.0,6331144981.0,0.00723363326862,-0.007894594934768,-0.574769637873826,-0.087447672622905,-0.0522801745821971,0.0144385477579822,0.9504627753764704
0.0,0.0,23.818873270998182,5.259919329783719,6.0,51.0,52.0,NPL,2013,Nepal,Lower middle income,South Asia,2059901303.0,7218389060.0,0.0080976232268267,-0.0106438427955363,-0.5114758415011927,-0.0533607779429623,-0.0654392147377452,0.0245076029570082,0.9482736654817472
0.0,0.0,23.877250501909966,5.262900528958031,6.0,51.0,53.0,NPL,2014,Nepal,Lower middle income,South Asia,2301358066.0,8151238036.0,0.0082529370356762,-0.0159035362734407,-0.4403453381144357,-0.0313067928490259,-0.0718170396370987,0.0418686325742345,0.9408470860719022
1.0,0.0,23.91624093159493,5.2683517104426825,6.0,51.0,54.0,NPL,2015,Nepal,Lower middle income,South Asia,2488355629.0,8879790220.0,-0.0766617209443118,-0.0162932387001016,-0.4588026770910672,-0.0454128459530536,-0.0749422241096123,0.0438328555624069,1.082044875665371
1.0,0.0,23.920562716364664,5.273078687740643,6.0,51.0,55.0,NPL,2016,Nepal,Lower middle income,South Asia,2005968674.0,8322479253.0,-0.0778163178211392,-0.0162828250997631,-0.4531139926370087,-0.0448192565963432,-0.0754495494667814,0.0440563737584497,1.0776729834016032
0.0,1.0,24.006531944602923,5.275072587328418,6.0,51.0,56.0,NPL,2017,Nepal,Lower middle income,South Asia,2263315184.0,10670300514.0,0.0085938863571349,0.0185781439455177,-0.2507102846188101,-0.022367794192022,-0.0649607067624609,0.0731945208419479,0.9703376439273655
0.0,1.0,24.079990341120876,5.277512590268266,7.0,51.0,57.0,NPL,2018,Nepal,Lower middle income,South Asia,2587877949.0,13453790806.0,0.0091171402661135,0.0172558190491894,-0.2323342084744107,-0.0209624841453011,-0.0556371234604582,0.0768868032411584,0.988192229925956
0.0,0.0,21.887685140311344,2.725269113741892,-8.0,49.0,0.0,NIC,1961,Nicaragua,Lower middle income,Latin America & Caribbean,57134379.42,59945532.24,0.0025269541507416,-0.0007678419816731,-2.111812212139847,0.0159019127390103,-0.0721194832082862,-0.0560014869427409,-1.8400158497563417
0.0,0.0,21.991060872810763,2.7552377986728698,-8.0,49.0,1.0,NIC,1962,Nicaragua,Lower middle income,Latin America & Caribbean,71175903.95,77832506.02,0.0024986856015243,-0.0002860272480908,-2.0710815883695024,0.0332782717169519,-0.0724915941413418,-0.0619207749281753,-1.8286573060341431
0.0,0.0,22.094208254452514,2.785345116742956,-8.0,49.0,2.0,NIC,1963,Nicaragua,Lower middle income,Latin America & Caribbean,85701581.77,89918283.96,0.0024841813480924,-3.912239673044141e-05,-2.048212065487215,0.0455813567198637,-0.0704988964025152,-0.0728638724499324,-1.8231223174262208
0.0,0.0,22.204841157898272,2.815656489324015,-8.0,49.0,3.0,NIC,1964,Nicaragua,Lower middle income,Latin America & Caribbean,100227288.4,105871525.8,0.0024480154891589,5.298730177451749e-05,-1.9903134419340909,0.042931900098697,-0.0639789126215875,-0.0685735037604581,-1.785136306070027
0.0,0.0,22.295825228304622,2.8462771474227653,-8.0,49.0,4.0,NIC,1965,Nicaragua,Lower middle income,Latin America & Caribbean,165339902.8,182869912.2,0.0023404511276583,-0.0001115888249279,-1.8075289621044088,0.0475616887444895,-0.0454302189970583,-0.0554193438018886,-1.6744052610517957
0.0,0.0,22.32830341931308,2.8772208272334616,-8.0,49.0,5.0,NIC,1966,Nicaragua,Lower middle income,Latin America & Caribbean,164627048.6,207159869.4,0.0020905693291425,-1.7787470510499063e-05,-1.7530380536719616,0.0499922549360607,-0.0454424231913683,-0.0525812610710942,-1.620833050574574
0.0,0.0,22.395677109667627,2.90841882767342,-8.0,49.0,6.0,NIC,1967,Nicaragua,Lower middle income,Latin America & Caribbean,173891683.8,230288987.8,0.0018578594894503,-0.0007084054151044,-1.6311774604569655,0.0506221483625102,-0.0440150285160794,-0.0411287250543433,-1.5504019115356815
0.0,0.0,22.40901733244237,2.939781666492278,-8.0,49.0,7.0,NIC,1968,Nicaragua,Lower middle income,Latin America & Caribbean,184888776.2,210576068.7,0.0017422459403478,-0.0007786402336811,-1.6484507072236656,0.0575324785981106,-0.0451425782539521,-0.0417130467266244,-1.509606067313526
0.0,0.0,22.469526219563345,2.971167602916199,-8.0,49.0,8.0,NIC,1969,Nicaragua,Lower middle income,Latin America & Caribbean,182894687.4,203851355.2,0.0014546372561307,-0.0004587160965046,-1.638090859767494,0.0499025279260268,-0.0487244409702281,-0.0422734379724296,-1.4745530323445162
0.0,0.0,22.48297366201944,3.002467477063508,-8.0,49.0,9.0,NIC,1970,Nicaragua,Lower middle income,Latin America & Caribbean,208130437.2,227279250.2,0.0012645423898014,-0.0001763600016758,-1.7164967168259513,0.0523903856348995,-0.050071356964818,-0.0382717746538297,-1.3888583470495643
0.0,0.0,22.5154868966252,3.033654938838308,-8.0,49.0,10.0,NIC,1971,Nicaragua,Lower middle income,Latin America & Caribbean,217911327.6,236470381.1,0.0012506711827867,-0.000212815712986,-1.6727288227746322,0.049489658453629,-0.0491075406379743,-0.0310989424124551,-1.3411932878917754
0.0,0.0,22.537451135780067,3.0627313578341844,-8.0,49.0,11.0,NIC,1972,Nicaragua,Lower middle income,Latin America & Caribbean,310040793.3,260426280.4,0.0012338353226946,-0.0018041873836201,-1.5748589368330832,0.0604440938445316,-0.0450089980652183,-0.0212836219535055,-1.254825442255313
0.0,0.0,22.599646419703546,3.091721359213211,-8.0,49.0,12.0,NIC,1973,Nicaragua,Lower middle income,Latin America & Caribbean,308310584.5,413146202.2,0.0012347439647955,-0.0023604489822657,-1.3678937082593856,0.0522140755557781,-0.0424768379362548,0.0193204668251949,-1.1386826956941951
0.0,0.0,22.732361198571272,3.122495602732724,-8.0,49.0,13.0,NIC,1974,Nicaragua,Lower middle income,Latin America & Caribbean,442345369.7,648227312.1,0.0008713210905688,-0.0016923005210721,-1.1589534900616811,0.0434876043827586,-0.0600205366888524,0.0183453042910837,-0.9038109053249372
0.0,0.0,22.730827554210514,3.1530864635160842,-8.0,49.0,14.0,NIC,1975,Nicaragua,Lower middle income,Latin America & Caribbean,443524241.3,584238745.5,3.372408457240874e-06,-0.0019018610379709,-1.2046161175021504,0.0402105953847764,-0.0651999264771592,0.0184783008809561,-0.854529610473486
0.0,0.0,22.781610536102225,3.1834719963740357,-8.0,49.0,15.0,NIC,1976,Nicaragua,Lower middle income,Latin America & Caribbean,606080024.8,584906471.6,0.0001053226377664,-0.0012787729131661,-1.214262775256389,0.0396007885763038,-0.066928269823097,0.0223725504694077,-0.8225571885568712
1.0,0.0,22.861977626869184,3.213554729316197,-8.0,49.0,16.0,NIC,1977,Nicaragua,Lower middle income,Latin America & Caribbean,714673957.1,833487995.3,-0.012183006931898,-0.0004443587046676,-1.174938209587595,0.0815627062911033,-0.0738022729632876,0.0247518372139741,-0.7454273071602888
1.0,0.0,22.780346654541166,3.2424657489405027,-8.0,49.0,17.0,NIC,1978,Nicaragua,Lower middle income,Latin America & Caribbean,732135141.8,664891167.7,-0.0112271103339139,0.0002353888336475,-1.2233080142458197,0.081680222676356,-0.0726063409863206,0.0233192322624176,-0.6886381967196101
1.0,0.0,22.472750420086278,3.2694371746096125,-3.0,49.0,18.0,NIC,1979,Nicaragua,Lower middle income,Latin America & Caribbean,658777311.7,441002913.4,-0.0191565453905742,0.0016042697896716,-2.116037641235891,0.058037475111008,-0.0225918189322134,0.0122543855688312,-0.5307497038288818
0.0,0.0,22.517835942632694,3.296828316946967,-3.0,49.0,19.0,NIC,1980,Nicaragua,Lower middle income,Latin America & Caribbean,519538167.5,927803481.9,0.0017554082114643,0.000899791511549,-1.9989893512643069,0.0520464253766955,-0.0231635032923393,0.024054769509736,-0.3603104536410803
0.0,0.0,22.57008004163943,3.325102377128048,-5.0,49.0,20.0,NIC,1981,Nicaragua,Lower middle income,Latin America & Caribbean,552951119.6,1033954423.0,0.0016018909178934,9.569275725773328e-05,-1.7886563591472155,0.0536067185279716,-0.0335101409908681,0.0247163257454991,-0.3905609872843997
0.0,0.0,22.561882917658377,3.352540788471723,-5.0,49.0,21.0,NIC,1982,Nicaragua,Lower middle income,Latin America & Caribbean,392200153.4,639525498.6,0.0014975099588062,0.0001692362208598,-1.8809524522933525,0.0512054492256112,-0.0273352016653979,0.0222562671420884,-0.3710363979421562
1.0,0.0,22.606982581574794,3.378811963691839,-5.0,49.0,22.0,NIC,1983,Nicaragua,Lower middle income,Latin America & Caribbean,534109824.6,825726780.2,-0.0142298898329843,-0.0006749332442327,-1.648130814055816,0.0677627041831108,-0.0420167839800058,0.026869161476092,-0.4129774827098867
1.0,0.0,22.591197714353452,3.4036606905574156,-1.0,49.0,23.0,NIC,1984,Nicaragua,Lower middle income,Latin America & Caribbean,512628153.9,918158454.6,-0.0159653402861554,-0.0008040801266909,-1.665495123818076,0.0652882318019903,-0.0398698293986456,0.0254840591699304,-0.4015744927200055
1.0,0.0,22.549522736495867,3.427516578614109,-1.0,49.0,24.0,NIC,1985,Nicaragua,Lower middle income,Latin America & Caribbean,396280490.1,585751365.9,-0.0143874929000852,0.0003655571247247,-1.88101457543198,0.0672630468693201,-0.0342095158043775,0.021464756340765,-0.3512728359105046
1.0,0.0,22.539297545217007,3.4508964608970825,-1.0,49.0,25.0,NIC,1986,Nicaragua,Lower middle income,Latin America & Caribbean,368698847.7,601158383.7,-0.0163314779201238,0.0007286564579903,-1.9722080144740213,0.060763363515659,-0.0318931301188035,0.0214847204304943,-0.3343592923715077
1.0,0.0,22.532208951045828,3.473826939404418,-1.0,49.0,26.0,NIC,1987,Nicaragua,Lower middle income,Latin America & Caribbean,453312552.5,529939250.1,-0.0247867151405891,1.5781076581914235e-05,-1.9109580885133133,0.0499755354803798,-0.0454541109418341,0.0254134058685356,-0.2163740408129077
1.0,0.0,22.39925085639571,3.4967845161412967,-1.0,49.0,27.0,NIC,1988,Nicaragua,Lower middle income,Latin America & Caribbean,473058950.4,1533030883.0,-0.0284449563167799,0.0004237811026382,-1.913045933192945,0.0542929967412862,-0.0452431286396915,0.0381164190249622,0.0281051244257255
1.0,0.0,22.3817158496822,3.52021098578442,-1.0,49.0,28.0,NIC,1989,Nicaragua,Lower middle income,Latin America & Caribbean,329660035.5,660512092.0,-0.0307584485328719,0.0005696972953524,-1.954344075237048,0.0429680274334648,-0.041760522906431,0.0354854668204579,0.0240181274282824
1.0,0.0,22.381190714637416,3.5435642384448114,6.0,49.0,29.0,NIC,1990,Nicaragua,Lower middle income,Latin America & Caribbean,251842580.6,467806451.6,-0.0380708464018374,0.0008430716277205,-1.9421109269223404,0.0363761141283124,-0.0355156920890036,0.0240248034627803,0.009727219748127
0.0,0.0,22.37929610585329,3.5666181544538,6.0,49.0,30.0,NIC,1991,Nicaragua,Lower middle income,Latin America & Caribbean,324886597.9,781711340.2,0.0055078090159548,0.0005685910921806,-1.93566539738693,0.0209214405501943,-0.0310239922163421,0.0281960992065821,0.066859681519258
0.0,0.0,22.38315212728664,3.5892239237589343,6.0,49.0,31.0,NIC,1992,Nicaragua,Lower middle income,Latin America & Caribbean,309280000.0,954960000.0,0.006091446420019,0.0006691940063666,-1.9212000638969136,0.0140217797972238,-0.0227854229568728,0.0281225347444442,0.17686184801448
0.0,0.0,22.379215027813597,3.6111766056667856,6.0,49.0,32.0,NIC,1993,Nicaragua,Lower middle income,Latin America & Caribbean,358807189.5,840604575.2,0.0058550470074339,0.0012293837018613,-1.920444814653519,0.012861210783834,-0.0196667568134895,0.0292824968058244,0.2243269775436246
0.0,0.0,22.412047359388364,3.6324111011272215,6.0,49.0,33.0,NIC,1994,Nicaragua,Lower middle income,Latin America & Caribbean,507617767.9,1002161964.0,0.0060120364709394,0.001387328610698,-1.904510002886882,0.0135758360284426,-0.0218753470004835,0.0288436124672591,0.2351090499749509
0.0,0.0,22.46948486498078,3.6527800569616127,8.0,49.0,34.0,NIC,1995,Nicaragua,Lower middle income,Latin America & Caribbean,666412217.8,1157042258.0,0.0047692143172957,0.00131370197477,-1.8010918376168148,0.0178106074267728,0.1139435548346892,0.0233199828045668,0.2940367936211073
0.0,0.0,22.53099632526562,3.671353914828898,8.0,49.0,35.0,NIC,1996,Nicaragua,Lower middle income,Latin America & Caribbean,725843473.6,1362967813.0,0.0038977715930726,0.000708852727352,-1.7272824444775332,0.0201683085570377,0.1079260929660611,0.0273271533778272,0.2675921093423262
0.0,0.0,22.56989632331427,3.6880425159789025,8.0,49.0,36.0,NIC,1997,Nicaragua,Lower middle income,Latin America & Caribbean,852512885.4,1693914533.0,0.0022913135543566,-0.0003693281949973,-1.6147398089716487,0.0228123695271983,0.0687974224143388,0.0284389358535301,0.2588016455397215
0.0,0.0,22.606340892901706,3.703328124034335,8.0,49.0,37.0,NIC,1998,Nicaragua,Lower middle income,Latin America & Caribbean,896218482.9,1746565268.0,0.00692817132854,-0.000548028891277,-1.511027121197451,0.0190602504566206,0.0407160022370391,0.0309481402092592,0.2475723334216478
0.0,0.0,22.67433565754473,3.7176331736254684,8.0,49.0,38.0,NIC,1999,Nicaragua,Lower middle income,Latin America & Caribbean,899835239.3,2137009200.0,0.0076637847424197,-0.0002426375446976,-1.3315278860738553,0.0287897374957514,0.002506453113423,0.0270421051565826,0.1804621051981992
0.0,0.0,22.71453272310862,3.7313885073899558,8.0,49.0,39.0,NIC,2000,Nicaragua,Lower middle income,Latin America & Caribbean,1027444240.0,2104655848.0,0.0056888138006531,-0.0003885698152498,-1.318604373554228,0.0276837708381617,0.0005750815895565,0.0266191409174794,0.2079780999694913
0.0,0.0,22.743711292049596,3.744284639989191,8.0,49.0,40.0,NIC,2001,Nicaragua,Lower middle income,Latin America & Caribbean,1019075853.0,2083877017.0,0.0054285506595813,0.0001205249760063,-1.2986430838064011,0.0287608973458715,0.0031134301643576,0.0267299053526784,0.229745435977648
0.0,0.0,22.751222401526633,3.7564132539066284,8.0,49.0,41.0,NIC,2002,Nicaragua,Lower middle income,Latin America & Caribbean,984522983.0,2050007301.0,0.0049445575554221,0.0001230286325721,-1.2929623522111078,0.0296685557450402,0.0039962832286223,0.0246574716046906,0.2562304522200078
0.0,0.0,22.776117265836117,3.7681988847472225,8.0,49.0,42.0,NIC,2003,Nicaragua,Lower middle income,Latin America & Caribbean,1101967322.0,2207131661.0,0.0028607276952451,-0.0004161576898413,-1.2678096416151283,0.0289556186887803,7.382309504856174e-05,0.0224033303193968,0.367475021786649
0.0,0.0,22.827876072627976,3.780016980723942,8.0,49.0,43.0,NIC,2004,Nicaragua,Lower middle income,Latin America & Caribbean,1335841956.0,2556737616.0,0.0026695813758432,-0.0011210918252717,-1.3018639646764438,0.027901646140063,-0.00211024259914,0.0201827435317192,0.4673968438272398
0.0,0.0,22.869808474734008,3.793053979262967,8.0,49.0,44.0,NIC,2005,Nicaragua,Lower middle income,Latin America & Caribbean,1541273560.0,2987684968.0,0.0027194348891397,-0.0019981980150703,-1.3330613506828315,0.027750793316571,-0.0032438669225891,0.0186980623607387,0.5195529672396824
0.0,0.0,22.910501176674828,3.807318747719292,8.0,49.0,45.0,NIC,2006,Nicaragua,Lower middle income,Latin America & Caribbean,2114772341.0,3790567751.0,0.0027598950528016,-0.0020099154902244,-1.3094537486797655,0.0264682006635529,-0.0077596478205647,0.0144512140431592,0.6617652610592568
0.0,0.0,22.960021566531033,3.821680902925533,9.0,49.0,46.0,NIC,2007,Nicaragua,Lower middle income,Latin America & Caribbean,2454433020.0,4451215795.0,0.002719424595476,-0.0025392959208065,-1.297458125147397,0.0285101269458266,0.1014695306457448,0.0111617433870904,0.8472883794965406
0.0,0.0,22.993808058606398,3.836012225714584,9.0,49.0,47.0,NIC,2008,Nicaragua,Lower middle income,Latin America & Caribbean,2928943987.0,5295609531.0,0.0032533302914665,-0.0029612577233959,-1.266630494416397,0.0113367822187187,0.0581942665666291,0.0032249228279341,0.9777812183178066
0.0,0.0,22.96032583675402,3.8502573910021427,9.0,49.0,48.0,NIC,2009,Nicaragua,Lower middle income,Latin America & Caribbean,2820023106.0,4399317810.0,0.0032636791934529,-0.0028693989425405,-1.2786873349372927,0.010164781917555,0.0531224273602142,0.0047604209775339,0.989805946791721
0.0,0.0,23.00347771182894,3.864449069852783,9.0,49.0,49.0,NIC,2010,Nicaragua,Lower middle income,Latin America & Caribbean,3544353652.0,5246135011.0,0.0036343033556863,-0.0026106501400585,-1.2478622206071035,0.0172175622317051,0.0503827361184629,0.0131157613731751,1.0442301061814054
0.0,1.0,23.064737203905956,3.8785713992014825,9.0,49.0,50.0,NIC,2011,Nicaragua,Lower middle income,Latin America & Caribbean,4400107700.0,6530275932.0,0.0037390162810143,0.0017231295331377,-1.228057632555539,0.0191219934570559,0.0501317105507595,0.0177407052349644,1.0720057994623542
0.0,1.0,23.12766747636128,3.8926046718376806,9.0,49.0,51.0,NIC,2012,Nicaragua,Lower middle income,Latin America & Caribbean,4999461750.0,7131030120.0,0.0054134731548064,0.0016355015135643,-1.126362123380231,0.0191682062006172,0.0490968804244399,0.0200365708174059,1.0241884043622314
0.0,1.0,23.175766953137856,3.9064975471608268,9.0,49.0,52.0,NIC,2013,Nicaragua,Lower middle income,Latin America & Caribbean,4965877905.0,7223504605.0,0.0056483485335392,0.0019451279427538,-1.0306405219580437,0.026921111795209,0.0485181201529365,0.0228209389864936,1.055729215538511
0.0,1.0,23.222515188012576,3.9202147229061053,9.0,49.0,53.0,NIC,2014,Nicaragua,Lower middle income,Latin America & Caribbean,5347156490.0,7329057911.0,0.006224885020134,0.0019268964235528,-0.9749093760617572,0.0297013187709785,0.048795416227536,0.0212261760573967,1.0608737338827214
0.0,1.0,23.269322976767718,3.9337914897488115,9.0,49.0,54.0,NIC,2015,Nicaragua,Lower middle income,Latin America & Caribbean,5113365846.0,7412965477.0,0.006679368100699,0.0019453412259272,-0.9543863305899006,0.0302730083360765,0.0489174413934202,0.0214630894479394,1.059770076468516
0.0,1.0,23.3139474803094,3.947238379833982,6.0,49.0,55.0,NIC,2016,Nicaragua,Lower middle income,Latin America & Caribbean,5165902338.0,7298277151.0,0.0072323153478722,0.0016896654276285,-0.8916665292305883,0.0286058624222117,-0.0213413770269401,0.020180569203604,1.0699235008085402
0.0,1.0,23.359215214879427,3.960556878662624,6.0,49.0,56.0,NIC,2017,Nicaragua,Lower middle income,Latin America & Caribbean,5698946073.0,7587978453.0,0.0074165370277455,0.0016443893167516,-0.8522610564915158,0.0322965385477777,-0.0219522574020448,0.0153177222147539,1.0888267829702634
1.0,1.0,23.324999416800814,3.9737446994054966,6.0,49.0,57.0,NIC,2018,Nicaragua,Lower middle income,Latin America & Caribbean,5506692298.0,6735028773.0,-0.0562088228599011,0.0011780945978862,-0.9096248634234102,-0.0063838932765718,-0.0219739058611608,0.0201881491418202,1.1906208477529543
0.0,0.0,25.360080028268964,2.3619322026686365,10.0,50.0,9.0,NOR,1970,Norway,High income,Europe & Central Asia,4506712960.0,4586652480.0,-0.001258512229682,-0.0037953103741644,1.0764739567750712,0.0166892928924959,0.1681240629955521,0.0515524620202304,-1.8520045862249912
0.0,0.0,25.415255714887063,2.3689451360278646,10.0,50.0,10.0,NOR,1971,Norway,High income,Europe & Central Asia,4897319973.0,5267648351.0,-0.0014112569330581,-0.0015697064793329,1.137948234058426,0.0424469116006304,0.1950704454230007,0.0546358780890204,-1.6930481828465005
0.0,0.0,25.467188760581664,2.3765931663723365,10.0,50.0,11.0,NOR,1972,Norway,High income,Europe & Central Asia,5877629702.0,5746182569.0,-0.0010362885836201,-0.0014208369142469,1.174154211992137,0.0560488221376646,0.2093212745673202,0.0443134770538281,-1.6474315011707197
0.0,0.0,25.511523952656358,2.383588214092158,10.0,50.0,12.0,NOR,1973,Norway,High income,Europe & Central Asia,8189670124.0,8276214922.0,-0.0011119983442727,-0.0022292550820596,1.2170271205264207,0.0675704365347183,0.1476890149886968,0.0582683393610983,-1.3552388380557985
0.0,0.0,25.55000233105436,2.389791708340094,10.0,50.0,13.0,NOR,1974,Norway,High income,Europe & Central Asia,10509052837.0,11237070599.0,0.000234032108079,0.0014563941167881,1.249685788122196,0.0843656675317775,0.0992366636931389,0.085607976409868,-0.9957325019891498
0.0,0.0,25.598333380734214,2.395310597218609,10.0,50.0,14.0,NOR,1975,Norway,High income,Europe & Central Asia,11586982724.0,13488492223.0,0.0004205638609223,0.0026982936655499,1.2574804996057891,0.0977496950437856,0.0832552276846402,0.0825207894495041,-0.9215763970639176
0.0,0.0,25.654958928702047,2.4000007365713047,10.0,50.0,15.0,NOR,1976,Norway,High income,Europe & Central Asia,12652982681.0,15656922936.0,0.0020374535258149,0.0029259796411476,1.333204200225737,0.1158198240220409,0.0862856957077296,0.0818950358433052,-0.8230760340738275
0.0,0.0,25.6957214758005,2.404227350088305,10.0,50.0,16.0,NOR,1977,Norway,High income,Europe & Central Asia,13926176388.0,17703766319.0,0.0018596670053038,0.0054165386221872,1.3788796337621667,0.1119530655029896,0.0860618895622252,0.0797895550445154,-0.7325205612430613
0.0,0.0,25.733687774950543,2.408045235388964,10.0,50.0,17.0,NOR,1978,Norway,High income,Europe & Central Asia,16484939816.0,16416839937.0,0.0006660706334497,0.0067837232893844,1.3984738388136913,0.0996722664635098,0.0783089856165485,0.0805812961716895,-0.7110379767779047
0.0,0.0,25.776481578577787,2.411450891563193,10.0,50.0,18.0,NOR,1979,Norway,High income,Europe & Central Asia,20451807824.0,19333543966.0,-0.0010212059609554,0.008663420117353,1.418625844460638,0.0607789982460264,0.0833931115537171,0.0811048093292409,-0.5259174671403279
0.0,0.0,25.821118042464203,2.414663147481094,10.0,50.0,19.0,NOR,1980,Norway,High income,Europe & Central Asia,27018950437.0,23299927114.0,-0.0034505352339287,0.0034574261635148,1.4711309695073247,0.0166022804876866,0.103741550292574,0.0700565441844515,-0.3453584266752734
0.0,0.0,25.83697503439406,2.418103943316292,10.0,50.0,20.0,NOR,1981,Norway,High income,Europe & Central Asia,26748497256.0,22306298458.0,-0.0027049942977662,0.0005268237563116,1.5079614990096306,0.0137308344646551,0.109294048248009,0.0648473076453212,-0.2808245967020928
0.0,0.0,25.839323644778574,2.421776726332961,10.0,50.0,21.0,NOR,1982,Norway,High income,Europe & Central Asia,25341958475.0,22290517509.0,-0.0027561783299208,0.0005113213859031,1.5087344903920568,0.0145815869281066,0.1094945419732338,0.0646779200282061,-0.2777025073521119
0.0,0.0,25.878284263310874,2.4250873294625945,10.0,50.0,22.0,NOR,1983,Norway,High income,Europe & Central Asia,25115536429.0,20438709501.0,-0.0021550545665217,0.0009291715799845,1.5189648023593805,0.0115446278306665,0.1065452294571897,0.067074671641236,-0.2796159212287091
0.0,0.0,25.93704875637971,2.4279093562027807,10.0,50.0,23.0,NOR,1984,Norway,High income,Europe & Central Asia,25803344973.0,20504441585.0,-0.0016615093341234,0.0011450210240456,1.5612529029709616,0.0137044503732707,0.1037376090867162,0.073796029789687,-0.2771302207895041
0.0,0.0,25.99109306769641,2.4309040710579803,10.0,50.0,24.0,NOR,1985,Norway,High income,Europe & Central Asia,27037523845.0,22448587912.0,-0.0005241877621843,0.0004354388123147,1.615614791507615,0.014712342077283,0.1103938957539488,0.0850266003027512,-0.2892394393472846
0.0,0.0,26.030721323405473,2.434470957729863,10.0,50.0,25.0,NOR,1986,Norway,High income,Europe & Central Asia,26003083289.0,28849987153.0,-0.0003214791857513,0.0003315564821385,1.6780238578383448,0.014885716957084,0.1225029417650859,0.08961380828631,-0.2795187517940314
0.0,0.0,26.048103413303842,2.4391514531917506,10.0,50.0,26.0,NOR,1987,Norway,High income,Europe & Central Asia,29427235622.0,31705380334.0,-0.0002689138640702,0.0004242005807018,1.6569664420090635,0.0150493886436099,0.1268275489469061,0.0886634712586673,-0.2480031701830818
0.0,0.0,26.045543840939292,2.4445306807835747,10.0,50.0,27.0,NOR,1988,Norway,High income,Europe & Central Asia,32313794691.0,33175847783.0,0.0006689859558729,0.001004474232067,1.6359330975997193,0.0116984237556507,0.1329065397225992,0.0888876433092063,-0.1920310296183295
0.0,0.0,26.055873512927374,2.4486587562245132,10.0,50.0,28.0,NOR,1989,Norway,High income,Europe & Central Asia,37392425230.0,34084003186.0,0.0009180426646745,0.0010348070677367,1.6359250759569737,0.0109520630976579,0.1342560996241169,0.0893584042503769,-0.1869312041485225
0.0,0.0,26.075014959741694,2.452100269744606,10.0,50.0,29.0,NOR,1990,Norway,High income,Europe & Central Asia,46392958129.0,39122961164.0,0.0020472270493539,0.0014504903633895,1.641920311730975,0.0093453721191059,0.1404413468809886,0.0899586016613686,-0.1672387821257024
0.0,0.0,26.10539571957968,2.456865306431464,10.0,50.0,30.0,NOR,1991,Norway,High income,Europe & Central Asia,47030187108.0,37780622869.0,0.0042232659067015,0.0008913559664571,1.6504013587716435,0.0081548560194583,0.1438968157970847,0.0877576663291085,-0.1448556075288986
0.0,0.0,26.140516688241537,2.4626371090614754,10.0,50.0,31.0,NOR,1992,Norway,High income,Europe & Central Asia,47881567302.0,39401882694.0,0.0049025847491587,0.0011367955093058,1.6316101158473844,0.0051261232457865,0.1405420579251318,0.0820941167678199,-0.0748937145547004
0.0,0.0,26.168571149222213,2.4685894021433525,10.0,50.0,32.0,NOR,1993,Norway,High income,Europe & Central Asia,44244794970.0,36845547709.0,0.0048419310834339,0.0018073728454028,1.6212709316387748,0.0043209038769006,0.1362919929151925,0.0791987435083108,-0.0470505797620666
0.0,0.0,26.217889844855065,2.4742832844646028,10.0,50.0,33.0,NOR,1994,Norway,High income,Europe & Central Asia,46713188619.0,39271565405.0,0.0059185745867984,0.0020006558561325,1.643675404237588,0.0014928794914904,0.1336063116704849,0.0771779007675731,-0.0147984751643373
0.0,0.0,26.258605991058488,2.479474539220781,10.0,50.0,34.0,NOR,1995,Norway,High income,Europe & Central Asia,55671328451.0,46643515595.0,0.0043873943924475,0.0030022571878855,1.663335274372981,-0.0056759197462554,0.1438667744010985,0.0775879646741015,0.0468423855620257
0.0,0.0,26.307660238562587,2.4845433563049135,10.0,50.0,35.0,NOR,1996,Norway,High income,Europe & Central Asia,64479983875.0,50313808180.0,0.0030696475909918,0.0026039986402925,1.6706696492137934,-0.0077173323715392,0.1494332351136545,0.0803363460304938,0.0856125372510109
0.0,0.0,26.359158403056917,2.489965555253401,10.0,50.0,36.0,NOR,1997,Norway,High income,Europe & Central Asia,64600757769.0,51824016739.0,0.001694920323088,0.0025719521643058,1.6517466585136302,-0.0071797613133733,0.151498852628799,0.0795373606064382,0.1211787291256392
0.0,0.0,26.385062445602188,2.495919659197587,10.0,50.0,37.0,NOR,1998,Norway,High income,Europe & Central Asia,56686723834.0,53777153384.0,0.0003517699400631,0.0027709090625659,1.6550545093997235,-0.0107443928546674,0.1563126122842303,0.0803053522833829,0.1432204042136806
0.0,0.0,26.404990142483395,2.502767253687972,10.0,50.0,38.0,NOR,1999,Norway,High income,Europe & Central Asia,62333572674.0,50534029131.0,-1.020395705254158e-05,0.0024827705548413,1.70546872034491,-0.0167827704864263,0.1528514661727489,0.0775897626202848,0.1389600029875611
0.0,0.0,26.436539791325114,2.50925770161411,10.0,50.0,39.0,NOR,2000,Norway,High income,Europe & Central Asia,78206389602.0,49207775682.0,-0.0009466680308076,0.0023276021505283,1.7296186831753098,-0.0194854163981372,0.1417892893831115,0.0763318529829474,0.1536574972974053
0.0,0.0,26.457073024708308,2.514318170957683,10.0,50.0,40.0,NOR,2001,Norway,High income,Europe & Central Asia,78381841031.0,49088715148.0,-0.0016149696782526,0.0022805983220418,1.732435484080227,-0.0202201349310502,0.1450414639404962,0.0729590994140779,0.166361887264694
0.0,0.0,26.47143195591142,2.5197110790248174,10.0,50.0,41.0,NOR,2002,Norway,High income,Europe & Central Asia,79284551216.0,52991307397.0,-0.000215597877445,0.0018898385692679,1.7532212079822396,-0.024549167104746,0.1429122903672223,0.0754559119181325,0.1666485711511571
0.0,0.0,26.48049428730824,2.5255764055205194,10.0,50.0,42.0,NOR,2003,Norway,High income,Europe & Central Asia,91002514053.0,61127651761.0,-0.0033956356535832,0.0006214011111523,1.7470732242677005,-0.028841317692173,0.1539364216780741,0.0747354236670125,0.2486896948846774
0.0,0.0,26.519420847419596,2.531485714929437,10.0,50.0,43.0,NOR,2004,Norway,High income,Europe & Central Asia,109052000000.0,73112835272.0,-0.0070822083414238,-0.0005361489387091,1.9074232163537352,-0.0436829272012869,0.1927840682696651,0.0643232886054857,0.5199516874199029
0.0,0.0,26.545334924146573,2.538296444814817,10.0,50.0,44.0,NOR,2005,Norway,High income,Europe & Central Asia,134661000000.0,83779123011.0,-0.0070859814601786,-0.0024916404732194,1.9751919118981696,-0.0450391156712018,0.2078693680962544,0.051907863118359,0.6864703624120332
0.0,0.0,26.56905121939892,2.546350372128421,10.0,50.0,45.0,NOR,2006,Norway,High income,Europe & Central Asia,154507000000.0,94092432913.0,-0.0068544672452103,-0.002799063778918,1.9711116046060233,-0.0512335397114176,0.2008905686396481,0.0481215923140749,0.7841510940877878
0.0,0.0,26.59855324575433,2.5566977176692642,10.0,50.0,46.0,NOR,2007,Norway,High income,Europe & Central Asia,172966000000.0,116704000000.0,-0.0016754281688678,-0.0028582860458029,2.0324777332633435,-0.0660062954553438,0.19730972336715,0.0496873840757654,0.881556910043642
0.0,0.0,26.603304287676682,2.569161047369544,10.0,50.0,47.0,NOR,2008,Norway,High income,Europe & Central Asia,214876000000.0,132814000000.0,-0.0013655605974152,-0.0032250199207893,1.995182827530639,-0.0606010493789104,0.1950507695106235,0.0487010856999605,0.9496439331688624
0.0,0.0,26.585885137134852,2.5817723207036685,10.0,50.0,48.0,NOR,2009,Norway,High income,Europe & Central Asia,154454000000.0,107292000000.0,-0.0035485123764069,-0.0032723860857074,1.9359891103952227,-0.0554823602346193,0.1864629739541576,0.0477654432551322,0.9477681644932598
0.0,0.0,26.592879084222055,2.59422898182693,10.0,50.0,49.0,NOR,2010,Norway,High income,Europe & Central Asia,173069000000.0,121079000000.0,-0.0015535511540565,-0.0032145742132568,1.959751107971217,-0.0636666930763064,0.1911387378148729,0.0481702461973595,0.973280208246924
0.0,0.0,26.602644526117405,2.607200876186549,10.0,50.0,50.0,NOR,2011,Norway,High income,Europe & Central Asia,208873000000.0,140067000000.0,-0.0013445046736729,-0.0032076860901516,1.9632420342561097,-0.0582962105224724,0.1972362247708729,0.0488881910802426,0.9913656183397114
0.0,0.0,26.629316820789363,2.6203352857784235,10.0,50.0,51.0,NOR,2012,Norway,High income,Europe & Central Asia,211711000000.0,139534000000.0,-0.001164519079,-0.0031195067583978,1.9773330405882028,-0.0591822070394477,0.2017288328176939,0.0478081167421156,1.0034063709973455
0.0,0.0,26.639605356413497,2.6327581513847425,10.0,50.0,52.0,NOR,2013,Norway,High income,Europe & Central Asia,209676000000.0,147870000000.0,-0.0006880803048062,-0.0030982489862532,1.990742975162605,-0.0628563845567089,0.2005917585626738,0.0489440151526551,1.0045257208850022
1.0,1.0,26.65910931730237,2.644076491806174,10.0,50.0,53.0,NOR,2014,Norway,High income,Europe & Central Asia,199328000000.0,147559000000.0,-0.0061576897944703,0.0024963872395715,1.9749170490766363,-0.0589146390858103,0.2048599457167138,0.0495628949670851,1.0236613764941451
1.0,1.0,26.678590121437782,2.653800856285485,10.0,50.0,54.0,NOR,2015,Norway,High income,Europe & Central Asia,149733000000.0,123655000000.0,-0.006035290388607,0.002042938866986,1.9894848034786887,-0.0617287475020539,0.2069007869816218,0.0486399028859818,1.0226360258850158
1.0,1.0,26.689248460039703,2.662733703361727,10.0,50.0,55.0,NOR,2016,Norway,High income,Europe & Central Asia,133315000000.0,123078000000.0,-0.006035165110574,0.0020513834708939,1.9915597961571097,-0.0617658438390608,0.207674868610666,0.0483833816808639,1.0238432704795684
1.0,1.0,26.712214722429437,2.6708726865563177,10.0,50.0,56.0,NOR,2017,Norway,High income,Europe & Central Asia,147570000000.0,130071000000.0,-0.0063952297829032,0.0018499033370032,1.998749255699108,-0.0688829019105109,0.2098619980858433,0.0493526768739501,1.032734558641021
1.0,1.0,26.72334070858909,2.677514677303424,10.0,50.0,57.0,NOR,2018,Norway,High income,Europe & Central Asia,168092000000.0,139774000000.0,-0.0076697108467813,0.0016107996829639,2.014234548673256,-0.0699578371345048,0.2104864358312286,0.0495473582278633,1.0413344536264746
0.0,1.0,23.61767738107361,4.108693799558367,-7.0,52.0,0.0,PAK,1961,Pakistan,Lower middle income,South Asia,255984880.3,577278454.4,0.0121192345826257,0.0096449564169448,-0.6047349183106768,0.0144626511143021,0.0145691033172614,0.002522833589176,-2.0920094054835405
0.0,1.0,23.6615302207895,4.134670958593879,1.0,52.0,1.0,PAK,1962,Pakistan,Lower middle income,South Asia,288744225.1,620327593.4,0.0187102643502022,0.0088241351907398,-0.3868345647470431,0.0283671106579338,-0.0116662881654597,0.0076555682122067,-1.9320465613355993
0.0,1.0,23.744849077695058,4.161139641821707,1.0,52.0,2.0,PAK,1963,Pakistan,Lower middle income,South Asia,378622427.6,732255354.9,0.0235311768904299,0.007229909706473,-0.2133805467194846,0.0204702997063287,-0.0106167787286341,0.01204326045952,-1.8397090314869655
0.0,1.0,23.81781843534931,4.188118894428192,1.0,52.0,3.0,PAK,1964,Pakistan,Lower middle income,South Asia,401931961.4,801763964.7,0.0229039202899771,0.0086192997870227,-0.1438218906984398,0.02014279402983,-0.0136640576656869,0.0183884376719499,-1.9000010746612
0.0,1.0,23.916933782885337,4.215477644940155,1.0,52.0,4.0,PAK,1965,Pakistan,Lower middle income,South Asia,418311633.8,1007139857.0,0.0228488664070808,0.0074237337533827,-0.0774779663729106,0.0185279836847841,-0.0132078224585672,0.0223238457515319,-1.9243284938919925
0.0,1.0,23.973219138286456,4.243238219517285,1.0,52.0,5.0,PAK,1966,Pakistan,Lower middle income,South Asia,453170936.6,806173876.5,0.0194657105344324,0.0060845122722798,-0.0279059934367972,0.013738237767202,-0.0138513634468635,0.0239310376884769,-1.920578538266856
0.0,1.0,24.02581740049327,4.271453013250646,1.0,52.0,6.0,PAK,1967,Pakistan,Lower middle income,South Asia,516589668.2,1013229735.0,0.0181710596519769,0.0049543703184911,-0.0055259974657698,0.010087797132504,-0.0151480289114292,0.0239755881884989,-1.9128185435392384
0.0,1.0,24.095653311825803,4.299943850510768,1.0,52.0,7.0,PAK,1968,Pakistan,Lower middle income,South Asia,605837883.2,932801344.0,0.0175246677306799,0.0037404097716089,-0.0198648442954566,0.0046945576840986,-0.0196548317165778,0.022539133193426,-1.8562476404469448
0.0,1.0,24.149268954003563,4.3285813813511576,1.0,52.0,8.0,PAK,1969,Pakistan,Lower middle income,South Asia,601007979.8,916841663.2,0.0142428931348936,0.0025284054138897,0.0143768453252494,-0.0025702116247226,-0.0269336124606998,0.0167983493464599,-1.823712867154459
0.0,1.0,24.256808249863816,4.357341918424209,0.0,52.0,9.0,PAK,1970,Pakistan,Lower middle income,South Asia,763754724.9,1037799244.0,0.0101311328252669,-0.0028834796303502,0.0271837775301759,-0.0172949707106616,-0.0288741690741266,0.0126006744197312,-1.7199575770161946
1.0,1.0,24.261481040834873,4.384900688496646,0.0,52.0,10.0,PAK,1971,Pakistan,Lower middle income,South Asia,823603527.9,1117807644.0,-0.0749484211883784,-0.0038329534788652,-0.0143336622324486,-0.0421165540945715,-0.0316711394102015,0.0141712305573639,-1.4982496806164427
1.0,1.0,24.269582201688543,4.412571749742178,4.0,52.0,11.0,PAK,1972,Pakistan,Lower middle income,South Asia,675563974.5,814017565.0,-0.080372498464075,-0.0045327660455959,-0.0483135730331068,-0.0547112674265566,-0.0278522968735874,0.0131355975641297,-1.4750195476012888
1.0,0.0,24.33784126665887,4.441691036921146,8.0,52.0,12.0,PAK,1973,Pakistan,Lower middle income,South Asia,942116712.4,907783978.1,-0.0912951515993428,-0.0006467932947639,-0.0096152464195942,-0.0644386973631254,-0.0169841216255639,0.0254735665163333,-1.2046602775635964
1.0,1.0,24.37263094372277,4.471097328512216,8.0,52.0,13.0,PAK,1974,Pakistan,Lower middle income,South Asia,1208080808.0,1535555556.0,-0.1802082417879367,-0.0071396789926123,-0.1010799287965404,-0.0783037218548114,-0.0017174462219489,0.0285742081204024,-0.8947818444763542
1.0,1.0,24.41388243604992,4.500990522960396,8.0,52.0,14.0,PAK,1975,Pakistan,Lower middle income,South Asia,1312525253.0,2324848485.0,-0.215611870383837,-0.0128018638774757,-0.101616415260579,-0.1094619908465869,0.0007757424351827,0.032751663095237,-0.8762114011124319
1.0,1.0,24.464159014878785,4.531600470640488,8.0,52.0,15.0,PAK,1976,Pakistan,Lower middle income,South Asia,1402121212.0,2409494949.0,-0.2063615865625762,-0.0160184892431355,0.0200229087372739,-0.1028636974987923,0.0017377367760835,0.023984075986864,-0.8274306086109653
0.0,1.0,24.502876700435237,4.562960109778046,-7.0,52.0,16.0,PAK,1977,Pakistan,Lower middle income,South Asia,1413232323.0,2701111111.0,0.0322491382040516,-0.0202437688044671,0.1446586992475443,-0.0344340153057025,-0.0126021125002849,0.0232496796251863,-0.7097953856689626
0.0,1.0,24.5802870259963,4.594992203503256,-7.0,52.0,17.0,PAK,1978,Pakistan,Lower middle income,South Asia,1679696970.0,3292929293.0,0.0081950987055241,-0.0149404883358943,0.5174806233889897,-0.0243327843331443,-0.0172325080528903,0.0571705751115258,-0.6078109077592372
0.0,1.0,24.617182302500968,4.629632930209534,-7.0,52.0,18.0,PAK,1979,Pakistan,Lower middle income,South Asia,2174646465.0,4295858586.0,0.0041539568858287,-0.0173025285152115,0.5530937194431794,-0.0193021506393385,-0.0147899026569497,0.0484051107817789,-0.4371359370240524
0.0,1.0,24.71445150795231,4.670484426802342,-7.0,52.0,19.0,PAK,1980,Pakistan,Lower middle income,South Asia,2978282828.0,5512929293.0,0.0025800857570123,-0.0220320031646382,0.492720912568022,-0.0126003801772652,-0.0163307805075223,0.0332653393157187,-0.3485727887624962
0.0,1.0,24.790678609193506,4.71226544720439,-7.0,52.0,20.0,PAK,1981,Pakistan,Lower middle income,South Asia,3606767677.0,6275656566.0,0.0049169431075447,-0.0185234947053742,0.5661119784288005,-0.0280215438851406,-0.0195813835244947,0.031412479708887,-0.2980543496139245
0.0,1.0,24.854005335158032,4.749861190985111,-7.0,52.0,21.0,PAK,1982,Pakistan,Lower middle income,South Asia,3131090047.0,6492985782.0,0.004884312767688,-0.0208179782732273,0.6698944074522354,-0.0386181243419236,-0.0256223098661411,0.0506589873031327,-0.2715004949152348
0.0,1.0,24.919590605186787,4.784483198313953,-7.0,52.0,22.0,PAK,1983,Pakistan,Lower middle income,South Asia,3495669291.0,6458110236.0,0.0048839535890595,-0.024138904886298,0.7918847700396927,-0.0479953335074042,-0.0284593162731548,0.0687178565808779,-0.2482528934686376
0.0,1.0,24.969001582370435,4.815834114533412,-7.0,52.0,23.0,PAK,1984,Pakistan,Lower middle income,South Asia,3549643811.0,6843425349.0,0.0049045989844003,-0.0234151465219105,0.7970202442564881,-0.0532826913690898,-0.0295031607408421,0.0678787838469419,-0.2511145312914286
0.0,1.0,25.042178757962294,4.847526948574038,-4.0,52.0,24.0,PAK,1985,Pakistan,Lower middle income,South Asia,3290831135.0,7040171504.0,0.0048968136542431,-0.0250329235642722,0.799517670897552,-0.0557975960280892,-0.0335915620509586,0.0688515707917997,-0.252150102514738
0.0,1.0,25.09573519930462,4.881332667244011,-4.0,52.0,25.0,PAK,1986,Pakistan,Lower middle income,South Asia,3922380657.0,6415065096.0,0.0049301420147083,-0.0249600065245545,0.7942252973601365,-0.0682838041567602,-0.0337904784479983,0.0665342610194438,-0.2517707277519717
0.0,1.0,25.158262414972338,4.915427059562002,-4.0,52.0,26.0,PAK,1987,Pakistan,Lower middle income,South Asia,4605651034.0,6366035537.0,0.0050030056021552,-0.0244241668253899,0.7722177463083187,-0.0667368833664465,-0.0360305892205182,0.0645954367228369,-0.218883959760712
0.0,1.0,25.23174778201698,4.949041917271511,8.0,52.0,27.0,PAK,1988,Pakistan,Lower middle income,South Asia,5331871262.0,7473483338.0,0.004775770205796,-0.0162834396296726,0.8414947185867026,-0.0586422925803624,-0.0042509168926986,0.064127376467859,-0.25058001504825
0.0,1.0,25.280154719376547,4.981722539034617,8.0,52.0,28.0,PAK,1989,Pakistan,Lower middle income,South Asia,5652851126.0,8174710143.0,0.0049425998734466,-0.0166130814984504,0.8610602127028555,-0.0598811442747806,-0.008989674357488,0.0576725143638891,-0.248193507643697
0.0,1.0,25.323775227833792,5.015153024434119,8.0,52.0,29.0,PAK,1990,Pakistan,Lower middle income,South Asia,5917028935.0,8100453419.0,0.0059061649494535,-0.0160448892570413,0.9095043294819614,-0.0571721252094401,-0.0158221105138447,0.0522376306047696,-0.2480966292078645
0.0,1.0,25.373151229061904,5.048217559316237,8.0,52.0,30.0,PAK,1991,Pakistan,Lower middle income,South Asia,7725461182.0,8434875711.0,0.0073914967577271,-0.0150754731762075,0.934327408502397,-0.0544627075260033,-0.0230662085676997,0.0516670383719634,-0.2499664539045858
0.0,1.0,25.447382825595742,5.076842979528703,8.0,52.0,31.0,PAK,1992,Pakistan,Lower middle income,South Asia,8442738387.0,9984113697.0,0.0083312901627834,-0.0165962490892509,0.9847907837389772,-0.0386846899490497,-0.0351299144880567,0.0417681693225687,-0.1522241946069718
1.0,1.0,25.46480962265908,5.104568034757621,8.0,52.0,32.0,PAK,1993,Pakistan,Lower middle income,South Asia,8394305117.0,11552190707.0,-0.062489352465382,-0.0177571369155734,1.1150977272674356,-0.0516240061235245,-0.038751614802283,0.0366067962178929,-0.152318304433958
1.0,1.0,25.501506587614273,5.133495000882818,8.0,52.0,33.0,PAK,1994,Pakistan,Lower middle income,South Asia,8449778027.0,9883122490.0,-0.0640440741028509,-0.0249649897374663,1.1588324767470797,-0.0503746271790727,-0.0443694202462044,0.0332849961686992,-0.104047980202229
1.0,1.0,25.549938227976586,5.162398118407235,8.0,52.0,34.0,PAK,1995,Pakistan,Lower middle income,South Asia,10132269179.0,11777213240.0,-0.0597905336864168,-0.0270286393613973,1.1716297295050346,-0.0505949426339902,-0.0577606480214634,0.0282322278155149,-0.0562923630158125
0.0,1.0,25.597263968121695,5.1915050169335855,8.0,52.0,35.0,PAK,1996,Pakistan,Lower middle income,South Asia,10703072794.0,13567628711.0,0.0062991521792038,-0.0259563526110458,1.037589171160154,-0.0356993456469846,-0.0593221527105231,0.027890862197763,0.0168940529285644
0.0,1.0,25.607354809716128,5.219787720494226,7.0,52.0,36.0,PAK,1997,Pakistan,Lower middle income,South Asia,10040500611.0,12967600154.0,0.0039976266979178,-0.0254247688057878,1.028988262436242,-0.0335294425451477,-0.0681090683621828,0.0289699449718704,0.053653786322747
0.0,1.0,25.632540014522984,5.247400577063093,7.0,52.0,37.0,PAK,1998,Pakistan,Lower middle income,South Asia,10252214044.0,10900343052.0,0.003077905755327,-0.0252256799933276,1.032944620138246,-0.0339737313788477,-0.0695535278765254,0.0293074605823646,0.0683654568727824
0.0,1.0,25.66848756049434,5.274619948100159,-6.0,52.0,38.0,PAK,1999,Pakistan,Lower middle income,South Asia,9668690721.0,10684436463.0,0.0027753487750492,-0.0235976633645306,1.0584768346627864,-0.0332431528848356,-0.0912802162917409,0.0286516217918791,0.0768613895565188
0.0,1.0,25.710209350785824,5.302867546261193,-6.0,52.0,39.0,PAK,2000,Pakistan,Lower middle income,South Asia,9580014110.0,11769388548.0,0.0016085736299082,-0.0234446843927142,1.1297098925454858,-0.0276533915135922,-0.1136127631536392,0.033298380009898,0.1096072919061001
0.0,1.0,25.745131170771838,5.330829129748292,-6.0,52.0,40.0,PAK,2001,Pakistan,Lower middle income,South Asia,10322860873.0,12581363105.0,0.0013881390783578,-0.0253226299422913,1.180492444742648,-0.0257100823404486,-0.1207995348914272,0.0348283737680287,0.1236550307572457
0.0,1.0,25.769905137676854,5.3553371604195705,-5.0,52.0,41.0,PAK,2002,Pakistan,Lower middle income,South Asia,11029069178.0,11619627152.0,0.0011630669923292,-0.0256978045993616,1.1886997780444089,-0.0256361614486835,-0.1273785814781869,0.0373222346051078,0.1392408827650265
0.0,1.0,25.826073058346488,5.378876321865901,-5.0,52.0,42.0,PAK,2003,Pakistan,Lower middle income,South Asia,13669643162.0,14030211712.0,-0.0001009059520352,-0.0227054918971944,1.2038615780546458,-0.0231645526467704,-0.136762758780157,0.0392373934581351,0.2113638537310439
0.0,1.0,25.898827826211505,5.403557233428092,-5.0,52.0,43.0,PAK,2004,Pakistan,Lower middle income,South Asia,15103000000.0,17697600000.0,-0.0002618877881766,-0.0168927175861872,1.2329716432072002,-0.0203588928227855,-0.149352830935729,0.0401526884865304,0.3396854182100255
0.0,1.0,25.961976500922386,5.427594968494899,-5.0,52.0,44.0,PAK,2005,Pakistan,Lower middle income,South Asia,17790723345.0,25595408507.0,-0.0008011593777534,-0.0065974792374266,1.365446530425208,-0.012691817319101,-0.1485052604040289,0.0352663209275429,0.5264836334419941
0.0,1.0,26.019295588898288,5.451415021281787,-5.0,52.0,45.0,PAK,2006,Pakistan,Lower middle income,South Asia,20313153771.0,33184884875.0,-0.0010310609985872,0.0002535140316013,1.4463099891089417,-0.0059556224048515,-0.1617388658055415,0.03158955028014,0.6681603192642166
0.0,1.0,26.06648964529171,5.477835334039017,2.0,52.0,46.0,PAK,2007,Pakistan,Lower middle income,South Asia,21406517114.0,35286555607.0,-0.001672120584062,0.0008160074458798,1.4183026772048148,-0.0068423809072823,-0.1526553700992906,0.029319229253841,0.7647685579816529
0.0,1.0,26.08336010236109,5.50460690353101,5.0,52.0,47.0,PAK,2008,Pakistan,Lower middle income,South Asia,24013343672.0,45441542692.0,-0.0017797045448173,0.0014030887342327,1.3984473379699336,-0.0111921678180746,-0.1426827549460815,0.0256887037031914,0.8532382013399148
0.0,1.0,26.11128221555513,5.53001973447373,5.0,52.0,48.0,PAK,2009,Pakistan,Lower middle income,South Asia,23213002702.0,39220849369.0,-0.00178541638897,0.0015774296077587,1.392045497331812,-0.0094419124915311,-0.1420244617160467,0.025934203021056,0.8587937096184607
0.0,1.0,26.127221680517433,5.554727904630864,6.0,52.0,49.0,PAK,2010,Pakistan,Lower middle income,South Asia,24858636643.0,38066808316.0,-0.0017197547623791,0.0015196620083696,1.3797069686187613,-0.0097557902756797,-0.1386292278986382,0.0262550545731404,0.8781946969793326
0.0,1.0,26.154338044680934,5.5770969986076135,6.0,52.0,50.0,PAK,2011,Pakistan,Lower middle income,South Asia,31088962295.0,43534938844.0,-0.0016742271500399,0.0015403069756684,1.3745312769505729,-0.0080064232716106,-0.1376218994239938,0.0264837816801821,0.8897154897377284
0.0,1.0,26.18880804280898,5.596158996725893,6.0,52.0,51.0,PAK,2012,Pakistan,Lower middle income,South Asia,29697611485.0,48633322391.0,-0.0014107425835239,0.0016474987350978,1.3924232068478104,-0.0078077960842464,-0.1326263094700647,0.0257634167092488,0.9054755882850264
0.0,1.0,26.231831973312193,5.6124312380843016,7.0,52.0,52.0,PAK,2013,Pakistan,Lower middle income,South Asia,31497982328.0,48401946136.0,-0.0014192820838162,0.0018977360057211,1.409882194862561,-0.0082512031615579,-0.1270831425139745,0.0263178882183202,0.915397095204698
0.0,1.0,26.27751915827348,5.627434478649502,7.0,52.0,53.0,PAK,2014,Pakistan,Lower middle income,South Asia,30382086972.0,49596212908.0,-0.0014089321207583,0.0019967594938696,1.4626936427205015,-0.0103766124302656,-0.1124955515602129,0.027104766218643,0.9350581389765248
0.0,1.0,26.323744937836004,5.641459490292385,7.0,52.0,54.0,PAK,2015,Pakistan,Lower middle income,South Asia,29920081166.0,50134759860.0,-0.0015765449666192,0.0017499839622454,1.5036797744984256,-0.0118088165386054,-0.1053625780039317,0.0271693929132389,0.9423346493581628
0.0,1.0,26.37753938918835,5.65448112940598,7.0,52.0,55.0,PAK,2016,Pakistan,Lower middle income,South Asia,27400963629.0,50070595635.0,-0.0010666891733088,0.0016465937787932,1.537665788471549,-0.0117051128229678,-0.1081173581084957,0.0266266525625726,0.9508021826791336
0.0,1.0,26.42091286149653,5.668622128617438,7.0,52.0,56.0,PAK,2017,Pakistan,Lower middle income,South Asia,27888160733.0,58514391836.0,-0.0001019056383353,0.0014273415069278,1.624555022684761,-0.0101907144881173,-0.1154655180317369,0.0246627050067782,0.936300484938901
0.0,1.0,26.4806111951897,5.684859276988403,7.0,52.0,57.0,PAK,2018,Pakistan,Lower middle income,South Asia,30562205606.0,67821965005.0,0.0004429629022258,0.0014675508821365,1.6897505220709266,-0.0092911840898169,-0.1173427030965866,0.0258494259795785,0.9224674721935714
0.0,0.0,21.948269963707517,2.7474140437555654,4.0,53.0,0.0,PAN,1961,Panama,High income,Latin America & Caribbean,282659200.0,321486400.0,0.0024015938974001,-0.0004362861387741,-1.8768064899339587,0.0474384150654745,0.0552654567458191,0.084191715313981,-1.6894834785708253
0.0,0.0,22.02749452263509,2.7775041504542015,4.0,53.0,1.0,PAN,1962,Panama,High income,Latin America & Caribbean,346803300.0,372814600.0,0.0023716537829228,-0.0003061292604504,-1.8488294369878904,0.066058491782729,0.0550447745628993,0.0871833856144673,-1.6803224163161945
0.0,0.0,22.1094319463424,2.807845623514098,4.0,53.0,2.0,PAN,1963,Panama,High income,Latin America & Caribbean,380614200.0,434329900.0,0.002366775596224,-1.0912851303156298e-05,-1.793471593516188,0.0681001586690833,0.0527134718684886,0.0955580638515415,-1.6637817665888086
0.0,0.0,22.152799150588958,2.8381741945467276,4.0,53.0,3.0,PAN,1964,Panama,High income,Latin America & Caribbean,407276600.0,441970400.0,0.0023202428685952,-3.4682070258927004e-06,-1.7963835400262242,0.0700960761332885,0.0525306502433647,0.0989427306921973,-1.6548189200311227
0.0,0.0,22.240443992581582,2.8682435426487096,4.0,53.0,4.0,PAN,1965,Panama,High income,Latin America & Caribbean,464078900.0,496433000.0,0.002232625399301,-0.0004681028128367,-1.6568561104620638,0.0792586879492714,0.0223579435950879,0.1311903565083914,-1.5702681142071275
0.0,0.0,22.313521594387574,2.8980159189314714,4.0,53.0,5.0,PAN,1966,Panama,High income,Latin America & Caribbean,518176300.0,560299300.0,0.0019851438466776,-0.0006429550774552,-1.5749796123682518,0.0814200618577032,0.0098840780910022,0.1327907333948389,-1.5190103054955302
0.0,0.0,22.395589307376927,2.9274223236444348,4.0,53.0,6.0,PAN,1967,Panama,High income,Latin America & Caribbean,582900100.0,603791100.0,0.0018559794676058,-0.0015528646580392,-1.438341306108357,0.0859455864684188,0.0021963087243287,0.157617040126897,-1.449505374840376
0.0,0.0,22.463036612333454,2.9563937703037286,-7.0,53.0,7.0,PAN,1968,Panama,High income,Latin America & Caribbean,637577200.0,630826500.0,0.0018069060271805,-0.0016721525124726,-1.4398374091097703,0.0837880262940969,-0.0107163127321946,0.1577115628980678,-1.388969856387588
0.0,0.0,22.544076261360544,2.9849710542746504,-7.0,53.0,8.0,PAN,1969,Panama,High income,Latin America & Caribbean,701141700.0,731327800.0,0.0014935168188278,-0.0026884876907122,-1.26309184333301,0.0713555531003984,0.0047336718203571,0.1470805501370509,-1.3577562001372725
0.0,0.0,22.611353772803284,3.0132468136052686,-7.0,53.0,9.0,PAN,1970,Panama,High income,Latin America & Caribbean,753693500.0,832024900.0,0.0013169679927045,-0.0021140516552997,-1.1209304090630408,0.0623623385401304,0.010332351721609,0.1128059317798033,-1.3563945773165291
0.0,0.0,22.703168191111118,3.041276595195177,-7.0,53.0,10.0,PAN,1971,Panama,High income,Latin America & Caribbean,827859100.0,925391300.0,0.0011088554241465,-0.0020207164426509,-0.9705391770336876,0.061403825807563,0.0083204549681372,0.0960083335306858,-1.412798788097246
0.0,0.0,22.747977226846647,3.068936603188622,-7.0,53.0,11.0,PAN,1972,Panama,High income,Latin America & Caribbean,894452800.0,1030379300.0,0.0011215421322982,-0.0021393453210327,-0.9126121202627762,0.0634680929386883,0.006222653775867,0.1019614776452478,-1.3135781645010884
0.0,0.0,22.80023100694736,3.0960498286844227,-7.0,53.0,12.0,PAN,1973,Panama,High income,Latin America & Caribbean,1025310500.0,1152110300.0,0.0011290239692871,-0.0017864759750747,-1.013370627489415,0.0558010112046443,-0.0038314419706657,0.1137402533204356,-1.1399411830455477
0.0,0.0,22.82441929298019,3.1226066705948083,-7.0,53.0,13.0,PAN,1974,Panama,High income,Latin America & Caribbean,1479040900.0,1806463200.0,0.001065873554738,-0.0010699658799759,-1.097691841334562,0.0514488699639086,-0.0451632877298784,0.0956394423103492,-0.8486263832436007
0.0,0.0,22.841678683516413,3.148607495044258,-7.0,53.0,14.0,PAN,1975,Panama,High income,Latin America & Caribbean,1680181200.0,1968574100.0,0.0008338807883077,-0.0005609001454711,-1.1328598428858283,0.0477220889525977,-0.0530631689656119,0.0874576723085471,-0.8085871509607646
0.0,0.0,22.858186293619465,3.1739960842369115,-7.0,53.0,15.0,PAN,1976,Panama,High income,Latin America & Caribbean,1626595600.0,1920906000.0,0.0009253725860554,-0.0005196318356143,-1.147340771144228,0.0442259884997382,-0.055556143240214,0.0887077967860555,-0.7822160148038089
0.0,0.0,22.869067140921864,3.1987900580598123,-7.0,53.0,16.0,PAN,1977,Panama,High income,Latin America & Caribbean,1788323200.0,1963649700.0,0.0011627701965294,8.522302890535391e-05,-1.148039232783953,0.0474653997738368,-0.0611276363012224,0.0846137602975792,-0.7209109872446106
0.0,0.0,22.962490486436845,3.2230698691560087,-6.0,53.0,17.0,PAN,1978,Panama,High income,Latin America & Caribbean,1915103700.0,2167125500.0,0.000692116050978,0.0007228397445615,-1.115153100554208,0.0508829997995136,-0.0348669863180398,0.0900846228886896,-0.6395715723697522
0.0,0.0,23.00664852052548,3.2470215915751925,-6.0,53.0,18.0,PAN,1979,Panama,High income,Latin America & Caribbean,2183808400.0,2701126300.0,0.0006703113376034,0.0011504201542977,-1.1881352978414976,0.0528432002676653,-0.0358132393268743,0.0852349627578176,-0.533842409827375
0.0,0.0,23.129613499892812,3.270791632074434,-6.0,53.0,19.0,PAN,1980,Panama,High income,Latin America & Caribbean,3000600900.0,3343857700.0,0.0007062834888801,0.0014734128100679,-0.9676304296066792,0.0445475239723809,-0.0334290699514518,0.0459974110691287,-0.3332602068468189
0.0,0.0,23.21768673282997,3.294459858364328,-6.0,53.0,20.0,PAN,1981,Panama,High income,Latin America & Caribbean,3253003600.0,3730569700.0,0.0003567466527797,0.0009184080665563,-0.8998595149015026,0.0432748402683929,-0.0311900652579525,0.0439291292061008,-0.3172949679611053
0.0,0.0,23.269790035279044,3.3180530989068435,-5.0,53.0,21.0,PAN,1982,Panama,High income,Latin America & Caribbean,3277786800.0,3460434900.0,0.0005974421365938,0.0011890919384629,-0.8486000603055813,0.0450900319262445,-0.032991155159144,0.0416894875322545,-0.3018822380246734
0.0,0.0,23.223836518381646,3.3415699868661966,-5.0,53.0,22.0,PAN,1983,Panama,High income,Latin America & Caribbean,2792310500.0,2724782300.0,0.0002297307670644,0.0010293084560493,-0.8663811825839141,0.0460768938774171,-0.0342828695281173,0.0416024850372977,-0.2967371799881999
0.0,0.0,23.250570692141363,3.3649376108826137,-6.0,53.0,23.0,PAN,1984,Panama,High income,Latin America & Caribbean,2752048000.0,2929064300.0,0.0001950071398631,0.0010724603797615,-0.8568287712301363,0.0469077467564945,-0.0268262563403407,0.0409366723712266,-0.2973370303512151
0.0,0.0,23.29881054917627,3.3879792970860048,-6.0,53.0,24.0,PAN,1985,Panama,High income,Latin America & Caribbean,2972609600.0,3180313400.0,8.389928066200798e-05,0.0011024638734611,-0.8525064638241924,0.0474844003733092,-0.0263626685523256,0.0420058940733774,-0.2998605420250215
0.0,0.0,23.3338667202525,3.410625045915927,-6.0,53.0,25.0,PAN,1986,Panama,High income,Latin America & Caribbean,3202394800.0,3413764500.0,0.0001024731311747,0.0011407611219543,-0.8485938509894315,0.0488545665924694,-0.0257055103636134,0.0420012172905439,-0.2931235248171975
1.0,0.0,23.31561053071003,3.4328713921980896,-8.0,53.0,26.0,PAN,1987,Panama,High income,Latin America & Caribbean,3233834800.0,3497613100.0,-0.0109157351233714,0.0043641052623231,-0.8515181761395053,0.1381649411894599,-0.0473292073563496,0.0437788319066737,-0.2443684709355756
1.0,0.0,23.171972883974654,3.4547326234564384,-8.0,53.0,27.0,PAN,1988,Panama,High income,Latin America & Caribbean,2940126900.0,2824846900.0,-0.0030422810418515,0.0010372896048348,-0.9709763260384032,0.1302440673090454,-0.0525742615741158,0.0444688749415454,-0.2164563784640074
1.0,0.0,23.18747457944467,3.4761652528776366,8.0,53.0,28.0,PAN,1989,Panama,High income,Latin America & Caribbean,3092916000.0,3393593400.0,-0.0062131897788685,0.0011540544373593,-0.9625181119969192,0.1242845617255289,-0.021017504670415,0.0455450011132728,-0.2190547376010133
0.0,0.0,23.26535180272628,3.4974703218033736,8.0,53.0,29.0,PAN,1990,Panama,High income,Latin America & Caribbean,3699099600.0,4137057400.0,0.0013578003459364,0.0013899375820977,-0.9151870473962492,0.0484763982821465,-0.0065630803154301,0.0419995101101199,-0.2045951960567668
0.0,0.0,23.355366217080995,3.5186973932710113,8.0,53.0,30.0,PAN,1991,Panama,High income,Latin America & Caribbean,4552713300.0,5369275600.0,0.0084418975085105,0.0013574683396119,-0.895053377655066,0.0490292180327588,-0.0019306339405381,0.0432160955200425,-0.1966618568951933
0.0,0.0,23.434192927231656,3.5396351114227875,8.0,53.0,31.0,PAN,1992,Panama,High income,Latin America & Caribbean,5336629500.0,6315044100.0,0.0115431005403646,0.0013475320641211,-0.891990659557541,0.0476447833107143,0.0012473748084793,0.0413624272601752,-0.1245486711282754
0.0,0.0,23.487314122129252,3.5604080694578513,8.0,53.0,32.0,PAN,1993,Panama,High income,Latin America & Caribbean,5626006400.0,6641440500.0,0.0221227881386353,0.0017081329875556,-0.8202066494608429,0.040373106279077,0.0079000831396289,0.0366317893565072,-0.0516890522818872
0.0,0.0,23.515416979693853,3.581014534497275,9.0,53.0,33.0,PAN,1994,Panama,High income,Latin America & Caribbean,6185029900.0,7264372200.0,0.0239634084195137,0.0019477419701076,-0.7840567025727484,0.0390772851114351,0.0484974619242388,0.036765325978371,-0.0285789568278818
0.0,0.0,23.532782116761567,3.601411960118759,9.0,53.0,34.0,PAN,1995,Panama,High income,Latin America & Caribbean,6399816900.0,7664630500.0,0.0229175183335156,0.0022127908467099,-0.7818857934210998,0.0445299171283906,0.0553082647269917,0.0379842561627686,0.0170320602034312
0.0,0.0,23.57276891335287,3.6216386932129456,9.0,53.0,35.0,PAN,1996,Panama,High income,Latin America & Caribbean,7673646700.0,7558309100.0,0.0184699991738408,0.0018830043737057,-0.7698583118726063,0.047796642804601,0.0740253294059224,0.0365679715759838,0.0517005542230058
0.0,0.0,23.635377358458047,3.6417457563337168,9.0,53.0,36.0,PAN,1997,Panama,High income,Latin America & Caribbean,8944359100.0,8629854000.0,0.0135773084891194,0.0016799858917285,-0.6511733244476287,0.0626598954630868,0.1449428956381835,0.0416815031389186,0.155459615552567
0.0,0.0,23.70622251996603,3.6617160253008874,9.0,53.0,37.0,PAN,1998,Panama,High income,Latin America & Caribbean,8476358300.0,8934147100.0,0.0139613983784833,0.0013044175379418,-0.5874461857311629,0.072279139977531,0.1571263697992489,0.0435534917188488,0.1855879197992457
0.0,0.0,23.744646825586397,3.6815287210515533,9.0,53.0,38.0,PAN,1999,Panama,High income,Latin America & Caribbean,7437744600.0,7902775100.0,0.0196381133038017,0.0011109047813438,-0.5610346226388373,0.0655778348848374,0.1579981879440681,0.0459267757689015,0.1846267560107542
0.0,0.0,23.771438444970876,3.7011687766001233,9.0,53.0,39.0,PAN,2000,Panama,High income,Latin America & Caribbean,8252110300.0,8405006400.0,0.0272318269508912,0.0004975217375275,-0.4570471626507871,0.0381773439363442,0.1089669150356763,0.0703044900580084,0.2344889504313019
0.0,0.0,23.7771647462721,3.720632850112795,9.0,53.0,40.0,PAN,2001,Panama,High income,Latin America & Caribbean,8417757100.0,8195266400.0,0.024749817862587,0.000325509879781,-0.4537206470140467,0.0416345982119056,0.1136693674236126,0.0719903787580979,0.2569082135379567
0.0,0.0,23.79921141672887,3.739929512084408,9.0,53.0,41.0,PAN,2002,Panama,High income,Latin America & Caribbean,8042654200.0,8089552400.0,0.0216791758463714,-0.0012765455464727,-0.4145712212432101,0.0285487196833405,0.0897046237083921,0.0822167564733974,0.2743181584941582
0.0,0.0,23.84040610285521,3.759066527491213,9.0,53.0,42.0,PAN,2003,Panama,High income,Latin America & Caribbean,7908174700.0,8044255200.0,0.0138421857721967,-0.002757031410104,-0.3588458751571555,0.0194460215282435,0.0949522369694834,0.0950646557136453,0.3746264879911675
0.0,0.0,23.912932135544715,3.7781164320321188,9.0,53.0,43.0,PAN,2004,Panama,High income,Latin America & Caribbean,9147223700.0,9692055300.0,0.0106906372864379,-0.0061846343578755,-0.2679849288234326,0.0139265628541304,0.1036307445987152,0.1031722331003299,0.5209283187029644
0.0,0.0,23.98237684602577,3.796968085178565,9.0,53.0,44.0,PAN,2005,Panama,High income,Latin America & Caribbean,11343421800.0,11798912400.0,0.0104483170600299,-0.0163468029486992,-0.1752560812096526,0.0089238851154234,0.0769835696330887,0.1044520425989044,0.6627428387084258
0.0,0.0,24.065361059613487,3.8155085495343735,9.0,53.0,45.0,PAN,2006,Panama,High income,Latin America & Caribbean,12911451400.0,13486936400.0,0.0110107553695488,-0.0183759546200979,-0.1373501684021814,0.0083733574389402,0.0881393477039607,0.0899015562664397,0.8162819716909111
0.0,0.0,24.178546747156403,3.8338476679165,9.0,53.0,46.0,PAN,2007,Panama,High income,Latin America & Caribbean,15632029200.0,16654324300.0,0.0108538357124175,-0.0163761410362462,-0.1338806643384762,0.0142874420684762,0.0984408818205069,0.0853914757237836,0.9052162782924288
0.0,0.0,24.272543836601315,3.852054208299181,9.0,53.0,47.0,PAN,2008,Panama,High income,Latin America & Caribbean,20139437700.0,22194340800.0,0.0098941819016616,-0.0162531097829388,-0.1165604172701106,0.0151842766572082,0.0986042073200642,0.0872238937031763,0.9688728981901462
0.0,0.0,24.284897142535446,3.87009652034936,9.0,53.0,48.0,PAN,2009,Panama,High income,Latin America & Caribbean,19444070800.0,18642684400.0,0.0096211370178283,-0.0157497205825093,-0.1195370385112464,0.0155791008365617,0.0991224879441709,0.0876766497500776,0.9799523233587196
0.0,1.0,24.341542029761136,3.887935099675735,9.0,53.0,49.0,PAN,2010,Panama,High income,Latin America & Caribbean,21169337600.0,22801278400.0,0.0095087329680185,0.0159873147026497,-0.0980983424459041,0.0184810076322162,0.1088056936023587,0.092328471532143,1.0368350098766177
1.0,1.0,24.448723519626416,3.9056819857896867,9.0,53.0,50.0,PAN,2011,Panama,High income,Latin America & Caribbean,27745672000.0,28715326100.0,-0.0702183101256729,0.0146800737630258,-0.1004490245864957,-0.0102012761751267,0.1000496215903988,0.081225695464141,1.3112751627285584
1.0,1.0,24.542017942540667,3.9233271796197267,9.0,53.0,51.0,PAN,2012,Panama,High income,Latin America & Caribbean,31007035900.0,32720763400.0,-0.0387538546516545,0.0006010968961035,0.214947734497707,0.0344439779345463,0.0601838995818316,0.0778137419718887,1.1373627731597218
1.0,1.0,24.608778506093017,3.9407505908483755,9.0,53.0,52.0,PAN,2013,Panama,High income,Latin America & Caribbean,30311100700.0,32165330900.0,-0.0193123544202838,-0.0002026174839323,0.3162708866137821,0.0478060698759036,0.0435148987001378,0.06878725284633,1.0483283142038775
1.0,1.0,24.658201064121506,3.961018992224172,9.0,53.0,53.0,PAN,2014,Panama,High income,Latin America & Caribbean,28227865800.0,30898187800.0,-0.0193183768714142,-0.0001900108574258,0.3179763927025686,0.0478076765470573,0.0433490966241939,0.0682504324116168,1.047317239779218
1.0,1.0,24.713948440146268,3.9783227410915014,9.0,53.0,54.0,PAN,2015,Panama,High income,Latin America & Caribbean,26426478300.0,27433598900.0,-0.0180008594441951,-0.0001894289087596,0.3220745757147929,0.0496709404244487,0.0427407554890164,0.0675331295944654,1.0431329701306231
1.0,1.0,24.76229289949991,3.9956094288712745,9.0,53.0,55.0,PAN,2016,Panama,High income,Latin America & Caribbean,24944633900.0,25491123600.0,-0.0174960545910569,0.0011194563273864,0.3451594343988123,0.0515468881473361,0.0422518422264965,0.0669192519494337,1.0197465668696692
1.0,1.0,24.81669726380395,4.012741435700295,9.0,53.0,56.0,PAN,2017,Panama,High income,Latin America & Caribbean,26677342700.0,27388495500.0,-0.0169700041865164,0.0011120930000368,0.372319130002196,0.0524171108089825,0.0410016902855691,0.0679927702277576,0.9949449295473396
1.0,1.0,24.852888681142648,4.028663421610124,9.0,53.0,57.0,PAN,2018,Panama,High income,Latin America & Caribbean,28506576357.0,29473747538.0,-0.0169551017296341,0.0008369305900304,0.3977815800763875,0.051404102764599,0.040547355940628,0.0702314585054005,0.966746094539951
0.0,0.0,21.86649231522525,1.6026847305450775,-9.0,56.0,1.0,PRY,1962,Paraguay,Upper middle income,Latin America & Caribbean,45555555.56,52936507.94,0.0025456572495525,-0.001274111674402,-2.176811515779058,-0.1451926637744026,-0.0655616869155514,0.0050766863111543,-1.863118588551864
0.0,0.0,21.912519535776475,1.6271057308818322,-9.0,56.0,2.0,PRY,1963,Paraguay,Upper middle income,Latin America & Caribbean,44380952.38,49809523.81,0.0025272739920517,-0.0009985693189082,-2.14552894578775,-0.1518218647014949,-0.0639261411487502,0.0168170819055506,-1.839511846825312
0.0,0.0,21.953781216358113,1.652117852671788,-9.0,56.0,3.0,PRY,1964,Paraguay,Upper middle income,Latin America & Caribbean,50047619.05,58539682.54,0.002480741264423,-0.0010108416073777,-2.1416265365336047,-0.1453313742303552,-0.0635396284986297,0.019107250172074,-1.8264287527901473
0.0,0.0,22.013633537776926,1.676918709205388,-9.0,56.0,4.0,PRY,1965,Paraguay,Upper middle income,Latin America & Caribbean,66349206.35,69873015.87,0.0023772965131776,-0.0009343370832061,-2.127067534661831,-0.1398149916646176,-0.0628565796192328,0.0209719519425448,-1.8107204021313088
0.0,0.0,22.033352860863992,1.7012796214967527,-9.0,56.0,5.0,PRY,1966,Paraguay,Upper middle income,Latin America & Caribbean,61714285.71,75206349.21,0.0021054207072998,-0.0008291752885534,-2.1370654742638493,-0.138864007787706,-0.0640414048840092,0.020040054555337,-1.7904568630923985
0.0,0.0,22.12090912221393,1.7250625110068971,-8.0,56.0,6.0,PRY,1967,Paraguay,Upper middle income,Latin America & Caribbean,60198412.7,76992063.49,0.001960378654325,-0.000569418192601,-2.0492805325155503,-0.1053939553860649,-0.0676390763128921,0.0183928983219779,-1.7355749618840683
0.0,0.0,22.165185053856977,1.7482871939392592,-8.0,56.0,7.0,PRY,1968,Paraguay,Upper middle income,Latin America & Caribbean,63952380.95,86817460.32,0.0018480214065804,-0.0006207882795121,-2.068107261411228,-0.1102967010476001,-0.0678063774753982,0.0162185781034071,-1.7137445072657955
0.0,0.0,22.21112498289376,1.7710720812065113,-8.0,56.0,8.0,PRY,1969,Paraguay,Upper middle income,Latin America & Caribbean,75531746.03,101253968.3,0.0015603048616871,0.0002229633570164,-2.0472892371898372,-0.0978698240249291,-0.0661636853122216,0.0086421979160683,-1.6539381805478088
0.0,0.0,22.26517202668128,1.7935315368550253,-8.0,56.0,9.0,PRY,1970,Paraguay,Upper middle income,Latin America & Caribbean,88698412.7,95857142.86,0.001349045457654,0.0002720887788171,-2.0171976620014624,-0.1732200975573105,-0.0525092711371318,0.0099109973459002,-1.5229974023024135
0.0,0.0,22.319074357958026,1.816100869418864,-8.0,56.0,10.0,PRY,1971,Paraguay,Upper middle income,Latin America & Caribbean,88888888.89,105952381.0,0.0013464328288006,0.0002377254761072,-2.0081835218292077,-0.2091841261956329,-0.0540527685844008,0.0064125565111006,-1.461147358521908
0.0,0.0,22.38328123800023,1.8393067468895024,-8.0,56.0,11.0,PRY,1972,Paraguay,Upper middle income,Latin America & Caribbean,105873015.9,106428571.4,0.0013883151474417,-0.0007668255366475,-1.9597555373101456,-0.247369876673112,-0.0537304284471252,0.0116680197601694,-1.3908658100148417
0.0,0.0,22.45376591658142,1.8635012507307958,-8.0,56.0,12.0,PRY,1973,Paraguay,Upper middle income,Latin America & Caribbean,148968254.0,142063492.1,0.001136663457962,-0.0006471833305168,-2.008956170982799,-0.2335505721749053,-0.0541092302940554,0.0213722985986509,-1.2078914536625642
0.0,0.0,22.53425337563344,1.8883810555809806,-8.0,56.0,13.0,PRY,1974,Paraguay,Upper middle income,Latin America & Caribbean,206802695.1,228810749.5,0.0016527344302739,-0.00077240979233,-1.9212582626058132,-0.1490516690365666,-0.0534977480344359,0.0360761868595614,-0.9176523141451104
0.0,0.0,22.6005320509253,1.9132172615767973,-8.0,56.0,14.0,PRY,1975,Paraguay,Upper middle income,Latin America & Caribbean,199642857.1,269849206.3,0.0008935546944156,-0.0017192000441192,-1.626278494585358,-0.0826082890891308,-0.0713167640286316,0.015551609163133,-0.8923794496364733
0.0,0.0,22.6730940744017,1.9378724678382633,-8.0,56.0,15.0,PRY,1976,Paraguay,Upper middle income,Latin America & Caribbean,249071428.6,306468254.0,0.0002972526478057,-0.0011953884077829,-1.3170546991286394,-0.0470028876336091,-0.0710668772132408,0.0262818184902277,-0.8476000139477535
0.0,1.0,22.781895398111953,1.9625888087045664,-8.0,56.0,16.0,PRY,1977,Paraguay,Upper middle income,Latin America & Caribbean,407007936.5,469507936.5,0.0006671918550395,0.0011912230136372,-1.2236765649019452,-0.0376453094973467,-0.0727375295237367,0.0366686240660011,-0.7415245762372117
0.0,1.0,22.895480567876156,1.9875222524773066,-8.0,56.0,17.0,PRY,1978,Paraguay,Upper middle income,Latin America & Caribbean,471531746.0,566103174.6,0.0004694216057868,-0.0029520326438335,-1.206837437140312,-0.0260058827159527,-0.0711376907911807,0.0502690863763809,-0.6603779836957808
0.0,1.0,23.007577664440117,2.012960704266676,-8.0,56.0,18.0,PRY,1979,Paraguay,Upper middle income,Latin America & Caribbean,548674603.2,736523809.5,0.0006838284734421,-0.0028222663801554,-1.244037591717276,-0.0228403465455784,-0.0724673870940861,0.0575561489480631,-0.5426372318949387
0.0,1.0,23.118332915808313,2.0392653004649866,-8.0,56.0,19.0,PRY,1980,Paraguay,Upper middle income,Latin America & Caribbean,615865079.4,891841269.8,-4.826344128863888e-06,-0.0015774712174496,-1.097455447299834,-0.0268306863166844,-0.0587226282371044,0.0310942948961177,-0.3769421718400131
0.0,1.0,23.20607323325955,2.066523067480386,-8.0,56.0,20.0,PRY,1981,Paraguay,Upper middle income,Latin America & Caribbean,627833333.3,1011111111.0,0.0004672962752855,-0.0026181825847958,-0.9400374670187692,-0.0395141728333153,-0.0415600590424165,0.0265255286425011,-0.3145021132017665
0.0,1.0,23.191998469662053,2.094365180653748,-8.0,56.0,21.0,PRY,1982,Paraguay,Upper middle income,Latin America & Caribbean,657801470.6,1070794118.0,0.0003109769731516,-0.002633887804454,-0.9489834608105916,-0.0401064784399939,-0.0414769864478833,0.0265106993652532,-0.3075061144096446
0.0,1.0,23.16109980599559,2.1224463020325195,-8.0,56.0,22.0,PRY,1983,Paraguay,Upper middle income,Latin America & Caribbean,525092104.5,901287917.3,0.0004867561653208,-0.0022330918033981,-1.01236611532667,-0.0381702634569339,-0.0464146904804692,0.0276748516373284,-0.3089007890569478
0.0,1.0,23.188876433163095,2.1506365341176616,-8.0,56.0,23.0,PRY,1984,Paraguay,Upper middle income,Latin America & Caribbean,827269915.1,1024424371.0,9.769589945818314e-05,-0.0024753700362326,-0.9515903630803244,-0.0392970038597757,-0.0416207921756297,0.0263126972658948,-0.3053121155875526
0.0,1.0,23.233114688093615,2.178870803451519,-8.0,56.0,24.0,PRY,1985,Paraguay,Upper middle income,Latin America & Caribbean,888944749.0,890425801.6,0.0002527040966288,-0.0027604336683105,-0.9027109099301464,-0.0407929800495534,-0.038326039767892,0.025066038174139,-0.2965842218874475
0.0,1.0,23.281569897791048,2.2071796154390344,-8.0,56.0,25.0,PRY,1986,Paraguay,Upper middle income,Latin America & Caribbean,1276819838.0,1223304161.0,-0.0009230462293895,-0.002958142448232,-0.8874916883124265,-0.0361901331864591,-0.0355702294201128,0.0270104753377356,-0.2917394815716717
0.0,1.0,23.35465588853607,2.235412415056419,-8.0,56.0,26.0,PRY,1987,Paraguay,Upper middle income,Latin America & Caribbean,1444433946.0,1433992382.0,-0.0008353494581325,-0.0030104324014942,-0.8964283266651129,-0.0312055416566348,-0.0368071091698263,0.026513842013262,-0.2688160872749041
0.0,1.0,23.41212610103941,2.2634569604750454,-8.0,56.0,27.0,PRY,1988,Paraguay,Upper middle income,Latin America & Caribbean,2059098946.0,1561507834.0,-0.0002586477761555,-0.0026314727413168,-0.9119939053644156,-0.0310434915989309,-0.0375126280377156,0.0249786720603684,-0.2399186784943975
0.0,1.0,23.47917899516108,2.291143598008054,2.0,56.0,28.0,PRY,1989,Paraguay,Upper middle income,Latin America & Caribbean,2468316706.0,1478470884.0,0.0016962467985862,-0.0033174362967428,-0.889225762044337,-0.027901907997857,-0.0250151748383267,0.0259004118828099,-0.2331373239809999
0.0,0.0,23.519584418539335,2.318255030715601,2.0,56.0,29.0,PRY,1990,Paraguay,Upper middle income,Latin America & Caribbean,3035291402.0,2271653935.0,0.0109550526257236,0.0024325315281651,-0.8302935883617327,-0.023177091063499,-0.021021285674758,0.0220423269758302,-0.2092478055368392
0.0,0.0,23.553924492209333,2.344812955139141,2.0,56.0,30.0,PRY,1991,Paraguay,Upper middle income,Latin America & Caribbean,3550997047.0,2674820829.0,0.0205355819994524,0.0026750284511679,-0.8112499545419131,-0.0220930614153273,-0.02094839509758,0.0213294088310766,-0.1995699115586117
0.0,0.0,23.570746485891334,2.3708292989675632,7.0,56.0,31.0,PRY,1992,Paraguay,Upper middle income,Latin America & Caribbean,3566831493.0,2838888199.0,0.0235385299870253,0.0024335944914784,-0.8050888449244235,-0.0218671569296978,-0.0117683541936816,0.0218180253342178,-0.0999049629295619
0.0,0.0,23.61893036549891,2.396153831004779,7.0,56.0,32.0,PRY,1993,Paraguay,Upper middle income,Latin America & Caribbean,4343942839.0,3891800193.0,0.0288886395627182,0.0024423320158644,-0.7690174945565204,-0.0224705387076109,-0.0105599633709271,0.0228031458754571,-0.0521278416309466
0.0,0.0,23.670743742369133,2.420768977188807,7.0,56.0,33.0,PRY,1994,Paraguay,Upper middle income,Latin America & Caribbean,4787159383.0,4900392491.0,0.030783946083904,0.0026392609077226,-0.7247982017887801,-0.0215014550137485,-0.0116219862081178,0.0218590126527175,-0.0477686281753006
0.0,0.0,23.736745039727797,2.444720255314566,7.0,56.0,34.0,PRY,1995,Paraguay,Upper middle income,Latin America & Caribbean,5598134199.0,5100987429.0,0.0307198854405759,0.0026533496508363,-0.6798996371019457,-0.0233901193808201,-0.009717730609752,0.0182114483125223,-0.0201971382210628
0.0,0.0,23.752360335260466,2.4679721809900093,7.0,56.0,35.0,PRY,1996,Paraguay,Upper middle income,Latin America & Caribbean,5162446922.0,4923048705.0,0.0250742744706706,0.0006732702343093,-0.6102311398367031,-0.0259381198955124,-0.0168358151382278,0.0094232578839134,0.0170734427347736
0.0,0.0,23.793910219378077,2.4905146894633314,7.0,56.0,36.0,PRY,1997,Paraguay,Upper middle income,Latin America & Caribbean,4830120259.0,4729946872.0,0.0162846159308759,-0.0005566623555644,-0.5256948453009114,-0.0368065180729061,-0.019398796870697,-0.0018882044772786,0.1151040384179255
0.0,0.0,23.79459036560027,2.5123039234341284,6.0,56.0,37.0,PRY,1998,Paraguay,Upper middle income,Latin America & Caribbean,5059911870.0,4349322683.0,0.0144067944204377,-0.0004716788318457,-0.5179013268429299,-0.0407016046301342,-0.0231807957141519,-0.0044425358260086,0.1299723179331227
0.0,0.0,23.7808354012072,2.5331283317671267,7.0,56.0,38.0,PRY,1999,Paraguay,Upper middle income,Latin America & Caribbean,3781642164.0,3071972020.0,0.0137335440064688,-0.0004664034525623,-0.5911181674260334,-0.0505403759695449,-0.0208808266435439,-0.0084297256538925,0.1076650740758592
0.0,0.0,23.75742202918188,2.5524743377387393,7.0,56.0,39.0,PRY,2000,Paraguay,Upper middle income,Latin America & Caribbean,3837259043.0,3127286332.0,0.0097061937244406,-0.0006145113143522,-0.6275843800746053,-0.0457068251811742,-0.02062412103343,-0.0086972299081209,0.1024453850015797
0.0,0.0,23.749046505056533,2.5693519349561957,7.0,56.0,40.0,PRY,2001,Paraguay,Upper middle income,Latin America & Caribbean,3452915687.0,2715523960.0,0.0093525362771265,-0.0003121995530035,-0.7106015023517582,-0.0355275623110228,-0.0223110035234251,0.0093604837755395,0.0893719166025988
0.0,0.0,23.748832438179384,2.583447082460867,7.0,56.0,41.0,PRY,2002,Paraguay,Upper middle income,Latin America & Caribbean,3416430255.0,2300391879.0,0.0074160099876269,-0.0003782551132256,-0.7166842885548521,-0.0360056508420132,-0.0235645944406519,0.008832351638846,0.102669578937226
0.0,0.0,23.79113249649925,2.5957459631364586,8.0,56.0,42.0,PRY,2003,Paraguay,Upper middle income,Latin America & Caribbean,3626068859.0,2613734808.0,0.0053470528114842,-0.0045365123860155,-0.6077256419122516,-0.0656205023979544,-0.0158676478340337,-0.0133054331940731,0.2189696829204739
0.0,0.0,23.83090515696296,2.607270353701741,8.0,56.0,43.0,PRY,2004,Paraguay,Upper middle income,Latin America & Caribbean,4397197655.0,3312407417.0,0.0049719559187462,-0.0088773424743245,-0.5993367864421163,-0.0581632835987997,-0.0143999769320661,-0.0044465066451803,0.382542395897919
0.0,0.0,23.85201566059296,2.618329989804217,8.0,56.0,44.0,PRY,2005,Paraguay,Upper middle income,Latin America & Caribbean,5110362043.0,4018871465.0,0.0044593022225475,-0.0157220858940871,-0.4979544005147215,-0.0497883079632681,-0.0290135715053954,0.0217595209552897,0.4969172885794924
0.0,0.0,23.8989671563508,2.628747270281844,8.0,56.0,45.0,PRY,2006,Paraguay,Upper middle income,Latin America & Caribbean,6216897492.0,5162332824.0,0.0044776927941973,-0.0189715782207459,-0.4116280492101944,-0.0349236012048577,-0.0323371487373208,0.0190944647232369,0.6681559783498869
0.0,0.0,23.951764735996445,2.6385512865970857,8.0,56.0,46.0,PRY,2007,Paraguay,Upper middle income,Latin America & Caribbean,7745197916.0,6361555843.0,0.0048486481841317,-0.0195576915503899,-0.3602939851273355,-0.0306246420361942,-0.0299891497052724,0.0218680845899888,0.7629214533398244
0.0,0.0,24.014704718795493,2.648251209650872,8.0,56.0,47.0,PRY,2008,Paraguay,Upper middle income,Latin America & Caribbean,10446318050.0,9437298164.0,0.0043598025982359,-0.0173003968113743,-0.2645951997950738,-0.0190803240354249,-0.0066385569598071,0.0403806600420993,0.9152158919601784
0.0,0.0,24.01208992991151,2.6584706997881646,8.0,56.0,48.0,PRY,2009,Paraguay,Upper middle income,Latin America & Caribbean,8516698731.0,7320133400.0,0.0044730098007376,-0.0172998900494485,-0.2746427226070698,-0.0166835970920066,-0.0036766070150017,0.0380539156923665,0.9312842607103808
0.0,0.0,24.11730751676522,2.670169279467308,8.0,56.0,49.0,PRY,2010,Paraguay,Upper middle income,Latin America & Caribbean,11487694357.0,10663826786.0,0.0054936859005515,-0.0116066513931366,-0.3323891200161498,-0.0118690201853426,0.0019850246141435,0.0466971541916582,1.055260045763392
0.0,1.0,24.15927801511033,2.6834400838423385,8.0,56.0,50.0,PRY,2011,Paraguay,Upper middle income,Latin America & Caribbean,13583125547.0,12912863193.0,0.0053846839625041,0.0134342681047225,-0.2241673564279053,-0.0093220603777597,-0.0002405462228083,0.0531219850566972,0.9962033172595368
0.0,1.0,24.15217239876432,2.6975087197406724,8.0,56.0,51.0,PRY,2012,Paraguay,Upper middle income,Latin America & Caribbean,12641839183.0,12233898499.0,0.0055455332513071,0.0139709588547898,-0.2253156497861617,-0.0079602670114634,-0.0003387740688231,0.053968604966262,1.004775438219787
0.0,1.0,24.2318434357655,2.711892963557242,9.0,56.0,52.0,PRY,2013,Paraguay,Upper middle income,Latin America & Caribbean,14905195671.0,13343028125.0,0.0029720453959252,0.0138332523553106,-0.2035551876313304,-0.0242996160169903,0.0657181621167352,0.0381379957571175,1.010282837411583
0.0,1.0,24.28349843134386,2.726391084099965,9.0,56.0,53.0,PRY,2014,Paraguay,Upper middle income,Latin America & Caribbean,14319795162.0,13574782459.0,0.0026774808690039,0.0124863364550756,-0.1884247635971103,-0.0245778726795342,0.0637910686230691,0.0347714816816886,1.0022362510978309
0.0,1.0,24.31264114445926,2.7409947661455543,9.0,56.0,54.0,PRY,2015,Paraguay,Upper middle income,Latin America & Caribbean,12577922818.0,11652991233.0,0.002450175767455,0.0125327184505581,-0.1811933018665333,-0.025304980343981,0.0648811629379109,0.0304479329820717,1.0034205953821345
0.0,1.0,24.35443571386366,2.7555052299305416,9.0,56.0,55.0,PRY,2016,Paraguay,Upper middle income,Latin America & Caribbean,13404881409.0,11049252332.0,0.0024951522891499,0.0123106565207707,-0.180403825641953,-0.0274305489937556,0.0614583742917911,0.0203842368625798,1.0117456619075011
0.0,1.0,24.401415467437612,2.7697310059805047,9.0,56.0,56.0,PRY,2017,Paraguay,Upper middle income,Latin America & Caribbean,14884925311.0,12834286732.0,0.0023887224582062,0.01198037428582,-0.1417624320575183,-0.0234827437774554,0.0566918963715557,0.0046516714031684,0.9991636620664508
0.0,1.0,24.432955319115788,2.7836309178065175,9.0,56.0,57.0,PRY,2018,Paraguay,Upper middle income,Latin America & Caribbean,14824374396.0,14165793924.0,0.0032466928247934,0.0103842644456961,-0.3039723461467244,-0.0246396270907385,0.0602495760244149,-0.0028620589376568,1.1789511265252215
0.0,1.0,26.10422253701525,4.836345596193117,9.0,54.0,34.0,POL,1995,Poland,High income,Europe & Central Asia,32643940184.0,29569691829.0,0.0086347377149055,-0.0105701754949064,1.630241388443565,-0.0081383484734919,0.0702116477816533,0.0642477918456278,0.0758141393481955
0.0,1.0,26.163581773187676,4.837106337649999,9.0,54.0,35.0,POL,1996,Poland,High income,Europe & Central Asia,35353288083.0,37618411780.0,0.0072612809682608,-0.009979804479264,1.616853950851358,-0.0069222803953073,0.0744845943460374,0.0659602103235683,0.1196575516466333
0.0,0.0,26.226077941612907,4.837760891286189,9.0,54.0,36.0,POL,1997,Poland,High income,Europe & Central Asia,37183635980.0,43365153210.0,0.0050953106878778,0.0032813642244586,1.600563353071865,-0.0066720976653943,0.078244160124213,0.0694679849084405,0.1794169987422803
0.0,0.0,26.271434895831888,4.838118424282588,9.0,54.0,37.0,POL,1998,Poland,High income,Europe & Central Asia,45328595270.0,53786614490.0,0.0037522061458198,0.0034526263473502,1.6167936813036934,-0.006440417719038,0.0818311193433847,0.0709913099203851,0.1987137911527921
0.0,0.0,26.31693578225045,4.838035397259797,9.0,54.0,38.0,POL,1999,Poland,High income,Europe & Central Asia,40963593630.0,51042724322.0,0.002535467334118,0.0034371611176665,1.6472485653432614,-0.0059890849993037,0.0792227623800762,0.0743374369206389,0.2080706154671951
0.0,0.0,26.36153509337991,4.827592043343853,9.0,54.0,39.0,POL,2000,Poland,High income,Europe & Central Asia,46824088402.0,58004291228.0,0.001753756675763,0.0033175287721319,1.654699366291742,-0.0050312748275509,0.0775434416829471,0.0740288051460417,0.2237812935848718
0.0,0.0,26.37404126888514,4.827316171899346,9.0,54.0,40.0,POL,2001,Poland,High income,Europe & Central Asia,51902098244.0,59122352769.0,0.0009009451227118,0.0033136156086306,1.647768626012446,-0.0042706113509778,0.0767856271173464,0.0736764547811664,0.2370427746003555
0.0,0.0,26.394197931390504,4.826852982118753,10.0,54.0,41.0,POL,2002,Poland,High income,Europe & Central Asia,57159341603.0,64248499951.0,-0.0067538737799775,0.003135223400264,1.657078512689696,-0.005508679687772,0.1758851915735958,0.0692360580866785,0.2276261440417856
0.0,0.0,26.428583798805196,4.826341312550911,10.0,54.0,42.0,POL,2003,Poland,High income,Europe & Central Asia,72646837616.0,78626922854.0,-0.0062007111789289,0.0010447403948023,1.728188800875656,0.0002824499426792,0.1719952010236566,0.0686604191186846,0.2861188094029728
0.0,0.0,26.47720896479423,4.825462341534495,10.0,54.0,43.0,POL,2004,Poland,High income,Europe & Central Asia,87290664313.0,94612868072.0,-0.0073578824126652,-0.0001830595966957,1.9067056095782888,0.0090638545180507,0.2139406807988018,0.0583064582795476,0.5430138045459368
0.0,0.0,26.511677408771224,4.825022851472656,10.0,54.0,44.0,POL,2005,Poland,High income,Europe & Central Asia,105993000000.0,109863000000.0,-0.0068062287702256,-0.0022866044265483,2.016226867702102,0.0101585250523828,0.23488547374246,0.0486699760603111,0.7147819004524166
0.0,1.0,26.571180401104222,4.824421791095488,10.0,54.0,45.0,POL,2006,Poland,High income,Europe & Central Asia,130258000000.0,138507000000.0,-0.0044448256375278,0.0031538224378324,2.0239151442057177,0.0116723811760228,0.2283327479185279,0.0470498175141344,0.8121832878280237
0.0,1.0,26.639416685304415,4.823878741229912,10.0,54.0,46.0,POL,2007,Poland,High income,Europe & Central Asia,165316000000.0,181659000000.0,0.0002242983022852,0.0028125329227083,2.1551986669529097,0.0227250669853881,0.2366994189111834,0.058705163426641,0.9309316388332132
0.0,1.0,26.680558106080483,4.824080407793872,10.0,54.0,47.0,POL,2008,Poland,High income,Europe & Central Asia,201758000000.0,229809000000.0,0.0002988092101915,0.0032131871154607,2.1427600218256986,0.0245811591901699,0.2283961541125606,0.0575155791027521,0.9878375791127882
0.0,1.0,26.708485927957064,4.824823337738756,10.0,54.0,48.0,POL,2009,Poland,High income,Europe & Central Asia,163148000000.0,167382000000.0,0.0003056925968896,0.0031910336431594,2.1347248516658515,0.0242111896927162,0.2288319314513461,0.0576335162412069,0.999075059399461
0.0,1.0,26.73740877433836,4.821967246465757,10.0,54.0,49.0,POL,2010,Poland,High income,Europe & Central Asia,190729000000.0,202402000000.0,0.0009027994864694,0.003031201138905,2.1383488457643547,0.0233294752863862,0.2267372708614666,0.0601602163716228,1.0161596283244887
0.0,1.0,26.786602107667147,4.82266820643974,10.0,54.0,50.0,POL,2011,Poland,High income,Europe & Central Asia,223376000000.0,235449000000.0,0.0015790843625411,0.0032496784248432,2.210683286903818,0.019094904925464,0.2219438622760584,0.0676990776449619,1.0225477196937558
0.0,1.0,26.801935075690874,4.822698471565628,10.0,54.0,51.0,POL,2012,Poland,High income,Europe & Central Asia,219299000000.0,223205000000.0,0.0017812692695593,0.0024918769321626,2.2232438743272867,0.0181580447532925,0.2242635018653924,0.0680494184602882,1.023694721099374
0.0,1.0,26.810463201807444,4.822127527703626,10.0,54.0,52.0,POL,2013,Poland,High income,Europe & Central Asia,237157000000.0,231368000000.0,0.0017532411108786,0.002487774312271,2.2252495048312033,0.0180265613622435,0.2247675389515111,0.0676382302864988,1.02554947525739
0.0,1.0,26.84811551598334,4.821444382819362,10.0,54.0,53.0,POL,2014,Poland,High income,Europe & Central Asia,250578000000.0,248370000000.0,0.001717291633651,0.0024070803806495,2.247765056849103,0.0169411454343622,0.2227911045421838,0.0677047298477747,1.0122570245625544
0.0,1.0,26.891015005165798,4.820777971407545,10.0,54.0,54.0,POL,2015,Poland,High income,Europe & Central Asia,226401000000.0,216475000000.0,0.0016872772972211,0.0020072608038065,2.278985414898981,0.0139749074088541,0.2150856041569446,0.0698685721510976,1.0057454902467085
0.0,1.0,26.92012332125255,4.820348119841867,10.0,54.0,55.0,POL,2016,Poland,High income,Europe & Central Asia,236187000000.0,222240000000.0,0.0017230336235517,0.002100246703096,2.285092796452288,0.0142765761501671,0.2142720617390783,0.0694582155071996,1.008273319196071
0.0,1.0,26.970246251693045,4.82047292148888,10.0,54.0,56.0,POL,2017,Poland,High income,Europe & Central Asia,273121000000.0,258226000000.0,0.0017332782750865,0.0018996431688733,2.2960026375738884,0.0161300729819608,0.2217335986765455,0.0690565969060319,1.0230934687899615
0.0,1.0,27.027997963031012,4.820536241236961,10.0,54.0,57.0,POL,2018,Poland,High income,Europe & Central Asia,310584000000.0,298556000000.0,0.0017368238248232,0.0017078755246205,2.312704005157149,0.0161092049552964,0.2222843130608252,0.0664163752284566,1.0353859428153287
0.0,0.0,24.920185058208787,4.552487488511151,-9.0,55.0,9.0,PRT,1970,Portugal,High income,Europe & Central Asia,1549504881.0,1954344491.0,0.0010487163544251,-0.0011106445003743,0.6349928023626598,0.043418174226065,-0.0022599084293131,0.0482477349020555,-1.8388134630450996
0.0,0.0,24.984395272335977,4.548253517290137,-9.0,55.0,10.0,PRT,1971,Portugal,High income,Europe & Central Asia,1808141343.0,2302600707.0,0.0007862576679135,-0.0009612576272216,0.6740109582181489,0.0358956478407761,-0.0061499564597426,0.0558978788948739,-1.7291739952935865
0.0,0.0,25.061501633478283,4.546710636697243,-9.0,55.0,11.0,PRT,1972,Portugal,High income,Europe & Central Asia,2398176427.0,2797946627.0,0.0006795243995438,-0.0010435004244671,0.7007225723294285,0.0241912328738267,-0.008031684313449,0.0474674909081057,-1.6643413797271505
0.0,0.0,25.16766787255169,4.547019959323193,-9.0,55.0,12.0,PRT,1973,Portugal,High income,Europe & Central Asia,3160024530.0,3968323794.0,0.001352008755032,-0.0001024044512071,0.8222225412660538,-0.0100182551385594,-0.01046201854721,0.0545185556675132,-1.2825703257592191
0.0,0.0,25.179031652776295,4.560968739840033,-3.0,55.0,13.0,PRT,1974,Portugal,High income,Europe & Central Asia,3686495659.0,5759928966.0,0.0037064481229643,-0.0004253727974437,0.8324187311917631,-0.0247697698651328,-0.0259643584406359,0.0775849279288106,-0.9522359150805996
0.0,0.0,25.134581934498588,4.598972880196744,3.0,55.0,14.0,PRT,1975,Portugal,High income,Europe & Central Asia,3092305882.0,4943349020.0,0.0042269115294621,0.0005333127870824,0.8027174022795323,-0.0322419365086717,-0.0247643456712699,0.0875481493317661,-0.8799326816172544
0.0,0.0,25.201307721963047,4.627413847221514,9.0,55.0,15.0,PRT,1976,Portugal,High income,Europe & Central Asia,2777320955.0,4891100796.0,0.0040789342460743,-0.0014358337114822,0.8657621741410962,-0.0322114800602751,-0.0001063626938931,0.0833123307446971,-0.9114024122895924
0.0,0.0,25.255820502707838,4.63803139723061,9.0,55.0,16.0,PRT,1977,Portugal,High income,Europe & Central Asia,3094730225.0,5594295443.0,0.0042052685527054,-0.0008077291492697,0.9086677355535304,-0.0323073521180243,0.0002717713612882,0.0826379296024796,-0.8550111597978711
0.0,0.0,25.283590970455784,4.648820962289839,9.0,55.0,17.0,PRT,1978,Portugal,High income,Europe & Central Asia,3702002737.0,5958549270.0,0.0037675362366625,-0.0012077411744821,0.9462085072017136,-0.0309820432663697,0.0014465312911641,0.0789508947495424,-0.7959230859951829
0.0,0.0,25.3384457579638,4.65954089846341,9.0,55.0,18.0,PRT,1979,Portugal,High income,Europe & Central Asia,5643155738.0,7863475410.0,0.0039075509935384,0.0040337286688417,0.994412826237976,-0.0262686382408626,0.0013316081564403,0.0712319131123404,-0.6096714578044068
0.0,0.0,25.383321856418775,4.670355219653892,9.0,55.0,19.0,PRT,1980,Portugal,High income,Europe & Central Asia,7058033640.0,10783476171.0,0.0039238172909389,0.0068563285340738,1.0096881322868323,-0.0179152472341743,0.0053293186139347,0.0640286125559762,-0.4446938383719718
0.0,0.0,25.399369676551522,4.6790260267165,9.0,55.0,20.0,PRT,1981,Portugal,High income,Europe & Central Asia,6501188925.0,11270547231.0,0.0038311769097302,0.0059929745234554,1.017573989005404,-0.0209524194452944,0.005699750385623,0.0668475969886161,-0.4031290039275194
0.0,0.0,25.420495470283196,4.68513934726485,10.0,55.0,21.0,PRT,1982,Portugal,High income,Europe & Central Asia,6314253280.0,10708695762.0,0.0029006681850507,0.0054334529593069,1.0375323899041455,-0.0238530333598568,0.0899727432435737,0.0663208548040703,-0.4489516736742707
0.0,0.0,25.418770206615687,4.689778998045268,10.0,55.0,22.0,PRT,1983,Portugal,High income,Europe & Central Asia,6687714441.0,9363968512.0,0.0029017673332205,0.0047818719422803,1.024845727341268,-0.0287154524592872,0.0897343959301858,0.0658700696689658,-0.4487220347598287
0.0,0.0,25.399788774379743,4.693624529067892,10.0,55.0,23.0,PRT,1984,Portugal,High income,Europe & Central Asia,7358490824.0,8884931526.0,0.0028784214275019,0.0043096389158706,1.021669246297538,-0.0286565849843412,0.0894849757011971,0.0657029112323683,-0.4405186543184164
0.0,0.0,25.427475603507062,4.696359916570908,10.0,55.0,24.0,PRT,1985,Portugal,High income,Europe & Central Asia,7929289328.0,8751378986.0,0.0027075656592712,0.0046165832980695,1.046138066881111,-0.0330654812747382,0.0923380010461981,0.0635242601035531,-0.4403584306981695
0.0,0.0,25.468050128295353,4.6972694535995565,10.0,55.0,25.0,PRT,1986,Portugal,High income,Europe & Central Asia,10071952821.0,10858608766.0,0.0025964736829101,0.0057526966701557,1.090073270832362,-0.0309589518421214,0.0966898179346738,0.0630495474731252,-0.4301541157449203
0.0,0.0,25.52991457381176,4.696999999063549,10.0,55.0,26.0,PRT,1987,Portugal,High income,Europe & Central Asia,13172520279.0,15532868934.0,0.0025647985072272,0.0040913037059465,1.1124695100729958,-0.0260679707138964,0.1105955107176798,0.0578094471478555,-0.3682014169114787
0.0,0.0,25.602128191433007,4.6959604792046745,10.0,55.0,27.0,PRT,1988,Portugal,High income,Europe & Central Asia,15572504178.0,20038610028.0,0.0018339657439832,0.0030333650762796,1.1564852529697751,-0.0203374445644617,0.1274983215494283,0.0495425129458128,-0.2715899050008159
0.0,0.0,25.664551052907875,4.694501274781335,10.0,55.0,28.0,PRT,1989,Portugal,High income,Europe & Central Asia,17854164757.0,21452554113.0,0.0011978077926595,0.0022297622207495,1.1961212692479402,-0.0193334923684284,0.1346478664620291,0.0465565421607133,-0.2413354743612593
0.0,0.0,25.703290709376528,4.692321790395397,10.0,55.0,29.0,PRT,1990,Portugal,High income,Europe & Central Asia,22960185628.0,28247582618.0,0.0017622243534166,0.0025764999732188,1.2384987204300533,-0.0194605093561107,0.1459694855796159,0.0461779133754893,-0.2047384780333257
0.0,0.0,25.746047069586222,4.690016972190517,10.0,55.0,30.0,PRT,1991,Portugal,High income,Europe & Central Asia,23689342306.0,30177947829.0,0.0018093840787956,0.002572664966457,1.3886608952127395,-0.017356492457999,0.1497098724908897,0.0495197067494192,-0.1360432653850908
0.0,0.0,25.75688170983347,4.689239479457924,10.0,55.0,31.0,PRT,1992,Portugal,High income,Europe & Central Asia,26315596971.0,34266584497.0,0.0013173329593378,0.0037929162189091,1.3963482397359286,-0.0142325098563651,0.1710899419345608,0.0466885826126757,-0.0344498446267053
0.0,0.0,25.736238397506153,4.690462645568635,10.0,55.0,32.0,PRT,1993,Portugal,High income,Europe & Central Asia,22422442339.0,29049311807.0,0.000246272355283,0.0046477683400827,1.373652555726117,-0.0146617974838011,0.1773878483093443,0.0421785748229049,-0.0045340729916379
0.0,0.0,25.745842877051714,4.69315354003827,10.0,55.0,33.0,PRT,1994,Portugal,High income,Europe & Central Asia,25055310386.0,31944022947.0,-0.0007294633543094,0.0067535885911618,1.3958434437925815,-0.0158051104818979,0.1865515752028352,0.0423613715960819,0.0419904951681756
0.0,0.0,25.787776755011983,4.696615579846304,10.0,55.0,34.0,PRT,1995,Portugal,High income,Europe & Central Asia,31620944673.0,39151232586.0,-0.0032589852629828,0.0075252694022172,1.452483453699332,-0.0156103947594321,0.2037178792210944,0.0447398784934719,0.1318779823581633
0.0,0.0,25.822217212091235,4.7003755412076025,10.0,55.0,35.0,PRT,1996,Portugal,High income,Europe & Central Asia,32556406291.0,41278931635.0,-0.005985141742842,0.0074100373989498,1.4538057467600312,-0.0126870388922365,0.2074588828056986,0.0429653570021083,0.1817217779220902
0.0,0.0,25.865286054983983,4.704840148114826,10.0,55.0,36.0,PRT,1997,Portugal,High income,Europe & Central Asia,31774839337.0,41132256146.0,-0.0080649404806171,0.0073056191023903,1.43653424059532,-0.0095962160646645,0.2016776423378246,0.0450147801115555,0.2226170827888446
0.0,0.0,25.91224813308121,4.709894039619654,10.0,55.0,37.0,PRT,1998,Portugal,High income,Europe & Central Asia,33876548308.0,45239506901.0,-0.0097187644051594,0.007719737843419,1.4624446182489708,-0.0105917025429658,0.2012554806040696,0.0468129591422475,0.247257889343801
0.0,0.0,25.95057043624803,4.715550344731248,10.0,55.0,38.0,PRT,1999,Portugal,High income,Europe & Central Asia,33756675285.0,46950345046.0,-0.0085828360297025,0.0065088751467015,1.511737183576248,-0.0094054263491662,0.1879982920322564,0.0498343558897778,0.2536274505795976
0.0,0.0,25.98802124932142,4.72257894361119,10.0,55.0,39.0,PRT,2000,Portugal,High income,Europe & Central Asia,33452144656.0,46550613708.0,-0.0080408396600283,0.0049128319171305,1.52506716699735,-0.0060782724798299,0.1837360714651729,0.0496441115031834,0.2541602290715549
0.0,0.0,26.00727127468669,4.7296312498952116,10.0,55.0,40.0,PRT,2001,Portugal,High income,Europe & Central Asia,33364915450.0,45789575479.0,-0.0077132940697889,0.0045901040706531,1.5463233376531078,-0.0038344996783686,0.1837425715820633,0.0495527128546608,0.2521276016099334
0.0,0.0,26.0149512606964,4.7351079294333775,10.0,55.0,41.0,PRT,2002,Portugal,High income,Europe & Central Asia,36493691735.0,47495078930.0,-0.0088006315361901,0.0045177230410461,1.5463350874489867,-0.0045160788096148,0.1896962352604384,0.0494986538948807,0.2733124640263986
0.0,0.0,26.005601168432058,4.738862043487437,10.0,55.0,42.0,PRT,2003,Portugal,High income,Europe & Central Asia,45217764525.0,55799780174.0,-0.0120773603165586,0.0032467516418874,1.534321631429564,-0.0059084909571859,0.2080433866178176,0.0483900822338825,0.3562928842119898
0.0,0.0,26.023331674028565,4.741253333365416,10.0,55.0,43.0,PRT,2004,Portugal,High income,Europe & Central Asia,52396449477.0,67301751547.0,-0.0158373984354205,0.0003610272432637,1.6207202574843669,-0.0098623361394014,0.255770062859232,0.0377615507672834,0.5810711365438987
0.0,0.0,26.03111760627737,4.743436579282675,10.0,55.0,44.0,PRT,2005,Portugal,High income,Europe & Central Asia,53424570458.0,70735904961.0,-0.0207125525154734,-0.0017447452257561,1.6758936619413511,-0.009571118539635,0.2759756084779986,0.0302082565535384,0.7384993681009255
0.0,0.0,26.047241203606834,4.745239903604287,10.0,55.0,45.0,PRT,2006,Portugal,High income,Europe & Central Asia,63373039604.0,79723354569.0,-0.0217245637017149,-0.0021560132605291,1.6474283947817436,-0.0110682530919731,0.2721520343059392,0.0271202747238438,0.8163171828688434
0.0,0.0,26.071995860234466,4.747202947231785,10.0,55.0,46.0,PRT,2007,Portugal,High income,Europe & Central Asia,75020812081.0,93196905901.0,-0.0220854341796223,-0.0026844483770693,1.6311587129694471,-0.0133421619309406,0.2718214946686856,0.0272255862469161,0.901812599822842
0.0,0.0,26.07518557989898,4.74864485981222,10.0,55.0,47.0,PRT,2008,Portugal,High income,Europe & Central Asia,82346807429.0,107513000000.0,-0.0226638531556835,-0.0034300430357335,1.6074416352337757,-0.0157314558234628,0.2500105976159876,0.0260187379565355,0.9694756795281232
0.0,0.0,26.043466996994454,4.7482871227659365,10.0,55.0,48.0,PRT,2009,Portugal,High income,Europe & Central Asia,66778989702.0,83673807857.0,-0.0202276585081528,-0.0034442055202146,1.571783623666811,-0.0144418106962526,0.2395306324445726,0.0253903857891429,0.9706714412149274
0.0,0.0,26.060693333610573,4.748746223706173,10.0,55.0,49.0,PRT,2010,Portugal,High income,Europe & Central Asia,71598934533.0,89801905968.0,-0.0214796625225661,-0.0034333231547112,1.5770472067555945,-0.0164378651867747,0.2449326960498646,0.0262306913121968,0.995475551736944
0.0,0.0,26.043584392573663,4.747275374728887,10.0,55.0,50.0,PRT,2011,Portugal,High income,Europe & Central Asia,84455064293.0,94725068832.0,-0.0204699399390996,-0.0034339015566396,1.5502416222892432,-0.0151080416782563,0.2383175222457386,0.025916188647822,1.0004119405448404
0.0,0.0,26.002165901950764,4.7432211567901685,10.0,55.0,51.0,PRT,2012,Portugal,High income,Europe & Central Asia,81685225652.0,82755123140.0,-0.0140218610060964,-0.0035686230721125,1.51527642979074,-0.0138846659612064,0.2239633936783956,0.0299530764401064,1.006341455781766
0.0,0.0,25.992895621630193,4.737567061416289,10.0,55.0,52.0,PRT,2013,Portugal,High income,Europe & Central Asia,89682537232.0,87194990738.0,-0.0116638964067672,-0.0054553083974882,1.4706016753929492,-0.01374504815811,0.2086527304846855,0.0363222063118852,1.0008385013714054
0.0,0.0,26.00078848423774,4.732170790363661,10.0,55.0,53.0,PRT,2014,Portugal,High income,Europe & Central Asia,92457300369.0,92113305018.0,-0.013760647205153,-0.0036065372147487,1.5147328608124415,-0.0137159855187491,0.2237637555852498,0.0300087809011362,1.0066369782914175
0.0,0.0,26.018548603750617,4.7280293792400485,10.0,55.0,54.0,PRT,2015,Portugal,High income,Europe & Central Asia,80984130312.0,79509937177.0,-0.0148445946968539,-0.0037130421314887,1.523717358965102,-0.0139145597845465,0.2279687771799102,0.0268934929063158,1.0033045716403428
0.0,0.0,26.038543560069247,4.724874789361232,10.0,55.0,55.0,PRT,2016,Portugal,High income,Europe & Central Asia,83254740237.0,80804179611.0,-0.0193644669910072,-0.0034015502011923,1.5418561551308338,-0.0146146021911148,0.2339651428950435,0.0258692115024545,1.0049525182458143
0.0,0.0,26.073003239849896,4.722435894965211,10.0,55.0,56.0,PRT,2017,Portugal,High income,Europe & Central Asia,94844484378.0,92464542115.0,-0.0213030884546576,-0.0034505129820704,1.5678314194181715,-0.0165877757390554,0.2459995067403983,0.0265248814206203,1.0223847746870076
0.0,0.0,26.10110115812457,4.7208348550450205,10.0,55.0,57.0,PRT,2018,Portugal,High income,Europe & Central Asia,105740000000.0,104241000000.0,-0.0216826601674582,-0.0035254957317793,1.575043721634013,-0.0161285208465964,0.2500068353752469,0.0243688673544114,1.025312784094485
0.0,1.0,23.106200425534382,2.9015114960853996,4.0,70.0,19.0,ZWE,1980,Zimbabwe,Lower middle income,Sub-Saharan Africa,1561474151.0,1772342262.0,7.462525151571682e-05,-0.0022403627022633,-1.0866717558630858,0.0237046251550902,-0.0296917527432046,0.0301276517834752,-0.380448663389435
0.0,1.0,23.224209434384377,2.9644392618501074,4.0,70.0,20.0,ZWE,1981,Zimbabwe,Lower middle income,Sub-Saharan Africa,1557022080.0,2076439449.0,0.0007033363010004,-0.0025003314502991,-0.8838207677361316,0.0073529125780221,-0.0253268088305719,0.008886631806474,-0.3175514928601296
0.0,1.0,23.250211405461954,3.003392659731583,4.0,70.0,21.0,ZWE,1982,Zimbabwe,Lower middle income,Sub-Saharan Africa,1446131890.0,1898465425.0,0.0005941391930931,-0.0026652534426878,-0.8737143613134766,0.0076241953424908,-0.024935424354967,0.0084188287763344,-0.3124942752026004
0.0,1.0,23.26594011286964,3.0413852633624154,1.0,70.0,22.0,ZWE,1983,Zimbabwe,Lower middle income,Sub-Saharan Africa,1277291527.0,1512740982.0,0.0002711822391604,-0.0025570924868228,-0.8677397185454131,0.0075688849524116,-0.0276478121014378,0.0076016259244776,-0.3153930881995296
0.0,1.0,23.24668226405962,3.076936116541237,1.0,70.0,23.0,ZWE,1984,Zimbabwe,Lower middle income,Sub-Saharan Africa,1306736254.0,1322234363.0,0.0001640372372467,-0.0023043077444344,-0.8872174495258106,0.0074897423122773,-0.02901749214589,0.0071185143783733,-0.3101033498942904
0.0,1.0,23.31382103693131,3.1115243864159723,1.0,70.0,24.0,ZWE,1985,Zimbabwe,Lower middle income,Sub-Saharan Africa,1252436243.0,1241275948.0,0.0002343641710594,-0.00255453939694,-0.8718528932292021,0.0085162222300526,-0.0284908530468511,0.0085671499851989,-0.3123154689304699
0.0,1.0,23.334594067009206,3.1450051816574294,1.0,70.0,25.0,ZWE,1986,Zimbabwe,Lower middle income,Sub-Saharan Africa,1496041260.0,1338752892.0,0.0002487681117651,-0.0025697588296944,-0.8695601478588751,0.0093853777564291,-0.0288549781911319,0.0089396750453416,-0.3068227710845482
0.0,1.0,23.346035732798466,3.178080110835944,-6.0,70.0,26.0,ZWE,1987,Zimbabwe,Lower middle income,Sub-Saharan Africa,1619777305.0,1434918067.0,0.0003281569906123,-0.0024439720591497,-0.8949150227162795,0.0097443276591662,-0.026355574207616,0.008075787477565,-0.2819062739097457
0.0,1.0,23.418843480478206,3.209718762250572,-6.0,70.0,27.0,ZWE,1988,Zimbabwe,Lower middle income,Sub-Saharan Africa,1856204058.0,1591902680.0,0.0008893400177626,-0.0021495846981822,-0.89830422806335,0.0099966302879538,-0.0274802962900484,0.0054195768978493,-0.2621118015271447
0.0,1.0,23.469534374695517,3.238690920714099,-6.0,70.0,28.0,ZWE,1989,Zimbabwe,Lower middle income,Sub-Saharan Africa,1935204474.0,1800729748.0,0.0011511591880474,-0.0024528436014738,-0.8738672295016668,0.0244017246375284,-0.0272433001516336,0.008062343387109,-0.2449721283089629
0.0,1.0,23.53708603545735,3.265938074195103,-6.0,70.0,29.0,ZWE,1990,Zimbabwe,Lower middle income,Sub-Saharan Africa,2009607343.0,2003065404.0,0.010940206303336,-0.0031514100955746,-0.8115977619552672,0.0172029011319131,-0.022151785340697,-0.0015085999374595,-0.2333662915236614
0.0,1.0,23.590928011768295,3.2919870337898933,-6.0,70.0,30.0,ZWE,1991,Zimbabwe,Lower middle income,Sub-Saharan Africa,2065000000.0,2349000000.0,0.0210741361045946,-0.004085342691263,-0.7907466165591669,0.0293798555381439,-0.0219101049181085,-0.0022023900471574,-0.2182604549365334
0.0,1.0,23.496446217934132,3.320214304090519,-6.0,70.0,31.0,ZWE,1992,Zimbabwe,Lower middle income,Sub-Saharan Africa,1839250000.0,2464500000.0,0.0232769294135036,-0.0027248035982418,-0.8038698351771161,0.0342515902344286,-0.0227999442734761,-0.0039099183745655,-0.1103370850065727
0.0,1.0,23.506905910612016,3.334831091616657,-6.0,70.0,32.0,ZWE,1993,Zimbabwe,Lower middle income,Sub-Saharan Africa,2017500000.0,2131000000.0,0.0237296468389182,-0.0031259749047223,-0.7833729524791634,0.0342811831784141,-0.0243334938871488,-0.0058622899479993,-0.0550057587014371
0.0,1.0,23.595239069553646,3.336014521782955,-6.0,70.0,33.0,ZWE,1994,Zimbabwe,Lower middle income,Sub-Saharan Africa,2385500000.0,2517750000.0,0.0245832458080811,-0.0053751850267353,-0.7538579159213605,0.0306868126975279,-0.0246373774280071,-0.0116279965435041,-0.0381210759865852
0.0,0.0,23.596818079104715,3.3453016787377083,-6.0,70.0,34.0,ZWE,1995,Zimbabwe,Lower middle income,Sub-Saharan Africa,2720500000.0,2911500000.0,0.0227865677094365,0.0019682280067996,-0.7679533549630075,0.0306901865005199,-0.0260013566582615,-0.0157710774943577,0.0088448897596538
0.0,0.0,23.695401956030068,3.3619072507395167,-6.0,70.0,35.0,ZWE,1996,Zimbabwe,Lower middle income,Sub-Saharan Africa,3091750000.0,3075500000.0,0.0237693744636165,0.0008436065559201,-0.6971600706657917,0.0276024450917113,-0.0296080998589161,-0.0284644006780521,0.0064686144123229
0.0,0.0,23.721854912752192,3.380681350093651,-6.0,70.0,36.0,ZWE,1997,Zimbabwe,Lower middle income,Sub-Saharan Africa,3208250000.0,3807000000.0,0.0161088469654461,7.184808049135643e-05,-0.6835984544108047,0.0268534589253675,-0.0406932850658703,-0.0384732358768353,0.0554385910323272
0.0,0.0,23.75029864494831,3.400231597109022,-6.0,70.0,37.0,ZWE,1998,Zimbabwe,Lower middle income,Sub-Saharan Africa,2779500000.0,2890000000.0,0.0140964669281768,-0.0003588031030301,-0.6677421858082006,0.0170718383116696,-0.0420923822140768,-0.0525394793888192,0.0395656247390933
0.0,0.0,23.742086809606516,3.4164149413604705,-3.0,70.0,38.0,ZWE,1999,Zimbabwe,Lower middle income,Sub-Saharan Africa,2566750000.0,2299500000.0,0.0139504644109736,-0.0001875381393523,-0.7023864035026522,0.0134695695308793,-0.0530952698302794,-0.0506332471342879,0.0451613029630038
0.0,0.0,23.711017212287018,3.425588787918844,-3.0,70.0,39.0,ZWE,2000,Zimbabwe,Lower middle income,Sub-Saharan Africa,2554250000.0,2403500000.0,0.0099572944990267,-0.0003557838265243,-0.7404959527670828,0.0096856487187013,-0.0554929202236415,-0.0496172626235116,0.0445370371135584
0.0,0.0,23.725310725504713,3.4322805787048805,-4.0,70.0,40.0,ZWE,2001,Zimbabwe,Lower middle income,Sub-Saharan Africa,2370500000.0,2233500000.0,0.0102840597996101,-0.0003103907732838,-0.7373343180230992,0.0093296080778369,-0.0565714805047807,-0.0512602419678062,0.0462533823501078
0.0,0.0,23.63216394393535,3.441902776424923,-4.0,70.0,41.0,ZWE,2002,Zimbabwe,Lower middle income,Sub-Saharan Africa,2020000000.0,2219250000.0,0.0066434385884238,0.000184032246982,-0.8107528844221275,0.0167881928494716,-0.0595366863128143,-0.043259782219241,0.0717272045741417
0.0,0.0,23.445893704601065,3.4538001324872867,-4.0,70.0,42.0,ZWE,2003,Zimbabwe,Lower middle income,Sub-Saharan Africa,1856500000.0,2180750000.0,0.0018516424861717,-0.0002116802794612,-0.9511387039306346,0.0396379768638119,-0.0569306869613653,-0.0320131172642643,0.1298314260199025
0.0,0.0,23.386063675522546,3.4646606189517075,-4.0,70.0,43.0,ZWE,2004,Zimbabwe,Lower middle income,Sub-Saharan Africa,2002250000.0,2414500000.0,0.0013143276420942,-0.0009306217875982,-1.019903518180573,0.0402278842161072,-0.0584490692559576,-0.0362620952146397,0.2069638580318507
0.0,0.0,23.32725713559135,3.474120583228487,-4.0,70.0,44.0,ZWE,2005,Zimbabwe,Lower middle income,Sub-Saharan Africa,1931750000.0,2447000000.0,0.001146164048433,-0.0016743766670672,-1.0765814214433471,0.0389244273374154,-0.0586349516492969,-0.0393430192758275,0.2743917934943592
0.0,0.0,23.292028892009842,3.486303357026504,-4.0,70.0,45.0,ZWE,2006,Zimbabwe,Lower middle income,Sub-Saharan Africa,1958500000.0,2552500000.0,0.0011401557505257,-0.0016279782620207,-1.1068064919691878,0.0302140361807773,-0.0530658426661793,-0.048910046220322,0.3928452090708602
0.0,0.0,23.254811571609828,3.4994804099883177,-4.0,70.0,46.0,ZWE,2007,Zimbabwe,Lower middle income,Sub-Saharan Africa,2000500000.0,2456000000.0,0.0010987496944923,-0.0021148919176567,-1.1026964849355372,0.0271055128225446,-0.049773587299789,-0.061061877261758,0.537772914517567
0.0,0.0,23.060389744997355,3.5115202832907424,-4.0,70.0,47.0,ZWE,2008,Zimbabwe,Lower middle income,Sub-Saharan Africa,1832000000.0,3006750000.0,-0.0005721077962841,-0.0024434741384771,-1.1717445148025578,0.0111192459272581,-0.041149999044726,-0.0852518612669508,0.8739827277783776
0.0,0.0,23.173893057637567,3.525591577287221,1.0,70.0,48.0,ZWE,2009,Zimbabwe,Lower middle income,Sub-Saharan Africa,1883500000.0,4090750000.0,0.0010449513589499,-0.0025497017603998,-1.020245882809162,0.0241128398057959,-0.0294141521158242,-0.0592237996125037,0.8770961497599927
0.0,0.0,23.368242496282342,3.5417250093761883,1.0,70.0,49.0,ZWE,2010,Zimbabwe,Lower middle income,Sub-Saharan Africa,3571000000.0,6443500000.0,0.0015792335788634,-0.0025119308106817,-0.7856052459729618,0.0457025626622373,-0.0274468074344561,-0.0378046623839509,1.0193073951654037
0.0,0.0,23.504696427592584,3.5594515236180553,1.0,70.0,50.0,ZWE,2011,Zimbabwe,Lower middle income,Sub-Saharan Africa,4910000000.0,7712750000.0,0.0025607303092007,-0.0018649893154992,-0.6824753871411627,0.0431137749126031,-0.0286384853978676,-0.055114287764885,1.0648830067717403
0.0,0.0,23.6509146751189,3.57568217021339,1.0,70.0,51.0,ZWE,2012,Zimbabwe,Lower middle income,Sub-Saharan Africa,4308750000.0,8390500000.0,0.0035239455983587,-0.0030690302200684,-0.6110484163459577,0.0400594130703569,-0.0308098993425797,-0.0691578796871578,1.0263598502487277
0.0,0.0,23.682381664210478,3.5897613873768064,4.0,70.0,52.0,ZWE,2013,Zimbabwe,Lower middle income,Sub-Saharan Africa,4199750000.0,7004000000.0,0.0036671710166763,-0.0028054691948688,-0.6079390509828965,0.0364331689883603,-0.027664499646978,-0.0707181681078268,1.0192215913787055
0.0,0.0,23.69711797565908,3.603478327701966,4.0,70.0,53.0,ZWE,2014,Zimbabwe,Lower middle income,Sub-Saharan Africa,4082500000.0,6581500000.0,0.0039264262216154,-0.0034242276207358,-0.588001070668016,0.0366996802869322,-0.0311102560231097,-0.0714629571583387,1.0224712115129495
0.0,0.0,23.71715243879578,3.6168779205138093,4.0,70.0,54.0,ZWE,2015,Zimbabwe,Lower middle income,Sub-Saharan Africa,3827000000.0,7507750000.0,0.0040376846114234,-0.0034338970100837,-0.5800690265790335,0.0355638320746771,-0.0309357463128377,-0.0715452551266947,1.014720357169559
0.0,0.0,23.726121648846586,3.630759923372604,4.0,70.0,55.0,ZWE,2016,Zimbabwe,Lower middle income,Sub-Saharan Africa,4100250000.0,6430000000.0,0.0042830627469384,-0.0034148293341733,-0.5773333964714792,0.0349867688031652,-0.030963106959271,-0.0735765180972617,1.0091338828116294
0.0,0.0,23.76611383266919,3.6451884617545005,4.0,70.0,56.0,ZWE,2017,Zimbabwe,Lower middle income,Sub-Saharan Africa,12584462151.0,15499601594.0,0.0043285974081658,-0.0066190082723662,-0.4530200409428366,0.0352548486147965,-0.037048927887343,-0.0604842347460539,1.0508953071286062
0.0,0.0,23.8149979617903,3.660062625536841,4.0,70.0,57.0,ZWE,2018,Zimbabwe,Lower middle income,Sub-Saharan Africa,8932843137.0,9691544118.0,0.0051984165014883,-0.0090369029689532,-0.457780079572319,0.0254542854432338,-0.0438392019510596,-0.0655328561204641,1.0018476256500983
0.0,0.0,27.571918460333723,2.2041738018907338,5.0,57.0,31.0,RUS,1992,Russia,Upper middle income,Europe & Central Asia,286864000000.0,222111000000.0,0.0071904040792379,-0.0002004293443825,2.434526851145342,-0.0564011856420934,-0.0373829591730553,0.0641300481690668,-0.2223693022105082
0.0,1.0,27.481243029034548,2.2038690271189014,3.0,57.0,32.0,RUS,1993,Russia,Upper middle income,Europe & Central Asia,166222000000.0,132674000000.0,0.0070671767666461,-0.003947517905352,2.5479883766475173,-0.0482338585552718,-0.0222630944533835,0.0614161469773973,-0.0871204287146023
0.0,1.0,27.3469139791062,2.203822372935768,3.0,57.0,33.0,RUS,1994,Russia,Upper middle income,Europe & Central Asia,109667000000.0,91639498027.0,0.0073896540207255,-0.0048255404444275,2.5883192483011648,-0.0498926921252559,-0.0231685011293436,0.0526912282982465,-0.0229932168058088
0.0,1.0,27.304595443153723,2.203785984590401,3.0,57.0,34.0,RUS,1995,Russia,Upper middle income,Europe & Central Asia,115849000000.0,102420000000.0,0.0071527022042192,-0.0051026328371062,2.593694143356879,-0.0505134680011114,-0.023497419479816,0.0466547005671656,0.023554792587231
0.0,1.0,27.266322640808216,2.2023571129785506,3.0,57.0,35.0,RUS,1996,Russia,Upper middle income,Europe & Central Asia,102134000000.0,85589979710.0,0.0063582475155917,-0.0044567640807747,2.5734516823318616,-0.0548951060636773,-0.0252266669938454,0.0458409092790394,0.0504493991257413
0.0,1.0,27.280224574562013,2.2006615675571517,3.0,57.0,36.0,RUS,1997,Russia,Upper middle income,Europe & Central Asia,100138000000.0,91218668971.0,0.0049939566862774,-0.0042176431432985,2.5454289812252155,-0.0570914742942967,-0.0264562843543058,0.0436641049685061,0.0831671786348781
0.0,1.0,27.22576798535156,2.1988449231998644,3.0,57.0,37.0,RUS,1998,Russia,Upper middle income,Europe & Central Asia,84595569294.0,66522411128.0,0.0047023268688282,-0.0041776063801555,2.5327371584332643,-0.0600805014016577,-0.027178727702566,0.0422243159808026,0.0896063752342558
0.0,0.0,27.287802372723863,2.1953121021652993,3.0,57.0,38.0,RUS,1999,Russia,Upper middle income,Europe & Central Asia,84670999188.0,51275385865.0,0.0044953851127803,-0.0008637115987581,2.5275570764825215,-0.0673046134725453,-0.0276674424183755,0.0405999274403296,0.1122368792102491
0.0,0.0,27.38311344946772,2.191543549590844,6.0,57.0,39.0,RUS,2000,Russia,Upper middle income,Europe & Central Asia,114429000000.0,62417348027.0,0.0040586616027255,-0.0009931753734854,2.516335885697084,-0.0694269056653831,-0.0259198890378993,0.0403938939472226,0.1300665876203673
0.0,0.0,27.43285672151282,2.187357586402406,6.0,57.0,40.0,RUS,2001,Russia,Upper middle income,Europe & Central Asia,113116000000.0,74250942749.0,0.0040078287998962,-0.001009205473692,2.5154601206700486,-0.0693671415062377,-0.0265981737409463,0.0407627939804388,0.1418604344087186
0.0,0.0,27.478785601001672,2.182726820109152,6.0,57.0,41.0,RUS,2002,Russia,Upper middle income,Europe & Central Asia,121649000000.0,84408293461.0,0.0037625289023853,-0.0015891986694884,2.511927971436722,-0.0714993629368,-0.0272232211967387,0.0417193884955089,0.1546880153515928
0.0,0.0,27.54924365443932,2.1781865715358375,6.0,57.0,42.0,RUS,2003,Russia,Upper middle income,Europe & Central Asia,151697000000.0,102760000000.0,0.0031858220314221,-0.0051771119833228,2.5136954181076296,-0.0737075237505267,-0.0286452075143177,0.0425730055678625,0.232294311295003
0.0,0.0,27.618768356519848,2.1741444953414955,6.0,57.0,43.0,RUS,2004,Russia,Upper middle income,Europe & Central Asia,203415000000.0,130993000000.0,0.0023536484795263,-0.0122971406320163,2.6385035263228604,-0.0817898240736934,-0.0285431478249228,0.0370661227547218,0.4889743017275424
0.0,0.0,27.680801266090572,2.170320200191363,6.0,57.0,44.0,RUS,2005,Russia,Upper middle income,Europe & Central Asia,268957000000.0,164341000000.0,0.0021635811948444,-0.0164555238690189,2.6990823510507873,-0.0880192791338551,-0.0281150286598899,0.0325204954488553,0.6499909915846359
0.0,1.0,27.759616596959184,2.167268586172264,6.0,57.0,45.0,RUS,2006,Russia,Upper middle income,Europe & Central Asia,333909000000.0,207915000000.0,0.0016612903518393,0.0120902271657243,2.844167549786035,-0.0963427813940789,-0.0248005143757195,0.0311983539301339,0.843385326323893
0.0,1.0,27.841192896433586,2.1655577658480327,4.0,57.0,46.0,RUS,2007,Russia,Upper middle income,Europe & Central Asia,392043000000.0,279983000000.0,0.0012751363698238,0.012799046739615,2.925862074262946,-0.0763957521180672,-0.0181652242450572,0.0333981515095746,1.0117013560468184
0.0,1.0,27.891891958103585,2.165171395567314,4.0,57.0,47.0,RUS,2008,Russia,Upper middle income,Europe & Central Asia,520004000000.0,366597000000.0,0.0012271645836297,0.0152088292277071,2.911071915696929,-0.0658156510412753,-0.0164829095202322,0.0386268616595627,1.0865074677075908
0.0,1.0,27.810680799746688,2.165472466141263,4.0,57.0,48.0,RUS,2009,Russia,Upper middle income,Europe & Central Asia,341584000000.0,250605000000.0,0.0012997124727114,0.0128808169331142,2.815487229258962,-0.0732192652525025,-0.0166639703524923,0.0331208150410272,1.0905737368312078
0.0,1.0,27.854692527899804,2.1659214310174226,4.0,57.0,49.0,RUS,2010,Russia,Upper middle income,Europe & Central Asia,445513000000.0,322367000000.0,0.0013112996281633,0.0141919218686485,2.8490212134243023,-0.0686999595653514,-0.0180899551805266,0.0352842627152055,1.1213716517026926
0.0,1.0,27.89679494583145,2.167101886419335,4.0,57.0,50.0,RUS,2011,Russia,Upper middle income,Europe & Central Asia,573991000000.0,408776000000.0,0.0012335882999849,0.0145101019760565,2.8851079278020086,-0.0673779146357615,-0.0179315116518815,0.0399149144786339,1.1354723237241795
0.0,1.0,27.936245911073456,2.169617643495131,4.0,57.0,51.0,RUS,2012,Russia,Upper middle income,Europe & Central Asia,594193000000.0,447048000000.0,0.0012665102931554,0.0147629324839123,2.918397236597157,-0.091752822350597,-0.0173285310340013,0.0391914370005179,1.1441308958665068
0.0,1.0,27.95364794572771,2.172592678222192,4.0,57.0,52.0,RUS,2013,Russia,Upper middle income,Europe & Central Asia,592497000000.0,468622000000.0,0.0012687908036901,0.0146626002955882,2.932895160273295,-0.0920349445353086,-0.0169652867739797,0.0393931085828408,1.145198074045042
1.0,1.0,27.960986514635064,2.1755893526186854,4.0,57.0,53.0,RUS,2014,Russia,Upper middle income,Europe & Central Asia,558283000000.0,426062000000.0,-0.0121595382257215,0.0146029724259356,2.935282854957615,-0.088144009380769,-0.019081707174681,0.0391991204132955,1.154072588151854
1.0,1.0,27.941061370990997,2.1783828733653037,4.0,57.0,54.0,RUS,2015,Russia,Upper middle income,Europe & Central Asia,391366000000.0,281640000000.0,-0.0121375608395355,0.0146128540166209,2.9068190525253508,-0.1020541534192191,-0.0194504084038208,0.0388163458542748,1.1467418773024558
1.0,1.0,27.942995720949362,2.180970383981761,4.0,57.0,55.0,RUS,2016,Russia,Upper middle income,Europe & Central Asia,330107000000.0,263830000000.0,-0.0121374355615026,0.0145750985019947,2.9044733335998245,-0.1035863642278944,-0.0195848685552613,0.0385909941304369,1.144688694747214
1.0,1.0,27.96108716237525,2.182884209229602,4.0,57.0,56.0,RUS,2017,Russia,Upper middle income,Europe & Central Asia,410722000000.0,327207000000.0,-0.0121900263000963,0.0145125876982657,2.916384146184101,-0.1050460529122596,-0.0191996415223915,0.0386296151266974,1.1470894625182662
1.0,1.0,27.98877947276352,2.1836055653890667,4.0,57.0,57.0,RUS,2018,Russia,Upper middle income,Europe & Central Asia,510346000000.0,344520000000.0,-0.0121900263000963,0.0145040711602414,2.916174688375882,-0.107616772793424,-0.0193036815684142,0.0385589305622585,1.1478124281139988
0.0,0.0,25.027645647594824,0.4233459599108163,-10.0,58.0,7.0,SAU,1968,Saudi Arabia,High income,Middle East & North Africa,1998980667.0,1035019956.0,-0.0006421485070109,-0.001895232387262,0.664000753266387,-0.0697259652947033,0.007753005417738,0.0349365223547927,-2.1233369339348895
0.0,0.0,25.08627191214009,0.4634726896364893,-10.0,58.0,8.0,SAU,1969,Saudi Arabia,High income,Middle East & North Africa,2161704511.0,1118868489.0,-0.0010794303094507,-0.0017835460276349,0.6792816509134787,-0.0707248057403184,0.0076569951110392,0.0316230391466649,-2.0657818004390824
0.0,0.0,25.547788396808702,0.5051304787706454,-10.0,58.0,9.0,SAU,1970,Saudi Arabia,High income,Middle East & North Africa,2731777778.0,1159555556.0,-0.0011882283452755,-0.0063338849531043,1.0473597683169855,-0.067975081293902,-0.0423096510042318,0.0377162056708242,-1.953777577685701
0.0,0.0,25.73436768885431,0.5494830382963881,-10.0,58.0,10.0,SAU,1971,Saudi Arabia,High income,Middle East & North Africa,3878685816.0,1287323408.0,-0.0014078393826475,-0.0063754859376226,1.1035289134334554,-0.0782000168497766,-0.0492587636641218,0.0296507419777237,-1.9748855418311255
0.0,0.0,25.940817734692,0.5971190116631292,-10.0,58.0,11.0,SAU,1972,Saudi Arabia,High income,Middle East & North Africa,5951621243.0,1765847084.0,-0.0007819180359039,-0.0062064435710672,1.1590572783569502,-0.0778914330165316,-0.0469910513427019,0.022955081878612,-2.0036103404066528
0.0,0.0,26.157302201564384,0.6472094489838284,-10.0,58.0,12.0,SAU,1973,Saudi Arabia,High income,Middle East & North Africa,14903189968.0,3126324499.0,0.000510339521577,-0.001864179083249,1.3092314168274544,-0.0889013739700242,-0.0231626213668349,0.0330970510568534,-1.6910618744744703
0.0,0.0,26.307686530383013,0.6987721442474314,-10.0,58.0,13.0,SAU,1974,Saudi Arabia,High income,Middle East & North Africa,28581126761.0,5995492958.0,0.001600262425141,-0.0003380268065024,1.4714523143121667,-0.0546712803004646,0.0194400674389449,0.0535494993146901,-1.186781305169006
0.0,0.0,26.214160325081004,0.7511843915611969,-10.0,58.0,14.0,SAU,1975,Saudi Arabia,High income,Middle East & North Africa,34300542527.0,10165134756.0,0.0032640036184837,0.0025055086006111,1.4838278503987985,-0.0066682884587785,0.0309984456060686,0.0673828403045761,-0.9916746815524088
0.0,0.0,26.378155642179696,0.8049436162325286,-10.0,58.0,15.0,SAU,1976,Saudi Arabia,High income,Middle East & North Africa,38230311615.0,15522379603.0,0.0037457100449121,0.0033194029593988,1.5833736425694154,0.0125690781599622,0.0333575071337395,0.0674256284809258,-0.9371497674557469
0.0,0.0,26.446687526854962,0.86058743591884,-10.0,58.0,16.0,SAU,1977,Saudi Arabia,High income,Middle East & North Africa,42599781848.0,24156717678.0,0.0037409267741732,0.0052148186484124,1.733219602900704,0.0321090903878452,0.0362962077311054,0.0860754499646945,-0.8246837711253949
0.0,0.0,26.39307779203146,0.9177181977597733,-10.0,58.0,17.0,SAU,1978,Saudi Arabia,High income,Middle East & North Africa,39584805337.0,33389007172.0,0.0024983596745833,0.0050129885542129,1.602440001009692,0.0410473175314132,0.0286870481157209,0.0809779947667003,-0.7510931078069668
0.0,0.0,26.505686957118964,0.9757910908851104,-10.0,58.0,18.0,SAU,1979,Saudi Arabia,High income,Middle East & North Africa,61361500126.0,38304743729.0,0.0043784647864765,0.0066059410160655,1.8759915415083752,0.0239126506828228,0.0254845216486129,0.107103045690247,-0.5043285371232515
0.0,1.0,26.560672616577314,1.0344034969860285,-10.0,58.0,19.0,SAU,1980,Saudi Arabia,High income,Middle East & North Africa,104410000000.0,44919924659.0,0.0055857205565893,-0.0029931137714689,1.9871411029094892,-0.0003394344963777,0.0278028369395022,0.1152416142085095,-0.2812922963707818
0.0,1.0,26.57991531072137,1.0941802938724137,-10.0,58.0,20.0,SAU,1981,Saudi Arabia,High income,Middle East & North Africa,115769000000.0,55459144516.0,0.0062131998575335,-0.0031470443594245,2.016775772375894,-0.012693242164809,0.0254202735607803,0.1113872339245136,-0.2622290756418312
0.0,1.0,26.347604591167062,1.15519338109382,-10.0,58.0,21.0,SAU,1982,Saudi Arabia,High income,Middle East & North Africa,77741454554.0,59945084420.0,0.0057131469197748,-0.001715376302545,1.8108844572520837,0.0484186721231535,0.0327367230235698,0.10632079625995,-0.1707188406959368
0.0,1.0,26.172641965409003,1.2160833959762003,-10.0,58.0,22.0,SAU,1983,Saudi Arabia,High income,Middle East & North Africa,49690593343.0,61584659913.0,0.0051290101901397,-0.0014922057861254,1.7413909860663943,0.0531278301623192,0.0263358567907882,0.1039897714069308,-0.1251489756379347
0.0,1.0,26.124906645726348,1.2755468817926143,-10.0,58.0,23.0,SAU,1984,Saudi Arabia,High income,Middle East & North Africa,41296821793.0,54097332577.0,0.0050783109811709,-0.0015662074294017,1.730413779416732,0.0515764559125281,0.0260377571993652,0.1034426832773241,-0.1242330474355154
0.0,1.0,26.021823174699055,1.332912539909321,-10.0,58.0,24.0,SAU,1985,Saudi Arabia,High income,Middle East & North Africa,31243235781.0,38070679183.0,0.0029118620305936,-0.0015025700583535,1.66206002503076,0.0270628728205766,0.0183777787096625,0.1003626115974673,-0.1460091457841196
0.0,1.0,26.178937318269217,1.389763141189955,-10.0,58.0,25.0,SAU,1986,Saudi Arabia,High income,Middle East & North Africa,23221442074.0,31120442884.0,0.0050617120890788,-0.0014625241702295,1.7048911231940955,0.0223885327753586,0.0147007045721515,0.1019573095437712,-0.1389329787460911
0.0,1.0,26.110312687026724,1.446263297197877,-10.0,58.0,26.0,SAU,1987,Saudi Arabia,High income,Middle East & North Africa,26447263017.0,31821094793.0,0.00438741565874,-0.0016033258382573,1.662462533005674,0.0208582440086242,0.0091439255719887,0.1009189711726467,-0.1147907783754411
0.0,1.0,26.233495924465842,1.4994728681864207,-10.0,58.0,27.0,SAU,1988,Saudi Arabia,High income,Middle East & North Africa,27645126836.0,31068624833.0,0.0057849429364528,-0.001672952404725,1.6677011093181404,0.0155550252421459,0.0025359423494912,0.103252868493699,-0.0816606689596995
0.0,1.0,26.2284510207064,1.5500191208995249,-10.0,58.0,28.0,SAU,1989,Saudi Arabia,High income,Middle East & North Africa,32174632844.0,36304672897.0,0.0060855805721932,-0.0017886630409317,1.6667820173543877,0.0140436094922859,0.0022895396111667,0.1031188996849291,-0.0738554514300688
0.0,1.0,26.369895780098304,1.5993617796822053,-10.0,58.0,29.0,SAU,1990,Saudi Arabia,High income,Middle East & North Africa,47445927904.0,36904405874.0,0.0080002887775862,-0.0032624075623244,1.724004627327263,0.0080911803857757,0.0023834411142846,0.1051241100009305,-0.1047091893435969
0.0,1.0,26.509724471771182,1.6470789757125919,-10.0,58.0,30.0,SAU,1991,Saudi Arabia,High income,Middle East & North Africa,50652603471.0,48117222964.0,0.0111053568604042,-0.0028327083203411,1.912746917561972,-0.0209833337955092,0.0040969026892619,0.1116243787088333,-0.1330391585372072
0.0,1.0,26.548826319682508,1.69312574382627,-10.0,58.0,31.0,SAU,1992,Saudi Arabia,High income,Middle East & North Africa,53610680908.0,49331375167.0,0.0122532059216165,-0.0031175884902142,1.9219396159783904,-0.0323866702249622,-0.0013087198155822,0.1042649041617624,-0.0599303630261125
0.0,1.0,26.535095215685747,1.7374116255036478,-10.0,58.0,32.0,SAU,1993,Saudi Arabia,High income,Middle East & North Africa,45678237650.0,44483311081.0,0.0119830059216035,-0.0039995679241307,1.906270243542955,-0.0282323875219509,-0.0052025113192367,0.1035738650589246,-0.0264959027047368
0.0,1.0,26.54066564572273,1.7802107632303192,-10.0,58.0,33.0,SAU,1994,Saudi Arabia,High income,Middle East & North Africa,45960747664.0,35240587450.0,0.0123428801599329,-0.0048000528111059,1.9134940117223531,-0.0291970552549844,-0.0101482758907515,0.1001225185752064,-0.0009246103361237
0.0,1.0,26.54278481008521,1.821631415800491,-10.0,58.0,34.0,SAU,1995,Saudi Arabia,High income,Middle East & North Africa,53521228304.0,39711615487.0,0.0120983984600456,-0.0061836938701267,1.912063013444352,-0.034809170104578,-0.019417262086633,0.0991408578248345,0.0308079529759862
0.0,1.0,26.568816934898372,1.8615894545929499,-10.0,58.0,35.0,SAU,1996,Saudi Arabia,High income,Middle East & North Africa,63501201602.0,42253404539.0,0.0106487654980766,-0.005591090251503,1.9173549427162035,-0.0417275138803434,-0.0210684748634773,0.0917214380442043,0.0569143237196855
0.0,1.0,26.579795149361683,1.9001629757892429,-10.0,58.0,36.0,SAU,1997,Saudi Arabia,High income,Middle East & North Africa,64989052069.0,43199465955.0,0.0092618766087956,-0.005482673713363,1.9208394509131816,-0.0452329404537313,-0.0257064671333437,0.086640763679117,0.0861633090498268
0.0,1.0,26.608319316760387,1.9375253861152002,-10.0,58.0,37.0,SAU,1998,Saudi Arabia,High income,Middle East & North Africa,43493066667.0,38830933333.0,0.008172706156574,-0.0046221587551415,1.9567752526316629,-0.0537239440640438,-0.0311374229330754,0.0838639303184935,0.0855129106604912
0.0,1.0,26.56995891492652,1.9737131404437411,-10.0,58.0,38.0,SAU,1999,Saudi Arabia,High income,Middle East & North Africa,56061600000.0,37485333333.0,0.0077754467553048,-0.0056238085811088,1.8857453543509557,-0.04578524386119,-0.0327609625042631,0.0895518642955907,0.1032754702267075
0.0,1.0,26.624688054729585,2.018311464923823,-10.0,58.0,39.0,SAU,2000,Saudi Arabia,High income,Middle East & North Africa,82259466667.0,46926133333.0,0.0071131053552959,-0.0040647378144429,1.959016196570416,-0.0556647440006166,-0.035059785183381,0.0846323137292529,0.0989522683629561
0.0,1.0,26.612506610340375,2.0703218559704504,-10.0,58.0,40.0,SAU,2001,Saudi Arabia,High income,Middle East & North Africa,72980533333.0,44058400000.0,0.0070752021919678,-0.0040049718575978,1.9479907982017488,-0.0559115261160012,-0.0359946725679947,0.0831632701016877,0.1099571667983963
0.0,1.0,26.58390960012284,2.1200863786286153,-10.0,58.0,41.0,SAU,2002,Saudi Arabia,High income,Middle East & North Africa,77641333333.0,44830400000.0,0.0067282001398013,-0.0053147793471591,1.9071592568957252,-0.051772085896027,-0.0340348698713589,0.0865299461725359,0.1319643192890187
0.0,0.0,26.6904479373345,2.1678290933586326,-10.0,58.0,42.0,SAU,2003,Saudi Arabia,High income,Middle East & North Africa,98956800000.0,51744266667.0,0.0045516224459521,0.0009139215660017,1.9852082587605215,-0.0623463928455647,-0.0406403697679398,0.0713625450718572,0.1995185025331598
0.0,0.0,26.767023928025495,2.213744550172876,-10.0,58.0,43.0,SAU,2004,Saudi Arabia,High income,Middle East & North Africa,131921000000.0,62350400000.0,0.0021873696348684,-0.0005791290698849,2.147426918897937,-0.0580632981112671,-0.0582201091664386,0.0958776348953517,0.4439609566783571
0.0,0.0,26.82126595905949,2.258018444646821,-10.0,58.0,44.0,SAU,2005,Saudi Arabia,High income,Middle East & North Africa,187389000000.0,81797389982.0,0.0023284288043239,-0.0014697135978671,2.26581967661778,-0.0611451972856349,-0.0574979263650106,0.1041670700151666,0.5960511689116683
0.0,0.0,26.848767273893667,2.300827202509536,-10.0,58.0,45.0,SAU,2006,Saudi Arabia,High income,Middle East & North Africa,225507000000.0,113495000000.0,0.001912663212706,-0.0013694088235855,2.2846023982808763,-0.0544623176261658,-0.0531206429083478,0.1208014521776032,0.7093200692564359
0.0,0.0,26.867069423852385,2.342321713428892,-10.0,58.0,46.0,SAU,2007,Saudi Arabia,High income,Middle East & North Africa,249318000000.0,145279000000.0,0.0016590457661339,-0.0021556707809887,2.2788144162345105,-0.0465800779355123,-0.0459073713317924,0.1322197093453621,0.8166458310820934
0.0,0.0,26.927692277761466,2.382609278649897,-10.0,58.0,47.0,SAU,2008,Saudi Arabia,High income,Middle East & North Africa,322854000000.0,176685000000.0,0.0016224825255899,-0.002568510984134,2.256078523264665,-0.0367163504342434,-0.0355338207242284,0.1458147970054872,0.8949766019981599
0.0,0.0,26.906884690531694,2.4217582260172317,-10.0,58.0,48.0,SAU,2009,Saudi Arabia,High income,Middle East & North Africa,202056000000.0,162069000000.0,0.0016172250734418,-0.0025733080154761,2.23802082025868,-0.0367571059917872,-0.037443069217867,0.1427416401674849,0.9034108197891544
0.0,0.0,26.956051713900944,2.4118334077574004,-10.0,58.0,49.0,SAU,2010,Saudi Arabia,High income,Middle East & North Africa,261831000000.0,174203000000.0,0.001624904075256,-0.0025513850851245,2.2375201097442474,-0.0372992620445207,-0.0360047191863901,0.146906253090104,0.9284879821572756
0.0,0.0,27.051332969322708,2.4572201240757234,-10.0,58.0,50.0,SAU,2011,Saudi Arabia,High income,Middle East & North Africa,376224000000.0,197978000000.0,0.0016746288418926,-0.0024848145268049,2.2624892919637913,-0.0355951851625763,-0.033436086803468,0.14663342053096,0.9497604196606838
0.0,0.0,27.10403392814302,2.499246546904573,-10.0,58.0,51.0,SAU,2012,Saudi Arabia,High income,Middle East & North Africa,399419000000.0,215206000000.0,0.0016589907308744,-0.0027288805171582,2.325064968755683,-0.0396260765142861,-0.0276636024040278,0.1366659747357743,0.9806268591099168
0.0,0.0,27.13066878855564,2.5533614594345275,-10.0,58.0,52.0,SAU,2013,Saudi Arabia,High income,Middle East & North Africa,387745000000.0,229995000000.0,0.0018670829741586,-0.0088072326466387,2.4777368910465216,-0.0516587282355189,-0.0218524674180451,0.0922840151248974,1.037862063304668
0.0,0.0,27.166542992917613,2.5778657733271992,-10.0,58.0,53.0,SAU,2014,Saudi Arabia,High income,Middle East & North Africa,354973000000.0,259007000000.0,0.0016490415662929,-0.0150794792578574,2.6370118160640983,-0.0775920956901322,-0.0201924700629574,0.0362536410452978,1.0951588138950423
0.0,0.0,27.206785947243656,2.629734328035643,-10.0,58.0,54.0,SAU,2015,Saudi Arabia,High income,Middle East & North Africa,218010000000.0,247307000000.0,0.0016163726404194,-0.0162532397416745,2.6500925234862804,-0.0795351706676872,-0.02044989711844,0.0333209315640208,1.0967400270408416
0.0,0.0,27.223353584265183,2.6671849820366766,-10.0,58.0,55.0,SAU,2016,Saudi Arabia,High income,Middle East & North Africa,200877000000.0,198365000000.0,0.0016159047779804,-0.0161098154083212,2.649688984041903,-0.0783991859346342,-0.0205184602334132,0.0325541284081711,1.095813994977315
0.0,0.0,27.215911650152645,2.6679328082918583,-10.0,58.0,56.0,SAU,2017,Saudi Arabia,High income,Middle East & North Africa,239893000000.0,201398000000.0,0.0016194758248762,-0.016150826342074,2.648608026376984,-0.0784495836515732,-0.0209102584731383,0.0324853545598185,1.0974433623341062
1.0,0.0,27.240742113004607,2.6423951251158764,-10.0,58.0,57.0,SAU,2018,Saudi Arabia,High income,Middle East & North Africa,314917000000.0,209069000000.0,-0.0125858638873805,-0.0167273622025037,2.6506841614096004,-0.0760782868768951,-0.0232095706334635,0.032366320479797,1.1068942068298366
0.0,0.0,21.00853458717729,3.514172226101052,6.0,59.0,3.0,SLE,1964,Sierra Leone,Low income,Sub-Saharan Africa,108122255.1,109755521.8,0.0021860878196035,-0.001309228327156,-2.3792944166361565,0.0427337776181825,0.0348436026720033,0.0366250992309146,-1.4731125299176633
0.0,0.0,21.07787551899922,3.5322702036020845,6.0,59.0,4.0,SLE,1965,Sierra Leone,Low income,Sub-Saharan Africa,103739958.5,112419955.0,0.0020843113622677,-0.0013134616046648,-2.3879231266277396,0.0398203334539503,0.0345146895800085,0.0351118144287766,-1.4633741053143037
0.0,0.0,21.094732636284284,3.5507211366198055,6.0,59.0,5.0,SLE,1966,Sierra Leone,Low income,Sub-Saharan Africa,104299958.3,118719952.5,0.0018375333911054,-0.0012136421065077,-2.4009604962002915,0.0372742148567325,0.0343005191533186,0.0300516424281216,-1.4471077679988285
0.0,0.0,21.09509538558604,3.5695303547884873,-7.0,59.0,6.0,SLE,1967,Sierra Leone,Low income,Sub-Saharan Africa,94448134.3,109222915.5,0.0017847195876856,-0.0010225481008974,-2.4809282181019396,0.0345794064894755,-0.0173471810900402,0.0220660216414137,-1.436181171334311
0.0,0.0,21.115093325346283,3.5885293019842264,1.0,59.0,7.0,SLE,1968,Sierra Leone,Low income,Sub-Saharan Africa,78120031.25,88560035.42,0.0016579348465469,-0.0011398460676485,-2.4711944462973805,0.0284060911770311,0.0100110714376977,0.0235620672881319,-1.3970770540358843
0.0,0.0,21.19690781810534,3.607431428944169,1.0,59.0,8.0,SLE,1969,Sierra Leone,Low income,Sub-Saharan Africa,112920045.2,102960041.2,0.001395853801142,-0.0011018998812471,-2.4822813417302405,0.0273586350349918,0.0086991213264568,0.0214020354760821,-1.3674252109416178
0.0,0.0,21.279597725639274,3.626384101618375,1.0,59.0,9.0,SLE,1970,Sierra Leone,Low income,Sub-Saharan Africa,134760053.9,127200050.9,0.0012056495653243,-0.0009083651570267,-2.5558218982064735,0.0276340466226276,0.0034046348333361,0.0252281926842735,-1.2781530975037056
0.0,0.0,21.313669788763026,3.644989669933208,-6.0,59.0,10.0,SLE,1971,Sierra Leone,Low income,Sub-Saharan Africa,131184001.8,135877741.3,0.001216534029449,-0.0008816662949978,-2.5938567400718737,0.0283798492747329,0.000840709514352,0.0241631096772881,-1.232184749026677
0.0,0.0,21.3226318555083,3.6633371109235036,-6.0,59.0,11.0,SLE,1972,Sierra Leone,Low income,Sub-Saharan Africa,129248659.4,135117922.2,0.0012270779874271,-0.0009861951998854,-2.6097262730221806,0.0274789268579546,-0.0005340068327359,0.0222551785293129,-1.194119885346897
0.0,0.0,21.344947188815464,3.6818427706247916,-6.0,59.0,12.0,SLE,1973,Sierra Leone,Low income,Sub-Saharan Africa,141729814.2,134624948.9,0.0014797738895352,-0.0008504518091351,-2.721979538253004,0.0238526287940869,-0.0033119233532581,0.0201216931970908,-1.0404030440551155
0.0,0.0,21.37934695646215,3.7003330754990738,-6.0,59.0,13.0,SLE,1974,Sierra Leone,Low income,Sub-Saharan Africa,156290000.4,169499252.4,0.0057946577486493,-0.0003074147807072,-2.815866052987532,0.0149465137031787,-0.0148014992213914,0.0137638482225975,-0.8061590168494911
0.0,0.0,21.395901338992765,3.718721018073647,-6.0,59.0,14.0,SLE,1975,Sierra Leone,Low income,Sub-Saharan Africa,170571070.2,234175717.0,0.0068744078427054,-0.0003618317448106,-2.7772484047050585,0.0156969556511885,-0.018760390024802,0.0143002669080837,-0.7029253786418903
0.0,0.0,21.391399457080237,3.7367653845872746,-6.0,59.0,15.0,SLE,1976,Sierra Leone,Low income,Sub-Saharan Africa,128140613.2,172082240.0,0.0071535425203658,-0.0003211681323254,-2.8015446885047752,0.0147893369915825,-0.018697770044637,0.0144149385973088,-0.6805605294535342
0.0,0.0,21.391866106151046,3.7552586793345752,-6.0,59.0,16.0,SLE,1977,Sierra Leone,Low income,Sub-Saharan Africa,136415176.6,184910597.5,0.0074186935190832,1.238814768840258e-05,-2.8298006944641045,0.0163000969885375,-0.0196174797333302,0.0149865692478023,-0.6345046914546035
0.0,0.0,21.415644468748404,3.774570544366817,-7.0,59.0,17.0,SLE,1978,Sierra Leone,Low income,Sub-Saharan Africa,190441625.9,230650213.9,0.007402173512308,0.0003248067026868,-2.7691285323567634,0.0299446618112842,-0.0246140341743847,0.0175867678786361,-0.503206875492186
0.0,0.0,21.45976915309709,3.7940837854256224,-7.0,59.0,18.0,SLE,1979,Sierra Leone,Low income,Sub-Saharan Africa,220819890.8,300481565.2,0.0075518396528801,0.0007068094203588,-2.7233581436715997,0.066326406947065,-0.0333917545777125,0.0199647933086001,-0.3399951550692986
0.0,0.0,21.507067764854416,3.814020898597238,-7.0,59.0,19.0,SLE,1980,Sierra Leone,Low income,Sub-Saharan Africa,251666984.2,420651552.7,0.0075677466274409,0.0004289862343269,-2.7604165073779026,0.0911488686033461,-0.0410145929020557,0.0226331140766229,-0.221533458556583
0.0,0.0,21.535474725091017,3.8342456712074533,-7.0,59.0,20.0,SLE,1981,Sierra Leone,Low income,Sub-Saharan Africa,256578379.8,443016133.2,0.0076265929647309,0.0002758317319031,-2.7722939079164233,0.0973867911851002,-0.0420903329341322,0.0231479514548381,-0.2065723033905513
0.0,0.0,21.58218420734251,3.854771584392574,-7.0,59.0,21.0,SLE,1982,Sierra Leone,Low income,Sub-Saharan Africa,204093165.9,335930246.6,0.0075881318595526,0.0002927390003836,-2.7571916743456484,0.0819606155450829,-0.0467173557492393,0.0219616561381752,-0.2223213530811806
0.0,0.0,21.560931953511922,3.876097450217841,-7.0,59.0,22.0,SLE,1983,Sierra Leone,Low income,Sub-Saharan Africa,110166390.0,219271957.7,0.0075781101600326,0.000234519825803,-2.8518108662160024,0.0338740772060459,-0.0493179997836987,0.0203843681916276,-0.2631996872298634
0.0,0.0,21.60104682689933,3.8980038873975014,-7.0,59.0,23.0,SLE,1984,Sierra Leone,Low income,Sub-Saharan Africa,115540150.2,134903085.7,0.0075755207364651,0.0002389753465338,-2.9604294341640607,-0.1154465989501924,-0.0534854297024795,0.0149879220724279,-0.3753829299084636
0.0,0.0,21.546470882036022,3.9201467484910246,-7.0,59.0,24.0,SLE,1985,Sierra Leone,Low income,Sub-Saharan Africa,127012171.2,142324303.1,0.0075611145448912,0.0002337818399598,-3.07069129725834,-0.182102714096668,-0.0573728852506028,0.0164604414164491,-0.4204546124631578
0.0,0.0,21.558755584594685,3.94456610265559,-7.0,59.0,25.0,SLE,1986,Sierra Leone,Low income,Sub-Saharan Africa,58414118.82,73576932.64,0.0075713360708399,0.0002545708207249,-3.105597489224234,-0.2007876579141051,-0.0593694189655644,0.0166119094989944,-0.4449919845838022
0.0,0.0,21.62857329043674,3.9713834510045314,-7.0,59.0,26.0,SLE,1987,Sierra Leone,Low income,Sub-Saharan Africa,210997855.7,153071115.9,0.0076294458655616,-0.0003041635409056,-2.9995162653079466,-0.127205164887169,-0.0981497403776733,0.0009000221648696,-0.3449786637450601
0.0,0.0,21.555142012226902,3.9983804095574658,-7.0,59.0,27.0,SLE,1988,Sierra Leone,Low income,Sub-Saharan Africa,303069447.0,151842283.3,0.0063337741944552,-0.0009205718402572,-3.0081183192382195,-0.1001552875037836,-0.119569142401393,-0.0040637039499155,-0.2186377248866345
0.0,0.0,21.56241549629576,4.023359891276093,-7.0,59.0,28.0,SLE,1989,Sierra Leone,Low income,Sub-Saharan Africa,223145470.0,164863825.6,0.006147680767311,-0.0008636058701801,-2.9827166014417323,-0.0885765531216482,-0.1215088269566578,-0.0037014577678244,-0.1996698188894544
0.0,0.0,21.595366576875723,4.062921281577102,-7.0,59.0,29.0,SLE,1990,Sierra Leone,Low income,Sub-Saharan Africa,225360854.7,220884011.5,0.0071994103675986,-0.0007761879183336,-2.8819319419294684,-0.0635727067837241,-0.1212666405576458,-0.0018476715147547,-0.1173102231446266
0.0,0.0,21.61861385919744,4.0746325237926255,-6.0,59.0,30.0,SLE,1991,Sierra Leone,Low income,Sub-Saharan Africa,243739503.8,226153231.5,0.0087502315445576,-0.0008840332373885,-2.839954061494995,-0.0580669821272473,-0.1063682744986616,-0.0057720049471528,-0.0798040658337751
0.0,0.0,21.40773343719261,4.055636472801486,-7.0,59.0,31.0,SLE,1992,Sierra Leone,Low income,Sub-Saharan Africa,214799716.5,223713664.4,0.0094297573803168,-0.0006221495274359,-3.049543770593307,-0.0686342493076045,-0.0712841004407616,-0.0135130746391689,-0.0138539789192807
0.0,0.0,21.421385318105234,4.053417212152144,-7.0,59.0,32.0,SLE,1993,Sierra Leone,Low income,Sub-Saharan Africa,186700713.2,219721601.0,0.0094342556211908,-7.711830079364763e-05,-3.0367096370376414,-0.0634863286946659,-0.0914110469453782,-0.0106030671028346,0.0152617594533128
0.0,0.0,21.401719361542348,4.057252642765464,-7.0,59.0,33.0,SLE,1994,Sierra Leone,Low income,Sub-Saharan Africa,269102157.7,233877015.4,0.0095502345965388,0.000369974022524,-3.065858855992865,-0.065711743435257,-0.0737147703455743,-0.0171342859865814,0.0428061030412353
0.0,0.0,21.318340434126107,4.0587070955795586,-7.0,59.0,34.0,SLE,1995,Sierra Leone,Low income,Sub-Saharan Africa,161857005.1,230230821.4,0.0092628971349164,0.0009395173783739,-3.1234804959884537,-0.0574391431826101,-0.0386248121507313,-0.0122806353104226,0.0824623801744123
0.0,0.0,21.335726628631186,4.063488692056533,4.0,59.0,35.0,SLE,1996,Sierra Leone,Low income,Sub-Saharan Africa,164283418.0,302762367.3,0.0077328225229418,0.0002340170983884,-3.1333255757711926,-0.0422020690542908,-0.0262845897612807,-0.0031470831054884,0.0972589748595365
0.0,0.0,21.275158008687022,4.076385233586619,0.0,59.0,36.0,SLE,1997,Sierra Leone,Low income,Sub-Saharan Africa,112228128.3,128200896.0,0.0054677986504042,0.0001120447072344,-3.223230039994549,-0.0465918260005775,-0.0570946462663727,-0.0010281418250387,0.1101402505229515
0.0,0.0,21.292850708600184,4.086226589128948,0.0,59.0,37.0,SLE,1998,Sierra Leone,Low income,Sub-Saharan Africa,94545470.82,143020226.2,0.0050233666182175,5.297107462101653e-05,-3.227344566958295,-0.0488917675723267,-0.0574275285066418,-0.0027803207402815,0.1193638392612162
0.0,0.0,21.27285935039507,4.091394570104227,0.0,59.0,38.0,SLE,1999,Sierra Leone,Low income,Sub-Saharan Africa,92562056.76,133350330.8,0.0048159323378399,1.8616368329059092e-05,-3.250119910881279,-0.0517785993416846,-0.0599645006541317,-0.0028972399221732,0.1094547713919357
0.0,0.0,21.33726718693495,4.11554861066355,0.0,59.0,39.0,SLE,2000,Sierra Leone,Low income,Sub-Saharan Africa,115313377.5,250500328.6,0.0039972236582292,-0.0001182400529161,-3.206401149340796,-0.0421551961970418,-0.0581030543354646,-0.0042084285672092,0.1472976508531231
0.0,0.0,21.271709958696498,4.1746037990668885,2.0,59.0,40.0,SLE,2001,Sierra Leone,Low income,Sub-Saharan Africa,133738471.4,470552283.5,0.0035280486654065,-0.0001248335738866,-3.1598509511632304,-0.0136829541257881,-0.0106187775447582,0.0135853986334249,0.2068817553174311
0.0,0.0,21.50612824379868,4.232300810529929,5.0,59.0,41.0,SLE,2002,Sierra Leone,Low income,Sub-Saharan Africa,167621820.3,584978280.5,0.0029938158799639,-0.0009969895399027,-2.7837247782912806,-0.014327010578263,-0.0041751448750525,-0.0017606054408381,0.3841116581839204
0.0,0.0,21.59517449096715,4.272950711262139,5.0,59.0,42.0,SLE,2003,Sierra Leone,Low income,Sub-Saharan Africa,301792804.1,693376923.3,0.0021515120291215,-0.0014521732096225,-2.715115710875295,-0.0095585467108557,-0.0054171544469913,-0.0049194768345945,0.4732696836208679
0.0,0.0,21.65906853780128,4.30675686820612,5.0,59.0,43.0,SLE,2004,Sierra Leone,Low income,Sub-Saharan Africa,373227342.3,659802198.7,0.0018342126917163,-0.0021701495332792,-2.7419254841467247,-0.0132104846024557,-0.0088879646526024,-0.0080879920813042,0.5471969641621782
0.0,0.0,21.703134184186023,4.333651596321554,5.0,59.0,44.0,SLE,2005,Sierra Leone,Low income,Sub-Saharan Africa,453725410.0,756501688.1,0.001857255440664,-0.0031077093370943,-2.673890828464569,-0.0105057303161835,-0.0331172061625528,-0.014235102055798,0.5963345408092484
0.0,0.0,21.74450560487227,4.355718289988001,5.0,59.0,45.0,SLE,2006,Sierra Leone,Low income,Sub-Saharan Africa,310411123.4,410502652.2,0.0018358446560066,-0.0048030256980551,-2.719393918860688,-0.0119679805706082,-0.0437930280765647,-0.0239673281881712,0.6065940954694992
0.0,0.0,21.822004882247224,4.377679432518081,7.0,59.0,46.0,SLE,2007,Sierra Leone,Low income,Sub-Saharan Africa,328699384.2,463532389.6,0.0018904968955522,-0.0053508836860356,-2.6400457326514166,-0.0279445029308152,-0.0769795900629537,-0.0325738374321911,0.665656625208998
0.0,0.0,21.874581062988383,4.402649654032918,7.0,59.0,47.0,SLE,2008,Sierra Leone,Low income,Sub-Saharan Africa,322797772.3,561030046.8,0.0019170709487982,-0.0059998780099852,-2.643795041441234,-0.0343251006756838,-0.0843034723814076,-0.0305838262755917,0.7501567362076481
0.0,1.0,21.905963940595615,4.429583339754848,7.0,59.0,48.0,SLE,2009,Sierra Leone,Low income,Sub-Saharan Africa,316612969.4,595648221.2,0.001783129744637,0.0026745046429772,-2.599549661714643,-0.0339551811550697,-0.0746630781262806,-0.0202409418614542,0.8228576340645657
0.0,1.0,21.95804834925158,4.456798425710017,7.0,59.0,49.0,SLE,2010,Sierra Leone,Low income,Sub-Saharan Africa,421689973.1,769940174.8,0.0017977222840898,0.0026769371463738,-2.534624708158235,-0.0227370420874628,-0.0585106015586258,-0.0101300849973916,0.9129975821334556
0.0,1.0,22.019284972330613,4.482896252126963,7.0,59.0,50.0,SLE,2011,Sierra Leone,Low income,Sub-Saharan Africa,466407643.6,1662053977.0,0.0019596837789483,0.0017109209241007,-2.372164181178504,-0.0129681140154424,-0.0251965337743123,-0.0029321210878612,1.0669448589667871
0.0,1.0,22.16062626777778,4.508222201333312,7.0,59.0,51.0,SLE,2012,Sierra Leone,Low income,Sub-Saharan Africa,1264681732.0,2013822439.0,0.0019571846417629,-0.0011175154485073,-2.2359812476781205,-0.0091626786830464,-0.0193154859157944,-0.0049398731638584,1.1275686418170157
0.0,1.0,22.34889484155508,4.532794774407211,7.0,59.0,52.0,SLE,2013,Sierra Leone,Low income,Sub-Saharan Africa,1420918920.0,2582762766.0,0.0019474236353146,0.0005417943959515,-2.001090952708527,-0.0048325075098578,-0.0064012816850993,-0.0037352350767739,1.13195527961049
0.0,1.0,22.393454855620984,4.556685357533965,7.0,59.0,53.0,SLE,2014,Sierra Leone,Low income,Sub-Saharan Africa,1553706126.0,2375354044.0,0.0017344839459816,0.0008528993695293,-1.9383180727089655,-0.005715402205292,-0.0025005059553304,-0.0033882134962915,1.1351823696825885
0.0,0.0,22.162798519973347,4.579867297892499,7.0,59.0,54.0,SLE,2015,Sierra Leone,Low income,Sub-Saharan Africa,711755890.5,1764797912.0,0.0019322578775791,-0.002636796457888,-2.2147517442447846,-0.0116512447587838,-0.0167352549421319,-0.0060218648795278,1.124984478549082
0.0,0.0,22.22159063118708,4.603413032097024,7.0,59.0,55.0,SLE,2016,Sierra Leone,Low income,Sub-Saharan Africa,858631195.2,1761706026.0,0.0019247556542372,-0.0027265091444948,-2.1873147932981465,-0.0112989963789743,-0.0190716468797258,-0.004598312150972,1.0867172654929245
0.0,0.0,22.26266165136215,4.627270927458625,7.0,59.0,56.0,SLE,2017,Sierra Leone,Low income,Sub-Saharan Africa,796390826.0,1591024699.0,0.0019309281955719,-0.0027989736447655,-2.1575772609969213,-0.0128754629118877,-0.0203403234332143,-0.0052332273578335,1.084164372151808
1.0,0.0,22.29672101133118,4.650744030962849,7.0,59.0,57.0,SLE,2018,Sierra Leone,Low income,Sub-Saharan Africa,718218828.3,1670393269.0,-0.0203395782243787,-0.0011713425758618,-2.078569931899207,-0.0187301555192103,-0.0177063594125834,-0.0099626660316959,1.1533676374946396
0.0,0.0,24.945372558134842,2.6346181295018782,4.0,69.0,0.0,ZAF,1961,South Africa,Upper middle income,Sub-Saharan Africa,2337999065.0,1698199321.0,-0.0036918370426693,-0.001670537163101,0.5999812894038006,-0.0073805306334302,0.0218548457415255,0.1944587457230053,-2.115136437459208
0.0,0.0,25.00531865192183,2.6643632997080524,4.0,69.0,1.0,ZAF,1962,South Africa,Upper middle income,Sub-Saharan Africa,2498999000.0,1755599298.0,-0.003981093930224,-0.001678374248234,0.6304168657260489,-0.0105776536639633,0.0229464499870602,0.1917440193149269,-2.0911496585117195
1.0,0.0,25.076463825194974,2.6946735209125645,4.0,69.0,2.0,ZAF,1963,South Africa,Upper middle income,Sub-Saharan Africa,2696398921.0,2185399126.0,-0.0007769481693802,-0.0014303483945984,0.6998712497897603,-0.0010344187394946,0.0223546091656565,0.206306906298501,-2.038500313296478
1.0,0.0,25.152865530715363,2.7252138283839398,4.0,69.0,3.0,ZAF,1964,South Africa,Upper middle income,Sub-Saharan Africa,2846198862.0,2647398941.0,0.0005555689302109,-0.0015189679689816,0.7135300866475011,-0.002563115269194,0.023441040211366,0.2033212232619468,-2.022344981812799
1.0,0.0,25.212292240942375,2.7559613358638675,4.0,69.0,4.0,ZAF,1965,South Africa,Upper middle income,Sub-Saharan Africa,2913398835.0,3035198786.0,0.002114289922673,-0.0033090255209797,0.8911778348406582,0.0044563979222563,0.0227666316641354,0.2195639597443898,-1.9689767261581952
1.0,0.0,25.255719345670265,2.786944487746527,4.0,69.0,5.0,ZAF,1966,South Africa,Upper middle income,Sub-Saharan Africa,3123398751.0,2858798856.0,0.0023458630948708,-0.0037362298376512,0.9058484775872432,0.0101141684186891,0.017252500558355,0.2137871892157841,-1.9698744438804057
1.0,0.0,25.325212973697013,2.8181427289098107,4.0,69.0,6.0,ZAF,1967,South Africa,Upper middle income,Sub-Saharan Africa,3385198646.0,3337598665.0,0.0030819274779408,-0.0038938514621001,0.9986322388490336,0.0200949184241195,0.0157358759494293,0.226870792317483,-1.961655056956921
1.0,0.0,25.365905203048978,2.8493155907050003,4.0,69.0,7.0,ZAF,1968,South Africa,Upper middle income,Sub-Saharan Africa,3760398496.0,3310998676.0,-0.0059691869459475,-0.0031868090468382,1.0537420915732127,0.0235395663093663,0.0104377204259098,0.2024790103948128,-1.9095630312397829
1.0,0.0,25.411986417628437,2.880201705000321,4.0,69.0,8.0,ZAF,1969,South Africa,Upper middle income,Sub-Saharan Africa,3859798456.0,3770198492.0,-0.0042570000015188,-0.0028756949253794,1.0722378422729608,0.0336909877602999,0.00753493137191,0.2025430975944512,-1.852144808643429
1.0,0.0,25.463141725786794,2.9105178735790744,4.0,69.0,9.0,ZAF,1970,South Africa,Upper middle income,Sub-Saharan Africa,3904598438.0,4537398185.0,-0.0032716037157093,-0.0006067181059954,1.116574259405286,0.054280710560797,0.0107238857330151,0.1726949651872555,-1.707778751226351
1.0,0.0,25.50504127273235,2.939804701681896,4.0,69.0,10.0,ZAF,1971,South Africa,Upper middle income,Sub-Saharan Africa,4325959814.0,5155078808.0,-0.0026618821582982,0.0004022353497024,1.134832309392019,0.0638078800051766,0.0130987420459812,0.142612237168718,-1.613685106629206
1.0,0.0,25.521458453935992,2.968476486336355,4.0,69.0,11.0,ZAF,1972,South Africa,Upper middle income,Sub-Saharan Africa,5260658883.0,4735113337.0,-0.0042555493996443,-0.00078827156768,1.1221286899532734,0.0648249022840245,0.0101688333056949,0.1290594605782349,-1.5679639733598447
1.0,0.0,25.56616075032617,2.9970694086902205,4.0,69.0,12.0,ZAF,1973,South Africa,Upper middle income,Sub-Saharan Africa,7213682653.0,6474445897.0,-0.0078343785659995,-0.0019836630366272,1.156467363111945,0.0539020733975124,-0.0166298823847403,0.0738616098314571,-1.3234316109676278
1.0,0.0,25.625476667026085,3.025269226527716,4.0,69.0,13.0,ZAF,1974,South Africa,Upper middle income,Sub-Saharan Africa,9997395055.0,10199020717.0,-0.0130375317170319,0.000760102941727,1.241665079910373,0.0924711109852004,-0.0183925522308779,0.0752804038724427,-0.907193649004733
1.0,0.0,25.64229010093993,3.0529675769378626,4.0,69.0,14.0,ZAF,1975,South Africa,Upper middle income,Sub-Saharan Africa,10231126641.0,11142543421.0,-0.0176586121996221,0.0011325777906198,1.2542944576646575,0.1065503584101807,-0.0194055478865548,0.0668695826479737,-0.8251574483813046
1.0,0.0,25.66453676198761,3.080020823177978,4.0,69.0,15.0,ZAF,1976,South Africa,Upper middle income,Sub-Saharan Africa,9840552460.0,10274102569.0,-0.0172757402447463,0.0015727548642495,1.2738077601269526,0.0914980591504645,-0.0177269019881051,0.0655231978080208,-0.7696292047715445
1.0,0.0,25.663600261642145,3.107061995746967,4.0,69.0,16.0,ZAF,1977,South Africa,Upper middle income,Sub-Saharan Africa,11914002979.0,9939452485.0,-0.0168566777962379,0.0027400393253593,1.2583096382594878,0.0682322909551031,-0.0198348730739885,0.0574264184575268,-0.7260593175216966
1.0,0.0,25.693301334056933,3.13436232862982,4.0,69.0,17.0,ZAF,1978,South Africa,Upper middle income,Sub-Saharan Africa,14669403667.0,11625352906.0,-0.0157974681526704,0.0041304270627878,1.279332681108806,0.0694233656651366,-0.01727764540855,0.0485267453501997,-0.6435051489958784
1.0,0.0,25.730502027296122,3.1614296571604905,4.0,69.0,18.0,ZAF,1979,South Africa,Upper middle income,Sub-Saharan Africa,19695423997.0,14412907961.0,-0.0155317078213192,0.0063802552033272,1.3395409425820088,0.055212639477985,-0.0324381291400546,0.0413584072210344,-0.4843852176974561
1.0,0.0,25.794607318160015,3.191858456115025,4.0,69.0,19.0,ZAF,1980,South Africa,Upper middle income,Sub-Saharan Africa,28496444685.0,22027800533.0,-0.0133979613223036,0.002960822519074,1.4246084032625606,0.0293541739372511,-0.049754317684904,0.0306318544757485,-0.3066047172536552
1.0,0.0,25.84683092728019,3.225900660431941,4.0,69.0,20.0,ZAF,1981,South Africa,Upper middle income,Sub-Saharan Africa,23474809675.0,25138477562.0,-0.014413162687085,0.0009464697196771,1.467806284325195,0.0270944562048025,-0.0545842744911179,0.036537447317595,-0.2446474771225796
1.0,0.0,25.842988692628122,3.260471590734181,4.0,69.0,21.0,ZAF,1982,South Africa,Upper middle income,Sub-Saharan Africa,20090880960.0,20405851452.0,-0.0138696906751558,0.0009502138362548,1.4636819318790035,0.0236824321404945,-0.0546543066682411,0.0367455437677069,-0.2425582893974035
1.0,0.0,25.82435103396474,3.29540549001212,4.0,69.0,22.0,ZAF,1983,South Africa,Upper middle income,Sub-Saharan Africa,20941567184.0,17786554169.0,-0.0143413614118127,0.0009720168350059,1.4487977286555256,0.0232689620143768,-0.0544593555770894,0.0368211673877241,-0.242191491869308
1.0,0.0,25.874086172304665,3.3300314250207714,4.0,69.0,23.0,ZAF,1984,South Africa,Upper middle income,Sub-Saharan Africa,19094719161.0,17732941000.0,-0.0144319598783399,0.0010342930800457,1.4693357068997086,0.0241593964882234,-0.0552136095777629,0.0353157124498728,-0.2434564061008174
1.0,0.0,25.861895556249376,3.3633791726466593,4.0,69.0,24.0,ZAF,1985,South Africa,Upper middle income,Sub-Saharan Africa,17986023085.0,12921130268.0,-0.0140950277191982,0.0008051037171752,1.4463385697434508,0.0135644269960962,-0.0561523451692832,0.0337097711015424,-0.2468567153075947
1.0,0.0,25.86207151242501,3.395349890695551,4.0,69.0,25.0,ZAF,1986,South Africa,Upper middle income,Sub-Saharan Africa,19987466259.0,14231748177.0,-0.0147366639418341,0.0008113427959322,1.4453291217326545,0.0117691934959119,-0.0578207358932543,0.0348237998487021,-0.239794741775148
1.0,0.0,25.882861220174366,3.4265244017540137,4.0,69.0,26.0,ZAF,1987,South Africa,Upper middle income,Sub-Saharan Africa,25959795347.0,17453548150.0,-0.0149220804348697,0.0015196167766519,1.4402658311243506,0.0104667280262579,-0.0567132472879224,0.031699914110477,-0.2077953166699359
1.0,0.0,25.924003450155418,3.456984668140157,4.0,69.0,27.0,ZAF,1988,South Africa,Upper middle income,Sub-Saharan Africa,26828616017.0,20846125831.0,-0.01600942027325,0.0026862021304711,1.4346532937691625,0.0072414174942811,-0.0586672016860951,0.0336188445866102,-0.1599773810312499
1.0,0.0,25.94767290410987,3.4863796254182007,4.0,69.0,28.0,ZAF,1989,South Africa,Upper middle income,Sub-Saharan Africa,25616574210.0,20522923715.0,-0.0194440894361235,0.0026559885306452,1.4613813690038415,0.0083171512495381,-0.0592930075839653,0.0346823565946472,-0.1591552032070897
1.0,0.0,25.94448615310948,3.5141934292108767,5.0,69.0,29.0,ZAF,1990,South Africa,Upper middle income,Sub-Saharan Africa,27148931269.0,21016333111.0,-0.0279957756616583,0.0029529126272792,1.4790874207712543,0.0062609518982945,-0.0580350022072288,0.035937659835238,-0.1536136966299747
1.0,0.0,25.934253594056063,3.5370400473195085,5.0,69.0,30.0,ZAF,1991,South Africa,Upper middle income,Sub-Saharan Africa,26149497613.0,21011728108.0,-0.0373747126624677,0.0024393828151335,1.4922095260906605,0.0050622330474237,-0.0589765651456475,0.0361449104984051,-0.1458863334513827
1.0,0.0,25.91264964544984,3.5550031683063112,6.0,69.0,31.0,ZAF,1992,South Africa,Upper middle income,Sub-Saharan Africa,27855753864.0,22581586205.0,-0.0416045361387395,0.004255597353595,1.479036640311257,0.0024000988295523,-0.0589562306222016,0.0328921107322718,-0.0611118291298062
1.0,0.0,25.92491259873158,3.5749161282251944,8.0,69.0,32.0,ZAF,1993,South Africa,Upper middle income,Sub-Saharan Africa,29312901692.0,23232862325.0,-0.0401992842481564,0.0052774684170991,1.4301921764339618,0.0003287456262027,-0.0544761197977735,0.0291399189652115,-0.0226033252092254
1.0,0.0,25.956409814204065,3.59111287417757,9.0,69.0,33.0,ZAF,1994,South Africa,Upper middle income,Sub-Saharan Africa,30010718717.0,26964924504.0,-0.0337831353714229,0.0063644221512503,1.5527598960159146,0.0038479129487268,0.0590712809278999,0.0301756781276084,-0.0109800174088864
0.0,0.0,25.986939997550873,3.6032517278016942,9.0,69.0,34.0,ZAF,1995,South Africa,Upper middle income,Sub-Saharan Africa,34412207048.0,33385762947.0,0.0044140061032101,0.0056695453847238,1.5394642885248917,-0.0063163477432803,0.0652121001128401,0.03528018941941,0.1080450175726075
0.0,0.0,26.029040329884847,3.616221669852344,9.0,69.0,35.0,ZAF,1996,South Africa,Upper middle income,Sub-Saharan Africa,35543985845.0,33339931231.0,0.0037963872460228,0.0039811810727389,1.5612984693740792,-0.0081091145627378,0.0692283345540352,0.0337702958634298,0.1291140187824877
0.0,0.0,26.054708453926274,3.6282015655351025,9.0,69.0,36.0,ZAF,1997,South Africa,Upper middle income,Sub-Saharan Africa,36601647323.0,34878325820.0,0.0024862692553333,0.0042575514279865,1.5435489013540369,-0.009355515683503,0.0753430512995772,0.0305287503992736,0.1627911834072855
0.0,0.0,26.059697535603107,3.640325724216719,9.0,69.0,37.0,ZAF,1998,South Africa,Upper middle income,Sub-Saharan Africa,34450654127.0,32916543361.0,0.0014426219663683,0.0044562667899079,1.5490542285999191,-0.0077708713421798,0.078757297168646,0.0275910801647872,0.1862260371684105
0.0,0.0,26.083411806117383,3.651222702215434,9.0,69.0,38.0,ZAF,1999,South Africa,Upper middle income,Sub-Saharan Africa,33741638410.0,30286845829.0,0.0005112413325431,0.0044179820516088,1.559191669056894,-0.0081887377674196,0.0775691300935598,0.0277733190886786,0.1942410869994402
0.0,0.0,26.124554868118327,3.6603692936828285,9.0,69.0,39.0,ZAF,2000,South Africa,Upper middle income,Sub-Saharan Africa,37034203153.0,33107016485.0,-9.22721347053314e-05,0.0037161053088069,1.5580206518280046,-0.0086963356409126,0.0771062814888308,0.025970081492274,0.2093065620566215
0.0,0.0,26.15119818699076,3.6689642154223314,9.0,69.0,40.0,ZAF,2001,South Africa,Upper middle income,Sub-Saharan Africa,35694800702.0,30897364105.0,-0.0007786471120616,0.0036922922773789,1.5570941313346929,-0.0089960163938998,0.0761759736152145,0.0264428171877337,0.2215667017711376
0.0,1.0,26.187533987437458,3.6784345848868223,9.0,69.0,41.0,ZAF,2002,South Africa,Upper middle income,Sub-Saharan Africa,36701099078.0,32316210606.0,-0.0015275099033718,-0.0078514808149646,1.5603437175228387,-0.0092537960488268,0.0750102931369859,0.0244117353045965,0.2258488369810403
0.0,1.0,26.2165947342299,3.688400149765957,9.0,69.0,42.0,ZAF,2003,South Africa,Upper middle income,Sub-Saharan Africa,47117624127.0,42967056805.0,-0.0041815361685462,-0.0052168735138422,1.5809426688203694,-0.011537434903,0.0769450913258534,0.0182584314412648,0.3035857582927628
0.0,1.0,26.261135393742673,3.698474377758038,9.0,69.0,43.0,ZAF,2004,South Africa,Upper middle income,Sub-Saharan Africa,58215305278.0,58544113474.0,-0.0080206426302386,-0.0026123269336797,1.695785618521714,-0.013946087581909,0.0827773132420463,0.0171808643414283,0.5394060850555927
0.0,1.0,26.31256108878345,3.70860047244294,9.0,69.0,44.0,ZAF,2005,South Africa,Upper middle income,Sub-Saharan Africa,68171982952.0,68831329348.0,-0.0094508149315691,0.0006944658275233,1.7801237273721724,-0.0130754761873969,0.0902997015228356,0.0078397970597213,0.71028955143252
0.0,1.0,26.36708597042993,3.718817721485403,9.0,69.0,45.0,ZAF,2006,South Africa,Upper middle income,Sub-Saharan Africa,79301796384.0,84077365460.0,-0.0090441524081531,0.0008776276077948,1.759305701334094,-0.013475361811607,0.0793561350991901,0.0079632736782573,0.8040604678000937
0.0,1.0,26.419301717403783,3.729368372610531,9.0,69.0,46.0,ZAF,2007,South Africa,Upper middle income,Sub-Saharan Africa,93124912620.0,97145854047.0,-0.0070186449241516,0.0016672208956999,1.8100650132102103,-0.0129442893697673,0.0668558030221587,0.0159412563666904,0.886718636294581
0.0,1.0,26.450712753530212,3.740899327628932,9.0,69.0,47.0,ZAF,2008,South Africa,Upper middle income,Sub-Saharan Africa,101967000000.0,106599000000.0,-0.0069066804145206,0.0020204501035969,1.7903362618459873,-0.0128238140122472,0.0564683675574572,0.0136130795093513,0.9562191512702752
0.0,1.0,26.435214874269004,3.752838372861364,9.0,69.0,48.0,ZAF,2009,South Africa,Upper middle income,Sub-Saharan Africa,82381621006.0,81135290312.0,-0.0068977049586579,0.0020384959965374,1.7713189594703365,-0.0092454989952682,0.0593988906186455,0.0143242482502505,0.9737101373091984
0.0,1.0,26.46515943502986,3.7646674684026356,9.0,69.0,49.0,ZAF,2010,South Africa,Upper middle income,Sub-Saharan Africa,107611000000.0,102766000000.0,-0.0059653855762045,0.0021094917176123,1.786868952315139,-0.0074468224643589,0.0556595239295188,0.0182325755090661,0.9846299162873956
0.0,1.0,26.49635357873341,3.777030614407889,9.0,69.0,50.0,ZAF,2011,South Africa,Upper middle income,Sub-Saharan Africa,126913000000.0,123431000000.0,-0.0047336867855832,0.0021518836794553,1.8223109843750107,-0.006390877387708,0.0543316339931161,0.0230218074597313,0.9929420991195246
0.0,1.0,26.520031543738696,3.791778557781171,9.0,69.0,51.0,ZAF,2012,South Africa,Upper middle income,Sub-Saharan Africa,117893000000.0,123559000000.0,-0.0036283646956436,0.0020467517587315,1.8370507259054445,-0.0074521689261816,0.0492799855267582,0.0258521928679322,0.9984848875344424
0.0,1.0,26.544582427392125,3.8083050777614966,9.0,69.0,52.0,ZAF,2013,South Africa,Upper middle income,Sub-Saharan Africa,113769000000.0,122253000000.0,-0.0029529636674552,0.002070999085139,1.8483273374758549,-0.0066342204206468,0.0458644034939786,0.0278780281800208,0.9991368307647944
0.0,1.0,26.55862320820305,3.8249195317613838,9.0,69.0,53.0,ZAF,2014,South Africa,Upper middle income,Sub-Saharan Africa,110550000000.0,116262000000.0,-0.0029177771886525,0.0020492448961451,1.850363746839791,-0.0071393427881283,0.0449850575323804,0.0269767817012784,0.9970678370883616
0.0,1.0,26.571754532601872,3.8450184158551672,9.0,69.0,54.0,ZAF,2015,South Africa,Upper middle income,Sub-Saharan Africa,96085897668.0,100591000000.0,-0.0025509934351054,0.0020498501533871,1.869260975296413,-0.0074215600369727,0.0352699363978149,0.0292787428614331,0.996592236862909
0.0,1.0,26.57837787295745,3.8544236347339536,9.0,69.0,55.0,ZAF,2016,South Africa,Upper middle income,Sub-Saharan Africa,91109021409.0,89649913399.0,-0.0018301397871442,0.0018985952466572,1.8839251126374688,-0.0116323286393485,0.0313374984514018,0.0310517774619614,0.9927877121903396
0.0,1.0,26.58988968910844,3.860962009320419,9.0,69.0,56.0,ZAF,2017,South Africa,Upper middle income,Sub-Saharan Africa,104288000000.0,99923782384.0,0.0007375683963486,0.0021410044145567,1.9381784333763417,-0.0268977028203277,0.0148471804432613,0.0357364183501597,1.0015036963939827
0.0,1.0,26.60499921990123,3.877785708706749,9.0,69.0,57.0,ZAF,2018,South Africa,Upper middle income,Sub-Saharan Africa,111435000000.0,109374000000.0,0.0009483399390682,0.0019389340803469,1.9489081385793985,-0.0271050742129469,0.0166890392343752,0.0357995073978465,1.0126746370522373
0.0,0.0,26.65935244305508,5.074353568298268,10.0,11.0,19.0,CHE,1980,Switzerland,High income,Europe & Central Asia,56770654055.0,59517921466.0,0.0077344673571858,0.0036954828379161,2.2228092506069603,0.0171082648816098,0.1945822327087765,-0.0130870474168469,-0.3975977090667308
0.0,0.0,26.675238234065468,5.079824217830376,10.0,11.0,20.0,CHE,1981,Switzerland,High income,Europe & Central Asia,54152532329.0,53574921087.0,0.008050644484508,0.0028661399826692,2.254364483805765,0.0223666786424244,0.2032059078485508,-0.0121543671633684,-0.347069062655042
0.0,0.0,26.662057190675572,5.085667134162087,10.0,11.0,21.0,CHE,1982,Switzerland,High income,Europe & Central Asia,51060349209.0,50418601192.0,0.0079917959836388,0.0022105286545184,2.230971479283123,0.0201858107895371,0.2007217980174091,-0.0157453032949184,-0.348091200404276
0.0,0.0,26.66842724966097,5.089955013707667,10.0,11.0,22.0,CHE,1983,Switzerland,High income,Europe & Central Asia,49408192559.0,50567866228.0,0.0080028321407561,0.002881486243947,2.2503439948403976,0.0222545606266316,0.2045689547563282,-0.0130302226713428,-0.340054981360386
0.0,0.0,26.698067323157854,5.093544106564668,10.0,11.0,23.0,CHE,1984,Switzerland,High income,Europe & Central Asia,51768415117.0,48699438226.0,0.0080014296358508,0.0028763121610882,2.2532953420103605,0.0223202305974159,0.2034382959721949,-0.0135591385916277,-0.3413192839643165
0.0,0.0,26.73414568144607,5.097956509358828,10.0,11.0,24.0,CHE,1985,Switzerland,High income,Europe & Central Asia,53013588377.0,50189738716.0,0.0078943871432771,0.0031836917638274,2.275208781401089,0.0276247810734464,0.2125764933823592,-0.012768458353118,-0.3284323211084495
0.0,0.0,26.752560707987485,5.103158401498794,10.0,11.0,25.0,CHE,1986,Switzerland,High income,Europe & Central Asia,69923799544.0,68619330146.0,0.0079474680518757,0.0032465457382003,2.3204132940071007,0.0356273247540103,0.2348990286595843,-0.0113585509690446,-0.3016475046407371
0.0,0.0,26.768292477769222,5.109437535006225,10.0,11.0,26.0,CHE,1987,Switzerland,High income,Europe & Central Asia,82090040907.0,79510329936.0,0.0087153631019631,0.0040640222282039,2.3354351832781988,0.0591805438427506,0.256515193683644,-0.0081179160194552,-0.2311297854941049
0.0,0.0,26.800541040467504,5.116784941907386,10.0,11.0,27.0,CHE,1988,Switzerland,High income,Europe & Central Asia,91340876785.0,88624908768.0,0.0100627620921916,0.0041382448205146,2.3687517132650435,0.0711849556487268,0.2720083982646222,-0.0063412075975295,-0.1856987683442502
0.0,0.0,26.84293888519436,5.124868278734675,10.0,11.0,28.0,CHE,1989,Switzerland,High income,Europe & Central Asia,93262377896.0,90759218779.0,0.0101404093234742,0.004533838466714,2.393214368161711,0.074905859741289,0.2751095874868594,-0.0005843683855334,-0.1835206650481684
0.0,0.0,26.87709367644134,5.135134985250074,10.0,11.0,29.0,CHE,1990,Switzerland,High income,Europe & Central Asia,109915000000.0,109363000000.0,0.0107405761524907,0.0059525540879285,2.4313820298194733,0.0814214647257981,0.2831938446966442,-0.0009669234766326,-0.1660752027905645
0.0,0.0,26.86789343347812,5.147631222114551,10.0,11.0,30.0,CHE,1991,Switzerland,High income,Europe & Central Asia,107068000000.0,103278000000.0,0.0129979135031467,0.0046955892527584,2.41694371118592,0.0778520236598232,0.288755612763691,-0.003854022397219,-0.149125964877259
0.0,0.0,26.867455762908342,5.158654409098709,10.0,11.0,31.0,CHE,1992,Switzerland,High income,Europe & Central Asia,114018000000.0,106791000000.0,0.0150287339441921,0.0047516068953652,2.443035000161347,0.0506019126916201,0.2463638174413451,-0.0134582432305932,-0.0197335604387466
0.0,0.0,26.86619531763471,5.1677595404891,10.0,11.0,32.0,CHE,1993,Switzerland,High income,Europe & Central Asia,111111000000.0,100339000000.0,0.0151499104577427,0.0051482715205392,2.463757596462137,0.0395682633913693,0.1961782040871596,-0.0219682835308362,0.0419311586217681
0.0,0.0,26.878813714239058,5.175729101182995,10.0,11.0,33.0,CHE,1994,Switzerland,High income,Europe & Central Asia,120745000000.0,108769000000.0,0.0144600212178538,0.0054185027090303,2.492560963332423,0.0303635715230022,0.1725091956633064,-0.0219588194505532,0.0831691250298396
0.0,0.0,26.883609916957262,5.1824095004118425,10.0,11.0,34.0,CHE,1995,Switzerland,High income,Europe & Central Asia,141204000000.0,127841000000.0,0.0137646271326598,0.0054753932823387,2.487005455736586,0.0269487191047596,0.1663410389586191,-0.018984015074666,0.1331258457661366
0.0,0.0,26.888311773285448,5.186856626744046,10.0,11.0,35.0,CHE,1996,Switzerland,High income,Europe & Central Asia,139537000000.0,128303000000.0,0.0129415541268634,0.0048063941300489,2.4642918763514117,0.029569209782769,0.1675431895831781,-0.0179113408943663,0.173456145866693
0.0,0.0,26.910673330392903,5.189296327118194,10.0,11.0,36.0,CHE,1997,Switzerland,High income,Europe & Central Asia,137060000000.0,123739000000.0,0.011497218806656,0.0047651905201228,2.427884145712121,0.0310633675566804,0.1707114224982099,-0.0165898304504418,0.2227598293489955
0.0,0.0,26.940522425021527,5.1922984997802235,10.0,11.0,37.0,CHE,1998,Switzerland,High income,Europe & Central Asia,139575000000.0,128123000000.0,0.0110213236756907,0.0046827789587225,2.4176962555832553,0.0322464622282306,0.1716135416093349,-0.0163111427686098,0.2372907276418077
0.0,0.0,26.95701359785413,5.1970985400204865,10.0,11.0,38.0,CHE,1999,Switzerland,High income,Europe & Central Asia,139348000000.0,128193000000.0,0.0104415639424255,0.0047356415266841,2.417263319277504,0.0339678160836498,0.1733001642137371,-0.0158033384442866,0.2449006053646032
0.0,0.0,26.995837136391565,5.202748927747728,10.0,11.0,39.0,CHE,2000,Switzerland,High income,Europe & Central Asia,143622000000.0,129833000000.0,0.009635670053764,0.0046267212183458,2.402183410601847,0.0346036947102213,0.1741432228145166,-0.0154620408533796,0.2598669053427683
0.0,0.0,27.011470062266174,5.20910753363323,10.0,11.0,40.0,CHE,2001,Switzerland,High income,Europe & Central Asia,143872000000.0,131361000000.0,0.0096702592285499,0.0036473358294403,2.397571771938636,0.0331441648532709,0.1724009889936025,-0.0146730655680484,0.2724170033429576
0.0,0.0,27.010737705252165,5.21670311936124,10.0,11.0,41.0,CHE,2002,Switzerland,High income,Europe & Central Asia,150196000000.0,133687000000.0,0.0093092023661898,0.003511121247486,2.3902375871895214,0.0342012478602412,0.1747091980753313,-0.0138255638719703,0.288056695722231
0.0,0.0,27.010414107737695,5.224153236048234,10.0,11.0,42.0,CHE,2003,Switzerland,High income,Europe & Central Asia,172785000000.0,154297000000.0,0.0067200843205373,0.0028920765760425,2.3700088288160623,0.0368845681376842,0.1871278225095249,-0.0156662677203784,0.3661660680605964
0.0,0.0,27.0370729076448,5.231058442868621,10.0,11.0,43.0,CHE,2004,Switzerland,High income,Europe & Central Asia,207207000000.0,178599000000.0,0.0042773425450091,0.0004918030491427,2.400098165558638,0.0452805854242955,0.2250601179685497,-0.0224877897162565,0.5545950589478964
0.0,0.0,27.0641981687021,5.237495431141555,10.0,11.0,44.0,CHE,2005,Switzerland,High income,Europe & Central Asia,225264000000.0,202479000000.0,0.0024011322291333,-0.0006926264490512,2.3910574438082692,0.0495355115360899,0.2320003349433429,-0.0283458226086519,0.6606288292893666
0.0,0.0,27.104127083983492,5.243802015326976,10.0,11.0,45.0,CHE,2006,Switzerland,High income,Europe & Central Asia,250006000000.0,219210000000.0,0.0019535752238051,-0.0011700613492756,2.4277750692409676,0.0524850137904529,0.2186181271819176,-0.0292495475087752,0.7892365480740227
0.0,0.0,27.142543895826318,5.25276992571367,10.0,11.0,46.0,CHE,2007,Switzerland,High income,Europe & Central Asia,302065000000.0,254101000000.0,0.0018053092987274,-0.0051454695032723,2.544969745809454,0.016383974447064,0.1689771679983944,-0.0208022094127001,0.9299996840597884
0.0,0.0,27.170235668392078,5.2654912400160745,10.0,11.0,47.0,CHE,2008,Switzerland,High income,Europe & Central Asia,358112000000.0,304332000000.0,0.0016971294730563,-0.0085231196110157,2.7028076021226504,0.0090732370483942,0.1032339967372621,-0.005712939409955,1.0611422110285091
0.0,0.0,27.14699482714355,5.278001220143486,10.0,11.0,48.0,CHE,2009,Switzerland,High income,Europe & Central Asia,321497000000.0,286896000000.0,0.0017586147279674,-0.0049464818570911,2.565703262625949,0.0733370374234061,0.1622386846828091,-0.0196000995235122,1.0292786030612509
0.0,0.0,27.178913984742884,5.288431960022239,10.0,11.0,49.0,CHE,2010,Switzerland,High income,Europe & Central Asia,388281000000.0,330730000000.0,0.0017688984632607,-0.0067688738528287,2.7450339318353714,0.0608037806235039,0.1045521924779534,-0.0050483472428255,1.1241798068080218
0.0,0.0,27.19688180420608,5.299565908794682,10.0,11.0,50.0,CHE,2011,Switzerland,High income,Europe & Central Asia,475707000000.0,423135000000.0,0.0016831080067655,-0.0035740887065742,2.7819410148442496,0.0976753919425545,0.1037532604129876,-0.0044894643869334,1.1598951447898975
0.0,0.0,27.20860616745529,5.310199236718107,10.0,11.0,51.0,CHE,2012,Switzerland,High income,Europe & Central Asia,465238000000.0,402767000000.0,0.001689613527777,-0.0035384638875121,2.7817658432481083,0.0999594542442352,0.103602669053173,-0.0043339908262474,1.1667178540791725
0.0,0.0,27.2263691771086,5.321713219684795,10.0,11.0,52.0,CHE,2013,Switzerland,High income,Europe & Central Asia,508971000000.0,435221000000.0,0.0016843289068095,-0.0036165534410252,2.782466928817926,0.1002172333843773,0.1036173937561989,-0.0041349035564199,1.1678801729493171
0.0,0.0,27.249595236270114,5.333929419581811,10.0,11.0,53.0,CHE,2014,Switzerland,High income,Europe & Central Asia,474700000000.0,398696000000.0,0.001701064111608,-0.0036163676504021,2.7829911079523546,0.100080024845559,0.1033599045000046,-0.0041261361990265,1.1680318790977702
0.0,0.0,27.265907811818398,5.345327952015689,10.0,11.0,54.0,CHE,2015,Switzerland,High income,Europe & Central Asia,443048000000.0,370031000000.0,0.0017285892995472,-0.003614969891425,2.7830866206613227,0.1000362363888522,0.103178022834436,-0.004171621007958,1.167681934927607
0.0,0.0,27.28638343260032,5.3562634494563515,10.0,11.0,55.0,CHE,2016,Switzerland,High income,Europe & Central Asia,459636000000.0,390368000000.0,0.001731651410014,-0.0036330178485602,2.783354883953696,0.1002201943789663,0.1031725433633324,-0.0041534432039669,1.1672320011588997
0.0,0.0,27.29991923310854,5.365595008335872,10.0,11.0,56.0,CHE,2017,Switzerland,High income,Europe & Central Asia,461255000000.0,398165000000.0,0.0017447993554029,-0.0036819834849099,2.781301034849435,0.1003429013984655,0.1034170799549052,-0.0043648972667509,1.1694212656357827
0.0,0.0,27.32812252389403,5.372961348058787,10.0,11.0,57.0,CHE,2018,Switzerland,High income,Europe & Central Asia,489601000000.0,413214000000.0,0.0017414234498017,-0.0036789471483994,2.779485086263478,0.1004729245576972,0.1037255416772083,-0.0045073697270076,1.1709415413695548
0.0,0.0,21.70866347572523,3.2658487102148515,2.0,60.0,0.0,SYR,1961,Syria,Low income,Middle East & North Africa,166354553.1,211572011.2,0.0023430110232096,-0.0007612832702547,-1.935751956294738,0.0455716547966035,-0.0007833072987083,0.2052221235634496,-1.500907443272036
0.0,0.0,21.927970052625838,3.295288556450857,-3.0,60.0,1.0,SYR,1962,Syria,Low income,Middle East & North Africa,232483197.8,239475799.5,0.0024581324608859,-0.0003182449028711,-1.794372444965886,0.0435524521935187,-0.0046906297550788,0.225005350299572,-1.583896130157641
0.0,0.0,21.83746808127221,3.325306678310119,-8.0,60.0,2.0,SYR,1963,Syria,Low income,Middle East & North Africa,233218638.7,254143979.1,0.0025069007459451,-0.0006177594850035,-1.8493637940583867,0.0473219372573582,-0.0353948189156991,0.2596368633648996,-1.5835418605172755
0.0,0.0,21.926132259958194,3.3558729915535443,-8.0,60.0,3.0,SYR,1964,Syria,Low income,Middle East & North Africa,223808507.9,257291282.7,0.0024550430499913,-0.0003563931303293,-1.8288952331448225,0.046205243976181,-0.0363933395660336,0.269628564963327,-1.5673923678440835
0.0,0.0,21.948865626356575,3.386924534451044,-8.0,60.0,4.0,SYR,1965,Syria,Low income,Middle East & North Africa,250836076.5,250835033.3,0.002340584051998,-0.0003544798549957,-1.8322174422574051,0.0464124767664388,-0.0366115796421648,0.273996912023769,-1.5493128566121377
0.0,0.0,21.869182977412198,3.4183967187618034,-8.0,60.0,5.0,SYR,1966,Syria,Low income,Middle East & North Africa,237017340.4,308588670.2,0.0020482921824049,-0.0005178887946001,-1.8586685047575735,0.0495796995395147,-0.0373204204647328,0.2760014492294169,-1.525809191288185
0.0,0.0,21.94852712707501,3.4501823766920925,-8.0,60.0,6.0,SYR,1967,Syria,Low income,Middle East & North Africa,248911547.3,302663381.1,0.0019253562246714,-0.0001736099343581,-1.838138038098032,0.0534837958166028,-0.0383759772771652,0.290457148894536,-1.5040958531081667
0.0,0.0,21.98513944354047,3.482226066792434,-8.0,60.0,7.0,SYR,1968,Syria,Low income,Middle East & North Africa,304528181.0,359837643.3,0.0018163474403552,-0.0002620417289362,-1.8263476150304552,0.0654106029720805,-0.0383898277081209,0.3224099744708787,-1.44987787271918
0.0,0.0,22.15714055404617,3.5145516535465813,-8.0,60.0,8.0,SYR,1969,Syria,Low income,Middle East & North Africa,384128066.7,486948413.5,0.0015392029870628,0.0005359596566916,-1.73528891019863,0.0679252522344896,-0.0370617971718128,0.346097523146927,-1.3961899524164416
0.0,0.0,22.139008631110595,3.5472794363627544,-9.0,60.0,9.0,SYR,1970,Syria,Low income,Middle East & North Africa,374567201.8,450739691.5,0.0013607319312092,0.0007283495957396,-1.8331263306923773,0.0644079293089374,-0.0341047706448923,0.3555214709995041,-1.3274425445851523
0.0,0.0,22.224780874125926,3.580796708492477,-9.0,60.0,10.0,SYR,1971,Syria,Low income,Middle East & North Africa,449256625.7,578539108.0,0.0013676926451488,-0.0002877988900198,-1.7565882617913615,0.0645227926119268,-0.0241834797365677,0.3358312582093659,-1.2312850867068037
0.0,0.0,22.453196226560706,3.6147582552958193,-9.0,60.0,11.0,SYR,1972,Syria,Low income,Middle East & North Africa,555039787.8,725132626.0,0.0013108079351171,-0.0045037500247333,-1.5148863287571748,0.0694197520112742,-0.0172493587042566,0.2731856305262989,-1.1043920698472924
0.0,0.0,22.342601425382092,3.6485064067185045,-9.0,60.0,12.0,SYR,1973,Syria,Low income,Middle East & North Africa,714520367.9,834756898.8,0.0012579021200375,-0.0030891927342658,-1.7209970316910743,0.0707698366376027,-0.0149470074224297,0.292220090344033,-0.9643426335546595
0.0,1.0,22.572090981112442,3.6821860836548796,-9.0,60.0,13.0,SYR,1974,Syria,Low income,Middle East & North Africa,1242591990.0,1741126669.0,0.001616242854051,0.0238551956330892,-1.332272650436051,0.0561267525192372,0.101119210262883,0.2235052955773085,-0.6738864609456788
0.0,1.0,22.723537230599295,3.716141298521814,-9.0,60.0,14.0,SYR,1975,Syria,Low income,Middle East & North Africa,1461385482.0,2318859794.0,0.0181272045711043,0.0061583908902807,-0.9063062597804576,-0.0128529219763859,0.2339627431914334,0.1208639917379913,-0.675351424008922
0.0,1.0,22.839135183822233,3.7503576736298205,-9.0,60.0,15.0,SYR,1976,Syria,Low income,Middle East & North Africa,1490583513.0,2617783266.0,0.019699440533299,0.0028779905020847,-0.8922320456592938,-0.0177131837316946,0.2359892894150954,0.1256188523932344,-0.6348094250207597
0.0,1.0,22.82097612277198,3.7847065464323286,-9.0,60.0,16.0,SYR,1977,Syria,Low income,Middle East & North Africa,1398290598.0,3129344729.0,0.0208359390553757,0.0046223053307995,-0.8702303379532067,0.0156505793508874,0.2871579162449302,0.1244756937640488,-0.5329464516925488
0.0,1.0,22.91576425835907,3.818999348816132,-9.0,60.0,17.0,SYR,1978,Syria,Low income,Middle East & North Africa,1376861397.0,2896334479.0,0.0233021015623638,-0.0020536396225881,-0.8341723927940867,0.0144611084241448,0.3011155549364299,0.1312990422279665,-0.4581360198967861
0.0,0.0,22.92460495217242,3.8529510258886237,-9.0,60.0,18.0,SYR,1979,Syria,Low income,Middle East & North Africa,1900127389.0,3575286624.0,0.0239711677008117,0.0010947490590143,-0.91040787379491,0.0309701888525361,0.2952109521897719,0.1298140295218421,-0.3479214955903934
0.0,1.0,23.060080477153054,3.8865252559220185,-9.0,60.0,19.0,SYR,1980,Syria,Low income,Middle East & North Africa,2380891720.0,4628789809.0,0.0250018912274251,-0.0018033106945986,-0.9447377827323714,0.0358801648914067,0.2899178226041702,0.1117925780261671,-0.2688907448855699
0.0,1.0,23.134773613956444,3.9197403477894555,-9.0,60.0,20.0,SYR,1981,Syria,Low income,Middle East & North Africa,2427631113.0,5116427206.0,0.0343328272607775,-0.0018799452384865,-0.821904814827106,0.014115264757836,0.1748565161932673,0.0622445847330759,-0.2145523013580241
0.0,1.0,23.16228261428743,3.952911442349056,-9.0,60.0,21.0,SYR,1982,Syria,Low income,Middle East & North Africa,2268031466.0,4063358923.0,0.0380384667905148,-0.0019429284977916,-0.8197731116031768,0.0123610277113538,0.1541571336417689,0.0570069659943607,-0.2142679525563904
0.0,1.0,23.185220907875276,3.9870362857239043,-9.0,60.0,22.0,SYR,1983,Syria,Low income,Middle East & North Africa,2331285399.0,4691609868.0,0.0328038677107206,-0.0018114692256559,-0.7967092765379364,0.0154873511663897,0.1417707371748693,0.0499673057363846,-0.2307912183013117
0.0,1.0,23.106062648377023,4.02211257617735,-9.0,60.0,23.0,SYR,1984,Syria,Low income,Middle East & North Africa,2174468579.0,4200952492.0,0.0163425863472307,-0.001158757601552,-0.8766121747626513,0.025767381433005,0.2443776241210768,0.0846069010006365,-0.2245498166425861
0.0,1.0,23.19545359243383,4.057288848817974,-9.0,60.0,24.0,SYR,1985,Syria,Low income,Middle East & North Africa,1960935036.0,4173565121.0,0.0254742604362161,-0.0018011260106083,-0.7952665482023074,0.019448070928736,0.1388891260695873,0.0501421328996982,-0.2339795887162671
1.0,1.0,23.11258349450718,4.092169673699046,-9.0,60.0,25.0,SYR,1986,Syria,Low income,Middle East & North Africa,1497286368.0,2957326806.0,-0.1240930164797074,-0.0009228884692572,-0.8575506251147085,-0.040551983185221,0.1839752033036553,0.0683504270365139,-0.2689484637224729
1.0,1.0,23.129266381466902,4.126657105197442,-9.0,60.0,26.0,SYR,1987,Syria,Low income,Middle East & North Africa,1778676863.0,3286057265.0,-0.1631316077407177,-0.0022055125953313,-0.8896750964718606,-0.0710224883851553,0.1280133144008835,0.0646154599428645,-0.2585500317202455
0.0,1.0,23.294875223099424,4.1606112387697936,-9.0,60.0,27.0,SYR,1988,Syria,Low income,Middle East & North Africa,1774447445.0,2749847766.0,0.0289527246562729,-0.0019965278773846,-0.852570490085606,0.0187673773521553,0.0805376097844612,0.0447648202420402,-0.1935350029507941
0.0,1.0,23.148145315736812,4.19373397245945,-9.0,60.0,28.0,SYR,1989,Syria,Low income,Middle East & North Africa,2962782879.0,2965896087.0,0.0189335816829863,-0.001666268560847,-0.8873677630428795,0.0271094443003375,0.1620174915415343,0.0563193911962328,-0.1372130524095114
0.0,1.0,23.184858617812935,4.2260611810778865,-9.0,60.0,29.0,SYR,1990,Syria,Low income,Middle East & North Africa,3488165298.0,3440367130.0,0.0240881410626606,-0.0017559686647463,-0.8724036536151635,0.027978650356449,0.1222865449286966,0.0470093157815652,-0.1512291945859714
0.0,1.0,23.258726622920168,4.2574888493347025,-9.0,60.0,30.0,SYR,1991,Syria,Low income,Middle East & North Africa,3168250000.0,4163791667.0,0.0426211256144623,-0.0020884679991802,-0.8531040409147924,0.0308228620424623,0.0672591742899323,0.0504228860488486,-0.1630233479888412
0.0,1.0,23.38070343074806,4.288193224670567,-9.0,60.0,31.0,SYR,1992,Syria,Low income,Middle East & North Africa,3479921417.0,4987517654.0,0.0495868147989894,-0.0021690852706621,-0.8547801785518202,0.0315670454184606,0.0578408743196503,0.0506310679269797,-0.1058106511120053
0.0,1.0,23.440394869784782,4.318371823482962,-9.0,60.0,32.0,SYR,1993,Syria,Low income,Middle East & North Africa,3816418531.0,5602184892.0,0.0511786785601683,-0.002590592580799,-0.8425563476996379,0.0299187825210262,0.0372569977010887,0.0485199323943278,-0.0782248074824938
0.0,1.0,23.510042466083007,4.347862107561122,-9.0,60.0,33.0,SYR,1994,Syria,Low income,Middle East & North Africa,3346540000.0,4594640000.0,0.0670888653120373,-0.004209386213291,-0.7711537658968514,0.0217638665891392,0.004243112776434,0.0398167004626044,-0.0332862396876495
0.0,1.0,23.577949584088334,4.376187509490247,-9.0,60.0,34.0,SYR,1995,Syria,Low income,Middle East & North Africa,3537504990.0,4323552894.0,0.0655017106122955,-0.0062286517106644,-0.7338021238427235,0.0240448532954196,0.0001468413838978,0.0414962796866149,0.0001365750643895
0.0,1.0,23.67167277261391,4.403272295541219,-9.0,60.0,35.0,SYR,1996,Syria,Low income,Middle East & North Africa,4388662675.0,5252195609.0,0.0542392420811737,-0.0023260021572234,-0.6727204674500293,0.0275848740309376,-0.0142995123411591,0.0370615178554253,0.0243182374735161
0.0,1.0,23.720689620690074,4.429521840985287,-9.0,60.0,36.0,SYR,1997,Syria,Low income,Middle East & North Africa,4702704280.0,4903093385.0,0.037089393620227,0.0022943554396543,-0.6434228537180686,0.0315327833350546,-0.0369684137784096,0.033386160556138,0.0641176633728478
0.0,1.0,23.786339753686622,4.4553169571431885,-9.0,60.0,37.0,SYR,1998,Syria,Low income,Middle East & North Africa,4640692308.0,4696403846.0,0.0340023295976535,0.004010807409976,-0.4828919489946055,0.0336104431720016,-0.0297079240896014,0.0237531444036328,0.1158383343536818
0.0,1.0,23.75015853790195,4.480757793183988,-9.0,60.0,38.0,SYR,1999,Syria,Low income,Middle East & North Africa,5129922481.0,5078313953.0,0.0333985399300879,0.0031021508715759,-0.61927476938413,0.034700835473245,-0.040596991192929,0.0257094016964983,0.0631827902096835
0.0,1.0,23.756892241440152,4.505698393162321,-6.0,60.0,39.0,SYR,2000,Syria,Low income,Middle East & North Africa,6839334310.0,5523717815.0,0.0203474657066174,0.005907614523059,-0.5227703477605214,0.0395144377422396,-0.0418014883697623,0.0226740674504581,0.1315110400088225
0.0,1.0,23.767310651864314,4.530244564634966,-6.0,60.0,40.0,SYR,2001,Syria,Low income,Middle East & North Africa,7464741326.0,6168564305.0,0.018221446847567,0.0063096633391038,-0.4728588723888175,0.046307596151004,-0.0391960084735147,0.0261232398308334,0.1743845607634746
0.0,1.0,23.8060969623015,4.55440553058317,-6.0,60.0,41.0,SYR,2002,Syria,Low income,Middle East & North Africa,8216795445.0,6591622611.0,0.0164993009465835,0.0089044069338107,-0.3908191473019449,0.0380087246050816,-0.0330785768960676,0.0316464601936118,0.22817062842011
0.0,0.0,23.875664395837212,4.579252813685647,-6.0,60.0,42.0,SYR,2003,Syria,Low income,Middle East & North Africa,7030359683.0,6404206462.0,0.0088390858920608,-0.0023810079945383,-0.3305236637760012,0.0318353642752106,-0.0353956325627028,0.0301479069033696,0.3288211664072165
1.0,0.0,23.94241571165952,4.6040732725985105,-6.0,60.0,43.0,SYR,2004,Syria,Low income,Middle East & North Africa,10147425743.0,9449227723.0,-0.0757088510547181,-0.0047921392662282,-0.2948135270460292,0.0154762341664336,-0.0453270686651688,0.0426723494240224,0.626889122376835
1.0,0.0,24.00271160023476,4.629765323584028,-6.0,60.0,44.0,SYR,2005,Syria,Low income,Middle East & North Africa,11844406130.0,11281149425.0,-0.0746666151959766,-0.0092589057454577,-0.1601454457605919,0.0023748055779816,-0.0363891291098654,0.0700593849217072,0.7800344838486688
1.0,0.0,24.051941625321017,4.672249077650353,-6.0,60.0,45.0,SYR,2006,Syria,Low income,Middle East & North Africa,13167057674.0,11878533724.0,-0.0747874747894664,-0.01047898995893,-0.1362097708202781,-0.0155476745153106,-0.0343294668214902,0.064635518420729,0.911519774101442
1.0,0.0,24.107135922786036,4.733767260362692,-6.0,60.0,46.0,SYR,2007,Syria,Low income,Middle East & North Africa,15617340809.0,15289807769.0,-0.0776492152199672,-0.0077425144598818,-0.1942312932467962,-0.022363149772952,-0.0294887131628473,0.0631747619024045,1.05279872977668
1.0,0.0,24.150929555885508,4.769162621043139,-6.0,60.0,47.0,SYR,2008,Syria,Low income,Middle East & North Africa,19741840053.0,19270827060.0,-0.0756334584001719,-0.0088866415582237,-0.1761985353498227,-0.0271883186519783,-0.0240087668204526,0.0631805343314655,1.080964911666543
1.0,0.0,24.20836833458589,4.784773001184456,-6.0,60.0,48.0,SYR,2009,Syria,Low income,Middle East & North Africa,15724551096.0,16712093143.0,-0.0692214263667333,-0.0087811363982409,-0.1557870693315907,-0.0280354265193215,-0.0256607877101396,0.060822138026778,1.0592034216410045
1.0,0.0,24.258984505255462,4.807566130533629,-6.0,60.0,49.0,SYR,2010,Syria,Low income,Middle East & North Africa,19747456812.0,19548915139.0,-0.0678382443803857,-0.008489690350285,-0.1565217109159165,-0.0283010033160233,-0.0263977403867785,0.0612293556936127,1.0726438301815968
1.0,0.0,24.287085963019052,4.825012449242444,-6.0,60.0,50.0,SYR,2011,Syria,Low income,Middle East & North Africa,13081933251.0,21157918970.0,-0.0628127726181174,-0.0087428091613165,-0.1537737468437784,-0.0283431840770352,-0.0297284635996409,0.0587722876992015,1.084066477520493
1.0,0.0,23.981389031997207,4.819826611322578,-9.0,60.0,51.0,SYR,2012,Syria,Low income,Middle East & North Africa,3331967972.0,11943881866.0,-0.077906939605841,-0.0124953082352193,-0.2846757516538726,-0.0290608274549732,-0.0340340320497573,0.0550756143451426,1.1139893853893683
1.0,0.0,23.67622045575602,4.770618950275264,-9.0,60.0,52.0,SYR,2013,Syria,Low income,Middle East & North Africa,1661482225.0,7888121085.0,-0.0670941152863975,-0.0018873317218994,-0.6739272855501447,-0.0334211756608442,-0.0243435450888198,-0.0098735023720658,1.140956814037514
1.0,1.0,23.56740576009757,4.704154872878421,-9.0,60.0,53.0,SYR,2014,Syria,Low income,Middle East & North Africa,1508537236.0,10159432249.0,-0.0598028980844042,0.0012742242239206,-0.7301828053276842,-0.0294123626995327,-0.0239139418182255,-0.0026355336327143,1.1678972095902849
1.0,1.0,23.524709180297965,4.661373646505224,-9.0,60.0,54.0,SYR,2015,Syria,Low income,Middle East & North Africa,2353296642.0,6058999272.0,-0.0597716919742949,0.000533977032086,-0.7665295775171062,-0.0254590321705704,-0.022934402994251,-0.0012747732590434,1.161644424420624
1.0,1.0,23.45850964593971,4.649421497513435,-9.0,60.0,55.0,SYR,2016,Syria,Low income,Middle East & North Africa,2731227397.0,5723436973.0,-0.0449140046131143,0.0011857115539401,-0.809895166970795,-0.0111810682889579,-0.0167462840918841,0.0100393475180414,1.1271646148572132
1.0,1.0,23.4512505444915,4.651026661574424,-9.0,60.0,56.0,SYR,2017,Syria,Low income,Middle East & North Africa,3165874598.0,6828054268.0,-0.0449300743241452,0.0012211718536279,-0.8126445986703614,-0.0109521614417412,-0.0170628592013808,0.0090032937697643,1.1282449317088412
1.0,1.0,23.465086150359863,4.669230984909573,-9.0,60.0,57.0,SYR,2018,Syria,Low income,Middle East & North Africa,3206830228.0,7683752902.0,-0.0446084814698278,0.0011008865819276,-0.8166719366152821,-0.0253132552573219,-0.0178984239787491,0.0095611616221218,1.1283123503779773
0.0,0.0,23.34339895583181,3.3835903981151247,-6.0,63.0,29.0,TZA,1990,Tanzania,Lower middle income,Sub-Saharan Africa,537502279.4,1595096446.0,0.0027112408016645,0.000996342602511,-0.8956874605976356,0.0443758971119137,-0.0255749311211653,0.0157190337743007,-0.195908257886405
0.0,0.0,23.363907100974988,3.408935708431227,-6.0,63.0,30.0,TZA,1991,Tanzania,Lower middle income,Sub-Saharan Africa,508648082.9,1667354019.0,0.0083070454999956,0.0009311029375924,-0.8815338639866573,0.0456339205160934,-0.0253460406850323,0.0152825510839437,-0.1882971626104869
0.0,0.0,23.369733316884886,3.4339066470469346,-5.0,63.0,31.0,TZA,1992,Tanzania,Lower middle income,Sub-Saharan Africa,572500411.4,1810820837.0,0.009039360448812,0.0008864001517166,-0.9030347423084004,0.0432201798912416,-0.0330920866162909,0.0129846063293139,-0.1171100078225
0.0,0.0,23.38171920638043,3.465280419708051,-5.0,63.0,32.0,TZA,1993,Tanzania,Lower middle income,Sub-Saharan Africa,765667146.1,2031247910.0,0.0097185254498077,0.0009965665950163,-0.9008612021490644,0.0460464031667176,-0.033809328903041,0.0115976654083319,-0.0721469303250937
0.0,0.0,23.39727421515608,3.5036984052666615,-5.0,63.0,33.0,TZA,1994,Tanzania,Lower middle income,Sub-Saharan Africa,929865169.6,1967855656.0,0.0097284915456147,0.0012788381910582,-0.9003652557821318,0.0465571107288542,-0.0352940336049661,0.0104032012304319,-0.0508642874863193
0.0,0.0,23.432350890803754,3.5351636866569143,-1.0,63.0,34.0,TZA,1995,Tanzania,Lower middle income,Sub-Saharan Africa,1265179894.0,2181321247.0,0.0100748955761294,0.0015752095748716,-0.897762577533444,0.0445235071742454,-0.0362282719486779,0.0023054082061364,-0.0223952584829051
0.0,0.0,23.476792248817798,3.55350014657444,-1.0,63.0,35.0,TZA,1996,Tanzania,Lower middle income,Sub-Saharan Africa,1295157276.0,2075112791.0,0.0080071005704842,0.0011427655094629,-0.8940163220387307,0.0431929716086156,-0.0385028983416844,-0.0064728253067863,0.010581595813212
0.0,0.0,23.51143787945254,3.573727581410381,-1.0,63.0,36.0,TZA,1997,Tanzania,Lower middle income,Sub-Saharan Africa,1246175398.0,1973944758.0,0.0111174227745035,0.0013477286662158,-0.8443276433654803,0.0323209952316529,-0.04359282470483,-0.0278298909045215,0.0665935500804129
0.0,0.0,23.547851884376513,3.6000537308294067,-1.0,63.0,37.0,TZA,1998,Tanzania,Lower middle income,Sub-Saharan Africa,1230116907.0,1952293754.0,0.0099412694269482,0.0015963315795787,-0.8355232449235895,0.0330048221494547,-0.047982697785693,-0.040481646757315,0.0742540021871884
0.0,0.0,23.595344671682735,3.6268313942682333,-1.0,63.0,38.0,TZA,1999,Tanzania,Lower middle income,Sub-Saharan Africa,1291630219.0,1887255247.0,0.009801976247773,0.0008879611025247,-0.8216225482864162,0.031762606972724,-0.0516396360836254,-0.046027197943741,0.0769693971215067
0.0,0.0,23.6395604333215,3.655246637705009,-1.0,63.0,39.0,TZA,2000,Tanzania,Lower middle income,Sub-Saharan Africa,1445863126.0,1761905478.0,0.0099539289147903,0.0002315386070046,-0.7685950785684446,0.0342960827002875,-0.0602123334954252,-0.0553436325851655,0.0675609014226369
0.0,0.0,23.6984971211502,3.6822618449592226,-1.0,63.0,40.0,TZA,2001,Tanzania,Lower middle income,Sub-Saharan Africa,1876854721.0,1925151110.0,0.0149325440500649,-0.0001239199929972,-0.7449404660246538,0.0291613462370714,-0.0617515575778074,-0.0574758797935975,0.0628626972381188
0.0,0.0,23.767026371685933,3.7081469171568373,-1.0,63.0,41.0,TZA,2002,Tanzania,Lower middle income,Sub-Saharan Africa,2017946247.0,1867597428.0,0.0207721929123506,-0.0014819077784381,-0.6271674012972506,0.0011033687088632,-0.057435772698247,-0.1111625994963195,0.1021918727532539
0.0,0.0,23.831622295830563,3.734599481184199,-1.0,63.0,42.0,TZA,2003,Tanzania,Lower middle income,Sub-Saharan Africa,2295888514.0,2335832405.0,0.0144451631634051,-0.0067532673402326,-0.5638815905150991,-0.007340143982816,-0.0567954892164381,-0.14292190121176,0.2500401192551982
0.0,0.0,23.903978441993306,3.761732090681402,-1.0,63.0,43.0,TZA,2004,Tanzania,Lower middle income,Sub-Saharan Africa,2675290129.0,2928490610.0,0.011482820326029,-0.0045562776000276,-0.4881925743163632,-0.0143868932194669,-0.0540110249337244,-0.1881703444239762,0.3220842580982122
0.0,0.0,23.97607879332399,3.7894834849115795,-1.0,63.0,44.0,TZA,2005,Tanzania,Lower middle income,Sub-Saharan Africa,3124155526.0,3674644589.0,0.0115888103992414,-0.0098164038789318,-0.3546843292843492,-0.011345063528265,-0.0540812379219215,-0.1911175340738697,0.4584125816346047
0.0,0.0,24.039356095013396,3.817489047185901,-1.0,63.0,45.0,TZA,2006,Tanzania,Lower middle income,Sub-Saharan Africa,3428845589.0,4534527045.0,0.0115827821486979,-0.0092343518525148,-0.2555541582778713,-0.0056816270407289,-0.0574923712958431,-0.133758251169163,0.6709385407549602
0.0,0.0,24.104849177924812,3.845402378371642,-1.0,63.0,46.0,TZA,2007,Tanzania,Lower middle income,Sub-Saharan Africa,4335060982.0,6170713086.0,0.0127126719442355,-0.0091124671470837,-0.2953103871531337,-0.0035015699732503,-0.0626928236771599,-0.1181232370993796,0.8106860914785174
0.0,0.0,24.16015537001771,3.8724309683666744,-1.0,63.0,47.0,TZA,2008,Tanzania,Lower middle income,Sub-Saharan Africa,5439934817.0,8261916291.0,0.0129380386292476,-0.0084964002878168,-0.290962830240479,-0.0025149772861487,-0.0663359178413598,-0.1088383068413789,0.8578563356814266
0.0,0.0,24.211505162686574,3.897100338011533,-1.0,63.0,48.0,TZA,2009,Tanzania,Lower middle income,Sub-Saharan Africa,5349218508.0,7449615764.0,0.0116799037536086,-0.0084399278678253,-0.2725824171185868,-0.0023538684683266,-0.0668065692536233,-0.1058826544413115,0.8541384525424717
0.0,0.0,24.272943791231672,3.922545190167451,-1.0,63.0,49.0,TZA,2010,Tanzania,Lower middle income,Sub-Saharan Africa,6276937179.0,8974145682.0,0.0114341195626706,-0.0083876818168567,-0.2662771041720975,-0.0029280603016992,-0.0681889646485065,-0.106375580631912,0.8730860555367976
0.0,0.0,24.346864617769317,3.950543693236233,-1.0,63.0,50.0,TZA,2011,Tanzania,Lower middle income,Sub-Saharan Africa,7497823535.0,11967748810.0,0.010872593153411,-0.0083756543707135,-0.2325844226785822,-0.0003346023362857,-0.0677840545779335,-0.0894391719194031,0.9117649437239588
0.0,0.0,24.390882972655273,3.979343130628114,-1.0,63.0,51.0,TZA,2012,Tanzania,Lower middle income,Sub-Saharan Africa,8870630510.0,12686872212.0,0.0101501208654703,-0.0077436430579922,-0.1760648138763081,0.0001408962836591,-0.0614379908637332,-0.0890740797052758,0.936229924984848
0.0,0.0,24.456498278863982,4.009488704430879,-1.0,63.0,52.0,TZA,2013,Tanzania,Lower middle income,Sub-Saharan Africa,8679120270.0,13520661956.0,0.0101121921064275,-0.0062042148686903,-0.1375123067920497,0.0033100576197489,-0.0497519380976231,-0.1075079395615827,0.9445046090422826
0.0,0.0,24.52165343985864,4.040292736055542,-1.0,63.0,53.0,TZA,2014,Tanzania,Lower middle income,Sub-Saharan Africa,9032206214.0,13639784608.0,0.0073788240259063,-0.0051172681703292,-0.2289051592106805,0.0042490868582555,-0.0471583987745739,-0.1115782295456881,1.056429543461195
0.0,0.0,24.58143656677514,4.0729108402038765,3.0,63.0,54.0,TZA,2015,Tanzania,Lower middle income,Sub-Saharan Africa,8110109049.0,11214705082.0,0.003215680635576,-0.0021218776778035,0.1683693031778186,0.0168728719178942,-0.0245363224090683,-0.1662816219217529,0.8943399341282845
0.0,0.0,24.647852538738128,4.106983793387302,3.0,63.0,55.0,TZA,2016,Tanzania,Lower middle income,Sub-Saharan Africa,8138103521.0,9492226418.0,0.0019095674400491,-0.0012753424202253,0.2217242469614439,0.0179633597271617,-0.0212475539535964,-0.1737782026540665,0.885194596211412
0.0,0.0,24.71350618895435,4.14039809554831,3.0,63.0,56.0,TZA,2017,Tanzania,Lower middle income,Sub-Saharan Africa,8344707045.0,9295988101.0,0.0019067025160404,-0.0013128627887689,0.227406054355988,0.0180912491761362,-0.0217485946740438,-0.1728625913834278,0.885485586943673
0.0,0.0,24.76652518567449,4.171955306915651,3.0,63.0,57.0,TZA,2018,Tanzania,Lower middle income,Sub-Saharan Africa,8401858983.0,10205640648.0,0.002013855466673,-0.0017416754825037,0.2562500846631459,0.0195182727164881,-0.0214598165774898,-0.1708239924149663,0.8582675745817705
0.0,0.0,24.968072587610205,3.6332444544655798,9.0,62.0,0.0,TUR,1961,Turkey,Upper middle income,Europe & Central Asia,411111111.1,544444444.4,-0.001646961075918,-0.0032528762498037,0.414518930754121,-0.0309207530371759,-0.0951618770325711,-0.0094925603307848,-2.4676929663481624
0.0,0.0,25.022290173614188,3.660243767282727,9.0,62.0,1.0,TUR,1962,Turkey,Upper middle income,Europe & Central Asia,500000000.0,711111111.1,-0.0015289219563987,-0.0031987982107628,0.4473200144979979,-0.0240940734926009,-0.1000622902402438,-0.0096401212285249,-2.4336708504386477
0.0,0.0,25.109075992731377,3.686981971281476,9.0,62.0,2.0,TUR,1963,Turkey,Upper middle income,Europe & Central Asia,433333333.3,722222222.2,-0.0013237235036755,-0.003228115256064,0.4649199845797045,-0.0282804418343628,-0.1033867228458237,-0.0144995492717,-2.4209426488152053
0.0,0.0,25.162228597113657,3.7131993760442583,9.0,62.0,3.0,TUR,1964,Turkey,Upper middle income,Europe & Central Asia,500000000.0,611111111.1,-0.0003685205895586,-0.0033449444339393,0.4689047640918677,-0.0400278003661864,-0.1142881039649718,-0.0150688079541867,-2.410867429542559
0.0,0.0,25.190072624562113,3.7383116502319798,8.0,62.0,4.0,TUR,1965,Turkey,Upper middle income,Europe & Central Asia,544444444.4,644444444.4,-0.0010620588907817,-0.0071530912034962,0.5827342625664241,-0.0412560703989814,-0.1358248413836895,-0.0079848158217831,-2.4003874878704905
0.0,0.0,25.29634805687642,3.7637225187352614,8.0,62.0,5.0,TUR,1966,Turkey,Upper middle income,Europe & Central Asia,577777777.8,800000000.0,-0.0017826696331405,-0.0119218865253662,0.7158032310762785,-0.0458869125187453,-0.1228387607104586,-0.0062324330149578,-2.3837297522401872
0.0,0.0,25.34258544603892,3.789687795832007,8.0,62.0,6.0,TUR,1967,Turkey,Upper middle income,Europe & Central Asia,644444444.4,777777777.8,-0.001589451093201,-0.0117282311425924,0.781044916666665,-0.0453478577827806,-0.1283483881728971,0.0008112804020104,-2.35575251030654
0.0,0.0,25.408170990953355,3.814953353379946,8.0,62.0,7.0,TUR,1968,Turkey,Upper middle income,Europe & Central Asia,644444444.4,888888888.9,0.0004842679650388,-0.0116057194420456,0.8932294230181566,-0.0423959608905921,-0.0863360952418875,0.0151932192732734,-2.200107375263623
0.0,0.0,25.448172704536837,3.839451725711418,8.0,62.0,8.0,TUR,1969,Turkey,Upper middle income,Europe & Central Asia,700000000.0,922222222.2,0.000713038568544,-0.0110707091474115,0.8803628701399505,-0.0510009446319757,-0.0803703674186089,0.0011822183492071,-2.194156994040253
0.0,0.0,25.479989046056822,3.8629440439107743,8.0,62.0,9.0,TUR,1970,Turkey,Upper middle income,Europe & Central Asia,790909090.9,1136363636.0,0.0003026331527722,-0.0077443548236346,0.9606159628116372,-0.0535889996927969,-0.0216747157229739,0.0317572550940249,-1.9385399893405444
0.0,0.0,25.534164813728076,3.886682502211962,-2.0,62.0,10.0,TUR,1971,Turkey,Upper middle income,Europe & Central Asia,860000000.0,1333333333.0,0.0007593699001774,-0.0053061450375755,0.9750164709721348,-0.0531139411520615,-0.0485598698521646,0.0332754502978082,-1.837764909709674
0.0,0.0,25.60579499506321,3.910689554377328,-2.0,62.0,11.0,TUR,1972,Turkey,Upper middle income,Europe & Central Asia,1242857143.0,1764285714.0,0.0006664346158996,-0.0069087591004773,0.9520604149424196,-0.0587931685932219,-0.0472191506380314,0.0223522920674817,-1.8374770696635112
0.0,0.0,25.637896710308866,3.9338211116078368,9.0,62.0,12.0,TUR,1973,Turkey,Upper middle income,Europe & Central Asia,1828571429.0,2364285714.0,0.001252589987846,-0.005261006041079,1.0245823682908286,-0.0635691363885898,-0.0120157585520144,0.0327440860290868,-1.5326922250138104
1.0,0.0,25.692335804764245,3.9559669394759,9.0,62.0,13.0,TUR,1974,Turkey,Upper middle income,Europe & Central Asia,2028571429.0,3992857143.0,-0.0437922743900715,0.0013220289742287,1.2125279707769003,-0.1061458851760527,-0.0172462195098933,0.049874140523733,-1.137727638368357
1.0,0.0,25.7616200540417,3.976712383061304,9.0,62.0,14.0,TUR,1975,Turkey,Upper middle income,Europe & Central Asia,2035714286.0,5171428571.0,-0.0488075962872483,0.0033252810715247,1.324623407847702,-0.1260441592310447,-0.0192141170208322,0.0427317040758178,-1.103593815036666
1.0,0.0,25.86111511076906,3.9971308442546913,9.0,62.0,15.0,TUR,1976,Turkey,Upper middle income,Europe & Central Asia,2500000000.0,5487500000.0,-0.0398724385985808,0.00409535524341,1.333068968955733,-0.1244984054636535,-0.0155213753704309,0.0372271700099741,-1.0872479290140675
1.0,0.0,25.894613095628895,4.0177594285639024,9.0,62.0,16.0,TUR,1977,Turkey,Upper middle income,Europe & Central Asia,2238888889.0,6283333333.0,-0.0399161270069132,0.0055227293263758,1.345267344561594,-0.1208689744241174,-0.0121354769379739,0.0265556901396032,-1.0377258615396627
1.0,0.0,25.909528106829022,4.037941138423079,9.0,62.0,17.0,TUR,1978,Turkey,Upper middle income,Europe & Central Asia,2733333333.0,4804166667.0,-0.038637670180628,0.0061456946878396,1.3552424732851638,-0.1203898471964171,-0.0116835564069239,0.0224157200401433,-0.962730686710044
0.0,1.0,25.903266900676403,4.0575689203376495,9.0,62.0,18.0,TUR,1979,Turkey,Upper middle income,Europe & Central Asia,2883870968.0,5270967742.0,0.003026509630085,-0.0164188112564312,1.311939698649416,-0.0817732944053471,0.0012058753999033,0.0180637135888222,-0.6963784226651216
0.0,1.0,25.878491975192162,4.077551648381107,-5.0,62.0,19.0,TUR,1980,Turkey,Upper middle income,Europe & Central Asia,3552631579.0,8209210526.0,0.0040298404197015,-0.0116029655278255,1.3998032504719609,-0.0421654542455301,-0.0516470005093182,0.0271241537835184,-0.3380659616583147
0.0,1.0,25.925914459413637,4.097444922800158,-5.0,62.0,20.0,TUR,1981,Turkey,Upper middle income,Europe & Central Asia,5863063063.0,9185585586.0,0.0051374433496112,-0.0070859992186166,1.4731168074022571,-0.0411843539033073,-0.0540296094713045,0.0344836543897134,-0.2437878354587924
0.0,1.0,25.96092514361897,4.118822731333308,-5.0,62.0,21.0,TUR,1982,Turkey,Upper middle income,Europe & Central Asia,7636809816.0,9666257669.0,0.0053738600240389,-0.0071495627608361,1.5057941387192435,-0.0414684575086387,-0.0555026017395272,0.0330202593549583,-0.2542505236733634
0.0,1.0,26.009439769547754,4.142324278861286,7.0,62.0,22.0,TUR,1983,Turkey,Upper middle income,Europe & Central Asia,7708888889.0,10233333333.0,0.005192521060669,-0.0040103483378646,1.5434148766399458,-0.0389148304636643,-0.062519737461609,0.0319966664988107,-0.2874787463405195
0.0,1.0,26.07440333167782,4.165313293766855,7.0,62.0,23.0,TUR,1984,Turkey,Upper middle income,Europe & Central Asia,9354223433.0,11791825613.0,0.0050755809118935,-0.0033510250480197,1.572826982766505,-0.0362760898555495,-0.0695953331279264,0.0328327795147411,-0.2848720930114911
0.0,1.0,26.115942931762778,4.187517135335927,7.0,62.0,24.0,TUR,1985,Turkey,Upper middle income,Europe & Central Asia,10663601533.0,12751532567.0,0.0044203332265695,-0.0032465317366153,1.5815526728972504,-0.033782159196377,-0.0698223135897654,0.0339824103183095,-0.2768212500168668
0.0,1.0,26.183714807991578,4.208806344320496,7.0,62.0,25.0,TUR,1986,Turkey,Upper middle income,Europe & Central Asia,10073925926.0,12184888889.0,0.0051803888875679,-0.0030581571102585,1.598568865316625,-0.0332401737623519,-0.0705863753542678,0.0360911220816117,-0.2662717229347744
0.0,1.0,26.27433604121275,4.229183331294977,7.0,62.0,26.0,TUR,1987,Turkey,Upper middle income,Europe & Central Asia,13584947491.0,15482730455.0,0.005242617710759,-0.0030910897653729,1.60303821697042,-0.0311387783260169,-0.0663695691852179,0.0346427979086796,-0.2532807741652511
0.0,1.0,26.297281253543545,4.249154451009095,7.0,62.0,27.0,TUR,1988,Turkey,Upper middle income,Europe & Central Asia,16951828411.0,15951195499.0,0.0054197311074773,-0.0028990626488943,1.594491809369973,-0.0290044384010523,-0.062543709365754,0.038905879708085,-0.1997784746782099
0.0,1.0,26.300176598762892,4.26875527662364,9.0,62.0,28.0,TUR,1989,Turkey,Upper middle income,Europe & Central Asia,17357728558.0,19048020735.0,0.0037084251064848,-0.0029956722074367,1.62638481391026,-0.0228441500503504,0.034884242275892,0.0364578491168335,-0.2200059576050602
0.0,1.0,26.38879246614808,4.287476122324155,9.0,62.0,29.0,TUR,1990,Turkey,Upper middle income,Europe & Central Asia,20135262553.0,26482062093.0,0.005428875579921,-0.0044636616567993,1.6657231319107833,-0.0193669790389077,0.0327087765303005,0.0419104486178127,-0.212798050161656
0.0,1.0,26.39597035603175,4.3050701080075635,9.0,62.0,30.0,TUR,1991,Turkey,Upper middle income,Europe & Central Asia,20904913710.0,25124448706.0,0.0074002575939485,-0.0043474811639087,1.6753346092739363,-0.0175101287550279,0.0342186759988752,0.0411962852427913,-0.1896337852807439
0.0,1.0,26.445101042710064,4.322118015778667,9.0,62.0,31.0,TUR,1992,Turkey,Upper middle income,Europe & Central Asia,22898733993.0,27596929569.0,0.0095419891121098,-0.0040823680917179,1.7583091617521454,-0.0168324244153339,0.0225084150751936,0.0483718859276663,-0.1100130454522262
0.0,1.0,26.51882802421099,4.339368724250279,8.0,62.0,32.0,TUR,1993,Turkey,Upper middle income,Europe & Central Asia,24669695039.0,34898334092.0,0.0110640266269432,-0.003862590256274,1.8413775766149416,-0.0146370764377554,-0.0326333826735448,0.061544526309408,-0.0447951441307642
0.0,1.0,26.47102053892494,4.356753735681168,8.0,62.0,33.0,TUR,1994,Turkey,Upper middle income,Europe & Central Asia,27909720018.0,26631422878.0,0.0114868652024822,-0.0047324438502202,1.7941063793784895,-0.0161629269776595,-0.0327324764528084,0.0560662770977825,-0.0096651716661838
0.0,1.0,26.546853006032784,4.373120871198952,8.0,62.0,34.0,TUR,1995,Turkey,Upper middle income,Europe & Central Asia,43006009379.0,41468208092.0,0.0112556098040377,-0.0060611642079726,1.8734609907701496,-0.0111381989117701,-0.0285159223251103,0.0581020083183567,0.037981426290101
0.0,1.0,26.61805427178893,4.388191312068646,8.0,62.0,35.0,TUR,1996,Turkey,Upper middle income,Europe & Central Asia,48967049936.0,50297738468.0,0.0100560134432952,-0.0049197212191021,1.9606043430469595,-0.0160916540003505,-0.0297183890948094,0.0562723194039499,0.0549824797453777
0.0,1.0,26.691098333868844,4.402643524730887,7.0,62.0,36.0,TUR,1997,Turkey,Upper middle income,Europe & Central Asia,56559938761.0,56251261318.0,0.0074206482000022,-0.005094475410217,2.017178897067792,-0.0203430866191613,-0.0350608436910633,0.0504072973567968,0.1020514119130914
0.0,1.0,26.714855376242543,4.416569580603951,7.0,62.0,37.0,TUR,1998,Turkey,Upper middle income,Europe & Central Asia,57013676915.0,54441094414.0,0.0071802699677952,-0.004977985068198,2.020422309261752,-0.0206634582664443,-0.035251205593205,0.0499433619133633,0.1163130180610072
0.0,1.0,26.681680194005466,4.429934771161714,7.0,62.0,38.0,TUR,1999,Turkey,Upper middle income,Europe & Central Asia,48333647259.0,48346453175.0,0.0062527936699058,-0.0047435982455839,2.0080016455234904,-0.0212300473142157,-0.036282693791337,0.0497784632251266,0.1187037014363229
0.0,1.0,26.748713849041753,4.442764535956308,7.0,62.0,39.0,TUR,2000,Turkey,Upper middle income,Europe & Central Asia,54766754849.0,61657012663.0,0.0059037762867168,-0.0045193911190957,2.0237074587914465,-0.0233784222126631,-0.0375322138144723,0.0502617009693317,0.1357166871650108
0.0,1.0,26.689494623986132,4.4552073216744414,7.0,62.0,40.0,TUR,2001,Turkey,Upper middle income,Europe & Central Asia,55193312761.0,45792581438.0,0.0051988372955879,-0.0043328906155103,1.9935028423906875,-0.0211878054529442,-0.0372754494828529,0.0487636278762477,0.1407787701782752
0.0,1.0,26.75197799808106,4.467266036955721,7.0,62.0,41.0,TUR,2002,Turkey,Upper middle income,Europe & Central Asia,60832867533.0,54987639146.0,0.0051064030115916,-0.0043678854834419,2.0356180085385733,-0.0231135012148614,-0.0406019817571007,0.0500758169513522,0.1653175412744251
0.0,1.0,26.80801123343261,4.478875478649855,7.0,62.0,42.0,TUR,2003,Turkey,Upper middle income,Europe & Central Asia,73154313089.0,73087556675.0,0.0044314449377306,-0.0034157587717932,2.1499158582016955,-0.0257878495894536,-0.049328651823084,0.0499203050415707,0.2768736403566137
0.0,1.0,26.90146303100276,4.49003030415847,7.0,62.0,43.0,TUR,2004,Turkey,Upper middle income,Europe & Central Asia,97840598666.0,103109000000.0,0.003298431873608,-0.0004774215085482,2.3434470766348543,-0.0232983746909071,-0.0600026626397583,0.0812093626742512,0.5190622605914603
0.0,1.0,26.98757035543075,4.500716722278685,7.0,62.0,44.0,TUR,2005,Turkey,Upper middle income,Europe & Central Asia,112433000000.0,122961000000.0,0.0030960429163832,0.0011987201125589,2.3668462888616104,-0.0243753111074808,-0.0592957072407152,0.1015724291597444,0.6399594412797346
0.0,1.0,27.05474277549779,4.5109882742698835,7.0,62.0,45.0,TUR,2006,Turkey,Upper middle income,Europe & Central Asia,126909000000.0,147025000000.0,0.0028223007998333,0.0012951655403547,2.3754228290757697,-0.0245700080743146,-0.0597765594350256,0.1132258693534871,0.7567543184184672
0.0,1.0,27.103947539517808,4.512596836923591,7.0,62.0,46.0,TUR,2007,Turkey,Upper middle income,Europe & Central Asia,152036000000.0,177062000000.0,0.0024274585918676,0.0021218020729812,2.398557650979376,-0.0273551512540213,-0.0544952746755945,0.1085689719003083,0.878736685830221
0.0,1.0,27.112064189207867,4.525252870535955,7.0,62.0,47.0,TUR,2008,Turkey,Upper middle income,Europe & Central Asia,185490000000.0,208121000000.0,0.0025075332045384,0.0025775187735142,2.3818134775643927,-0.0267424292337192,-0.050440136868978,0.1028681237665182,0.965575841558352
0.0,1.0,27.062631702051103,4.5390558976879705,7.0,62.0,48.0,TUR,2009,Turkey,Upper middle income,Europe & Central Asia,155351000000.0,152235000000.0,0.0025019712066484,0.0024322884784551,2.278786739863552,-0.0211861132948572,-0.060165113900166,0.1214367033309278,0.9422489489195728
0.0,1.0,27.143539227947837,4.554250207067545,7.0,62.0,49.0,TUR,2010,Turkey,Upper middle income,Europe & Central Asia,168951000000.0,198402000000.0,0.002628564043363,0.0077218464882873,2.491555496371371,-0.0433888258463863,-0.0398810363083714,0.0722563304205546,1.0499006930504222
0.0,1.0,27.249700665432794,4.568927948664561,9.0,62.0,50.0,TUR,2011,Turkey,Upper middle income,Europe & Central Asia,198304000000.0,254619000000.0,0.001858442164528,0.011005861909565,2.6037942890873658,-0.0728467773291778,0.0288661459315077,0.020400118161641,1.1378923344211134
0.0,1.0,27.296473825409226,4.581675128911786,9.0,62.0,51.0,TUR,2012,Turkey,Upper middle income,Europe & Central Asia,221029000000.0,251096000000.0,0.0018372370912608,0.0109723278366858,2.6051698163398385,-0.0741178087932034,0.0284654306517076,0.0204487566897893,1.1419828119899018
0.0,1.0,27.377923384221152,4.594519276391934,9.0,62.0,52.0,TUR,2013,Turkey,Upper middle income,Europe & Central Asia,234800000000.0,275806000000.0,0.0018196384663159,0.0109675917122397,2.6048950428529336,-0.0743540615047883,0.0284362340456533,0.0205430450090655,1.1424510812245647
0.0,1.0,27.426139790414812,4.6080101654261405,3.0,62.0,53.0,TUR,2014,Turkey,Upper middle income,Europe & Central Asia,243288000000.0,268468000000.0,0.0023491947764584,0.0106099833248134,2.6742288426194984,-0.0746185129362354,-0.0245278440868273,0.0238798264221213,1.1240823841338723
0.0,1.0,27.48520543660795,4.621351323402637,3.0,62.0,54.0,TUR,2015,Turkey,Upper middle income,Europe & Central Asia,218795000000.0,230162000000.0,0.0023518930617734,0.0106211494541166,2.674525046694637,-0.0746602730653014,-0.0244726426514287,0.0239043628278954,1.1237343379320095
0.0,1.0,27.51789608988159,4.634805582383607,-4.0,62.0,55.0,TUR,2016,Turkey,Upper middle income,Europe & Central Asia,205793000000.0,219777000000.0,0.0023463439668515,0.0105255977533093,2.6904132809930577,-0.0773988239249756,-0.0344851048514145,0.0238161240237587,1.1183412074309669
0.0,1.0,27.590234537447806,4.647773139259412,-4.0,62.0,56.0,TUR,2017,Turkey,Upper middle income,Europe & Central Asia,229268000000.0,255674000000.0,0.002351672469763,0.0105610580529972,2.6897886398386923,-0.0774552742787603,-0.0345828000082685,0.023433455339155,1.1194618739779765
1.0,1.0,27.6195981212381,4.661309169885863,-4.0,62.0,57.0,TUR,2018,Turkey,Upper middle income,Europe & Central Asia,250129000000.0,245158000000.0,-0.0192354060670369,0.0105275420527785,2.699602144800028,-0.0823498426123438,-0.0366041022832679,0.0231672898836106,1.1358965869361994
1.0,1.0,23.090116104378474,2.127541648767016,-9.0,61.0,31.0,TKM,1992,Turkmenistan,Upper middle income,Europe & Central Asia,2148362352.0,1222206142.0,-0.0678236797132808,-0.002109762245638,-1.1604306069955403,-0.0268059098435166,0.121718102015837,0.0383538397889786,-0.217543230514715
1.0,1.0,23.10500471858097,2.149534999649235,-9.0,61.0,32.0,TKM,1993,Turkmenistan,Upper middle income,Europe & Central Asia,2692664772.0,1951162672.0,-0.0615600758695607,-0.0021389742753831,-1.0818029154114903,-0.0088609317189647,0.0853376131929618,0.0296645941766189,-0.151723603444711
1.0,1.0,22.915055821822538,2.1702141723613586,-9.0,61.0,33.0,TKM,1994,Turkmenistan,Upper middle income,Europe & Central Asia,2175805363.0,2184704662.0,-0.063362666146527,-0.0032272976905692,-1.2125522124712116,-0.0078905206615342,0.132842600376067,0.0468899872081285,-0.183631139494294
1.0,1.0,22.84033183442395,2.188159336476428,-9.0,61.0,34.0,TKM,1995,Turkmenistan,Upper middle income,Europe & Central Asia,2084399936.0,2090200051.0,-0.0605430593575909,-0.0029187168545782,-1.217862422529695,-0.0064897677900832,0.0951470174506192,0.0320491408271625,-0.1227609476889092
0.0,1.0,22.905182733281936,2.2053367691313457,-9.0,61.0,35.0,TKM,1996,Turkmenistan,Upper middle income,Europe & Central Asia,1774094537.0,1853898097.0,0.007023161390551,-0.0022223942247394,-1.2463240006948526,-0.0574243210854712,0.0839786913604532,0.0297912822897508,-0.0364879231649857
0.0,1.0,22.784144402362625,2.222292139461626,-9.0,61.0,36.0,TKM,1997,Turkmenistan,Upper middle income,Europe & Central Asia,956099906.4,1584677699.0,0.0039180480171944,-0.0013832215987337,-1.2674756624363683,-0.0624670955700741,0.0347569767423782,0.0157085445740801,0.0267447411858558
0.0,1.0,22.85273719708289,2.239161180422826,-9.0,61.0,37.0,TKM,1998,Turkmenistan,Upper middle income,Europe & Central Asia,774538535.2,1735264218.0,0.0034844146998266,-0.0014592332817815,-1.252791805632966,-0.064980208458585,0.0252945210603937,0.0098576475222268,0.0402319092519971
0.0,1.0,23.00545827978902,2.2575074127503356,-9.0,61.0,38.0,TKM,1999,Turkmenistan,Upper middle income,Europe & Central Asia,874285023.0,1342892020.0,0.0031460165715151,-0.001305637346442,-1.2422133153390065,-0.0708482670335201,0.0221673935669618,0.0062737037277155,0.0273607607224261
0.0,1.0,23.05870577271412,2.2774548567504103,-9.0,61.0,39.0,TKM,2000,Turkmenistan,Upper middle income,Europe & Central Asia,1604433018.0,1404226471.0,0.0026687308953981,-0.0009189310999468,-1.235921543052937,-0.07438626399421,0.0111209766348251,0.002923872100554,0.0368925028780833
0.0,1.0,23.101227241147747,2.297488177058342,-9.0,61.0,40.0,TKM,2001,Turkmenistan,Upper middle income,Europe & Central Asia,1466653726.0,1431359919.0,0.0025715193997029,-0.0016916810987347,-1.2121267479386513,-0.0805779018017729,-0.0022297443103456,0.0006118100387384,0.0319204997398424
0.0,1.0,23.10379573896268,2.3174056706611648,-9.0,61.0,41.0,TKM,2002,Turkmenistan,Upper middle income,Europe & Central Asia,1580055401.0,1262466238.0,0.0024312374145016,-0.001701311020838,-1.2062418453796169,-0.0850381453755098,-0.0046051743305963,-0.0013438349953999,0.0400504095976586
0.0,1.0,23.1359611271811,2.337004920508266,-9.0,61.0,42.0,TKM,2003,Turkmenistan,Upper middle income,Europe & Central Asia,1949045099.0,1828801996.0,0.0019105564027061,-0.0013620257422443,-1.160336537425388,-0.0770796779148847,-0.0194120999374227,-0.006819640221813,0.1182090293372306
0.0,1.0,23.184755171668854,2.356192722141724,-9.0,61.0,43.0,TKM,2004,Turkmenistan,Upper middle income,Europe & Central Asia,2030569708.0,2025937934.0,0.0016421024611786,0.0002233537642254,-1.1735764682684238,-0.0667742420477384,-0.0261542718860824,-0.0056320177276576,0.1890741416340065
0.0,1.0,23.307273952568135,2.3750066053020196,-9.0,61.0,44.0,TKM,2005,Turkmenistan,Upper middle income,Europe & Central Asia,2486842105.0,1887023593.0,0.0018649522068479,0.0015001415024581,-1.1855896623526776,-0.0606526870371994,-0.0310843699824411,-0.0047291307745025,0.2378309735579024
0.0,1.0,23.41139347346025,2.3936059522561473,-9.0,61.0,45.0,TKM,2006,Turkmenistan,Upper middle income,Europe & Central Asia,3608775982.0,1781062356.0,0.0019333924378037,0.000521501949566,-1.1645782036783745,-0.0471235380386388,-0.029873250494157,-0.0180938286070233,0.3508759050269041
0.0,1.0,23.51628757561303,2.4122648693010493,-9.0,61.0,46.0,TKM,2007,Turkmenistan,Upper middle income,Europe & Central Asia,4657598499.0,2469512195.0,0.0028916476380473,0.0008584315486333,-1.0296760279863684,-0.0285438364829254,-0.0284377197494369,-0.0150219992881159,0.5487793944896701
0.0,1.0,23.65343741373261,2.4313385014601034,-9.0,61.0,47.0,TKM,2008,Turkmenistan,Upper middle income,Europe & Central Asia,11056875730.0,7197896377.0,0.0039912015992673,0.0019636125556345,-0.6694450025099089,0.0222520982205703,-0.0174626553414337,-0.0156162614714331,0.9261595062830096
0.0,1.0,23.712649274474533,2.4510792074351206,-9.0,61.0,48.0,TKM,2009,Turkmenistan,Upper middle income,Europe & Central Asia,9517543860.0,11697894737.0,0.0043129835087586,0.004565486512934,-0.5979136082912148,0.0240311076526365,-0.018008440128513,-0.0119543057181983,0.9665682765408308
0.0,1.0,23.800660151683893,2.471552786692821,-9.0,61.0,49.0,TKM,2010,Turkmenistan,Upper middle income,Europe & Central Asia,10366666667.0,11508070175.0,0.0049221470618906,0.0148657915003715,-0.4331517232298583,0.0012845777236574,-0.0358906793636267,0.0136236787335343,0.9872184966437104
0.0,1.0,23.93780998921233,2.4927241682088983,-9.0,61.0,50.0,TKM,2011,Turkmenistan,Upper middle income,Europe & Central Asia,17480701754.0,14986666667.0,0.0050025783503479,0.0211757733777665,-0.3254606775030608,-0.0069527423189898,-0.0397489427858031,0.0312396911060903,0.9442587172144364
0.0,1.0,24.043070499501752,2.514501813018961,-9.0,61.0,51.0,TKM,2012,Turkmenistan,Upper middle income,Europe & Central Asia,20688070175.0,17758245614.0,0.0046627373495956,0.0148023677660832,-0.1932696821215456,-0.0036367622693879,-0.0194530794024526,0.0536025863756319,0.983683727983472
0.0,1.0,24.140197211171976,2.536769716324567,-8.0,61.0,52.0,TKM,2013,Turkmenistan,Upper middle income,Europe & Central Asia,19535789474.0,19110175439.0,0.0057301496006513,0.0102816845978674,-0.1780826123323201,-0.0015716444017672,-0.0292506413434986,0.0544596067280633,1.002143742730476
0.0,1.0,24.238230951151177,2.5594001041815146,-8.0,61.0,53.0,TKM,2014,Turkmenistan,Upper middle income,Europe & Central Asia,20360701754.0,19287017544.0,0.0042322162879028,0.0098053945345404,-0.1376503613342888,-0.0015730582597616,-0.0271287463330866,0.0543590510166018,0.9669674829546792
0.0,1.0,24.30120574948323,2.582261142348217,-8.0,61.0,54.0,TKM,2015,Turkmenistan,Upper middle income,Europe & Central Asia,12771714286.0,16333428571.0,0.003614718981555,0.008972659549038,-0.1201157935878109,-0.0037588609624278,-0.0291964077196929,0.0481568974219446,0.9594629238537096
0.0,1.0,24.361359671968096,2.605206355231953,-8.0,61.0,55.0,TKM,2016,Turkmenistan,Upper middle income,Europe & Central Asia,8011714286.0,14430000000.0,0.0036720417956667,0.0088695791051632,-0.1208298076861232,-0.0045849714083056,-0.0333843634663394,0.0355170728987922,0.981770970508183
0.0,1.0,24.424334471590456,2.628059426635677,-8.0,61.0,56.0,TKM,2017,Turkmenistan,Upper middle income,Europe & Central Asia,8521428571.0,11797714286.0,0.002851378773307,0.0063359026567316,-0.0851539390504949,-0.0034578335289166,-0.0386146109835671,0.0062889946008556,0.9687703093644968
0.0,1.0,24.484488393853283,2.6506187177468807,-8.0,61.0,57.0,TKM,2018,Turkmenistan,Upper middle income,Europe & Central Asia,12188857143.0,8560857143.0,0.0040404528198367,0.0054829536829216,-0.1101091366901701,-0.0044043192414374,-0.0672248895311917,-0.0132746772354472,1.0324291090606272
0.0,0.0,22.329397384575646,4.240378352045858,3.0,64.0,21.0,UGA,1982,Uganda,Low income,Sub-Saharan Africa,182500000.0,381500000.0,0.0045513462171086,0.0007000640771181,-2.1812495119408792,0.0065055508117499,-0.021414674701526,0.047821307647972,-0.4591298173580392
0.0,0.0,22.38525355153145,4.265170058049889,3.0,64.0,22.0,UGA,1983,Uganda,Low income,Sub-Saharan Africa,194000000.0,305666666.7,0.0045369974487509,-0.0010127566207665,-2.149995272014539,0.0126656833982349,-0.018308101962164,0.0455227043827079,-0.4637736318680759
0.0,0.0,22.38180083082697,4.291935576466843,3.0,64.0,23.0,UGA,1984,Uganda,Low income,Sub-Saharan Africa,458913258.9,517947171.1,0.0045352918087788,-0.0005439632711946,-2.1430284482896447,0.0170619084417282,-0.0151549370064181,0.048591535637734,-0.4529209633306063
0.0,0.0,22.348178067950432,4.320016053468666,0.0,64.0,24.0,UGA,1985,Uganda,Low income,Sub-Saharan Africa,483554233.9,528247560.9,0.0045299481574635,-0.000486081701022,-2.129900685512843,0.014730689959653,-0.0192723738384311,0.059202592858813,-0.4078469094903929
0.0,0.0,22.352071348732423,4.349134519810905,-7.0,64.0,25.0,UGA,1986,Uganda,Low income,Sub-Saharan Africa,502571961.5,597834914.5,0.0046954012825861,-0.0004694381971667,-2.126655934653246,0.0190626136917379,-0.0201905692769357,0.0708821842553554,-0.3838923191280585
0.0,0.0,22.390925675457453,4.38010860104785,-7.0,64.0,26.0,UGA,1987,Uganda,Low income,Sub-Saharan Africa,517053674.0,1131228162.0,0.0053278049863982,-0.0017761717733742,-1.9447962932458112,0.0312398116371516,-0.022443404145608,0.0806272829209778,-0.1839250484391127
0.0,0.0,22.47035656720232,4.411958233801526,-7.0,64.0,27.0,UGA,1988,Uganda,Low income,Sub-Saharan Africa,492900000.0,1157116667.0,0.0056384676070435,7.343061086240434e-05,-1.826366030432844,0.0201158808103521,-0.0410921662626322,0.067789781490262,-0.0368131427028155
0.0,0.0,22.532034199005224,4.444230804230058,-7.0,64.0,28.0,UGA,1989,Uganda,Low income,Sub-Saharan Africa,419712425.6,954685691.9,0.0060751504667135,-0.0001728981346839,-1.7676181222743563,0.0125223979323708,-0.0482888062609827,0.0540397257615091,-0.1087140540506682
0.0,0.0,22.594766153215744,4.4765754038832615,-7.0,64.0,29.0,UGA,1990,Uganda,Low income,Sub-Saharan Africa,311669538.7,833711479.4,0.0076652982999668,-0.0023325393456601,-1.6234777061172647,-0.0058224850885771,-0.063345426639196,0.0394835992529519,-0.2571776211616097
0.0,0.0,22.648819542231795,4.509383995848821,-7.0,64.0,30.0,UGA,1991,Uganda,Low income,Sub-Saharan Africa,247948158.2,728713354.6,0.0086238080468478,-0.0019625158559205,-1.5126631580290648,-0.0220211514444973,-0.0745192512325935,0.0314908704626622,-0.3715658109883258
0.0,0.0,22.682431835298708,4.5434487464807365,-7.0,64.0,31.0,UGA,1992,Uganda,Low income,Sub-Saharan Africa,250344412.1,694106643.6,0.0090658130538605,-0.0020230431386009,-1.522878424157285,-0.0209212868587323,-0.0753332787888127,0.0298074596039222,-0.3355481989826804
0.0,0.0,22.762409548791013,4.577986611260958,-4.0,64.0,32.0,UGA,1993,Uganda,Low income,Sub-Saharan Africa,227444247.5,682002410.0,0.0090841250046366,-0.0013876098882075,-1.4939881773715542,-0.0242707805406426,-0.0534773375983423,0.0320006466548256,-0.2917584805065318
0.0,0.0,22.82447910959213,4.611545943580651,-4.0,64.0,33.0,UGA,1994,Uganda,Low income,Sub-Saharan Africa,348784843.4,762125448.5,0.0094717783700803,-0.0003243503907125,-1.4958455393465728,-0.0259829943512505,-0.054288048380692,0.0300554984315291,-0.2699608654834632
0.0,0.0,22.93354195747457,4.638862088588941,-4.0,64.0,34.0,UGA,1995,Uganda,Low income,Sub-Saharan Africa,678725716.6,1199003460.0,0.0098661660333673,-0.000678880664818,-1.4036202506575672,-0.0275437792554727,-0.0492779285789904,0.0270448938153585,-0.1624636540184329
0.0,0.0,23.02038103661298,4.665876647279115,-4.0,64.0,35.0,UGA,1996,Uganda,Low income,Sub-Saharan Africa,722999697.9,1415906250.0,0.0088549036441506,-0.0012322377945073,-1.3416548805359885,-0.0236301013295689,-0.0463559209899168,0.0153673968466371,-0.0676826553992867
0.0,0.0,23.070123146202512,4.6948659516969,-4.0,64.0,36.0,UGA,1997,Uganda,Low income,Sub-Saharan Africa,837552441.5,1303961977.0,0.0058944550629429,-0.0020442430630936,-1.2809477127414628,-0.0254864913292345,-0.0517896743614416,0.0004368628712963,0.0393896318135485
0.0,0.0,23.11801066967951,4.724605915637531,-4.0,64.0,37.0,UGA,1998,Uganda,Low income,Sub-Saharan Africa,634713533.0,1343623399.0,0.0056197013222453,-0.0011317556722006,-1.2092116569895783,-0.0367796376686352,-0.0506655432285827,-0.012605724648684,0.0368442360087372
0.0,0.0,23.195471108067764,4.757006607985282,-4.0,64.0,38.0,UGA,1999,Uganda,Low income,Sub-Saharan Africa,734918410.3,1426046617.0,0.0105812099382034,-0.0008151534097411,-1.1089729456237816,-0.0419778142325723,-0.0506040125688684,-0.0115848334227791,0.0151728425156983
0.0,0.0,23.22640670326295,4.788448444163969,-4.0,64.0,39.0,UGA,2000,Uganda,Low income,Sub-Saharan Africa,659668069.2,1368560402.0,0.0081084730837022,-0.000380021629784,-1.05377770434342,-0.037080714416034,-0.0497577165348356,-0.0146092836387218,0.0475009320897118
0.0,0.0,23.276944492999103,4.8190391303922775,-4.0,64.0,40.0,UGA,2001,Uganda,Low income,Sub-Saharan Africa,672714062.0,1390734599.0,0.0073366009956053,-4.4289492364305586e-05,-1.0284278544148189,-0.032752398817735,-0.0506996472788511,-0.0133558930437567,0.0712433192788425
0.0,0.0,23.36066675296581,4.850355005989572,-4.0,64.0,41.0,UGA,2002,Uganda,Low income,Sub-Saharan Africa,692819583.9,1548626997.0,0.0072020391849154,0.0002080378611284,-1.0148066456514686,-0.0298729712085031,-0.0536423894230225,-0.0145738683595974,0.0794163657513342
0.0,0.0,23.423390428348156,4.881937242797923,-4.0,64.0,42.0,UGA,2003,Uganda,Low income,Sub-Saharan Africa,752307732.5,1664868876.0,0.0049246207504061,-9.500819563295608e-05,-1.012127341924265,-0.0249863604351376,-0.0561024832678795,-0.026717520386891,0.1366402017004976
0.0,0.0,23.489245894487233,4.911931694884811,-4.0,64.0,43.0,UGA,2004,Uganda,Low income,Sub-Saharan Africa,1008067266.0,1807281866.0,0.0054767249588978,-0.0005591482182885,-1.0262129884013955,-0.0235172057275264,-0.0583495234852432,-0.0340202143792706,0.1893800924901278
0.0,0.0,23.55064729799443,4.941280906555964,-1.0,64.0,44.0,UGA,2005,Uganda,Low income,Sub-Saharan Africa,1310093926.0,2292674584.0,0.0058539886784789,-0.0012199647313362,-1.0239881400602222,-0.012408661857919,-0.0617838722765213,-0.0514089326598358,0.2709233089440003
0.0,0.0,23.653066190820486,4.970555500465655,-1.0,64.0,45.0,UGA,2006,Uganda,Low income,Sub-Saharan Africa,1524126930.0,2829448599.0,0.0069563105865168,-0.0028081893251304,-0.926517815497004,-0.0099196774225605,-0.0676717615375751,-0.0519903694390379,0.4189672762266272
0.0,0.0,23.73383871790104,4.999966165483197,-1.0,64.0,46.0,UGA,2007,Uganda,Low income,Sub-Saharan Africa,1990712068.0,3577000118.0,0.0072097813299905,-0.0037656162831592,-0.8722091226985952,-0.0560434250694295,-0.0631459994827172,-0.0528958589632079,0.5579655711272832
0.0,0.0,23.817340837074102,5.029411026996557,-1.0,64.0,47.0,UGA,2008,Uganda,Low income,Sub-Saharan Africa,3506150678.0,4617770608.0,0.0082312256535422,-0.0096685763440647,-0.5566849906927036,-0.0577889432277448,-0.073991225797592,-0.0778919919663361,0.8132156214421871
0.0,0.0,23.88314278492345,5.058823944058952,-1.0,64.0,48.0,UGA,2009,Uganda,Low income,Sub-Saharan Africa,4677180751.0,7148939024.0,0.0084041988875247,-0.0131729065421002,-0.481253892275998,-0.0277510816071901,-0.0749850568253849,-0.0803120983567014,0.850973550730579
0.0,0.0,23.937987077588915,5.084715779919851,-1.0,64.0,49.0,UGA,2010,Uganda,Low income,Sub-Saharan Africa,3687465343.0,6520260385.0,0.0085585471792149,-0.012940326933042,-0.4377471566386529,-0.0274556561700926,-0.0733210703854051,-0.0913113949345432,0.854912354774353
0.0,0.0,24.02775150349898,5.114035271554407,-1.0,64.0,50.0,UGA,2011,Uganda,Low income,Sub-Saharan Africa,3583112055.0,7497355183.0,0.008589680915769,-0.0122396526958977,-0.3875131267027986,-0.0243575282035018,-0.0691892965108153,-0.1405546701812905,0.872146879884251
0.0,0.0,24.06540806711026,5.143077532390812,-1.0,64.0,51.0,UGA,2012,Uganda,Low income,Sub-Saharan Africa,4230158431.0,7648498556.0,0.0092258661764384,-0.0117635810628437,-0.3845886346158471,-0.024867402591258,-0.0687599284558697,-0.1490353336676431,0.8783742068206732
0.0,0.0,24.100648811335496,5.171773048510706,-1.0,64.0,52.0,UGA,2013,Uganda,Low income,Sub-Saharan Africa,4774874142.0,7690477050.0,0.0095283082429168,-0.0116427275228762,-0.3983252326397851,-0.0249646751383443,-0.069013654694734,-0.1506609731951416,0.8936641475516167
0.0,0.0,24.150450914038153,5.201287498927869,-1.0,64.0,53.0,UGA,2014,Uganda,Low income,Sub-Saharan Africa,4874969924.0,6870189627.0,0.0097195476369947,-0.011137612612021,-0.3677007098304044,-0.0254064565454606,-0.0691102511205421,-0.1547510054808958,0.8692590330373292
0.0,0.0,24.20102862115056,5.232020428300881,-1.0,64.0,54.0,UGA,2015,Uganda,Low income,Sub-Saharan Africa,4170603009.0,8035899288.0,0.0084399694300648,-0.010565925215115,-0.3435127133426704,-0.0244355897474895,-0.0694514983386248,-0.1550104650924114,0.8523790504656061
0.0,0.0,24.24773089568394,5.265239677128766,-1.0,64.0,55.0,UGA,2016,Uganda,Low income,Sub-Saharan Africa,3629227691.0,5485150866.0,0.0084516654516993,-0.0105750287599447,-0.351538585945246,-0.0307980666589219,-0.0696618473700693,-0.1645869246619027,0.8459415744198903
0.0,0.0,24.27856466653824,5.30014563624401,-1.0,64.0,56.0,UGA,2017,Uganda,Low income,Sub-Saharan Africa,5122376577.0,6202981526.0,0.0081905808959061,-0.010350122189447,-0.3377888808897532,-0.0271021576586023,-0.0689678341611351,-0.1637042412593048,0.8504694809471257
0.0,0.0,24.33969667754772,5.33411974625491,-1.0,64.0,57.0,UGA,2018,Uganda,Low income,Sub-Saharan Africa,4967717827.0,7096219372.0,0.0075471456593616,-0.0104192983685438,-0.3285308102324139,-0.024594939760412,-0.0691243396613929,-0.1637992301621048,0.8614368571391072
0.0,0.0,25.612426289047733,4.503297362588073,6.0,65.0,31.0,UKR,1992,Ukraine,Lower middle income,Europe & Central Asia,17732031955.0,16259872205.0,0.0071276605721489,0.0038855872470615,1.1531798121628092,-0.0081965090210263,-0.0380104326741099,0.0402288911380893,-0.0983095658878076
1.0,0.0,25.45928005784575,4.503802837681483,5.0,65.0,32.0,UKR,1993,Ukraine,Lower middle income,Europe & Central Asia,16988495839.0,17193933995.0,-0.0602401748167577,0.0053542590073384,1.196406019727133,-0.0133591917650942,-0.040486172844008,0.044909592682276,-0.1098876889932431
1.0,0.0,25.199208827116305,4.498552645160618,7.0,65.0,33.0,UKR,1994,Ukraine,Lower middle income,Europe & Central Asia,18596691884.0,20260571957.0,-0.0644217421620955,0.0040274776897471,1.0286222942198828,0.0015982681116332,-0.0085214282368734,0.063620183360592,0.0181015684800986
1.0,0.0,25.06910014176985,4.4906394957304965,7.0,65.0,34.0,UKR,1995,Ukraine,Lower middle income,Europe & Central Asia,22695828945.0,24182357363.0,-0.0619173912406765,0.0057094280227266,0.9283523152934082,0.0014583931966429,-0.0134360646576411,0.0545707403473462,0.1255644927919949
1.0,0.0,24.963739626106268,4.482097837006948,7.0,65.0,35.0,UKR,1996,Ukraine,Lower middle income,Europe & Central Asia,20341967259.0,21479456607.0,-0.0531040157383714,0.0055688054656629,0.8664210137779326,0.0056612330961378,-0.0135845926897354,0.0531639917402751,0.1607200727788631
0.0,0.0,24.933280418644422,4.473486645489886,7.0,65.0,36.0,UKR,1997,Ukraine,Lower middle income,Europe & Central Asia,20357121609.0,21891238831.0,0.004460478144109,0.0052592182079929,0.7309420675014394,0.0184609167477299,-0.0141776239806212,0.048527758291258,0.215158164566329
0.0,0.0,24.914097599194506,4.465437425022151,7.0,65.0,37.0,UKR,1998,Ukraine,Lower middle income,Europe & Central Asia,17543687391.0,18496110212.0,0.0040939879719821,0.005178376630454,0.7119305814323731,0.0195935161901549,-0.0155805108747084,0.0437662790766777,0.2189303190980983
0.0,0.0,24.912095596525955,4.457400307927418,7.0,65.0,38.0,UKR,1999,Ukraine,Lower middle income,Europe & Central Asia,16960000576.0,15237000520.0,0.0039870433675616,0.0051440219241621,0.699356893308967,0.0200098155444836,-0.0167986032906417,0.040391879546647,0.2151810509608508
0.0,0.0,24.969420663143676,4.448965154992413,6.0,65.0,39.0,UKR,2000,Ukraine,Lower middle income,Europe & Central Asia,19521222712.0,17948312140.0,0.0032290742198948,0.0051612501907009,0.7263795363140471,0.0212544442920424,-0.0223000851317264,0.044146288294938,0.233035377315324
0.0,0.0,25.053761811616386,4.439847131663402,6.0,65.0,40.0,UKR,2001,Ukraine,Lower middle income,Europe & Central Asia,19909904879.0,19370637181.0,0.0030059983480214,0.0050693298917993,0.7375587170784264,0.0217821218911541,-0.0233281433332937,0.0432157905587343,0.2394919805206627
0.0,0.0,25.10578149059352,4.431078166469534,6.0,65.0,41.0,UKR,2002,Ukraine,Lower middle income,Europe & Central Asia,22030272452.0,20165301669.0,0.0027344233945503,0.0037550112836373,0.7376442257285537,0.0213419053732441,-0.0233217440139982,0.0420283744747244,0.2516752543059377
0.0,0.0,25.196687530615392,4.423610640669633,6.0,65.0,42.0,UKR,2003,Ukraine,Lower middle income,Europe & Central Asia,27327869172.0,26029649588.0,0.0018025961128329,0.0015271274695872,0.8020152070150545,0.0263642394048384,-0.0215839374977326,0.0477220622760226,0.2399095576555165
0.0,0.0,25.308187334968054,4.416639736691731,6.0,65.0,43.0,UKR,2004,Ukraine,Lower middle income,Europe & Central Asia,39456100771.0,34473773266.0,0.0002810642246802,0.0003747824637443,0.916089569935172,0.0226156444082083,-0.0352931626607828,0.0514115481213408,0.3111979570707492
0.0,0.0,25.338435857512835,4.40832598248094,6.0,65.0,44.0,UKR,2005,Ukraine,Lower middle income,Europe & Central Asia,42593471772.0,41868945655.0,0.0001079602300442,-0.0010734933888673,0.9882564575133594,0.0156801415658229,-0.0376052688454721,0.0489222940749145,0.4420760001990648
1.0,1.0,25.411425154864528,4.401890982981947,7.0,65.0,45.0,UKR,2006,Ukraine,Lower middle income,Europe & Central Asia,48355049505.0,51424950495.0,-0.0116997531067587,-0.0029869584535983,1.0383860629979715,0.017408754156467,-0.0371293113365279,0.0548395592414003,0.6144025489645505
0.0,1.0,25.49037628503659,4.397365853141825,7.0,65.0,46.0,UKR,2007,Ukraine,Lower middle income,Europe & Central Asia,61412079208.0,69542970297.0,0.0001514146511176,0.0066136560359447,1.1996837752755964,0.0186644161952495,-0.0126163593186173,0.0531236536682462,0.876215057973685
0.0,1.0,25.512564279995523,4.392193118278222,7.0,65.0,47.0,UKR,2008,Ukraine,Lower middle income,Europe & Central Asia,81376308304.0,95770805896.0,0.0002690430612717,0.0207675389676949,1.2513189037263008,0.0202794113452001,0.006029150720777,0.0516805997138277,1.054610654465958
1.0,1.0,25.34844451139276,4.388009937463991,7.0,65.0,48.0,UKR,2009,Ukraine,Lower middle income,Europe & Central Asia,52180910869.0,54148248546.0,-0.0128133804268206,0.0249953928301062,1.1724156684202498,0.0254585322530989,0.0106439221271226,0.0574973346960961,1.0580476472496907
0.0,1.0,25.388542863666622,4.384405969685003,6.0,65.0,49.0,UKR,2010,Ukraine,Lower middle income,Europe & Central Asia,65600892379.0,69578265846.0,0.0003232954634822,0.0225629144871578,1.1736207668109269,0.0281990119760065,0.0136826264976344,0.0572074003388751,1.0784779769645254
0.0,1.0,25.44156826037546,4.381211834939717,6.0,65.0,50.0,UKR,2011,Ukraine,Lower middle income,Europe & Central Asia,83661340362.0,93809110766.0,0.0004294238528718,0.0210622691422558,1.212567164787584,0.020678606693555,0.0086549804692063,0.0541881304822616,1.1171299735844646
0.0,1.0,25.44309418124336,4.379097713819795,6.0,65.0,51.0,UKR,2012,Ukraine,Lower middle income,Europe & Central Asia,86517143161.0,100864000000.0,0.0004587076636892,0.0210386437174247,1.215929058737589,0.0189700542724354,0.0090995868461797,0.0544950937449468,1.1258911933487514
0.0,1.0,25.44353991733932,4.377293752611248,6.0,65.0,52.0,UKR,2013,Ukraine,Lower middle income,Europe & Central Asia,81719004129.0,97353058927.0,0.0004534318520637,0.0207354306621134,1.2157433697474906,0.0183153526096793,0.0091356941461771,0.0543149619762708,1.1271840973372198
1.0,1.0,25.33730656310269,4.373992844653735,4.0,65.0,53.0,UKR,2014,Ukraine,Lower middle income,Europe & Central Asia,64873485476.0,69553942786.0,-0.0129161862325441,0.0223099213162103,1.1383479994697372,0.0209152302227776,-0.0128986313679982,0.0537948777475641,1.0925378435035291
1.0,1.0,25.23446549939488,4.369906318368126,4.0,65.0,54.0,UKR,2015,Ukraine,Lower middle income,Europe & Central Asia,47880176691.0,50257229466.0,-0.0130274627916169,0.019800511586905,0.923210701974779,0.0358434562291919,-0.0071779431481606,0.0466543498112851,0.9992755769897556
1.0,1.0,25.25858216024741,4.366228834451699,4.0,65.0,55.0,UKR,2016,Ukraine,Lower middle income,Europe & Central Asia,46023154799.0,52487083453.0,-0.0123845901406435,0.0206946731788911,0.9701812854776096,0.0365549315962967,-0.0085725588071574,0.0472975218220821,1.0202604176478027
1.0,1.0,25.281907714757608,4.362240445575094,4.0,65.0,56.0,UKR,2017,Ukraine,Lower middle income,Europe & Central Asia,53943461809.0,62669875998.0,-0.0140714016990978,0.0231655626369748,1.0385530301406645,0.0327952367540915,-0.0081567344301656,0.0541825165509766,1.0569763409861357
1.0,1.0,25.31619669399294,4.357056318614971,4.0,65.0,57.0,UKR,2018,Ukraine,Lower middle income,Europe & Central Asia,59208892251.0,70634825282.0,-0.0134835619400371,0.0250919031814795,1.0825553603787017,0.0284832282865949,-0.0096857875698159,0.0509141181890444,1.0711044743531772
0.0,0.0,23.49312375242517,2.6836604034087794,8.0,66.0,0.0,URY,1961,Uruguay,High income,Latin America & Caribbean,219799542.8,228591524.5,0.0030641533126394,-0.0020997899441128,-0.8621525334436804,-0.0436893046645227,-0.0372383837050738,-0.000867688432679,-2.2088855232246787
0.0,0.0,23.477252986969514,2.695785450932339,8.0,66.0,1.0,URY,1962,Uruguay,High income,Latin America & Caribbean,193918025.6,246804759.8,0.0023923831480552,-0.0021790478073831,-0.8959167124528054,-0.0434356263894378,-0.0366689942231744,0.0014433131618914,-2.1897543452967523
0.0,0.0,23.47895612437008,2.7074657163242564,8.0,66.0,2.0,URY,1963,Uruguay,High income,Latin America & Caribbean,185026101.9,185026101.9,0.0024431147874938,-0.0021442874863103,-0.8996302048862911,-0.0446803573466527,-0.0386237504158159,0.0017918843128249,-2.1918101398123113
0.0,0.0,23.50306828341268,2.7186139464185155,8.0,66.0,3.0,URY,1964,Uruguay,High income,Latin America & Caribbean,235904694.5,224109459.8,0.0029830715858262,-0.0021113937491751,-0.8795686105364416,-0.0462760796553874,-0.0395295761348511,-0.0006815454868724,-2.207182547712805
0.0,0.0,23.51347003765291,2.729107919526869,8.0,66.0,4.0,URY,1965,Uruguay,High income,Latin America & Caribbean,347846052.3,216973280.1,0.0029859646726631,-0.0020996703024968,-0.8910830822061339,-0.0479478251655308,-0.0403140333955559,-0.0003318694352508,-2.198674087700095
0.0,0.0,23.543638905547585,2.7389346485595842,8.0,66.0,5.0,URY,1966,Uruguay,High income,Latin America & Caribbean,309880934.0,207824339.0,0.0027642824375346,-0.0021324810155905,-0.9025243717432252,-0.0473468529133628,-0.039648722588086,-0.0029694411917163,-2.1836035377010163
0.0,0.0,23.506385181847893,2.747990353473946,8.0,66.0,6.0,URY,1967,Uruguay,High income,Latin America & Caribbean,233416696.4,210551387.4,0.0026298317817588,-0.0019919104294199,-0.917275154175056,-0.0461809249390157,-0.0397049344039256,-0.0016176925863292,-2.1655326491273237
0.0,0.0,23.52509811508021,2.756129445326344,8.0,66.0,7.0,URY,1968,Uruguay,High income,Latin America & Caribbean,241962440.5,194518824.7,0.0026048105268258,-0.0019274101954041,-0.9386331790461736,-0.0432219336808981,-0.0353848453709525,-0.0057035317189765,-2.1359089844094603
0.0,0.0,23.58209017662822,2.763135974840181,8.0,66.0,8.0,URY,1969,Uruguay,High income,Latin America & Caribbean,268548387.1,243145161.3,0.0024117082931001,-0.0021190311779824,-0.938588662914396,-0.0320783630307574,-0.0321770169551079,-0.0047396236380332,-2.094197883049439
0.0,0.0,23.605154277375544,2.769185827078875,8.0,66.0,9.0,URY,1970,Uruguay,High income,Latin America & Caribbean,296774193.5,325000000.0,0.0024336700659932,-0.0017470806624917,-0.9280595972651718,-0.0255700872699365,-0.0208462103040735,0.00765673515937,-1.9097143810398032
0.0,0.0,23.602633988834274,2.774779641048427,3.0,66.0,10.0,URY,1971,Uruguay,High income,Latin America & Caribbean,288709677.4,320967741.9,0.0026286377522267,-0.0014318566676242,-0.9307695367505404,-0.0413914164865188,-0.0237198984126686,0.0097112133875471,-1.8044339790647332
0.0,0.0,23.58935045343071,2.780174719415996,-3.0,66.0,11.0,URY,1972,Uruguay,High income,Latin America & Caribbean,337963958.7,326095659.1,0.0023796664628583,-0.0018742246105599,-0.9066606616507796,-0.0391623136708074,-0.0263983804975888,0.008924328671368,-1.7269187266328123
0.0,0.0,23.592098669786807,2.785649061010915,-8.0,66.0,12.0,URY,1973,Uruguay,High income,Latin America & Caribbean,412996156.8,376829826.7,0.0023098971699198,-0.0024298966978438,-0.9305934250420436,-0.0427503619593151,-0.0188491820806987,0.0198759211903773,-1.4990213373361898
0.0,0.0,23.620640883579473,2.7915569230676334,-8.0,66.0,13.0,URY,1974,Uruguay,High income,Latin America & Caribbean,588256717.0,690867043.6,0.0010783802344977,-0.0013673651436219,-0.6737436230784711,0.0047562538026206,-0.0318968831598387,-0.0016336604334434,-0.8894773021763858
0.0,0.0,23.67982366001299,2.79797509168618,-8.0,66.0,14.0,URY,1975,Uruguay,High income,Latin America & Caribbean,593738352.6,717495341.0,0.0023791678023895,-0.0026397927563602,-0.549964335004968,0.0100800446730853,-0.030440614849719,-0.0148394789219974,-0.7519049794127136
0.0,0.0,23.718423701509142,2.8045930729506274,-8.0,66.0,15.0,URY,1976,Uruguay,High income,Latin America & Caribbean,717274791.8,736320969.0,0.003263271558572,-0.0023701726937334,-0.5263855481818992,0.0109215422443118,-0.0320031510294441,-0.0122489139043905,-0.7148569470233908
1.0,1.0,23.73287341154087,2.810822866562304,-8.0,66.0,16.0,URY,1977,Uruguay,High income,Latin America & Caribbean,818672883.8,932324246.8,-0.0693899942955187,-0.0005312856823184,-0.544055047779292,0.1105859213600752,-0.0417428164372777,0.0027295656848358,-0.6145006127358515
0.0,1.0,23.785219012875064,2.816393921376998,-7.0,66.0,17.0,URY,1978,Uruguay,High income,Latin America & Caribbean,925434421.7,1038743774.0,0.0108955197022516,-0.000515674559265,-0.4612699561633008,0.0054636688054296,-0.0200866795617475,-0.0044465195868519,-0.6447958540864986
0.0,1.0,23.84536461862003,2.8212316136603524,-7.0,66.0,18.0,URY,1979,Uruguay,High income,Latin America & Caribbean,1208815650.0,1520042526.0,0.014083637275142,-1.826604782453556e-05,-0.4245762193624302,-0.005303706819565,-0.0207543533162477,-0.0151322890466108,-0.5219057083580174
0.0,1.0,23.902155084402956,2.8253220109938564,-7.0,66.0,19.0,URY,1980,Uruguay,High income,Latin America & Caribbean,1527803803.0,2096775971.0,0.0118681232265476,-0.0008740600949861,-0.4533428561284614,-0.0091893753700826,-0.0228329222161052,-0.0197333557088539,-0.4456902129374525
0.0,1.0,23.91763032116349,2.829140315230361,-7.0,66.0,20.0,URY,1981,Uruguay,High income,Latin America & Caribbean,1679796170.0,2102640519.0,0.0128160148198695,-0.0020053176950414,-0.3861192004013015,-0.0048694124333775,-0.0247836285204881,-0.0219205656934367,-0.3830843282600926
0.0,1.0,23.81495651016483,2.833264429221935,-7.0,66.0,21.0,URY,1982,Uruguay,High income,Latin America & Caribbean,1314939846.0,1587083734.0,0.010603729977757,0.0004811927055014,-0.573551650542124,-0.0107833933040325,-0.0225913342474841,-0.010317370897678,-0.4580969121472201
0.0,1.0,23.70654245726982,2.8377196342854556,-7.0,66.0,22.0,URY,1983,Uruguay,High income,Latin America & Caribbean,1310717316.0,1204334440.0,0.0046734901199897,-0.0015777987460468,-0.6808882412388126,-0.0036779810684064,-0.0234852831475415,-0.0039674521412587,-0.405257172561752
0.0,1.0,23.695050502491437,2.842296304093754,-7.0,66.0,23.0,URY,1984,Uruguay,High income,Latin America & Caribbean,1289223521.0,1036760496.0,0.0046641667712616,-0.0016424374255859,-0.6891973442106705,-0.0034405695390423,-0.02282699986635,-0.0035670199138399,-0.3995727245233557
0.0,1.0,23.709609366302427,2.847130249591293,9.0,66.0,24.0,URY,1985,Uruguay,High income,Latin America & Caribbean,1266123611.0,998457827.5,0.004106554142813,-0.0026213264965412,-0.6804761035282963,-0.00279868612271,0.0303585908366391,-0.0048357142988081,-0.4558472570376521
0.0,1.0,23.794040660471623,2.852356148757706,9.0,66.0,25.0,URY,1986,Uruguay,High income,Latin America & Caribbean,1541476815.0,1191819539.0,0.0096877220781069,-0.000818794823746,-0.5971939340531405,-0.0126204040850789,0.025338737895348,-0.0134319154582612,-0.4832521295038922
0.0,1.0,23.870938155201937,2.8579625174573247,9.0,66.0,26.0,URY,1987,Uruguay,High income,Latin America & Caribbean,1594966345.0,1414997206.0,0.0117682232309477,-0.0004308995258647,-0.5359858130942043,-0.0149649766264555,0.0240959239807709,-0.0256973004585389,-0.4258247926572119
0.0,1.0,23.88563894177461,2.8638681976127485,9.0,66.0,27.0,URY,1988,Uruguay,High income,Latin America & Caribbean,1811733104.0,1456747009.0,0.0118380587953454,-0.0001216850206432,-0.5659385400507282,-0.0158829157482626,0.0269685036419518,-0.0273125076087134,-0.3876281087415699
0.0,1.0,23.896617466882798,2.8698134074131385,10.0,66.0,28.0,URY,1989,Uruguay,High income,Latin America & Caribbean,1982636217.0,1493668481.0,0.0132293443608404,-0.0012830786100607,-0.6070341538083879,-0.0167249272298298,0.0713366668979894,-0.0303196057727942,-0.3870107566561215
0.0,0.0,23.89958653858573,2.8756764522007843,10.0,66.0,29.0,URY,1990,Uruguay,High income,Latin America & Caribbean,2188206936.0,1682744698.0,0.0253732559286043,-0.0004365029302833,-0.621619456260642,-0.0160183163199681,0.0735708953544148,-0.0318064918870939,-0.354540305040862
0.0,0.0,23.934362856444807,2.8814422302904745,10.0,66.0,30.0,URY,1991,Uruguay,High income,Latin America & Caribbean,2318969025.0,2001561708.0,0.0403326225847144,-3.054237343307597e-05,-0.5205265953775126,-0.0102312297976039,0.0765396646671292,-0.0362233287024782,-0.2947604897139955
0.0,0.0,24.010690256225118,2.8869829166991687,10.0,66.0,31.0,URY,1992,Uruguay,High income,Latin America & Caribbean,2633269109.0,2527397075.0,0.0453662426998416,0.0004384185435575,-0.4492306050033516,-0.0018806838303238,0.0765510330377294,-0.0426601886339229,-0.1739261765306901
0.0,0.0,24.03691872400972,2.8922697383689386,10.0,66.0,32.0,URY,1993,Uruguay,High income,Latin America & Caribbean,2869311094.0,2934260606.0,0.0432279799664156,0.0084451950820765,-0.4357190851104526,0.0034127228677861,0.0757246823909728,-0.0456408947762026,-0.1266066788649353
0.0,0.0,24.107203292230764,2.897480220581142,10.0,66.0,33.0,URY,1994,Uruguay,High income,Latin America & Caribbean,3454168853.0,3561674786.0,0.0450669675101199,0.0190110202593094,-0.5569239221739859,0.004936432777435,0.0755879714936697,-0.0484775084708682,-0.1479920660280965
0.0,0.0,24.09262150311641,2.9027003788361374,10.0,66.0,34.0,URY,1995,Uruguay,High income,Latin America & Caribbean,3665940936.0,3686020003.0,0.043108403829123,0.0140548940440093,-0.4497932848248449,0.006734976311084,0.0792133252372716,-0.0573284123172126,-0.0573183407882325
0.0,0.0,24.146900933330592,2.9079801353594226,10.0,66.0,35.0,URY,1996,Uruguay,High income,Latin America & Caribbean,4035386466.0,4074053358.0,0.0331804044059922,0.0079899703194232,-0.4283845622639817,0.0143659157843516,0.080639166462536,-0.0783574127500428,0.0095329567152806
0.0,0.0,24.228920300272772,2.9132746658551514,10.0,66.0,36.0,URY,1997,Uruguay,High income,Latin America & Caribbean,4184600575.0,4853524480.0,0.0164037736392132,0.01028592684889,-0.3961527484460876,0.0179892215953928,0.0897430880170537,-0.1130037295880746,0.0465534346153953
0.0,0.0,24.27311793583497,2.9182061086454993,10.0,66.0,37.0,URY,1998,Uruguay,High income,Latin America & Caribbean,4168339942.0,4879194086.0,0.0141231037750883,0.010282493862388,-0.3816755237474182,0.0238226986170541,0.0913834574595868,-0.137715123361634,0.0583129674255716
0.0,0.0,24.253535320383225,2.922744644350901,10.0,66.0,38.0,URY,1999,Uruguay,High income,Latin America & Caribbean,3621012840.0,4386374776.0,0.0139532305893392,0.0085120348070794,-0.4009326255175628,0.0185633281965547,0.0920759953873479,-0.1455006453003313,0.0602484795804549
0.0,0.0,24.234047351046296,2.9264840926926605,10.0,66.0,39.0,URY,2000,Uruguay,High income,Latin America & Caribbean,3811052356.0,4568223557.0,0.0107825419596069,0.0056523638708741,-0.4083036359211662,0.0162184469473619,0.0936125999356456,-0.1545736824878008,0.0832097327712737
0.0,0.0,24.19484768619858,2.928944166394107,10.0,66.0,40.0,URY,2001,Uruguay,High income,Latin America & Caribbean,3511965703.0,4076272834.0,0.010556424070916,0.0054004049667924,-0.417990767538635,0.0093253031819101,0.0924519036867071,-0.1670348404795351,0.0908136951680439
0.0,0.0,24.114374807956153,2.930352961717629,10.0,66.0,41.0,URY,2002,Uruguay,High income,Latin America & Caribbean,2805891109.0,2640670228.0,0.0091402422359072,0.003535013539316,-0.59788119843462,-0.0045929169786048,0.1010499659208657,-0.1910847627632839,0.1711220608989969
0.0,0.0,24.12239539603634,2.931059968534422,10.0,66.0,42.0,URY,2003,Uruguay,High income,Latin America & Caribbean,3304410121.0,2930315875.0,0.0053912146748005,-0.0039470530174363,-0.564656611685813,-0.005584534342256,0.1028669740939915,-0.2541133411755741,0.2617702410940887
0.0,0.0,24.171225181653643,2.931657743955695,10.0,66.0,43.0,URY,2004,Uruguay,High income,Latin America & Caribbean,4394994712.0,4018907625.0,0.0038438498411789,-0.0082593980793241,-0.466457855238042,-0.0036310876551299,0.1006007143284521,-0.282422886221614,0.3042423820196583
0.0,0.0,24.243174910604214,2.9324563534002266,10.0,66.0,44.0,URY,2005,Uruguay,High income,Latin America & Caribbean,5279006692.0,4943843929.0,0.00244386152952,-0.0180731325044351,-0.4072490679969626,-0.0047297134961881,0.1045623416605881,-0.2746005582000152,0.4317392303776867
0.0,0.0,24.28334303408249,2.9335924274272833,10.0,66.0,45.0,URY,2006,Uruguay,High income,Latin America & Caribbean,5981157818.0,6252911447.0,0.0020172056525562,-0.0187716085343262,-0.3204857649956216,-0.0117940385985475,0.0985210807164121,-0.2326325082457309,0.6132633374792104
0.0,0.0,24.346707530474816,2.93530762655376,10.0,66.0,46.0,URY,2007,Uruguay,High income,Latin America & Caribbean,6922888127.0,7167879856.0,0.0020389103026012,-0.0204145185734702,-0.3046625144733187,-0.0180692910378006,0.099274544563291,-0.2172983701110015,0.7379086171325598
0.0,0.0,24.41601103727585,2.9374369738217596,10.0,66.0,47.0,URY,2008,Uruguay,High income,Latin America & Caribbean,9399061015.0,10893438975.0,0.0024456222278164,-0.018806159315075,-0.2460600884305776,-0.0044802548175172,0.1014495839315482,-0.1884840211864249,0.8931894263960418
0.0,0.0,24.457570304025854,2.9398307073735483,10.0,66.0,48.0,URY,2009,Uruguay,High income,Latin America & Caribbean,8863697957.0,8600719067.0,0.003527223164539,-0.0165075573734251,-0.2226239199195387,0.0002105518375353,0.0985768955534943,-0.2013021444639413,0.8840058932289326
0.0,0.0,24.53270940557388,2.942392006599498,10.0,66.0,49.0,URY,2010,Uruguay,High income,Latin America & Caribbean,11050981364.0,10636951485.0,0.0005025175381173,-0.0117657002112068,-0.7442469259342611,0.0037474521637433,0.0944911224766632,-0.2063254190232409,1.4729933792397485
0.0,0.0,24.58304250288903,2.944873421624753,10.0,66.0,50.0,URY,2011,Uruguay,High income,Latin America & Caribbean,13301545753.0,13504292327.0,0.000107434384189,-0.0031210770924374,0.0692425345669256,0.0139646535201339,0.0822735854233936,-0.2237382732797025,0.8539194543572435
0.0,0.0,24.61781273798434,2.94744793770684,10.0,66.0,51.0,URY,2012,Uruguay,High income,Latin America & Caribbean,14056802469.0,15804109317.0,-0.0005472597802672,-0.0021782428780425,0.1129580705347217,0.0149270238240446,0.0768661237474261,-0.2229007788240256,0.845456635091879
0.0,0.0,24.66314491727406,2.9504224618506307,10.0,66.0,52.0,URY,2013,Uruguay,High income,Latin America & Caribbean,14324258530.0,16171486174.0,-0.0005556045199129,-0.0021684752014426,0.1159132307938824,0.0148079866235797,0.0768625105662463,-0.2204851193473598,0.8468305319770394
0.0,0.0,24.695019397583117,2.9537043329020807,10.0,66.0,53.0,URY,2014,Uruguay,High income,Latin America & Caribbean,14477839205.0,15709177870.0,-0.0005403733427955,-0.0021693573891912,0.1184495185403029,0.014621866746729,0.0765686249149001,-0.2205528474008376,0.8460367284673329
0.0,0.0,24.6987199547238,2.957179169819941,10.0,66.0,54.0,URY,2015,Uruguay,High income,Latin America & Caribbean,12965298329.0,13180179646.0,-0.0005128481548563,-0.0021642826559795,0.1192440603744249,0.0141172676336631,0.0763134117414347,-0.2210695902345682,0.8433474847403833
0.0,0.0,24.715476753727067,2.9605185824342293,10.0,66.0,55.0,URY,2016,Uruguay,High income,Latin America & Caribbean,15480528867.0,12380729778.0,-0.0005207028141694,-0.0021640287411944,0.1197841495058091,0.0141730026687732,0.0762527219669503,-0.2220312603056454,0.8421138201118777
0.0,0.0,24.731623234603315,2.963224073988114,10.0,66.0,56.0,URY,2017,Uruguay,High income,Latin America & Caribbean,16856823032.0,13291661436.0,-0.0004948414893228,-0.0023327647692724,0.1200393653131057,0.0140376319081628,0.0763499088489587,-0.221271544381065,0.8428829240487331
0.0,0.0,24.73639092292853,2.9650215169076715,10.0,66.0,57.0,URY,2018,Uruguay,High income,Latin America & Caribbean,17265046237.0,13963983638.0,-0.0004948414893228,-0.002320850524095,0.1206684544371561,0.0138660001386315,0.0765662134001411,-0.218347189331317,0.8462313037909448
0.0,0.0,24.05054956289726,4.0226850987153435,-9.0,67.0,36.0,UZB,1997,Uzbekistan,Lower middle income,Europe & Central Asia,3997132075.0,4436573585.0,0.0470621753751034,0.0082803097050475,-0.3838610691498823,-0.0171716057054931,-0.0356310031339475,-0.1228585375398565,0.0326793264113213
0.0,0.0,24.092650738922362,4.038385503573974,-9.0,67.0,37.0,UZB,1998,Uzbekistan,Lower middle income,Europe & Central Asia,3382144369.0,3425539797.0,0.0430316591792596,0.0068861269231996,-0.3829069678840375,-0.0137147505167677,-0.0245915601607645,-0.1523783698530774,0.0538763749133493
0.0,0.0,24.13475191494895,4.05241874864824,-9.0,67.0,38.0,UZB,1999,Uzbekistan,Lower middle income,Europe & Central Asia,3104709564.0,3149229782.0,0.0414736761285745,0.0139297547687264,-0.4189318841461781,-0.0149466444789755,-0.0375224759846812,-0.1616390479277093,0.0383490626899379
0.0,0.0,24.172384829758496,4.040514814808232,-9.0,67.0,39.0,UZB,2000,Uzbekistan,Lower middle income,Europe & Central Asia,3393714865.0,2668346084.0,0.0336434554249776,0.0040107336636027,-0.3690075319499108,-0.0147956918383834,-0.0385464011632338,-0.1771922044915417,0.0472587493020461
0.0,0.0,24.213179671099866,4.05279782458343,-9.0,67.0,40.0,UZB,2001,Uzbekistan,Lower middle income,Europe & Central Asia,3383383875.0,3089918748.0,0.030402307081844,0.0068320420517858,-0.3405135486722532,-0.0151381960862734,-0.0288725000275073,-0.1866403766602989,0.0539525700159342
0.0,0.0,24.25214543054242,4.0650655715813055,-9.0,67.0,41.0,UZB,2002,Uzbekistan,Lower middle income,Europe & Central Asia,2995507327.0,2715882345.0,0.02633842809474,0.0067198887704354,-0.3370503665576626,-0.0132846687329861,-0.0289989629895095,-0.2095885483929013,0.0604565294384416
0.0,0.0,24.293600447527016,4.077324174894314,-9.0,67.0,42.0,UZB,2003,Uzbekistan,Lower middle income,Europe & Central Asia,3875170383.0,3265492001.0,0.0121810006716193,0.0031670100024718,-0.3014924166357944,-0.0150702185389208,-0.0244549533608837,-0.274700327573011,0.1327949388465319
0.0,0.0,24.365446583558633,4.089674995914088,-9.0,67.0,43.0,UZB,2004,Uzbekistan,Lower middle income,Europe & Central Asia,5027333203.0,4187143838.0,0.0098302750698109,-0.003163945875977,-0.2899840154720771,-0.0049370907561385,-0.0291120987568746,-0.2973931247494824,0.2827136580490328
1.0,0.0,24.43263790038672,4.102192371784377,-9.0,67.0,44.0,UZB,2005,Uzbekistan,Lower middle income,Europe & Central Asia,5409530613.0,4537802577.0,-0.070561689913403,-0.0091482603534986,-0.4484993101323996,-0.032904619925995,-0.0539682604117729,-0.2895186454954316,0.7280113158238668
1.0,0.0,24.504506538671432,4.115084853532116,-9.0,67.0,45.0,UZB,2006,Uzbekistan,Lower middle income,Europe & Central Asia,6328126538.0,5365211006.0,-0.067019183541739,-0.0078453477733189,-0.2280560399320862,-0.0328053322014647,-0.0670513849413038,-0.26048266068727,0.8100758536036681
1.0,0.0,24.59501434463808,4.1287977557154525,-9.0,67.0,46.0,UZB,2007,Uzbekistan,Lower middle income,Europe & Central Asia,8851137335.0,7751706398.0,-0.023876341946649,-0.000257473221592,0.1899639841440326,0.0093514077497325,-0.0453450450376687,-0.2761860567829788,0.665641760460212
1.0,0.0,24.68145953737592,4.14418467674673,-9.0,67.0,47.0,UZB,2008,Uzbekistan,Lower middle income,Europe & Central Asia,12165067486.0,11400016682.0,-0.0222568264176084,-0.0014902223797128,0.2009125935404179,0.0076419795301917,-0.040313980968417,-0.2659513470860791,0.7943859502362999
1.0,0.0,24.75889207222002,4.16027449240099,-9.0,67.0,48.0,UZB,2009,Uzbekistan,Lower middle income,Europe & Central Asia,11677571267.0,11457877212.0,-0.0225836846998619,-0.0019524519273869,0.2319075602560121,0.0080325792227911,-0.0312845384105501,-0.261550743802052,0.7706904200444064
0.0,0.0,24.83211621356041,4.176239435577309,-9.0,67.0,49.0,UZB,2010,Uzbekistan,Lower middle income,Europe & Central Asia,12090928285.0,12428121727.0,0.0023319177051121,-0.0017873732106199,0.2838440585032892,0.0129812765146424,-0.0233271539388003,-0.2423760485471843,0.7234838959393024
0.0,0.0,24.904670707276274,4.191731684596307,-9.0,67.0,50.0,UZB,2011,Uzbekistan,Lower middle income,Europe & Central Asia,14254614639.0,15626794596.0,0.0019922033167452,-0.0016154054043416,0.3498956267592063,0.0173476509398548,-0.0230947228078814,-0.2104167907320647,0.726403401110857
0.0,0.0,24.973286326556956,4.206858287563232,-9.0,67.0,51.0,UZB,2012,Uzbekistan,Lower middle income,Europe & Central Asia,13019734006.0,16849481582.0,0.0019775115056743,-0.0018376995143915,0.3851071434356822,0.0186826999122304,-0.0232039159433722,-0.2006327265528456,0.7097438292192262
0.0,0.0,25.04371264029351,4.222554084804966,-9.0,67.0,52.0,UZB,2013,Uzbekistan,Lower middle income,Europe & Central Asia,13644942280.0,17367231964.0,0.0019633928357133,-0.001824984149521,0.3923431505954068,0.0201916104386938,-0.0231768675946034,-0.1995174472772245,0.7046980687677251
0.0,0.0,25.110191513108354,4.239200123112261,-9.0,67.0,53.0,UZB,2014,Uzbekistan,Lower middle income,Europe & Central Asia,12972030799.0,16420970314.0,0.0019708391954697,-0.0018590296882954,0.3950839037312764,0.020681819476807,-0.0230333626117563,-0.1978991173680415,0.698961621286708
0.0,0.0,25.17989268643843,4.245486570389647,-9.0,67.0,54.0,UZB,2015,Uzbekistan,Lower middle income,Europe & Central Asia,11872252205.0,14638435989.0,0.001878885055363,-0.0078229764142633,0.4677300714563166,0.0163103994026608,-0.0316441443309004,-0.1686872149543912,0.7248136156763075
0.0,0.0,25.23752130282522,4.2627632123012305,-9.0,67.0,55.0,UZB,2016,Uzbekistan,Lower middle income,Europe & Central Asia,10623491739.0,14522253346.0,0.0011259518330666,-0.0185478795053341,0.7123050295198685,0.0088427525597455,-0.0686012557451821,-0.1076702417588617,0.8313372087306509
0.0,0.0,25.280535529126503,4.279714270345681,-9.0,67.0,56.0,UZB,2017,Uzbekistan,Lower middle income,Europe & Central Asia,12880673501.0,16784675095.0,0.0009596427437561,-0.0210189350068142,0.7465712331798091,0.0085215611527833,-0.077075838001866,-0.0996158191850607,0.8417797362452898
0.0,0.0,25.33269693235317,4.296987228298786,-9.0,67.0,57.0,UZB,2018,Uzbekistan,Lower middle income,Europe & Central Asia,14190894258.0,23455563381.0,0.0006717168484427,-0.0293884411099346,0.8890385960496644,0.0127776687269338,-0.0806194808069715,-0.0558771973261122,0.8985541852690345
0.0,0.0,23.897888416321596,3.269731036311429,0.0,68.0,29.0,YEM,1990,Yemen,Low income,Middle East & North Africa,1412103555.0,2081089267.0,0.0279585227654056,0.0006711905711977,-0.5469919009425639,0.0171104253879051,-0.0282609428500455,-0.0250211611695846,-0.3087633465934356
0.0,0.0,23.958922308385954,3.3080391170266634,0.0,68.0,30.0,YEM,1991,Yemen,Low income,Middle East & North Africa,2591910791.0,4435970025.0,0.0439933205435981,0.001984259885773,-0.3971284154054902,0.0362141583582359,-0.025718776152836,-0.0306573326904868,-0.230916803887789
0.0,0.0,24.037803709415293,3.3460653709269517,0.0,68.0,31.0,YEM,1992,Yemen,Low income,Middle East & North Africa,2911541724.0,5376769359.0,0.0470116449333913,0.0029411270549214,-0.3502533920968056,0.0358732401827004,-0.0206560666755602,-0.0420066485654952,-0.1365310437971094
0.0,0.0,24.07704332990774,3.3836708446261734,-2.0,68.0,32.0,YEM,1993,Yemen,Low income,Middle East & North Africa,4331455787.0,8306411324.0,0.0455156816161148,0.0108806277910103,-0.3554256616997508,0.0360722423955212,-0.0224500604085275,-0.0459526351272679,-0.099671106451525
0.0,0.0,24.14209998981057,3.420583045897528,-2.0,68.0,33.0,YEM,1994,Yemen,Low income,Middle East & North Africa,11145349759.0,8178018318.0,0.0457112443278199,0.0131447513237277,-0.3288814763274542,0.0380520841363733,-0.0172222609970974,-0.0473398773335294,-0.053438145480362
0.0,0.0,24.197244884823952,3.456520345000335,-2.0,68.0,34.0,YEM,1995,Yemen,Low income,Middle East & North Africa,5820589262.0,5369135802.0,0.0403694867732385,0.018598935016756,-0.3132367708544764,0.0394440014981303,-0.0321745095596507,-0.0589842119123407,-0.0628223283712036
0.0,0.0,24.24255249018476,3.490183702803991,-2.0,68.0,35.0,YEM,1996,Yemen,Low income,Middle East & North Africa,2501418937.0,3081326093.0,0.0314361221072929,0.0123533264379021,-0.3122369631736587,0.026161215686067,-0.0292846624713041,-0.0911118264631404,-0.02138761160706
0.0,0.0,24.293541302605036,3.522059377341515,-2.0,68.0,36.0,YEM,1997,Yemen,Low income,Middle East & North Africa,2481221964.0,2999400000.0,0.0168427568791824,0.0126627742282574,-0.3054346979347107,0.0094492743374233,-0.0328498171341348,-0.1493367889501655,0.0129977045586439
0.0,0.0,24.35187336531278,3.5535640645413125,-2.0,68.0,37.0,YEM,1998,Yemen,Low income,Middle East & North Africa,1678128720.0,2915690398.0,0.0149196033106902,0.0112389131772681,-0.3089520116359195,0.0043957198504298,-0.034224306326169,-0.1732708666308116,0.0139806568835299
0.0,0.0,24.388933385234942,3.584702017786134,-2.0,68.0,38.0,YEM,1999,Yemen,Low income,Middle East & North Africa,2661491559.0,2839122707.0,0.0146567649455882,0.0160774396256326,-0.3222442561872595,0.0045733077292968,-0.028368358410746,-0.1704658046627221,-0.0026497206973793
0.0,0.0,24.44891700724206,3.615476307089539,-2.0,68.0,39.0,YEM,2000,Yemen,Low income,Middle East & North Africa,4008099080.0,3293865080.0,0.0127822556192631,0.0161576332445979,-0.3255665069139663,0.000789482032664,-0.0187944089739707,-0.170613267119721,0.0055517865699673
0.0,0.0,24.486247915372985,3.645691988289864,-2.0,68.0,40.0,YEM,2001,Yemen,Low income,Middle East & North Africa,3536920742.0,3448100633.0,0.0123352518560769,0.0162698583456724,-0.2620060400845302,0.0008878910952462,-0.0176357751807012,-0.1753172577966428,0.0363069994596073
0.0,0.0,24.52484566053615,3.675354207695401,-2.0,68.0,41.0,YEM,2002,Yemen,Low income,Middle East & North Africa,3956694759.0,4034554609.0,0.0083437135822513,0.0245044147425216,-0.5992532729560471,-0.0004054072050483,-0.018716576262265,-0.179973089916927,0.2257027601285532
0.0,0.0,24.561634555610052,3.704737805618392,-2.0,68.0,42.0,YEM,2003,Yemen,Low income,Middle East & North Africa,4291615936.0,4468821029.0,0.0029149382969764,0.0115187236606645,0.1088232834136665,0.0020573979513263,-0.0393270362933491,-0.1455830475744256,0.116744232429237
0.0,0.0,24.600592699681236,3.7340747119627746,-2.0,68.0,43.0,YEM,2004,Yemen,Low income,Middle East & North Africa,5045391417.0,4918042643.0,0.0021098851702336,0.0071756715283784,0.1327344442089343,0.0020700981643099,-0.041488573686663,-0.1589844825391155,0.2041333210207544
0.0,0.0,24.655002738695046,3.765041388086003,-2.0,68.0,44.0,YEM,2005,Yemen,Low income,Middle East & North Africa,6842678646.0,6002694868.0,0.0022118785943143,0.0010539016557221,0.1691699580995348,0.0038676569119244,-0.0372800988194775,-0.2115635662229226,0.3320637083396068
0.0,0.0,24.686214633611097,3.797547876934215,-2.0,68.0,45.0,YEM,2006,Yemen,Low income,Middle East & North Africa,7865176600.0,7781119959.0,0.0023515006934467,-2.5837666057995423e-05,0.1764279191021042,0.0082927267580086,-0.0380205979913826,-0.2389539536149919,0.4796408899864708
0.0,0.0,24.719053758035,3.82993600399262,-2.0,68.0,46.0,YEM,2007,Yemen,Low income,Middle East & North Africa,7773281008.0,9357357854.0,0.0027152871409977,-0.000507035179508,0.2102501967511627,0.0091400865541976,-0.035422212214511,-0.2744853771330793,0.6352849503297342
0.0,0.0,24.75487996125398,3.862059285080961,-2.0,68.0,47.0,YEM,2008,Yemen,Low income,Middle East & North Africa,10182247997.0,11681401144.0,0.0027760545225726,-0.0018773579550729,0.2263918859055212,0.0114485759209577,-0.0330883908285576,-0.270618255771095,0.7309507153857632
0.0,0.0,24.79281359181589,3.894028635896011,-2.0,68.0,48.0,YEM,2009,Yemen,Low income,Middle East & North Africa,7118191039.0,9988338906.0,0.002852229058712,-0.0018596191498632,0.238066676724927,0.0088486009442233,-0.033590470712179,-0.2679578094237468,0.7348804171568784
0.0,0.0,24.867014410736342,3.9254142750002368,-2.0,68.0,49.0,YEM,2010,Yemen,Low income,Middle East & North Africa,9270503495.0,10629004000.0,0.0027530849060663,-0.0015216307418922,0.306473455141208,0.0063420984887022,-0.0331460871700653,-0.248977241619478,0.7009032524068685
0.0,0.0,24.731024032776354,3.9559117218660775,-2.0,68.0,50.0,YEM,2011,Yemen,Low income,Middle East & North Africa,9929334000.0,10707767722.0,0.0023551192697952,-0.0015135413239867,0.2115913503613855,0.0079381440664391,-0.0337768652896423,-0.2428592409419054,0.8344808208009643
0.0,0.0,24.754672102055917,3.98628901247941,3.0,68.0,51.0,YEM,2012,Yemen,Low income,Middle East & North Africa,8802086894.0,12920749767.0,0.0022791182249839,-0.0018249875802308,0.2146157071805415,0.0086802429936804,-0.0211732774372094,-0.2394926017648727,0.8227845397096066
0.0,0.0,24.80178008135596,4.016745281254255,3.0,68.0,52.0,YEM,2013,Yemen,Low income,Middle East & North Africa,9036683925.0,12186114206.0,0.0020892749851971,-0.0017826306243385,0.2339027576549909,0.0092864779111109,-0.021218731931981,-0.2390759428185464,0.805911176365354
0.0,0.0,24.7998913965849,4.047428519115187,0.0,68.0,53.0,YEM,2014,Yemen,Low income,Middle East & North Africa,9287266913.0,11567517016.0,0.0020952714965818,-0.0017789758604784,0.2392271981573493,0.0086906287990071,-0.0283785593153222,-0.238921916217058,0.8081787344817081
0.0,0.0,24.47146307321604,4.077831106545338,0.0,68.0,54.0,YEM,2015,Yemen,Low income,Middle East & North Africa,3841895933.0,9047502113.0,0.0095678003951861,-0.0072134699785309,-0.1971089688749756,0.0030556078323468,-0.0411621541135936,-0.1878776348016148,0.9113686019045356
0.0,0.0,24.37302163414696,4.107852491140516,0.0,68.0,55.0,YEM,2016,Yemen,Low income,Middle East & North Africa,1506137718.0,8227926016.0,0.0088730270854686,-0.0093005540665208,-0.3168708627376702,-0.0016433718294858,-0.0560964719414126,-0.1601539023532561,0.9376357490378786
0.0,0.0,24.320972310480258,4.137974769858354,0.0,68.0,56.0,YEM,2017,Yemen,Low income,Middle East & North Africa,2600541607.0,8933538625.0,0.0086601389704835,-0.0102840355895656,-0.3050637447126906,-0.0019607196163769,-0.0603088086724428,-0.1673400525617309,0.8725026321134693
0.0,1.0,24.32846861867588,4.167578559451929,0.0,68.0,57.0,YEM,2018,Yemen,Low income,Middle East & North Africa,1891857549.0,10224406925.0,0.0077959162195525,0.0141266271410424,-0.2943300608479239,-0.0018676785682341,-0.0672113934078939,-0.1549321047098553,0.8960607573806398
0.0,1.0,23.106200425534382,2.9015114960853996,4.0,70.0,19.0,ZWE,1980,Zimbabwe,Lower middle income,Sub-Saharan Africa,1561474151.0,1772342262.0,7.462525151571682e-05,-0.0022403627022633,-1.0866717558630858,0.0237046251550902,-0.0296917527432046,0.0301276517834752,-0.380448663389435
0.0,1.0,23.224209434384377,2.9644392618501074,4.0,70.0,20.0,ZWE,1981,Zimbabwe,Lower middle income,Sub-Saharan Africa,1557022080.0,2076439449.0,0.0007033363010004,-0.0025003314502991,-0.8838207677361316,0.0073529125780221,-0.0253268088305719,0.008886631806474,-0.3175514928601296
0.0,1.0,23.250211405461954,3.003392659731583,4.0,70.0,21.0,ZWE,1982,Zimbabwe,Lower middle income,Sub-Saharan Africa,1446131890.0,1898465425.0,0.0005941391930931,-0.0026652534426878,-0.8737143613134766,0.0076241953424908,-0.024935424354967,0.0084188287763344,-0.3124942752026004
0.0,1.0,23.26594011286964,3.0413852633624154,1.0,70.0,22.0,ZWE,1983,Zimbabwe,Lower middle income,Sub-Saharan Africa,1277291527.0,1512740982.0,0.0002711822391604,-0.0025570924868228,-0.8677397185454131,0.0075688849524116,-0.0276478121014378,0.0076016259244776,-0.3153930881995296
0.0,1.0,23.24668226405962,3.076936116541237,1.0,70.0,23.0,ZWE,1984,Zimbabwe,Lower middle income,Sub-Saharan Africa,1306736254.0,1322234363.0,0.0001640372372467,-0.0023043077444344,-0.8872174495258106,0.0074897423122773,-0.02901749214589,0.0071185143783733,-0.3101033498942904
0.0,1.0,23.31382103693131,3.1115243864159723,1.0,70.0,24.0,ZWE,1985,Zimbabwe,Lower middle income,Sub-Saharan Africa,1252436243.0,1241275948.0,0.0002343641710594,-0.00255453939694,-0.8718528932292021,0.0085162222300526,-0.0284908530468511,0.0085671499851989,-0.3123154689304699
0.0,1.0,23.334594067009206,3.1450051816574294,1.0,70.0,25.0,ZWE,1986,Zimbabwe,Lower middle income,Sub-Saharan Africa,1496041260.0,1338752892.0,0.0002487681117651,-0.0025697588296944,-0.8695601478588751,0.0093853777564291,-0.0288549781911319,0.0089396750453416,-0.3068227710845482
0.0,1.0,23.346035732798466,3.178080110835944,-6.0,70.0,26.0,ZWE,1987,Zimbabwe,Lower middle income,Sub-Saharan Africa,1619777305.0,1434918067.0,0.0003281569906123,-0.0024439720591497,-0.8949150227162795,0.0097443276591662,-0.026355574207616,0.008075787477565,-0.2819062739097457
0.0,1.0,23.418843480478206,3.209718762250572,-6.0,70.0,27.0,ZWE,1988,Zimbabwe,Lower middle income,Sub-Saharan Africa,1856204058.0,1591902680.0,0.0008893400177626,-0.0021495846981822,-0.89830422806335,0.0099966302879538,-0.0274802962900484,0.0054195768978493,-0.2621118015271447
0.0,1.0,23.469534374695517,3.238690920714099,-6.0,70.0,28.0,ZWE,1989,Zimbabwe,Lower middle income,Sub-Saharan Africa,1935204474.0,1800729748.0,0.0011511591880474,-0.0024528436014738,-0.8738672295016668,0.0244017246375284,-0.0272433001516336,0.008062343387109,-0.2449721283089629
0.0,1.0,23.53708603545735,3.265938074195103,-6.0,70.0,29.0,ZWE,1990,Zimbabwe,Lower middle income,Sub-Saharan Africa,2009607343.0,2003065404.0,0.010940206303336,-0.0031514100955746,-0.8115977619552672,0.0172029011319131,-0.022151785340697,-0.0015085999374595,-0.2333662915236614
0.0,1.0,23.590928011768295,3.2919870337898933,-6.0,70.0,30.0,ZWE,1991,Zimbabwe,Lower middle income,Sub-Saharan Africa,2065000000.0,2349000000.0,0.0210741361045946,-0.004085342691263,-0.7907466165591669,0.0293798555381439,-0.0219101049181085,-0.0022023900471574,-0.2182604549365334
0.0,1.0,23.496446217934132,3.320214304090519,-6.0,70.0,31.0,ZWE,1992,Zimbabwe,Lower middle income,Sub-Saharan Africa,1839250000.0,2464500000.0,0.0232769294135036,-0.0027248035982418,-0.8038698351771161,0.0342515902344286,-0.0227999442734761,-0.0039099183745655,-0.1103370850065727
0.0,1.0,23.506905910612016,3.334831091616657,-6.0,70.0,32.0,ZWE,1993,Zimbabwe,Lower middle income,Sub-Saharan Africa,2017500000.0,2131000000.0,0.0237296468389182,-0.0031259749047223,-0.7833729524791634,0.0342811831784141,-0.0243334938871488,-0.0058622899479993,-0.0550057587014371
0.0,1.0,23.595239069553646,3.336014521782955,-6.0,70.0,33.0,ZWE,1994,Zimbabwe,Lower middle income,Sub-Saharan Africa,2385500000.0,2517750000.0,0.0245832458080811,-0.0053751850267353,-0.7538579159213605,0.0306868126975279,-0.0246373774280071,-0.0116279965435041,-0.0381210759865852
0.0,0.0,23.596818079104715,3.3453016787377083,-6.0,70.0,34.0,ZWE,1995,Zimbabwe,Lower middle income,Sub-Saharan Africa,2720500000.0,2911500000.0,0.0227865677094365,0.0019682280067996,-0.7679533549630075,0.0306901865005199,-0.0260013566582615,-0.0157710774943577,0.0088448897596538
0.0,0.0,23.695401956030068,3.3619072507395167,-6.0,70.0,35.0,ZWE,1996,Zimbabwe,Lower middle income,Sub-Saharan Africa,3091750000.0,3075500000.0,0.0237693744636165,0.0008436065559201,-0.6971600706657917,0.0276024450917113,-0.0296080998589161,-0.0284644006780521,0.0064686144123229
0.0,0.0,23.721854912752192,3.380681350093651,-6.0,70.0,36.0,ZWE,1997,Zimbabwe,Lower middle income,Sub-Saharan Africa,3208250000.0,3807000000.0,0.0161088469654461,7.184808049135643e-05,-0.6835984544108047,0.0268534589253675,-0.0406932850658703,-0.0384732358768353,0.0554385910323272
0.0,0.0,23.75029864494831,3.400231597109022,-6.0,70.0,37.0,ZWE,1998,Zimbabwe,Lower middle income,Sub-Saharan Africa,2779500000.0,2890000000.0,0.0140964669281768,-0.0003588031030301,-0.6677421858082006,0.0170718383116696,-0.0420923822140768,-0.0525394793888192,0.0395656247390933
0.0,0.0,23.742086809606516,3.4164149413604705,-3.0,70.0,38.0,ZWE,1999,Zimbabwe,Lower middle income,Sub-Saharan Africa,2566750000.0,2299500000.0,0.0139504644109736,-0.0001875381393523,-0.7023864035026522,0.0134695695308793,-0.0530952698302794,-0.0506332471342879,0.0451613029630038
0.0,0.0,23.711017212287018,3.425588787918844,-3.0,70.0,39.0,ZWE,2000,Zimbabwe,Lower middle income,Sub-Saharan Africa,2554250000.0,2403500000.0,0.0099572944990267,-0.0003557838265243,-0.7404959527670828,0.0096856487187013,-0.0554929202236415,-0.0496172626235116,0.0445370371135584
0.0,0.0,23.725310725504713,3.4322805787048805,-4.0,70.0,40.0,ZWE,2001,Zimbabwe,Lower middle income,Sub-Saharan Africa,2370500000.0,2233500000.0,0.0102840597996101,-0.0003103907732838,-0.7373343180230992,0.0093296080778369,-0.0565714805047807,-0.0512602419678062,0.0462533823501078
1.0,0.0,23.63216394393535,3.441902776424923,-4.0,70.0,41.0,ZWE,2002,Zimbabwe,Lower middle income,Sub-Saharan Africa,2020000000.0,2219250000.0,-0.0791961517108922,0.0004829313976237,-0.8604103521440651,0.0543552577677928,-0.0647384260352329,-0.0392978697759868,0.0658047621165067
1.0,0.0,23.445893704601065,3.4538001324872867,-4.0,70.0,42.0,ZWE,2003,Zimbabwe,Lower middle income,Sub-Saharan Africa,1856500000.0,2180750000.0,-0.0210163128179422,8.043880878688941e-05,-0.9507092133244478,0.0556980931074922,-0.0609871451475719,-0.0336651393295541,0.1366746311939029
1.0,0.0,23.386063675522546,3.4646606189517075,-4.0,70.0,43.0,ZWE,2004,Zimbabwe,Lower middle income,Sub-Saharan Africa,2002250000.0,2414500000.0,-0.0150401641241224,-0.0006161678138316,-1.0199785996415562,0.0531963154828042,-0.0620866270673506,-0.0375548369063533,0.2150408455216945
1.0,0.0,23.32725713559135,3.474120583228487,-4.0,70.0,44.0,ZWE,2005,Zimbabwe,Lower middle income,Sub-Saharan Africa,1931750000.0,2447000000.0,-0.0142687200182082,-0.0013683963791695,-1.07599306632356,0.0515500457025309,-0.0621971500752299,-0.0406618099973132,0.2811677129356182
1.0,0.0,23.292028892009842,3.486303357026504,-4.0,70.0,45.0,ZWE,2006,Zimbabwe,Lower middle income,Sub-Saharan Africa,1958500000.0,2552500000.0,-0.0141395947404348,-0.0013260950410523,-1.1065473832148631,0.0428585676360223,-0.0565752023630909,-0.0502362657465531,0.3997550153544249
1.0,0.0,23.254811571609828,3.4994804099883177,-4.0,70.0,46.0,ZWE,2007,Zimbabwe,Lower middle income,Sub-Saharan Africa,2000500000.0,2456000000.0,-0.013658171460708,-0.0018130086966882,-1.1016176719497983,0.0399137963082102,-0.0529300373358514,-0.0628903819744024,0.5433258107290997
1.0,0.0,23.060389744997355,3.5115202832907424,-4.0,70.0,47.0,ZWE,2008,Zimbabwe,Lower middle income,Sub-Saharan Africa,1832000000.0,3006750000.0,-0.0094790621432939,-0.0024497308786901,-1.1647319533389635,0.0191992672942017,-0.0421079432299963,-0.0857227627605668,0.873902845230874
1.0,0.0,23.173893057637567,3.525591577287221,1.0,70.0,48.0,ZWE,2009,Zimbabwe,Lower middle income,Sub-Saharan Africa,1883500000.0,4090750000.0,-0.0129154951664742,-0.0025361911638014,-1.01813215410991,0.0349002162464328,-0.0321667982554802,-0.0594245320770686,0.8810953591531476
1.0,0.0,23.368242496282342,3.5417250093761883,1.0,70.0,49.0,ZWE,2010,Zimbabwe,Lower middle income,Sub-Saharan Africa,3571000000.0,6443500000.0,-0.0158542169555738,-0.0021902802529017,-0.787147325977795,0.0576467693712691,-0.0300737751376151,-0.0377540517025857,1.026914994073745
1.0,0.0,23.504696427592584,3.5594515236180553,1.0,70.0,50.0,ZWE,2011,Zimbabwe,Lower middle income,Sub-Saharan Africa,4910000000.0,7712750000.0,-0.0278429074629377,-0.0015433387577192,-0.6970141491054578,0.0574307052721574,-0.0318224664212912,-0.0542993796449952,1.0940130880879069
1.0,0.0,23.6509146751189,3.57568217021339,1.0,70.0,51.0,ZWE,2012,Zimbabwe,Lower middle income,Sub-Saharan Africa,4308750000.0,8390500000.0,-0.0345728413882308,-0.0027473796622884,-0.633170957336899,0.0551119852583121,-0.0339887905938033,-0.0689858886772973,1.0706690453154295
1.0,0.0,23.682381664210478,3.5897613873768064,4.0,70.0,52.0,ZWE,2013,Zimbabwe,Lower middle income,Sub-Saharan Africa,4199750000.0,7004000000.0,-0.0354204720846499,-0.0024906968255275,-0.6310838027815953,0.0516011726214164,-0.0308611877935118,-0.07054784559803,1.0654547655066158
1.0,0.0,23.69711797565908,3.603478327701966,4.0,70.0,53.0,ZWE,2014,Zimbabwe,Lower middle income,Sub-Saharan Africa,4082500000.0,6581500000.0,-0.0372715453073772,-0.0031561425287622,-0.6128869467346949,0.0511882822398194,-0.0353289872022137,-0.0713928911449683,1.0698920638858966
1.0,0.0,23.71715243879578,3.6168779205138093,4.0,70.0,54.0,ZWE,2015,Zimbabwe,Lower middle income,Sub-Saharan Africa,3827000000.0,7507750000.0,-0.0379572375733413,-0.00316581191811,-0.6057125854697671,0.0500235124140945,-0.0351377050842256,-0.0714751891133244,1.0637079922280894
1.0,0.0,23.726121648846586,3.630759923372604,4.0,70.0,55.0,ZWE,2016,Zimbabwe,Lower middle income,Sub-Saharan Africa,4100250000.0,6430000000.0,-0.0398284723359733,-0.0031467442421997,-0.6047075354996889,0.0482573656964551,-0.0351822967233256,-0.0734921250590558,1.0631606983197388
1.0,0.0,23.76611383266919,3.6451884617545005,4.0,70.0,56.0,ZWE,2017,Zimbabwe,Lower middle income,Sub-Saharan Africa,12584462151.0,15499601594.0,-0.0393412274537051,-0.0064592494856855,-0.4799175503553785,0.0482274872376185,-0.0413144229428729,-0.0600775443036648,1.1050095353455474
1.0,0.0,23.8149979617903,3.660062625536841,4.0,70.0,57.0,ZWE,2018,Zimbabwe,Lower middle income,Sub-Saharan Africa,8932843137.0,9691544118.0,-0.0490885074249064,-0.0092174208605418,-0.4946956284245066,0.0375648423205078,-0.0486587000811853,-0.0651081337062386,1.0805380105689717
