sanction_shap,neighbor_shap,log_rgdp_shap,log_pop_shap,polity2_shap,country_id_shap,year_id_shap
0.007463987237963798,0.006886120133314434,-2.4139717233780438,-0.021675671571195834,0.013817251285698802,-0.08858583125000527,-0.4545370595604388
0.006822403687815227,0.005173867309429275,-2.3833114870676693,-0.013890329436670451,0.016605737781149862,-0.08333384869016594,-0.4314334515489052
0.005914736965694525,0.004089612317257417,-2.3140995004112304,-0.012530368511617037,0.013610361341411227,-0.09158102744058046,-0.4008020964234423
0.006132895220141387,0.00391814755931419,-2.2967408326239713,-0.014653954654586372,0.01400010820094786,-0.0862914925354591,-0.40288873518902607
0.006307476611240464,0.004023396359625466,-2.298323398119951,-0.023536986716377533,0.01252659243788608,-0.09633724247728051,-0.35575504164710575
0.006535079455279834,0.003500905549659635,-2.2534884151879426,-0.051064291815353706,0.008667804679174504,-0.09749544508182398,-0.3207225955719259
0.00634934643605713,0.003820894839183577,-2.206597663549219,-0.06361095775793586,0.007242433215420985,-0.09654934779619209,-0.3303586790768047
0.0076935800910940665,0.002953736904985998,-2.1954967734733146,-0.07542445288518124,0.0057759987764001664,-0.1015484472296532,-0.26935237147450847
0.007840564794305989,0.001872311095317535,-2.251541375862591,-0.1203711754348493,0.0070730755584472406,-0.10484715306462189,-0.20763580452054925
0.008149040096792329,0.0018096129549435701,-2.2470532291427374,-0.12779736899494237,0.00803300344377217,-0.09887237441592833,-0.20883041785901446
0.00831489400402429,0.0008122846411028358,-2.295869738936909,-0.1479840617741928,-0.02021893963525101,-0.11820769736910261,-0.2145468678510143
0.009143601092595122,-0.0014259096642954708,-2.7705164033195704,-0.22708845931390018,-0.06260959273012688,-0.2240967926630214,-0.169683863354091
0.009434056987313916,-0.007113384797226861,-2.8882578457264527,-0.190451703114379,-0.049379809118247,-0.2550824712081835,-0.10221454874388242
0.009393925408804417,-0.0016721566683966305,-2.6119162113626535,-0.1836807908780211,-0.024649276911133472,-0.20992527159541613,0.08254370570663196
0.009277625866682104,-0.00014983023138036687,-2.5297722392386928,-0.18864379274707557,-0.02222463611202772,-0.17952132492011247,0.1318383724580045
0.008443772666407329,-0.0010193295903104251,-2.3931285797184443,-0.19116758948996376,-0.024621304850865312,-0.14194829093229844,0.11057684966763129
0.007053487002711997,-0.0013680086189372111,-2.3355785780163654,-0.18706512749321533,-0.015387672108959636,-0.12946793951536756,0.09944401452773169
0.0056089337791406105,-0.0032148660465376585,-2.4840032522000524,-0.214088199038189,-0.025045841866931297,-0.15807748898251017,0.20303445355764602
0.005140388176527114,-0.0036536796161202234,-2.3968826257341656,-0.19340885430565063,-0.027999426781184424,-0.14102435102668998,0.19463437462904828
0.004515368613490008,-0.0034277829521421332,-2.284804338500196,-0.16493471306683277,-0.027121405385302916,-0.10525414661337659,0.21961534939268185
0.004061922727471702,-0.0029631287538009338,-2.1583210866037277,-0.0524568025808997,-0.026660501629090325,-0.08236473823449247,0.3072095014235349
0.003673051440682127,-0.005340219205009787,-1.971583382107108,-0.06077782451595677,-0.020184750292797433,-0.08674720882547471,0.40706478196815754
0.003885052107221943,-0.008113959671010747,-1.7955922785758782,-0.12306442146205117,-0.024007704671756447,-0.05414177404000011,0.39336586852334815
0.003336847057249325,-0.009061132293285585,-1.6935673390390384,-0.16760152825069158,-0.028448862308094874,-0.03702285862384269,0.4338979820168036
0.003143908177395196,-0.009967854264477001,-1.696671023206504,-0.21180521482774392,-0.028115796583139677,-0.031950828959387396,0.5230407782493343
0.00253690619323574,-0.012183779796073171,-1.709072689388447,-0.25795302266748527,0.02402026917509811,-0.023242339617050117,0.6467847269827219
0.0024916813720402492,-0.01203766897701605,-1.6123455711008696,-0.16069451614628583,0.032633515153177216,-0.0067208634126256234,0.7732309532758586
0.0024310063351160984,-0.017779785438566557,-1.6249320050739757,-0.18299089925887302,0.031267854773166015,-0.0005713147735952234,0.8268689800969198
0.0022059760498966104,-0.007847939280507721,-1.4770954090103798,-0.03280529031809924,0.017964275465546447,-0.0005057921532088508,0.9251022352855933
0.0021506261523134545,-0.005163313675569008,-1.3925869938468485,0.0314308509210516,0.007016317726585041,0.0004956864329215481,0.9563305854081671
0.00240256852495069,-0.004422947884226681,-1.3164677169870602,0.018294653490706123,0.0044208117052964456,-0.0019176131385047284,1.0055419708206317
0.002654118882541264,-0.004119131400274681,-1.2711133716092355,0.025652803685772062,0.0027479778274602253,-0.0033403128602519545,1.015063118036274
0.0028565153917944927,-0.00407553530425699,-1.2436452415449215,0.027102271571872737,0.002686038109388477,-0.0029723757581839143,0.9875303678712918
0.0029427336467989715,0.006866870083754166,-1.2392721288465365,0.021857221421054368,0.004386612537628975,-0.003996426695206465,0.9775024990831122
0.003951952406048082,0.006336428945047266,-1.2036607358787041,0.021141491195858883,0.005002113224295037,-0.0038989105225394,0.9486423282977151
-0.04173094330838237,0.005645338586114391,-1.1851111983463565,0.014163156138248907,0.00888697856192452,-0.0030036924085955147,1.003240346819309
-0.04635092560926614,0.005337788660203293,-1.0873485516394097,0.01793896577945145,0.01439627889766268,0.008503021234480731,1.034406363304551
-0.056330165041569846,0.0052104043188396666,-1.0150791404093555,0.017973640515133144,0.018541520277074067,0.013819292800810085,1.0590769030443854
-0.056412476554402374,0.005001438106489491,-0.9805710345419585,0.04530499291154201,0.01867107774403565,0.016742144759082467,1.0777997953065088
0.009223154592666333,-0.0019332320050050424,-0.4653168346527196,0.03379880825611509,0.08314090619855773,0.030253772811787955,-1.8327622307721805
0.01348146606339934,-0.005341202254843957,-0.17095809191242875,0.050976345393304104,0.07815736973376301,0.030504551691774365,-1.9262087464627005
0.013767489836980477,-0.005124517403755872,-0.12728342210241214,0.051939001353116576,0.0653667225133334,0.026933983983188598,-1.9499144450498997
0.01235803418676702,-0.004721989075954615,-0.11650635158393195,0.05022581347999563,0.0690946117763208,0.024447702175886706,-1.9620057558334691
0.01213535853984115,-0.005107947730241596,-0.13226977398010578,0.049662106834121734,0.07381492449757704,0.023167707146693577,-1.9263570659323521
0.01105018872984781,-0.004350524539355341,-0.09142554082169553,0.05174477567642938,0.06797598636260412,0.02324152460877335,-1.9604534832339677
0.00996022080126125,-0.004499768945662671,0.01744393536565902,0.05564930544298704,0.035678389869590696,0.022344778297983474,-1.8933371610551812
0.008492920470078014,-0.0044538815850241765,0.04979114435339605,0.05667101271727702,0.025118184111169468,0.02263512685876848,-1.8550452556421662
0.007799695769704844,-0.0041049060726207325,0.06255662633717118,0.05692743179230046,0.010469901460155933,0.023245951416073656,-1.765377178613653
0.0087368618930356,-0.0033612116355089005,-0.053337682855316294,0.06321196175625597,0.025892693118131433,0.02148122638249029,-1.6982953050938085
0.012993610318729348,-0.0026313184809851433,0.08489508867018017,0.06375281269902942,0.0022159385360109116,0.020889764935186534,-1.4778671445170262
0.003833774438499018,-0.002186246807738459,0.07659586704077326,0.08416943248088152,0.020248526744803035,0.016169827505969875,-1.083925047709475
0.004099946975575867,0.0018910190215769176,0.2504067546470646,0.10743870496176938,0.04117733115590948,0.00041751085958528897,-0.7632160707522593
0.011875038382740073,0.004114525383384925,-1.1684267332340181,0.07950978507465127,0.007529814631248874,0.012616028039833945,-1.1783327222716264
0.002445802984180487,0.00863669609152076,0.6875845889812263,0.11791412947809234,0.016026739759704763,-0.008872791622541083,-0.6661645815821827
0.0023914007287037394,0.012280446148933677,0.7005689937775899,0.11031583904687048,0.01925006838401797,-0.012429843096231036,-0.5816641667118599
0.0021896063485738085,0.013773459896002845,0.7658394569351832,0.10320094176472996,0.01868777441756929,-0.017211066160679953,-0.5476899789044337
0.00289131034530832,0.0243716030807615,0.8352035742974095,0.1174904504710128,0.02703333740294821,-0.018463108716164415,-0.39709903444925726
0.0028134261822049807,0.029268941743928557,0.8541936965355958,0.1363349554565484,0.0276852786181611,-0.015075563604270302,-0.3014395885361919
0.0025487298181331645,0.02757482392126849,0.8414567343491232,0.12814021168379708,0.026282388714895348,-0.018848595081105445,-0.2739954369606173
0.0025005099801502016,0.026212387308711935,0.8609344812673662,0.12294123736268289,0.02301354795862983,-0.020224625691756044,-0.2937535293473777
0.0023797962817902712,0.026219585169938345,0.877515591517807,0.1236907161469989,0.02232156182825257,-0.01835185718259678,-0.30450256380488966
0.002356400484232317,0.02721881423313434,0.889588963388752,0.11182431434971335,0.018239049932988704,-0.01688014499264072,-0.30145367583653726
0.0018176564533626785,0.026713021409788068,0.8998572123787165,0.10992101942433917,0.013106002071259384,-0.015052423919854015,-0.32096142728359195
0.001781504923366662,0.024553199805338988,0.8824064911945996,0.10231602906843136,0.004796212463837742,-0.01661192676181583,-0.3309777967728698
0.001821747033362671,0.0232771070332669,0.8720699889220906,0.09284769492285584,-0.003417376675303194,-0.01782205254814055,-0.2873650575150611
0.0022255900663589504,0.019886629075750076,0.8597606861541793,0.08436064655851236,-0.008426558599258878,-0.02607808662215628,-0.2217116634147861
0.0019155855799656272,0.019419286903646416,0.9357869253140865,0.08127397029007265,-0.043366564815665504,-0.023463296994786133,-0.20182303637240628
0.002315363207100738,0.01987202439589536,0.9784858628580104,0.08050722815995785,-0.04408676888329233,-0.028556021711092307,-0.12723159895499891
0.003068886511791135,0.017790968475547925,0.9931673994060262,0.0779229791239691,-0.045260963121142764,-0.03145779815516126,-0.09102232543058136
-0.03498409178637255,0.01285203489867294,1.056990714313449,0.09746688762433613,-0.04170309113674676,-0.03544622352959473,-0.043993641552944183
-0.03526942364862948,0.012043787763217826,1.0399475447780122,0.09307372223466764,-0.04272244789094861,-0.03924114003028198,0.011126825884467232
-0.03471247515032404,0.012118189459114515,1.0411810017226477,0.09199065191541962,-0.04394073346882197,-0.04169216871930598,0.05890042111861351
0.0013827230782229088,0.010185823346747488,0.9964834620222672,0.07039364924964,-0.043216197713605825,-0.039698154724328916,0.13499466947232805
0.00037879077527256554,0.008728299066905757,0.9883694809462503,0.06828444124757167,-0.044223768632310506,-0.03744011388158437,0.1655115411181877
-0.0009099172672505785,0.0065936929261791654,0.9523847820146397,0.06667136334233063,-0.04589613462475736,-0.03603375459662886,0.21086402181063388
-0.0008825197222145169,0.005807970726550292,0.9752583245930734,0.06222944496114015,-0.04741645219362138,-0.03560754168580013,0.20818541118879394
-0.0014204390341391823,-0.006408024593142312,0.9913011940471939,0.06383573000738137,-0.050842039909715905,-0.03782546001956165,0.24450217276959957
-0.0005868401548606149,-0.005964243182557197,1.0656595834599814,0.06779872883652581,-0.06648917520328602,-0.029458394388226745,0.2798293874401379
-0.00037571609290493375,-0.005577249100049243,1.084142093002648,0.06717524398903688,-0.06925385566499155,-0.027835054661938707,0.3025428486137974
-0.0002487935662487281,-0.006069668597607536,1.1327277518463161,0.06643726123320925,-0.07808752917327239,-0.02409289356318026,0.29563965421387933
-0.0014362078664736004,-0.006145453168966925,1.1567805678792669,0.06065950027559886,-0.08657629257634661,-0.021914439007729988,0.36057512813203035
-0.002243228581923536,-0.007241882722788688,1.243754338446669,0.0655663724355832,-0.07883673980014475,-0.02225811186031845,0.5566201757509266
-0.0019281592668463252,-0.004818487299884508,1.3438528888432721,0.07047534789268309,-0.06628707794892005,-0.010575977015451453,0.7603056164837879
-0.0019228941527146572,-0.0038683009201365376,1.3612225430058562,0.06870450707761902,-0.06377205789392369,-0.007039556544891001,0.8440394149230946
-0.001987649530318129,-0.004039651216034984,1.4007126169787778,0.06458519783429684,-0.059517300825039116,-0.007060441098255257,0.9639267047763944
-0.00184671887954711,-0.00523248585037275,1.4402944210571222,0.06675052251194277,-0.049491423225123524,-0.008237971386050634,1.0537035928077632
-0.0018410715805240346,-0.005267745034214862,1.4304531258413948,0.06538502772367269,-0.049416177640711836,-0.00871960220517764,1.0653463799312923
-0.0013483191304585306,-0.005318053865685394,1.4279222176465494,0.06527875411607924,-0.048624069135219605,-0.010111652107570564,1.0912709688468225
-0.0012344016636855078,-0.005866645041317846,1.444911982148159,0.06405426442142362,-0.0486540719700715,-0.01362778382082618,1.0830661535611747
-0.0011340524965918,-0.005755910494619094,1.4638564243393328,0.06402271121500616,-0.05039539185024759,-0.01778190901250791,1.0686903286107297
-0.0008262924914550315,-0.005704986830891182,1.4685159263929914,0.06334696729323783,-0.05054666263986799,-0.01929645971108639,1.064038690667406
-0.0009715440160299294,-0.005687729665315622,1.4798619737173395,0.06042064290487634,-0.05587525621494111,-0.024647417472067005,1.0514936993710995
-0.0014509629722532374,-0.005757426130875609,1.4631472036913138,0.05336020799788991,-0.06989039898295958,-0.03109564613407985,1.0210550837097419
-0.0015769900469511063,-0.005736779092880681,1.461128030913898,0.051076207936053185,-0.07652602633999121,-0.034270713433251554,1.0019577907912989
-0.0015821897625246516,-0.005515426730901646,1.4635461024013856,0.04966845997307893,-0.08242828779982081,-0.03591947926526578,0.9922350900263448
-0.0016164042884771713,-0.005104613533507422,1.4641018901222491,0.049348805954555104,-0.08349561847758286,-0.03636232195827845,0.9875212450313717
-0.06879769312712812,-0.0026059754804422914,-0.017105366303099105,0.12326440001065293,-0.03482008014890956,0.028203621069408748,0.3648031582254929
-0.05177082037169998,-0.011148825855724772,0.02582965714857662,0.09525971757646569,-0.03412484110368352,0.042865379394205136,0.48837241315688135
0.003385604554231706,0.0063879036855502835,0.07749367160294493,0.07285043157213768,-0.02920679806904568,0.04744707570437238,0.5956692014048052
0.0057663363070624505,0.011570949964777706,0.6059983812460651,0.08236200289898232,-0.026291789143611504,0.17766691340434396,0.751983535297672
0.0007784067794597966,0.001860444143092735,0.7501080886444929,0.08766526738787035,-0.02801237914181078,0.23583793752341678,0.8315276806322116
-0.00017866574652218884,0.00206289108728577,0.8611467692667473,0.08895250512457889,-0.02666615956034008,0.29291820381820605,0.9060445999297165
-0.00017033270024058598,0.00208118893236519,0.9187405493006978,0.09265475020910068,-0.020804740054484502,0.24190237491427952,0.9507886018077248
-0.00016480401784554763,0.002102694678401507,0.910519516923949,0.09233396390860744,-0.019995918349128637,0.23154862395270864,0.9596815976884374
-0.00012608547902110025,0.002214845209650184,0.9155453413457799,0.09117752298470617,-0.018533542445332632,0.2022522456603821,0.9821888407289407
-0.00011992168376617585,0.0022273578307644907,0.9148442851398286,0.0928867687082301,-0.018466868865325333,0.19846592418501272,0.9922871777947906
-0.000358702314402365,0.001817712398692326,0.9725321061062984,0.09073816791622771,-0.016106226753708992,0.12243499519102549,1.0277272234539392
-0.00042936777039931877,0.001824335836597362,0.9776563551001494,0.0882734271319609,-0.016873156714879305,0.09793864995950073,1.0298800361975182
-0.0007865851597284734,0.0016066115264564535,0.9773201114903871,0.07977692402568587,-0.01739502285561813,0.059186484136271,1.0311578510415358
-0.0007623542257932989,0.0016684883981806608,0.9396548552586654,0.05178188296200687,-0.018396640666313083,0.028083822232615473,0.9987948161706348
-0.0009633895983541251,0.001659625117752707,0.9031759846289655,0.04841818390880131,-0.018394533758485872,0.03166431043974694,0.974557144291349
-0.0009460458431248081,0.0018369532001604213,0.9026930890874845,0.051827565282001435,-0.01865979060536895,0.03219178785152185,0.9770127391705836
-0.0009518457755788118,0.0019177650112456412,0.9227950031014266,0.053150501131825977,-0.01890238204658125,0.04584873946504364,0.986752516158402
-0.0012762850692438852,0.0007272228307290573,1.1628360286235653,-0.01247273061872203,-0.03695733100381086,-0.10204643116173893,-2.3153622535653167
-0.0010790840199135406,0.0005260692607258285,1.1498237033534964,-0.01412515680944593,-0.03888464714655829,-0.10199332354684522,-2.3214718737993874
-9.96961556844583e-05,0.0007726244717367847,1.1937542929140783,0.001955449813452271,-0.039198832060177886,-0.09450321386722023,-2.2110657622733147
0.0002440194285814933,0.000895800487795417,1.2403856253956027,0.0011880933225983375,-0.03918104746256677,-0.09171195284309573,-2.2033807973977355
0.00018202961015129535,0.0004319860060581828,1.3061573581348491,0.004154423202736153,-0.041212985262491945,-0.08831811728331192,-2.188227917123389
0.0005892852652864234,0.0010411632955180737,1.2651611173166435,0.008265786903966208,-0.019606918709691015,-0.0887579505266602,-2.140354098133901
0.0006286719261274349,0.0010941740196538604,1.2799161793245646,0.005741045341522586,-0.02029287585235639,-0.08822889966604812,-2.1493604992209576
0.0007190782769096913,0.001084501746820355,1.2824696319838635,0.004693055417965887,-0.020271048130632005,-0.08875258825070897,-2.144822618690686
2.237902199017737e-05,0.0010147420710359702,1.2811381555934651,0.005559565114018162,-0.022017789182509778,-0.09118641330438558,-2.124835161602876
0.0009049735978877381,-0.000957560943759129,1.277855927600996,0.009930941940794528,-0.029759750927327733,-0.10906240220364645,-2.0079156541779697
0.0010113586972663024,-0.0013963575055537727,1.3027111719653186,0.016481197909996546,-0.03299926199145301,-0.12110948550774435,-1.909401088042867
0.0004960506170584393,-0.0008697588310443174,1.3281503338341827,0.02454726858863018,-0.03628547277601112,-0.13099867586076505,-1.7548405089741443
-0.0008080738219285091,0.00804412884271153,1.4489746961249097,0.03459735650425078,-0.10000801402310379,-0.14760277672407493,-1.3349851316091885
7.045142708124756e-05,-0.02247058529768391,1.422247990012265,0.015776222047912188,-0.11714307008750457,-0.16083485265214342,-1.1628671340094947
-0.0005390520371423861,-0.023423444299800155,1.3988960116152906,0.002375182097806645,-0.11941445726553974,-0.19092239131513677,-1.1321127393438546
0.0028275893379933565,-0.028165421299095432,1.4323691417169429,0.003620615643538242,-0.022818997476544943,-0.21279482263803406,-0.9566692878957148
-0.017266279725937278,-0.034295722809459,1.4377700992938405,0.023116558405291334,-0.04111235455486781,-0.2137461189111519,-0.9068983397856487
-0.01780709514128464,-0.03501545420484972,1.4253498546550065,0.018046359320364445,-0.040916589724170255,-0.22617942015064554,-0.8658572528688129
-0.025179425421559522,-0.05738219591431805,1.4317480193208005,0.01777334967451266,-0.04962912212190419,-0.26996786373827775,-0.7724001557794826
-0.03575549205145435,-0.06046538171811474,1.4464169291808944,0.016509234871475455,-0.06103148329218883,-0.29190060774662824,-0.6754498189774768
-0.034883960103105016,-0.03921803109986467,1.566159621556061,0.021263198645884187,-0.0715177935495471,-0.2996302624587024,-0.5183202343140141
-0.03316505645357818,0.012728420137300933,1.6095901291305126,0.043723201327418186,-0.06607059953157449,-0.2592422118533117,-0.4471124452911335
-0.03147143767441191,0.011205727580624488,1.6077357904137914,0.050489313786433856,-0.07416565499380229,-0.26084990997796265,-0.46513387143318113
-0.03414429516644024,0.01141175193471813,1.6145125620553078,0.050245321491474176,-0.073002277787235,-0.25949560722360143,-0.4489064485814338
-0.03102428282159101,0.01123434820566591,1.5985843643123563,0.0514866704794506,-0.07090396810985047,-0.25915557414892937,-0.43297680448118014
-0.03335602395751266,0.01118458459883816,1.6221750789762661,0.05374543207191038,-0.07235846854534844,-0.2607733966829885,-0.4239945237162454
-0.03680845891302479,0.00868209986780562,1.658522108839853,0.05067582152774136,-0.07693318658155944,-0.2828286720146156,-0.4143893607237073
-0.03277354545377746,0.009144789146946563,1.6750629618589403,0.05660910815966735,-0.08317566841383711,-0.26646523080810536,-0.3420823802351732
-0.03124041662603729,-0.03053391647602747,1.6095358830913955,0.06686242958143836,-0.08866054778699511,-0.2379781100471101,-0.3027472795068761
0.005759316634470945,0.01018352655125548,1.611420054252454,0.03934012717323743,-0.07621564339761204,-0.22021936765789568,-0.21634239624585208
0.006285545825024328,0.010785199481019692,1.64657040222651,0.04052258666281888,-0.08151643229881346,-0.2280029852216548,-0.19301115722563447
0.009826512471859141,0.005777554288984818,1.8445338726899434,0.021339832870763128,-0.09313260715861582,-0.2448309196559076,-0.15720047543366303
0.007102627170953682,0.003590458688074776,2.0158544896003643,-0.004809217707268935,-0.09117054484312614,-0.2837438686944748,-0.1277920090719282
0.006645911032305434,0.004281875299670241,2.1439004728397144,-0.021451175167854473,-0.0808710577086473,-0.30228161175885343,-0.08861552186791255
0.0053822652175302375,0.0033345579721008327,2.1032645319762655,0.004393581961843649,-0.07618267953737272,-0.2757876219748402,-0.003453484119802552
0.005493264122359805,0.0032712273606070852,2.15755054337914,-0.001407186567121165,-0.07441156319222891,-0.27055882450323937,0.03762196277585866
0.004984978036158127,0.002332533726701375,2.1408640167000805,-0.004763690755952962,-0.07477985132627488,-0.2680540447887099,0.09398923516879526
0.004702010133697619,0.0022133996317794578,2.147925738674237,-0.00761163586538564,-0.07313218601784405,-0.2649483164397795,0.11563144471982612
0.004473495589821114,0.0011299784821863883,2.106407735351853,-0.007766145526860722,-0.06215901300252927,-0.25821001650878284,0.13567478953549303
0.004097217927535299,0.0006214719625097534,2.0817256745235033,-0.008614312585662327,-0.06329525881779222,-0.26363425578619115,0.17370747462560457
0.004052324551382052,5.7586917986476196e-05,2.062210401875049,-0.008510348669888021,-0.0644235013732333,-0.264542208787104,0.20182109893397568
0.002698925246161858,-0.00014987497715306003,1.8960239369844687,0.0038597311283848634,-0.0830579887748853,-0.25150877486050816,0.23240345832006984
0.0035792147133116904,-0.0013718343721246802,2.0411648266395077,0.0014031743387525406,-0.07684266922258068,-0.26483602027635245,0.312779410511366
0.003076605031210794,-0.0016214309210414758,2.1259889573427166,0.011614293635098614,-0.09372840671782418,-0.266669664988949,0.5088165770603096
0.0036576977410158087,-0.0013141477503121647,2.2537677734616945,-0.0005716193465465566,-0.07929651016021452,-0.2837305359528179,0.6681643152657383
0.003565514054835208,-0.001392921067961557,2.285334649492278,0.00021210942466637638,-0.07829553874937864,-0.28368170707239343,0.7303168016715121
0.003688753287931164,-0.0014344573774703277,2.302398392288894,-0.003439688839899939,-0.07656452067302044,-0.2674628687580704,0.8077495722608353
0.003716768853226389,-0.001296500783814493,2.290223603731115,0.0034956814632140744,-0.07727946937165062,-0.25604690677726755,0.8526575617954663
0.003746269189724123,-0.0012754754899651024,2.258275258905866,0.003422722178942332,-0.0773880900091525,-0.2696395609306909,0.851942288114559
0.00353296641560962,-0.0012516869453875732,2.267845766659363,0.004684241786408962,-0.07770504894982691,-0.26317260698216305,0.8837429140609488
0.0035152363268738974,0.001620305833481453,2.2537444114362266,0.00428744517061882,-0.07766664792164356,-0.2633208564665207,0.9016641451357523
0.0035219880575843732,0.0016898800062180707,2.2494948821645346,0.004505845157969817,-0.07847680314791171,-0.26413213103673816,0.904422891420613
0.0033936940540969553,0.0014216289125193182,2.298799826791975,-0.0077559555876398345,-0.07358166894463482,-0.26688548223917863,0.9235001135189355
0.0035512040466183174,0.0017784022474891317,2.240796761851313,0.0016195828654060284,-0.07924890636056926,-0.26903131472945885,0.9001775597752678
0.002691921518268189,0.0013623530992967325,2.2607021443773436,-0.010745011320810436,-0.04885095257531036,-0.2709351125065008,0.9174276936937075
0.0028249969070810546,0.001738088357597616,2.210745560405025,0.00018975909489899853,-0.05375366018681268,-0.2698482736860186,0.8971674875729743
0.003051224235629606,0.001231820275310702,2.271832330179107,-0.00982480726782686,-0.05092434137598913,-0.2690034905457448,0.9236462809478143
0.003193314307887135,0.0015041951057867776,2.219049413466313,0.0005734195683118618,-0.06331764951435505,-0.27796510229484805,0.9086839896238805
0.009467575168672327,0.004367622516395223,-2.5695185317910196,-0.10696384934125022,-0.0002314210293230429,-0.048171196584614606,0.07607719055357971
0.009376443971984323,0.006256651991491523,-2.5257650210034908,-0.0880602296374902,0.017782949893324164,-0.05260653582106363,0.20265280954284798
0.009301417231851338,0.003575001691549855,-2.5207913266575432,-0.08769749616158996,0.01720300474131322,-0.06578062075930931,0.2390876586479047
0.008295093533598098,-0.0009665582902086355,-2.575082537385652,-0.09423914575871091,-0.01702087786900923,-0.08159065830178862,0.24822639466079252
0.007425101508572734,-0.004571216789266767,-2.595145800435029,-0.10936201554596135,-0.03329690377868099,-0.07211701684761428,0.28652319599963
0.005747785913058961,-0.003179987302934496,-2.633533227271177,-0.1131086939457442,-0.03418353874504123,-0.07783684082424953,0.3291506984141344
0.0051425125121370005,-0.006637446598110039,-2.528496556190656,-0.06552319153983299,-0.02106213423947055,-0.09032019400874473,0.3868277758138799
0.004511010525656392,-0.005543603078868323,-2.543999163946677,-0.05651057786549378,-0.021646367791999098,-0.08902544300919076,0.4103165825176388
0.0036045887113152985,-0.002854026644757508,-2.53060774281711,-0.10724247532682882,-0.018193082586270233,-0.09365614435907174,0.41828794496775834
0.003132150655957347,-0.0038083253301520455,-2.3525974762719675,-0.06406731511269528,-0.015842096829947108,-0.11160326653295137,0.5432061212974308
0.002932453329168844,-0.0013749129806907576,-2.2422360380600925,-0.04123424260452678,-0.01747458824684211,-0.10265763963804068,0.4938633675756658
0.0020587870272175774,0.00015575430855777457,-2.134844676478852,-0.04123120093827218,-0.022364590003370773,-0.08432791377225164,0.5414155888322563
0.0022198383826425166,0.0031472199426507133,-2.072390791785961,-0.06248681372773807,-0.023152133468999397,-0.07296313044847877,0.6367285767055952
0.002963306211759702,0.011571303212048422,-1.7699277820975738,-0.1965332642927957,-0.028536392710438983,-0.03163150159280855,0.6631635368845248
0.003106338745840768,0.013171955850361076,-1.666426538347221,-0.2382321620815809,-0.03057755449297146,-0.021189069576511003,0.714865411680643
0.0031010025343904206,0.01376663475463442,-1.5923570441470114,-0.2017990592925157,-0.032924124620510795,-0.011539838884188454,0.7955726795407889
0.002849950478808387,0.018667287776372155,-1.557184835935253,-0.22276941838447584,-0.03087724543544737,-0.013538563580752462,0.8279273283223731
0.002842917582935439,0.01173122383185005,-1.607153828371464,-0.1792203979971535,-0.03811426693379491,-0.012628360440099755,0.8894130589896271
0.002903825150087489,0.0054042311850537456,-1.4786529949935352,0.009454131544287784,-0.042750386497497926,-0.003254562612366795,0.997121804704963
0.002864609570763562,0.0054503371769320415,-1.4646018825106297,0.006799968863086877,-0.04316704048725507,-0.005106903366904748,0.9999071176207284
0.0028714313381321037,0.005865602253454647,-1.396710382374095,0.020506993503385258,-0.04338874168072811,-0.004078018630101677,0.9996889112675397
0.0029224878557426543,0.005829781306655329,-1.3856233191252416,0.022385669508578128,-0.04318692454307804,-0.002925587636141406,1.0015204440460626
-0.028254525027648535,0.0068839765286889485,-1.3065819789509614,0.01644048163382219,-0.04288398860840512,0.0010219720180682044,1.0213421668854679
-0.029758635921010603,0.006624367192366356,-1.252171713486761,0.020430520540826082,-0.042924151474544724,-0.0016533285473568542,1.030026138127253
-0.02971845529412313,0.0066048774220905555,-1.2404190632575138,0.020009142490714525,-0.04290715692130883,-0.0018901938428392542,1.034671649771973
-0.04499275888371623,0.003142120791996734,-1.1064858231963275,0.046703569129324614,-0.042574184570790964,0.0043722101022567045,1.0118025468463272
-0.04961163124773721,0.003138525266955402,-0.959254584064397,0.06253831861283765,-0.035784876846624084,0.024835457130090048,1.074051581154346
0.0434621245077764,-0.006489273341092129,-0.8530953964767836,-0.035027111406573726,-0.013559005901115454,-0.10187779021781235,-0.26508416547717173
0.0331495256536955,-0.00368731465013367,-1.0490301390883998,-0.027319027991604395,-0.030634745095321648,-0.06065800038562806,-0.2764919962129527
0.010454840865558526,0.013681454178054506,-1.6723597728996669,-0.08468717540307125,-0.03963818460171759,-0.06989660282983928,-0.42141245979531566
0.009317941279972283,0.01678169811165575,-1.6503645977991035,-0.03918244463791446,-0.024510105091102196,-0.0551263442000232,-0.2403769867045154
0.007803171325639345,0.01558460239600091,-1.6219884431670921,-0.030333375969883957,-0.02120678151963826,-0.04769611214739829,-0.14804220490575232
0.0058375947351681995,0.00920605587736007,-1.5104366040449557,0.003391838426981192,-0.01998529753673128,-0.04100539052410307,0.036118823170641724
0.004576094208718598,0.011264373789851448,-1.4147055363218475,0.02189888114482202,-0.018854748646330976,-0.03323097177116069,0.05930092279953974
0.004436199677579056,0.007407805869949218,-1.2986613826790963,0.033496652230422745,-0.020937011943507677,-0.0261084948215577,0.09991064455254701
0.005734817160422522,0.001436723927061441,-1.0211390352271903,0.06763038310374522,-0.021444385859408676,-0.006776985408233949,0.1763343984646851
0.008452642003879471,0.0011776559096211034,-0.9559518884607641,0.06280823880370846,-0.013151006036561266,-0.008840342882837238,0.19436163517328411
0.00943527588744709,0.001595444011781993,-0.9576879451459938,0.06264585969256531,-0.013322707421625172,-0.009494101413614259,0.21362525333051915
0.0078011104170384905,0.002640497642516526,-0.934057865568051,0.0675646509564818,-0.012743148951755833,-0.0027056128901601245,0.2742695913139961
0.008496230053621502,0.0026758957277747,-0.9458793087958142,0.07392232261814213,-0.013711325922947604,9.418123331222785e-05,0.35111139704331873
0.009920532416332914,0.03572813710898398,-0.28656638007752583,-0.012769213474872334,0.0006835582939198703,0.008392822331330062,0.7081104034632585
0.009586932006585393,0.02585142246036143,-0.07081921298015945,-0.010774818249834433,0.008938448712789867,0.032532835840559146,0.9125487448100732
0.00925362759912913,0.04477533626201011,0.06031770223367416,0.001239287589687753,0.004643856086133017,0.04456657446891551,0.9293701780986419
0.008498754746016543,0.03995588968411053,0.09329834482154567,0.0010024712033006023,0.002597935563112873,0.07907854616807927,1.0873414961152512
0.00686344943254981,0.028336676656698645,0.019665935930672902,-0.0366898261297738,-0.001808603342484563,0.11241776657597123,1.3084317344197136
0.004845727454485375,0.007846905025449833,0.5909498638458249,-0.047083172099028035,-0.015221266146242782,0.1802091623713079,0.989637439615769
0.004861019442608235,0.007511962328026988,0.588189749893594,-0.051947202054586784,-0.015508970532080984,0.17992757364092088,0.9981505273490869
0.0025139462043060968,-0.00029455619908275816,0.6746645131130327,-0.05502390345032026,-0.01702389065948577,0.20950795195634492,0.986423547819338
0.0022941667119316606,-0.0015633073944168478,0.6893300223955587,-0.060570419431440335,-0.017057755072860656,0.2064550147945728,0.9868585047468107
-0.025527578462765932,-0.0015203700069288289,0.7072723746821048,-0.07218008312084305,-0.01974033572570883,0.19340690067406616,1.0140790529620622
-0.02557200267022485,-0.0015893409030347699,0.6930049029054648,-0.08965709945999517,-0.019969124898690245,0.17940543383837484,1.0027151311452194
-0.024715831292921188,-0.0015922706166907848,0.6858903555186215,-0.09000667648298871,-0.020596144532190927,0.174765513499573,1.0018223197114082
-0.024801139611659737,-0.001903741433621002,0.6889044048437021,-0.09144891460122362,-0.02077121755441337,0.17234310999048572,1.0032447641715396
-0.02479912375843534,-0.00190362105686688,0.6945355925895624,-0.0913497546095613,-0.02052033412433074,0.1726233473156776,1.0053541417468321
0.02107602343074397,-0.007698327110347523,-0.41568861834398657,-0.2310955027904084,-0.029594771957261748,-0.04593177088936043,-1.6918090089398539
0.025661800452534893,-0.005964316101226112,-0.44203717248450214,-0.24810403101408682,-0.025573419619543278,-0.07460004259923234,-1.421947109788051
0.03663146753111605,-0.001001029107698043,-0.26161574537876825,-0.2753434524867376,-0.028026231648994,-0.10348481730613766,-1.0977183044319818
0.042522591563009283,0.005826681695714157,-0.21159018775159222,-0.27958308038275964,-0.009285200879273993,-0.11793135338311954,-1.0407958270528326
0.04471944938274984,9.090602439274112e-05,-0.2132163850646852,-0.31235845334564893,-0.011754146004572422,-0.13356789466809543,-1.0064552715728474
0.048383198725878915,-0.004315137564192288,-0.17056714848991317,-0.31460540540214627,-0.012401143163524711,-0.1243262406102579,-0.9033296798551246
0.04820493306817043,-0.006666367266159248,-0.0871965687587897,-0.32386969576741925,-0.028214623130846155,-0.13176511736876295,-0.7967373331588444
0.04829748054900928,-0.009933263275311183,-0.07964372906534087,-0.3211689575432057,-0.02778708383017989,-0.13979514227901926,-0.7089277607405012
0.04760280068173418,-0.011969111103726376,-0.11188955722113492,-0.3248100445073386,-0.028637642610490063,-0.14185029319624906,-0.658799660080771
0.04763696582214562,-0.010548208766416574,-0.14289081687441055,-0.32037260870983025,-0.016435937706855145,-0.13771690876971596,-0.6321372807905296
0.054547560576918785,-0.008925608023071617,-0.18475087874099047,-0.3317812249748742,-0.007282088697657335,-0.12656170033565908,-0.6548452752892125
0.04455101669408057,-0.013856497958166958,-0.16192935192326233,-0.36966835512410573,-0.020452158949526345,-0.13812192936889536,-0.6650039121898305
0.044016874360508995,-0.021422771798798954,-0.19736749764710762,-0.36402199244757394,-0.0032914375046431458,-0.13458129237977243,-0.6705987401885016
0.043294081536527626,-0.023222884858153315,-0.19639676790485877,-0.3698587747666684,-0.005004588974745546,-0.11976046692634434,-0.6527463836926013
0.029366564346669163,-0.047126932790692785,-0.006715516872925214,-0.4216780421040985,-0.018960992061058193,-0.15363314836773231,-0.6324042042645839
0.025865093420623826,-0.05468135773129927,0.115151596429717,-0.47299318597175904,-0.026024147065407753,-0.170527675390494,-0.576060990065414
0.009529734043818959,-0.051906396231756476,0.20920748796163682,-0.48986015397547594,-0.03447834635390082,-0.1671762144079583,-0.49921216193568907
0.009876603689406517,-0.053217824922363134,0.24403514438754334,-0.49868784113856013,-0.03585477334204824,-0.16569132528799235,-0.44275425009261765
0.010637232460173564,-0.05410414720369421,0.2993929791668741,-0.5042009842549072,-0.037561788646427924,-0.15768238532058415,-0.3742080072993185
0.009693744616116797,-0.0494952828548193,0.346678629133213,-0.5231799300919578,-0.029773962169484396,-0.13875528080954508,-0.31973065445188986
0.008531964882504779,-0.03625795631046775,0.4626992010084611,-0.5682746710971515,-0.03040160135244237,-0.11798454268347282,-0.21423478989099914
0.008344066745550795,-0.038288684855671246,0.5127230357809823,-0.5704042343896502,-0.02900830842173082,-0.10981858687324617,-0.13238645003079544
0.008550296837890152,-0.039299064534657965,0.5564985534550074,-0.5911730198624908,-0.0286762260466526,-0.12098491114674861,-0.07761483532553504
0.007472297656251115,-0.026284623048688782,0.6535675192635616,-0.5494714124558128,-0.029093748524463097,-0.10392388791151869,0.020035858045137907
0.005958807211465953,-0.022072567786962937,0.6675739730184732,-0.5400668187107193,-0.03032166185481555,-0.11125240768295461,0.06818324353438182
0.004103204326327201,-0.016346080660758502,0.6660729131402201,-0.5301541130823569,-0.032341376986801076,-0.10479663041880902,0.13557241635827105
0.0036217966111071684,-0.015553462250096307,0.7057579987914686,-0.5050024472607869,-0.03302655254514965,-0.10541278964531148,0.1691918621055219
0.0028212645420456523,-0.008036495963482045,0.7663613318977662,-0.46821377706926337,-0.04266390992356825,-0.09949335259762182,0.2254815392060533
0.0017600194860431077,-0.006079850008931491,0.7721062009460226,-0.45239979052571777,-0.046913350636935865,-0.10537012742457097,0.2676709941840125
0.0015311377058481325,-0.005422549032680184,0.7789734865238546,-0.4366968436145768,-0.049779191361026175,-0.11606517012685058,0.29682470999523225
0.0014618577544547031,-0.004747096648705349,0.8070774992288311,-0.4247558119337938,-0.05446104491683262,-0.11986838203905881,0.3128920793003798
0.0007599345449001789,-0.004256408180428259,0.8240225545740628,-0.4154120216075556,-0.05914594151672651,-0.12281445186363435,0.3830511274348432
-5.708884507132766e-05,-0.0038794099658117456,0.9585652349624735,-0.37640390983670113,-0.0721694459178982,-0.12054744807721836,0.5181969826239554
-0.0006094218371454867,-0.0035704581657199255,1.0892676778472454,-0.35567192710585216,-0.08172189545241217,-0.1389099061223422,0.6623125042124052
-0.0011750891765368052,-0.004179864022555256,1.1619406824622152,-0.3355505563200839,-0.08747037628671556,-0.13933253104231322,0.7527045769788585
-0.0009278151866760469,-0.004050373912500346,1.2215209363538468,-0.3314768559417051,-0.07127555263570827,-0.12928817754733238,0.8658400278877484
-0.0012570532625042722,-0.004102320872656427,1.2618499379471837,-0.3382492519032867,-0.059612524184322196,-0.12503760599881447,0.9526209352507494
-0.0015953878748364333,0.002618789751591252,1.3092017880967348,-0.33610826025731133,-0.06864564881576098,-0.12560560109468646,0.921614433484808
-0.0012049886491203863,0.0023095723334284842,1.3328522509546652,-0.33067964809396705,-0.06754300292209453,-0.12099829818306956,0.9422818455204056
-0.0009202297660358567,0.002881051016958737,1.4212048095483452,-0.2972488379959149,-0.0682488428609558,-0.11201011769117342,0.921563008128139
-0.0010475375668027832,0.0006734583008400553,1.4773273868649746,-0.2760319074527527,-0.072457230558279,-0.09813503163879475,0.9243589891624641
-0.001293017659133963,0.000240650893204319,1.5217063347152442,-0.24913532518511827,-0.08565872173836662,-0.08385950540950879,0.9059625156893613
-0.0011578919993285844,-0.002060029974469082,1.565489145272682,-0.22277581224280188,-0.09710157393509482,-0.08242922455364696,0.8783449708151988
-0.0008350128412537185,-0.002022453516953446,1.5768688921153964,-0.21467968467101406,-0.10404219759195014,-0.0788723694941501,0.8644230612015015
-0.0030454012631773992,-0.002106899261088932,1.5904655469613507,-0.20997529255971092,-0.10712391124140169,-0.07557015375526867,0.8620658602774397
-0.0032182363252904428,-0.001984451756208362,1.5933096619102576,-0.20859885492636432,-0.10873229322855552,-0.07592808473763742,0.8641831247951678
-0.0032382292116823305,-0.001318852912080112,1.6038963396716388,-0.2015482195633311,-0.0992330894975029,-0.07518732563945668,0.8776081882753799
0.10729998523034644,0.013740073896884789,-0.26729253938517866,-0.019009347611949928,-0.005342898734839857,0.05519157765792015,-0.27860093869498964
0.10773929027113267,-0.019298409825135233,-0.33115190261140637,-0.015822086855433806,-0.0012652627307736036,0.05355303293746492,-0.23405474674880228
0.10631486500920552,0.005040802879201956,-0.39627023478059875,-0.012176833600535918,0.010083768583472423,0.05021912838656708,-0.17799435294892443
0.08960145788806886,-0.00474956720917097,-0.587775461285451,0.012570562520020034,-0.012262244826558218,0.05980041329451994,0.015040014469356598
0.07569073896546008,-0.0024733358837834268,-0.5608817085544748,0.02800325050299732,-0.006969017975069631,0.059006741023540955,0.06537408269429902
0.058704752897850355,0.017069718960142782,-0.2154594572862856,0.010093769425572432,-0.004375065387913562,0.06634285209359785,0.1918175807531096
0.0529534431720931,0.009429457324991635,-0.17424159258030644,0.013045873910152496,-0.002962711685533134,0.07065918704916198,0.19692059150717325
0.04589552578401248,-0.004929043481011543,-0.1611721672552131,0.024431113360363632,-0.002549883144271742,0.08319138732583943,0.25168830809666665
0.03073735045845779,-0.0008422023872832791,-0.07808862210177275,0.027997955455320234,0.0005121105678141969,0.08854748212565414,0.338091101224345
0.02765109706891909,-0.0011019384295401686,-0.060359102032658346,0.027557400126939,0.0031889150605401376,0.08755915498898931,0.38296076062681483
0.026837676905728157,-0.0050912328465360385,-0.023320031419646364,0.028084582385199536,0.00554862465088367,0.090429488089937,0.41167509963287463
0.01581403310368676,-0.011104694522529593,0.011877526957404452,0.029062626484170195,0.0075178624196668865,0.08764108273558116,0.4925036635546245
0.015268143180850463,-0.004441882206818271,0.030104691503739373,0.02788284665692687,0.007581429247374357,0.09202508549714777,0.5899990745503235
0.015135089909733277,-0.014923627335613442,0.05139183597301028,0.022515695880719624,0.009524958158234445,0.08799117866350759,0.7111824874553192
-0.11668503126784514,0.03730511256356775,0.10016079189667658,-0.04060610484552082,-0.00933621065192971,0.09048129768169537,1.1880850884401084
-0.090932192749573,-0.012792798349735818,-0.030532423125807402,-0.02219327621872837,-0.006413462169619438,0.1379714081348393,1.3264664063400862
-0.03328593180015049,0.0016748919136670925,0.6549156152398713,0.024357299161511074,-0.024371416140074265,0.22889487292637467,0.9562839062164837
-0.033436908125291306,-0.0027353995573667343,0.6323553815360266,0.02205873794357641,-0.024466209190725327,0.22270756233792857,0.9931514642718161
-0.03273393364533579,0.002181457346147248,0.6455178696641941,0.02477661021395812,-0.022914752593200697,0.22793593313973337,0.9888651687037027
-0.029352002824884708,0.0024942878123655862,0.7411466068377661,0.026781849532537393,-0.021360515903879055,0.26731088744662185,0.997808372206013
-0.02924753421432377,0.0026117514580912726,0.758744476205543,0.029199881596903652,-0.020742504259150845,0.2750635851983609,1.0076661067713784
-0.02937008601994014,-0.003161291157589071,0.7509255378278864,0.026318541751528726,-0.021839852648658238,0.27247190213859684,1.0294481320888835
-0.02941824897736527,-0.003202517653193507,0.7549974236114382,0.026091405217752075,-0.02200870795619146,0.2718660023596894,1.026467527378578
-0.02953157126201322,-0.0031223916042997448,0.7277140650983966,0.024351394352526274,-0.02231651125326034,0.25832866714897496,1.0170684967618755
-0.02949796506660742,-0.0026830861332278436,0.6705498021802196,0.022492923672997083,-0.024073003711431624,0.23171336615297447,1.0045497959088567
-0.029576393401318585,-0.003476444724555832,0.726825282567062,0.022840120789769627,-0.02271716135053184,0.25182230094827185,1.0148179280816902
-0.02945687425177124,-0.0035272048589830066,0.7420705975402456,0.024238840853322504,-0.02284916399637859,0.25785503737452226,1.0174714745639397
0.001996183693416268,0.0006352254708316074,-2.120689351672628,-0.1824666744974759,-0.007110265631224442,-0.08454954663384681,-1.6687655030017894
0.0015367250110109594,0.0001150389720027595,-2.0576069971629893,-0.19114868041344588,-0.015656334185037413,-0.0823835132916303,-1.6773659377350787
0.0014773096504166214,0.00020688959826089715,-1.9105945456711055,-0.14721617589839525,-0.016638929881521932,-0.07664066100090772,-1.5982992469737474
0.0015155511085825568,0.00017301357144185238,-1.8919178377590875,-0.1312663641454558,-0.006135159974403309,-0.06286341240623006,-1.563090398353139
0.001632691540870193,-0.0002349235459783897,-1.8468315631563315,-0.11210901766585435,-0.0072910755406155395,-0.06458557728221256,-1.5357025103390067
0.002192252203501721,-0.001544564654235211,-1.723836048524787,-0.09353902590160923,-0.012152568708843148,-0.06370655792915277,-1.5629097274606112
0.003048825884937475,-0.005723627480591114,-1.4077028503038662,-0.032649168916890785,-0.019474892407058273,-0.04223808073408755,-1.642354100413476
0.003880708660407903,-0.005614906020485959,-1.2255844822793842,0.0009530319014571872,-0.025066926562949073,-0.03886700157949258,-1.678159701825298
0.0039705029346667415,-0.005657113825781092,-1.1916696261895745,0.008117669916714055,-0.024865456616815725,-0.041101494210823125,-1.6627095014060338
0.003582177104277676,-0.0056552172695914366,-1.199260077316162,0.014201815914486033,-0.044390297470907905,-0.04088874406628237,-1.6028497771144155
0.004594510181903507,-0.006206993599788414,-1.1335549873154558,0.0029610233887828155,0.05017372613415128,-0.06219628995171069,-1.4766578026214066
0.004166291134673385,-0.005971982235183512,-1.0882970882345617,0.013661249311814032,0.041000119199709695,-0.05925965345818212,-1.353785917989308
0.0034658239644580835,-0.005335163159866719,-1.1866258178129523,0.05145199917875535,0.01064646866994962,-0.04417318083322391,-1.1207491816346205
-0.0007022420438110709,0.013652913857871781,-1.1165881952577725,0.08926958690203383,-0.008478933276778861,-0.03570242995078878,-0.9011254610781106
-0.0006399182392452058,0.011973934317367893,-1.0199493693423496,0.08637246378835646,-0.01441949381634673,-0.031456623246457906,-0.8633973581605742
-0.0007144827038297705,0.006870488548901812,-0.8745620222957067,0.05064136746528734,-0.010595248861893539,-0.024879387764879215,-0.7768019461755269
-0.0009547131585171784,-0.0017660740492998715,-0.7889572339924931,0.029405022685686517,-0.013963191221287035,-0.023986152399934166,-0.6939311969741978
-0.0004875162356095742,-0.002272276610274856,-0.7789588820034943,0.02737954626714005,-0.026978657864508707,-0.02126633624375598,-0.6504245906650286
9.467524381012474e-05,-0.006175846310147351,-0.8100885346670437,0.02415252825484527,-0.027724394802687576,-0.0245140440960433,-0.5549001234065831
0.000223701221200376,-0.0071369149962246005,-0.8580517296445233,0.025282915832800033,-0.021332423521392647,-0.027229705171824454,-0.5101234035600979
0.00017024136489516718,-0.005228582409253222,-0.8821662259092584,0.02495896976373841,-0.021352560213422536,-0.02964324770567579,-0.47808282084165304
-9.920011114228929e-06,4.324813238216066e-05,-0.9745603332713602,0.03881137121905012,-0.0346119720948794,-0.033699962195623184,-0.4523798097828047
-0.0014072849164840353,0.003503693027945739,-1.0843690655779339,0.08017419062082118,-0.03484932421873233,-0.03750759411860089,-0.4744567866891218
-0.0014219690510526893,0.003362865777970727,-1.0947979246449504,0.08097359800135243,-0.034617150908627645,-0.037760334785052356,-0.4619220557077781
-0.0015132993686347695,0.007448901024904219,-1.2133614100208112,0.1081411128324056,-0.005830177956574189,-0.03862407746058001,-0.4913297118941605
-0.0018846630274444586,0.011100701700420504,-1.2729550968205234,0.11238698483671161,-0.005361986143001732,-0.04472295359845903,-0.5043699349831527
-0.001750519836991627,0.007601758785006004,-1.2496109406169886,0.11039933768594024,-0.0053257006405038965,-0.03895920557545554,-0.45940947079978944
-0.00198487719698825,0.0034368718935639995,-1.1871640803725187,0.0887277538791544,-0.00468605108310437,-0.03731939484778915,-0.39957973058008484
-0.0006031810364605892,0.0001263136557657881,-1.071132302391035,0.05092275529082474,-0.00394031103603488,-0.03399696748346376,-0.3458408137551031
0.0011110551564495119,0.0011629336004883696,-1.0158345245487674,0.04282169256797466,-0.001663375895030916,-0.029308877205969336,-0.31343008246807946
0.005235970554237726,0.0015466725284345355,-0.8869710722307815,0.03231293208303282,0.009814898834395954,-0.024080281885631844,-0.24336820869640963
0.006058070490368937,0.001141167566248027,-0.915613493830135,0.03015365145060174,0.015516635310596508,-0.025394768875627267,-0.20563950292699246
0.007769669315853635,0.0016461145114914305,-0.9295154972921982,0.03791511250696812,0.01763125050984797,-0.02363947480580359,-0.1489920779200383
0.007592170162839465,0.0025481775967385397,-0.942805798412018,0.04046638241401947,0.01894219366354155,-0.021308371603472438,-0.12307694573565803
0.00502296337491879,0.0021157309191910576,-0.9503540935621896,0.04266561084698993,0.021243245988695154,-0.018230228452457864,-0.07062433752451
0.0051646801457311585,0.0011436475601445768,-0.9318366318741979,0.039880092350051036,0.022963466636595146,-0.014601263071149603,-0.0148627765512815
0.007395270844988534,-4.429204651199612e-05,-0.8909753850979806,0.02642183422003924,0.027602725388776603,-0.008954936287384297,0.05855375102124516
0.007196829962833524,-0.0005578275482047835,-0.8821893883987042,0.027716230816239664,0.027981731999536845,-0.005960341460194627,0.06673459420708851
0.005671966808497857,-0.0010791579880585242,-0.8889202676155177,0.03134519134566303,0.029372281544070573,-0.004060545466800392,0.08812417646970906
0.004591341120558069,-0.0016113010053523816,-0.9079057666556826,0.034676930444524336,0.03011074848842072,0.0013452623916377859,0.11974385566248487
0.0037143627122012204,-0.0016539171739397853,-0.9300062901589113,0.03388839185765525,0.028884315985957823,0.0012393685874594203,0.13665967284183564
0.003815805196430524,-0.002066042364904509,-0.8899178891990774,0.03843431946535773,0.03186730420786936,0.005174679474038417,0.17118434182713926
0.003936532245137461,-0.0030504284515218165,-0.8747259051469554,0.04947254813598395,-0.01029612817400246,0.006547467980735208,0.22304686726347897
0.003805231355487885,-0.004280359825676093,-0.8551210491340596,0.06486859975126721,-0.013596897512212837,0.014802795322551804,0.33059167732857886
0.003925309202830919,-0.004370537891301946,-0.8492728684266654,0.08133396014650857,-0.013065748741063489,0.025625470565254507,0.45841358969204266
0.003950174877085174,-0.024630898260436778,-0.399789610024695,0.06881068045484616,-0.020154624607951425,0.012602237083373768,0.7067374032549859
0.004284921251713799,-0.025940248308422304,-0.34878101123187216,0.0736020589598166,-0.02547677785208696,0.019936455717044638,0.8069652360168686
0.004256307615950162,-0.028484899068296685,-0.32164454512252794,0.07858099429083075,-0.027575548946800234,0.016734965078954313,0.8603191691412728
0.004343431250292166,-0.013916567314275175,-0.3069465617390137,0.08383472027245756,-0.05478286655422331,0.015861519062632175,0.8602925450600377
0.004394564096448173,-0.012844865749834173,-0.2899420702209756,0.08614929767932611,-0.05458477727748752,0.02151309030133419,0.8908017640905141
-0.047562824196679745,-0.008371850999504219,-0.26337342355078674,0.12193208406900206,-0.054274764400100484,0.025514533218433815,0.9858796996396619
-0.04677802713667298,-0.009063135743531544,-0.23595494976115508,0.11191760059670226,-0.05246361520120237,0.02258298895181154,1.0067618579423132
-0.04544889730626302,-0.008690337857416686,-0.2560092499852989,0.10930358260530547,-0.05295225185485691,0.024153595694329972,1.0236020785467381
-0.04277464816989686,-0.008976253182686892,-0.19656976085066766,0.11120918909251955,-0.05289017746677917,0.023538215749440483,0.9604219546706101
-0.038755734347952514,-0.008841916098574461,-0.17303103103756187,0.10938437653707857,-0.052382847705127654,0.023399458115376547,0.9323412988543541
-0.03755024240078568,-0.008402170876462283,-0.1592622434250738,0.10756758152035566,-0.05261086905321491,0.022172557003978743,0.9200282725229384
-0.03786244539996572,-0.008157643326243882,-0.14306539988337363,0.10756725793803053,-0.05332641937721266,0.018312062488303374,0.9177456082493349
-0.037829914318262894,-0.010696331600005927,-0.13114233357957497,0.1083126826361001,-0.05195869509173612,0.017981321634208743,0.9247485999983409
-0.0014081998396536744,-8.879779740816844e-05,1.2587919273344292,0.0029874792666005046,-0.045725848151338254,-0.06646306524916043,-2.377072331698302
-0.0013061634915118065,-0.00011449928845424285,1.2599565197708225,0.004998070695639985,-0.047110236812377936,-0.0666702976217448,-2.378293622554059
-0.00015485655763336896,0.0007829260351355463,1.3028891086479533,0.005603786586401439,-0.03609101563765789,-0.06303977789900134,-2.2900022923721037
-6.334296339235327e-06,0.0006609437896672772,1.306096214823376,0.006892520117818134,-0.030189881664797556,-0.061823643895185014,-2.266354230727563
0.0002835976683409295,0.000702273375219461,1.301339136102812,0.013393671555949237,-0.021514506181032594,-0.060749721317473804,-2.2069136618448604
0.0003165475779524048,0.0006295428019590158,1.30354361242704,0.014269646783929217,-0.021559504758175585,-0.061415726502110246,-2.1992302087388365
0.00021893767998001898,0.0009152299492907402,1.30732444188575,0.018755722325874653,-0.021798999845526287,-0.06305224414853851,-2.1925854942472593
0.0005421159992702713,0.0009965090897616972,1.3358749440806377,0.028831282072378655,-0.021728529879706387,-0.06705858393705405,-2.1828986935543506
0.0017923615270668933,0.000656900024513284,1.4753238166034213,0.02661174676034556,-0.021499335751192106,-0.08682268366647862,-2.2113702110312214
0.0038397683287869936,-4.095016733452069e-05,1.7304958747431887,0.024284114257499396,-0.027385583474141016,-0.11204650024099677,-2.1850942085736818
0.004308940881544269,-0.0006797014826508801,1.8152494018144676,0.03549497562460034,-0.02348138961163218,-0.11733989511522087,-2.1749069812531867
0.0037319932482643343,0.00010369920187898625,1.9093665559936734,0.046348513788328195,-0.019931093358884336,-0.1119072750325839,-2.059269622782473
0.003534943126967102,0.002022922387382679,2.0650987504926417,0.05385322341804866,-0.008958888087798319,-0.09575046221286355,-1.640295377288636
0.0025515834472644694,0.0012188262959996886,2.100939822700988,0.04569293057801506,-0.025051240538339226,-0.09453089711465615,-1.4003120287720803
0.0026949337384140613,0.0007897915599718484,2.1034631107732253,0.04159574522444993,-0.028939342244221847,-0.0922826862928864,-1.3503601175573179
0.0024567241476281354,-5.19030908151725e-05,2.2316165363286737,0.04012235637272872,-0.022491762432183454,-0.07595173009009934,-1.388185488307342
0.003269149530081727,-0.00918776938883462,2.3109078944209314,0.03509784246581521,-0.020468539409036625,-0.06415609619459804,-1.3343338187487173
-0.027437053926345968,-0.009562942235048097,2.3211135720587155,0.04855175145450204,-0.023111269880084023,-0.06623893516454839,-1.268177064359727
-0.039084904018565785,-0.016023850210652384,2.4108619216494787,0.03840672651032887,-0.033878965322760635,-0.07698606800426548,-1.0624127791613152
-0.044181922958545845,-0.016121158292527974,2.4859216279555056,0.023357840305723906,-0.05793087171045277,-0.0879652383438755,-0.8870699791141633
-0.044534775228820205,-0.009422332127002416,2.5411379846502635,0.018794694286885755,-0.06059191098715768,-0.0939482008308622,-0.7703217187872515
0.011682454124383748,-0.007282599223145987,2.546086104930021,-0.006879001503098467,-0.05633777018135907,-0.09479526567893852,-0.7298484552030514
0.01216617550171524,-0.007507131522129859,2.5443148504144566,-0.006847988006792942,-0.0565766345422782,-0.09212999671053233,-0.72430861556414
0.011071481560271317,-0.007637547296139404,2.543682216907821,-0.0076321346078766054,-0.056423931367686815,-0.09343203917712432,-0.7022789721952043
0.011046685980818628,-0.007557976875690929,2.550250004894666,-0.0097400747477101,-0.07874789843308622,-0.09063546674447114,-0.6749407821488148
0.010448091114063612,-0.007678955467295431,2.560640181898424,-0.009122863179312365,-0.07823457187878724,-0.09289709999909003,-0.6569780123519185
0.011382874706802763,-0.007199225500222749,2.582553806646495,-0.01129161077902556,-0.08192690927389035,-0.09011367079552678,-0.5893239134254917
0.011258055484055347,-0.006298199529667928,2.59033935784926,-0.009360628005586919,-0.0657810940084794,-0.09103624125111112,-0.503881240993166
0.011684884652855894,-0.006220463123171344,2.597362625372145,-0.00939442396261389,-0.06573655268895873,-0.08776227897382169,-0.4705526283324923
0.011418907434276732,0.002444210430602108,2.546838506145087,-0.009024791804027349,-0.06955606461470515,-0.10358466491917283,-0.4497695759619998
0.011862736937019933,0.002344952192847996,2.5462522894077138,-0.012453519012083844,-0.0690448698944949,-0.1045105075099001,-0.4308484784229833
0.00965738205652604,0.0015965625491406528,2.5760009641459467,-0.013761819906853077,-0.06428655573405193,-0.11978069590165288,-0.32968796906852993
0.007735021766824634,0.0020562344774584184,2.6430860595394847,-0.009982513686719596,-0.059778570350208914,-0.12325482883627603,-0.20395289803749467
0.006921838730867365,0.0023902349570300266,2.6987783256249034,-0.0016179240515842514,-0.05379924642590387,-0.11128433709437466,-0.12565209412421668
0.006518422587246866,0.0017798090496474036,2.7120882509667408,-0.00479410294672112,-0.05020214372729325,-0.1082517476986396,-0.06953652593328362
0.005848835896624763,0.0010098873159793513,2.6986646090151325,-0.0046731267777934135,-0.04998590577293272,-0.10645822936425453,-0.030910241898693992
0.005302991739057974,4.709174016315978e-05,2.661167937789076,-0.00607664177499179,-0.05016825198687272,-0.10611940123918513,0.01736641083457896
0.005156926263957826,-9.325770872890382e-05,2.654500221442914,-0.007350867127710669,-0.04904037622214015,-0.1049897715328587,0.03234951970617006
0.004729147813483338,-0.0006976795750090295,2.6476490175253513,-0.008663503859261637,-0.04809806404781641,-0.10717016111452148,0.052780654539424945
0.004412743480217593,-0.0015657733797357146,2.683803637119303,-0.018008754334035374,-0.04197306773444428,-0.11179384198580765,0.10804131766105989
0.004308189579038736,-0.00161112812679114,2.674096998352788,-0.015490672953640244,-0.041359265987913126,-0.10765715086607737,0.13435314091466255
0.00428037926378738,-0.0020975717369815764,2.6747149304283395,-0.015405145520326735,-0.04117832717751424,-0.10978984538834664,0.16127719254642067
0.0036085155414570112,-0.004331909130135067,2.750415946051983,-0.017834057228434473,-0.03882159198846029,-0.11225058470419517,0.3097837017395067
0.0026306142759241684,-0.005602850766141036,2.927742759006776,-0.04076931867684845,-0.031970586772312876,-0.1289031682009615,0.595262716289018
0.00254895144913208,-0.006698178911616477,3.010582140581683,-0.060589532630286505,-0.025529590332709018,-0.11775499459421412,0.7899344410756987
0.0020220985823836846,-0.0076329100147259936,3.0504207052827854,-0.07060657562677194,-0.023861978482464345,-0.11876830998347318,0.8829744902352752
0.00203224387028211,-0.007398730514173423,3.0621000960248126,-0.06443913101913383,-0.02225396488785892,-0.10021268897479767,0.9641867205853896
0.00217078585558134,-0.007260363388401842,3.0500042999423367,-0.06329895087591159,-0.021793428010640485,-0.09382973976417829,0.9991780937271584
0.002175092410261389,-0.007244065053489914,3.0356842518596334,-0.06441107045517307,-0.02186786478112359,-0.09782018042497127,1.0085229273306127
0.0022038659150600114,0.006562223841223714,3.0416895503443913,-0.06556140127178409,-0.019892614124896603,-0.08721892077189744,1.0371465558290796
0.0022070960749624776,0.006616751512959213,3.065574024099465,-0.06594752262062088,-0.020234514670735605,-0.0820974611193306,1.0414901239228338
0.002214532710376898,0.006704330769333476,3.0716711873124165,-0.06637796102706954,-0.02011652549544701,-0.08120832966486714,1.0417287346228457
0.002240989677225795,0.006733897515679241,3.071504442845523,-0.06619071609434694,-0.02024408753815009,-0.08103328599251423,1.0428214994569207
0.002243748699410842,0.006728612045550769,3.071441443214571,-0.06632543279465046,-0.020311876136779147,-0.081294451523906,1.042555481158887
0.0022487902197189467,0.006612051905961573,3.069924401289879,-0.0670941870488564,-0.020358013792710124,-0.08301399517690698,1.0402556495275035
0.002245719691537967,0.006628335327607249,3.0552071320246075,-0.06879493054195483,-0.02082081600854654,-0.08676721050961216,1.0409810817654244
0.002262037685195121,0.006533545507168686,3.061915092802723,-0.06704524561200721,-0.020617132010628324,-0.08443203906270712,1.044697138007672
0.002261572488297182,0.006542018180615203,3.0670014926940907,-0.0666309920777128,-0.020577370748025344,-0.08456594081776002,1.042105224751386
0.059229170425534446,0.012002587250773473,-0.12026888127747876,-0.025606125716771518,-0.006825794975010384,0.055908377934695025,-0.5778118734250085
0.057702524869133,0.006668716305152677,0.024342731756385388,-0.016234888197832333,-0.00797092531323357,0.05810575745381694,-0.4515810071524635
0.05635731636443464,0.007142474742392008,0.02449300950343383,-0.015907941785682552,-0.008314772496514803,0.05952443549099445,-0.4456408777590811
0.05626471845036654,0.0070855938050870555,0.024203563999316596,-0.015590110947374057,-0.008212658023086144,0.05968850553197621,-0.4457859687563105
0.056539894602928964,0.007070733544082686,0.031124737459216886,-0.012491450021357904,-0.008975044253460998,0.055769806248948055,-0.43813510623152985
0.05692608115055005,0.00673623293622643,0.04010178375259058,-0.011959947599649233,-0.009399356389024472,0.05537275949244989,-0.4319411966529369
0.05686136675440364,0.005610005168959011,0.03274531632210117,-0.012220892143273163,0.002348010348182276,0.055580298599975965,-0.43737738494312123
0.055442282962435356,0.00868333160678354,0.0526456502676759,-0.01224736635702066,-0.010383391081110816,0.059801278117169475,-0.40787679138684857
0.05130480761745468,0.02521457482372889,0.028956729038134933,0.0036995420661876,0.005193432817587578,0.058528165840068445,-0.37477326702754643
0.05340938090813326,0.0251552401956506,0.00769493473406997,0.00223887207702874,-0.005681106863651706,0.05577835223025234,-0.3247415867642478
0.07013946155585071,0.016043051504215772,-0.2233452024951316,-0.012904446800706109,-0.005402507681464835,0.060226615907111015,-0.42933718348862504
0.06779084986519679,0.01171666604216829,-0.08400852153846511,-0.01337728699559506,-0.01867812834735513,0.05337540264000274,-0.320966459307255
0.07213672030666707,0.009195282569056126,-0.120468419920681,-0.01565068559915797,0.00515119242448852,0.06066025083039046,-0.2341916761599382
0.07343902663945767,0.020563369242435143,-0.15899761450779928,-0.013861423317277412,0.010540483434852572,0.06211653047104599,-0.19262399878050795
0.07368770356118365,0.028849896836195012,-0.17338257681910604,-0.013742989501361434,0.01148559182143278,0.057984012908261266,-0.16406705685449485
0.06573557354100296,0.02460964209962812,-0.1836965435201767,-0.01406226008747752,0.011089846601922316,0.06422129531573832,-0.10663014260191134
0.0531983951396726,0.015394747921743604,-0.1551498033507762,-0.009693223790351436,0.009600292138004268,0.0616244648540766,-0.055396919444188494
0.04019662991901923,-0.0011936310507685453,-0.14919652653585866,-0.010050460615131951,-0.0008788376057107809,0.06637758826499007,0.15193123380625267
0.03584412330109034,-0.002644505410451047,-0.11063998287168358,-0.010090662104283816,0.00031218579135105584,0.06895987694688867,0.16496675134683447
0.0324470524814187,-0.005220015828220042,-0.1288692188452465,-0.010130460826318048,-0.006830226580764482,0.06629143510040492,0.22925393302648756
0.02250424822881177,-0.010017165783347787,-0.10748855402312736,-0.009490146559127095,-0.009530743695930793,0.06332374212342666,0.3182469854785508
0.01872155808778418,-0.011445572642984927,-0.10348568758243509,-0.00913052559305018,0.02134775527682571,0.05504576651821468,0.3249458568548221
0.017550895881914896,-0.009918044127603463,-0.07293019245654687,-0.007334605916344214,0.020525866403992177,0.05901801627427924,0.34097106317965503
0.00955376687272892,-0.017593173826115496,-0.03207634045679502,0.001132167047130187,0.021490101327088923,0.05670184322052909,0.4320142911030204
0.009126369948971369,-0.0245088883921729,-0.012960025524614489,0.016475812843495138,0.023580646989209336,0.06282455292327487,0.5612438881197939
0.008477125727839187,-0.02021692012779507,-0.05211698003258582,0.012385061795120887,0.02973982904710134,0.06825496480908923,0.7779321981357656
0.007629429255254463,-0.022743032958683167,0.09802510518656195,0.020758767709394724,0.034799090053368745,0.09177185005330639,0.8282549813938708
0.004869463188708516,-0.009250624283802278,0.37234562408626726,0.029756378734932365,0.03463391246185651,0.14459923030065033,0.9176447779887551
0.0008500310400892748,-0.0009727672403015724,0.5891280996568151,0.043312925709235506,0.027944684713965655,0.19086184105182757,0.9245513258572032
0.003386260535574867,-0.006038601706089043,0.4810169559475139,0.04300348046390272,0.03318530528999223,0.1637020766683164,0.9381422488811714
0.0015224760850666398,-0.003922657090327705,0.5195135823352257,0.04229747831572551,0.030853183643620833,0.1770430792840102,0.955083882607334
0.0007530886559271953,-0.00026160807951119774,0.5596218968671787,0.04317563910956017,0.027035860604467367,0.18864728430472064,0.9624034984030447
0.0007949795696039874,-0.00028128079097339254,0.5638344826806572,0.04858962086100481,0.026925782011425682,0.19289472377400377,0.9670284648460711
0.0008216758329102215,-3.767104096624908e-05,0.5482200456983287,0.04721770607524981,0.029550587121552667,0.18438475904676394,0.9912607741245346
0.0008934776166798022,-2.102282806499412e-05,0.5490313652699631,0.047236022846639754,0.029441665101969702,0.18472556555278757,0.9924120807500427
0.0008678375419840943,-0.0007706030699094081,0.5580759204128433,0.047534733003551384,0.029516502428304163,0.18564052819920474,0.9923011579118926
0.0007397847632578167,-0.0007570374422209652,0.5666203666664383,0.047419934197073535,0.028438269709347163,0.18445505329420342,0.9930037736337847
0.0004865235191123111,-0.0009959207877371073,0.5866330152440271,0.04684340331021201,0.028181716068955295,0.19243690898732585,0.9995213850252092
2.21444812282824e-05,0.00016390681096944298,0.6363985575709802,0.04781418443661555,0.027078617363136263,0.20718659260326802,0.9926147379179316
0.013303073672451546,0.004183519519381712,-2.164230185743415,0.02772303252259327,-0.005058508984523564,0.0639982294223585,0.028341980190101878
0.013552876719737006,0.005868021837738501,-2.40195741899967,0.02652384107485216,-0.0024131733150257293,0.098115080037993,0.2747388502772019
0.008558352435454103,0.005685578589066232,-2.3373794602642732,0.03741438155318373,-0.0007301031886969197,0.08421413801049643,0.3087985694799314
0.007249674855140208,0.004144505804204714,-2.293799452406755,0.04434105229166889,-0.0007085250067514181,0.07808154890184195,0.333954808253644
0.0057115127164895875,0.003348028232767402,-2.315605569050326,0.05230379944631009,-0.02320236273997163,0.0644129764262632,0.37934825958552704
0.004823604177642784,0.0022208485901919007,-2.2696432481461764,0.047090746981985954,-0.0028664610350789374,0.06865606526445307,0.36122952981309425
0.003999316701041163,0.0017452399879519687,-2.1934191003440824,0.045567901723877764,-0.0036871448849413045,0.062276381957639695,0.3215646375441329
0.0031252810772185403,0.0012067733126978329,-2.2149035280332945,0.04462576796543499,-0.006018534154206122,0.05310900207628753,0.3398541427764432
0.0036377210591534087,-0.0011645663786830616,-1.9801048533781958,0.04255773249538482,-0.01026677930250406,0.05864472105661297,0.4369397318973248
0.003524684495877977,-0.0015300595039492632,-1.7686336569295726,0.06501397712322284,-0.019061240644958163,0.046687327389834915,0.43120834735691516
0.0027094839665745647,-0.002299778932497192,-1.5981004522972275,0.07450983583204462,-0.02530685313448331,0.04573419361196766,0.4852429257893434
0.00251381821094727,-0.0027486324054154763,-1.5240238013964458,0.08332917108966502,-0.030267509613369162,0.0429185461905374,0.6059083810630508
0.0025862878913679842,-0.003548293036487902,-1.4262506715165526,0.0903893062497717,-0.027260640868188198,0.051422049279932415,0.7014456174124558
0.0025185294558130356,-0.004140098990752209,-1.3654366069386974,0.0898188463616548,-0.02348680173065288,0.056557773070852885,0.7313421775451808
0.004200422362793387,-0.0031297495773356778,-1.1800663193372376,0.10442388669538681,-0.020782585971839154,0.0759766620522823,0.7127266774367635
0.005375423224867118,-0.0030114021881860594,-1.0108382643896776,0.11274328390060555,-0.014527080610474188,0.08812679634839433,0.8365950874373261
0.0053471905299582205,-0.002949577172720366,-0.9855303458167846,0.11577383700588721,-0.014950131299381974,0.08572021850679613,0.8856706811071292
0.0066356446408864485,-0.0023798600586511917,-0.8936699303433419,0.11216982879687805,-0.01168177347034428,0.08969846338726589,0.921345857740617
0.006666736302570759,-0.002122262439957321,-0.8793674559026431,0.11057123431155079,-0.0112818722439222,0.09219065123780977,0.9496627366385653
0.006966449804910916,-0.0018260823199969768,-0.8567492353321343,0.10651076749403829,-0.01161520154905336,0.09559263174730662,0.9533353455829829
0.00806506975728914,-0.0018158939564795605,-0.8055890076481566,0.10863117968893655,-0.013056213948398156,0.10494547608425767,0.9568072797120507
0.008605168328809086,-0.0011165444117167225,-0.7567990033745794,0.1131474681285337,-0.013760377721437032,0.10911185062972024,0.962591375796387
0.009131837251354002,-0.0005986214288833768,-0.7236830535734242,0.10398827390723901,-0.016054409825888977,0.11209174598055192,0.9661505738152738
0.009506836459696197,-0.001614367094408603,-0.6592178911503322,0.09742460722541284,-0.020849936487687626,0.11517665959555036,0.9645043329942783
0.009944174877453676,0.00012173185839287854,-0.4463071674300767,0.05230391186784339,-0.036524690701933635,0.10183420375692662,1.0024586288613768
0.010732868357082734,-0.004118797198653894,-0.3827165495185063,-0.007324892011293394,-0.043976561131833444,0.09070903339066133,0.9810537681330146
0.0010414374567646223,0.0021922534673034784,-1.752720663883882,0.06892411535338676,-0.013561490863358991,-0.10348012198315097,-1.4835030631367825
0.0012504325270700578,0.0022092439692698025,-1.7600470632363283,0.06508858729179538,0.007674831681200282,-0.08850846639674219,-1.4451727008122388
0.0011035803900221845,0.003078636926029682,-1.851998854732278,0.07544611105519107,0.0028365032008284257,-0.0915599162499788,-1.4343593553345415
0.0006642794727629931,0.0028130972401279432,-1.7501842526435807,0.06613876349634344,0.0038068271846721444,-0.08882004136992161,-1.385589029849318
0.0003272382841076564,0.0022830410708208344,-1.7234561902186312,0.0660207648463425,0.006974824993311949,-0.08771736827157003,-1.3385680829656557
-0.00012081264924206111,0.0018354196995633996,-1.741176095042059,0.0714127849942434,0.005990919847505822,-0.08507986550532422,-1.255273754574015
0.0006915631938039849,-0.00013936782117881453,-1.6996600916838362,0.07208135996875621,0.009356873334629335,-0.08631530189915201,-1.2042546611397649
0.0009810763104834426,-4.36501532260516e-05,-1.7034902747590934,0.08176277123623407,0.006440301276010102,-0.07526862571268983,-1.1088483049597
0.0010939148894787967,-0.0002850571731124573,-1.7395481867381095,0.07998075535644412,0.010116057145884495,-0.05785061384833563,-0.9446769479790121
0.002175843282484181,-0.0010542605150540435,-1.3593478211754841,0.09882538548251747,0.0042391147361625905,-0.04333119857790773,-0.8486269682013114
0.0013289216392445712,-0.0012709538680517108,-1.2750640758807845,0.11140186454026584,0.001554155086377149,-0.04515706029473062,-0.8163914953061753
0.0019226553169555773,-0.0007701507349432802,-1.3473599379999388,0.11040720088138867,0.0027843157869576413,-0.03774147888108087,-0.7596385337946986
0.00032180715251804335,-0.0008299201159760514,-1.293925602979881,0.13105369465736316,-0.00036797594551002,-0.04841440080354329,-0.7210825336466544
2.0437792371042885e-05,-0.0016190798644856524,-1.0631103018939807,0.14061484766564877,-0.011411691092494791,-0.04270107235241414,-0.6778293310317194
0.0005236307098388565,0.002847692317265046,-0.8949821882591242,0.10762608317409109,-0.01614583206578284,-0.027043975592489135,-0.5264131627513361
0.001007716057260973,0.002819206035303753,-0.9691111655400919,0.12775158450348512,-0.018531984541925475,-0.032309584666469514,-0.47130665533837757
0.003070803889016143,0.0028829974688808877,-0.7366311154588104,0.07766475950760846,-0.01914432184953122,-0.015129263121235081,-0.3797838226128927
0.0026105201323000497,0.003081323678832628,-0.7252274680171916,0.08098734758875838,-0.008927992467186481,-0.0135652531758777,-0.37979425893912894
0.002195574256114046,0.003096006065884302,-0.6983344180394457,0.08103074898089375,-0.008441706687737154,-0.013419117936409378,-0.3719910112800335
0.004206604256254613,0.002198345465314419,-0.6465803024243867,0.08179268752925768,0.029934478564675078,-0.012034739129924102,-0.31359586641958015
0.005071549002311049,0.0022811440776798154,-0.6344145665912098,0.08193700335732669,0.02783913153405786,-0.011206697664610375,-0.31304859653259987
0.007164656094069389,0.0021000777029987127,-0.6076647765832041,0.08100717699654278,0.02002678840844623,-0.010916424389904467,-0.32789208141691023
0.0069599764010386915,0.001865707383670536,-0.6342341972885518,0.07947962351713417,0.016493771713762238,-0.009754735448862812,-0.2940679496483643
0.00688376483160278,0.002892692094273957,-0.6772915578841948,0.07950741527182846,-0.014716328839248108,-0.005345277086613701,-0.27463969180544645
0.0083203418269658,0.0027308082298917384,-0.6867619001551779,0.07919700284238841,-0.015188889618934777,-0.005508539514049686,-0.23883728230936613
0.006538280095170792,0.002767313325469587,-0.7844569717881557,0.08034811237718353,-0.01845110258780313,-0.008208151940612099,-0.22590739389349906
0.008733031587145841,0.002664665354213628,-0.8075118641386894,0.08125452725875912,-0.01713956774058277,-0.009653558977349829,-0.21923539046387108
-0.07335418322727683,0.002512525501478755,-0.8568141408202964,0.2855798773824318,-0.022092475954447084,-0.007546463032335077,-0.22940147423804857
-0.08026755683349687,0.0022573596952641644,-0.9003448966094315,0.2818206243636313,-0.02200353131182131,-0.009130664304973855,-0.19522267382079994
-0.07697467532134661,0.0026033644870726525,-0.9068499215453826,0.2883648535462032,-0.02103952895811862,-0.006768914830212736,-0.16672862848294778
-0.05957376222512468,0.001987135885990243,-0.907244730863917,0.27205314766028466,-0.021814420466910033,-0.0016689585636660666,-0.09562664601848363
-0.04699187273072584,0.0017510357801743734,-0.8965382038233825,0.24610857724576365,-0.024236813157415327,-0.0017955311228231628,-0.030875136702940727
-0.04998564522064404,0.0006526422110279677,-0.8917923476920302,0.21839296200025865,-0.03316274098880869,0.003894048335198937,0.05520114273388614
-0.06195054812243876,4.007993441228104e-05,-0.8721279951897234,0.21088021547264574,-0.03209904470169288,0.007587273345358896,0.07030943870011531
0.0061200972113520866,-0.0002773101706828556,-0.8330969470891171,0.10791263306065389,-0.029368690914509873,0.01006289691737535,0.09750968499002387
0.004834616994705258,-0.0005481099950459822,-0.8370348457090067,0.11002967777221642,-0.03161581885433202,0.01903073091535032,0.13014459858286012
0.004242259520519942,-0.00048426480741507706,-0.8228075932251124,0.11864241159922274,-0.035290729350076364,0.021487843596463968,0.16090602518673364
0.005465324993081247,-0.0021514460734535917,-0.7489548402094715,0.11345375982939968,-0.04023295303756087,0.02569821499625628,0.20016824174289388
0.003917139207573304,-0.002880412899536531,-0.7342696129598583,0.11180535996579896,-0.03917358791987312,0.021960703446868814,0.26536598252665233
0.003837624618102496,-0.013909808298498113,-0.36773550219907103,0.0673095023974095,-0.03902181448596989,0.02285734736270493,0.4972313800381344
0.0038724563774970864,-0.011616265888991761,-0.3352861141055604,0.06310693184914837,-0.04478164894874476,0.02233747164919421,0.6255111186454226
0.004499684506238796,0.016804615180070075,-0.25621651168058984,0.04612937290467639,-0.07876245200694351,0.005987700335420919,0.7135492011559408
0.004422981568205487,0.01842043724239707,-0.2526115733629767,0.04431598400665119,-0.0828901995911159,0.00619068231011268,0.7905702870355062
0.005349186606941976,0.014509343641561293,-0.2705834398143074,0.04000759143668993,-0.0844071258519711,0.004356330460548376,0.8456990229988198
0.013314544228711365,0.013134159478543385,-0.27634920142473646,0.0072264925312778795,-0.08512133684146508,0.0003032920894485286,0.8953163410858015
0.014671562598494958,0.010430689679195443,-0.2746368176609316,0.0006467080838109124,-0.08612298484498036,0.0014075703645410344,0.9329048317863013
0.015049999519844972,0.0011243646321084989,-0.2330889123927687,0.004274288106876939,-0.08702641727114638,0.0031266402031414437,0.9517325620911538
0.015279820735781697,0.00039188615147061343,-0.21350756053799858,0.0034347661763744343,-0.0866755323453712,0.003361458346423045,0.9646136107634681
0.015172109349375773,0.001505895195212019,-0.184803121370653,0.0015460327240481213,-0.08577492683701812,0.00020862427845567887,0.9466510173260602
0.01492412401534619,0.0012537749083714731,-0.18510570014916453,0.0033180150333828947,-0.08558112224523523,-0.001136649622104513,0.9499227618952302
0.014571455009231217,0.0012240401614889208,-0.14066733200337628,0.008311048589203838,-0.08541586769942222,-0.0012953741186831397,0.9056135274761472
0.014565976618320372,0.001802611198814931,-0.13991703543140865,0.00862761215382206,-0.08627184348310368,-0.00024382638718372865,0.895766659158392
0.01477054572743151,-0.0002774469288865493,-0.12026762266783948,0.011369074135919555,-0.08869211984073597,-0.0031076166743965756,0.8922116110255803
0.014812075326903758,0.003686629506255259,-0.10135723487221161,0.011456374599512069,-0.0905374567836495,-0.0032800905949425503,0.8915352489664907
0.0024225855350444437,0.002101111591495211,-3.1114833721375508,-0.09174546811980377,-0.021387883059571986,-0.04733874140292943,-1.5893298629513648
0.0024424921877247365,0.002106777110604635,-3.124254132882463,-0.09406532993364988,-0.021386404710806165,-0.04795062037898789,-1.5941515756981859
0.0025082319799144825,0.002059971833345766,-3.1378853986805035,-0.09454329201088504,-0.0212305025964307,-0.04774917793447316,-1.5758188817456629
0.002489497834515881,0.002068672817383149,-3.1435950605713994,-0.09427479741648542,-0.021373135771067853,-0.04798673527172823,-1.5677193471684514
0.002502492869643198,0.00216480411048678,-3.145078164024925,-0.08670135944299442,-0.021537457017190908,-0.04769067741726578,-1.5479282302624513
0.0024985406966867877,0.0025110380850465416,-3.134458114388784,-0.08053107540475674,-0.02203330984587597,-0.04745254952694288,-1.5287080021539572
0.0023554677799441683,0.0022296271812087954,-3.0965814103903897,-0.06499191489300744,-0.022418851637028798,-0.04653187405884875,-1.498270357981441
0.0023455093491031864,0.001819721971859828,-3.089950662809616,-0.06438221320805836,-0.022176844664205855,-0.0453449746080221,-1.483563140616478
0.0023179829591068804,0.001047779507662625,-3.0105684324857394,-0.054308374719021155,-0.022988107024823092,-0.04637163937446014,-1.4076687812232633
0.0024396059788060927,0.0011661102156546488,-3.022637180870938,-0.05005789683220055,-0.024935647206363574,-0.047741176304172024,-1.3047304314927726
0.0024279475162241725,0.0011987544430269834,-3.0487408518073047,-0.04634785549483429,-0.025319891893259474,-0.04838018466899908,-1.2503919913103936
0.002303882247824192,0.0013902944260456925,-3.1093418382738887,-0.03856611151726898,-0.024826495187758358,-0.04701645807861202,-1.1728092644825727
0.0022709760721241613,0.0023156402924337472,-3.2480838751212344,-0.015610163894032242,-0.026504884781994857,-0.04314528796003646,-0.9303701384696766
0.0022219165828461828,0.002438839923988504,-3.2947705705181614,-0.017398198466846575,-0.030956758683833414,-0.0474406628000128,-0.8047166456610655
0.002510844630152412,0.002577206736063625,-3.292577980855557,-0.01642359896165283,-0.030680283372873235,-0.04464850132884127,-0.7469728696849275
0.0027489125835243903,0.0027854070940875933,-3.15970446996933,-0.010137828872264889,-0.027920001925804017,-0.03289804471630849,-0.6032504007100766
0.0029930685643440756,0.003259488327683854,-3.1241045211074407,0.004681842245649201,-0.02314491655177197,-0.02555438936553241,-0.4922318282604066
0.00317437996509812,0.0033725073900228116,-3.1040570453887733,0.015934466384985437,-0.021032242461879028,-0.021027766948628766,-0.4310412263942057
0.003844398991835976,0.004817340386300612,-3.1385978003451864,0.024899994259663483,-0.02118747578923794,-0.018797391071597606,-0.327853283952897
0.004003086463458912,0.0038483750156522163,-3.1343930952417782,0.03497886433008473,-0.023941135568258342,-0.019132413568159562,-0.22157961433310255
0.0038952555431239124,0.0027628673000590497,-3.1525804143822893,0.03173703415102939,-0.024190891075522202,-0.02133101002814954,-0.19270750782088766
0.003888054127613989,0.002403263093972206,-3.1472571930841085,0.024347487748395794,-0.02506927594553542,-0.019666451497911634,-0.18081621028909353
0.0037311927491597363,0.0020325208481824404,-3.1684693851237724,0.026380250639202855,-0.025826527276613217,-0.02244159162328786,-0.1821002652923899
0.0037182845298803875,0.0020778376312697196,-3.1464881204520823,0.021224947121527418,-0.026211366939431793,-0.02185491368036455,-0.15507472708096473
0.0037251772272407875,0.0015937747366045632,-3.143153054001873,0.02296931022005284,-0.030808497347534398,-0.021131197522086333,-0.14071724952185735
0.0036583038349094835,0.0014078616160754936,-3.1406543062520944,0.025197871658753593,-0.03074412534833151,-0.020712516792631832,-0.13874672017109232
0.003867028901845701,0.0010277365325589854,-3.1391782280691074,0.022701812337065145,-0.03516391961007997,-0.019914066821445708,-0.0726287090202028
0.0037897804486904255,0.0007615269315376865,-3.1551342859179674,0.021346579581587043,-0.03994301663448875,-0.020971888612274555,-0.03757401694099862
0.004043720224947525,0.0006919834668996592,-3.1602068520094537,0.02010050608450988,-0.04283720921739589,-0.020360564554071835,-0.018670889279923532
0.004456881299817526,0.0007019927864915166,-3.182656974332268,0.018815641733926403,-0.04348199246455469,-0.020691223406936937,0.002002849503788657
0.00508827668230454,0.001050595338074753,-3.190613292032552,0.01810989916897338,-0.04360699730936662,-0.019194132434459547,0.005355615828157636
0.005254827270388859,-0.00561904631044367,-3.2169142516425646,0.015409916302701384,-0.04974276950541298,-0.01881517949861382,0.03831280911926903
0.004984737009706387,-0.0016906604430012696,-3.2292420818348027,0.01672644855723582,-0.023437138495454993,-0.018464547880480457,0.05886884076505002
0.004907112233392022,-0.0023379253386756446,-3.241011453242497,0.015604866329101122,-0.023433676903784388,-0.021154444555747866,0.07446499983801938
0.004197370746339381,-0.0017312049798137391,-3.264143419494308,0.016164453212395655,-0.02411899382869618,-0.02125629020444937,0.10133784800198842
0.003540301152680766,-0.00063645410033045,-3.2987867388301524,0.015641486995095617,-0.025307799506490404,-0.01993810897277451,0.1342228214296517
0.002994458283464426,0.0008062551360789181,-3.339195584940971,0.014795193801051458,-0.02596649379283094,-0.018259429350956344,0.17458676933032147
0.0028427993524227546,0.0008795495171032123,-3.363340358744252,0.01530253193981469,-0.021222158378094665,-0.0194742275854572,0.17295833124410187
0.002397949880204309,-0.0019765370442124093,-3.4093258086498146,0.022750362254949426,-0.018712808477938603,-0.020228342298018405,0.15765365348302413
0.0020102553489305688,-0.002064680936464146,-3.4268242767113657,0.019774153025204376,-0.018478862215392786,-0.019074473538125733,0.18777403110660226
0.0018950183889087603,-0.0024524126054195888,-3.469381117467522,0.026682420922946183,-0.024839440367190685,-0.020799156297797,0.19390312981023958
0.001868415019379743,-0.0025781504964249996,-3.4753977111192147,0.029732018577799467,-0.025380102166590958,-0.021355469462164968,0.20523899219552966
0.0016173353271307415,-0.0029727795110581906,-3.496838869973412,0.028415129097575972,-0.029524217577284836,-0.01606270118574056,0.25834198251694446
0.0013757337953035566,-0.003247923718492115,-3.5873279380186816,0.03425444662492214,-0.028991913225943865,-0.0180221392343042,0.31745568034995136
0.001313641910966164,-0.003566274640805761,-3.6515317707048256,0.03603163432115506,-0.027731519300237376,-0.013983326425770144,0.3885559083697745
0.0015245431188659906,0.007565058351508118,-3.6572987506699803,0.03274935894573119,-0.026717222500512873,-0.02330319122434397,0.45085540739548724
0.0018307217447773082,0.015538186170865205,-3.7564891987443128,0.03217923274637353,-0.019881755688130935,-0.028483215855189488,0.5029148174025517
0.0018709644713189556,0.01836887920915199,-3.8569158363343545,0.03673539303792871,-0.01183296719456924,-0.029659941275168564,0.5233765581182187
0.0019696790318156957,0.008479955308576148,-3.6352820437207285,0.024447991920356647,-0.023263831933148862,-0.06439002457098922,0.5986649466301815
0.0019210576825553053,0.006716500668864799,-3.47534495795736,0.020020357405105653,-0.04347093553152303,-0.07116723032618977,0.6685446607097058
0.001299071274526197,0.003201141421278586,-3.279540767112375,0.023949299288574588,-0.04399967232258703,-0.07135325940255383,0.6948408151603324
0.0011913567189368985,0.0027207296698886947,-3.223305635281798,0.028382303940416506,-0.04159725466650538,-0.07638056587679068,0.7344737080411141
0.002034799548433159,0.006145411203440589,-3.5811611292971013,0.04145800641966009,-0.02869154769615555,-0.027139290970674638,0.7767286950451386
0.0020332334847194176,0.0061718214410383335,-3.5815082829635796,0.04157992962404805,-0.02838955888942535,-0.027178112625381824,0.7771045288316945
0.002038275005027523,0.006075880187535307,-3.5799194406999875,0.04239033578723929,-0.028478574001408342,-0.028855724422467765,0.7752755851158917
0.002035550072841144,0.00494920909712732,-3.556413313169325,0.04801250495738468,-0.0008396224952476543,-0.03356751104485449,0.7926501210827145
0.00208564688341482,0.00451389030654752,-3.5470750683616865,0.0484900691450414,-0.0014931836840477684,-0.03535470446131512,0.7998827830051515
0.0020851816865168813,0.005683787571469905,-3.5291358422052026,0.04874304152913448,0.003654365220110752,-0.043028974872462857,0.8026606904860358
0.011311875868061573,-0.00336975209987,-0.17778610832597772,0.0829855911946018,-0.039103050801321586,0.031227560149167763,-2.143957781781405
0.011323122901945194,-0.0031302241847844425,-0.04005980965652239,0.09550582551603902,-0.036083904895024506,0.02841546175383061,-2.013849610071408
0.01095019963000408,-0.0035496463364192133,-0.021678367610410497,0.09590489815674141,-0.033212734466882644,0.027495847278749423,-2.013674750151673
0.01050131104910613,-0.003479722510220725,0.004977020231903253,0.09779999152971328,-0.030750595552324768,0.026043308817172046,-2.002676120843562
0.010442474376553589,-0.003242171098756006,0.01012091646873259,0.09703688770899514,-0.029536783929576774,0.02474849673646455,-1.9860695051484267
0.009659193308729977,-0.0033238967031257115,0.0769323859018929,0.09679395724421101,-0.022674996818318086,0.02107184619143118,-1.945335439390349
0.00859546051100231,-0.0036663757683967897,0.10075612650593131,0.09036131725965499,-0.02315723567735758,0.019083676444733973,-1.9150920353835559
0.008455464640682033,-0.0031063171593059837,0.1007462187953915,0.08477244837203472,-0.021516078304494344,0.019578401639904458,-1.8867450533835863
0.007154933059281365,-0.0027444508610804303,0.08895340968417206,0.0858289896722266,-0.022155709132280387,0.015639943908420422,-1.7635465490773718
0.006833227884839831,-0.002260616103700283,0.14938481716962354,0.07637698085333514,-0.02827983655154905,0.009231959314492142,-1.7092291927110133
0.006005395481173671,-0.0009959954488716575,0.1437306519832182,0.07344082419153412,-0.02553578722563044,-0.001388808334958212,-1.6118953379986873
0.005285365002205195,-0.0006679636220535986,0.2046516545812821,0.08023906646643035,-0.026481875469128467,0.0025729568192813797,-1.4515695931533548
0.0070687507162067505,0.0001791220097240116,0.1496964497318428,0.08377687445715885,-0.010140947094066276,0.013030829201928497,-1.1120501661200808
-0.06838334942238637,0.0022777939481576173,0.1342655545406018,0.2406641487335769,-0.02894711834109875,0.0015274644109901571,-0.8715037190941612
-0.08263595933738653,-0.0043241852985110825,0.04686091316150597,0.2594444577212132,-0.0268852504439735,0.005679022104199322,-0.8785317583368416
-0.08875696610234884,0.0052074503330660354,-0.0034194335580263837,0.27431628696618227,-0.011971379404313365,0.013207289923065956,-0.7968353052293872
-0.08805078045645313,-0.009638055586951546,0.08118116171327397,0.2656673713491923,-0.03073733852377052,0.0029212082612841673,-0.7366384249747087
-0.06833002591174278,-0.016950554123155867,0.3326590858918481,0.14933105172157246,-0.019050556392910128,0.010471407975472139,-0.7545968469809549
-0.026896976847393946,-0.03629328810926047,0.6292261565567014,0.10102468925080597,-0.027208041723755738,0.0017748763807469222,-0.6192376766750775
-0.02351186954937307,-0.04348998549092428,0.6201066407390291,0.09917674854662098,-0.028988750398800698,-0.0034195666480838194,-0.5611287037832459
0.0007053919042040991,-0.047145081480495926,0.6323428037611722,0.06693411024573169,-0.02467411441435179,-0.012021765947992258,-0.5462340649209281
0.0015693393402531532,-0.044049390085579246,0.538154558254944,0.07489836927565843,-0.025367372294842164,-0.00881266104773775,-0.5216909444630985
0.0018650980578455451,-0.04160146792354544,0.5259209011042888,0.07853654394383575,-0.027963584634089864,-0.00863947519746521,-0.5157188971838291
0.0017104869033277162,-0.046284376360909554,0.540310529432323,0.07829822669785066,-0.029379314145822774,-0.007792688951119297,-0.4850159383255589
0.0015195197087242256,-0.046442235247855165,0.5417878435715588,0.07620583975684533,-0.030644073252444747,-0.008872448850157331,-0.477856569469227
0.0007697785425213645,-0.0450558618895751,0.5972261674177711,0.07059525491730416,-0.03162307495896393,-0.009132420051398731,-0.47765458386458526
0.0009451743542032353,-0.043572567701316234,0.6562254685613851,0.07185793415464055,-0.037213786426217914,-0.0032502370127764526,-0.4084627318974274
0.0008659287435208388,-0.04114819641878413,0.7605658607391699,0.07203465389203152,-0.04192240013765501,-0.0022007615102151495,-0.31905414034270524
-0.018376643833036818,-0.036214016310538534,0.8744420456349703,0.09537988891561537,-0.040420671163471214,-0.015934503129657187,-0.2500328748268633
0.002820521178377031,0.020991305675925605,0.9283514910784063,0.0717816565610106,-0.039492912887207424,-0.014982883746739496,-0.12783556218113878
0.0028245483826767072,0.01861477303542856,0.981393601485088,0.07086220349199968,-0.04116645087400014,-0.026465532553768063,-0.09987037643512507
0.00315703348615635,0.013708295497602436,1.0084516407031348,0.07016522365338454,-0.038001311181603326,-0.03476983482025807,-0.017146318817788154
0.003012276741930073,0.012817278688983995,1.0349160432395252,0.07018643615092689,-0.0406613576229192,-0.039658606450834716,0.029757197039676848
0.003925616898509386,0.013413398882480032,1.1018558616161684,0.0667160806732165,-0.05092362874084719,-0.04954620540117356,0.05749951896300713
0.002892683852209471,0.010725208496223526,1.1685019050360304,0.06497069520794233,-0.06263110806515834,-0.05347525692615225,0.07528004313622347
0.001722365589033058,0.00914795551069317,1.1851253942554907,0.057089120341993496,-0.07211851609734879,-0.05182572490881218,0.10518738654607071
0.0007868489022358329,0.008010214253674342,1.1581538974424817,0.05170709951348369,-0.075799281437784,-0.0480473441312398,0.1453450694931056
0.0006714187453644204,0.008036028491391586,1.1648998494310034,0.04887793836473611,-0.07837545256580328,-0.046416559799921944,0.15491951740082543
-0.0001746775210532436,0.005230100619452523,1.1738083791646126,0.05211547365085492,-0.0803343853961073,-0.046934207605535974,0.19514370524515562
-0.006237684616562443,0.0044859714106479116,1.2161949255002742,0.05039407241883583,0.018248128722431006,-0.06113960659950864,0.2612344921245822
-0.006386781878956835,0.00462420514153619,1.2152126461867128,0.050726783144841754,0.017614994924962463,-0.0628305855913885,0.2856293991734766
-0.006524767004380567,0.00432528366308726,1.2101479658285121,0.049216715873385095,0.018110617151475532,-0.06327323378135305,0.3030688410942738
-0.0069667647805271475,0.003226667358123558,1.2483320318583777,0.04620220415926708,0.02442964437546506,-0.06914431552868086,0.3538848831527639
-0.009004821540620765,0.0025901085193649237,1.3109835711621025,0.052075231365982896,0.025664310044523023,-0.06785963243668693,0.507199275098781
-0.01094641525004153,0.0009127363824321899,1.4411407978003743,0.051430120756892114,0.035648426530902236,-0.05746340838645742,0.7051953095904356
-0.021481926811671652,-0.00010146971204628932,1.5661123824174126,0.04635629479759057,0.22175142491072053,-0.05198732483992695,0.8090135850867289
-0.02154312513047616,-0.0006784580362432683,1.6026804138360098,0.04043302547697811,0.23006384870641622,-0.05270089432194757,0.8884223553806316
-0.021808355027657517,0.00022318431107518622,1.6116484260906936,0.040998584258381154,0.21377722765840151,-0.051635447012931816,0.9493095497318637
-0.02127613785438171,0.00019366569589522828,1.6026881331756397,0.041956976562232864,0.20630892563019942,-0.053523019381577025,0.9648274573449275
-0.026844365763067014,0.00017614369091307138,1.6052203123856001,0.04000301130453887,0.20863773970143715,-0.05216828277072087,0.9817171048734156
-0.035070040037009656,-0.0009307927064876922,1.5911825981463763,0.03955679058481581,0.2146788377493754,-0.05306704799878299,1.0062800246456407
-0.03486767064245641,-0.0007313801003177824,1.5909397843175919,0.039595563215107675,0.2151224842332784,-0.05356801658263172,1.0083022839876903
-0.034431953260193146,-0.0006590851753723162,1.596327875902736,0.03944667438779142,0.21629116999381764,-0.05437636235570033,1.009423642313634
-0.03418122038530305,-0.0006195633747317339,1.595938240711641,0.03934818582656282,0.21593062597557106,-0.05458832842476165,1.0101940214777336
-0.03411784624166263,-0.0006142372489388335,1.596262117013379,0.03880586532620974,0.21747043304235797,-0.054824400164028654,1.00692953642705
-0.03411993774092259,-0.0005509938481559178,1.5970851521603864,0.038968101074176954,0.2168585906480655,-0.05492226606753823,1.0065928219283578
-0.033978169083087414,-0.0007200766518643172,1.6004497785659324,0.0383640032283258,0.21595504806148152,-0.05549851420000156,1.0064789363142408
-0.03346469748262189,-0.0006675599520476241,1.6037981475573964,0.038133959060279866,0.21607100026361525,-0.05687262029500247,1.0073367829498974
-0.03025649164463635,0.0014180412457967398,1.1396462037675887,-0.002314980425533693,-0.034637340246790695,-0.048360829456005894,-2.1730627937760936
-0.031748423192011134,0.001266939540143345,1.1112690454195369,0.0007380801351816797,-0.029737000185601253,-0.04678263087218814,-2.1529709781038604
-0.032805276929115376,0.001529712885906601,1.1757987039732785,0.008416542367649996,-0.03380417113020863,-0.04781412014170532,-2.1074129581514636
-0.03187020264308322,0.0017996678572959656,1.2223844323488935,0.019634010116033312,-0.034115031534976255,-0.04673984870342938,-2.1006068631969526
-0.03298180324072664,-0.006250415114080084,1.3325033119850478,0.01668966926694265,-0.0387624275514552,-0.049152074348597107,-2.090261391379919
-0.03208420313192209,0.001350380689394783,1.3760349971812282,0.015678616758712505,-0.027790194076692275,-0.052304652349918324,-2.1377564501717257
-0.030769766465462638,0.0023508175836615334,1.3419186427884073,0.01408083295762357,-0.02708323187379348,-0.05196029021369551,-2.1156583210430537
-0.03159120065642563,0.0024322427845240107,1.3181221509575076,0.015068886571114486,-0.0278544629952427,-0.0508230631980198,-2.0903307832601135
-0.031865661612751436,0.0015292103220586831,1.364899476284791,0.012489601034606914,-0.03816032271413971,-0.050779341616880545,-2.103510814209068
-0.03109582858026393,-0.0004820784185285208,1.367286141479301,-0.0020244207540199197,-0.04810578728465965,-0.05732978730568288,-2.0133054474707994
-0.031203710971438352,-0.0018134020342675322,1.395320820849777,-0.016812688127963854,-0.052226039896919374,-0.0549807543083113,-1.9005573559699147
-0.031234695978512902,-0.001627449029802533,1.4361859377431683,-0.02630441705903226,-0.05531385218025969,-0.05578062194866775,-1.7584126847005082
0.004302919733021983,-0.015346605606807675,1.546873590224527,-0.03344691831084351,-0.033823719562711366,-0.06160200441909609,-1.2842684940006615
0.00573434144567597,-0.024946888598080905,1.5787278670419052,-0.022741439521532653,-0.04082143794287458,-0.06412480699910965,-1.0544713777145986
0.00700431782237145,-0.01911507063530815,1.7317758065258975,-0.027044311339055674,-0.04769436974884643,-0.06012231993361336,-1.0293310310902468
0.007218224659004731,-0.025063086197122695,1.6991889759994712,-0.029396906120377393,-0.034566261805547456,-0.06040865105780186,-0.982110218338993
0.01161307375107737,-0.016236638611466323,1.9485762029323286,-0.02310676256986931,-0.03627343626483965,-0.05327895681607446,-0.9819964209683096
0.013314488458255528,-0.014184129418760166,2.0600624606964377,-0.02928012571464941,-0.03211006373145494,-0.05959688323051204,-1.0083755301672808
0.026127218915395965,-0.018111730881274858,2.231269331922148,-0.035872042620283616,-0.04088122410699402,-0.05961021988791449,-0.7444396658774678
0.026459311370127366,-0.020378488908108793,2.390039807101289,-0.042703797497679684,-0.05607289656481017,-0.06269530764032265,-0.5929448717397279
0.023863819750986427,-0.009890929077140254,2.465629868910369,-0.04002413874758845,-0.06122202631503978,-0.06575863300241462,-0.5001775739788116
0.022178842083917176,-0.009786621087455599,2.4806581532918455,-0.04794633685869164,-0.0625548988139546,-0.06685060522789421,-0.5284937225401889
0.019856878353334224,-0.009549501927600654,2.4869315538529935,-0.06437392048246242,-0.06274153329202371,-0.06748545076973986,-0.5491674786139004
0.018870072407729484,-0.009156084314080465,2.5998015132318724,-0.07870922747739903,-0.05485795458932245,-0.05698436594928353,-0.6543577148016261
0.018571801550061218,-0.009353362936459345,2.6513963244802645,-0.0833543804919594,-0.050939285016148465,-0.051113492937883684,-0.6930801636725402
0.01723998813442687,-0.010792576887410896,2.6620224295855563,-0.08673746617500187,-0.05077650828911293,-0.0524500596935182,-0.6753077131862418
0.01831012129742829,-0.009992886740014233,2.689160281007227,-0.08635963579260918,-0.051368271885778034,-0.05141508894309882,-0.6043462516726799
0.01857763746048973,-0.00853944848658826,2.7603459223778897,-0.0845461597507522,-0.04659665775478096,-0.05203326289608241,-0.48969030743989955
0.01935372923182127,-0.008370135360803447,2.762458356757171,-0.0845769664347456,-0.04518615895956338,-0.050822343447364055,-0.46188094318613565
0.020136992087145103,-0.007220148230741588,2.7808257836666375,-0.08239665417117026,-0.04246704673510514,-0.056153118031552596,-0.4167122162055076
0.021181677001966187,-0.007461579087221545,2.814910697445634,-0.07802744553753808,-0.03774822022955476,-0.05274215906207773,-0.40888928580715883
0.019630575710673684,-0.0042714830415276316,2.922959957681079,-0.0866877346114783,-0.02658743874814164,-0.06742803388171645,-0.2963833772988718
-0.09207893286128288,-0.004017976205340612,3.1795837764342356,-0.11057589445574911,-0.019347242586279904,-0.07085775763679567,-0.21546209853927434
-0.09321768406114825,-0.0046063327543297335,3.2737685206199054,-0.09714670597245173,-0.01219450404308974,-0.05798747859144377,-0.11563732488461416
0.020907500869166616,-0.004195559502176039,3.233740699161289,-0.0744882806653271,-0.007892349240465387,-0.03466136461602136,0.02807353591715022
0.02080552387721913,-0.0025512156519967087,3.3661687926742565,-0.06181949297480966,-0.00214468652888197,-0.015182705884480603,0.1487854514246791
0.019061796036386656,-0.0010928029105981517,3.4208004676900976,-0.06010229316715161,0.002719083185429633,-0.0020875576514095186,0.25457897389982864
0.018671823955340172,-0.0007997555311726523,3.4200018276613027,-0.060435321950552415,0.0025285041646381746,-0.0014793824300298579,0.2687783570391418
0.018763973511634897,0.00021635597164027876,3.4152641397983294,-0.054465042476962044,0.0019033163056655874,-0.001086869481325718,0.29084352107725425
0.01838546894904366,0.0013520932733892428,3.4631137544009265,-0.04131832369093012,0.0042652621973220655,0.0019198316256230567,0.3700434282440567
0.01857957759677163,0.0015256383914332868,3.5039006127343164,-0.016813409396497097,0.004772054413719402,0.005839865386556523,0.42639043124540504
0.019509183383056773,0.002584701381328915,3.584943581768927,-0.004798662932212268,0.0069098448737904255,0.010779744034874167,0.4912265199072295
0.015504133201267223,0.00447280240878067,3.706566463776276,0.0019953454145809966,0.004599904225726542,0.011151203082360072,0.5534504810619332
0.0061119731140256255,0.003783049126479326,3.8421380197081882,-0.03109834279480009,0.004789772046741308,0.0012417570204028264,0.7258795985842751
0.005465819844636425,0.004192320504848731,3.9658096477718185,-0.07045876906765318,0.0003024804815812027,-0.0016392153275677634,0.8523085593474096
0.004445400457457706,0.0016447662727219852,4.301034913042703,-0.08398397770505181,-0.0054423986133156094,-0.01234953986043787,1.0108255792707117
0.004098480400023434,0.002018190059042826,4.432671827123595,-0.08123819008111446,-0.009949740881978673,-0.014489544682472617,1.1234878448183492
0.003859242348473974,0.002313246528769909,4.50233187819299,-0.08282269342661436,-0.010522733738917505,-0.015278931907206889,1.1792890596368164
0.0038623471007527155,-0.0010939087154203042,4.644172343038749,-0.06899571191181121,-0.008831096205915073,-0.014918673336485926,1.2442306392262792
0.0033843647370619926,-0.0015253087092426609,4.706676439156762,-0.06541913661017976,-0.00887943551280027,-0.01499322541070754,1.295839109772796
0.0031398170966576142,-0.0031571195804031807,4.770408333613915,-0.05263336674042407,-0.008065441704996545,-0.015076097607246802,1.3358411128390433
0.0027698198339295237,-0.003958279457825155,4.819506389692531,-0.03498337417721326,-0.007790775162916435,-0.015134799442593723,1.3701360437148251
0.0024760326385727407,-0.0040117287269465125,4.841006559970539,-0.030814738756872545,-0.007773815801983363,-0.015163494629443233,1.3828277519168224
0.0023026153854302654,0.005084543549553897,4.835432127211032,-0.028264637529441118,-0.008666220803168423,-0.016135452790866825,1.397792571474005
0.0023068436963636367,0.005021879788277628,4.836129748508457,-0.02894710647754966,-0.008848952482545873,-0.016068186045515714,1.3953455845262934
0.002239080985214507,0.005044797655944328,4.833435546059803,-0.029383532349702507,-0.008869982594085503,-0.015945276708976025,1.3931883361946031
-0.022360561061984856,0.004789464295478611,4.866002197337753,-0.031575626016066234,-0.01187025343343861,-0.017265386253576702,1.4377573647820339
-0.022460957646663227,0.004759710318788792,4.87127744282329,-0.03168088208455354,-0.012134263216572046,-0.017459569679133445,1.4453346411345906
0.010221885618677474,-0.003038603232742195,0.014783009068087475,0.08776908474603705,-0.046546473114928474,0.020698493272671526,-2.0545757843467936
0.00982335826043956,-0.00306663665005708,0.01926616126383965,0.08624289442586612,-0.048092689193013835,0.01837280649227846,-2.054515497097314
0.00926005418436158,-0.0027888165265123545,0.035383414393678134,0.08556111164316677,-0.04367437678632509,0.013117520109271518,-2.026950434379051
0.00913154378722378,-0.0038830891001042883,0.05722802361979395,0.08253786085956669,-0.03950395643016779,0.011016192448491864,-2.0110981203556686
0.015781252319017933,-0.00177523830977545,0.02851106828543902,0.07906595745198385,-0.039868628132518805,0.007998993759496942,-1.953429612361212
0.007403545437689752,-0.002474731334516976,0.0506196254455531,0.07294322886653459,-0.042643974808160394,-0.0010554857715361174,-1.977702092069894
0.005900523044544381,-0.0007742915665252824,0.06733671317193472,0.06824326268655125,-0.037624339650586106,-0.005153410670555842,-1.9496643650289849
0.006761958993793547,-0.00043939138934742195,-0.1861752131631306,0.06326821278938802,-0.03393268505677433,-0.009266700696539256,-1.7998591233074486
0.004125728648821804,0.0014595545558292627,0.2682154684498915,0.053348955709772945,-0.029661559555157598,-0.058116339375645844,-2.0946489689962102
0.002009022403868246,0.001864307281469515,0.3991591152455167,0.03105872350950406,-0.041131260021932736,-0.07928352370317697,-1.92025874350789
0.0019127141933607192,0.001803800899760472,0.4183778397510868,0.027755099429815994,-0.046438895109682264,-0.07988452172116958,-1.8276218620056368
0.001286900061227859,0.001516340525045561,0.5362119591741411,0.04181305468612722,-0.04408238791077589,-0.07506978998087105,-1.6422665209555842
-0.0004860189526070843,0.002889937985144853,0.6382351896076526,0.005738680524464506,-0.0548841769130278,-0.07063816404819703,-1.275475557687277
-0.0005569789047970334,0.0029880932172790644,0.629510830969467,-0.0002783255543460198,-0.06542716638970818,-0.08028237080892042,-1.094189017669125
-0.00023298823776166997,0.003114821809397994,0.6457020051427708,0.0038804671254195036,-0.06480529446866706,-0.07952095836559792,-1.036627688777302
0.0006487194457092823,0.0043703563100612654,0.7177479895536534,0.014952211853955994,-0.06345136379035744,-0.07438902126456022,-0.9336316674033829
0.0008034877271996023,0.006700597755962726,0.7554239893651471,0.02798277595966022,-0.057956232007044764,-0.06300289220934038,-0.8123068983583049
0.0004370173557888646,-0.017557395059399645,0.8063344977339101,0.03342098828764489,-0.05453622991211557,-0.052561592029229116,-0.7913741738142894
0.0010346774366728818,-0.03474810133732499,0.8105440831542787,0.03686192653028525,-0.045292804640693,-0.05212164657900637,-0.6754202378748427
0.0007250876712348536,-0.04063128978770333,0.7889087108002153,0.03630653806480847,-0.036467355905031876,-0.05846793227437454,-0.6045619375150908
-0.0002976275614693148,-0.03752437269464755,0.7891215442568703,0.03634359026737519,-0.033713645203803766,-0.06446984067590913,-0.5827065466543521
0.0010712657940427665,0.017432520930265736,0.8171300274123111,0.033246062051377166,-0.0375287779500473,-0.07194332636817405,-0.5370735452993467
0.0011332424569546668,0.017426460033865932,0.8305473400776965,0.03479253016781902,-0.03834160100383608,-0.07259549295178874,-0.5418176456862046
0.0011198170999881444,0.017033577112967577,0.8526344309854922,0.03723065759092439,-0.03949403269964195,-0.07394501929706876,-0.5227452994368328
0.002432397685922429,0.017371118175771572,0.8873975737143264,0.03895000155750405,-0.04147139903349108,-0.07444073760243405,-0.5434927892464707
0.002520944040382335,0.01661051710504817,0.9361489051084623,0.040718826768981004,-0.04129835232226843,-0.07784789964557721,-0.5673868952882213
0.0010163875963434777,-0.0341218796280313,0.9402260681517943,0.04578117853623274,-0.042554392587160005,-0.06325029813224192,-0.557242987519573
0.0009780164585444016,-0.031795177864882826,0.9978775449275055,0.044142681840437833,-0.04667292847240093,-0.0567210444592767,-0.464598854023324
0.0011589458317584895,-0.03199961265230139,1.049926284930164,0.045531952601060015,-0.052837852299825565,-0.05545502141788125,-0.39726664577862986
0.002756001550718479,0.014713440696150507,1.1342087772836582,0.042818883868877264,-0.05640277773614228,-0.06533203925438477,-0.28894936264160015
0.002032980490686028,0.012907853966632176,1.1740014259446465,0.04152820985046847,-0.01767396741408232,-0.07210690356552557,-0.27803341185214203
0.0020393932173901,0.012048235165784295,1.2017405776861472,0.042676584306511764,-0.012986615858597913,-0.08085924115152754,-0.18364965332307853
0.001640557536749534,0.012859775007342174,1.2142698087639228,0.040730329364861526,-0.009452918595464124,-0.08735369708038762,-0.12304304053786441
0.0007093234928481813,0.012439006858869424,1.2362951616436662,0.03731242904904997,-0.004374145927730991,-0.09206115710409922,-0.06717900437499917
0.003160922808683814,0.010406090319991141,1.3062811719458227,0.03179599430356272,-0.07994083380027832,-0.08582438203565305,-0.003902808133561595
0.0025374211904290347,0.009488141497671236,1.3107640359916488,0.028248388740585037,-0.08363157212233431,-0.08313063850920702,0.0431340686888357
0.001648839650828978,0.008011398960387939,1.283325173528353,0.024744741448841832,-0.08619676926799989,-0.08532642980863955,0.09374177424620313
0.0015081532138448016,0.00794731929118309,1.2779949494670513,0.023332895120161998,-0.0868873934592168,-0.08664775756887755,0.10684582936336835
0.0005836967249197948,0.005466129147790877,1.2690884878696274,0.026008429843445,-0.09339491242907087,-0.07683505982358575,0.13852145615888387
-0.00037950688161650007,0.004774676183418644,1.2570382145403347,0.02461298875250794,-0.09487088746698037,-0.07360190174333169,0.17594281023946245
-0.0006637518666030499,0.004835549565235649,1.2641924010362091,0.024489322351521604,-0.09765644279503848,-0.07747764480936685,0.21018136703204587
-0.0008433031948739381,0.004455091927739896,1.2797176022258139,0.02309145620872912,-0.09812876540395561,-0.0860419543073279,0.23413940575231618
-0.0016045827205527574,0.003084696207835381,1.3210454714271298,0.01787402112177676,-0.10202846339483111,-0.09250690251811154,0.3238523122297544
-0.00314241222204034,0.0017520574442115846,1.3761563316261014,0.01867882907895129,-0.10238661243125506,-0.08442204213358177,0.4807998795819504
-0.003066491403939272,0.0007109602500662923,1.4678230663693344,0.02007559968453839,-0.10213923727110716,-0.06902138820560347,0.6541381873160703
-0.0033809701372160047,0.00034225535001529764,1.4839907974938766,0.019481463269357634,-0.10722144819816831,-0.06083649703776036,0.7149601297989476
-0.005008533721583956,0.00026912208553153336,1.4898507260688374,0.022064089560537185,-0.1094629023555044,-0.05630379394833251,0.8006544451648896
-0.004765002968000817,0.001127376069444691,1.5159002021136665,0.02815258126227252,-0.10258882662125249,-0.05355614899763932,0.888693959389959
-0.004313482188169969,0.0008842497037615976,1.5196146368117356,0.02345532344484718,-0.10087153266044288,-0.05375158991812671,0.9109218924873184
0.0016951799282234887,0.003296202789840525,1.576336173527385,0.002120552440861246,-0.15037215534836806,-0.05577124674164113,0.98635800008671
-0.004709612102550244,-0.007077973902690558,1.5654901191399815,-0.003236770701072433,-0.1491983751531743,-0.05639216712728321,1.008081926361111
-0.008527776395283052,-0.0071645491795946726,1.5694162510323677,-0.006062322553400473,-0.15003717890421797,-0.05746545372718347,1.010888013757718
-0.011492233779278237,-0.007109906985689079,1.5907831908662633,-0.006726360458466061,-0.14888651431360145,-0.0632969799443602,1.006786913669979
-0.01479529796889284,-0.006991002548286795,1.602267721225759,-0.006824443216248312,-0.15266846505779347,-0.06459162986993094,1.003553487185185
-0.021879239517998226,-0.00534897317962135,1.658237993695365,-0.009852640047084424,-0.16121983174270157,-0.07953538618361446,0.9591820869067966
-0.02212045526626043,-0.005086604868292362,1.6623118352891004,-0.008891176957224911,-0.1635168843023417,-0.08220359249051422,0.9446105517042932
-0.0228558074712641,-0.005203472528818334,1.6770279301635398,-0.009965843420995482,-0.16336692757925916,-0.08396939588937428,0.939294650613311
-0.026003167044677488,-0.003439890089593708,1.7469561241921323,-0.00790617788819839,-0.1691500005164645,-0.09548056865729372,0.8992782806638329
0.00018606209560032033,-0.0030141235398045215,-1.4064219159295488,0.12364910397000757,0.03314398762291547,0.03097752818485521,0.6974093850164604
-0.013802962175082041,-0.003289731251603488,-1.3674134669722446,0.1452081020847168,0.0343980899951944,0.035292831634124,0.7687651814317357
-0.01362711742942119,-0.00343341375705669,-1.3647073942458459,0.15993965022822101,0.04890303161405602,0.03874552270914411,0.900876328940076
-0.014639776053038712,-0.0033935662469690583,-1.2868199629597907,0.19272789996400563,0.07551658795611811,0.0285732672698906,1.0180160488318515
-0.013850244574870035,-0.003559963130112995,-1.237962036129324,0.19361248723021346,0.055729163429746785,0.027372265378436723,0.9776202636570781
-0.013947242997309355,-0.0030520710011800946,-1.129221087090722,0.19099989768278178,0.04014648596973849,0.03013819164060606,1.0135836883958227
-0.014529991517735808,-0.0029332942720901767,-1.1044312655098847,0.18162135823723002,0.04042327822192315,0.02447996016543076,1.035001359492822
-0.020117698902934404,-0.0018391912659951601,-0.9287269060958792,0.18629907340830834,0.006378134473623452,0.04180482547557828,0.9752899574371687
-0.019359150736692643,-0.0017743598152648113,-0.9679758804684755,0.17765615025032128,0.021413722303402383,0.035551295905578616,0.9556664361084865
-0.024100449218407087,-0.0022308225508045616,-0.8652252216375975,0.179572075827771,-0.010456779879277437,0.05365886547755467,0.9563424030273665
-0.02044752931439369,-0.0022266883338078343,-0.9167495000048976,0.16591497803331412,-0.0109961346059018,0.04980733394488968,0.9715606565751331
-0.014870621061038092,-0.0030150461994165917,-1.1100366885261759,0.16064917781283578,0.03649248343038812,0.022931110605993905,1.0243361208108672
-0.013937068551667705,-0.0028365196782780358,-1.1756914651313408,0.1696807276334369,0.03695670365967563,0.030296171272422064,1.0157515330075872
-0.014435686831577109,-0.002587534950550117,-1.242566571237121,0.1623531165897117,0.05540729629086315,0.022276093170821805,1.0207811350324303
0.0011306048973217056,0.003037043130075462,-1.9187809829954747,0.08548784797323129,0.042088444734515784,-0.11189125396690838,-1.6134703638958205
0.0004831271312665656,0.001586628855895051,-1.834869989381707,0.07728512548189424,0.03336102374639563,-0.10578702696401107,-1.611841917207288
0.00027727940623036403,0.0012390809033156996,-1.7691325973486873,0.06120969083397468,0.03161382332435454,-0.1043589587878582,-1.5773354627774512
0.00024699354224202004,0.0005892784877210914,-1.753174172859826,0.05992076585359079,0.027414344900441156,-0.10415178521631757,-1.561797897156298
0.0009650028708801963,-0.0021850300440432093,-1.6870663757865272,0.0635488196127571,0.019616025699967583,-0.10687322420358515,-1.5596447862851286
0.0007132906436078204,-0.0047704289848092395,-1.60783611754745,0.05924759835289421,0.015962247813878883,-0.09161313002143108,-1.591158265300337
0.002340687262366913,-0.005717244282369929,-1.4060841359491587,0.048806698472256944,0.012329910980949873,-0.06469728729344786,-1.6368996225902315
0.003054438527791823,-0.005748454045735066,-1.2541238198837195,0.04179136396186497,0.00496279115256573,-0.050188917422719984,-1.681874665663519
0.0028950419969859787,-0.005874566095881071,-1.2042349814757134,0.04395582054769149,0.0057742840929656866,-0.042760510353508856,-1.6613108558826488
0.0029978970912932475,-0.00594106739526599,-1.201724791017681,0.03916676685396749,0.01047267964595509,-0.044391666914128755,-1.5748059491739526
0.0026353429270095656,-0.0060467155084838065,-1.193078382987796,0.034717448653706386,0.011536289207950554,-0.04355940691609582,-1.533489813979485
0.002537294007437564,-0.006827673750752638,-1.1280851661006992,0.041098203518845584,0.011515361399953544,-0.03483300735892765,-1.408518803703822
0.0032988991775301257,-0.006176472436347979,-1.1320589401866317,0.028751230538792024,0.01184400637390381,-0.03170856631147343,-1.2079154392015876
0.003397500156491214,-0.0030939296776951635,-0.9461164027250167,0.018625348553839977,0.019197114289375015,-0.026488741475503563,-0.9487340042519532
0.046779156945951625,0.0030308334518367535,-0.9030198286006604,-0.04814438397992858,0.028900704565519367,-0.02695730540127969,-0.8907027630952205
0.05322507717065824,-0.0007532923616693554,-0.8380066392952218,-0.045163700257168385,0.031348542159428644,-0.01684262668971187,-0.8317782080035562
0.06427894130947054,-0.0021784696069934795,-0.7034573947617355,-0.05579892114985419,0.04125736466340417,-0.010242420763088964,-0.7081948698405189
0.06766050891899253,-0.0034586941979474393,-0.6794733634615432,-0.02601038357118259,0.03769091743381033,-0.009417146452859347,-0.6534470567857923
0.07126804295134183,-0.007564083285192591,-0.6976291043709274,-0.039327428840013993,0.041874880544780446,-0.010630072530019607,-0.5569402098937829
0.0677510345916767,0.005276499457713782,-0.7540058448938683,-0.02042097327953671,0.04598112977295328,-0.010797519638099728,-0.46420604973978796
0.06552844089757455,0.003989765673021433,-0.7812212565883438,-0.00514822661414587,0.046160226058907045,-0.014635282001805625,-0.4243884770009139
0.0651540122075935,0.002713879288830716,-0.7983632260243467,-0.00486912039549733,0.046228591916033415,-0.015320929537617742,-0.417598047227519
0.06500834785081801,-0.0056821065000208755,-0.7846943288168884,-0.006894233402080713,0.04660301893623706,-0.015322664185201415,-0.4266219212616373
0.06866455602167593,-0.00664441806463885,-0.7681824602081924,-0.010192422088279283,0.048137295037927096,-0.01352228355216424,-0.4138629492975067
0.05612052607215964,-0.0065387924518584195,-0.7689168723158568,-0.004133006139438232,0.0499112521879505,-0.012304840199913404,-0.40201483662063825
0.05331816677442764,-0.0066052487610268424,-0.713057938574028,-0.0007352319912245918,0.052491169353151436,-0.009405209556454247,-0.3869074482513829
0.04755700128871161,-0.0064257517417856845,-0.7224723605663925,0.004880812029163249,0.0580109889906359,-0.008158731140938461,-0.34736347087555663
0.0493840828717177,-0.006360834697864676,-0.7329444706852947,0.0067802774778663545,0.060880750353652445,-0.0065834964339672375,-0.3132772420445702
0.05444573596016719,-0.006241270668680624,-0.7113508718243571,0.008148859052187752,0.06542380833977637,-0.005034006276971368,-0.29412016835433236
0.059745535072829786,-0.006142344346944605,-0.7020447309355136,0.008881262706880649,0.07348620325472074,-0.004593170156447088,-0.2868214820054335
0.06450850924163791,0.0030344653664754846,-0.7016174548497395,0.009294651710283725,0.077204819475367,-0.0016218556971151167,-0.24916926351763496
0.07256833337904293,-0.0011347062055936756,-0.5626142278691697,-0.007094688083594605,0.08527468374820579,-0.003372130414174017,-0.3044200083463365
0.07793286355577171,0.010068421116791753,-0.4896565581484096,-0.010413326352673532,0.09050112411054766,-0.00043530956790481653,-0.22002450819592287
0.07192392631717454,0.017378834330540667,-0.464530611229248,-0.0074512762236585975,0.09017125620966322,0.0024195502699089788,-0.17749705692254145
0.062441940363033806,0.014752607734989244,-0.43772483749845215,-0.007851301453094175,0.09048137016747605,0.006547637481741635,-0.09654908450977534
0.05120229099620916,0.009084431778046338,-0.3840738726810356,-0.005795667026931568,0.0907827392241696,0.015606853658280578,0.00694754812094096
0.038432530877830405,-0.0014036974741999983,-0.30094433605849547,-0.011637524230259174,0.08372448271900718,0.02878438825196964,0.15422473918323767
0.03413347690941131,-0.0030901213904112076,-0.26274509590533796,-0.008200329418450196,0.08289771421810829,0.03119630758111354,0.19245762367850547
0.03014143786258374,-0.005803682809373007,-0.2290816276400319,-0.01173191763217924,0.07734997511976283,0.03500161815587354,0.2248605186505093
0.02043276232445753,-0.011986741187639358,-0.19957987894272708,-0.010437153518779005,0.0756209917513341,0.039726789790903494,0.32087228244389754
0.017235492581427134,-0.012257916862448481,-0.17660432520683975,-0.011071917021112357,0.07575350351996915,0.0403824719319431,0.34292383882641836
0.016046339749365583,-0.010471807476451815,-0.15230802579867425,-0.01070139158546317,0.07548886794905016,0.04114427355338303,0.356447319644483
0.008477752868924885,-0.01941873103760542,-0.1251030035616025,-0.00635481942317974,0.07591823856398117,0.04368456359056,0.4591133967938922
0.007805207698352753,-0.01968621577148177,-0.11282046906826744,-0.004076858410199757,0.07701734773397102,0.038217770091928845,0.5607590616588809
0.007501304609080863,-0.02897025010142323,-0.09565909309300567,-0.0037445750917577086,0.0802265139192317,0.03495428220176057,0.6769136849491173
0.0065892071709535895,-0.033349374417467194,-0.03688302367084415,-0.005615332898020871,0.08821098790854441,0.029244360540739773,0.7743977079448883
0.004862708600560567,-0.02794660542133395,-0.02543415818659661,-0.00080321478980851,0.09539778156924496,0.014762061322093286,0.8837426984419717
0.0020730608339265136,-0.02450615311535261,-0.17915767546342615,0.00507385008425204,0.10202081852880117,-0.0019163701461578293,1.1052890722126132
0.004374533810051767,-0.026642001394617962,-0.05592023258659656,-0.0004201004198888762,0.10097747573164685,0.009913376454989242,0.970810353295344
-0.0011920006295874535,-0.010742621443150666,0.22574966589482243,0.016287364187389648,0.10447658074036216,-0.058297859797138,0.8296309661561471
-0.009425252050010158,0.0041626991081333015,0.2861957961170719,0.010640451266569434,0.11558803610753135,-0.07223849987009723,0.8619262794167618
-0.008367532201912395,0.002972238194630802,0.2920175241043571,0.009605632022005985,0.11283408921755503,-0.07344956044871995,0.8604191184238145
-0.008707064434375836,0.002800246654929966,0.2977662351583956,0.007598678016397563,0.1120386179529699,-0.07390085152136695,0.861467192747041
-0.007757926203488873,0.0028228342603837634,0.3097716947237679,0.007280933267994088,0.1121413885688272,-0.07941873660869726,0.8569832058014709
-0.005834147594852675,0.003487997426111247,0.3523844533680627,0.007397643888706273,0.10925459985603884,-0.0872529153839086,0.826828801643055
-0.005805154680045006,0.003582912715615363,0.3691857902828845,0.0066018756665976895,0.11058858470217743,-0.08718950645550531,0.8280252622972414
-0.006029613992752564,0.00227227842546272,0.4246333479557083,0.003866672127694519,0.10085758052107782,-0.08349956096965232,0.829381023174307
-0.006038670330241674,0.0019070648489189252,0.4322533780270685,0.002620061589864133,0.10040478905053297,-0.08402764942376,0.8328714095333504
-0.03403800238337765,0.008892992075330137,-2.006972282434078,0.024717488864692532,0.011151723893884408,-0.09858194235604513,-1.5734697942294777
0.0031826637754716687,0.0025996747200724875,-1.7677225616397991,0.05269561763391136,0.0032271194983474307,-0.08799770173228401,-1.540258349650648
0.0028657693667496023,0.0021901915301019963,-1.722754596949962,0.04221483407588875,-0.007335064449204477,-0.0874477734656264,-1.503684982140378
0.0028414202137461903,0.0011059208008472256,-1.7057228261748651,0.03658035293429141,-0.01089301078808174,-0.08715901330046874,-1.4899390552321186
0.00312911317880343,0.0024598502900788953,-1.8022117116696519,0.05089464394751,-0.00506338112320105,-0.09185393224410257,-1.49448892240417
0.0028397162219706085,0.0011475915190723228,-1.7201744856511558,0.029523919784844314,-0.0028451808770348936,-0.08967930514191966,-1.4767610533944242
0.0031811138162159214,-0.0003048301962648086,-1.6705483321738517,0.023343000222182244,-0.005859564624963434,-0.09341936237379853,-1.4658069524109218
0.003096836142182759,-0.0002954822888894664,-1.6524888574062229,0.019230715492515333,-0.00587111503062242,-0.09433580945230645,-1.4328800686273195
0.005612957515710755,-0.004440213985517678,-1.423347281593018,-0.0019481389385058699,-0.017598135989031108,-0.05767881253129825,-1.504597230871849
0.007719148036321817,-0.004850031584564794,-1.22178543683669,-0.007210566237668872,-0.028716300926245313,-0.035278828657974486,-1.523197331458206
0.0076288507964926595,-0.005144372170163818,-1.1860312036255258,-0.009337073914223167,-0.029890551103357244,-0.03700185194707057,-1.4665774813393293
0.0077807594589543744,-0.005628581519554578,-1.1140480906641248,-0.015016243422882783,-0.032253932065007505,-0.027639358424209153,-1.362767461375072
0.01009039285618794,-0.004838272051681653,-1.044302801450105,-0.025073139070589733,-0.026481926451460826,-0.017801562498452647,-1.1610348288420913
0.01950840285064679,-0.0010206171086549736,-0.830502397379953,-0.015683884621325986,-0.02472660561509788,-0.011785615327484919,-0.9067905449484294
0.03232209461067066,2.087303565138962e-05,-0.6628772936703984,-0.0130306161044531,-0.01734929657992014,-0.005665183349885688,-0.7804074665627422
0.032235991539263334,0.00032382978266467957,-0.671529572809012,-0.033367524857814426,-0.01803607501633535,-0.005996157438175475,-0.6956840368017855
0.03462439091657276,-0.0001720346509857147,-0.7271956974603612,-0.14138801072031015,-0.019458359443827775,-0.010968400294425295,-0.44046642054389723
0.03579961994808282,0.0008066358370793029,-0.720327307863573,-0.14278595557972823,-0.02408004688373213,-0.011888329111028712,-0.406987678395627
0.0372537333767854,0.003278775785965273,-0.7390834911299441,-0.14786234589671232,-0.022597862874997612,-0.010572941348465256,-0.2963844743198368
0.04241041188339819,0.003999048584451236,-0.7169750426964953,-0.15005488800743533,-0.02171790574766909,-0.00744665739980579,-0.22936163339688978
0.04560150032302158,0.0026782502671528095,-0.7034458706880392,-0.1470654460099009,-0.020652168648306178,-0.010001356148821812,-0.18152667286836785
0.04565119251224621,0.002385209216681965,-0.7005549040342439,-0.15025320346863408,-0.020809358838056034,-0.009436394852894967,-0.1786714683060022
0.047192003645900274,0.002430119847509177,-0.690988498505695,-0.14776230054547318,-0.020455869316604626,-0.009634889409207488,-0.18013887899584166
0.04894312989684858,0.002615167809342096,-0.695657419589404,-0.14796199093572615,-0.020435697699260333,-0.009465591935109534,-0.17523337868325403
0.04831274616362836,0.0024877068341073337,-0.7095328458377246,-0.14862836682350952,-0.020222474545951497,-0.00905322512569442,-0.1597696492711893
0.05008745964543252,0.0028213766801079,-0.7000806796555772,-0.14774348253181455,-0.01996803944781613,-0.008918075905546568,-0.16247929351078827
0.0514253528705628,0.0030109303477891015,-0.6378513510889338,-0.13823671489749992,-0.019932236138631577,-0.003808126396745138,-0.15873497911732942
0.05232941553395415,0.0029257997335769186,-0.6519613693868404,-0.14068916082477761,-0.019901000396218477,-0.0037408088026165062,-0.11940165826055701
0.05779859673458445,0.0005119599087985623,-0.47231281844936496,-0.10979794549243732,-0.023725675591985646,-0.001078828808323074,-0.2857628385262571
0.05991336557460202,0.0029210177241334153,-0.6764092031768866,-0.14300550808107515,-0.016476766119225123,-0.004419030147960777,-0.07420197007631238
0.063132572717162,-0.006106520408655231,-0.6537901936922834,-0.14284423624105758,-0.014976799802151582,-0.0048836114770328095,-0.06287273221248857
0.07918791220823114,-0.007529128710679638,-0.4117726149642272,-0.11319633047930126,-0.014173272758184047,0.00031814261664751863,-0.22699393609560084
0.07641110108874542,-0.015168046335691583,-0.3970644425974684,-0.11283073626627937,-0.0057205753577990156,0.002903322359533398,-0.1676270073339191
0.07687613402123286,-0.021381101397612828,-0.3920859802660064,-0.11331344084118555,-0.0053050384879775375,0.0023606460117561487,-0.13956310653800535
0.06845669208509733,0.02107799758213618,-0.3120969920238079,-0.11653617406758458,-0.008926034544724374,0.015219334813328973,-0.025906041325785074
0.05600802913255947,0.008579636043993298,-0.24922243251406664,-0.11248834119411362,0.005289940224484754,0.02285032963366655,0.058754240896825634
0.042319217888497754,-0.0026503505409875426,-0.15265309902522267,-0.11503417862325473,-0.0010965193909088472,0.03928960998083182,0.20683575239010524
0.036983099334160316,0.0008102190641151099,-0.09049326091650467,-0.11532356558713451,-0.0002632634352497162,0.04336416345363977,0.21386337738078806
0.03343514262535363,-0.0008279380551936983,-0.06652867864141353,-0.11528573547691841,-0.00362003574069488,0.04713601335606243,0.25538012164885954
0.02267404483102462,-0.007338100596876677,0.0019861109978593057,-0.1161554237549713,-0.007639855698881907,0.049597700584575896,0.3413890719350988
0.019815979021953194,-0.011470092566349566,0.010115756692734448,-0.1161139923181392,-0.009009185130457741,0.049186654785289996,0.37949319733344944
0.018977911967941023,-0.011607471663718779,0.009229961120765925,-0.12102835664615064,-0.008558481823867228,0.05115583523354322,0.4134570161103015
0.010936505356155618,-0.025974694153375857,0.031603454142892506,-0.12661064459720836,-0.00920097981876653,0.05717212826840536,0.4950743167822648
0.011675172025848182,-0.025814246724348497,-0.024988060908404542,-0.14161515337591885,-0.011608744317711243,0.05431571697108207,0.628707788143026
0.012009711341246686,-0.0140191402395101,0.03751522860380647,-0.1567359453340939,-0.011541532334207707,0.0312851772992495,0.7333035158966581
0.0013285117074359498,-0.008653113434742411,0.3866008475861483,-0.12352038686380667,-0.006252607411360993,-0.040338592055910755,0.7170157555012238
-0.003371994983656734,-0.004531524217272459,0.4520157680525184,-0.11719179439246616,-0.005078468595121827,-0.07026695455739347,0.7263225525510657
-0.003968625169446479,-0.003671260303788211,0.44435323258440296,-0.11991921932340671,-0.003951430953954744,-0.07087149092091598,0.7589319586784382
-0.003941598352408663,-0.0036395460318400835,0.4385955499059993,-0.12262478951403322,-0.0037246433794617655,-0.0712488100602868,0.7674870020233617
-0.004393141128699183,-0.003534997931004717,0.4751123836986291,-0.12450440343187688,-0.006151261782940153,-0.0867279809715671,0.7701350732663637
-0.0105820568914963,-0.0036921869150689855,0.5209209240855153,-0.1314289854057375,-0.010537751683315257,-0.08810945441608581,0.8088270544622437
-0.010328407692746105,-0.0036813371134104297,0.5304764440633924,-0.13330938345551796,-0.010813005066359179,-0.08841745057669484,0.8035761854616204
-0.010754598521816965,-0.0030865535454014203,0.5892931496978229,-0.1379948187470295,-0.016381037367449426,-0.0844228607416417,0.8072480289698643
-0.010521611237829173,-0.0031566987861565937,0.6530734581771585,-0.1447482255431442,-0.022129031408573283,-0.07714470388728302,0.8147995716258043
-0.011123357893294772,-0.0029024773925775296,0.7156495626108409,-0.1515002953025511,-0.02276111095061743,-0.06559894076276895,0.8281011320381833
-0.011130111343602436,-0.0011403300928155627,0.8100446510354646,-0.1498000691666623,-0.03793553441603269,-0.055755278157047644,0.8469987508852309
-0.009971211972802093,-0.0009732860533855034,0.8948353263818649,-0.15329969199285734,-0.04323026384186128,-0.04922766322257732,0.8865826294762215
-0.008991921072037713,-0.0009976400628619703,0.9439991930365492,-0.1554149984031636,-0.04549225910351243,-0.038115004527905214,0.9072969904606958
0.011664488863397762,-0.0047128038849633125,-0.20579320580932936,0.0892542766876626,0.08456284502772635,0.02757158698325042,-1.9697491724865472
0.012518075707661584,-0.005288744886050801,-0.17353184425103524,0.08729039689025768,0.08384292601931191,0.02569243730143196,-1.974668168215786
0.01278007092763268,-0.0046631596912403185,-0.14244477190217444,0.08621174919792826,0.07550430980598143,0.024550477566353354,-1.9828958135264625
0.012931022726367203,-0.0041075481135120625,-0.17477101773589004,0.08248086027270489,0.058649356466016656,0.022984428810497226,-2.0781558147928463
0.012557516392128008,-0.004396895991219339,-0.07041506446114783,0.08401150912536283,0.03426112048999217,0.02158174493508566,-1.9865443715625757
0.010752382394499792,-0.004099216274578959,-0.020107609423292067,0.08818234427584778,0.031154345799321966,0.020470761760030674,-1.9287167701594572
0.00956356640108861,-0.00404803192076222,-0.014416482496176409,0.08072673780089294,0.030589639545581776,0.018472864458171395,-1.9078398735219795
0.010317710854913942,-0.00403271729763575,-0.05366995025427084,0.07490335105654129,0.03171476600568283,0.016760470124654103,-1.8598834961915174
0.009454611763341891,-0.004061535108669595,0.017277842627848566,0.0700393665603351,0.022220415779306838,0.017172172817819544,-1.8668998303094473
0.009234940805105608,-0.003925216647798877,0.015346685463511464,0.07041033407402658,0.013818544376066007,0.01921904804573551,-1.7906804284569373
0.008501319959349237,-0.0031907539630564,0.055762297411018444,0.07038547714155599,0.0034291799791225366,0.018127000192055362,-1.6977588503099372
0.007250330429296695,-0.00349839531201645,0.08975736561670904,0.0653022114600841,-0.0008088256423804883,0.017075975673520146,-1.5616260957924681
0.007459752340350357,-0.0034969668237243216,0.08748334770896543,0.06299330494537844,-0.00917197518811498,0.015707399798019925,-1.2246848974821132
0.005280194852421166,-0.004059689900093832,0.11500769553671975,0.0700505804518828,-0.011548790693646567,0.00856396558828742,-0.9614845220093484
0.010469429856911289,-0.0005269276884275038,0.12437619287067311,0.06262880844916369,-0.017250594544518324,-0.00019006767704096928,-0.8613311350932146
0.018472128115228182,0.007992254516766228,0.44114969270303045,-0.0016584447098601687,-0.032285654655769845,-0.006556244562516989,-0.8419448610276761
0.011365396990207208,0.011884859299171418,0.6365633748502411,-0.012799269233820175,-0.04195440961516121,-0.014819494681436646,-0.697153508941609
0.010484428018297938,0.01697616503220958,0.66040114600488,-0.00879922148882699,-0.04421726597608125,-0.016232069997712064,-0.6464884374495247
0.011176971306184467,0.02598456390700807,0.7283136004821981,-0.003576702228813909,-0.03756508859002787,-0.016781943982065704,-0.5095336631944611
0.011589511850765292,0.028437322642766872,0.7927376936263674,0.0016554269146102048,-0.03512693223970515,-0.01783821509094788,-0.42278181508810075
0.01129798021952735,0.027556811195861574,0.8120994867265432,0.001467572813375855,-0.03287480220485728,-0.02084030120847288,-0.4078804316350531
0.010857336913271804,0.02635241178052265,0.8331682504459811,0.003897420625680804,-0.033452230208553584,-0.018128113084638256,-0.43311779622329116
0.0103408567467669,0.025386156284133096,0.8689363057146988,0.004498879321998328,-0.032986816459433396,-0.015148596770988624,-0.4645491475874137
0.010322794244357218,0.023784811420826838,0.8883152278558136,0.004272688653755357,-0.03517095912818609,-0.013992991696661813,-0.4578737715815533
0.010515498067309679,0.022088330891043232,0.9214162016345193,0.010601290889747797,-0.037360156189020756,-0.015005216708782491,-0.4814739640364316
0.010456210224932332,0.020657404348242977,0.9333852264719767,0.006000889197682669,-0.03946249188007777,-0.018146859390694624,-0.4945063822995208
0.01001216619039125,0.017895019242221814,0.973192317034374,0.0018425204870763405,-0.045939281994144016,-0.02259577715933736,-0.5022323904414661
0.007845587255004673,0.014763128160070487,1.0335630359750898,0.002618683901322603,-0.04876190579843786,-0.02878998857346871,-0.4659095566243757
0.007918608766020643,0.014605840621558801,1.0859524478368696,0.006533754622766685,-0.05564102647093724,-0.025653443897336585,-0.39711565487174355
0.008380497697905456,0.015607137851192743,1.1688533333288538,0.004947312411973431,-0.058363373593135336,-0.03628404755477698,-0.32085634747809083
0.008987311370419752,0.014491087346363016,1.2013963732104975,0.007549160401151319,-0.060837108949228995,-0.03657336590404844,-0.2744674925608043
0.009430800275015586,0.013015083430810918,1.2310603341765942,0.008839976094864227,-0.05985359267026679,-0.04500215342474611,-0.1847971341884143
0.009246708203463551,0.013751171135590046,1.2273373037231738,0.0072303976751550685,-0.062435689526842385,-0.04739196319631452,-0.12889186479442527
0.00897927134293489,0.013854183024500519,1.237110513459882,0.006494512760065912,-0.06792321966110398,-0.05036238488414766,-0.08317269613255406
0.007650725013032952,0.01067695248226664,1.2619169684017255,0.00789413374815526,-0.07990617197492156,-0.04649396212798725,-0.009033185556521963
0.006070222870480238,0.009754253105686665,1.2561028168392538,0.007297589470503374,-0.0819873358121056,-0.04429239988640347,0.03283909993929289
0.004401996950661655,0.008375196550033565,1.2772724829052695,0.0041458077703086784,-0.07724212651830903,-0.06040087314435153,0.0694355977312796
0.004004914462507939,0.008480348376709735,1.2963224545312262,0.004177247758085042,-0.07358105664009175,-0.0700341667300142,0.08561981007821633
0.002764901842781744,-0.01623573757224316,1.35816698011336,0.0006483002161958053,-0.09427941473491894,-0.07734621706732821,0.15874224706581883
0.0013031561683603332,-0.011420713036114792,1.3719685718229297,0.001884605838632621,-0.0952887210823865,-0.08013490229971203,0.2063920700695854
0.0016237165172417432,-0.010648582101438436,1.4101053571544873,0.0006169559539327071,-0.10532428753203303,-0.08376883631435846,0.243155764592139
0.0016175262131801794,-0.009418667665544748,1.4083535036116281,-0.002846242396133511,-0.10221040504499308,-0.08083211252352789,0.2686681330651187
0.0007590462024851545,-0.007288383321574158,1.4090149156640865,0.0001909448930990293,-0.11250257245319427,-0.0731621076031055,0.3380148775631118
-0.001775631928163337,-0.004779537793809506,1.4438055870053577,0.006438198270110076,-0.11232439799833142,-0.05806973061079592,0.4958027960743994
-0.003090332376201915,-0.003216055232121973,1.48782884153186,0.009620363414367126,-0.10337658903594711,-0.04035689686467847,0.6573009522675944
-0.0030900553549635646,-0.0026021546839869697,1.487067536440489,0.013269913259719423,-0.105940009752176,-0.03552307722779308,0.7117273300115009
-0.0029723358971773827,-0.0024632260645465055,1.4948049703402737,0.014945473410619645,-0.10531125127019042,-0.03280833154800553,0.7963252730154857
-0.0025197786187649064,-0.0033944400257861942,1.5288419858275428,0.015477336229025248,-0.09373887874185413,-0.03362599802902169,0.8819969371291991
-0.0024254587576703897,-0.003329386181050742,1.5543825393211108,0.011422981416569356,-0.08574546685171824,-0.037533199019112264,0.9001857368608331
-0.0012419360767865486,-0.0033778169643000045,1.5692441529340755,0.009409147780426374,-0.10140417379395146,-0.040130315684805094,0.9241106995077247
6.806486539569402e-05,-0.002576786862760284,1.624391437478249,0.006901052255030431,-0.11331635691907273,-0.061816068329547766,0.8916103271206767
0.00017898549110380126,-0.002336261465385316,1.6307536544105519,0.0047409296094145575,-0.11229044356362604,-0.0639918567140702,0.886607462773099
-0.014975882402149442,-0.004662048656309196,1.6792810774884446,-0.005897404563343496,-0.14517973048816954,-0.0666311328805007,0.9023673738324794
-0.020198769714443697,-0.003242734398679389,1.7842973354866436,-0.012866070681027448,-0.15587089552999295,-0.09335255369671437,0.8326459134179057
-0.02808019987320718,-0.0019743242708033875,1.8840081011743968,-0.020046611576797324,-0.1590911569500429,-0.13487786597539453,0.7907619343251897
-0.029041043347651806,-0.001910851380258801,1.913998701965904,-0.027444791773022614,-0.1579523308267145,-0.14376434480721728,0.7769378352702292
-0.03741212683465545,-0.001468611362316774,2.0467950327861257,-0.03678764453665052,-0.14156653232746386,-0.18221405396683624,0.7893200410536092
-0.037368168756332955,-0.0014270570719016461,2.084899025481015,-0.038318180682555616,-0.14632270600986902,-0.1851307320322295,0.8012475726768333
0.005162474788053084,0.0006145456136259357,-3.3192348717326308,0.026735397501618918,-0.05277832910142884,-0.029099357744038986,0.04224776111859872
0.005062162564957764,0.001038506979517972,-3.327713428947588,0.026973137883951916,-0.05691112384077703,-0.02993008106493251,0.04566255702468065
0.004328148042268917,0.0008725297270242219,-3.358158561916872,0.026817596749644634,-0.059450755427381895,-0.028952315379769483,0.07164552372149202
0.0036880897026937004,-0.000514980402160082,-3.4031924235081625,0.028310025557431003,-0.05953647178100207,-0.028012974498908487,0.09781555291992264
0.0030098428156001265,-0.0018126195386535024,-3.4366278053335972,0.029371916517018443,-0.07074040953392871,-0.02720029250763773,0.1418138298799172
0.0028534956987805696,-0.0038916508011247516,-3.6014142915530143,0.0015103793852047286,-0.09338785401380481,-0.034331185620346066,0.08723280813525852
0.0022854454708038474,-0.004300547672468715,-3.650244545344362,-0.0004458555909705109,-0.10476485323778705,-0.034231929938157185,0.06728666942416678
0.0019123555486159991,-0.0037102800143261772,-3.5667020925147175,0.009149695565373001,-0.09536451773310611,-0.02567788342578909,0.12943654435901955
0.0016411263367870355,-0.005451886424104567,-3.8137492425248714,0.001721793552898276,-0.1219777079310531,-0.03278394026946264,0.0950169092235503
0.0015475682708107393,-0.005384519088703367,-3.821706768542154,0.004388677686603018,-0.12649762182622906,-0.039969465459076065,0.11142353682665841
0.0012354536969655132,-0.006212767068968218,-3.851736190521578,0.012371315012493504,-0.12486743566038663,-0.033025689081618036,0.15212681992063143
0.0009164479187009446,-0.005971213371899259,-3.9351152895853194,-0.004257098518281411,-0.13048868832204064,-0.04087401713991562,0.20514083180461362
0.0008124940733257886,-0.006264132186912136,-3.9882709755483114,-0.0019479379104429258,-0.12859302295399241,-0.04072019082152138,0.26823953454471183
0.000925827610676738,-0.006509127795144657,-4.017536014554222,0.001517318974338668,-0.137544009031644,-0.04156441643282103,0.3078539454956395
0.0012759945607564542,-0.0065407037230224875,-4.009839934622579,0.004359436387860184,-0.1422483387682929,-0.04313356940994204,0.3907300766776002
0.0015398014023474136,-0.0066300141316363425,-3.9618548382724375,0.003015929166188512,-0.1408970839854571,-0.03550382009565112,0.43779861215768406
-0.027130871406839542,-0.006539593418884865,-4.012429548362912,0.014360883691712121,-0.1540002495561361,-0.040499624429923976,0.45962480283724455
-0.027106021396993966,-0.006190073896196009,-3.971633459384107,0.026966350478623616,-0.1545008654814787,-0.04330601702435335,0.5754282147268045
-0.022071919770457603,-0.00522733798725651,-3.4856713117905986,0.04525481998882106,-0.0975502759418838,-0.036756426178584066,0.7718212485953075
1.7449464663309107e-05,0.01754825497585253,-1.399171548929457,0.22264550617141607,-0.027905974841427976,-0.034950619636601114,-0.1698309015739367
-0.0028772574798360652,0.01337733106864154,-1.2055049356983194,0.23542104649325546,-0.02966127050506713,-0.011568150032722388,-0.04435429634194574
-0.023594828159884576,-0.0008368279767028807,-0.9206175428583128,0.20612656375676458,-0.0195047858978315,0.010031829415630864,0.0668284841713937
-0.02184042403908923,-0.0006978949192763663,-0.906420278637005,0.18728933512570783,-0.01556644093434068,0.013222783532761353,0.0865203780330702
0.00044005707751037707,-0.0008237784265794939,-0.9487389760331686,0.11928052085757071,-0.018054478697105768,0.015610665780541943,0.10141872563728545
0.0003561218100365285,-0.001822754659251398,-0.9601543890806501,0.12294585032728783,0.03537554969370803,0.031230758932611694,0.16634611093003007
0.001429538430673164,-0.001839746193743743,-0.933049668716879,0.1268009798686827,0.037311019358498676,0.03504353339885391,0.21129814294509966
0.0024435667287059683,-0.001947322471683971,-0.9014370690290183,0.12996223659833667,0.03950524034930016,0.041179961970314406,0.21878559958757973
0.002432891646724466,-0.002420943577540606,-0.8699308378144889,0.1337855728817207,0.046186932096584636,0.05002735504766135,0.27895280742617357
0.0026529049109739328,-0.0032281103615573407,-0.8513281641562934,0.12974891769124075,0.058303693688344496,0.054206982711459906,0.3841888409367882
0.0028519298669435734,-0.004110521849080854,-0.7761746557950754,0.12345982577378582,0.05739037519875823,0.05537864445384412,0.51258865706784
0.0028167706612447596,-0.023077061322386464,-0.28533174074344303,0.08378348100581244,0.05733006983750375,0.047259170695672856,0.7569370890276598
0.002840493266904959,-0.02918881569030551,-0.22586168046134553,0.08638484798400946,0.07419306344402526,0.05054955305700296,0.8428748656404428
0.003163958607755976,-0.023585516866070484,-0.2804568149024931,0.09478521520386737,0.07530926859193354,0.055720871882459416,0.9381028176493703
0.0027155377402087906,-0.0035784355612849803,-0.7215053745112049,0.12822872028548798,0.0356464479811188,0.07109817369226969,0.8373652970280194
0.002751807424504025,-0.0031339641886412085,-0.6698909828125345,0.1318512002500396,0.03150986653283035,0.07886118206500857,0.9111154276347564
0.0025560092751926817,-0.01810361542078624,-0.29235335331079904,0.11376273075969613,0.06664993330652501,0.06460304964544752,1.0283612983485764
0.002716013262957023,-0.020199710671625272,-0.2356203262399775,0.11515637509176656,0.0781713828904234,0.06525816232367826,1.0429424726761705
0.002895021371087608,-0.020760677266484645,-0.22707866547934144,0.11651609912298698,0.07556310005086224,0.06514386933251026,1.0472460997419926
0.003231100818039547,0.05447556572477386,-0.14223915984052582,0.11134988104115165,0.09491712107212462,0.049563663687260125,1.0562134245609067
0.003239741351673813,0.05671194669643805,-0.13316979290688416,0.11027500655019978,0.10025873978672185,0.04864121022461221,1.0498832148727375
0.0027244954718779026,0.05713805805005163,-0.13137689658439097,0.1101427806668244,0.10146458582641794,0.048988030934184884,1.0440792677886175
0.0027802970445808504,0.053872570580867786,-0.11640620545046773,0.11148185252069384,0.10341689612553091,0.04317977669029818,1.031408323056082
0.0027875594586316763,0.05196471175482046,-0.10097306741021583,0.11035733803449468,0.09972145075273621,0.03930156740460938,1.014501756950706
0.006223742957401312,0.004759243156010757,-4.220913581853147,0.11426020176267802,0.01481502308932921,-0.010959348394570382,-1.5587798815152993
0.006036937082753642,0.005457777294524649,-4.208545005047557,0.1205959093346897,0.015437252297922704,-0.011193868445691884,-1.5354138428213564
0.0060195306541926865,0.005612058915795017,-4.215823599146438,0.12066058261479624,0.016338293161599845,-0.011210314035570145,-1.525830480584098
0.006032199913579309,0.005320951881590088,-4.22392374814348,0.1182531623143325,0.016349032019382474,-0.010794087767627204,-1.5018516983842873
0.006161852749777319,0.005227116918806276,-4.277653207526139,0.10991599223359985,0.018869114647659654,-0.012187763617427764,-1.4346096611970909
0.005886142211673645,0.005562285223331362,-4.289267226019138,0.11983744917283021,0.020038189415709333,-0.011790130349397887,-1.3875857769645326
0.004812728164173967,0.005709140568373067,-4.30514614919709,0.15160978029226108,0.020332490535140597,-0.011349374926373106,-1.3174138560124482
0.004839431477318179,0.006120588905609435,-4.391082632678148,0.20360407151096444,0.013618471614422135,-0.007389157811113629,-1.1257997119805967
0.006040499248457766,0.00528531806011657,-4.352253971157007,0.2006033257330516,0.010475371547377162,-0.004151188783878407,-0.937049027976917
0.006505189485366652,0.004560057122808799,-4.347561861707625,0.21522905720520405,0.010904940533183659,-0.005415989898215872,-0.8863323048841351
0.006942217532408778,0.003975878644726253,-4.305532947363346,0.2233610323934408,0.011712177532234205,-0.00796182566069508,-0.8209380388763349
0.0071943906881930695,0.0035412754866872833,-4.137926159501406,0.19978072914641992,0.014006657123891913,-0.012396606481856929,-0.6866944066393063
0.007403549341869791,0.005225383067194926,-3.899237109081715,0.14140840091309806,0.018891824120179704,-0.0214634975866468,-0.6524898766647358
0.0077171120314100715,0.006122786340735789,-3.8984028143885103,0.1502349513306738,0.023641077019280393,-0.021044147045863985,-0.5118456507047187
0.007903334784595546,0.006149851858613316,-3.4677200550503704,0.015050872202373776,0.05764589431131233,-0.032597618212827695,-0.40974331221255444
0.007892259313481753,0.004509048328882812,-3.54790227136695,0.018760945053772633,-0.02564926850638632,-0.025284473105403067,-0.30014245545296714
0.00789674844692509,0.0036312763824816437,-3.543456503826164,0.016309241114326245,-0.02698765442842718,-0.02522723819042459,-0.2842424719283086
0.00781234653347514,0.003029382865694449,-3.522780181821414,0.009727738164802472,-0.02883948726254185,-0.02524413321564749,-0.28024837340400294
0.007838427410265712,0.0015636274317121829,-3.5365617264316245,0.007545986781224419,-0.0321864257989273,-0.023723413825974798,-0.2621867740675992
0.00785532044916459,0.0015438064345729044,-3.5277535388982346,0.0034889623311438562,-0.032847218082787885,-0.02194105385592639,-0.23643681574391232
0.0077896940141895105,0.0015799663417145084,-3.5274498069326374,-0.00018136092770132292,-0.03170542852485175,-0.021947370955340374,-0.23017184664834753
0.008023650135368966,-0.0002011032002086116,-3.4667940295561954,0.00016080645659647855,-0.02821319937128416,-0.017628351797213608,-0.11928190138149629
0.00793625107608166,-0.0013482983001982807,-3.4398301164308385,-0.0008188594003660728,-0.022997253776638565,-0.017842238045800766,-0.05481549236707794
0.008218043551319137,-0.0022261040478892633,-3.298004111835017,-0.0008814214901873954,-0.019493385871701383,-0.013540893531074587,-0.00713860613606245
0.008744399122602862,-0.0016598002355116583,-3.185392696630918,-0.034565606938664624,0.08162187009256677,-0.04247238200298715,-0.0008047971639003517
0.009374344247486767,-0.0017954481262024784,-3.1777646481118165,-0.057816623967429946,0.08192872481565558,-0.04277345205836304,0.022137265438816965
0.010006828719776314,-0.002427854282469467,-3.1960906772578146,-0.06961472913118383,0.0902083273770931,-0.04590799985304953,0.06685894507120761
0.009896769483083379,-0.002029811340126174,-3.2270435407219455,-0.07455011692304378,0.09244369540703874,-0.045532744452246185,0.10467764901102043
0.010265140006119097,0.00025301199479017984,-3.3514662357544474,-0.04283714770719763,-0.034504168204073954,-0.014554509030591758,0.14716665811026766
0.009447337353866759,2.6200199126090965e-05,-3.374778356096417,-0.04624852805556275,-0.03483864028041212,-0.014466484051427576,0.1782693679684201
0.008294072884949683,-0.0004643119131104966,-3.3960224533224124,-0.0462859304168305,-0.03608181651483336,-0.013686351079461444,0.20283918279292837
0.006546215689141131,-0.0015721697773845502,-3.4219569887991637,-0.050279797241691446,-0.0283231060108626,-0.012352747548154961,0.23875267706652367
0.006115665540536783,-0.0016802681131596337,-3.433282826267365,-0.05094482393147018,-0.024448248496181938,-0.011903574093029874,0.24437050477950636
0.005493961304455211,-0.0019739322972471838,-3.4524669618413775,-0.05136918846867034,-0.021012599838252963,-0.010217953280350479,0.25154097754722
0.004445361926872043,-0.0022914004579483943,-3.4761319492661498,-0.053860247858468345,-0.021681840960087264,-0.008813069909739426,0.27439411743119413
0.004189403519502194,-0.0022519151197274425,-3.494360338993265,-0.05459156702558685,-0.026497471490628106,-0.009055402523397907,0.2935082933551093
0.004156630223394143,-0.0024558471363288295,-3.5055922125423615,-0.055454813695657745,-0.027201709430340722,-0.008832331700940901,0.3065504584464918
0.003380366167139555,-0.0030062780179523443,-3.5281929497445694,-0.05880143645095193,-0.027522357515332312,-0.007562191596395243,0.345942063055435
0.0028768476955305005,-0.0031659123731763573,-3.5651167152956798,-0.06184346531010184,-0.026519489320818757,-0.006742956442661141,0.3986859537804027
0.0027913060167488327,-0.0033076453964087454,-3.631269375009255,-0.06316746004857134,-0.027433477431108164,-0.005728693812288918,0.4667151181927232
0.003056550520255072,-0.003753614689512758,-3.652164630649392,-0.06368674547025953,-0.02953885867877756,-0.005320416172510034,0.5178420010214917
0.003405410066317727,-0.004020676098812221,-3.634562061684799,-0.06831660390778485,-0.03716359884592911,-0.009808101063178545,0.5886596603383151
0.003404488622292061,-0.004477888061157846,-3.6526155211545364,-0.07502019540423209,-0.03976049821276473,-0.010437418615875209,0.6050692798100566
0.0036038309948149224,-0.003962183664887602,-3.6124145182574394,-0.08309030597887473,-0.043668731413264425,-0.0151054154158396,0.6151901461919786
0.003696425078463799,-0.004236705803900499,-3.555624739444937,-0.09821159670194102,-0.04990323624009397,-0.01470626235152349,0.6412560803058078
0.003470227183617102,-0.004982622168061206,-3.541024393456866,-0.09547030446500113,-0.05446947636206356,-0.018585210898133274,0.7343783836334143
0.0035002580711086463,-0.004969625377834817,-3.5288418701186925,-0.10377853103866905,-0.053451459322987616,-0.017139336825617954,0.7190984167514406
0.0035154552914810713,-0.004919167922869521,-3.5062990679607475,-0.1091843210278344,-0.052506437604417894,-0.01731925600846785,0.7006885295742651
0.003475325089550617,-0.004986240312813486,-3.5054226486539015,-0.11316294723334597,-0.05250176980470174,-0.017506084140790294,0.7037026642575368
0.0034508162596596594,-0.004933637444446309,-3.5092913443261264,-0.1193153359054493,-0.054067892494271165,-0.017638333667974897,0.6918392679625909
0.003440307107190018,-0.004929035317003577,-3.507899230675623,-0.1210511264288027,-0.05419099297662553,-0.017435160533650407,0.6894185658850825
0.0033362217220425324,-0.004824708459704562,-3.445017487316165,-0.12595170015878285,-0.02102054826815151,-0.014766666143332123,0.7223027460598127
0.0034280330872023643,-0.004871458160007739,-3.3898499215371127,-0.12648831494525628,-0.016620316366194165,-0.011419262596898872,0.7642887223340167
0.011137425921328799,-0.003850410846722355,-1.8635665752375314,-0.0524674511418504,-0.042705941083343,-0.03374566686440943,-0.39318668604468093
0.008948417847145519,0.003753977341067744,-2.1110747448572407,0.05213757092749591,-0.003946233094896135,0.042318087758138834,0.08779027155116877
0.009056672237482301,0.004969220707011251,-2.162752502089099,0.05608990750108533,-0.000875794590496807,0.04433579434178736,0.21405265335556786
0.008040162077099304,0.0036656630486417846,-2.1902357535914567,0.04669087106460352,-0.01638072158848493,0.03134072164612839,0.2339158025087462
0.006606089888827181,0.0029927157445057235,-2.15116449826535,0.041674994884386495,-0.020258995488018884,0.020539342975853626,0.19798967876244214
0.005112032258659006,0.0019376264580424256,-2.177681976868419,0.040712890476481245,-0.023326628273944064,0.0012545193173685684,0.24391829970985324
0.004954802505606613,0.00048784518865999837,-2.149993169929958,0.03970176546404808,-0.02644334384200349,-0.0027653841564987255,0.24168533572746617
0.004413477927033527,7.270541892897504e-05,-2.1345612906025475,0.039516492241927,-0.027559952608908096,-0.00574034750101801,0.2546798545011068
0.0039362136764473175,-0.00027590194391444286,-2.052850715007948,0.046480733812256106,-0.009367461847117451,-0.006575704766467681,0.31128527705224024
0.0035759735823994547,-0.002072499522936798,-1.8764340569278521,0.032088186198934665,-0.021779620527842908,-0.02617932541332672,0.3366726655194024
0.003805278286402396,-0.00196602531818881,-1.716102811571191,0.0422566605372676,-0.023981640551289367,-0.015984637679939427,0.351017284033297
0.00284015751276606,-0.002787307334694804,-1.5516881308677068,0.05270838775632582,-0.026824408585278188,-0.00023548142777858144,0.44698585526386125
0.002494819338204157,-0.0030058292272567393,-1.5063601720094697,0.06814505571531759,-0.03354156842691129,0.0013800460106159326,0.5948209221085904
0.0025571976848811273,-0.0033857420931034457,-1.4413600141282898,0.0776606799742193,-0.03188347704110269,0.0060977566732491936,0.713192972151458
-0.02676754774360086,-0.0041480412970056,-1.37454837388366,0.07982928767958608,-0.03096193510927852,0.016682541581631887,0.7745588288162265
-0.04385870012716887,-0.0029886344768770183,-1.1994106024636977,0.09066373273537748,-0.03198556102008917,0.03231701989102457,0.782314312108445
-0.047914396085072,-0.002697404210188919,-1.1220596458196064,0.08952259293622818,-0.035043633627954006,0.030298014120631458,0.8730454739662588
-0.033950981926096094,-0.0033835202679264927,-1.1916338627334613,0.09015958793453936,-0.040932633947919635,0.015800741628938127,0.9160513600172187
-0.0519646385775219,-0.001953164435734673,-0.9946215388143868,0.09505910833749114,-0.03524284963141861,0.03847044156233822,1.0168112294051033
-0.0629276856261318,-0.002269380702009668,-0.911893640615742,0.09336102515050612,-0.03078717249578474,0.050311657014027365,1.0506003256207481
-0.06426060176137825,-0.0020311237852709083,-0.8980377787823427,0.08452312418788478,-0.03059933641817729,0.05148259724874508,1.0591590178868673
-0.0645983318994751,-0.0020464583672195735,-0.8899714750989043,0.08469657291139256,-0.030781153501590088,0.05442078293053422,1.0642942218654445
0.006962664976585166,0.0018603924961222915,-0.8506492928281041,0.09537097602958351,-0.032920088619097884,0.05540529731756906,0.9451192820528501
0.007537199388916868,0.0017754058925673489,-0.8380970477552402,0.09559340569881157,-0.03250281430966751,0.05588906055905614,0.9363649901567731
0.007630418714929004,0.0017423419010964263,-0.8291781941695927,0.09600195070687235,-0.03251660153297899,0.05801206128797791,0.9360466251208266
0.008823245781210708,0.0013137162103827645,-0.7725695584288821,0.1009713968115442,-0.03177328940707892,0.06491328063809128,0.9336613829167332
0.008874092856312871,0.0008947831626333162,-0.7402039329835182,0.10254107860064039,-0.03128868436571774,0.06862343315833454,0.9469193260450798
0.0033340115510554946,-0.004639881680887245,-1.1216136322271497,0.061673246686932866,-0.03710299248416845,-0.032233811696841246,-1.708384385687396
0.0032173506319249892,-0.004626628379196974,-1.1135963442495953,0.05702450494415347,-0.022688669412546856,-0.03263085165134456,-1.73514040289375
0.0037370007510894028,-0.00508296564628116,-1.073072359062096,0.05282455076014949,-0.023314490996002198,-0.03273715296985376,-1.7079830561372873
0.003928529493719172,-0.004422918586341335,-0.9604144576083301,0.05436145081917056,0.1258639900747943,-0.04196006820830377,-1.6455518997168692
0.004122368639273007,-0.004528859425542546,-0.953405266657724,0.05231363094118919,0.12816325649952234,-0.03967600025380505,-1.637383037509421
0.0036279516155803535,-0.005023847232705401,-1.1060391033033392,0.04225748826271548,-0.027053630010154716,-0.03687502371382248,-1.686807252262703
0.0031697119729206373,-0.004799816647757793,-1.1008836694972248,0.03946468627487386,-0.028650082480382127,-0.03600683840350101,-1.667171283676619
0.0034993873628507716,-0.004765574332108177,-1.1003394341064503,0.03831566814269721,-0.029457838289174778,-0.034603117365718056,-1.6586732322976785
0.004284317305241154,-0.004469528666856335,-1.0471378457181797,0.04003102771041863,-0.033106267534549795,-0.026898062367146345,-1.6350559360743036
0.004786275588241947,-0.0058241036747162505,-1.0267738589507165,0.03287308916198573,-0.04757853860425538,-0.022795189597396216,-1.5540388427502287
0.017348668076691453,-0.005206774854289387,-0.9563040533443397,0.0034012555751946278,-0.05411384658093255,-0.012743330075537393,-1.5298972521594196
0.018603842822381807,-0.00598601200066767,-0.9539573357357449,0.0015079880861350542,0.05394663408275817,-0.03160646578627589,-1.343003666430701
0.026862529154480577,-0.005473295508050797,-1.003148625400756,-0.017156049242805973,0.032588467728141605,-0.0231679905634133,-1.129516573986913
0.047852341087340676,-0.0009156200673246564,-0.8449743741770065,-0.047102244147546296,0.0012059955263146159,-0.016551183762903023,-0.9242349913335048
0.035563953471124315,-0.005762458419960092,-1.2150422773128011,-0.007478797679349792,-0.023971746077502413,-0.05742324409854488,-0.9187220908532063
0.0316467847706166,-0.004940668148906422,-1.3045389906722906,-0.005301439759343092,-0.02243574547283429,-0.058941409290872764,-0.8710027877298837
0.032161452012508904,-0.006056288540081643,-1.322319227759307,-0.023937496354285315,-0.027481567067403092,-0.05901611445179498,-0.8362366521482646
0.0407509085026036,-0.005062907970033535,-1.1387971079949444,-0.041198776331328874,-0.03761692648211663,-0.045895096513715254,-0.7646897018399484
0.03810231586285613,-0.004243913272381381,-1.326061700287002,-0.04779795794933922,-0.04369443142571737,-0.05167523921205134,-0.7027824032697196
0.03813803493207745,-0.0039668630445369975,-1.3841211137550078,-0.06034381162300256,-0.04577595869753369,-0.0519539698383767,-0.6589950990688754
0.0240054022335234,-0.005329749713717244,-1.4740829234422377,-0.057139983134742584,-0.046111271409248006,-0.05705461980317995,-0.6264146463635968
0.012535370987140644,-0.005694869899475351,-1.5681671940202107,-0.05891354495648156,-0.035727950953780875,-0.06335507098412378,-0.6577118170290466
0.01193940183111308,-0.004656997470267806,-1.6044037539437912,-0.05513822552565038,-0.03329725734169117,-0.06229886770964358,-0.6433682183267366
0.012778877492522264,-0.0060413248661050365,-1.55977424598738,-0.05413222541886381,-0.03483454154608835,-0.05835368021165873,-0.632829825679994
0.01378839024295049,-0.006365482615177377,-1.4576522667794645,-0.04542187891209887,-0.03726045982237173,-0.05292024203970951,-0.6226341351759099
0.0179648683453429,-0.0015889510817098731,-1.2398324951795703,-0.020977566511453084,-0.027839346511587332,-0.04192637454016209,-0.5365848475716155
0.028261486323778857,0.0013648617640152937,-1.0178953252697007,0.01217583643682806,-0.02483702453836063,-0.02423025100089742,-0.41175407226060706
0.03202185729917984,0.002231981139559543,-0.9582237136030748,0.010578937334108194,-0.02724873354914355,-0.014414468231999171,-0.37011510563812455
0.04017555270961733,0.002805576243685018,-0.8298918328599808,0.010284808963534545,-0.014857833318513399,-0.006907674057346054,-0.29195341928623236
0.041303671957558456,0.0028602752073870344,-0.8443664780003005,0.011191237958363779,-0.011538353426841947,-0.007582041794051388,-0.27652751738078785
0.044218472347055386,0.0028982504693250586,-0.8539225711253396,0.010239554926718283,-0.02206354324172767,-0.004640646118612031,-0.2528966879115044
0.0471536355203293,0.0029498994790843206,-0.8749119436633948,0.011482298953834298,-0.016818902240038985,-0.004619495156722085,-0.2129166329819755
0.05270522219421543,0.0033866861462864533,-0.8623248511273249,0.016352923220219934,-0.01657731724201407,-0.001588609046114776,-0.149109160854971
0.05287290924929429,0.003695327785959974,-0.8676355254972259,0.020314087382589385,-0.01627896836283438,-0.0006571385579795727,-0.12001106099008531
0.0538124402896445,0.0031823334089827278,-0.782021044858724,0.032954959777840666,-0.016301555978213693,0.006126942527806611,-0.0256373952114637
0.04132753092749412,0.0025012435229432636,-0.7624901300526457,0.04898435404852936,-0.011197420972615902,0.011155562417739047,0.025545440587270443
0.030583270746335853,0.0008798777556300218,-0.7780813411680018,0.06964995310588348,-0.01536111770488607,0.016046790149201972,0.09897753196648376
0.02751379646299408,-0.0004062384505575389,-0.7169129094305564,0.06938389950947195,-0.020246758197159556,0.01887153607033221,0.13783645448256157
0.02635464953392845,-0.0012002135018969698,-0.686000633278723,0.06431952480974425,-0.022701491562646017,0.018678126903489405,0.15583449828306567
0.020568017090267413,-0.0014767443000475863,-0.7015956791437404,0.07309391857635601,-0.025387634013601335,0.025182245627989663,0.19016745180685218
0.018086847972664872,-0.012499874552997833,-0.3827637870082614,0.009660199529027769,-0.040582618008072384,0.01830986106492448,0.33133334968040495
0.017705755319092194,-0.014753034687629233,-0.339192219046284,-0.013254260764917746,-0.045206066574977624,0.01624532172156637,0.36806395976578193
0.010805802179813489,-0.017097030337373528,-0.3071658479602467,-0.020247372674578736,-0.04655256537701055,0.01890695600352568,0.436512375742794
0.009833639334532332,-0.027721111153178418,-0.3283871273461592,-0.023337448084029457,-0.023725495672829743,0.020421620271956126,0.5347066967285597
0.0096038664827764,-0.02655120822550119,-0.2837943555698474,-0.021290688790938563,-0.02389648044000226,0.026094763910758927,0.6710651349799577
0.009394573312222489,-0.019826808662064484,-0.18572433769358762,-0.015347143434291433,-0.022692008875645618,0.0415086207735914,0.7845178728741392
0.009293331709032694,-0.019873123875224125,-0.16469799121249226,-0.006413943164283166,-0.02156955363171941,0.044255954111838774,0.8695364722396871
0.009147710352907424,-0.019160490934085266,-0.14781873208777999,-0.013050446015157303,-0.02033267740313841,0.04498857486098211,0.9052688249096661
0.008844100479813344,-0.019519182753710944,-0.06602208566035725,-0.05901957456701006,-0.01878597906464239,0.04296460761877394,0.8901696109848353
0.00904812539431565,-0.019681402933935624,-0.030737003171506114,-0.07605531210357265,-0.018036857137813875,0.04170285237055936,0.8972321969271667
0.007893053359927047,-0.027631117203783542,-0.042955278904770536,-0.08714172368421474,-0.01790476217767775,0.029741045486519728,0.9982158339159362
0.0070431880253472336,-0.022828215418963717,0.04425905567853627,-0.08558948613335494,-0.015341245339464026,0.016221561937978385,0.961128063070115
0.0004890546562624239,-0.0075300537784379565,0.341376057071982,-0.07189883647655824,-0.003772588553510959,-0.050917712797224395,0.8299900629991264
-0.002793809746874171,-0.0028777108845219677,0.41037430732755065,-0.08571138298186352,-0.002960540962854349,-0.06548657003037446,0.8004670928822156
-0.0030375799606052064,-0.0027523528555669654,0.4134796406482896,-0.09328251542299462,-0.003507540979068634,-0.06513527619835548,0.798971523370466
-0.0038762550960404017,-0.0023317386475701393,0.42285731548583766,-0.09966394201662107,-0.002638802878928521,-0.06436811830461281,0.8023547872877449
-0.004318189243773639,-0.0024744551958620366,0.46068924541113077,-0.10044125728652965,-0.004437190298128558,-0.0756454855606813,0.793007412241558
-0.010837102239849183,-0.002498226769615599,0.5194305868943394,-0.10485782273223447,-0.009168222198645208,-0.07867491601465365,0.8181231969094597
0.01001596733465827,0.0013552256521145274,0.20853721385810156,-0.004864307427894676,-0.037102942003201786,-0.049188163792596544,-2.3081981126195936
0.006456439077565588,0.001918766939958547,0.2377944041109029,0.0015495645461664127,-0.03936700681241849,-0.05459932734373978,-2.322715392619377
0.004593091514646594,0.0022197266871070245,0.25876331801788705,0.006158754984659202,-0.041360895589748356,-0.059738606928678474,-2.3243735391230915
0.004107295034918585,0.00192837415693853,0.29727348467863385,0.005219645796067235,-0.042941252060032326,-0.06245392905349825,-2.3484069609236844
0.004175441472614524,0.0021462984256071546,0.35994894540798444,0.004299078995310374,-0.04623567781837571,-0.05979193256659878,-2.3566228697761384
0.0037128177825454392,0.002089572070184067,0.4470220732158117,0.012675175046735088,-0.04044695740613859,-0.05503947001283148,-2.3314169110130547
0.0032885803860790725,0.002029900215294532,0.4854332070981216,0.01030381234476847,0.015394284898176963,-0.05120991184315766,-2.2770040889367102
0.0018602146281845552,0.002123646556887702,0.5426260957853691,0.007743420086651929,0.017274581451998183,-0.04673734403719899,-2.2859001321038757
0.001929888501584257,0.0014961731914700871,0.603140801441329,0.002867615248300771,0.017282324822331375,-0.044570440364606265,-2.243443717274075
0.002514489828718416,0.000512028830790467,0.7645767452654515,-0.014931792375819838,-0.007392890117855873,-0.053478615921168746,-2.0590349299780253
0.0033463885542118826,0.0005355153301324238,0.9575832338802104,-0.03620005051303436,-0.020359413566992387,-0.04468357517808754,-1.9529162860626152
0.0032162807356935644,-0.0002813163594967957,1.058370948255877,-0.07484101506891225,-0.02716370285418662,-0.03299791568784345,-1.8141309114729958
0.002344533202859895,0.003216691978130587,1.1400080617759223,-0.06326672628976977,-0.024734711750949753,-0.018694835588486766,-1.3921955437805482
0.002822886515337959,-0.014729905472330171,1.122856274499401,-0.03406345077700375,-0.04179699225862776,-0.013407510925075743,-1.1580923919480364
0.003085852088394114,-0.014243521878178376,1.1411825657953674,-0.0196465430657241,-0.06532388230184916,-0.012422862024484765,-1.1083159164204333
0.004089406483199648,-0.023872872830888184,1.189865034079029,-0.016496305023318936,-0.08081212122078665,-0.009179944037032638,-1.0044442303941015
0.0045486833682728866,-0.03730089398802068,1.225454278283608,-0.013926671589130076,-0.07692200578859912,-0.005213252867027857,-0.901213653915369
0.005172605310827993,-0.04087212261428769,1.2642818068111528,-0.013383982536272605,-0.08011500482206012,-0.008863981112800855,-0.8360518975039503
0.0066678626532069825,0.030303730353295512,1.4114647214860534,-0.021933335700857006,-0.0686734207562084,-0.024933084011983825,-0.6016856696586178
0.007033339552777461,0.03001273531281782,1.3965218989589174,-0.02171764121757958,-0.049891326973174104,-0.03537939525962712,-0.50977317088737
0.006995210386901989,0.022009631085034287,1.3677353532980339,-0.01628222716682626,-0.04642936988281333,-0.05396882999862643,-0.4699435512618829
0.006956791441368273,0.017309058954731144,1.2914890634582266,-0.01147664466661818,-0.045008269712275485,-0.04514189786732228,-0.5038951585565667
0.006606909029149667,0.018009344838576982,1.2576777752238983,-0.010359801588402868,-0.044234973614943295,-0.03598055819178662,-0.5205475177455111
0.0069716877571944285,0.01839822143047902,1.342103742347224,-0.01629928787963195,-0.042231483647831795,-0.05592148811390037,-0.4506983083461311
0.008790524590618052,0.016885526823103944,1.4194590101784204,-0.017890914746142884,-0.04221481996048252,-0.07529989946418057,-0.38857976772695196
0.005957750385938322,0.016996343831519278,1.4441125713036145,-0.02337211157127158,0.09772267408250268,-0.07961287661051557,-0.44128287119681686
0.0051582279602887604,0.01902869279790813,1.3397674790174907,-0.019449700133933837,0.1049873546363436,-0.061778048709758136,-0.45185335206419985
0.005294244449972159,0.01663596388706164,1.4044015281704387,-0.019449158903846395,0.09911538463144458,-0.08015160988929534,-0.36196331994866476
0.005491242900347723,0.01714428948585175,1.406763682980357,-0.0185559740377658,0.10335250771334721,-0.08098600010413054,-0.32661779547984593
0.0061246883355804025,0.017347968066878553,1.4099961029744055,-0.014496495213874729,0.11120162781366151,-0.08373034973884672,-0.2837636330373371
0.004573679539604441,0.017861972727631768,1.4448424000048732,-0.018160353115275703,0.11540190976270671,-0.08376676158492813,-0.24696041768070132
0.004407622169672123,0.014797338495970327,1.4445731069182628,-0.01813987560302483,0.12638016625445408,-0.08579530338003442,-0.17771591443956616
0.003903336691510567,0.014877040069165539,1.4186750390704999,-0.02078268272367645,0.1291830447135606,-0.08686063433128897,-0.1284105453355333
0.001593765328555568,0.01446046314481332,1.4376194797228086,-0.023989494572723813,0.12841371286984152,-0.08712089048250482,-0.08282046961893284
-0.0026069282234518106,0.012460236145536893,1.508282122156237,-0.015023649529972132,0.13937163205602038,-0.08113907531336316,0.031757220526342
-0.004510308241734364,0.009780358775059844,1.5075483512486947,-0.016502992392324597,0.14761623263707813,-0.07047497385582678,0.08538711371945583
-0.008294257558996803,0.0077568336441422,1.4970648214809068,-0.01077569777547718,0.1445180670138223,-0.06876780097392741,0.14111495152980108
-0.008946943827626137,0.00615597214540706,1.5363977005175298,-0.006556248156627029,0.14356162858076116,-0.06860734028074812,0.16075006297092115
-0.013075100549973837,0.004795531154519506,1.5721099910229497,-0.004762874058996229,0.15196655489822644,-0.053668584775090795,0.2199258218076453
-0.01767787989990044,0.003764542652996775,1.5794795006291846,-0.0043170031968307295,0.1611862126205979,-0.04909953430101945,0.26972139190380123
-0.025103838781955587,0.0035564395041802472,1.5989485885218246,-0.00658039331251696,0.1803061749298414,-0.04905448993823143,0.31867694256751533
-0.026720634261477465,0.0031568210408841626,1.6050475138998188,-0.004249278944765668,0.18536467813115318,-0.04923585345895752,0.3498929686057237
-0.028671286218649464,0.0017239662270113554,1.6093670937122813,-0.0005500317994748347,0.20061535610129336,-0.04802133780434672,0.430044335781785
-0.03362045357152827,6.59751961783343e-05,1.6359416511004774,-3.0889867065339105e-05,0.2017467911666234,-0.041806219322591,0.574693807286369
-0.037282290276560846,-0.0002056117180436393,1.6568889192374592,-0.003711333862970567,0.2032988735755748,-0.03772452552824192,0.7123318668230978
-0.03582977545416544,-0.000575811437664847,1.6644623640532275,-0.00404437131571113,0.20615190350374277,-0.03472271233993429,0.7763872951232027
-0.03499619177770264,-0.0006403095842066531,1.6781146498284971,-0.0021292711254803105,0.20535449791220636,-0.034175373022423336,0.8638985026514209
-0.034511771132768355,0.0002648635351350457,1.6753837689552018,-0.0009042007550163447,0.19012184676655092,-0.03542378272075113,0.9228473817394848
-0.03481893664817027,0.0003193611148989983,1.6556580434317039,-0.000685824457687865,0.1894571735803794,-0.034028964027403616,0.9411376997199313
-0.03495322034727356,0.0003554198895461848,1.6370476069862707,-0.00022936716053261703,0.18910339090381165,-0.033540216377369814,0.966148785454732
-0.034170416807860364,0.00044734258319042,1.6249838742413112,0.001370698008296926,0.1886730715265778,-0.032554323821448974,0.9816560409350154
-0.023043645021867138,0.00046445077653861167,1.6155139667935043,0.0011512797604429496,0.18526196150670537,-0.03145144629297983,0.9887373048272842
0.05460015866914337,0.003922871327982924,1.6936800786256472,-0.014527754111379583,0.23602100396656644,-0.04501930700673539,1.0421002039909517
0.059753763883740034,0.003846240404933946,1.7033398535572755,-0.01487865198991807,0.24080971505506377,-0.045674235040033505,1.0438632985815706
0.046970471182387764,-0.01097522702177181,1.6682576208759752,-0.017959144564404613,0.2389439869359254,-0.046005993365438695,1.0505813973152494
0.04059020438489814,-0.011147776707521696,1.6547499386405708,-0.01739870694870177,0.2313046614203026,-0.044978534059591645,1.048922766794302
0.05893736893633541,-0.011097250209808344,1.6842308159271684,-0.016554103139411653,0.24923835318531534,-0.045627855821438516,1.0592166304534985
0.05886971189023687,-0.011099972327562106,1.6839931574207976,-0.017151116539764106,0.24919090398431493,-0.04531923280692956,1.0611894544528888
0.00436983889574057,-0.005049450857316552,-1.1750471751465212,0.03316511124681671,-0.06123683288884303,-0.05062924347541583,-1.7765930086550141
0.005093481755867488,-0.00506928129465416,-1.1825543481475094,0.015205374964186188,-0.06617323709768883,-0.05379910634338216,-1.7813404412306477
0.015075778604308728,-0.00543999966773521,-1.1136966980127316,0.0017371228913806351,-0.059515102373626054,-0.05135299984404213,-1.7421797164245285
0.01601739084479814,-0.006722720187011122,-1.0619562894184587,0.002244811777512343,-0.06114269466947918,-0.03995523034343517,-1.7350659023521935
0.0171244985018372,-0.007444300112423368,-1.058771065537593,0.0009827441302897061,-0.06155602995149246,-0.04049694454853302,-1.7189672935588292
0.018841334368769398,-0.007719991225984733,-0.9594783187214302,-0.00032316284615251925,-0.04653913456358221,-0.032735705688355085,-1.7139841051954676
0.019478699091472026,-0.0067989165689565315,-0.9016206618283684,-0.010657266635594896,-0.04996432415507945,-0.020478791080935862,-1.7337393458198935
0.024165759536153013,-0.002212230980419567,-0.7787497518925148,-0.01868538142726014,-0.05016784968847148,-0.0032337671632586685,-1.8139482749116846
0.02556435609010157,-0.0019813778764639686,-0.7348153747988833,-0.017861209108682056,-0.05225017879764153,0.0009960118010465687,-1.8448150397651668
0.02556137173052131,-0.0020524470596171456,-0.7597521999593299,-0.022472687035412997,-0.051211873222591534,0.001247118951503478,-1.7666575665295678
0.025333358236192816,-0.0019896859957850813,-0.7664867655765504,-0.027041622009609856,-0.05404468845130411,0.0024728049720658504,-1.7130913190737274
0.02501541831138402,-0.0016815920217525563,-0.7572882206454091,-0.029612688813657598,-0.05237800420290511,0.00386294253077106,-1.6188364463168683
0.027121018862346302,-0.0005942678558696557,-0.7259318761434107,-0.017344801028726924,-0.034913350446824795,0.00758254941364211,-1.2660307162433253
0.038887836996587044,0.00029364939774788,-0.579944059701006,-0.0021161565419056875,-0.014340255513541986,0.007745757163126729,-0.9140067260230103
0.0435610885165883,0.0004936857275845671,-0.528010297220986,-0.004369924342637636,-0.01425437624044195,0.00635477994085368,-0.8059577474290207
0.04787513443653737,0.0007193326025078148,-0.48764884586115037,-0.001270480305751819,-0.01442484593863289,0.010187252400589061,-0.7412952348924902
0.05175215563304789,0.002457138908560306,-0.4253314752972713,-0.0003663459715839133,-0.01590879724357138,0.01202733952642788,-0.6471348898556227
0.056099183455295284,0.0012749582451571718,-0.28932155646915314,-0.015080079835694628,-0.02255612555853409,0.007983059171601355,-0.6897060172274952
0.06113404294964373,0.003092078399746435,-0.3165386749609491,-0.019876889003248122,-0.022773722944910625,0.006919351587918902,-0.6147813334226258
0.06394937209122618,0.0034660115684603077,-0.2901104971910619,-0.017921532675072748,-0.02402697951239439,0.005535971335262731,-0.5251909112820919
0.06321386656806233,0.0024367114050650326,-0.30998216890268265,-0.016321448005095718,-0.0235394260788856,0.0018988689881199862,-0.49002700260459353
0.05665537415437196,0.0010590646093512047,-0.3847766474793095,-0.014676190764922444,-0.00904207892160428,0.0024414462879672424,-0.5421257249377024
0.05514005166231524,0.0011041952900560756,-0.40518169110593627,-0.012269381856215327,-0.00969390172944356,0.0013465562450110731,-0.5346192953056857
0.0565109936015998,0.0016142158212455195,-0.40159057260679526,-0.013421555075265039,-0.012884288687197583,0.001627225382116054,-0.5252459715893744
0.05611448135550457,0.001640270212645322,-0.43572353650318,-0.011455993453212493,-0.02439777504086906,0.0023759354018677175,-0.494697951966197
0.05381902768049634,0.0015561227078731677,-0.4320836235355739,-0.011258697218461424,-0.024647716884208422,0.0013277722242129573,-0.4827643351155884
0.05808123143039037,-0.0029954736749336357,-0.4959696473437701,-0.012935821201684822,-0.02543190584803568,0.002416967480543383,-0.4844925147215387
0.05604140021309302,0.0026442819690614375,-0.37787960937788034,-0.01408697535781847,-0.025730782444930867,0.0033409313955178573,-0.3841230787149075
0.05838130551497622,0.002723093604882106,-0.3804159665833119,-0.013285504385647554,-0.025959363863857943,0.003663179284591136,-0.36159231778532475
0.06342755403377172,0.0036124126475321713,-0.3804106310676783,-0.022930296028428054,-0.023649397172575935,0.002658341590143732,-0.3461344512349594
0.0687578972546369,0.011223244216451825,-0.3754572264358588,-0.03124264815095732,-0.01923705056000398,0.0026789221835949464,-0.33670841718896166
0.0732816405419382,0.011214950195362491,-0.3440961496440355,-0.03365071750488332,-0.013790154219805563,0.0022518253152732266,-0.28955269105296105
0.0734520287717725,0.01778907736296822,-0.3454739400529941,-0.03182723454487545,-0.011662327470054091,0.0015829509827155121,-0.22504528526920736
0.07380927527828197,0.023153352829774022,-0.33623351120404527,-0.03788630912458944,-0.010814683007874444,0.00038663014399319346,-0.2046774349036068
0.06461739380354788,0.019928736618559338,-0.3394933268407144,-0.0401168001937842,-0.012393259111743693,0.00289532214091817,-0.12581425737473964
0.0512799890933405,0.007596796714606024,-0.267012106997319,-0.033943132619976356,0.00499319762006185,0.007949930209855315,-0.03003062066200716
0.0380497824363626,0.0011716561574547965,-0.1876700181264385,-0.02495297983020774,0.0008864177085147802,0.014507989487316304,0.10712361673411092
0.03423200741882525,-0.00026524840927750137,-0.15867409697032644,-0.023349942652892208,0.0020350998195333824,0.015862196734799112,0.1328637148030845
0.031008185121939494,-0.004252182225043787,-0.12574693317431188,-0.026698926676254998,-0.0039392285479403315,0.018434847204228864,0.17088622744662246
0.0211871290080304,-0.015615116134828938,-0.03312676120122505,-0.06133975520883869,-0.008944330912123192,0.022916422933931997,0.26638802019608226
0.0185196204067149,-0.01024967449471335,-0.026688578381518245,-0.07542937545883029,-0.008744447928968087,0.024626518421080084,0.3115719500820836
0.01765047265144064,-0.005127054890504452,0.02451213481165501,-0.08650068041068676,-0.010499285495627042,0.023923125484051313,0.33142048636654586
0.009673764894838302,-0.010082562753844244,0.015422356310023597,-0.08645578633270869,-0.012855842674584608,0.026043344621021567,0.4582693809067678
0.01189747131760738,-0.006988778575553271,0.03166847997402871,-0.08474867758123984,-0.013558999466798413,0.0242666432406127,0.5991938397701859
0.011239086704802958,-0.01122873910339461,0.05924095441055261,-0.10142743690485247,-0.011634364009437022,0.020985539429607583,0.7149317968975064
0.003611464590262073,-0.021519593414295615,-0.3762047415954524,-0.12405003710508217,-0.006241089700529654,0.015209259690582861,1.1927195210577028
-0.0031834736752097263,-0.003500462613714121,0.42669022045077537,-0.08908425907986524,-0.002498194353521546,-0.055418339145702836,0.7282092055243217
-0.003315247869638527,-0.0028227682012088,0.41120237057577147,-0.09620103104049647,-0.002020341399269662,-0.055950204373007795,0.7640982158375992
-0.003310941314958481,-0.002767729784299467,0.40356158338963954,-0.09792855813075556,-0.0017397852980148081,-0.05589956499732989,0.7730759896654698
-0.003875447410076416,-0.0022320339492421545,0.4033442868022906,-0.10043841990970803,-0.0009035994755119251,-0.05611975947830116,0.7903975001507068
-0.004010028673741313,-0.002157824164497836,0.40623300397591716,-0.1008590169808981,-0.003184240981323781,-0.0610872353279477,0.7968782732738151
-0.0045190245151205555,-0.002528507964471706,0.43144640277279345,-0.10871502583215291,-0.00483801721180598,-0.06852796127875876,0.7853562716450577
-0.004509614268139834,-0.0025212464103802645,0.44902122248086884,-0.11171940667163152,-0.008205128955756744,-0.07517764212595754,0.7832754777295516
-0.004490754901946116,-0.0023959179298112952,0.4670006909165674,-0.11228321477060539,-0.009232745117417208,-0.07491149327270931,0.7753145842379912
-0.00431312986596037,-0.0017841239102486949,0.5160022248897412,-0.11673482724102381,-0.01446780494437384,-0.06902719099526353,0.7745402524383348
-0.0043186968091323795,-0.001815244603658206,0.5382367304666181,-0.11692518598764115,-0.0156402037054301,-0.06792262628380238,0.7740300945974364
-0.004286006329203146,-0.0017016427704343363,0.5648113322377742,-0.11983676621242352,-0.015821186211601463,-0.06613380261699811,0.779821725937642
-0.004311417097421673,-0.0017509023850297346,0.6249575792960956,-0.12476393193745304,-0.01939045706174907,-0.055680383093597415,0.8008932010577817
0.0034532888779598525,0.0037516041686138746,-2.587987131171781,0.09100315909592248,-0.032411190235986286,0.05354979987869235,-0.1661577424226506
0.0035149594418271697,0.003554290452503107,-2.483797933260306,0.0926313692184818,-0.03459504753488353,0.08643316071035609,-0.015385273297527422
0.0034153968154953794,0.0036636724450149535,-2.441719245421482,0.10095718075328641,-0.026794009113319067,0.08448361581053493,0.03576685269098547
0.003660829772593537,0.0035574163981607915,-2.4556310833314563,0.10708137547892156,-0.027808349368901197,0.08435727372288862,0.04637454445605039
0.004073667464113887,0.004274643520763699,-2.4218480749208284,0.12215898574074403,-0.026282536285039897,0.0839131014338041,0.08031365332425232
0.0047706357596821935,0.0046707309050749695,-2.3675416538245173,0.13100138959472285,-0.010434153462361718,0.08665378213184001,0.09197984374780074
0.004935433367460451,0.0043713398893849426,-2.3891540342992243,0.1238559012733721,-0.008531081027743075,0.08066735324045583,0.1358033567144782
0.004826134321474902,0.0055111965707644464,-2.3177700115163695,0.09535861111930141,-0.010655002359627923,0.0663834750836987,0.22285603700771586
0.0047003164472299705,0.005897221352594716,-2.2936791747704777,0.08710173396929365,-0.013581276602663341,0.056056625213650936,0.2434754155432612
0.00397061585040239,0.004295836740050639,-2.260867104620601,0.07858913442878612,-0.0020606590865078255,0.04009534393882662,0.2786090224740997
0.0032077802427758055,0.0036389892439851164,-2.245216247807567,0.07628077562918492,-0.005010582872236247,0.04062059029724294,0.2846730992579249
0.002562319608729616,0.0018971440985360744,-2.252264500972517,0.0695580891268538,-0.006530757422838215,0.03314885938395318,0.3223229856661984
0.002400717306096338,0.0015500322229663863,-2.243003679817495,0.06651953618377794,-0.00554741407769714,0.029088048056144303,0.32667557465219654
0.0017538748817974026,0.0007679466673040646,-2.218248830537096,0.06355825984809248,-0.008468048387818125,0.028260335538734638,0.32247194006224816
0.0013907069936154681,0.000423629387021017,-2.2268411503462326,0.06058967059207779,-0.008459837396514134,0.02398779929040477,0.34219153518069817
0.0010438529100049983,4.872076508970167e-05,-2.1619670911757414,0.049547402724984625,-0.01445475132099626,-0.00896622020052778,0.4049804541536185
0.0010178748086425474,-0.0002702071343438252,-2.154537460753202,0.047510794309219076,-0.015458897224883356,-0.015957411744981914,0.43470109934774576
0.0006976324130513762,-0.0009233255116002994,-2.163679077846784,0.04240429599084197,-0.017581426050129356,-0.013930394257333301,0.4928089455322232
0.0003262397537762871,-0.0009473031985000139,-2.1750290291012773,0.03425938837889086,-0.02259213305101245,-0.013545265610782281,0.6049944953456016
0.00039101156888961345,-0.001519680232236112,-2.1617042225732277,0.03386908191561058,-0.02188547011452896,-0.012971071772755471,0.688987243829872
0.0004145448385978844,-0.0017073442544077448,-2.1499986569111322,0.028362074232434798,-0.025553840261767075,-0.010600675885689624,0.7596307164776116
0.0005877158383359784,-0.002276560896575456,-1.9574663756402835,0.03423545133446361,-0.026292834413306234,-0.00396305837249257,0.9144030499730259
0.0035942817065522017,-0.002843565065309819,-1.7374527843408096,0.036660880060963776,-0.036441513577989644,-0.014601560252813235,0.9563222533661027
-0.0371420146025367,-0.0025489640449023,-1.7889252910158882,0.004744921923338692,-0.03796143610779045,-0.014071366518712996,1.0283749410020502
-0.03961988065095787,-0.002807812032609345,-1.699956406764142,0.015863026589694296,-0.03103401295326977,-0.011834981323915847,1.066425750364102
-0.04847548629966769,-0.003121163036493235,-1.5770977637030865,0.02084096280713294,-0.034420464069896184,-0.01391623524225505,1.067607236506069
-0.05118997334051534,-0.0033581106466274457,-1.5415019600552713,0.025507494547935383,-0.03489054007615358,-0.014528698213134551,1.0634951850334435
-0.05131223604123092,0.005052687325026313,-1.5307848868329679,0.020094999453669368,-0.045337188989095015,-0.01887825124499088,1.0467984678882185
-0.05112007963312459,-0.003527498795025286,-1.5139277519272754,0.030615201433175247,-0.043815578305574816,-0.018013209378035928,1.0513134412367864
0.006090004653586479,-0.0035934323697272533,-1.5032985485849442,0.057444431881511965,-0.04277426062107885,-0.01695778086931434,0.9708954541217587
0.006415685491009925,-0.0031555062774403773,-1.4088811961270622,0.0694108224773241,-0.041152745282485054,-0.010333344040927742,0.9761812673208285
0.007253879943043404,-0.0027744692963479678,-1.2031517929927324,0.09347049075392873,-0.040713512305555866,0.008051384388225221,1.0009236630799523
0.009072871879158083,0.003052059221251532,-1.0755608799019445,0.09232720402641419,-0.04119804711084283,0.020104824009146385,0.9385701208871914
0.02637602719107635,-0.0024970994254117774,-1.3284482660599315,-0.3671845082915876,-0.03805086078645133,-0.019286990135520033,-0.17517120598089775
0.02141573882243092,-0.005373460915068423,-1.5368727161017772,-0.39365772110146213,-0.03939429827891605,-0.030406202527941326,-0.24118190601219022
0.03006601560784616,-0.00349316569961994,-1.433176459564579,-0.3827932120670693,-0.03557896477171253,-0.023405913235303822,-0.16533915862902834
-0.2764489252771971,-0.004224057028613604,-1.4317904231650793,-0.49585407772934276,-0.031010676740250823,-0.040786784229453074,-0.3040894980650688
-0.15891036590933347,-0.01028045646390632,-1.6634903828643985,-0.4854290745255929,-0.03727813095180517,-0.04881562461076697,-0.34150995739318585
-0.13570626950612538,-0.012067033653867514,-1.783623010190027,-0.47100078046501226,-0.038969440641914405,-0.05083911227997221,-0.3257241086663544
-0.12521320157131402,-0.013422313745674042,-1.8939575672728846,-0.43525897256014046,-0.04470466777571974,-0.053628500900069244,-0.2915108618408256
0.017721574498925714,-0.015903792570546263,-1.9160918024789388,-0.4290570296611664,-0.046336212663061094,-0.03670808910165204,-0.1402892903817624
0.015126765088678995,-0.01944687182924703,-1.8697606527206965,-0.4858256521920982,-0.04581893295701784,-0.02886825591765625,-0.09702796895357833
0.012473057798452019,-0.018592834174867068,-1.8193417169078354,-0.5844901192316982,-0.041259488239407005,-0.018177455839073684,-0.017589991488373088
0.011496040891350586,-0.017485751006895898,-1.767681607188448,-0.6179859820329927,-0.038558597565151315,-0.014823467889582232,0.006174699692140334
0.010902361559595602,-0.015764731973083375,-1.6949786083952914,-0.6191405465016995,-0.023887736021211633,-0.008456918515136252,0.026022414259880444
0.008420003939013387,-0.015623204698442668,-1.6666220583684737,-0.6636386532401068,-0.026300784259591158,0.0005165432791251372,0.03351432793370669
0.008571138541280554,-0.015487067404594308,-1.678435471829819,-0.6750330958896169,-0.02592851698622711,-0.00042660896422521544,0.05779005615615058
0.008447513361605489,-0.015432532501676153,-1.6662734667044237,-0.6836979362549684,-0.02603558171994148,0.0002845207670429528,0.07758436278213357
0.007077046649484452,-0.017120132422536193,-1.5868930475895895,-0.6718245182959166,-0.026093606321520958,0.005792600440413362,0.13430556354645734
0.005800795156265612,-0.015908564780694343,-1.6733627565904923,-0.6768523806592548,-0.026466023203073622,0.006049118691007336,0.23193897120785623
0.006508438826677595,-0.017411407301694114,-1.609940480717853,-0.645602260720689,-0.02237741560377754,0.00879713199333191,0.33381428513881684
0.006426687855526335,-0.02143212892517228,-1.5611799734404053,-0.5993970201028277,-0.019170070311068568,0.012311058860561962,0.4476057331580201
0.007566733619003084,-0.02607596480373349,-1.5021634824926158,-0.6074393795302785,-0.018181336558529066,0.01589626329313347,0.4763968140234231
0.007007578705499235,-0.02661125301733968,-1.422093322865863,-0.6331040626451573,-0.0208778420579716,0.01817922232839605,0.582253302744872
0.007078165757787185,-0.02283086895935615,-1.3780190798593168,-0.6314880896814506,-0.02263603128003567,0.018524119452224392,0.6192340437618914
0.00713558949967867,-0.02523448021953344,-1.3934455560900787,-0.693405799754889,-0.02296384399991235,0.020920589475602037,0.6570499244476822
0.007126741829698761,0.016396497972927658,-1.3439672938407257,-0.6424523150937038,-0.02468834820337544,0.021256512271271455,0.7025032103445608
0.007127318535640068,0.016488450572489273,-1.3425620244055305,-0.6419613132746012,-0.02474899478966839,0.02147569821875376,0.7066122287129416
0.007182516302857042,0.014681094179756285,-1.2867882558246566,-0.6018290540856768,-0.024307517715489634,0.022817501722482925,0.739276425103481
0.00727427454858588,0.015043096701193411,-1.2820917655448794,-0.5994821034064843,-0.024224753745950067,0.022907587877535704,0.7420361700418806
0.007683396902125689,0.01495561521134758,-1.2694538552228862,-0.597857876752214,-0.024425027744921814,0.023257000312050982,0.7322005418130785
0.0076342150359294605,0.015168046049171127,-1.2683437645534934,-0.5848420522490082,-0.024443825771367084,0.022280089937486917,0.7288630109758155
0.007679031298178318,0.014530186034388444,-1.2642467229443042,-0.5858474432879158,-0.024814739617495647,0.022542118601278416,0.7307264169087808
0.008168752331606384,0.014517738121142224,-1.2434798489933296,-0.6000129592653232,-0.0244557726994203,0.024239832536885577,0.725856169192237
0.000975890582904027,-0.0035965072384049695,1.1975970249538073,-0.023385080366792377,-0.03494042437608018,0.000426771476415239,-2.2290050497898113
0.0013453891562101034,-0.0042308322371483725,1.2308531974863348,-0.030237164553871855,-0.03520084080002826,-0.00024205231958018982,-2.256219863185026
0.002681627275159055,-0.004811680819744154,1.2995707416584799,-0.035377065458989665,-0.03495197287273847,-0.0014305235070082786,-2.217402220989313
0.002807932487612924,-0.005374862215007373,1.3698113021718024,-0.03812748089308583,-0.036244220702196746,0.003962417457098803,-2.201671646860439
0.0029928074477906796,-0.005315614110405036,1.350594876533894,-0.04659090017363227,-0.03305749227699044,0.0025964737199264116,-2.181261536244776
0.002935595145428364,-0.004454761610521466,1.3425843780498643,-0.04667300244282415,-0.03300542601398173,0.0019195080484123521,-2.173373120197323
0.0026209729118365343,-0.0003459118337370777,1.3663612889065397,-0.0412631488923387,-0.05493235176091014,0.0057653861180094225,-2.186938659778776
0.0027694484261719197,1.6129620869961306e-06,1.37464444211625,-0.040866512477568936,-0.04974607262326028,0.005190330971851327,-2.1770581914329337
0.0030736413517924704,0.0011304828838773482,1.3896196088728314,-0.04260899542709359,-0.04924978244145218,0.005697104139032114,-2.1719603565163825
0.0034807750613538007,0.0024832128149331477,1.3910726753189189,-0.06351351714286683,-0.03705890717124841,-0.0005339449551126582,-2.0450924943257833
0.0028549391862411257,0.002958105440047131,1.407597273557951,-0.08013154110503613,-0.03299596613323899,0.0017111429932299706,-1.9551895067898708
0.00204447602086928,0.003030908325002565,1.4117504965004726,-0.09409373491449537,-0.03783528066616551,0.005415393246982271,-1.8300492196082445
0.0032176353577887413,-0.01446161470688656,1.483420393565515,-0.1021797528410121,-0.09520005306299337,0.01503760305390655,-1.404332950496585
-0.04390098284520257,-0.024058315566471103,1.5735246333676658,-0.1034463068881003,-0.12476969955923191,0.006907882037086626,-1.203018424132565
-0.0488546883772382,-0.025181820608050364,1.6214922830781775,-0.1021108174717079,-0.11942660197692041,0.009655249609322993,-1.1286180750638748
-0.05286188272453585,-0.02931385050445821,1.6586080336402313,-0.10012265785413188,-0.11695851113661769,0.009649431702927026,-1.04027653348871
-0.05391470818978712,0.019738774843732144,1.704614532058545,-0.10275551044548231,-0.11652978355395582,0.012482281628674116,-0.9265888064856018
-0.05716107808476863,0.01977835147618408,1.7470395300653694,-0.11073210863137266,-0.10805398370681364,0.010986821263396609,-0.8675956878286959
-0.0635265393079665,0.029947012503697617,1.7735001210397865,-0.12099432460422564,-0.10028543302768987,0.012321749377345976,-0.695121446274711
-0.06635590972961448,0.03115175968830279,1.8183746415104065,-0.12923142274283667,-0.08251886744685988,0.0067940635783912875,-0.5611681162646851
-0.07417778386946301,0.016011613231872085,1.9090257875729328,-0.1295664326946779,-0.08312809351222467,-0.016752360674817477,-0.4416137415492864
-0.07828034765564962,0.010405938694633006,1.9742981568598472,-0.1393061121927863,-0.08718464598410908,-0.012361707858324493,-0.4670886682305925
-0.10244246790437408,0.005706310768307684,2.16473089100993,-0.1497151072155852,-0.09994953337372033,-0.016666576990330667,-0.5132866900746125
-0.11313454504587026,0.004172718015258115,2.271494684417886,-0.15354315377625596,-0.09413786999035341,-0.024824690997754077,-0.5302392133104123
-0.11698644133111369,0.00443594629911297,2.3617764150806955,-0.16131537096753526,-0.09351744286982243,-0.026137659744593672,-0.5212592559012585
-0.11731633779080869,0.005711084875554882,2.448011076590619,-0.16057740760803257,-0.09387776369123638,-0.02714065340957702,-0.49880884846764256
-0.11709046711927298,0.005662415007233456,2.4527757842465037,-0.15926088103581887,-0.09546908143111318,-0.02891271362781067,-0.4604292145217848
-0.10371121741235678,0.005942299789227363,2.5376278436992643,-0.15564998940473712,-0.0963679565814738,-0.031932438875547954,-0.40113521454582096
-0.10280849916217308,-0.00942336109231958,2.5597218404948694,-0.15401831688359677,-0.09506057162767874,-0.03762071872635164,-0.4256701393827318
-0.10841802844152051,-0.009182712112828726,2.5738241886813165,-0.15781553488892308,-0.09484923018315115,-0.04164985709475856,-0.4197718841468799
-0.1135326408041907,0.005940087811172776,2.5963530501763654,-0.15157014908095462,-0.09412790613727949,-0.03904296980565866,-0.39109674193914234
-0.1084678892871471,0.0037013328363963336,2.6655099082632527,-0.14984318612071013,-0.09096917129584635,-0.05145700802252379,-0.2766823292005161
-0.09640111281811381,-0.009130826525425913,2.736133261470376,-0.14671611544138563,-0.0856499292625734,-0.05108673177972446,-0.1493042957435423
-0.09361184777049406,-0.009648211405266208,2.784008693217721,-0.13893851856362643,-0.07566126840869472,-0.05091294970037803,-0.06816788261868532
-0.08890733622944161,-0.008133514691590384,2.8043728343016885,-0.13081837022942305,-0.06934907389199385,-0.04868761569879866,-0.021555489852158678
-0.07749581794638985,0.0014585490499089892,2.912169227037771,-0.12783219598834755,-0.060763391864008955,-0.04752869702282403,-0.10818279372258713
-0.06564301560180139,0.0002610169959022774,2.874118896607373,-0.1282686650639377,-0.060615384115749786,-0.0431921623847453,-0.04533067193201644
-0.06025289572371709,3.743511052041915e-05,2.8347972271491595,-0.1345062848316757,-0.03134864036675637,-0.038698364951088554,-0.023613714972836552
-0.056604028982573946,-0.000244474409560152,2.8232063713549516,-0.13566251302507726,-0.03130918568299805,-0.03649312812743176,-0.0005553993525510453
-0.04880497624869197,-0.0009775128790383324,2.795683732777435,-0.13610847692899314,-0.030772777356516443,-0.034510922557392465,0.04674614722339445
-0.04602801646306805,-0.0015630001936690462,2.7802297991229157,-0.13549687534663277,-0.03077441818759978,-0.03601567539613702,0.07616663494712883
-0.04499614721456884,-0.0020499851180990464,2.7776124191598224,-0.13433604616742467,-0.03078569500047973,-0.03606776710119429,0.1025271823293592
-0.03832271894609552,-0.003683770664071016,2.854217186292623,-0.11760529861616036,-0.021841768594246164,-0.031152389678203798,0.26552286731603064
-0.03138212816353669,-0.003892602756094905,3.0675463327070083,-0.11019408336668979,-0.017007084943699916,-0.00865101650174254,0.6041427165282746
-0.030205016816900514,-0.0050722875358377665,3.2376046930341986,-0.09939871170528858,-0.007286369221120691,0.009830806124265332,0.8710693715000645
-0.028630337503345378,-0.006160330718183358,3.334613544880848,-0.09327008703950329,-0.004800626378105035,0.02766880259676814,0.9893446309918
-0.02873030807987513,-0.007043519616044981,3.3322353245757785,-0.10432108341257014,-0.004196205553855877,0.029733027397573178,1.0567217936792344
-0.02852443829324766,-0.007124391652868588,3.3238139031331677,-0.10760303781831065,-0.0068008529596549775,0.031748967028774375,1.085312624493004
0.0045923773968484585,-0.007079554698195563,3.3540485408166423,-0.10100455784284956,-0.007714835212225014,0.03617357484157088,1.061518319934622
0.004604030777083061,-0.006001123424866853,3.390119567352333,-0.07353693239153562,-0.0028964464620106897,0.035103195021198054,1.092768051012745
0.004607894339039017,-0.00601427868480149,3.415929744342549,-0.05522588599700113,-0.001729100981936843,0.03501881025906591,1.11330834332832
0.004604988012624997,-0.006043480601325558,3.436136937745,-0.04727607385132527,-0.001145084553801491,0.032308802511113364,1.1152019976515382
0.0046454708858184365,-0.006080465372007122,3.4624958988881294,-0.047291735174254605,-0.0001419402147523089,0.029937675701901673,1.0948915697463557
0.0046481779411356155,-0.00610135274815037,3.474341409555548,-0.04660817574371679,0.0003108769962340384,0.03022536396280255,1.0839851769662074
0.00477099626182804,0.00836261318261922,3.48280465090947,-0.04211309238518959,0.0021824468381077817,0.031526608706455024,1.0573813477413903
0.004694893844956071,0.008461366855943515,3.4874530002016164,-0.03939196627507142,0.002163953268404135,0.03192565166610229,1.053523267534271
0.004716546968033631,0.008000944090272619,3.489114157196249,-0.037750352836659874,0.0021317273542520924,0.03178167158630155,1.0556112447882868
0.00480275744867063,0.007749262735063777,3.4915300546953834,-0.03572592341489818,0.0018960262317675599,0.03194039863299982,1.053947243460834
0.0033881767145431943,0.0021385571562765487,0.3219394168523246,-0.0008180564202938941,0.0028842407972284765,-0.04824895380106143,-2.269008678391151
0.003429384002499869,0.0022485415713364653,0.4359690807980299,0.0027587573365065662,0.0157487609166466,-0.04267691518157005,-2.2539541373674057
0.0036021427437519186,0.0021600673964369834,0.47325860097384614,0.003182524910304187,0.01448521167168748,-0.04043939022593796,-2.2198659916635552
0.0029243189106724944,0.0018466477547265728,0.646737645921199,-0.00705185307858514,-0.005795177009184994,-0.0190748877347566,-2.0241933735163715
0.00330932838883859,0.001750355734908264,0.7021948745515517,-0.01960865847277237,-0.009105525738872865,-0.013658730314005899,-1.9312196709194998
0.003050284010998149,0.0009650117548277727,0.8204730640368634,-0.04472098102828412,-0.008356255417132901,-0.011830401819277444,-1.751691324402504
0.0032063659396723357,0.0026214704172519213,0.9932352478131808,-0.0384047194598632,-0.022470969945935594,0.020734876750643172,-1.3595558545251862
0.004202993398644243,0.0077089171457200446,1.1257883444952286,-0.004349270399339616,-0.020898412137773485,0.028552460718646637,-1.1198462780887217
0.004447892648194467,0.010221746097008485,1.1611625856344754,0.0027948028136457193,-0.02191206232010301,0.030117373292271352,-1.052898522429601
0.005040627697834901,0.013571945248566145,1.2047909294995496,-0.00023629139184176985,-0.0250465058304967,0.03007127609590828,-0.9841047794467197
0.005538762743703925,0.019621977522626056,1.2959689437946624,-0.0022514198869197175,-0.009123750471592064,0.032339282127438744,-0.839355255888817
0.0061390976905452725,0.02386269301805272,1.3610485306847482,-0.0043822278063163096,-0.005798787710814137,0.03570673827179236,-0.7596399488566807
0.007175267614870059,0.030663131930094855,1.3971949576416838,-0.006792111848558543,-0.008607590928044445,0.03462250418901223,-0.6035291610333342
0.010774769518750473,0.04176445030381586,1.5640432378476046,-0.012992089693045744,-0.020930067009242645,0.031858477605956,-0.4399920026916098
0.009544836615651236,0.026673251618116383,1.650664334405666,-0.012421278524680345,-0.026158966950391223,0.01540958260616299,-0.35677509425748866
0.0101423027801122,0.020003587762144514,1.6689473427712198,-0.011995290031408534,-0.027518803365004216,0.012562680809145778,-0.3474950309433307
0.011024099573955962,0.01562522513320121,1.7024518996355147,-0.015776552597179774,-0.028711143852788133,0.00719989713653431,-0.34854920165742614
0.011134779982646767,0.01462493112381481,1.7065111171791778,-0.017703217061718395,-0.0305162533103012,0.003991336706068254,-0.3378571641224878
0.010949778993411673,0.014416461710923326,1.703959391229461,-0.01873943839094283,-0.031562067358580595,0.004892291776178545,-0.32934683535124204
0.009779908238021676,0.014316872016108267,1.7078528222422233,-0.02083636692223054,-0.03449522413428943,0.0019549213520196613,-0.3221378582856688
0.009796088747884301,0.014383089549927846,1.6941032445579183,-0.019705097634793754,-0.037224565530803756,0.0007977588716788285,-0.2868545877395241
0.009542770729077873,0.015204950600089516,1.7000537385052787,-0.013337370369941015,-0.0401652604329357,-0.0004871584355926749,-0.235730638756044
0.010830496245695664,0.014711533243265571,1.7068735088681162,-0.005427162470380738,-0.039099491286778636,-0.0021324873669922202,-0.21354853293079112
0.012162848680970194,0.01452894178905617,1.7284353762886533,-0.005834506670431019,-0.03906786545055272,-0.001136038213487961,-0.18320226731755862
0.012851690279978532,0.014651408516917071,1.763997818287196,-0.006901900523136403,-0.04467159394371304,-0.003524070912522244,-0.16682008062797027
0.015056858014256201,0.01039489792508704,1.927436106131841,-0.010846360081216764,-0.04508853829474014,0.012529582775664365,-0.09116570360559036
0.014377203596279009,0.005613454171015437,2.2145340538073817,-0.024247166999319218,-0.05369436935856308,0.021589919766721265,-0.0652823818449605
0.012928103184257906,0.005161244493746119,2.4006751542745786,-0.05856866272054321,-0.05203461283394937,0.02740077999831151,-0.00500275920167245
0.012105463944418809,0.004164186352555483,2.4385484644307565,-0.07003533505102438,-0.05119734653485882,0.02103002212408894,0.04953209412184342
0.01073416153937319,0.00328083797954578,2.439754546789061,-0.07304538748451872,-0.05121503158268901,0.017636525809542263,0.08303163494111411
0.00977937493510843,0.001965036405274044,2.5050631436624586,-0.08595791480843222,-0.04601474205020278,0.0042303562453267565,0.12446516923922893
0.008813392998337196,0.002250560393256907,2.4025255398900205,-0.08919965815325226,-0.05664238573016853,0.02493921730090585,0.14589037796369153
-0.050740620191385366,0.0015565333470979846,2.4366336671145663,-0.09739867513214191,-0.05901263655746201,0.022906499803611504,0.18167327983736417
-0.04294185253591242,0.0011646315547994344,2.423516854499373,-0.09399540107785995,-0.058349622835246216,0.023561098485179198,0.2342667423002386
0.006677243035747328,0.0006486537111554817,2.388950343768312,-0.08986100758512579,-0.05845631338242143,0.02471148670512534,0.2414003964363567
0.0071432952629063955,0.00033852633876321726,2.453550969928464,-0.09013727960983842,-0.0560318710009478,0.009237057409783391,0.25481701103198756
0.00638960147043742,-0.0002801310056684105,2.4992275606167005,-0.0879036718175064,-0.060071325815861186,-0.006097409533190901,0.3396756129693545
0.006107129887140286,-0.0005894468122049488,2.5846505955432693,-0.08756826302064097,-0.07223235933349133,-0.003439952608504563,0.5473249026397109
0.00748685691910239,-0.0014512565800856828,2.631675869305063,-0.09281376849435652,-0.07183606125585543,0.004696830425150414,0.7009529087485105
0.007130476465060579,-0.0013610240639522937,2.640930728504939,-0.09125759824805306,-0.07303052568159488,0.002415444280270954,0.7632633159150218
0.007394857401261402,-0.0018184507390423478,2.6425387407939698,-0.08707118960329799,-0.07231808583802175,0.006410573049247522,0.8300796517763609
0.00694311443874253,-0.0010010736993167181,2.6880360304012645,-0.1009007088174167,-0.06715600052931867,0.012686765925217947,0.883874420698145
0.004670509837505665,-0.003097126102067351,2.910338210048668,-0.14985605425057713,-0.04366197965790708,0.01339414218683764,0.9719596760278122
0.004220547168353161,-0.004183119648004267,3.0249679653524493,-0.17883466143153834,-0.03129869985361386,0.013547745542383357,1.0347761755494325
-0.0271857912943312,-0.004184761355611934,3.0370332196979515,-0.18811357840600781,-0.03360930042964497,0.014142327966272787,1.0795519539957743
-0.02717524425852027,-0.004199265614669165,3.0378022618088836,-0.19011419257643217,-0.033653987643829444,0.014229818784556928,1.0807446796744085
-0.027394188418393785,-0.004267547303707308,3.039287498041428,-0.18810652114548296,-0.03370426542464063,0.014172421550481082,1.080739864869415
-0.028235239228966,-0.004510785570342747,3.0028882121520626,-0.18384006980966275,-0.003518729734313748,0.015851464068767276,1.0857139835736258
-0.029348859427863777,-0.004562447792487333,3.0145584946756427,-0.1754883462030589,-0.0043743761280132356,0.015020335893521617,1.0861493168262082
-0.02932294065153939,-0.004504175707539571,3.0165345286151726,-0.17634573556648378,-0.004506289189893723,0.015162367919463836,1.0849363624247723
-0.02951430969057263,-0.004460910029592532,3.0216422398360905,-0.1763732186655288,-0.004566910060074402,0.014297331207192402,1.0809298952464443
-0.029512532580903438,-0.004460222101853234,3.0263450264821774,-0.17717135849345644,-0.004929767321175669,0.01384808023409085,1.0823751853020376
0.002323573690637396,0.0015013704789860593,0.3034177275528235,0.061627503345152435,0.03370668674772162,-0.0336642665494789,-2.3136119356739697
0.0023399550768061876,0.0016248669527417245,0.3253865129309673,0.05594222371445872,0.03500729983691486,-0.03479714488710308,-2.3365011832537537
0.0025138660758668285,0.0016823502766595663,0.36934246635095447,0.053085553197032904,0.04411680510305219,-0.03287753105288617,-2.335046232259574
0.0019701517328432313,0.001717333786153697,0.4417403685428251,0.05440833198606105,0.0463333142255105,-0.029087237005466567,-2.3306763163007886
0.0008608980910731381,0.001876407055861342,0.5314397964668626,0.055019975044318714,0.0422132043974489,-0.02086973466494394,-2.3246749058528255
-0.00016319114465073212,0.0005119034902450897,0.7021457816188144,0.04752692662112924,0.02788639547077929,-0.015615477786619529,-2.224247273504352
0.00019220604476565545,0.0012847485580194562,0.8905380015794923,0.04429567504438834,0.009770354744648225,-0.010606579753412828,-2.2110416643455015
-0.00023209950909307384,0.0016318258527978288,1.0797211903789576,0.03237240514935467,-0.010577819050058066,0.003385629777872516,-2.108571435020439
0.0001053811796839472,0.001885475119253246,1.1017714241486114,0.036265770681819985,-0.010469279651698618,0.002247789080818742,-2.096893470533188
0.0013478057490707912,-0.0006127020183215805,1.1481998459641793,0.0417338119245987,-0.015960894467324103,0.0038429980937266703,-1.9997585656126808
0.0015144625304492568,-0.0005483349879888121,1.2796968264232365,0.05186983601490622,-0.01208015752698311,0.013347977526338484,-1.8551123335640192
0.001397916324279633,9.943841590902272e-05,1.3462882633886404,0.061312937514200375,0.00372317487502871,0.016894100360063728,-1.7408588288623161
0.0013648175168882396,-0.010363131555905453,1.559325942899351,0.06814746333253954,0.1110113465549239,0.05000526644224392,-1.1382388327554314
0.0018970250535191825,-0.014238723387148126,1.6375238731231585,0.038263108028715014,0.20253084080785236,0.05794697412272247,-0.8394270287854153
0.0021192858442942147,-0.01414547404553869,1.645026861275055,0.048956208532101,0.2088376187193912,0.06440004241760997,-0.7548224931088853
0.003974905348069038,-0.013881178616515276,1.7211460582120508,0.04652610308284345,0.21857730365439848,0.07024859504743507,-0.6470559354822221
0.004238673230662243,-0.020338370469114367,1.6930442040423173,0.04377244672309026,0.19325465691656982,0.06585202679785859,-0.6024383642317438
0.004320498229776279,-0.021387303135350776,1.6346044290490935,0.04041215525559374,0.15355801806971037,0.06291989626867493,-0.5962211552325752
-0.027076303833432822,0.03202803121712419,1.6386625842690006,0.07039589854534427,-0.03540050233020436,0.06266920654316144,-0.5721733207952362
-0.022433449854419796,-0.06530684891152666,1.4798021648153197,0.07250493752489491,-0.04289162913943188,0.05691087998607812,-0.4938461491072797
-0.017363410225770315,-0.04120506689884085,1.2805420352065882,0.06703810171617233,-0.04187531350796368,0.048066324766325205,-0.5338855128480677
0.004733633082042336,-0.03220102358667882,1.6146620405339933,0.032415650899764906,-0.03687704115192585,0.03337586938363594,-0.3404197290918175
0.006077053299923087,-0.02516925720340511,1.6628881735366037,0.02527074611167253,-0.04009975334250778,0.032065542502339776,-0.3389096569020763
-0.02488836405074222,-0.03012943150698297,1.6373889630788723,0.050590516799584304,-0.04699286373385212,0.030459466449569452,-0.33646294664513265
-0.027211677536679996,-0.028155803649149675,1.6478401578937063,0.04622072892346676,-0.0507479202365412,0.030612538052580473,-0.3344096221070154
-0.020726918830789802,-0.03903224219129819,1.5376925925462757,0.0496174233129364,-0.04776762976384747,0.02991063732602327,-0.35010902658929
-0.01973721256549364,-0.039139529662402375,1.5084275864175687,0.04411854908326817,-0.051618865953833894,0.02915829476259686,-0.32388761746694966
-0.021312554330207546,-0.04042148291271485,1.426151740181391,0.04711857570868288,-0.05177229299448789,0.027955607668730488,-0.30297030277149245
-0.021598153921129917,-0.04080506390920809,1.477162269787841,0.04489602207603663,-0.06082611282290179,0.02606116198161945,-0.27610103805201947
-0.029386991116052183,-0.032633063629989904,1.6154699388970715,0.03879715811931596,-0.07085556386546726,0.018140681960379743,-0.20074904525716233
-0.03127405692904005,-0.029497444798159127,1.6608126406397783,0.0372990470987488,-0.0929280528842098,0.017977388415199334,-0.1799825638116385
-0.03308252674655687,-0.026511419136303067,1.6614277396985548,0.036082163213203344,-0.1100090369470886,0.016376314400138346,-0.12101491856581705
-0.030957913924660595,-0.02836464717124517,1.6494783748419826,0.03840340598223723,-0.12109884991969189,0.01329991836937924,-0.0625761515301823
-0.03110043499162525,-0.028571140369617463,1.6540981811189974,0.038070402117057,-0.1305181385480079,0.013818539028015685,-0.02395982515410582
-0.026144550125407846,-0.026569892763496618,1.6457678414015326,0.035397786325774346,-0.14800105476036465,0.01350673494051711,0.03360075978167825
-0.01929197980795919,-0.0242929269603261,1.617798195321976,0.030822715478280794,-0.15596802483080618,0.012948039010201634,0.07766936709423179
-0.0158021813276676,-0.020770289155417,1.578972598931504,0.02159988294361331,-0.15191406279551947,0.012969035306615062,0.13966804037043398
-0.017141118646019592,-0.02042659139735732,1.5785408208755112,0.015423849745447873,-0.15322533941657462,0.012815052071410342,0.1550813704052462
-0.022588760069382142,-0.017702638825068978,1.6131084327341234,0.0005440990841715824,-0.16350780017775324,0.01649902141722668,0.20048903450560138
-0.028568685850972435,-0.016215318768932032,1.623763922151801,-0.020007220155694172,-0.1700812278232335,0.019280864808702163,0.26287514300520637
-0.027849008203501655,-0.016279565233718808,1.6251340495326343,-0.0226662869080744,-0.17419573362868046,0.02305339477162634,0.29823081423423153
-0.026679411406338706,-0.014937457118199752,1.6842884887165617,-0.02101382194606574,-0.16506652562374272,0.033071834833268025,0.33625680650703466
-0.023846079527432295,0.0031862402512325204,1.8158952276824634,-0.01749314586181268,-0.15358098530347494,0.03896311504079936,0.39602361399009045
-0.03825697857601217,0.0014447280908128394,2.10931200533811,-0.023845502022285046,-0.13093835527456438,0.05644385881080945,0.5353833697764651
-0.037908128654455205,0.0016147386035887115,2.143644392287496,-0.023167539381135173,-0.14000070416394822,0.06541182142858862,0.6647095945808137
-0.048549020664093445,0.0008307285564742101,2.3096436649661407,-0.026610334246102964,-0.11480349513152209,0.06844016565987579,0.7440988390218914
-0.05061955402013268,0.0007534800017642661,2.350723396920536,-0.024709830333948225,-0.11157701489937977,0.06480528202184731,0.8227096070463947
-0.051052786227477394,0.0014845687204512593,2.31912974884451,-0.023872220065936613,-0.113082537268203,0.06466554482292297,0.8615310524046876
-0.05120529924641382,0.0006325423246095636,2.3162258011320342,-0.02292790623355143,-0.10794524478443931,0.06597080736607035,0.8790605125423085
-0.050138593712667996,0.0008661645578820915,2.314015661778922,-0.026133119059138395,-0.10659987688889075,0.06516590624323816,0.900303073714425
-0.049242047865372444,0.0015952475499252032,2.3797313433654814,-0.028918176045042116,-0.09385829651772258,0.057255238038370966,0.9323839128515564
-0.05087317825710558,0.0014989524215663374,2.302105629616208,-0.024750720301017635,-0.10832508498805997,0.06571794289308164,0.9158153018955207
-0.051117958748498595,0.0014596134329163354,2.2952213605282554,-0.023927321337339203,-0.10965789126687915,0.06695178371203225,0.915973008663456
-0.04847454940114767,-0.0008183313704372372,2.307522939499354,-0.02543005013243184,-0.1093932361532622,0.065173139649723,0.9230532318275341
-0.050612476242396835,-0.0007883512874118757,2.288150804598263,-0.02718967799386275,-0.11426950671036541,0.0642129178786139,0.9112258275495082
-0.04888735364103582,-0.0008448433402464024,2.4207817925440183,-0.03622028251559927,-0.09250330512654985,0.043377829537092225,0.9444165131096388
-0.05041903667263146,-0.0013463734859700263,2.44352895348256,-0.0377360306519149,-0.09157769377746892,0.04013533484658391,0.9465620902641351
-0.04968307158550726,-0.0013150957640548626,2.436673120263545,-0.035151193805451404,-0.10393445399724151,0.04312772095279077,0.9622290749274521
0.007476839212568392,-0.0025178065359435214,-0.5933414667785909,0.08022127568871637,0.12134831654707093,0.09635106704402321,-1.5390437053182078
0.0074796718252444555,-0.0024237713307059235,-0.577208401256985,0.09035313089949999,0.1295753282244305,0.11608962081078841,-1.4483342331924876
0.0067609193225052575,-0.0022819812060387405,-0.6086078279755068,0.09129862499577268,0.11673552377302697,0.11980424439789862,-1.3571134841481332
0.005173853969329187,-0.0009198130806486435,-0.6442293490106517,0.09302531932590741,0.06551267191109128,0.1232202313154775,-1.0435715703439588
0.0047931849669292145,0.006755551435417998,-0.5267169860835008,0.09018656715851768,0.014559217788481538,0.08141174209168098,-0.8315385511041031
0.007867433986799713,0.00993831833765524,-0.39199595363030376,0.0946916983073944,0.002299902956736346,0.08117089157663311,-0.7174526070448948
0.013706922639008507,0.013433615538307202,-0.15303997673587189,0.09876371798635418,-0.004976837315991683,0.06518644548540103,-0.7984549613851204
0.01671453580351868,0.007107510879751606,-0.11365329282323416,0.10655778553359106,-0.00939573216779811,0.04739375936549494,-0.7113738137954994
0.014083239254725122,-0.005294256166473684,-0.01478954773553114,0.12416072194093516,-0.011639630448384817,0.05143891030662618,-0.6659485043401092
0.008888142325671144,0.0026257096316028273,0.1053259180575413,0.15222829960485945,0.04796614660789105,0.03617047962287517,-0.4885082155697707
-0.014612379640124667,-0.0034700478427251665,0.18712094671719284,0.42599083033400453,0.09264050374267048,0.04222701200968735,-0.3548617521983965
-0.01648296639410652,-0.0037311749434376846,0.16623305608005573,0.40261448979293457,0.08856548154498085,0.03727199524614915,-0.3194167514279486
-0.013881854424772369,0.0012690340841589485,0.016827999193320467,0.39108757704276265,0.08441006253300304,0.03635552001834408,-0.3325890983392287
-0.017644509704001596,-0.001540336290015393,0.04803895418329624,0.3894723446266982,0.07579645143086824,0.03888343677657871,-0.31658952352586955
-0.016895856415833112,0.0014371026516323627,0.05231453581449488,0.3995686423304091,0.07682513929372943,0.03875953440651773,-0.3266471847874989
-0.019216736062623727,0.0017580879352179755,0.05211376730948639,0.3964970611067222,0.07674584185582635,0.04030615994635648,-0.32336822179302127
-0.019086063202293297,0.003707138963887567,0.030546723539816883,0.39424533259877226,0.06697486303763549,0.040013706898309555,-0.34880995734554926
-0.019086600671776876,-0.00275964466709018,0.08802825253306985,0.3941479989179377,0.07483069214217004,0.04023663412574472,-0.2637735074458464
-0.04298608443074851,-0.021375686878531027,0.021866996311386642,0.3553827812998033,0.07022478964647667,0.03374457173457823,-0.2851248444676032
-0.24411956451515507,-0.020850259777683965,-0.20653603461095618,0.06794831053988665,0.03508510797684792,0.026496421557414506,-0.4666851057067359
-0.04837043576856335,-0.030960955222390136,0.9377398604991742,0.04430315724516588,-0.022157227796750032,0.013540597272315649,-0.0814688338653838
-0.8233435035084561,-0.006633236544015534,-1.3862106866062651,-0.5218718160343285,-0.0704372541308912,-0.0028029273722093143,-1.1300426600301907
-0.9136834307033802,-0.03011694401531583,-1.3945016483254156,-0.6511286566434622,-0.15152201803333037,-0.01008873681827883,-1.2786206380041465
-0.9211579813698726,-0.06675923224883906,-1.448001261265681,-0.6973042125405271,-0.19378950075739346,-0.008501089915287668,-1.3939418892473128
-0.8905043973016159,-0.10565780719459794,-1.7290852302482898,-0.657666010385868,-0.22990337375017747,-0.008220738327092582,-1.583263092201766
-0.8010230379415252,-0.1142543828985394,-1.9386891507938864,-0.5818580145862294,-0.2659760298852907,-0.00933804236423324,-1.5938019217884638
-0.44397615331708346,-0.08605418723204869,-2.4660018861542303,-0.3021598400931723,-0.20802069038694848,-0.025558477214564213,-1.4802102289846124
-0.06375812891731851,-0.009334714434790746,0.7671063445910591,0.011193943939642608,-0.056228413474210696,-0.007407828541299387,0.24386090869337132
-0.05888960514926038,-0.010097048681284746,0.9980845173080845,0.00892994272363076,-0.05244821188496549,0.003205173306601249,0.27739732973874265
-0.04452228599483726,-0.007426802079678661,1.0707067973653965,0.014104411029310385,-0.06325490848722067,0.017603782817851705,0.30740373913272767
-0.030427961001746787,-0.010833491256110137,1.194010033152838,0.021720536917422113,-0.12121760126836985,0.04135781465926861,0.3072463208392839
-0.027504192230137392,-0.01095138830735504,1.1940497165452693,0.018274894523711737,-0.12276242797522814,0.04355187426170942,0.3313993095110599
-0.025453108999006695,-0.005774328047413609,1.0479633388552017,0.025983460247078313,-0.07741932178535582,0.028672448544315998,0.399851843763946
-0.0008276869460801902,-0.006197561265471015,1.413232401418081,0.04104401260932752,-0.0649364209355255,0.05915198489288258,1.1292895623971293
-0.0007620328145348535,-0.006372222673345563,1.418784349109626,0.041225886069984376,-0.06515202752724464,0.05880277593050225,1.127237542398085
-0.0005451541524131547,-0.006974695594000651,1.467169799378537,0.03007222668886488,-0.05780807931202555,0.059998866875920064,1.0843718227858035
-0.00030824086420042334,-0.007155721863432696,1.5018037307912246,0.027787797066035454,-0.05850613367996494,0.06081699870220903,1.061422847471711
-0.00032043953294573783,-0.007094092141244298,1.4952563590571806,0.02663973762435983,-0.06506325634578385,0.059746434199214625,1.0616281946890473
-0.0007762858720109963,-0.007081411619316494,1.508038876579125,0.022259028959958453,-0.07452022427556589,0.06226197701822256,1.0222280953702667
-0.0008654432392846513,-0.004331453737986271,1.5400803343333054,0.015693242721044352,-0.09185926925144601,0.06728791372256422,0.9593981688344145
-0.0008605044562441921,-0.004795666951014902,1.5404369910240472,0.015286753198119408,-0.09229850665308313,0.06698593311210506,0.9606484941086845
-0.0008262972675596639,-0.004560253066362883,1.5448390886478647,0.014319786486371515,-0.09239591301699242,0.06720229405471446,0.9619630642893153
0.03420938754123417,-0.005828269293468923,0.10506919138528349,0.01657917041850736,0.07897873232540033,0.07371882640981248,-1.6698920201951495
0.03412899007894554,-0.0070563044723534855,0.1361668649394206,0.01032457314472109,0.08189429602048769,0.07887412874881705,-1.5762994208157648
0.03338282499571803,-0.005677206102680072,0.1618255109692635,0.0008448661672971123,0.08124141573454174,0.07633184200709815,-1.4736314366818424
0.0435256178107913,0.0018146476513527575,0.1180686085680084,-0.02480386931491049,0.060288968097038806,0.05963082586258035,-1.1353905630512229
0.06473212791547106,0.0056745806634838376,0.13789012874104659,-0.03566094395510438,0.05235379461124115,0.03665283131418294,-0.9347095883960964
0.04439560275983387,0.011475854137707114,0.3527191444079867,-0.023479165782317953,0.06968872918927273,0.046704656525694506,-0.9323034969644468
0.04125632252808107,0.010141799747023622,0.4737152474274246,-0.0068058475422476455,0.0636216654927925,0.032233979018456003,-0.8661814456893996
0.010666737988219984,0.014588058570049238,0.6315918434700865,-0.007400248899593158,0.06827905601884016,0.01851990412537279,-0.7389927653701128
0.01114459004995079,0.01588194694885935,0.6677510138691705,0.0040920390953646515,0.08025813579701548,0.01690429156164987,-0.6668991939736392
0.010132469518674053,0.02521535691938359,0.6916035561544037,0.01449615475699973,0.07968494461454995,0.021410789354025822,-0.5505890054869684
0.010342292877711412,0.02747185326551196,0.7084547262784516,0.0192452740850918,0.09157041737320985,0.02651127623010313,-0.43346113899632843
0.010101509366746838,0.027485694203960135,0.7047514969677391,0.0184227648093915,0.09053370238460408,0.023890204672696577,-0.38907675816864135
0.010102123119978776,0.026095262933440014,0.7232363199693438,0.018326443079239245,0.09360790774434256,0.02503106052216942,-0.3762175776422323
0.010132418046457115,0.026090461387603237,0.7296091313836858,0.021050020855615158,0.09415135139055843,0.025185092559591747,-0.36721483804105504
0.010188475869960103,0.029182467889205005,0.7889833384922756,0.0260526378122381,0.09824917793948328,0.027112710209082402,-0.33004227831918487
0.010206373878574329,0.029385826245412493,0.7994888544050854,0.024504732136103612,0.10232027184991932,0.027655967306913887,-0.3140478428600682
0.010131959001515378,0.02906073537255844,0.8042077211610511,0.024597752418274197,0.10860312599656483,0.027365447000535434,-0.298028015113241
0.010090493456476453,0.02738524958239246,0.8491433507496519,0.025088643049216253,0.13124475847880326,0.030677855700697376,-0.2352389462459029
0.009917220945190763,0.024312904552271097,0.887968939085713,0.03181622409591142,0.1470270429781365,0.026529867065248184,-0.16902960462741454
0.010134430534794275,0.02429573381270538,0.9920452387135054,0.03945656731162565,0.17364967076772306,0.032814171811049016,-0.07432104072749439
0.009914193445651372,0.02455488849042799,1.079798637666589,0.042391795951277476,0.19174212587724215,0.03481206436059344,-0.02301359365042626
0.009473384658180758,0.021997494881675506,1.1088050872750215,0.04443637723877334,0.19625502122099683,0.033609796062996265,0.01868101841143159
0.009514740889573381,0.017736082695376243,1.1229383669778576,0.04328432141103996,0.19232346973185246,0.03390154386638452,0.09239066365839055
0.009280424157928173,0.017936894362540493,1.1384274835373498,0.04678168993036492,0.19546712163159552,0.03661201069925089,0.13713553268733625
0.008484240611552615,0.018301591247678488,1.2252960248132547,0.04807973266322909,0.21298136577076315,0.042506913769809924,0.178686587212753
0.0062942603884647945,0.01576830753067988,1.396736975627647,0.04422592232847497,0.2571196443901526,0.07119677899570613,0.1913352683217244
0.002977460315123151,0.015729374807805164,1.431645883828429,0.04112499871413146,0.2687407680486787,0.07573952708352795,0.21985444247841654
-0.0008507103941206918,0.015509507401324603,1.4404213300062105,0.03689982776664233,0.28752705150509456,0.07969851347237573,0.2673920380524065
-0.003798854287164826,0.016656173323388482,1.5886976978058158,0.014684339269055212,0.3211208711139351,0.08301681049229535,0.2770883845308326
0.015796205641512438,0.013399546164820893,1.6488470897146486,0.01586087478475646,0.31979972008719176,0.08986545474203546,0.31820055598323815
0.04073637338092054,0.011713937510647173,1.6677668669596648,0.020587957156163107,0.2908294536226691,0.09772329241630852,0.35984756361002995
0.05501111310464449,0.01337664508090169,1.737716868824342,0.019748291511005985,0.29872133050540867,0.10363413922464408,0.43360234510623186
0.06434781092946348,0.011435042569328835,1.770770114136838,0.01737031821503111,0.3005149529957774,0.10432501039609063,0.4582604805732361
0.07525860417638669,0.009146014085924192,1.782548268434357,0.02260788964911808,0.3115152871037818,0.10649295088644377,0.533233594437665
0.11464978172374504,0.004786831237502127,1.871009878893447,0.042137061295804766,0.34260753189180737,0.09846231884781435,0.7111949815332743
0.15143362616406233,0.00396698774289631,1.9471030023569946,0.04452265086706408,0.38489780955889025,0.09262998258363171,0.8767085472600145
0.14901500437085768,0.003176409132225485,1.9453802413864203,0.044908426009050297,0.39087753804552705,0.09139392019336953,0.9296507070239071
0.15039333683024458,0.0032823800176326186,1.9501489720241183,0.05458128048957447,0.39539061973426093,0.09283793519030922,1.0122190616126079
0.14327591165153453,0.004168387855127881,1.944627703594666,0.05688296696061901,0.37584742162774915,0.09101440759321452,1.0703206993276608
0.14271649137275205,0.004334824732855013,1.9338746455001097,0.05746758209161366,0.3680151251400307,0.09178903024465301,1.0847162279343958
0.14198327945336942,0.004383654733729513,1.9276863857473168,0.0575744280303316,0.36701551228446155,0.09185699420089474,1.1081933316157566
0.14121468430341672,0.004348537264674666,1.9218771709224807,0.0573355332504879,0.36616933577371297,0.09162180950000225,1.1167857550511209
0.1412043442452514,0.004328864553212475,1.9206504705017182,0.05783106568702659,0.36661640843795057,0.09141611329376738,1.120448009383848
0.13725956990206706,0.004287593936424978,1.9167464193545687,0.05722794346187235,0.3638624011976362,0.09141212959306316,1.117039261585192
0.1393108824719933,0.004087638276777929,1.9263750935663864,0.057075850020822716,0.36602769398006424,0.09198515542758536,1.1172136189703843
-0.025187648858064213,0.00045466092854096576,1.9641025161770205,0.048148641180363605,0.305590822804139,0.11649027363050944,1.0403053976879681
-0.024871383219799672,0.0004321768002685621,1.9675643697165273,0.04963820720724623,0.3077768374383451,0.11693840539905194,1.0332165612385769
-0.003562057157208483,0.000999072957438657,2.374484152617173,0.028334434274013363,0.3580920630955082,0.16563229682686012,1.0218465249974082
0.0058948615382860125,0.0013368393000493318,2.5639648259809547,0.013686057618308517,0.3384548327779315,0.15811772960643297,1.0611364652939594
0.007452489972539548,0.02102001707365434,1.413106066221635,-0.10500873867266851,-0.07242577998172035,0.05312350127581479,0.04990135139901129
0.0066206357254635665,0.019941526368110828,1.5177232797920792,-0.10328396987660113,-0.06728005742905671,0.05991768915189947,0.08674045844876854
0.00469173523708191,0.017984138673700807,1.5209415342346704,-0.10736485390613554,-0.06690160529432443,0.06284797327634363,0.13760410052395025
0.004127199952911361,0.015176644405964232,1.5532937013201062,-0.10747296490180513,-0.06507731421734969,0.06382723586082614,0.1587507134200291
0.0027406496304418068,0.010732918163914317,1.631653392506282,-0.11030064645942264,-0.05952364508214182,0.0652096504773657,0.21901768804201607
0.001770136636042951,0.00896714831000241,1.7311187580775371,-0.11219130104513692,-0.05433785869254758,0.07040153674313547,0.2796377182424269
0.0015239310538984112,0.008955317206631255,1.7140292627887772,-0.10962530538386449,-0.06262734126344272,0.06965620777802044,0.3042335461499246
0.0012770288048873492,0.008622552323169799,1.709975760802536,-0.10924940657423621,-0.06732205702983723,0.07063633944402102,0.32419761570024436
0.0005223488787627566,0.006901382786916367,1.6869595319252817,-0.1082790753129444,-0.07646530691432651,0.07223380913645384,0.3757612073665622
-0.0012659893140309427,-0.004431676470257773,1.6757198054738196,-0.11014562646914998,-0.08119741987269498,0.07239279872092627,0.5116890735070301
-0.003064556205902346,0.00011128624866424438,1.6806318916220497,-0.12097878489312695,-0.08799343565169336,0.08075504413236297,0.6364250788068482
-0.003590406432339363,0.001357522181409575,1.6560405169884318,-0.12088323652957288,-0.09432474246683414,0.08214283756765982,0.6904000597768502
-0.003776640200050944,0.0018819686790580911,1.6446252553207907,-0.13265772986764818,-0.097468733911549,0.0832318056917321,0.7571010166095422
-0.00411544966476766,0.0020075130396881003,1.6589842751602961,-0.14750787705129723,-0.09662369823554881,0.0817109194221488,0.8125477303133656
-0.00411847598462035,0.0019778801965901417,1.6679986850529944,-0.1462522989673379,-0.0942621053843789,0.08519639040182056,0.8362794239343023
-0.004070794235369127,0.0019301013812995553,1.679634379070619,-0.14599670001592227,-0.09136395617925484,0.08598451174510846,0.8632850326817352
-0.0037891562576861408,0.0020003382748377684,1.7066669734355955,-0.14342495644187916,-0.08874843031063764,0.08591696276399499,0.872879525601363
-0.0035331568519915615,0.0020065809414833336,1.7185964372855216,-0.1437865727282329,-0.08957953426047946,0.08567333122859197,0.8763694276871499
-0.002480229433028589,0.00205790817337043,1.739915173338475,-0.1425685982427963,-0.10304263190749341,0.08778503007087608,0.8751794377866223
-0.0017387604856571382,0.0019377986691955088,1.8587391399284166,-0.1436266299791882,-0.1521888206238434,0.08978828122369667,0.8836430547691211
-0.0026094075593578103,0.0021648046050775026,1.8883122848335887,-0.14028114774053618,-0.15296343011759905,0.09001392103255107,0.8763484639646827
-0.01167562561367728,0.002193741580453153,2.028291756651699,-0.13712083939835046,-0.15663371599832118,0.08231828632984287,0.8262047791241568
-0.021994282005183052,0.001559155516311732,2.202242096088889,-0.1306684083030898,-0.15391040217543656,0.08378919106029939,0.840890723176429
-0.026233748733840503,0.002055928867239806,2.2748781202228128,-0.13421349524797505,-0.15111381345567318,0.08047656007929574,0.8536777807822152
0.002011009295201556,-0.029215007920963848,0.9611849190436709,0.06662296041384404,-0.03959980822423156,0.03301862223297103,-0.023620272140187706
0.00264925723176606,-0.026559681492421307,0.8830253562207859,0.05966866448651895,-0.03776937396538086,0.018130396655577436,0.05487580775746013
-0.033512447347213085,-0.021399000882693933,0.8688524213186427,0.08711919145958649,-0.04071562314903692,0.007654132994767505,0.11170383362919285
-0.031223146329941505,-0.013115701122244998,0.7053515449550906,0.0817889597699047,-0.05342595103005597,-0.0008813838491749731,0.11001504722060812
0.0012693289775803785,0.005880935031055716,0.6503250813611101,0.05143826308095905,-0.055257238140646876,-0.0052763907294118085,0.16465541413679735
-1.1884206294137463e-05,0.003955189696142695,0.6510326230638301,0.04810117044878281,-0.05515691611522105,-0.0061464075256367065,0.22928555251799487
-0.00015750490741802046,0.0032683135466804844,0.6319013679012326,0.04376615913500757,-0.05623586216988243,-0.0068353161899446764,0.2477110624239522
-0.0005602044135186182,0.0021885521259901977,0.6457555903558909,0.041754006056870484,-0.05507228253896442,-0.010871097322264218,0.2627845926781661
-0.0008506498662078555,0.0017698161592977811,0.7516582862473423,0.034604588164532143,-0.045150090924940635,-0.004850894373272233,0.3169917802318135
-0.000971059155579084,0.00279860890732012,0.8429047489007868,0.037328785038372655,-0.04121209118822192,0.012523821661407447,0.336083719151051
-0.00213440023769421,0.0029672426237849357,0.8960658582454896,0.03784720862478665,-0.047063167222795126,0.0249231256448482,0.3395081439142144
-0.0023095697074771663,0.002636651548815794,0.9373172605649291,0.04135862308028166,-0.046315264315192596,0.031181546044072646,0.39957382498159083
-0.0012705341715780446,0.0023155022877217085,1.1240890745061016,0.05608228606454899,-0.06732601110196881,0.05124442393074509,0.5501411665886234
-0.0011613212162382759,-0.00343070350858699,1.2685599314199336,0.0587692382858679,-0.06820209208825773,0.060375057697381926,0.749892151730867
-0.0023562881158519155,-0.0038654562931380947,1.3403912036489476,0.05709654960619838,-0.07563285974201986,0.06363692030019591,0.8416244970086235
-0.0025327211032287232,-0.004213003434711155,1.3881861465701002,0.05719939261003652,-0.06765664761501114,0.06744654519032717,0.9571976442752482
-0.002437250127967902,-0.0052897581810373295,1.4217766012035802,0.06431265990229224,-0.053653060360632276,0.06731828546024728,1.0537558474876294
-0.0024331545640460667,-0.005299573857759179,1.4062853159939597,0.06445152454277703,-0.05337317409586394,0.06788144736479325,1.0682709400002448
-0.00268071565752921,0.004079404881947479,1.4593861182843797,0.06517299651212119,-0.05093294803280574,0.07103051701931169,1.0454593809259658
-0.0025423791771127997,0.00421384889702907,1.4823757497490684,0.0643306741474195,-0.050526594744028666,0.07279291474602709,1.0273022049023322
-0.002594856331904155,0.004129948903238119,1.5010023127938836,0.06980250961218087,-0.06045019236781954,0.0766106443480366,1.0104939462795957
-0.003089794189967987,0.003548024962433884,1.5123154986828957,0.07043058431449617,-0.0754293225089404,0.08417142072751455,0.9694781918044212
-0.002319315474532348,-0.0036174756869004504,1.5140326431557896,0.07147434785859995,-0.0835777482144529,0.08762014609818043,0.9646516538206193
-0.0021623207600433556,-0.0034584729065749342,1.5084783074382917,0.06776355631906443,-0.08889086952118523,0.08718684889792079,0.9480756275989513
-0.0021697040243159205,-0.0035615936792163234,1.5052897267401364,0.06109905838662377,-0.0908300551214584,0.08734801380177125,0.946573760544042
-0.0021197132454411015,-0.0038553079213117423,1.5054536754956898,0.060864447918755823,-0.095552607343718,0.08704071853788918,0.9427518790190695
-0.003521708054176145,-0.003512860457172528,1.5123074098446891,0.061303929922161784,-0.09749205153786915,0.08726070872175008,0.9416034540744435
-0.26465660303191135,-0.014883320820366228,-0.6006124838746817,-0.34675538214271084,-0.009949521707577123,-0.061838314041784206,-2.19749629197992
-0.24760639730403167,-0.01465272190387613,-0.5650019706682708,-0.3568542551506976,-0.011760635504875229,-0.05972592642879676,-2.1841657488614503
-0.19132440440008638,-0.015034281747293491,-0.45826736477761065,-0.3746620275350344,-0.017595161831146705,-0.053173142774182065,-2.091424971322169
-0.17732359256500693,-0.016743168480010704,-0.4150956266125767,-0.37286131028998987,-0.018445358153593785,-0.05328412337993713,-2.094571977335026
-0.16275525289165746,-0.01624840084341786,-0.31534241295678206,-0.3475296105168624,-0.01880727516992601,-0.04400323602607729,-2.0214872541517006
-0.13398106149135358,-0.013301082688163043,-0.3836729644857411,-0.26939390736723673,-0.01520261742134408,-0.04035460622804804,-1.8599621106024216
-0.11482654058606484,-0.01118374398041941,-0.39283446199159733,-0.22128101063872593,-0.014418331071373282,-0.04734323663657582,-1.7453350741466764
-0.03491855990876582,0.0004557115580323607,0.366072742000523,-0.10211316660066144,-0.019590307276177277,-0.04364606548487767,-2.132086885684121
-0.03150461124227303,0.00024223595377728557,0.4411747157568944,-0.09885286001833617,-0.019389679709063298,-0.04039104349216373,-2.1194618170471182
-0.035385340237590074,0.00021897959517210288,0.644843083939257,-0.0956864469326157,-0.029411252780447147,-0.012217367081610498,-1.8927431635985572
-0.03491403210273327,7.069502742609171e-05,0.7317201031467966,-0.10274461290314332,-0.03439718199294812,-0.0020140801455475125,-1.8159105328460652
-0.03847188433492794,-6.539498203131367e-05,0.8464867251313671,-0.11342881507458043,0.008688524226052591,0.0032431994472271472,-1.6269456421043127
-0.03927736616731311,0.0019393497297564605,1.0225155894670717,-0.12908616465006534,-0.025236472557514576,0.028386926103777053,-1.2039974921518313
-0.04497120603598666,0.004663952790572515,1.0850240548969066,-0.12487133234812364,-0.030872398015530742,0.03662967072102258,-1.0165076912944875
-0.051839835672821244,0.00915890312690164,1.2258110805493558,-0.12703355173353287,-0.040371189087897184,0.04214599280205361,-0.9981804028713092
-0.051758495457310566,0.014736284203619355,1.3615527793691393,-0.11709482467638518,-0.03547955423328735,0.045353939087647566,-0.9096326090279999
-0.053347010150855315,0.020244587537807394,1.4760679219750128,-0.11904230538246019,-0.0275248495690199,0.05018856699292242,-0.7608833433774588
-0.05653454276529364,0.024668657857593302,1.6559742829223,-0.13470073621592205,-0.027909708373965763,0.06223687193263432,-0.6341400627228434
-0.06105663264873071,0.03814851259428445,1.7611738061390498,-0.1409376646567518,-0.033257089683018125,0.06857140835503184,-0.4914601102972271
-0.061085652319722294,0.040120079767694196,1.7406286325311464,-0.13645904954026297,-0.04489922283466416,0.08118359700853808,-0.3904539658090394
-0.05940810753134011,0.0250266624352208,1.848742836824132,-0.13886721971707577,-0.041515285920622556,0.08393257193502364,-0.33125997357529574
-0.06067840580500657,0.01582195126369843,1.924174854108277,-0.13124351201141654,-0.0416084135332399,0.0875662703318346,-0.3062498407766098
-0.05973609047328314,0.013020433139925788,1.966144016137699,-0.12692587792464843,-0.049037556931901295,0.09010498601045071,-0.3197846290618
-0.06058987858480984,0.011905699500150007,1.9744294647316611,-0.12742497223108434,-0.05168360452577654,0.09229809201450946,-0.29983116097541035
-0.0609288067934725,0.0122283332709489,1.9781985752010116,-0.1264475714128037,-0.05224485331945647,0.09557131781977272,-0.29498961340115426
-0.06087097816776904,0.011838850704083196,2.0126889822110905,-0.11990659611187839,-0.05120389542439817,0.1014408158744944,-0.2968455753499919
-0.07211379150854436,0.009252505864527864,2.181474354429177,-0.1165796971266042,-0.04716047012345172,0.12366974217894076,-0.26475391847230256
-0.08032529656930901,0.003230924644159377,2.576321956528846,-0.10244477643074464,-0.046037241141773697,0.1579069453160756,-0.20945694742415205
-0.08748081909345945,0.003165875450171244,2.668350290255364,-0.10885983111035182,-0.04697897871202102,0.15322781534591778,-0.23335410126204495
-0.09094949861832444,0.004239158652497675,2.6967218423822468,-0.11195808915609086,-0.042907911341086104,0.15587641604475655,-0.2213854399122198
-0.09261339912487734,0.00416492157987746,2.777749759755264,-0.10802264143438652,-0.039167421958089525,0.14604944234775746,-0.26784592369562693
-0.0930579663453539,0.0036188095469561915,2.8941727062400204,-0.09101536666448035,-0.029383262301927164,0.15205158254735046,-0.1373098829585507
-0.08788210397022153,0.004455753276988969,2.9754402391585995,-0.09077060953339951,-0.024205151684607115,0.14987737051603173,0.0002626587906816908
-0.0858325715006141,0.005515518244533298,3.02883075286833,-0.06757710906836621,-0.026022444881255383,0.1479510020224643,0.07903190403770513
-0.07715353166533043,0.004358899805184855,3.159166114305369,-0.010065869346321584,-0.022760896893396634,0.15216902189871923,0.052893071311091694
-0.06623207696071981,0.0023841513703277404,3.198430689671268,0.0025819008600452688,-0.02161954041544684,0.15180636934020586,0.0327203349512066
-0.05444583737420716,0.001005612436408018,3.1552561013538036,0.003157650729595398,-0.02177300084377586,0.14785302240865061,0.09025770372551459
-0.050437330650969336,0.0006024757242709501,3.1076173253019777,0.010761026656055056,-0.0256628334147826,0.15243000569904203,0.1056604990843906
-0.04739883763040208,-1.56920209687004e-05,3.098421569537485,0.010629246186275981,-0.02653523744803888,0.1514334643124245,0.12404083083096243
-0.0401368121902484,-0.0007412852448172761,3.0805869947230127,0.019132160978060433,-0.02602288846162804,0.15156721346570645,0.17480084356863318
-0.03755936481629336,-0.0008765624929848488,3.06105481369868,0.01771036990018854,-0.02585332426714185,0.150031755522637,0.20409809722580005
-0.03664181236029766,-0.001031444617506403,3.0638644932240537,0.017885706995530774,-0.026878691523622645,0.15050556534720486,0.23151632057679136
-0.03033837487229324,-0.0021744686641099694,3.1102001486756476,0.00949043325424536,-0.026786463965750646,0.14153932232750116,0.3603684186343854
-0.028184346779063542,-0.002034373247047944,3.2545073642705398,-0.011817004454961842,-0.02486486738739223,0.10402841529895948,0.6190563914737087
-0.02696041555218035,-0.003581303102575623,3.3300053749405767,-0.010919414043882376,-0.020145606276836325,0.07577338967844097,0.8155439230390747
-0.026218932957246983,-0.004560496686628317,3.40537392155923,-0.010765659397734332,-0.015534376491462843,0.07156741851402834,0.9345481810884324
-0.026548921994343923,-0.005132928759537227,3.4425605077854304,-0.02688143028716464,-0.012073324845166898,0.07279711056649849,1.0002965261666237
-0.026116465178220166,-0.005228501234946169,3.4376239524537504,-0.02651683066807923,-0.010039815625363886,0.07562006854854254,1.03591508000449
-0.026161641941597348,-0.005192948164430531,3.4410607777441267,-0.015517645902813838,-0.009780543668831972,0.07654826569557638,1.0554881009879804
-0.02549866125914469,-0.005208796602797975,3.4745227645261267,0.010048630326987034,-0.008670597687471731,0.07880353691835744,1.0922597366548232
-0.025519999821148845,-0.005229808242229506,3.5402867075786375,0.06291296659180035,-0.006938716757608607,0.08346523313825627,1.1239709584986435
-0.025534655561249994,-0.005265444792211837,3.570685696517407,0.06502369025919326,-0.005716586100933143,0.08689125130330708,1.1357322180339446
-0.02573797358945759,-0.005302337554670959,3.581209616920604,0.06393421334549503,-0.0056269185699226905,0.08855388068810385,1.1370700708704617
-0.025749247429808164,-0.005323224930814205,3.5822543551737622,0.06295378375044754,-0.005567469618109874,0.08819973124882377,1.1379255668467905
-0.025788184571890096,-0.005254880481562925,3.584710118937113,0.060041424093603135,-0.005558856005657959,0.08611984702368969,1.1339336859253741
-0.025784132743968673,-0.005305959741515434,3.5864268353668693,0.058872020047834865,-0.005507199745577245,0.08446223911512762,1.1328685090518364
-0.02590990041559659,-0.005219189216614632,3.5911156565725575,0.05797571024181486,-0.005963606283500195,0.08229150328049431,1.1320032431970355
-0.025907884562372197,-0.005193145489620081,3.5912787494658884,0.057585394226925685,-0.006558841382696769,0.0813515322728606,1.1337376128452001
0.07209636324841039,-0.007523147661990146,-0.211776200453903,-0.04027904496169952,-0.0033270899955318016,0.040718528850550766,-0.3531614943879653
0.0122474354955438,-0.027687247630535768,0.5432149721250896,0.0299990413509536,-0.051440311322817206,0.021180953686178148,0.0031131242010058757
0.010662260215363454,-0.02778898434166812,0.528891482305835,0.034455130392544435,-0.05259784425135723,0.016660416958347263,0.010548129166082333
0.006410105696104899,-0.01489619101332213,0.6812170597171627,0.0460134600109685,-0.043479586460427516,0.005271795182200913,0.16709289188634976
0.0049107637169281265,-0.012708663111842098,0.6608727408005282,0.04508483908210375,-0.04447454436418248,0.0034454631343844378,0.20587630499352957
0.002652363270776041,-0.009585374475879037,0.6471766981164064,0.045231321805510684,-0.04538033682200636,-0.0008081317291026557,0.2852660012949457
0.0022519986781802653,-0.007421039259950224,0.655280831898641,0.03801300230834747,-0.045187433800390156,-0.0010200638179607734,0.2938058412093926
0.0017524446538786684,-0.0044177428846743135,0.6313575364935747,0.023945141131931694,-0.04533056168433752,-0.009111626332467215,0.32256997578006985
0.0009936917497190114,-0.0036996630902874886,0.755891154888647,-0.024380541687815484,-0.03663394269618009,0.0011081830555597606,0.3838192983288997
0.0008148864096806522,-0.0034369520136089513,0.7435633051336817,-0.030536250600873727,-0.03678865517769814,0.000843939163789577,0.4072253715460736
0.0007560392620286097,-0.0019615914292901945,0.7654703093931965,-0.035908839767195604,-0.0379626409386325,-0.001681586798973811,0.4248196925930018
4.691204714369097e-05,0.002321720178349526,0.87384153460904,-0.04395852523028483,-0.03004947247338039,0.013731562454768104,0.45920102156062387
-0.002174336357710013,0.0021668347451675976,0.9754614726130636,-0.04789991213999475,-0.02262239088283098,0.02941238611289408,0.5915234106295358
-0.0025938912177577733,0.00035088287986109973,1.1007205712577592,-0.057893311768677784,-0.020077741533699005,0.04007279597905644,0.732970218502848
-0.0008502802263705653,0.0009845078408547729,1.268633264006446,-0.057956948213979044,-0.03128115848913254,0.05413291503279366,0.836383276969467
-0.00016786582837603243,0.0015357133220536535,1.4192845753855874,-0.05277919065955148,-0.04013333243328756,0.06172463101224537,0.9557332691195242
-0.00028258293715071036,0.0023649277453328247,1.4694388385519102,-0.05723976816944426,-0.03161633427158,0.062424414630618215,1.0398661488432182
-0.000516489195160544,-0.00019450224316829156,1.3226618424409946,-0.07510830108921944,-0.021312002214286863,0.05770390581437933,1.03479779454402
-0.0007051377908078724,-3.933529309388178e-05,1.2777221823640408,-0.0827491502269978,-0.020300448249102713,0.05373806113651797,1.0389407215203506
-4.500580861995259e-05,0.0025717707401670957,1.438289536881289,-0.07516830667390405,-0.031153354150306466,0.061591049465637246,1.0777004250191045
-0.000531076698168017,0.002750201024003599,1.5214348514194342,-0.07122396295531098,-0.03858956841175261,0.06505576599306527,1.1101310512465803
-0.000651590296320533,0.0017842626446421732,1.5433230233357529,-0.07752621503701018,-0.04145975320510685,0.06426714825138394,1.1147726270329683
-0.0006229992742088857,0.0017867921044158613,1.5442065381920216,-0.0788918234643892,-0.04163044565793059,0.06435706908067504,1.1153043717457285
-0.0005114378735749506,0.0018407696663635955,1.5333580223503867,-0.0929462556079538,-0.042171770025076924,0.06505500939581378,1.099885203754123
-0.0006227731851671717,0.001932027787271529,1.5270519499920159,-0.11102994735144452,-0.04066430276583485,0.06945573460802561,1.0854223962151979
-0.0009563292569354154,0.0018058962534998051,1.5028739802860493,-0.13225883712748968,-0.040402844927650734,0.06894662816771009,1.084587898015989
-0.0006608698539448814,-0.0018758374470131275,1.4532922549476404,-0.15253665516502687,-0.04573970035542978,0.06940541577591364,1.0867186079621503
0.004636064163147445,0.003948956474350582,-2.3750625281231197,0.10762583738507711,0.00530289873221929,0.09133214825543254,0.08592780574851443
0.004693925131288913,-0.01529352850377888,-2.468233028946136,0.07134944925247541,-0.0012437635874499489,0.10374992818083321,0.20599499110397493
0.00471231607255388,-0.0104711859002182,-2.54871101037797,0.057879106614356295,0.0004962507762262936,0.10614450306890506,0.23976628367015385
0.00406514465508829,-0.010221273042989712,-2.5943848736944886,0.05487384954626707,-0.0002917213482644602,0.09660449039120032,0.2725413270415569
0.003287037235860193,0.0036838970933946117,-2.592776295924874,0.05676831335915716,-0.0037176878078379856,0.10233825635223509,0.30513395634101986
0.0025443423677769944,0.0034015096448762054,-2.5998976990202927,0.05855327046712114,-0.007285533583413624,0.09565910634534588,0.3502678373547422
0.002401968421432135,0.0032670676789655476,-2.598735884328158,0.05745399028850781,-0.011449479887541514,0.09250280752469403,0.3596469982207963
0.001999641234814802,0.002873895725785449,-2.6043388261218254,0.05701146913031657,-0.01090992639654423,0.09083619948281058,0.3715409497145749
0.0016221529582323324,0.0025276042100809614,-2.699905968427685,0.05534784667317693,-0.016584097387210003,0.08752658069844615,0.3746735210346222
0.001621259652749282,0.0022263332958890386,-2.591512317202501,0.055106595330692155,-0.015366057008185111,0.07347531419165113,0.4094251812080925
0.001594471138848608,0.0020073130172228336,-2.608120868558144,0.055445010973104183,-0.015189745917412574,0.07475429467628411,0.41703733566505996
0.0012479652358155222,0.0006565605958530762,-2.4671757019621867,0.05349724691377472,-0.005107119018407133,0.06950462622967543,0.5447925058055055
0.0009079964616219208,-0.0007604093648702371,-2.4115546539594255,0.058378466591519976,-0.0028381094776760794,0.0609866115208462,0.6672549538050667
0.000874098771123461,-0.0012542920366209217,-2.4572954240562224,0.0581544602222049,-0.008165350130394308,0.06328309935599052,0.7691295224474657
0.000778657192315903,-0.0001511189169340915,-2.452361748503511,0.06038240809385095,-0.008390210201372527,0.0670868703244859,0.8108976828744571
0.0007061396822723376,-0.00021889945849607248,-2.248088111200447,0.06776367630640792,-0.005114070644955048,0.08059792492250095,1.0001833588435627
0.0004928518810499049,0.0010824357877385112,-2.1250956350994907,0.07725986963745415,-0.00938776667524622,0.08274394476473501,1.094058266125121
0.00048672241935906145,-0.00017577869875389553,-2.0804981735545645,0.07776257018656779,-0.008993992348818052,0.07918605813059054,1.1210901642034248
0.00044570645393833704,-0.0009367657963353334,-2.089770004424852,0.078547374238039,-0.009855412676599602,0.08013744753746507,1.1394065751841305
0.00040343132406876254,-0.001030460935075399,-2.0735251999975093,0.07908450101016973,0.003054446168879998,0.07583016337236831,1.1535061362345906
0.0004096008352531127,-0.001016147961076264,-2.0730215188561565,0.07946203273494279,0.003514640182793004,0.0730271786257688,1.156966653246121
0.0005832338246620821,-0.001585287819990027,-1.996452056748872,0.0791218041862515,-0.0021748641676056597,0.059937089553738436,1.1413730398243103
0.0005785190488214084,-0.0021941180104313976,-1.9320445358375786,0.08123999508599511,-0.0046695677487604975,0.054295191385814144,1.10832414393214
0.000667104462462248,-0.0030136648890721263,-1.8012063606461872,0.08175692362426648,-0.024458806864089182,0.03519325763375245,1.0547968743754557
0.0007190318564278929,-0.0031894528952038036,-1.7532618412798606,0.07599536370668894,-0.027071115033397684,0.03284370935745477,1.0349457722303599
0.0008052785646900851,0.007474115990403112,-1.6613282595191063,0.07891863109297603,-0.015672293861720154,0.02496416291155203,0.9853406177498901
0.0007785802592974619,0.0075400283118913485,-1.631899907708594,0.0794551877375714,-0.01732100683371608,0.023035486749528104,0.9737334522446079
-0.16259365117388277,-0.0031822660766561545,-1.0434389963345991,0.07101520639776293,0.016441277574430653,0.030248583943194726,-0.10326453774691943
-0.05154915549702633,-0.0016834743925532632,-0.9655128187249702,0.1886708612904855,0.009579826540974093,0.034953836563364996,0.04546664966646886
-0.030130040542093416,-7.509904111012197e-05,-0.9708362597287146,0.16435154999557675,-0.0006643005147225956,0.03974678547831931,0.1289776647369977
-0.038697290350265624,5.0717368498518655e-06,-0.9556173864210897,0.16805384887092537,0.0019603083898719637,0.03908122816385712,0.14453019975536327
0.004453886391601906,-0.000502006940296999,-0.9587221262973443,0.10705038810061163,-9.694701723097948e-05,0.04040533295266089,0.16321337061769564
0.005711249193076695,-0.0010150359331651097,-0.9225131189642426,0.11474967201180636,-0.00045456695233673546,0.0477782894751735,0.1981213328834419
0.0034768200400526633,-0.0009407193692830829,-0.9159403612150443,0.11795402381282079,-0.0025895780535744022,0.05179971014816105,0.21628452962500505
0.004066203825644335,-0.002074785428689726,-0.8699170013953929,0.11191387030760312,-0.006847043300067769,0.05479823766377574,0.24787957386978368
0.003646958750848555,-0.0037978272442220884,-0.807558457051666,0.1081625143305389,-0.008191521873994658,0.05507545560101913,0.31956847628309093
0.003639777622255702,-0.022928463851688483,-0.42179820556045744,0.07259073049622339,-0.01601233793718024,0.06318074214377181,0.5249561133725695
0.003567899931357343,-0.030121158023831526,-0.3165163686540631,0.06818187491579941,-0.02017677999398952,0.05892022163061829,0.6525357969679504
0.003363632597609441,0.05281104269942712,-0.1196007669102302,0.06975809749306149,-0.0046407527294002925,0.07240120805230019,0.7874463528122776
0.0028683823949661787,0.05062982905978076,-0.07294259489223802,0.054744345678430915,-0.004612915554349309,0.08847026298638927,0.8683608652050213
0.002837714063221598,0.048430043285599446,-0.1016061650642931,0.05993920698585831,-0.005237753345232338,0.08776041932089788,0.9272696060024704
0.0032525817220708337,0.05917573922383187,-0.2434001447887767,0.07700944295549841,-0.007112854458610225,0.059878175647640385,0.9130489298244647
0.0033487777942724124,0.062174695491812454,-0.2441589371645025,0.08746787732954558,-0.006147799312515309,0.05857989276560263,0.9493128250803463
0.003289075593540112,0.06068049501495085,-0.22173798276640244,0.09693329949222004,-0.006466153647184969,0.06120428351137916,0.9817099775106252
0.003483169785050807,0.061252896937949525,-0.1893007529846774,0.10037214140363585,-0.007209115112452086,0.06834542174576598,0.9828491928240007
0.003428635695586173,0.0618499516827844,-0.17642139018596498,0.10248626845614368,-0.00817635779309482,0.07158078691311062,0.9830729805149852
0.003547434471436234,0.053128277552178936,-0.1481637206146063,0.10396870095024745,-0.006085006826627907,0.07417421994199122,0.9806347139610183
0.0032883504232742635,0.05138980524436477,-0.13647192310952605,0.09762350815081142,-0.003016103966441854,0.07749053091275929,0.9865858454982862
0.003115650137660875,0.05332066579244315,-0.12092112080306099,0.08676363815571397,-0.003208019427924915,0.08477554713479242,0.9894542150251942
0.0031254219276770088,0.05190346488530486,-0.10465409704303393,0.08498334155917758,4.080153205440011e-05,0.08189984845176723,0.9798895829538272
0.0032309214575965643,0.05103144483962569,-0.14375125621911977,0.08170572346724535,0.0007491850474266958,0.08118705626474662,1.021499794551367
0.016044845421936717,-0.004862370221953743,-1.8808045188011437,-0.3105371055310755,-0.03964254438503023,0.02008647409783435,-0.31390166194074615
0.009487634689899516,0.05272505043734537,-0.09514811437703212,-0.22051631620879047,-0.06785311453200751,0.0724043899859225,0.7555391482989374
0.009200093224228207,0.053982674991956324,-0.10454944707465802,-0.23087820774771659,-0.06995859994718186,0.078625170269538,0.8052266073044151
0.008906885374475886,0.05614999755631735,-0.08874246870860988,-0.23080756222755838,-0.06825915371416348,0.08029386262672182,0.8586345754203053
0.008933878277684397,0.0719406236890077,-0.06563084295402016,-0.23903520911500747,-0.07040759745830551,0.08140941958158074,0.9091872715450767
0.006903275135642724,0.06261717676080188,-0.005585288801006049,-0.2244292706515753,-0.061431971656188,0.06123102155683923,0.9730347382386954
0.002840545017084604,0.04796366412328557,-0.40955188667033493,-0.19835327661348495,-0.05137106625485569,0.04206616729059105,1.3928126527066516
0.0009245520317887568,0.02084503520816721,0.1938593259410828,-0.16381675700994594,-0.04233559040568543,0.008307499965061228,0.9496488284350145
-0.00010515480134015149,0.010675133553127897,0.2929383374821695,-0.1681677495934426,-0.036653751868892644,0.0009807027713325284,0.874725205625445
-0.0037886240996943274,0.0035258087541086727,0.35026325574729683,-0.17250724436775952,-0.03193389589735415,-0.018802687635324892,0.8572225580277688
-0.003780482036538379,0.0031240321926432296,0.3515206545298359,-0.1780221796867094,-0.03186138405269273,-0.018560680565235587,0.8636767695092182
-0.003813622701903974,0.002986587826933232,0.3547235041129964,-0.17818748502912182,-0.03200876527368338,-0.017752556265922263,0.8623238944586633
-0.003809584068122536,0.0030205192209982914,0.36077524507719877,-0.17704139885312917,-0.03224644734826481,-0.017168612871755855,0.8646378006272559
-0.004374910669580025,0.001389940239051504,0.37262450005277364,-0.1770475541600068,-0.031232812680957518,-0.01626507684169835,0.8698055343185578
-0.012937548402247786,0.003180498491435975,0.39220642064734806,-0.1784672558518614,-0.03430513039756541,-0.01328892546204537,0.9080149735308528
0.0023233378026414207,-0.003124001984082334,-4.690722584191609,-0.24390576724074461,-0.028949652325013158,0.006440487673334004,-1.6300774995914915
0.0020733666038406304,-0.0034778924815494273,-4.653268820425623,-0.22869846616250222,-0.02751167090468327,0.0055690462304385435,-1.6036499515964238
0.001998610479251316,-0.002879549836313408,-4.6353642647258075,-0.21304853728724152,-0.02745058640152295,0.005330704562042605,-1.5835479998871345
0.0019940385581909354,-0.00244469850166669,-4.601172221434187,-0.18444619489588093,-0.02719056908773131,0.005581748840481761,-1.5423400307580806
0.0022962144400270356,-0.002452293134264123,-4.65309522948191,-0.1777267577128977,-0.021321795095362982,0.009687202755317313,-1.46567919840994
0.002297025997881102,-0.0029821355420375857,-4.579557833477547,-0.12301886342912591,-0.021611199973447095,0.009250834235734069,-1.3909934767717613
0.0021144583125716765,-0.0048294194043494035,-4.529418698552122,-0.007997067032199821,-0.02507845731203671,0.010389908200358046,-1.3002075227102097
0.0022145239166364143,-0.006167613495593596,-4.503734575311383,0.05606150538782513,-0.011552295244614551,0.0023699171826581733,-1.0736410049993927
0.0021911742423092874,-0.017849940018125374,-4.15893399808921,0.023984803042511407,-0.018688953885859547,-0.01238917214499809,-0.8690053746452236
0.004294551474519756,-0.00796125665418564,-4.58904050466454,0.07307839566076588,-0.017054827656627386,0.01122539180048118,-0.8593825567725027
0.010746631915425565,-0.01291199701518999,-4.2909562031131365,0.03845981824054436,-0.019057806279472896,0.0005487002131070806,-0.7660956697203937
0.011275323887841835,-0.023561842564835154,-3.636922592990959,-0.024308657443608342,-0.025864585358383683,-0.011994095630946933,-0.6954443655540806
0.011873697866199424,-0.021764316456256753,-3.6092559305930974,-0.026103024119608565,-0.025371202524019372,-0.006626494606393039,-0.6586523849524533
0.012508806813306784,-0.020676965263691796,-3.567421013524806,-0.022207290964739734,-0.027091819688323707,0.0013824413951777895,-0.5343132533251458
0.012148429934311651,-0.016763132051363757,-3.552628870848359,-0.026471253304821574,-0.028106966787121615,0.012833914575666952,-0.3571629062036758
0.012014555478370548,-0.015468638408680912,-3.5617917391608347,-0.025875079337652433,-0.02807861266730083,0.013858041497970765,-0.30787226881997815
0.0023075176957129805,-0.00218501760784057,-3.302064723468619,0.027061367068982798,0.35199114281091193,0.08215090455688635,0.6925513070910168
0.0023227459736505857,-0.002203059730271586,-3.3108999673148163,0.027530135714525197,0.3648269344564834,0.08747748157781987,0.7166372686100618
0.002367059945768331,-0.0020742164097024124,-3.2568551364606986,0.023055001174160514,0.3713921331128607,0.10503887113601354,0.7956373812109444
0.0023158389722135473,-0.002157090005443852,-3.2114346996486143,0.04015221738526746,0.4086992126844443,0.11550012042001645,0.8853773628436343
0.0022394970744162614,-0.0019652576153840052,-3.180541475206089,0.05483901759571736,0.4137902663481952,0.12193794364262454,0.9845873776543795
0.002149034472764725,-0.0020395941528695625,-3.048128146288801,0.040440027778043404,0.3038198537144446,0.11815580488505718,0.9914366067543633
0.0021256762915203495,-0.0021214825314334698,-3.00892459614855,0.0328662826503438,0.2752398922544715,0.1142833762225197,0.9831178947962355
0.0021284353137053956,-0.002134133356696213,-3.006385971099843,0.03211959871431168,0.2723884068666839,0.11307622559725446,0.982984729567122
0.002105166621637934,-0.002057152900281795,-2.8715339541852622,0.024034308980446197,0.21213286928313566,0.08926263183163352,0.9585976523868546
0.0020014099723754996,-0.002029867194970588,-2.8383083381479546,0.024517760389848632,0.18185299551074482,0.08842109842511983,0.9524355412601742
0.00206359201343241,-0.0022371371934091426,-2.8499887623123374,0.02741460427221598,0.2049753634818392,0.08999331705379798,0.9717679949365995
0.0020631268165344713,-0.0022433079731130046,-2.8423034773930924,0.02722521909962955,0.20739554135286145,0.09058474865437317,0.9828873835776033
-0.018158178034527444,0.0020066651820331402,0.6239757756532035,0.06361429109472062,-0.0553634030445807,-0.002974203641126892,0.25885126577913287
-0.015304355403701732,0.0014130655617400206,0.6189340311984617,0.06243970756655581,-0.05334380404015047,-0.006334597448213135,0.29344837056514544
-0.013873625825295525,0.0012927636914880293,0.5902065457323096,0.05847824428158666,-0.0539289472228465,-0.00560905449846004,0.3159746298268896
-0.01367729364640175,0.00111085423013848,0.5774720919057407,0.05804819233291933,-0.05429077258857631,-0.006475742005783511,0.3328749467796378
-0.011691022053975273,0.0009465182415089732,0.7213783157976265,0.09332507772506309,-0.042881667096239716,0.003397178408952634,0.42748522338836625
-0.007057313372884291,0.0007727402627199503,0.7431751658937331,0.10527255119277068,-0.03533490795189776,0.0016341975594996734,0.543498485565194
-0.004356426910193898,0.0008402455620154994,0.8389378398834547,0.12368653996742932,-0.024608629126581304,0.013269938159181737,0.6784974905787696
-0.0023930372918701225,0.0008764201944405058,0.9586095876100621,0.13773262784401655,-0.02022518006644986,0.0316544563161408,0.7851853226713668
0.0006904778044054281,0.000775707710243927,0.9966329677988082,0.14038163248917582,-0.019523077316607188,0.04280384131783228,0.8817727560546579
0.0005451160227734536,0.0009400398232875467,0.9562138586586248,0.1480419414072931,-0.017000863574744538,0.04083789541758869,0.925520604515841
0.0003520577578697376,0.0010313827902419474,0.8913495300979949,0.14702027217001773,-0.013522112893437572,0.029312861269976717,0.9168597224304947
0.0009373896351934111,0.0010341902639954452,0.9100632199984109,0.1274631554297168,-0.01693227538630966,0.038365171734057346,0.9506447425065783
-0.03181367106497772,-0.011524329377813764,-0.09094717896963243,0.10353564576303129,-0.046414470129060026,0.07615608489848301,1.0003323397525874
-0.0005164104318943944,0.0013623056539363203,0.8416396177430221,0.1567536032648374,-0.029434052623955344,0.027975275244105105,0.9381802358048206
-0.002576549474550165,0.0007927673618795145,0.48901736392054085,0.13177503898736284,-0.04709016666140654,-0.030350169884460657,0.8206040821057781
-0.0055638269062632285,0.0011786041661518754,0.27271237975469714,0.0989894355992638,-0.05913224275591301,-0.02909037387689931,0.829265232496794
-0.005089315794311485,0.0010564336468565348,0.259438325285073,0.07727686411573394,-0.060079197788977155,-0.032012033832674563,0.8186898314987487
-0.005340176355258786,0.0009665029561456968,0.2547185139953944,0.0714524852844239,-0.06245745019239924,-0.03214976211323155,0.8173981194083357
-0.002172077761794512,0.0002565833358776911,0.45119317322981795,0.07637846167975924,-0.050356388113219214,-0.0352792630394878,0.803529783373545
-0.0019175899397479387,-0.0004355108360693947,0.5798216899599642,0.08709327605544133,-0.04411500782482644,-0.014315788499610902,0.8478878747250849
0.05133568211776847,-0.005557328282022131,-0.8480628358879484,0.02966769444168995,0.08857296939555895,0.027898256203069238,0.018529484201693067
0.04180226651921816,-0.0031642580880604627,-0.7671978540192853,0.03610665197819113,0.09417101361676744,0.030290899834471596,0.09176986249090015
0.030342028769456898,-0.0005632844773667664,-0.7291961673717071,0.055273949842913186,0.1048330986556967,0.03540395695763188,0.19220952280853593
0.03318495838537969,0.017542737609957487,-0.42555173338039315,-0.02326088395026203,0.085873061187344,0.04233828894752966,0.18896457833946198
0.02954777952266659,-0.011540628314085007,-0.4519052931450238,-0.005443298939282249,0.08683930569409071,0.04793511751319248,0.24130394980788678
0.02146512662461569,-0.019235484863960046,-0.39297888051537716,-0.003118277191526441,0.08797990335061251,0.053379486590774496,0.316797256178238
0.01836580160102186,-0.019105558556440014,-0.3706881040793544,0.004038032186775538,0.08931633827474242,0.060093389546212114,0.3600965705912663
0.018653701125678428,-0.020003405589772996,-0.3124903494599099,0.018901057743600187,0.09113241264226943,0.07117496938325178,0.4005307524780651
0.009612435703763151,-0.026676436676477896,-0.1951630460982639,0.028214837665978064,0.0857604891150924,0.09738056939108373,0.5256440399698534
0.010128735392151474,-0.02838824661675807,-0.18676685050997982,0.032365816066656776,0.08543750366540578,0.10058365129864553,0.6385177176407774
0.010953187741080523,-0.026294681509389257,-0.13530667786727213,0.030717497988049538,0.09090485812259502,0.0978639354266894,0.7205337477765965
0.011088589063709868,0.06128115855338508,-0.017470006570404914,0.029423615311387097,0.1298315707555081,0.10183259988629755,0.84292093504173
0.01172552575527404,0.07636904701252724,0.0003461169638816206,0.03067907491143788,0.1429334732637257,0.10848953858764385,0.9746070003977418
0.00993073676776829,0.07102714288787253,0.04480825206407062,0.033933310670686855,0.14558659598142995,0.0938144152069309,1.010623554512994
0.01092826238009482,0.05525409490815337,-0.06363002424426516,0.02860235596409172,0.14624876733254366,0.103786471286611,0.9859011837691753
0.010866023633723068,0.054153720316916946,-0.058238165584522605,0.029273660416281325,0.14745007386689798,0.10450236308336124,0.9994221514459177
0.010915861131068854,0.07254898607758002,-0.009699218042601456,0.03945206095753093,0.15462757850214032,0.10360110746381139,1.027294748596176
0.010932081676147032,0.07509177184810763,-0.009268589551992263,0.04194211644332403,0.15501344424121793,0.1053272180077408,1.0513433813263047
-0.10075317591135029,0.07453654887914164,-0.05913161193257548,-0.01982374030735561,0.16344498705241955,0.0995173951175077,1.3374908227371196
-0.09512884057349448,0.07278268187987776,-0.06382724095724014,-0.02259396809258715,0.15998817971513452,0.09112267427620724,1.3516596720510115
0.008468724872657844,0.062268723745695226,-0.004620672587107545,0.04071038058500823,0.14449281068134587,0.07573737692905869,1.0908493131577428
0.00861158842771186,0.06604693358978246,0.005937407173217784,0.04006868904401299,0.14541018622820287,0.07466956904810765,1.0783275323544135
0.007973060626947203,0.05946363302198928,-0.009959471942257232,0.03761551086298408,0.14428269786123785,0.06821982101281451,1.0957643532360912
0.0016852105553156673,0.018800894821289233,0.1880359629524831,0.03200577727285461,0.12740700255239887,-0.003084137400182957,0.9200532491325276
0.0022766776675803117,0.0005532602728525274,-2.9243544153489305,-0.1041572253296061,-0.041900722090558604,-0.047803295814544795,-1.4317478756382953
0.0022476050797294693,0.00041964456035744273,-2.9792646407770733,-0.10500295812742111,-0.044031560514639655,-0.0482562365773098,-1.3778735541378773
0.002238748325015069,0.0004783866407736213,-2.9839887586902663,-0.10650286044197978,-0.04486173580028499,-0.04653468863737864,-1.3436111372669932
0.0024044153755657834,0.000480611909014028,-2.8945006775333195,-0.10748908317095986,-0.040881102122453786,-0.044704653943381106,-1.299743272198217
0.0023819089275080507,0.0006248495311749791,-2.881339917339431,-0.09898708103886061,-0.04125205908447494,-0.04184056980869106,-1.2587106584155534
0.002204516523306322,0.0014597822046569882,-2.7845804486663486,-0.1262018389126823,-0.03121144541659117,-0.0394760326138659,-1.2355444108621465
0.0021343370223477764,0.0022245081020262347,-2.9443612555366077,-0.10275648745026819,-0.03443483915376923,-0.037669473625525286,-1.0153195863154387
0.0020632472181987493,0.002398547567390937,-3.1556359335811095,-0.07620916151161827,-0.045992349051446176,-0.030376694792635266,-0.8376994543850854
0.002336374665966336,0.003322923035611443,-2.9971498086717383,-0.10132389910215671,-0.03905124711232692,-0.02569176383643275,-0.866552016450156
0.002528290587841934,0.0034497286245672412,-2.911348678940005,-0.09187420074725987,-0.03357026344817742,-0.01834589940093366,-0.7747724646156207
0.002747488558535056,0.004340557809418565,-2.8690260190832273,-0.06731204527302341,-0.02744208622533009,-0.016315361701406652,-0.680057093285508
0.0028579660651374544,0.0060833613476853525,-2.833173594800588,-0.015658229701445252,-0.02316491521096359,-0.009275271223515352,-0.5963027520899516
0.0033096560195982807,0.007063596574592843,-2.8019566552763377,-0.009570577681092202,-0.020785453110376814,-0.002965204299902228,-0.47767604283309756
0.0034604593721320707,0.008168295291059722,-2.783222255062128,0.017903782054963967,-0.021457950720346633,-0.00417996434010642,-0.3523662777479293
0.003295656964467129,0.006828137540535213,-2.8062665241749896,0.02099609422190737,-0.02102163804725221,-0.005189536835089599,-0.3306148824164878
0.003279206094229051,0.006079931162451055,-2.8346388616091307,0.022465915924144274,-0.028243165629928048,-0.0038456128738605603,-0.30362249750097836
0.0031019341807227356,0.005778348492887965,-2.8156806181851515,0.03186221913224224,-0.028260964963344626,-0.003287402113164397,-0.28875538527068584
0.0030857487337546184,0.004795572629488514,-2.801884164848797,0.027846675292367427,-0.030896282887985453,-0.007574337221784375,-0.25356160099631186
0.00310647190851701,0.004825812008462602,-2.6642996725030046,0.04243628984403695,-0.02460834449466124,-0.011763216974284514,-0.22536111749365223
0.003008973903541727,0.004524096658814141,-2.6311586017025808,0.051512566811076556,-0.02213688664000929,-0.012404223795107992,-0.217505257650972
0.0031348755373720393,0.0039360193336025,-2.558022960567457,0.06090463590024231,-0.025392032863842035,-0.019216971587135007,-0.09510088873338314
0.0030291142667584407,0.0036755310092964014,-2.498952455587313,0.06676587488657464,-0.02541166666344652,-0.02591923395538207,-0.07011582445586076
0.003279100484313182,0.003337372913312622,-2.479171459803663,0.06478607720822169,-0.022150506181949452,-0.02142572619666481,-0.0807930761534693
0.0036294524589513097,0.0034550515814337946,-2.5155534729102156,0.07038092207303603,-0.025273811559019217,-0.022039092321663074,-0.04308015770692342
0.00431097109150476,0.003177740577596955,-2.4303386459459353,0.05680753124423946,-0.007946748477517293,-0.010674295839807568,-0.1073906324197093
0.004244953825988738,-0.010542154807163254,-2.4374547980134857,0.05701500244998332,-0.017128220096688965,-0.012666192373889192,-0.020771599702836152
0.004370040598016011,-0.01273144579926085,-2.377431685933161,0.032094042390160886,-0.011657273623218209,-0.015719174329650004,0.0824796360071179
0.004295208539739207,-0.012188815166118343,-2.3497782945068204,0.03088659141514991,-0.012804988395019676,-0.014756358123435995,0.11136198641229945
0.0034837393679370255,0.0035048836315607853,-2.3440968939706073,0.028874920130221738,-0.013596608075831289,-0.0063629779187736055,0.17126729812429958
0.002671463922895217,0.0026509563718667617,-2.3054260802595037,0.02566475818619877,-0.015952782416042994,-0.004608078330234714,0.16716514270161134
0.002092474306114213,0.0016735440819468418,-2.290945909755349,0.027114598281453104,-0.014749632608122613,-0.001865893983340058,0.22447456413940162
0.0020133198709037284,0.0013879683914208767,-2.2702899201848004,0.02815631679837655,-0.017486891970597534,0.0018520328243070987,0.2330293124732563
0.001697953712660547,0.00010602781457479315,-2.210204402493686,0.03127026098267116,-0.018445540037298386,0.007447652760641391,0.2209976946133746
0.0013219573615093,-0.00027220805673434836,-2.2279950273006737,0.03129454812659799,-0.01911105660341594,0.008805517321475807,0.25342239256556703
0.0015885038380993785,-0.0020778110705488703,-1.7338487703558496,0.06317628179195929,-0.028907218458299164,0.007802808310384904,0.22434172773122354
0.0015842704550954074,-0.00181877973663195,-1.6856710814643285,0.06554619192340913,-0.029670460837863708,0.0055079335051748555,0.25708876870019787
0.0011006050549956928,-0.0025886071009918812,-1.5897021304336723,0.06564959275359737,-0.029096835183919274,-0.0020291379647726384,0.35125243026695113
0.0008251367385111962,-0.0025834141033095376,-1.5743864253503739,0.08502429907065266,-0.03000930291139631,-0.0060622695528468095,0.4850022885538782
0.0006491335625166703,-0.0031891538674771063,-1.5169155426063305,0.11130807868294865,-0.03174821145045565,-0.009804555723015017,0.6132170026721803
0.0005048048045581911,-0.0038546595716289424,-1.4722220238977997,0.12184072228460864,-0.030082050806997013,-0.014892235126327931,0.6492146012056104
0.00047595205458950807,-0.0039596253336031065,-1.4617560517799477,0.13202767088160405,-0.03280308605768525,-0.015057727214622818,0.7281382806245124
0.0005958353716889666,-0.004064458660880666,-1.3948609725491425,0.15481262677557606,-0.03954775208105615,-0.012324538776258838,0.8245007417295493
0.0007396069393092106,0.006329642001421472,-1.3246924688628303,0.13615183862376135,-0.04349951949692157,-0.011693762169852602,0.84975442756634
0.0009416522237915921,0.004952339522984137,-1.2227786396408682,0.13320529917124396,-0.04463715682307099,-0.020179131304729637,0.8793739851273872
0.0011651383101460042,0.004176543437500936,-1.1632746799595488,0.12939899997746815,-0.0446231892947689,-0.02021952540090485,0.8748394461788618
0.0012258227088857443,0.004300512608876074,-1.1585877414607144,0.12477621833931264,-0.028224653844422236,-0.020932217077721003,0.8836715788389274
-0.018255160470863417,0.003849475145450313,-1.1360629850162265,0.14375402240162433,-0.04230785721930002,-0.023126749077369863,0.8806582408742504
0.0018089998655443293,0.004341884223428648,-1.0150155462903625,0.1169404057395102,-0.031434197337851535,-0.035265165286515444,0.8665016312036447
0.0018032552864652648,-0.0032605534691080578,-1.0024445587270572,0.11456431831737904,-0.02924717938242263,-0.03624965216058733,0.8585406552996155
0.0018410237783418187,-0.0031309679752595404,-0.9982428962925157,0.11404297388099757,-0.02938888604089256,-0.03770563924162147,0.8588407760429461
0.0019094440210812936,-0.0026235492517147313,-0.9854662278501133,0.10895431873195176,-0.029211243913508846,-0.03895632855490436,0.8580198063779944
0.002246836830885288,-0.0025754919517889164,-0.9741082441826207,0.10888578228649522,-0.029381136182144375,-0.0387016928049079,0.8502565903432083
0.007516868542249575,-0.012141458051863382,-2.269998695014314,0.023507590065950518,0.007241005569831603,0.06499642588816933,0.30876402531940067
0.006351384840636118,-0.012670533782415803,-2.3652788421939337,0.021175085895456275,0.005831526335404518,0.06892876866863269,0.3649547061524471
0.0048938469101796195,0.0022704565160734406,-2.3422583155912395,0.028055119618740243,0.002375522118752505,0.06424190631575613,0.43561902999053675
0.004612881079587485,0.0030635390754112663,-2.4160416244303,0.02495397681717261,0.001056831575986666,0.07322771818605676,0.44508068868697914
0.004064896332258435,0.00232028935948637,-2.5029606899180923,0.01991008477096099,-0.001465155820134792,0.07343097446975815,0.45356190933487783
0.003196591031149974,0.002404871853786468,-2.495957673352579,0.025095978305566913,-0.0029873428439813766,0.07357831967766058,0.49277056517843115
0.0029763289659402946,0.0009934542779764344,-2.4000625783907825,0.01202694500751551,0.03347148622333923,0.06553568969253872,0.5761021858092014
0.002856444920218269,-0.0004611616907241416,-2.320856662408571,0.016300929652293992,0.01594589037406851,0.06133095727649087,0.5662860766399797
0.0022220715994190746,-0.0012787529470048554,-2.2840773223939173,0.019217791817134986,0.015544256833042612,0.06262715039457208,0.6019342726477132
0.00171636660224828,-0.0016590899858962282,-2.215738621251695,0.016680047710059976,0.01584418857381597,0.06214855705927564,0.698156129874524
0.0009786926743908999,-0.0020342998760284705,-2.207131251194057,0.008715596702815995,0.05521412643488194,0.058305488093011705,0.8030924441654277
-0.014714911842525519,0.002489724401083064,-2.2119654537853886,-0.006158657497690207,0.05924003990073939,0.057089381734167305,0.8869751064964554
-0.015926345166961613,-0.0028190427377626213,-2.1004025869867418,-0.010809216882301641,0.05940375218156724,0.05302796589749048,1.026539584332811
0.001000390405851253,-0.0033791762762526646,-2.003064600606881,-0.006198960380621932,0.05049782988008169,0.03996337238231172,1.0347163262202812
0.0009524098794390554,0.0034042411068221767,-2.1091733880842445,-0.010551581879447262,0.05676789953999493,0.04699410451953798,1.0923490057247522
0.0010122505299776279,-0.003280387420314394,-2.0103829357082916,-0.006059447632448264,0.04802377351747399,0.03872201429285186,1.0808602212887237
0.0013664056118333316,-0.004225099027774852,-1.7982000995868013,0.01544424254100867,0.02846151160405409,0.02429749399230172,1.070450845585116
0.0013703070876875658,-0.004252643463650187,-1.7981482350475204,0.014909201897891033,0.02838045864987104,0.024392361709277634,1.0741634466754584
-0.023481647530665863,-0.004824672990992353,-1.6625261166247822,0.023655194415231142,0.01617917948640435,0.017514581170025405,1.0479408520630242
-0.023409443318509627,0.007508766240537739,-1.6405063004461016,0.02167538490468404,0.016583093128312056,0.014077206193443574,1.0355265576283426
-0.023535721065809204,0.007429386849068787,-1.638514415522437,0.02157449815711476,0.01648059164462532,0.014097102413762474,1.033322380685668
-0.023794453630299733,0.0077646164183971305,-1.6213680937920265,0.021036953752738455,0.015096684194505636,0.014008209288211072,1.0224538250559119
-0.02419353147349795,0.007714775581471976,-1.601049421872869,0.0208347444806912,0.01447887267032021,0.01271668632403967,1.0158812628363583
-0.024112214291905524,0.007497435300104717,-1.5882786153188668,0.02313838239485922,0.01408303111351918,0.011849657151461574,1.0158445914404144
0.004159442050784453,-0.012543113932486555,-2.717700802329264,0.057700281274075456,-0.04310894626485877,-0.03497715842599239,0.014372683541192555
0.004479603507725611,-0.011860192605720108,-2.758353248045699,0.04764668364602001,-0.046315189496676276,-0.034485931883693074,0.056145973317106204
0.004576765894947461,-0.015908051879135063,-2.7307101569254426,0.022416598784925156,-0.05025744875268895,-0.03738552692774916,0.13084436036899078
0.004281891346463011,-0.014874581052861786,-2.6438523940361507,0.02717921033359512,-0.00832735576600714,-0.034322726316495654,0.17678998771381413
0.003561013841511858,0.004844947848032735,-2.645417685404578,0.042015615588556106,-0.01045496366370489,-0.023791670112130844,0.22835745432857552
0.0028995738167649225,0.004205671003183344,-2.5623783109669342,0.056708823335966975,-0.010181439925638847,-0.021092517818778026,0.282312121334997
0.0023420867673759256,0.0024885434128726538,-2.4740449868041186,0.044321106696424035,-0.009519005143767861,-0.012240468283332083,0.3341233481631746
0.0022154727816735896,0.0019565631740873406,-2.387195424069649,0.041103515623080907,-0.01176643801253578,-0.005947726774275548,0.3184111477905038
0.0015844295863678302,0.0012031280030736131,-2.3196669285741156,0.037602302600339955,-0.01779694829302102,-0.0027614821437242833,0.27914728177407644
0.0012168306774817978,0.0008404663323599199,-2.321271704914433,0.039739589735147726,-0.019155627479510186,-0.0003582241723244637,0.31054107967196803
0.0011332043558113008,0.00017683397225230088,-2.1794081806159573,0.04723343429008911,-0.018739050339589895,0.015378922919090477,0.42922296186212067
0.001425554102662628,0.0022457002684141214,-2.008507175474634,0.056109806966531756,-0.02227898902472371,0.014793473640082296,0.4444284860985059
0.000892639046961946,0.005851866147760247,-1.7757571906289145,0.06988640386581751,-0.02861120073853547,0.013667613298043075,0.45161554736009596
0.0007443686636998093,0.005590091810013297,-1.6171641330179214,0.0883974813027738,-0.032631790740076855,-0.0012377471394322565,0.5156804678248469
0.0008252276062001467,0.005146020669183428,-1.5419285442073285,0.099308109466101,-0.033040574504602016,-0.01316450262184959,0.6324483651265875
0.0007909185752574502,0.004596433694694319,-1.4998447235203152,0.10220955915820873,-0.03406223754188468,-0.015108970697386684,0.6783944969541618
0.0004928803718270008,0.005204178985348743,-1.4492714887704632,0.11248533524457191,-0.03136424490834738,-0.017783599932812245,0.7225475103520026
0.0006029411507038837,0.005638929187005699,-1.3968333254866128,0.11125804353405662,-0.035330447104976105,-0.013824846056948678,0.7920303116043678
0.0009280115293225412,0.006062156779657489,-1.2842822075116729,0.11932006947449952,-0.038503545309108746,-0.01264507403450115,0.8430811871299057
0.0011030055190083485,0.004110198664065787,-1.148725703528644,0.12065301676125079,-0.03850494850145309,-0.018894442096414336,0.8376114955924753
0.0013671406505186706,0.0043472682352199195,-1.0308965550842975,0.12508151690159933,-0.03276734607806417,-0.03383157275756816,0.8808530669838743
0.0017178123887777962,0.004059895375853776,-0.9909788254459758,0.11867849456657002,-0.031569431558931514,-0.03364869942088115,0.8540383238540676
0.0016889716278268893,0.0036917901017947466,-0.9828367676311734,0.11614892902153773,-0.03145649759475038,-0.03650036015719714,0.8580418915727434
0.0019496373682176072,0.0035882635560170947,-0.9651005300852238,0.10901791095912505,-0.03138750466281104,-0.036640384643583046,0.8509182066924115
0.0028220906779730034,0.003516410051973588,-0.9112375505305728,0.1107739914916575,-0.03089275162751686,-0.03764672212509411,0.8441420162877499
0.0029707913858348246,0.0034444360765657246,-0.8999654823380441,0.11032804708421176,-0.031009576560946522,-0.03790402760722054,0.8417600435769889
0.0029998154150165032,0.002258754963882453,-0.8727245478624273,0.11166887389967654,-0.03152822971922338,-0.03577222339275659,0.8496315518335704
0.0032579548033680877,0.0017916861211913432,-0.8622334892172235,0.10801262725706459,-0.03243744529770654,-0.0357281442813491,0.8518867613000108
-0.034194426375826405,-0.05166869472323319,-2.373585257641064,-0.025107423406028326,-0.07630011006465541,-0.11975149377578019,-1.5950882152041626
0.0037133078230450266,-0.05199230552805661,-2.381470915303099,-0.02441739177693689,-0.06909838295017807,-0.12534405485629557,-1.6430582546091492
0.003514355388469223,-0.05189335585737329,-2.401642752702733,-0.02540114920308782,-0.07055727036372768,-0.1226013507087342,-1.6120878611945066
0.0035047294888084233,-0.05211120857486099,-2.3980360956267193,-0.02827549225020644,-0.06843142639390513,-0.12103342945220091,-1.6093919214639063
0.003503941776129873,-0.0508500205099898,-2.3726784805840557,-0.0290121161375835,-0.055714414048276005,-0.12329382883736688,-1.585825476225095
0.0036804007388335706,-0.05002278824986547,-2.437011684976283,-0.04695588865949529,-0.056786179200355925,-0.10866281625508042,-1.5304832073073231
0.0036485070228357403,-0.04710342746638121,-2.4932491988948113,-0.05742553871855289,-0.05532318894109104,-0.10733249133876079,-1.4535650613847781
0.003606781778701068,-0.04303751829205452,-2.492759090948595,-0.06514009631894777,-0.05166177976157157,-0.0970432849942692,-1.3955110013555578
0.004233694317891258,0.00925857911188024,-2.6229175837110725,-0.06423786961656154,-0.04946749941635843,-0.09605337527748864,-1.1916215178051894
0.005126294881291569,-0.03858953226308027,-2.5724988023467303,-0.04685117929649601,-0.027867135929416153,-0.07339421907186278,-0.9964710281094441
0.005629045621347478,-0.029117561327155383,-2.5153083207321645,-0.021652645595362358,-0.019741860999182747,-0.061851889511880614,-0.9069560072794364
0.006027420865642574,-0.021637245113558926,-2.4709467248338663,-0.014877736000467923,-0.013212578764341348,-0.05571233379953583,-0.8482905215812779
0.005525397518351309,-0.017829930810864515,-2.441254416812792,-0.021165051307593517,-0.009821835732245071,-0.052811425395220546,-0.770317671546063
0.004685656983265877,-0.014093305281694876,-2.3346848638151054,-0.023247104358050365,-0.0033400687717590515,-0.0449793743986905,-0.7132307817902087
0.0049229656568006075,-0.017744903518064292,-2.300520440489783,-0.026107890699551786,-0.0007178695420471194,-0.03188052911796256,-0.5806732278961003
0.0054325982805201786,-0.014777593947673522,-2.339481990274256,-0.048066586732526236,0.0004752067760844116,-0.02285480234221518,-0.46998329668593664
0.005157871827058754,-0.011917556068999892,-2.2867753858153246,-0.057918489369053874,-0.00879683106949962,-0.019183087264466624,-0.45563726920752756
0.005307455646429785,-0.011171375275008315,-2.2824380436476486,-0.08346210068361334,-0.009796165461294188,-0.015917376726538746,-0.40930760267161
0.005365430535154079,-0.01233275306400776,-2.2947512819271783,-0.08695605730263997,-0.009568092106600286,-0.015479861968867569,-0.40277873574181583
0.0063816841258995645,-0.009264025238798584,-2.198174399471933,-0.10946542710998712,-0.012304503911899656,-0.005152903395714324,-0.3755565229700279
0.00727614537647573,-0.0076496260607176346,-2.1138236091384934,-0.13389029407613343,-0.01901499932280199,-0.0022590190905884527,-0.3783499379183821
0.009036013691582913,-0.00028591514612010704,-1.9482939005730437,-0.16786260216480095,-0.03163892169057343,0.0021228305288173003,-0.420519645139751
0.009125374695312908,0.0014984265229326219,-1.954129887645311,-0.16933399266853053,-0.03243771446803506,0.0029241147934996868,-0.39002681820608953
0.010407853607157345,0.003874705019697563,-1.8236000403681702,-0.19988385377183063,-0.04125608108699096,0.0027186513821666116,-0.37560033970057655
-0.08901477478134237,0.008044942893990402,-1.7146456095502418,-0.22133403579921754,-0.0424855218508523,0.003677077746261305,-0.40136717053844073
-0.09319891517585449,0.010491177353680155,-1.7204088199298893,-0.22299865793950807,-0.0354340557241531,0.004812165410483083,-0.3868179432177326
0.013245326934237312,0.005751664503505441,-1.789588217052176,-0.21123412999746755,-0.04373820401468698,0.0004720539238177702,-0.3417313375375877
0.01379006981884509,0.006599800938707237,-1.8005476079394815,-0.21674059969098594,-0.04348175412357329,-0.003195236696664411,-0.30342310968231884
0.013601942139131655,0.008832154941251067,-1.7805141284040416,-0.21999502819629027,-0.04282351909521492,0.0046792735022556,-0.247430166956929
0.013410458779333482,0.014024602241776096,-1.6987287324038212,-0.2130388485313273,-0.04310511603489894,0.004956882564028886,-0.1887695633426824
0.01358961102915872,0.016837468567403775,-1.6014588619842494,-0.22069659370407588,-0.03857515522299463,0.011137908058734203,-0.06943540499989921
0.018890122512536068,0.009631142145256967,-1.3925365612229297,-0.25037283008806227,-0.03074318921543665,0.008022550092525949,0.027093865384072557
0.013980772657132127,0.013658968902705203,-1.3095301636578363,-0.28767160987033596,-0.024939192551540913,0.017291186787321156,0.0945024635169604
0.013315814837554374,0.014188823673659024,-1.2926386871021196,-0.2998168231294042,-0.022470930891200402,0.016900185764080904,0.10572465871866898
0.012026549783310253,0.012973201742228544,-1.2156410162015228,-0.2919078044337115,-0.01634577177579939,0.018409958297633932,0.12804059884072266
0.008088588129019659,0.008981194529711837,-1.219333516475758,-0.2921489120083789,-0.016284051022300034,0.017616504804693383,0.1497576337701111
0.008342583663930385,0.008598838613259203,-1.22823503799911,-0.29398015341618355,-0.01659654941944935,0.01728063920634697,0.1647819854585355
0.008692679840792026,0.006529517893584237,-1.245682563478573,-0.3068464444901984,-0.026926078795613612,0.01625032218089406,0.15197604598014208
0.007477031130986193,0.0055366298945640985,-1.267962248490563,-0.32563061114257585,-0.026507822681363858,0.013993247578999224,0.19804622046787387
0.007669908761195327,0.005950112242619464,-1.309286997343362,-0.3312701544883882,-0.026606362367894966,0.010965884298629448,0.2574144371655595
0.008674814099936652,0.006340209879682133,-1.3150119832490248,-0.3545244919959329,-0.025815816746798288,0.004441406171491352,0.31792374951612645
0.008386699368337362,0.006308032336334869,-1.2974871276791082,-0.35581632899384813,-0.02274066145440379,-0.001649930058344344,0.39135009813252186
0.008411114470111437,0.007593619971543665,-1.2820838247207553,-0.39273302254237225,-0.024666586440391002,-0.0025682965919036436,0.46816244678429514
0.008639727863739254,0.008534472255939096,-1.214980177283491,-0.4363887396472264,-0.024545308818544432,-0.0053390238109476814,0.5573907038300591
0.008855511577914605,-0.006482599723237838,-1.1416046730232483,-0.4844952333819574,-0.025930367661291608,-0.007493888928579982,0.5765919403003943
0.009077638359981571,-0.005475267743810372,-1.108233529812622,-0.5102634682177746,-0.026347513021304825,-0.011803162922351673,0.6097035139974806
0.009157598063639014,-0.007286066067631212,-1.0877287009888164,-0.5112839309112459,-0.026755444604392515,-0.01539297944254442,0.6179111884651819
0.009343516105374927,-0.028311828983092244,-0.6803364339469937,-0.5077757353896484,-0.05577436962210278,-0.03257331390852472,0.7093693797227871
0.009823076537316634,-0.02827136577432556,-0.6248846949803413,-0.497403653863534,-0.06103631760858572,-0.03425898475566807,0.7121223944352678
0.00986355336103392,-0.031037521685524795,-0.5739897078575755,-0.4789294083911779,-0.0647448039076721,-0.03294733835103725,0.7155896048863709
-0.0960371970461015,-0.03254384620710133,-0.6422037216607905,-0.517141607859346,-0.0667420487926952,-0.02949775142194179,0.8972680365976599
-0.09618862935764619,-0.03314107161689361,-0.6500518654949188,-0.5212146895553409,-0.06733533936695942,-0.029093533206694423,0.8895512678556747
0.009820335953948102,0.048596809626367414,-0.4315424394661513,-0.41375840405497555,-0.09205349091472197,-0.023347345610097183,0.7535321462468624
0.009279432014193676,0.04994182023137463,-0.3079250489312394,-0.35551684178787,-0.0833560283017863,-0.0011424040872100325,0.8142454219473997
0.0024362423417602186,0.007714138875761619,-2.319682056562216,0.07411835576604632,-0.04825135655703949,-0.11450684061683339,-1.5355305049762822
0.0024588153059782575,0.007800506894462376,-2.280341102245796,0.08432507991345103,-0.04634006551221573,-0.12021252588751344,-1.5461011029185656
0.002442636555868815,0.008066277066409971,-2.229509537724424,0.09014568104580159,-0.04356426398336875,-0.12485439118545812,-1.5647357737502479
0.0023889478016560608,0.007378005685979264,-2.100272119718307,0.09001113840501453,-0.0371072527723207,-0.10986960643284575,-1.5541163546978944
0.002224381334365617,0.005160957684861814,-1.9497041757114535,0.08644964869368742,-0.023447555868588064,-0.0947939058431953,-1.4938214341383738
0.0017441968774249616,0.0046513894474142295,-1.9050995454441262,0.08996231177385558,-0.02330368184967626,-0.0868466052704138,-1.4644004086548927
0.0007705873493544012,0.002577950419363577,-1.7534449274568684,0.07857607183289775,-0.017710200211702932,-0.07833325984920766,-1.4183492692861686
0.0006928624320571754,0.002529688222180491,-1.727279525876793,0.08110748811967218,-0.016651210838657178,-0.07980547546646706,-1.3825647384844852
0.00034433951467436875,0.0019892740738107575,-1.7034582804714813,0.07908860990264999,-0.011610466626230748,-0.07792785123314667,-1.3364302731842252
3.424688768068961e-05,0.0015574983873121785,-1.77149204050766,0.08247814422916297,-0.012430658370664349,-0.06368900887999879,-1.2418100577325957
0.0009747046865465675,0.0012274708519174455,-1.7569640973508105,0.08652115997975329,-0.010631947517374181,-0.05157021242161575,-1.1890887788580713
0.0008776539659398377,-4.648890297592188e-05,-1.7367292552350344,0.10105318430718559,-0.006471181111207204,-0.045280170580303994,-1.0749231035739863
0.0012357090039316564,-0.000415049980928677,-1.7794065120224491,0.10027149417011888,0.00029113333157576224,-0.031834764004605935,-0.9209546081240214
0.00209138813752929,-0.0008235175861037567,-1.3525411026770287,0.10664988209418519,-0.004033185974413719,-0.012126801787679864,-0.81685310173174
0.0023326733034745137,-0.0004935033559308981,-1.3709695229724697,0.12230458213127861,-0.004995031895482902,-0.011149306192944,-0.7620048850942263
0.0024623715851526916,2.6490055017847844e-05,-1.3547347917419617,0.1290535536917544,-0.005089333106600938,-0.00923128801255015,-0.7263088589145829
-0.030721378771065615,-0.00014095943556819885,-1.3300257315492465,0.20659991936242317,-0.015430556341600586,-0.01618311927874327,-0.6794958340371915
-0.029959336349993076,0.0005510121630922139,-1.3779964496926551,0.22069410045419477,-0.014659239230692022,-0.016668872610454293,-0.6234033221816284
0.001999309051448739,0.006060779700227396,-2.1728198309779008,0.12579103364031807,-0.00406034662563603,-0.009088767308448329,-0.5160632007090943
0.001268771871145955,0.004456707267498181,-2.1773231779810573,0.10141825730249715,-0.0031942166934299764,-0.010859053820993985,-0.44451110729619786
0.0010833927471873815,0.00284330931129954,-2.138354114498881,0.10332843934690324,-0.013883653142558407,-0.014192209128426163,-0.42123764196559915
0.0011894829605724581,0.0028552161144333094,-2.165266855125842,0.10030402620974034,-0.012229296599144854,-0.011094427978637859,-0.3953233034209166
-0.011373673656244568,0.0015020533190887406,-2.0339630523519903,0.13988650687723372,-0.01625777740360663,0.0003014453632378027,-0.4096887186524603
-0.01280672125466429,0.0016903649113114208,-2.0519847319359377,0.13181112160177474,-0.01761528626000103,0.002538390690661494,-0.3766054934388566
-0.015766785408918557,0.002484686959516278,-2.138324275832097,0.11439153194150446,-0.01610734478625809,-0.005035313818451552,-0.3476762044167103
-0.014375729758458532,0.002303739940790593,-2.157499586138916,0.11088061258283712,-0.01578833561755438,-0.005786168131992865,-0.3373851551170148
-0.021867815528782152,0.0017136653428613707,-2.1763301785241356,0.1038650316208678,-0.016328890764165993,-0.015459827901655608,-0.29549870065213324
-0.02026458015144489,0.0030692173675946903,-2.254229749579926,0.09829900322492258,-0.01557302348319616,-0.023596473323095533,-0.23634200000636355
-0.02209866865724375,0.0029609827563608277,-2.2961280353544224,0.0868638494510779,-0.0159025286737853,-0.02320229074565186,-0.22068422748778865
-0.024975476444416587,0.0028565228096716255,-2.329561865535613,0.08454537487163653,-0.02782823268966141,-0.019853962537209148,-0.21483104261660552
0.003381130523848369,0.003037236649746341,-2.36363392838983,0.058612814945971634,-0.02922524373337199,-0.02248117573252739,-0.18642599660677442
0.003829429990871303,0.002725576495452814,-2.345024703709576,0.060221682411342646,-0.02490619211950289,-0.02660331738963727,-0.10106771070629539
0.00395962277223659,0.0035098586985117747,-2.296505187563289,0.056612041955193926,-0.02173442396399856,-0.029456650257408984,0.024001138254752405
0.003985103544409867,0.0039917755693720984,-2.259583096365729,0.05642199225595157,-0.020066883448709816,-0.02740377379521141,0.06338102737771137
0.0035220853741843717,0.003163267660126888,-2.237527889357563,0.05168489646582193,0.008276796086656983,-0.017109863856238805,0.12857990626612278
0.003366665910595698,0.0011702466647231153,-2.212356892826672,0.05411590988837296,0.003037457310948701,-0.013759982199324658,0.13520191372009102
0.0037775789742777806,0.00019830353854102532,-2.1484675909094264,0.05080751139367189,0.005201936074206256,-0.0035414630695422295,0.20480763615860575
0.0072099445055896876,-0.0010479095808421594,-2.0904217261194376,0.041886653607454256,0.0016494005318831151,0.002253499945955464,0.21458678794930247
0.009353725967606839,-0.0015937342389424403,-1.8036035093452933,0.04719889235733776,-0.012722588732289748,0.005808663100782368,0.17991391171083326
0.007454317954318202,-0.001782886708770345,-1.7420536759645038,0.04812353623193582,-0.013809858696490457,0.0025731020507315464,0.22298656332915426
0.00755461138467004,-0.0026406806911134953,-1.712151679696741,0.04973321718001985,-0.013598606062862197,0.003176181379571821,0.2653007077748605
0.0074800763768323305,-0.0024581026038236692,-1.6843369279953233,0.05096682674355233,-0.014027313083451634,0.0007530175392231221,0.3032437613167667
0.00619341855321402,-0.0032509223815276682,-1.6382715698289219,0.04792050064308479,-0.01384525621720448,-0.0020441680544108247,0.4067479651341018
0.0059311354475013725,-0.0033880516600410054,-1.5749859793581018,0.06358625046941603,-0.014069032799649902,-0.008318749858752252,0.5507516007176801
0.00619264308362607,-0.004195677448851074,-1.5370244568116231,0.07080753526178275,-0.015160995182735977,-0.01325097638485404,0.6614343637638381
0.006119171213501904,-0.004525097038882325,-1.5156356393919932,0.06788004083749669,-0.014210929008932298,-0.013732127852031527,0.7184869759306552
0.005550881693953554,-0.005136306982379664,-1.5190562526059783,0.0776331304852001,0.029033763859265933,-0.013443107234554424,0.7875336241452027
0.005360765372639961,-0.005012188600620176,-1.4996813693619733,0.07184273919915755,0.01919617616242225,-0.009161146355212299,0.8687116359607664
0.005365459227827318,-0.004984541393342528,-1.499871251924143,0.07246337075751944,0.01487838595596976,-0.006568713255920363,0.8996238951109863
0.005404279870125604,-0.0047159317616156495,-1.4808506256538314,0.06865632195130508,0.012898141629832353,-0.007044447590752192,0.9500472185958895
0.005912797106593536,0.007932801075678553,-1.3654761057330387,0.07875999145373819,0.014039263711979583,-0.013278984669203407,0.9790553519713837
0.007786740941643347,0.006502066917609588,-1.2507115052215685,0.08413290826028152,0.014425600275371365,-0.011746925537986333,0.9211105437632667
0.008497123891290795,0.0062307996764511,-1.1481567831317072,0.08810247470186068,0.019605995068668607,-0.024184354142953883,0.920216741203469
0.009635621105767782,0.00621077279032691,-1.0773405985863727,0.08999716357300203,0.023522193900587386,-0.029203793228163244,0.8957326472650505
0.009668457552472478,0.005962666747280484,-1.0627567302170753,0.08618389340719212,0.024152380000956382,-0.029732674126710164,0.8912885874440207
0.010441038853162167,0.0031744233399133726,-0.9852903439720914,0.0830860855193396,-0.03150693567908091,-0.03447460017897159,0.8818870119135782
0.010488555806785654,0.002474731879605077,-0.9779061669447672,0.07868411487173244,-0.031628680890471814,-0.03651128742319666,0.8856457006897538
-0.08652090299684254,0.0026013343644221056,-1.025427140465359,0.03267502900417042,-0.03154576253739876,-0.030928080798921277,1.0648420466524318
0.0007745457806227575,-0.0001356786009940287,1.2160396290008753,0.05654177919923951,0.1308951912069586,0.057296020929374164,-1.966235332678262
0.000878664632648005,-3.380138787821853e-05,1.3166125423413764,0.08240262582338741,0.14311055040658757,0.08297270868065698,-1.789403666491505
-7.388411893607156e-05,0.0013456844185119237,1.3448920376366191,0.10840798367480702,0.1417299427579925,0.08942696956356767,-1.6728451511252378
-0.0010424860172056336,0.004184115057526347,1.355282853326707,0.16719252618480918,0.1151539708255305,0.04370727727866036,-1.3054599036720054
-0.0008414399397982453,0.009259930450989986,1.3683018423238462,0.14437697826191934,0.10579666359775632,0.0471364605641145,-1.0869021739876876
-0.0006092014799941563,0.010037880804851218,1.346936798284855,0.12927843570288985,0.10602587972924508,0.049770949742393676,-1.0496777286043024
-0.00046352746467310347,0.014085403396071785,1.4055308913697082,0.10651580662199271,0.10503960393691592,0.05204967346784889,-0.9412924366313938
-0.00022473235693275744,0.021674834059570693,1.5043182673878395,0.08070128016666335,0.0941064699868065,0.05876855163020253,-0.8042211951705382
0.0009862019478859615,0.027084549009331528,1.5659557767786092,0.08054516862354101,0.09218617336940683,0.06633502362508244,-0.7416460139388467
0.00399410624339952,0.037624775931445406,1.5972173815993063,0.07946713965790717,0.09698199812550774,0.06499172315496589,-0.5713445963510727
0.003731691112271209,0.037524203125273145,1.61098246061378,0.0774019471926604,0.10277765323481292,0.07582212847885188,-0.46609930103718916
0.0013967063820821504,0.022183360716608095,1.6640816626771562,0.07236425665362248,0.10650922342558133,0.07829448308263931,-0.3785785549210548
0.0013729188031253886,0.01820258332747678,1.6721916442136133,0.07090504949996353,0.10601098799580659,0.07764624901926893,-0.3610327320194166
0.0012037356966774233,0.017896630924870902,1.6918831544763984,0.07154883556288583,0.10786199519259602,0.0783992258737111,-0.3554080493692855
0.00020258346045449988,0.010671959475025784,1.7451179555761536,0.06719896293584918,0.11112914108190686,0.08312038714804519,-0.34855533210629275
0.00018233895584283407,0.010353922362911983,1.7518134036597803,0.06766962300814325,0.11432346596297452,0.08570761874658038,-0.33914648419196664
-0.0019650547638269083,0.009923178938539643,1.761385443034942,0.06628856709249187,0.11697889338373402,0.08564076307282013,-0.3321569895328034
-0.004077377845564915,0.009699841213323516,1.7453662394712468,0.06775385865838772,0.11873530646976585,0.08484872069114997,-0.29409598302894746
-0.006464893544400534,0.01017817845660462,1.7426564487931275,0.07142377762801036,0.12410069290226859,0.08146938849074249,-0.24016348054880293
-0.006518806694491976,0.010320354818898718,1.7347108965154163,0.07411349784828357,0.13041870827542423,0.08099891133119168,-0.2130341059267169
-0.006441834755256393,0.010901708814123121,1.7579493554360854,0.0833439183309062,0.14272965370724217,0.08401828288041828,-0.15496791208974897
-0.00810727498330111,0.011011276003090474,1.77047277713302,0.08210890297571843,0.14983661680501484,0.08115133546362155,-0.12349872169456262
-0.009652579345747722,0.010440560730990747,1.7833288116040822,0.08632280665558656,0.1607585376302507,0.07632206658506063,-0.04829141929210459
-0.011038795542694874,0.010732640924225963,1.7753034062051543,0.08273509119520898,0.1618237107491749,0.07361171849984337,0.011588695625968929
-0.013081295811283396,0.010753733944255441,1.787729590712195,0.07809721038545199,0.1644315135699133,0.07224602454115088,0.049459124380924646
-0.01603281721131543,0.009724889779713796,1.8031882358093478,0.06988276854777159,0.17361361129244454,0.07165450508930965,0.11892491085700908
-0.016975116175721637,0.008189539813532801,1.8118197740885886,0.06643719893793791,0.17445871933058948,0.0660634591167022,0.15808263383462887
-0.017240304443004215,0.0067937977877540094,1.7917438857995331,0.06745835942137088,0.17556509320371633,0.06849259070479054,0.19270089314008595
-0.01682638897489777,0.0069599308992002425,1.8019572260190793,0.06773070615660311,0.17948159951298884,0.06906946408396679,0.20079876400884786
-0.018790914801342224,0.005300025959907896,1.9052837659503987,0.06144262729536646,0.180412778280221,0.06580078110769533,0.21191721921080783
-0.020709522326726387,0.0035278072310660894,1.9340459076174135,0.062446599519120724,0.18963223189496423,0.06254202199046936,0.25610174560709703
-0.02025091103799349,0.0027358504011440444,1.9514469800368666,0.05909151062162161,0.20083325077040542,0.06282400682833368,0.2903627607719083
-0.014051785520551138,0.002005609765460279,2.073499753015522,0.04916728317782777,0.1904290454619807,0.06781398212359745,0.2890742763635242
-0.015209099473882673,-0.00018474284797407141,2.0846295504963406,0.04350951696062279,0.20233895458951917,0.06452366306051834,0.3596510251440523
-0.007373790791999949,-0.0010702513386161602,2.2710335601835805,0.03716093338541061,0.20698266236129115,0.05981487967102588,0.5146368145841753
-0.006571089731651231,-0.0016316038395982817,2.3112349117510935,0.03930886864505154,0.21967828587971144,0.05158402316142527,0.6438919176325881
-0.0036963769509789158,-0.0021864244295031836,2.3584311369153164,0.04107709546254286,0.20729424531864862,0.04974567110811243,0.7114877879718445
0.0029081997127918765,-0.002444827146539988,2.4880801470609155,0.03919423525145316,0.19925299927279855,0.06972543979814833,0.8179116264320498
0.003153715513110816,-0.0017146522377954599,2.473532777770388,0.03932379554390318,0.21189558878666254,0.06997084098303416,0.867329938987634
0.0025318813268191934,-0.0016193045053084665,2.432248772353204,0.03581943064055311,0.2153577416406494,0.06276987236255373,0.8688375779319163
0.002819982968310221,-0.0016282088657245078,2.440972076638623,0.034475178044277716,0.2094690897756267,0.06863765622320611,0.8942286272350396
0.0030899917489527703,-0.0007214256180172318,2.447825220934431,0.03252901514663895,0.21335760721780841,0.06977255068365561,0.9112295779088593
0.0030586804859822317,-0.0007654804788393867,2.4482159783156883,0.03193350443106093,0.21140342353340494,0.06930310239606875,0.9137385259870306
0.003501312522126127,-0.0007962229018563313,2.4589909902490468,0.030084584713638843,0.20989337596473792,0.06932275458327854,0.9154886315916294
-0.019208700732700493,0.0029668343857834098,2.4140648118300945,0.036665115633443136,0.21676788434000757,0.06934294651611786,0.9338021432201248
-0.02210966385084326,0.0024403994381478693,2.418318096996816,0.03496290695618051,0.22123741758315665,0.06965370776471247,0.9335510853826053
-0.022106969660225795,0.0019210458573237319,2.4208515186819373,0.03131095414164306,0.22481217062811473,0.06972984850811614,0.9347939824458471
-0.023314477029284755,0.0010138651655922503,2.4326109836060796,0.027848691848693014,0.22586153280723995,0.06902993048570466,0.9432712404394623
-0.02281476990892342,0.0008569690029339416,2.4756622420925836,0.029790404459021053,0.24352481603277498,0.07048618486767588,0.9892177477310193
0.020652056628004716,0.012803255968614086,-0.5480170492764393,0.002446469789025074,0.08221183028556141,-0.04009371811898228,-1.9291141154717217
0.017024933955213418,0.011263020682098087,-0.5847665674650221,0.01410410782060779,-0.039195404153744194,-0.04333076635941474,-2.0290368971295885
0.01810086552120446,0.013495500024517859,-0.4953387894814458,0.0066683813002808056,-0.04461770971248592,-0.03853657296604157,-2.036956793371856
0.019929405294398385,0.016315128700441047,-0.3542769991721105,-0.0044707328005030725,-0.04999694645960894,-0.03605971185680339,-2.114159218627179
0.01976850428303078,0.016171888986358695,-0.303178782591755,-0.003247034739145176,-0.05032446145615454,-0.03446225190083848,-2.089425045415143
0.019557204042031227,0.015421286385054385,-0.2778838946418537,-0.005426769280856447,-0.05060338593723927,-0.02748916161431119,-2.083781908382747
0.01782834273401305,0.014807853256092228,-0.302567860105106,-0.005930847792727244,-0.046243758483156275,-0.022567710213491785,-2.121057805743186
0.01912707808448836,0.01800208450396959,-0.10720248662604516,0.0056050384833456176,-0.04044668414285465,-0.01586751452259391,-1.9585155524392488
0.01868704331694456,0.018290353298746335,-0.07873388653361636,0.0035578670358867408,-0.041382761461523906,-0.012767912927372808,-1.9283637813874426
0.01712547917890766,0.015556211637561261,-0.04813397632869957,0.004052817128068102,-0.030239937020630596,0.0003737810542330585,-1.8119155523911776
-0.12662229985724238,0.017190955778640188,-0.1083844600049594,-0.013209469860362259,-0.032057367639110664,0.020229523667178534,-1.6218620724678443
-0.12779718271459728,0.015623123092958394,-0.14075212755379565,-0.023659956016521662,-0.032487484658232355,0.023194241071416818,-1.5314742239532242
-0.18910866494425244,-0.009416074195775594,-0.14699712921266225,-0.055799658436260495,-0.0035753802219555286,0.010205404044505768,-1.234622652971783
-0.2596156046153021,0.0070302705710551675,-0.14414088777828676,-0.10134882073606545,-0.007041020793369045,0.049835680510889005,-1.0549971943615906
-0.2777692865092401,-0.0015224337439566236,-0.22028051493318646,-0.1266354173538361,0.01029724324120124,0.05590857632415513,-0.9813452768740681
-0.28512090316245975,-0.005136671149724366,-0.10801601699852915,-0.139378243806888,-0.014917254250791843,0.05268077263081712,-0.9434580511013608
0.03707116630200799,-0.01590187450739821,0.04249984863154428,-0.06641635125967137,-0.011612147714589637,0.013292241071177987,-0.7837728816940083
0.021310158048866438,-0.02927485252671123,0.46004308435073443,-0.03635946299346288,-0.021260816496386975,0.006232796578946611,-0.7077638334577505
0.007167653044471904,-0.04595270299298626,0.5386090891995295,-0.044216635995759944,-0.028170308027896947,0.006334225284127658,-0.5828026679287202
0.006330198428353094,-0.05490401094875691,0.5157588645897153,-0.057186253104908984,-0.028405216043069063,0.008229938121016807,-0.5157492881685141
0.004045102797006132,-0.053099343407884754,0.5826915739872386,-0.07706240469748037,-0.030963782482875086,0.0055499694031000526,-0.4479307850714549
0.004127766005571277,-0.05542661667431057,0.6487137230192673,-0.089937006166844,-0.032193638921154184,0.008740587104938158,-0.448240704855
0.0041791841296923244,-0.05489966594394422,0.7075978147130156,-0.0812118868421536,-0.03202390696358424,0.013266542528657008,-0.44911408512451634
0.004280559898893995,-0.05894925059892946,0.7409063107438804,-0.08829093921277482,-0.03307165966627502,0.01473288255239586,-0.4359250636306432
0.004251500122054277,-0.055931870437306096,0.7638751421407172,-0.09104642329268182,-0.036892361786696644,0.016616086987389832,-0.4432482087001021
0.003566842357031504,-0.05253135535948642,0.7785470325719035,-0.09629912229490369,-0.03832355557766431,0.017871794690423624,-0.46838493634059297
0.003508558653754891,-0.047395108766945505,0.7982371661377494,-0.09701048435904978,-0.04151046395549644,0.02153613834858399,-0.42831122555436174
0.003546877846990211,-0.04162081986677488,0.8488760911755778,-0.09027533770324979,-0.03664962209552144,0.021682556856288268,-0.37424278560226076
0.003857802577378976,-0.03830239728545129,0.9104615472476848,-0.09103504888655937,-0.043974608756222916,0.021169466920490564,-0.3123137307808466
0.005768767217979698,-0.04155583854019074,1.0121899057026824,-0.09319269894015371,-0.05095017187856433,0.023026967857077647,-0.28967174424182357
0.006770251992275931,-0.039946158185047036,1.0973590365416335,-0.09120155722582407,-0.056007726162669726,0.024531587953038357,-0.2750403566641274
0.00701340878023292,-0.04262436376506939,1.1694232265284452,-0.08838375749431082,-0.05996385212702548,0.020330201876686514,-0.18316780774607602
-0.06065126229894974,-0.04304371241600508,1.3156989583833432,-0.11069566151424243,-0.06661389251114921,0.02423989167590015,-0.16353414750925607
-0.06118456503772143,-0.04292665442098829,1.340292999838716,-0.11007049050719066,-0.07098269384812605,0.024153506518871413,-0.10962146864321701
-0.05628317252325943,-0.0379229967277686,1.3568809370840687,-0.10948328364230524,-0.08921498623172053,0.021802901389145122,-0.026482933911181006
0.00534798073237139,-0.03567011087337093,1.226571895892229,-0.09571985002279967,-0.08342852046236145,0.013377032435870859,0.04639424083779884
0.0035534828620296718,-0.03377288669960737,1.2185029373952636,-0.09663683923325245,-0.09879771471400324,0.011396444436342973,0.09470655847060717
0.003262050727786019,-0.03383572650720159,1.2202853313256559,-0.09872036744811913,-0.09845814694938766,0.011185088518558038,0.10174209376076111
0.002676091616121745,-0.024556479227939486,1.2492892589553974,-0.1049953886450806,-0.10027324193628846,0.012305766290562188,0.1284529133769489
0.0013474082493792534,-0.022725549490336824,1.2960671325653628,-0.10750555664934201,-0.10273035649790468,0.01571669535393564,0.16072649177303974
0.001086791374062227,-0.023114487485901343,1.3240555158140632,-0.10814926888531474,-0.09911023186597813,0.018999092350827362,0.17513782015996246
0.0008883939201560359,-0.022517295981534326,1.3196088001342123,-0.11073649262623768,-0.10446017039249482,0.01705964649574513,0.19421495535703612
8.456570763821349e-05,-0.018735763049265025,1.370154505143906,-0.11168975427184556,-0.10811058785862902,0.017580767385838456,0.29093047020300195
-0.0020367384125768917,-0.009868297403427548,1.459943392919631,-0.12893258267393667,-0.13077012852580022,-0.004818239507622279,0.44150080883576825
-0.0015841959308868828,-0.0016696745376523162,1.550577931068319,-0.12424111848662478,-0.13830667147742542,-0.02058048139026752,0.583811273787899
-0.002311284858030393,0.00012463522489465132,1.5491953701339218,-0.13678624170956677,-0.1473169731267567,-0.02988830116199202,0.6277130239232706
-0.004212904379044055,0.0008357542761256904,1.5457722135335192,-0.1569229043616112,-0.1438641120808673,-0.03777562334193798,0.6888700508475839
-0.004522955727738225,0.0008668661035318959,1.5552651729174563,-0.18169180408829733,-0.13238488022402603,-0.040853528572010765,0.7445938869939899
-0.004309082477076027,0.0010188403245403974,1.5507350065086136,-0.19153467593027815,-0.13072274684559307,-0.044751143097906836,0.7524769343755249
-0.004236559612511709,0.001048854721315545,1.5565589310318344,-0.1918104453301178,-0.12088936690085063,-0.04469560177557009,0.7846031328438584
-0.004365537447950178,0.000996393622151491,1.5591381505361275,-0.18960679051885668,-0.1192958919493233,-0.042290917005675166,0.7960547963878501
-0.004319222443051437,0.0011000067147284881,1.567364439057831,-0.18645036399864448,-0.12060711964087478,-0.041258235200090226,0.7989186582406448
-0.004233723063761864,0.0012778257123829296,1.5699263761128395,-0.1838812718857571,-0.12548109187430698,-0.041209573341116794,0.8094603364777277
-0.004163298191203955,0.0013071466613615312,1.584258319776769,-0.18061606861285334,-0.12451631815992364,-0.039353898676184,0.8101562346347175
-0.003959658608142515,0.001238896439616568,1.613968731731,-0.1782575685221448,-0.12341583498642905,-0.035015104290268294,0.8129088613285507
-0.002777441500149215,0.0013327790107290273,1.6427495203354006,-0.1766940660382324,-0.1344758878059715,-0.03339391604648037,0.8042200319622193
-0.002857458573822711,0.0013059878523950395,1.7306018557916063,-0.18590609210062553,-0.150900567855351,-0.02483503812505476,0.7792987211202372
-0.00044160880533204684,0.0007357978327325876,1.9372849426583572,-0.1742280607214106,-0.16104970213229994,-0.008303198728541506,0.7361478038097092
0.002070777213375375,0.007418517499764595,-1.9887127971184786,0.10927996778284138,0.035181910398751036,0.13619207080036103,-1.3525202897856377
0.0021077427756452357,0.007589792306837266,-1.938229092682329,0.11009027985779615,0.03486508170452358,0.14448315108059737,-1.3725834384114286
0.0020514003993009756,0.0073040404848556196,-1.8742532350365422,0.12037018839874664,0.0343575212869093,0.15848196798543132,-1.3872000898191141
0.002030865482518181,0.00747643030318041,-1.8699124316636309,0.12348243510904286,0.03506006086533472,0.16120055871773678,-1.3795582714164834
0.0020043160794473366,0.006640498844969156,-1.7249448152619102,0.12919271736168528,0.018108731912301456,0.15559905017597944,-1.329958175428249
0.001868191015585436,0.0048359866663103,-1.6568669811104892,0.12837765108456686,0.014369936933647935,0.15452916940543307,-1.3107200874854668
0.0012802392115815629,0.0031415331091826024,-1.50073166595459,0.11383430646560505,-0.005152774212058682,0.17774785587575873,-1.26706349056961
0.0015075450908955666,0.0023022916387128,-1.4874867145799515,0.11231188540034566,0.01006276753099794,0.1791357581090303,-1.2151078621252727
0.002056868881629155,0.0002688585250721288,-1.3927067615012882,0.11535035825755065,0.025159851874727353,0.17304132280966542,-1.1943270007795217
0.0023758703889708447,-0.001132109081555893,-1.370149921923514,0.11359410827086192,0.04277158894986674,0.1539109515520992,-1.16322732036744
0.005531330933554224,-0.002112973960242354,-1.142988991976636,0.09338244571364102,0.0835359574623718,0.11809996108152235,-1.2840753715492368
0.006671908016950492,-0.0019598908181320224,-1.0788215317822507,0.11190000540216732,0.08595181376155095,0.11003287976524338,-1.1502036268595524
0.005183093610096687,-0.0010023048982799254,-1.1830657696589937,0.11522763440484841,0.039123374746069986,0.09693761740679065,-0.9637286860134735
0.00178005363818136,-0.0005156289802285121,-1.1984976820902735,0.1640442342729986,0.006249448958302697,0.1046978991867041,-0.7711686676246532
0.0024442643579308887,-0.00019790932637479166,-1.211938705372861,0.16965702650163464,-0.002100635574728475,0.1050236025252531,-0.7303379890215589
0.002485999028193058,0.00010657865058390013,-1.2372988418243152,0.1725702910938223,-0.005268304778961877,0.10387901178615104,-0.700546771291297
0.0032454260372653445,0.0014855106847543435,-1.248521899758994,0.18853956210555334,-0.0086299469335832,0.10007933011897811,-0.6436688684204066
0.0011601188784364216,0.002276408521442623,-1.1679732719994176,0.20848030593789826,-0.011800056788990817,0.09841436395375097,-0.597604877065557
0.001223726392629678,0.0035812751162021626,-1.2190487038557847,0.2132656490425978,-0.014584886460409086,0.09629997207548681,-0.518748610290726
0.0013533568751923557,0.004203969199933696,-0.9817854408768325,0.15496277640602307,-0.017088535067078532,0.053823132996964125,-0.4110794839436513
0.0010776992439187987,0.002581070125232298,-0.8985772091391989,0.11317240641436963,-0.018421294828115366,0.03703479399545583,-0.36106938479093303
0.002589136709235862,0.0022634179467909115,-0.8021202218202853,0.09119206008764694,-0.023749328989155764,0.03610674241722677,-0.3009749567083008
0.0010326493851693988,0.00223495627137627,-0.8188898858855004,0.09362913842179252,-0.023689450782022788,0.036195728256641864,-0.29955714448162546
0.0011395462341029252,0.0022766800348920776,-0.8125505078446661,0.09185551354184138,-0.013287242981948387,0.03696409831011583,-0.3033978639495076
0.0011072995171946445,0.0023988721089419325,-0.8069345935814812,0.08876944974289998,-0.01443549386385245,0.03614919574685451,-0.29649268851574856
0.000855109385511161,0.002402084455947452,-0.8013133695985807,0.09239219362351334,-0.014888861816526175,0.034082688197712985,-0.2846782385558121
-0.02198297678554744,0.002540964508313096,-0.8040860639278999,0.2616958974333078,-0.04057746251442095,0.032842418010403995,-0.22321363739592767
0.00037445558715606123,0.0022921425648867438,-0.9575282296581665,0.2740123293924871,-0.0360691728982307,0.030730180489406077,-0.2264470170342964
-0.0009519210353992902,0.0014867543422246192,-0.9745063257841394,0.2598757221201003,-0.02992709687194305,0.03079717991865734,-0.21735628726153766
0.0009401927055566191,0.0017272623993937392,-0.8867855383126565,0.09318948035019496,-0.010938922782598844,0.03463486836125072,-0.17278328344318128
0.0033960351228264573,0.002260632053959191,-0.8837339152078804,0.09159272182122082,-0.008934427155716766,0.03227456124892676,-0.15940781901017098
0.00810099920865106,0.0018806108407995595,-0.8716747271921496,0.0931145396072889,-0.0021122901835496657,0.028532355404935993,-0.10893389750105394
0.014672978985848784,0.0024188008887303654,-0.8109947174419853,0.09514358991012524,0.0015014512330386342,0.02521756851314409,-0.02355498372153376
0.01528667913547772,0.0026628242577719716,-0.8152593692633795,0.09524795565859603,0.029159715093584226,0.02577096334412832,0.007504492534970492
0.012667059875159054,0.0022090133864813076,-0.8319620173642059,0.09314885469788602,0.03314036441699827,0.023707537845704858,0.04583966328962074
0.010272325141120867,0.001384888874996118,-0.8354300572060728,0.09466554425922648,0.03466271974107118,0.02442312361004847,0.07581650134286978
0.00966905770189017,0.0007902033115684897,-0.7643547794351541,0.09971643814789381,0.05623153568623312,0.0291339098340432,0.1852925378860272
0.011519932094367174,-0.0002333430812649436,-0.6999847823328377,0.09840601542307811,0.058854449753266584,0.029734482516720482,0.21196991044035798
0.017389556090710037,-0.00436446959503515,-0.6283370758505736,0.07543508540768015,0.05407657212894374,0.04181964250478148,0.24522115796472463
0.02487906646912653,-0.017794269346812504,-0.36091453693166803,0.029877612627690026,0.04318615068884228,0.06465922911671813,0.3669865949052346
0.02307431965130425,-0.018397205994539208,-0.36549083638572594,0.029204953768332768,0.04448598974320338,0.06800178553178331,0.40307040070702216
0.022559036561287202,-0.019290409415580148,-0.3351994557524199,0.028255740532417487,0.04370485517725544,0.07104937246369147,0.4230511929279252
0.014263566145089782,-0.02797860161466861,-0.3043642131698056,0.028726229922565585,0.04651718071761516,0.06977626335497072,0.4865084888537
0.013549709419675052,-0.024164959114560902,-0.28939906165565055,0.03369708685196549,0.049469154028798853,0.06867260258058915,0.5898150856813555
0.013289978167207818,-0.027236281649449752,-0.18880521363583144,0.04489227505663171,0.052959358355505866,0.07346430862306705,0.7358180013139033
0.012689823638926127,-0.025750786491118637,-0.12498419805397525,0.03388249345289821,0.05162302370177674,0.08834948131475816,0.838406267058024
0.012501594040083847,-0.02600650133940132,-0.10208876159371605,0.03126884415476313,0.06102267389992886,0.08897052481156277,0.8873477017732312
0.011978321016197824,-0.024578337745592878,-0.05209175698760751,0.03928503088276865,0.0686815090522862,0.09391208411562507,0.9258070403201559
0.011990935460674132,-0.024748518143425397,-0.05025896581886806,0.041373241407155946,0.06944128926315929,0.09499988017341698,0.9371755686713674
0.011823899520490538,0.060294742259476855,0.02871643899004405,0.043888178384027664,0.08960164819760552,0.08622178532113597,0.9981985810873752
-0.09610799520836556,0.052287105780254535,-0.03318142319017649,-0.017903329533618017,0.08796270781300565,0.06694440560146092,1.3342402758090834
-0.054394227204935086,0.019328528652998767,0.11476577484635396,-0.010661057608156123,0.07644574854712864,-0.003430592448884548,1.1263569316924071
-0.01934289767392683,0.0038376461040412267,0.3065234027932881,0.01255041277290526,0.06442808767320556,-0.033020894740363786,0.8938363436106557
-0.017630932247054334,0.0029677344276132986,0.3149729322893032,0.013754517170090746,0.06217868959334321,-0.03376075569735033,0.8937541927361073
-0.014840927893762745,0.002918024184513389,0.3223590932839611,0.01746181696805617,0.06114938877199216,-0.03726617415658856,0.8896615296135827
-0.009512948102854354,0.002879957557473301,0.37810680095097654,0.023361813831689896,0.05640713176993061,-0.04510958264894546,0.8547829366865219
-0.007229394122713404,0.002604309333162991,0.40910087820524027,0.02430950089160012,0.05531780283295317,-0.04469001616003926,0.8530215930499473
-0.007609042227981767,0.0017273460478183106,0.44996247516919835,0.022251364116147785,0.0448059885776831,-0.03905851541172423,0.855025678316513
0.0024206881262325754,0.0017980395259480561,-2.456331502896734,-0.22370688589094292,-0.07367538493610959,0.015109764983760331,-1.5780749653654946
0.0023568571105662085,0.0018560599155304522,-2.4311424035902602,-0.23169216190705244,-0.06873334463622374,0.023239806450498352,-1.556979945516529
0.0023381229651676036,0.0019061521927670759,-2.4085128316668176,-0.2103057418329081,-0.06833099836350295,0.023877855330092918,-1.5333978756890723
0.0023526844906281014,0.0021044649690156337,-2.3680525677172453,-0.20996252108182717,-0.0652247963444024,0.034095850564966675,-1.5437754713962866
0.0023240592198042953,0.002150502064932636,-2.378321467895848,-0.20895797696832719,-0.06535167262219987,0.033379403717419355,-1.5370215161404872
0.0023285626124906794,0.0021853306221480536,-2.281405927960316,-0.21887476608649195,-0.03966003294134992,0.04486095765976076,-1.5510771239346723
0.0023184763667901784,0.0021350968337648744,-2.256515013236011,-0.2123115888563731,-0.038040271252098995,0.04416360448970475,-1.5577885095080786
0.00226710329678512,0.004271388382355912,-2.1530955339620377,-0.15635514200483278,-0.03140138807648441,0.028537850399137758,-1.465735549507889
0.0024744860058964137,0.003050350599342274,-2.168983180582268,-0.2073414875632403,-0.025757373218398667,0.03008548882367042,-1.3658789109727099
0.00232616083724213,0.002328182050982616,-2.1740444405753436,-0.21766796808805047,-0.024721693920502226,0.016408739921561097,-1.3256624471658303
0.0015355301022817662,0.0019071311435170195,-2.045458904346708,-0.19036161960865328,-0.02239477629980169,0.02494183729590468,-1.1806290779045872
0.0014184938297550393,0.002063716571755674,-2.103200125201795,-0.12820158129390274,-0.025199325877303686,0.04245756414151642,-0.9494503075923071
0.0011957192489918445,0.0004554011941658459,-2.044775168095768,-0.06222539242071553,-0.023056131473057604,0.05586563985118048,-0.7909344020465243
0.0010693417582528816,-0.0008328896226082427,-1.963858790721094,-0.03050297674011724,-0.022763503424600772,0.03310232220474203,-0.7911725755323605
0.0017726347542380764,-0.0026257571277192517,-1.6868498841660453,0.009837390732642606,-0.012450350378672948,0.014008053147363078,-0.7973268741904127
0.002684432714926091,0.00020554483570776514,-1.3863029003057996,0.03698097859224342,-0.014308166327013058,0.023962704834910482,-0.7062874736932332
0.0014503372372258465,-0.0037869330522953253,-1.3141461338592193,0.044260030631949804,-0.016500708209663265,0.03837044861235698,-0.6740173276269086
0.0013026157910915703,-0.00577694238240134,-1.2939479779538936,0.05423029055428395,-0.02257130710236767,0.03372657661737594,-0.5999461835173319
0.0008368089999704458,-0.006617562098214491,-1.1278847031099297,0.03706348757761961,-0.022288897754457526,0.018511198776026878,-0.5028682193157196
0.0013836829360438334,-0.005117249340696102,-0.9733148658560433,0.018942137637223473,-0.025794886494678974,0.017353047298415483,-0.41424771231278945
0.0011991134989189085,-0.004275860417954018,-0.9912960852379102,0.020799988994030155,-0.02468212043996272,0.01867255956011945,-0.4066316626897094
-0.00039247793337932735,-0.0034064985597212533,-1.052865459026125,0.02490333522833009,-0.024678075279916452,0.02209854226440842,-0.4169216282607494
-0.0001786367634820858,-0.004275015569236977,-0.9923931471245317,0.03618432868937117,-0.024693029781359732,0.021067963730837573,-0.3839868093224421
0.002169524500178695,-0.004400260358313561,-0.8669620741899927,0.034571741163825456,-0.02323333232977933,0.023506095295022122,-0.3230349671549239
0.0020404073098998295,-0.004375214284339532,-0.8395972019074823,0.05076781901893933,-0.021297085862588792,0.025895213363791327,-0.30006065848932123
0.0021436709875480016,-0.004333842701827238,-0.8465560840961288,0.05911029473837686,-0.023403381477674075,0.023718434818795178,-0.26830604225842025
0.0027509759280092516,-0.005013039391064131,-0.8319853486537867,0.07280316832793161,-0.0238276940911754,0.025109415802125987,-0.22869053553210342
0.005206488887849387,-0.005238880249132915,-0.7897105309028838,0.07498756554887442,-0.021857457607567365,0.022445126047537532,-0.18689743216025165
0.00948463472231461,0.0026747119131086167,-0.7866192608373351,0.07410290143567555,-0.016849428005088558,0.020912032417776286,-0.1528557267143171
0.012077437194062433,0.002750219216028842,-0.7731032329953599,0.07481205331808827,-0.015298926653884532,0.02209918348751896,-0.14477275636381118
0.014208399026587364,0.002222206646209055,-0.7790165331792043,0.07341875374041393,-0.01088193503215726,0.02278287968124959,-0.09041120421007598
0.01885987618640667,0.0023385477973067092,-0.7590891771925368,0.07564084857934093,-0.00958214438383457,0.022438709635903914,-0.04451380923094865
0.020672913612620098,0.002421095260373626,-0.7155885032888971,0.07327791234048739,-0.009679000154259912,0.02099697696385215,-0.017344404988108294
0.0173488390660619,0.0016415948447119231,-0.6704152393617394,0.08191596500275193,-0.011779048181659766,0.02390235100192159,0.04604809001338982
0.01461745505734458,-0.004920104624916931,-0.5060563443072891,0.07220726668790757,-0.017599375268771308,0.03149993801236447,0.04547101620833417
0.012867603155634596,-0.010038551351332067,-0.36992075357745746,0.0684518645899992,-0.02822478082549163,0.038523925418353276,0.17247421879655891
0.012037676135213898,-0.012225813990034896,-0.36562598905636784,0.06971166309839398,-0.02958262156456512,0.03791960496578414,0.1990587788280733
0.009662251041135895,-0.014581651193664003,-0.37363190116520206,0.06762138734678541,-0.03319043946931738,0.04245433025295408,0.23475925107788054
0.006528230153810651,-0.016611319139944142,-0.3960034145256409,0.06853806882689027,-0.03710315974074683,0.043933824134722424,0.29375542666559656
0.005321762761145741,-0.006343591462662753,-0.6354118889211723,0.08949940382816834,-0.03191843732459584,0.036662560992078284,0.2522647364653375
0.005218710927521915,-0.006527633542356311,-0.6452707966643694,0.08881446228453947,-0.03304127138578006,0.037758310763869825,0.26661650021146216
0.00406257627995933,-0.02600448348139851,-0.3742905685315461,0.06572573629393588,-0.014312800802829189,0.05012085785553861,0.4288722880225006
0.004447780733447688,-0.028000329524162926,-0.37253395439815223,0.06822824955915525,-0.018468875820236784,0.05027619129322931,0.54369350791361
0.0041710186191378975,-0.03047701540326661,-0.32678732531509724,0.07485975884967362,-0.019598159903643768,0.045200920430839404,0.6401292358025824
0.0036226499380841645,-0.02871291049165082,-0.285680496538764,0.0802694249595683,-0.022259777581362925,0.04752590275000115,0.7338356789404861
0.00362693608118499,-0.029545035688525963,-0.26041377815597105,0.0794559260842486,-0.024068640593416513,0.051941563435461593,0.8024630855892639
0.00322038298508424,-0.022420032135163102,-0.18311075874067215,0.08251246193246288,-0.017521577242926332,0.06830237438477062,0.885327272583042
0.003408061057345207,-0.02202826221891112,-0.19913913319098334,0.08432986263717303,-0.018978479763395676,0.06675996672421157,0.8971489320903798
0.003042570007837574,-0.02120635255567293,-0.19510982017393744,0.07049460351267374,-0.016094441807807558,0.0749843363154881,0.972932124586959
0.00291653350573696,0.04455250123140588,-0.09094577027971555,0.07315102428556318,-0.004846106118134385,0.06457988867748884,0.9506968970992016
0.00304366431438259,0.04582204556252744,-0.09177675519729567,0.07663451650073418,-0.004683622302828866,0.06585654117130105,0.957080705768517
0.001545269099550679,0.04661131775468259,-0.054605292824030975,0.07142119935213652,0.07588537958726234,0.07381331575020729,0.9673199578941484
0.001515162210389305,0.04508853322356735,-0.032861687103495685,0.06821081521820926,0.07696712591847922,0.07418612619585592,0.9613529072171626
0.0015448597321558294,0.04738113044062186,-0.02105468725383677,0.06609651909715195,0.07692300879316717,0.07285000263541962,0.9575042876823158
0.0015373129367304834,0.0531034881514487,-0.005911271990481519,0.06402858036875034,0.07906890428108092,0.07103647307964292,0.9663589030413526
0.0006945107248403936,0.04915036725576339,0.02645947441629762,0.06521364241587939,0.07593435233178654,0.05583081966860051,0.9730103839377304
-0.00018311446129065255,0.04597389074149328,-0.1293595735833984,0.06288059101356203,0.07578803705750871,0.04928759025557015,1.0898746151708414
0.0007168347024290433,-0.021358561395096117,1.756782849101143,-0.0636658560636485,0.04657990818701668,0.05830817277603547,0.14077500198029402
-0.001088900106940262,-0.018809705552208365,1.7451495134740007,-0.06521472487984427,0.04899772506702231,0.05335855726417837,0.17916800176690106
-0.002741624316764786,0.00688878276205485,1.7394743391981393,-0.07165475202221236,0.04674814307216654,0.055276010979886304,0.2334550835054999
-0.0029431151219952035,0.0070643743369439545,1.756055963459203,-0.07348972045850528,0.047191171457539496,0.058605329180786,0.2555305137089388
-0.00476430417748179,0.005455012706676391,1.7837069443923692,-0.07379597296831884,0.04656127873664612,0.05969675268441633,0.28705198594476616
-0.005602039345174696,0.00480302779547865,1.7888486028297603,-0.07536666049101615,0.04482367877518493,0.06195509246579083,0.3156135032976342
-0.005720156353858972,0.0047398702113599644,1.7831835823649327,-0.07390266454056109,0.040638593616293746,0.06151167812357943,0.3404421275050155
-0.024676950271298955,0.004131855284571972,1.848382985134124,-0.08999545183361135,0.19027879155176577,0.05172323085773231,0.343126445758886
-0.02362477452900033,0.0024077865339625056,1.9592306341053751,-0.08877957659234385,0.20376227079704434,0.05295829219026984,0.3926816945980439
-0.014664912290151405,-0.0009436102357991539,2.188077452018389,-0.0824201137997336,0.22308328381356596,0.048850332729929204,0.5131482291752517
-0.005182179680001285,-0.0016226553961594685,2.373608047603386,-0.082920327838462,0.23767761750714475,0.042534154938049344,0.6371025314971535
8.216920360921832e-05,0.0022780946531826326,2.452516292506579,-0.0858597141207068,0.21749204750927062,0.04312876589597096,0.7094761660146022
0.00516011877961867,0.0044021919236624536,2.5855285632823435,-0.08729455377723616,0.21451531853935066,0.06346198926019198,0.8072760619702272
0.005295184299406588,0.003973352164906155,2.593584749098171,-0.09134429207804856,0.21290380940190248,0.06266688232865643,0.8486248933720477
0.00523525181076144,0.00388458078204655,2.5883476077500727,-0.09300461466369371,0.211132410872948,0.061957793688745724,0.8581515483461621
0.005050285624983664,0.003813435958849614,2.58591127841147,-0.09819084110084422,0.20777010102752744,0.0604999686712309,0.873544795891794
0.004702789505860904,0.002591580533021438,2.678925945564264,-0.10096429065810639,0.17877893874938852,0.0726863223661636,0.9004709543411692
0.004664309073733632,0.002636015719735987,2.69230572427564,-0.10179159100393802,0.17413942105901534,0.07286775540405374,0.9058806718705451
0.0046714695074917024,0.002720893396144483,2.6985435361411216,-0.10294180112004885,0.1720889936443523,0.07249413389660275,0.907160900472035
0.00484521855664842,0.0026834294647505247,2.712808222592008,-0.10377643688903704,0.16721499682386828,0.07329163693526244,0.9014867336745404
0.0050338462157144374,0.0021696176775168304,2.728990458838252,-0.10443898274665708,0.17233494697801546,0.07235133191865373,0.8914104987270474
0.004884252795363385,0.002245409329254687,2.741313628244536,-0.10648292970244044,0.1710733552458387,0.07098385110900646,0.8972372923762636
0.0051859928311553255,0.0012717128704425721,2.75356293002374,-0.1068390640207158,0.17440570092202776,0.0704456867516205,0.9097569726828275
0.005053696587514034,0.0011121927857071887,2.800877502505367,-0.10717097772654491,0.18584915729380033,0.07226480012704248,0.9512886611656014
0.0035414582671640703,0.001508564285801101,0.5941867135164078,0.0031386086477933678,0.024525883092472788,0.012854051785861366,-1.8890502048306435
0.00355612092082161,0.0012816858241256647,0.6611377625325473,-0.0013208722437889487,0.026863027375740412,0.02383917666471579,-1.7917413784265133
0.003050766677293894,0.0018536096483709177,0.7653040748213773,-0.0063526297135530025,0.014528475068515201,0.030721212064294748,-1.6282913135604902
0.002019194014862806,0.003319097243905072,0.8528920033112766,-0.026526495047273488,-0.0028985335525829685,0.023324537140384224,-1.2457048368864123
0.002573504670046936,0.006375033260702086,0.8165860530610366,-0.025354587859781126,-0.02903787288533809,0.02401895931648509,-1.0969645709241864
0.0026008952622001698,0.007262984127107064,0.7943467249076103,-0.024269822846425433,-0.04054918016430331,0.01898698042694367,-1.0412766919008651
0.0036871758060063424,0.007757328843238204,0.8536663863183338,-0.024848285164914607,-0.037503168292275325,0.017789211542985232,-1.0016400078339205
0.0038367977118701144,0.010552222364313203,0.8833161000773181,-0.02523661313534106,-0.03463766950521459,0.013615124895769576,-0.9324093173988367
0.004280102337908162,0.012235484063279711,0.9618006796523687,-0.027485269637866804,-0.031000864557237266,0.018612482257433477,-0.918788000500881
0.005080889459584966,0.0203736999151741,1.0207739448893454,-0.0326368885895654,-0.01821581108766778,0.02741615686601394,-0.8006113683063854
0.00524650436652973,0.023296505015518977,1.0525565106526602,-0.03207233178640288,-0.009137532731925475,0.03299528340209069,-0.7059189861585121
0.004666154379641546,0.021388908429189408,1.047258446073648,-0.04178820118087654,-0.0027593191932299096,0.040897615213993224,-0.6439983582912577
0.0036305262288080734,0.0204134389598223,1.0768138825025892,-0.050204592682828314,0.1047583048878189,0.03916841493642852,-0.6776357489451761
0.0035447069994246844,0.020229378403024304,1.0732031606495385,-0.051968084227693265,0.10540748704614675,0.038812373068177475,-0.6729665260403228
0.003612635724329393,0.021397326573159393,1.0789171270186844,-0.050296917711146964,0.10939270806801749,0.04020153752057651,-0.6400992647166516
0.0034931119330332393,0.02240898117163984,1.1101902224756557,-0.05517856975009017,0.11304367862036971,0.040673358837167564,-0.6178938312155821
0.003197625476764567,0.022249642066730555,1.156327887663258,-0.05710765986554564,0.12044908657552629,0.042683832428440066,-0.5925235960375331
0.00329600913554699,0.02295598131853826,1.2210829865575779,-0.05605862470297601,0.1416202945426712,0.04257175986248027,-0.4959370411598744
0.0028794901885983845,0.022984203047234957,1.2815842347793343,-0.05371335798601296,0.14569162928837154,0.043003646907496446,-0.4027097548229027
0.0031191585423843192,0.022642621303654877,1.3401591394987455,-0.04876197486200106,0.1611754153472454,0.04450486025553164,-0.3232870047500394
0.003414436018416128,0.023048683984812027,1.425581446682569,-0.05083597717905305,0.15293518681012236,0.05435647245758154,-0.2484921621226391
0.0033198168260221853,0.022169202828576748,1.5211572674870744,-0.054076655800122365,0.13571355351087155,0.05906355709337845,-0.18421099652793596
0.0035757499743802974,0.020131937606806698,1.5288383019924394,-0.04938475967842245,0.15421666767911013,0.05420888157596231,-0.10960024955676172
0.0031869963278806247,0.02081156582600579,1.4995486068457675,-0.04860299796939699,0.16667694459365712,0.05137081870440056,-0.05947614824732332
0.0019048273501407545,0.02068906267691622,1.5163121476030275,-0.049728396136848554,0.16852010788782598,0.05149356313839732,-0.009213421573537129
-0.001111470947172565,0.017391104901116866,1.5609054911036493,-0.05493137943923109,0.18541638793217793,0.05231849211237929,0.08572282576727454
-0.003359585557783068,0.015658889477609916,1.578405917385478,-0.059568716204165297,0.17891849292040743,0.04745323837151267,0.1252066573152717
-0.008330369123829595,0.012465721950165709,1.6007469515351895,-0.06625149981344515,0.16032483126594088,0.04420891804644471,0.18057465863343314
-0.010857024167202847,0.011439512004310589,1.631741250929119,-0.06943629548010581,0.15138320017370543,0.04560160903158213,0.19183668438012502
-0.014937104546975768,0.008004685775703024,1.6859617137999603,-0.07033300123438005,0.14848047330235722,0.0419890143013638,0.22927265362891297
-0.016898069813060846,0.00688531212057677,1.6852597389205726,-0.07332786296381921,0.15448361300492863,0.04068061014893269,0.2718765968941581
-0.020894754618124806,0.0062953337150966505,1.7019639303415923,-0.07816277850598427,0.17137193583900212,0.03806352411161998,0.3156208441192065
-0.021355842295317878,0.00609044917784796,1.715598734333362,-0.07991844124767512,0.18260198238998868,0.03689751326317259,0.34645380615609206
-0.022727820022899355,0.005311793879617494,1.7088959189465962,-0.07714320550363643,0.19922894409404981,0.037215797863060174,0.42074107469042876
-0.027075868745768086,0.002020436102731433,1.7301307635775636,-0.0720393412033208,0.21573465758214252,0.02948474010647235,0.5557452683466363
-0.03566336584771677,0.00010419771950899814,1.755266884129875,-0.07146417656652189,0.23289714132034567,0.021390692275807564,0.6868808474741187
-0.03744661382839066,-0.0006987108952294759,1.7479035835516483,-0.06870972648839331,0.2423027729944066,0.01693510793197855,0.7478869587205305
-0.03836520315639768,-0.0009911053100218295,1.7527211736691932,-0.06722167243602938,0.25276722190896467,0.010893954051763554,0.8263958669735323
-0.03809088732604201,-0.00017996385420792106,1.7621382267728032,-0.06841226267613047,0.23949916022604048,0.009444082691342469,0.8837960835832805
-0.03675199469092181,-3.3939043953582786e-05,1.7536643954712612,-0.07044682651238256,0.2351584304872584,0.00993047381076341,0.8983891724471018
-0.03719615415735509,-6.330414951451426e-05,1.7487840069434544,-0.07275867158589049,0.2328636471728423,0.00949841263240108,0.9174546977065003
-0.03638653627356459,7.818075586150917e-06,1.7435084687089524,-0.07311112233790473,0.2309943675978284,0.009695905261915076,0.9285622713782118
-0.022962166556414053,-1.8520761133699272e-05,1.7345482276530981,-0.0738930731609147,0.2287793729677365,0.010276857956596662,0.9332794424829265
-0.020161070968091964,4.2597940549667066e-05,1.7302647327873768,-0.07306049773468246,0.22592972376125317,0.010621547668409176,0.9399463947802591
-0.021694225510036212,-9.140980974813426e-05,1.73454908341882,-0.07300546470276395,0.22843532972689803,0.010468845639733484,0.937661278203415
-0.02516235273748827,-5.7257449839809795e-05,1.7361338572119653,-0.07138734144277346,0.2316876585689749,0.01024864339133349,0.9348602294241477
-0.03396533274158931,-5.9385199130999425e-05,1.7400042499997157,-0.0700035120830723,0.23290117221285447,0.010332168628357537,0.9346625980608216
-0.03602634014492893,-6.185540808889302e-05,1.7403799774985491,-0.06876119436996243,0.23652059353045982,0.009888741157075,0.9349965705420731
-0.03603672458921201,-0.0001672340118033566,1.7423054336417596,-0.06859701151369975,0.23738479258142828,0.010364838650592382,0.9389420780118567
0.001973496542122725,-0.001651969409105795,-1.036226184528053,0.16033023489604784,-0.03543573376525076,0.04884160784136438,-0.40929444313659613
0.0033143449259145897,-0.004396548474241247,-0.8112662535609857,0.07924364669046544,-0.025941020344144763,-0.004706627800212161,-0.31785273232257444
0.003219616886421942,-0.0035338552218693356,-0.809783811983318,0.07761448251167122,-0.025985644481712915,-0.00720582067590196,-0.30859359072996245
0.0020927637946347153,-0.003438021500441779,-0.8033713379706314,0.0765178647538311,-0.02620206406158261,-0.00951466855987252,-0.30723947677483393
0.002075519684359368,-0.003421363949212827,-0.8192338555603266,0.07729323381260872,-0.02544368408887903,-0.008778593162733772,-0.29501164182805234
0.002182419960609205,-0.0035762263116417017,-0.8101935113023087,0.07525287077773994,-0.0260228801755032,-0.01180094442395518,-0.2868996525787849
0.0021730298408731657,-0.0034613632616107754,-0.8095412923702059,0.07646424990038296,-0.025788051765450758,-0.011617981644645198,-0.2771225888353408
0.0024521817708599374,-0.0033079156624440296,-0.8195402446584048,0.07780633525533233,-0.01727299321229409,-0.013045855969447018,-0.2660246488060759
0.003239705796992532,-0.004064860124333845,-0.8080926312842736,0.07819507926603209,-0.01751562897964526,-0.014160517367445526,-0.22839452855049427
0.004631658617314678,-0.0037554782626526145,-0.8072246553429604,0.0770436555860988,-0.018037595985770063,-0.015605210661705613,-0.20583068665918805
0.010341524323521218,-0.003969534556564422,-0.7596900884303149,0.07656392505933905,-0.0140520117439902,-0.02024541679076823,-0.18097087731375905
0.016030202069640294,-0.003915580174624385,-0.7484859520615622,0.08178052419271438,-0.012340088172398308,-0.021428496370192972,-0.1607249280515325
0.015040539741376199,-0.0032293750515251392,-0.7953947214837503,0.08355204298163856,-0.010176995915530064,-0.02151522182686523,-0.11189763416894796
0.017255754075726323,-0.0038260381079076805,-0.7938311141628597,0.08511820663452012,-0.01064224173671233,-0.02261703517401516,-0.05370501567548205
0.019492571483867027,-0.004465307447218885,-0.7718908166033892,0.08099542340789014,-0.01157989569370756,-0.02331046437905231,-0.021917820288625333
0.01658236152727739,0.0018917930230966777,-0.8002488445369006,0.08561004505981754,-0.012171520988166578,-0.03539851577111726,0.021671436225393127
0.013852776787983283,-0.0005354499993968263,-0.705412175319844,0.08110553065364831,-0.014828288832033819,-0.054609842725954705,0.0719751496524182
0.010628483504239002,-0.0015557190866583121,-0.7089717354790889,0.08704038634152889,-0.024372281138256905,-0.06606156091939751,0.1247831810765709
0.010290233557618201,-0.005838619635247494,-0.6339416106645576,0.07981390491192028,-0.026139800226859324,-0.09240066097052013,0.11468368815758906
0.00821689310383207,-0.0030859260114488893,-0.7183300712673137,0.08617770693592926,-0.03146366843177463,-0.07672300098664389,0.15429929968821118
0.006430872048703852,-0.0032152033285428316,-0.7797658868741602,0.08905726935996527,-0.03475651968963965,-0.08300028060450416,0.15758867083410608
0.0054924838536308165,-0.0032163319722888165,-0.7919799734197152,0.09018845042568469,-0.039341246913541565,-0.08565822462815559,0.17133100987560587
0.004356742652803719,-0.0026628972714459664,-0.8812335187112205,0.09291533877576648,-0.039470621929768225,-0.08129148475770984,0.1617663680970824
0.0020511375972997775,-0.0023391477873169345,-1.0072811688397867,0.09870958189390507,-0.035234872503034455,-0.07692996849900925,0.2093202521903014
0.0013930380575907213,-0.0025317033456536656,-1.079594667209668,0.09884647804132268,-0.03426973714281026,-0.08403396629353169,0.27790961897936234
0.0015024130186495448,-0.003081123586297437,-1.1049076861309917,0.10068305242757533,-0.03333467971418136,-0.09285026467306928,0.37175278824733665
0.0013157902975649031,-0.0038628990623628405,-1.114655854114759,0.09861425889847739,-0.03276626499530546,-0.09911133294968998,0.4257117494116925
0.0014418404938727446,-0.004244350710480646,-1.103530857333151,0.10771966104951673,-0.030368644839858225,-0.10834366477462606,0.5218614965490402
0.0005934704227145984,-0.004889658579824055,-1.2766375796739013,0.1080543143462081,0.007397024191146314,-0.07493900835946939,0.7320747060142363
0.0011308909095864772,-0.004264007055060761,-1.0901870596136365,0.11448241766182926,-0.029663901598952193,-0.09394308513814731,0.7216274361748058
0.0019137380812919687,-0.0035273131507158923,-0.9075427229027057,0.10791625610417009,-0.02329077349665915,-0.10690943129740071,0.8173344396447815
0.00307454001168322,-0.0034340007031348958,-0.8482009295910017,0.11155898463593243,-0.024078275901057784,-0.11471112058868543,0.8150621049807576
0.0037187703456271395,-0.0039030776304601563,-0.7778547504460877,0.10318295444165781,-0.026891914507552264,-0.1355567472761279,0.809572602517163
0.00344849159028206,-0.0037494619506561297,-0.7803501285345908,0.10224565627487765,-0.028297381067607427,-0.13038722489859317,0.8042059221523368
0.003466892593578544,-0.003613797589364139,-0.7733387179945767,0.10103319501562118,-0.028504955964183117,-0.13578741912268558,0.8064343174274683
0.00350080315612255,-0.0034765174422780516,-0.7658939569897759,0.10172910462743166,-0.027227608399954802,-0.13546134557294084,0.8036161691317208
0.00367397886317543,-0.002933412054464683,-0.7633233152925503,0.09974674014223066,-0.027152374826268737,-0.13438929787342999,0.8025203049702915
0.004070468874927945,-0.006642320785532501,-0.4406479096754646,0.0943071870385429,-0.01232993145343043,-0.13971671287925805,0.9096569395366203
0.004709749946425758,-0.007278732182970167,-0.42215798075316135,0.08708810642182596,-0.013133023560988137,-0.16766272118704742,0.9051341772402626
0.0072449950490582615,0.0023153749525768657,2.8648162976126375,0.031489118121988166,-0.025190086702271137,0.1648381850884709,-0.23416112931426175
0.009115016507945774,-0.0063765844181577465,2.937334692583883,0.03589472404435116,-0.018388632463376766,0.17397588455392568,-0.10632470035351826
0.00801438427871245,-0.00779233362703815,2.9197994189721856,0.022295942364341653,-0.01925821974151336,0.15306421429304592,-0.07626031008929646
0.007532251692356207,-0.006533369109856055,2.905832345610494,0.017258921348614967,-0.02113368694391893,0.14546886448034627,-0.03253441297846966
0.006864519373850607,-0.005246479028611529,2.8824629291273185,0.012162784470480827,-0.023166173556858505,0.13900953039293154,-0.0030987968449716803
0.0063226386185303235,-0.0037423712942525823,2.842793992409853,0.009281778311154516,-0.023275483059812595,0.13579594496479755,0.04305497467442845
0.006187205041314128,-0.0036997658214154147,2.824964887253216,0.0048588841740623626,-0.024077116117884854,0.13174225319365646,0.04882635965925753
0.00575054222572222,0.0010615131760982849,2.820423039812569,0.006890871310589772,-0.023349278213615536,0.1332525954003031,0.07339017388388155
0.00530850868931492,0.0006512348468633076,2.7961793503568257,0.004558010152125059,-0.02685697876770433,0.1310590375665055,0.11625677721963233
0.00520926223424678,0.0005004310638383184,2.7905352492671653,0.004495226130182913,-0.027539971049561424,0.12902856133543344,0.1416653065642284
0.005187091815743501,-5.4063832208285195e-06,2.800718546394217,0.0053733556770032085,-0.027149217072018842,0.13056366813568,0.17108958731951435
0.0033954252793095864,-0.0012515166227093611,2.875666260781343,0.01697767647758789,-0.029753889571852068,0.1250068570135973,0.3097420282245427
0.0022534566115374067,-0.0010831944069927095,3.039678019160012,0.02994164522866695,-0.03502030577896847,0.08896479559217908,0.591672270199827
0.0022988937739531583,-0.0034338319902864406,3.1521405033435776,0.04056606088483838,-0.031336227769366065,0.06305226530728379,0.8029406855087137
0.001938506298109631,0.004990450071989342,3.2668540080161996,0.049136748439178174,-0.03314151913009308,0.06396168595478985,0.9193964596676512
0.001953705617052011,0.005021961720671025,3.296568791576867,0.06516207088305218,-0.02031481645189226,0.05807662555431916,0.9932537650372711
0.0018196826015192263,0.005029848969467272,3.2959529065169244,0.07440718734971313,-0.018815372132418573,0.0647539277803483,1.0337285267438217
0.0018237781654410591,0.004675127251691018,3.245299368835612,0.06474810009038315,-0.02183484426782431,0.0589867671264025,1.0436402141159904
0.0018394398699752524,0.004582274938521728,3.2438931902883836,0.06921229319904829,-0.02077463648472137,0.05920027459662869,1.0693548665911095
0.0018449401484347296,0.004790153950721356,3.265682111995699,0.0689033005028431,-0.019799944758991557,0.06508029594078944,1.0804835834627384
0.0018548045954573916,0.004884104097978429,3.28603128127993,0.06456800509104604,-0.018373597637254047,0.06826463018673005,1.0889849456811647
0.0018845963792121709,0.004915126267957369,3.292664190517598,0.06311522916778481,-0.018204086625073,0.06961521750594447,1.090366831944115
-0.015421462232000624,0.004777596043769037,3.289936208573457,0.06976675184858892,-0.020711341872180565,0.07118337211534363,1.1040252371641293
-0.015477357553731391,0.004681654790266011,3.2758512036087146,0.06246168301280032,-0.021220057056096038,0.06939126007961928,1.0982710429180926
-0.015473305725809964,0.004662165019990219,3.276073991337127,0.06221540561631724,-0.021404895739122014,0.06950357174704426,1.097351763363388
-0.015565677480061282,0.004274626876023152,3.2853460915917876,0.0621701074376975,-0.021499369575359126,0.07100816360238991,1.0990438850135795
-0.01556366162683688,0.0042830995494696645,3.287051547555704,0.06165562258181563,-0.02162695439149636,0.06951889053334558,1.1010930779185488
0.0007139974288741429,0.00121027566355877,0.5611453142662708,0.0463606747187261,0.03882918896818985,-0.0344084667734338,-2.3127423554825746
-0.0006349366294679176,0.0011953297015533913,0.613615581717621,0.046789743406349164,0.03681671009426838,-0.022335381789177804,-2.2823370004125945
0.0018153756735060835,0.0011236152521821809,1.1986530466003578,0.06163756876730109,-0.015889898102883784,0.01859144243260566,-1.8989678457919914
0.00244290973750894,0.0007629041411983768,1.318479234929023,0.08555205149972084,-0.011842097947085727,0.04896613594826707,-1.8344896614022694
0.002040709269281301,0.0005199163376434345,1.4694504457301352,0.10059439831890525,0.004445980128600976,0.07466198072002399,-1.70942964235889
0.001215945340926034,0.005278958235255491,1.722913930125078,0.16100036080693594,0.1259439819241713,0.062310917855065845,-1.0645047702594304
0.0019114690573434324,0.010083299838998151,1.8568089330424036,0.15324764791546353,0.22287001410154708,0.07528590063749521,-0.7297497872208556
0.0020282286326010228,0.011230368715894475,1.8226113365968464,0.15232844531468223,0.23955998495771563,0.08161446870079228,-0.6459654704985797
0.004261227569092418,0.010636746101442501,1.9038015662080845,0.16745032949310446,0.2195101061370986,0.08307678190794546,-0.5929007465081662
0.0060135858994332225,0.010301256104544852,2.0424740107365755,0.1563065161928786,0.18867864136726722,0.11016247657974014,-0.5557117275599769
0.006325562376304751,0.012011342254995084,1.9181037209725202,0.17646562435905727,0.17979913353089946,0.09110096505915992,-0.4697067364740326
0.016779354294653215,0.00725274642323436,2.317354353949879,0.15548554615525495,0.10950834877921937,0.13204886200922097,-0.48716172243413597
0.021676362586665998,-0.00757611900081126,2.5053529397792964,0.1796499811290441,0.07377205681539153,0.17429062333623066,-0.2962325466961454
0.022741239458768367,0.0009081844855024638,2.624772490004582,0.1697358907256371,0.05195476013262283,0.18118655686233212,-0.24612325058254042
0.006433121698148434,-0.01091064267387382,1.9345935562553942,0.20207586207161218,0.02878273610102153,0.11284312603704331,-0.14795239651804346
0.0052959172227290624,-0.012766106128877092,1.8346227008032692,0.16462541073066037,0.019554486202720916,0.09973666931657016,-0.16443481722795475
0.005206946500407831,-0.0124794057343534,1.810407115455483,0.1437616369590649,0.017737764306254112,0.09933439457890539,-0.16089431678333702
0.005368308678924433,-0.016629385100073574,1.7365601699979116,0.07227539237178257,0.010519790629698279,0.09510901843552932,-0.20485582561570467
0.004529667597670599,-0.015048465844779056,1.7611214346182282,0.07113901660038234,0.0035158798483932796,0.09712091755929395,-0.19890723966214122
0.004198055771857505,-0.015315953518475981,1.7302560251723769,0.06853826956276127,-0.002570390105160549,0.0939224978279973,-0.16895287476760282
0.004040168990923355,-0.014963035548733022,1.741727384104173,0.06839160917520616,-0.008641267625511855,0.09442941414146491,-0.12950331473468749
0.004232989944499928,-0.014630310835736083,1.731072991831632,0.06527644385662718,-0.010224196905928606,0.09343180586008536,-0.11215980708664826
0.005245963056786829,-0.01623406937124954,1.8120188670784039,0.07722690203133359,-0.014519453224859041,0.1051238282442112,-0.08105173145164284
0.01359205637291853,-0.00645798091874619,2.320061293592341,0.040955000689406204,-0.003745803600861499,0.13070703602142042,-0.14583339826069402
0.011615538936388227,-0.00542477317427877,2.357945221995325,0.03664048186475387,-0.009330757261079119,0.1270965894304112,-0.0977633954226269
0.008647111673389834,-0.007558123308487885,2.3147269493264084,0.04337233606054089,-0.02098913307931771,0.11250567581669738,-0.057257000031803534
0.007361039448597926,-0.007982611987597121,2.3275832694686693,0.03499633656464973,-0.027160528843025892,0.10974834032094712,-0.01597845352850083
0.006490327814170625,-0.006871926057107887,2.3207024817280413,0.03209016930042201,-0.030197595739356316,0.10467146606333964,0.025634254024563367
0.006074630361729767,-0.0051850043846315445,2.3617345575024857,0.02914987789264433,-0.027046290841404145,0.10408223351393694,0.04739916854543341
0.006216160954395568,-0.0044849004285998405,2.37635970702991,0.020972194599165286,-0.02074720507125995,0.10543460914448291,0.07218237075243471
0.006225240632547266,-0.004126159199992031,2.3906335657942006,0.0191284057924387,-0.019787293547015358,0.10527414314144103,0.06463003797629636
0.003582309852995092,-0.0022256514160812675,2.2868188575247594,0.025323891349886704,-0.02375684134866855,0.09789905918142844,0.12707593797663436
0.004277797195713827,-0.002065383027008414,2.373821877072841,0.02210805179210932,-0.016901203370293282,0.10833526142860724,0.14151326446144188
0.004216225480393564,-0.0016729390686876543,2.360400103528755,0.024183482603341293,-0.019297434656245276,0.10697899899925574,0.16871880138241743
0.00416955459103378,-0.0012304713349798148,2.3396641545210146,0.026221474435737233,-0.021938450666963337,0.10753119045043276,0.204510306190623
0.0039537096555478735,0.001010601779687652,2.417494642426527,0.032252514251445076,-0.020254020329978396,0.11723383166852598,0.2907523858509821
0.00460311153436592,0.001614829379602344,2.6116568457896667,0.04287023389511241,-0.009917038949677276,0.1281491263908572,0.5165199752023247
0.005903120589991213,-0.00016103790761329496,2.718072334556618,0.0678482977915357,0.0016902985243515854,0.12382639119941753,0.6890944256070105
0.005442682568555561,0.00018985275133822334,2.7510131875204342,0.0762476683207312,0.007043611003209488,0.12513785647155692,0.7554279775066841
0.005263159059669523,0.00017454572965872574,2.744511556987209,0.07834771255117376,0.005119254761462135,0.12384337974366932,0.8202084854726855
0.005272166539424257,0.0009380008883905639,2.7473588588745272,0.09409199638872495,0.013664000399853363,0.12430146243127915,0.8684910692400389
0.00533326739139605,0.0009678751859282547,2.7118508158064323,0.08860405946195049,0.009591229324644861,0.12739630563033277,0.8721962199866446
0.005061721725487474,0.0010232719229654778,2.72482659072053,0.09526640252219892,0.01491852387030268,0.1246984633701313,0.9041922491349201
0.00505235129769125,0.001914318616749411,2.74674363083817,0.1021443252183287,0.015930183847279813,0.12596891939857305,0.9256844762197952
0.004641964069990404,0.0007335054509605839,2.7911760213720833,0.09574267249252139,0.017890420068328413,0.12069107872885759,0.9428244047030386
0.0025918046056091623,-0.001419226002732811,2.9635534095227736,0.06696831074392952,-0.0037509450185011887,0.07487230604758363,1.0017151937158828
0.0018912663460368788,-0.002468666941985717,3.0546970695453597,0.034800105997558596,-0.008868911441972596,0.051423584516534185,1.0317496883107633
0.0018946790138796698,-0.0030285358207426953,2.992546148679586,-0.04552779109506339,-0.01102108831627749,0.04882366817890542,0.9937390853570552
0.0018868423202846223,-0.0027645141934955473,2.9782130089496386,-0.06603919655388725,-0.010577521194631423,0.04741269312597733,0.9839363358765604
0.0019102059684354342,-0.002604084638662595,2.9767529505305905,-0.06607085006012468,-0.01071297018746629,0.04729166939417359,0.9855007273235036
-0.015267308091850007,-0.0028914657812983027,2.994202666566191,-0.0379565673290096,-0.013935332624754162,0.04789062963244897,1.0113995260720225
0.001979167144184063,0.0026699467847194954,-2.5363402463297513,0.07149264889426622,0.005285301099751883,0.06374923422898125,-1.302790538523781
0.001990045854036721,0.0026838809425425974,-2.5467995917423583,0.06715320785612214,0.005181325636335284,0.0625609096479564,-1.2909870972343538
0.001993742679179271,0.00270370425449149,-2.55350330282753,0.066443395630643,0.005553287969509088,0.062337358539519,-1.2828707474755452
0.002118646497316633,0.0036164663343325257,-2.652817782363237,0.06823286933690749,-0.016809334850081282,0.0689639746012492,-1.2565997710136754
0.0018424963159618351,0.003241028455054594,-2.6003540488177004,0.056859578464180834,-0.00013996559095484537,0.05241321304674452,-1.2624075425884689
0.0018827752251764692,0.00348998007109643,-2.607866822095741,0.056324337237610135,0.0005628842168630121,0.047710545722012214,-1.2402040058310226
0.002116937675351607,0.0038478118142486755,-2.6262286031833266,0.059226406818674075,-0.004530674546768794,0.06356204631294707,-1.1020437657609763
0.0024696431166457903,0.004294514910155058,-2.6926493426899887,0.05635664061850955,-0.0028649111910349027,0.07898990483106559,-1.0320391482973863
0.0024933678509368776,0.004497560968631582,-2.7479892857691426,0.04702897743092286,-0.004635479153426799,0.07947547955867774,-0.9688503384644047
0.0033607876046000116,0.004573017209986539,-2.901578000232475,0.035372313507580945,-0.007396383123845766,0.0756659319032154,-0.7762451633226681
0.008290617711640974,0.005887792103897702,-2.9862126841294225,0.029106381172476898,-0.017735759831165356,0.08068479576476591,-0.6498302251571834
0.009923824299580334,0.006480881027713941,-3.020146415977973,0.023596415079060993,-0.025202042248383447,0.07753386594461106,-0.5806601488929297
0.010538574219638018,0.005351711411696875,-3.049758210808109,0.018843392351428075,-0.024738503865901977,0.050991760073454864,-0.531966104553906
0.010871624022574092,0.005664916182421299,-3.0638855516288483,0.008384879231891787,-0.03044167193319359,0.04925012632928595,-0.46136139335768456
0.011479615635088737,0.006649393635009561,-3.058188680455431,0.008039977091831942,-0.029833375866660915,0.05119682640492876,-0.41486936493228715
0.012086739251972026,0.008726731105722805,-3.191169973783356,0.011034468437151765,-0.033931114610127364,0.0487307326160423,-0.31014300639597797
0.012262421900260577,0.0072956179424644415,-3.1415087465331304,0.004507794398022539,-0.03510657524232818,0.03884873685025114,-0.28326646824593
0.012098321246167141,0.0050291651640312195,-3.1002745398581566,0.007645195307303311,-0.03762438089148773,0.030750155596916306,-0.3003646239285708
0.011653977925964142,0.00489112490686391,-2.935715874743197,0.009053927043454705,-0.03243290526916221,0.024628022698946823,-0.346508732599305
0.01156099126457874,0.0034453724174552855,-3.152710801494169,-0.021566933695596383,-0.04243368206150134,0.024074562846948585,-0.33183561961153885
0.011596745663168043,0.0028756413741411967,-2.9460714418298335,-0.01885131528583863,-0.03892409527658721,0.019484051523555215,-0.34097690268216285
0.011634945563794491,0.000966147242311886,-3.175925880581829,-0.030702912765536758,-0.050369808206140204,0.02048430663531659,-0.31549001080939676
0.011394312579323853,0.0005743851748300672,-3.211132212444234,-0.04721103430797241,-0.053962071748462404,0.018076332324355838,-0.33453107472539306
0.011422516212038176,0.0018542904223892928,-2.790651058202503,-0.005771059052154285,-0.04679961702950794,0.0030442859851916642,-0.16492872882757145
0.008622631315479537,-0.00020315246989428433,-3.1027988757706373,0.0009645068414740077,-0.061382455098580126,0.012681344858645159,-0.1379079711344523
0.007870454570506717,-0.0003146648042247564,-3.087429900441819,0.008872798241068796,-0.06191201453192763,0.01200132421727973,-0.11516840001830575
0.008461133610932463,0.0005989080764804404,-2.8843324581575747,-0.00047535074674180677,-0.04874227748692151,0.0034188147493982735,-0.09024891013693838
0.00916055086017404,0.0015612480083715267,-2.832998483472907,0.0019352147441105928,-0.046276036353385765,0.0005469141422752787,-0.0739194712977303
0.00959356617422498,0.0008838409838898622,-3.3072868974026366,0.02323705948908187,-0.06479808249156489,0.03799574220082126,-0.02630826673142387
0.009659926301988815,0.0011929144943928474,-3.3554362258004975,0.024009266303969892,-0.06805666794213866,0.038786505598134194,0.0077483125737837924
0.009598344037783032,0.0017251826512011757,-3.3646415540837085,0.025626231199865804,-0.0701155011855846,0.03655421134855551,0.029483189506276215
0.008533128022636987,0.0012660109053885258,-3.3812508194775166,0.004255439471953667,-0.05296967420634027,0.01756404465854844,0.050333627276770064
0.007072590277190864,0.0004769760609065541,-3.3931701182531606,0.003970258970867037,-0.041513996907152906,0.007691848592846191,0.05937124291296029
0.005500281581929109,-0.00043651986763847806,-3.4533011726611087,0.004752023216294364,-0.04982661016541618,-0.00013757485545445712,0.10473343009081525
0.005239128919428245,-0.0005872243272138372,-3.476401110438253,0.005102335929678844,-0.0440406949923138,-0.00015092347512316219,0.10199252236980753
0.0046524600221974815,-0.0009925387766669225,-3.4994188560878934,0.005610086540333341,-0.04015326392024065,-0.0012778568727223796,0.10569394166199435
0.003803112797935254,-0.0013442495901943247,-3.5232562822811753,0.007562413998887465,-0.039864515199533275,0.0022498541199142243,0.1298136690952428
0.003515609212454762,-0.001349657686501211,-3.53957375506529,0.00703883288658488,-0.04383212044626425,-0.0008918783984359583,0.15532716743239475
0.0030553892544243773,-0.0014738064957069566,-3.4990332873009966,0.03342931512451397,-0.017520719530370238,0.025662483266683342,0.18833234161536516
0.0023457126969554745,-0.0011311793478210605,-3.032008580550161,0.013491755253059304,-0.023252285413978738,-0.003921694221236344,0.3633064846568508
0.002067637403230095,-0.0006698653818679623,-3.015802247343492,0.015006469731332024,-0.024535406825878067,-0.009741561645731327,0.4507296469773402
0.0019840493647627494,-0.0011678602675951016,-3.0041116758473345,0.009635225223156036,-0.019290276448709735,-0.01378299820176801,0.5188369246295026
0.00181471884447043,-0.0018316406114410725,-3.026909715483917,0.005106938867653981,-0.021212801612682398,-0.015917657006215554,0.5412126452384164
0.0017997685504932612,-0.002193066159335875,-3.0392044757327135,0.0020412263288042865,-0.010240078183257917,-0.020348563690145694,0.5799886533904522
0.001805011023948165,-0.0020695140554627314,-3.047002328999306,0.001472770078879122,-0.012881234948414179,-0.02132932548530742,0.6155813869598155
0.0018249789726691047,-0.0008682727307140882,-3.043858111602143,0.0024015915244344995,-0.016370400271437973,-0.02070136193572918,0.6565582249511177
0.0018419119979105544,-0.0007063955081821644,-3.048884653152726,0.00417910488222386,-0.013787577130060099,-0.019126966319663204,0.6816657466529414
0.0018456312583156574,-0.0017229825862656513,-2.9683852068051424,-0.003283878228398452,-0.02293541303374359,-0.01677057141730471,0.7177190758992927
0.0018117982852739493,3.0947797561736896e-05,-2.540188163928042,0.002973448327799912,-0.009791386272298818,-0.004432444666528993,0.9939614567607455
0.001713875782388411,0.0017405304106512028,-2.2197850466767943,0.0010820715234931533,-0.007660589425871268,0.0007237195479595543,1.0373561628759405
0.001715776506324349,0.00046560951056895915,-2.149882717968005,-0.00675181986133072,-0.00651550507129545,0.004201383153735312,1.0387123313978233
0.0018478231443732835,-0.0034064075993278826,-2.526141958499486,0.0001971062531144297,-0.009584115202585237,0.00029893292546807925,0.9712658475286198
0.0018357439746519988,-0.003627493522568825,-2.4688070418318,-0.00039183803092906794,-0.009358871743656343,0.00048119208609804874,0.9338549514418276
0.0018921258295428196,-0.0038167865636751343,-2.4439830544635592,-0.007437911487210964,-0.010583101213555619,-0.0019015023270013978,0.9192731337129587
-0.021553428342815647,-0.0024659132845638544,-2.3271743549752855,-0.018618453509608134,-0.010129696788113467,0.00039672012113270406,1.0110072665690288
-0.00037653261478826555,0.0010634700499796514,0.7112207664095737,0.051912175473338755,-0.02566528588855694,0.3914123159356168,-1.9544223120473787
-0.00016455439318658436,0.001140989128788163,0.738557428833784,0.05067499251388032,-0.025954255907085326,0.39710605714729247,-1.954404248952441
-0.011388629510030395,0.0012302782685824714,0.824621083014437,0.06057231586321169,-0.02375712231108284,0.4117472292373908,-1.9651450991541557
-0.011046603968588564,0.0011767116952131535,0.8502874447799483,0.06403975056797073,-0.02439506833320635,0.40530105872378075,-1.9626653647707384
-0.006387850500794906,0.0009163384794961818,0.9402433489443813,0.05777469724233453,-0.020978025853663096,0.34627648050650806,-1.8908204370257333
-0.006986455743078233,0.0008430483183257108,0.9559982392234311,0.05915760221770212,-0.02138758473300635,0.34701723969069825,-1.8942094799534042
-0.006392146268556721,0.001162975578912455,1.1001239692932419,0.062256032791122504,-0.02312800360198266,0.31849745320342127,-1.8730659524445934
-0.011144499358229433,0.0015505680727162401,1.2043805975887667,0.061269423312800435,-0.0206159659999254,0.23544208656131935,-1.8322228683797857
-0.010477347029239472,0.0016314518823846535,1.2095183763751514,0.06559153679107012,-0.021935419048212362,0.20768802597571648,-1.8170368802915822
-0.0157648828552335,0.001878709028618781,1.25715188684635,0.0695369507552177,-0.023728252676924765,0.1768811913828213,-1.7354093281198042
-0.01732127973165562,0.001937852318966636,1.312069841360163,0.08323930194250237,-0.02564898285886856,0.16607470320831677,-1.6271158213060388
-0.016416267561645416,0.002354411038867323,1.314790974628828,0.0986025082230256,-0.029245442267440833,0.15029521511297267,-1.5139807729901327
-0.010479996943997176,0.005670209426747149,1.3220290634977976,0.10857548610075485,-0.02126318058237246,0.04969666477705848,-1.1873099976117172
-0.010504011468496601,0.010540047948007412,1.3067291063232411,0.07887220201083847,-0.02039367616150876,0.044979688331030665,-1.004527385194616
-0.01345612659995098,0.011093677233322378,1.2747796299527543,0.0801706065716366,-0.026694053693285192,0.03706986527911605,-0.9721841598153763
-0.01513294944517429,0.012127012487415201,1.333430839232841,0.08266788907739181,-0.024682224064173534,0.035519188165911604,-0.8566186916254485
-0.015914039524318413,0.01429711204699605,1.3342206688680034,0.0776066587091226,-0.02794139266681393,0.017192426427584038,-0.7804591157797109
-0.019404065480651635,0.021198551292357242,1.4509958641578293,0.0842123560948089,-0.021242735931354385,0.027719550552613704,-0.6635276060642907
-0.02111872012307484,0.036935603401087425,1.5436644581249332,0.08348464838842598,-0.02940959891738829,0.022626795954653608,-0.49481454824948923
-0.021322797210232104,0.038845801664877444,1.545255227043611,0.07459766236559931,-0.04089982925414985,0.020427546171410318,-0.4230904912223986
-0.021676294157667024,0.023917581552431063,1.6404857682625968,0.056207397396953296,-0.039895145651583655,0.038402537960125764,-0.3160452520236275
-0.021619689525733933,0.019728539831005584,1.6376417765134035,0.05489263226333871,-0.040754006920481034,0.039430790673597164,-0.30674174547968663
-0.021292842932561507,0.019360665231832833,1.6063311167031398,0.05698935697856448,-0.03762581972521288,0.03772196387071342,-0.2956480057510307
-0.020920571040176257,0.019380388129255837,1.6362623436491919,0.05565824737891769,-0.040579497884426025,0.03783476318158687,-0.2840426563165213
-0.021055773122981465,0.019648778402913746,1.6287130620841206,0.05223612709587381,-0.040826195566612156,0.03730253230519546,-0.2773140328511929
-0.020432303163382244,0.019263932513588666,1.6258934698076979,0.051337542940917226,-0.04197813611485398,0.037498538043131295,-0.265644831151157
-0.02008290274572902,0.01720117059751249,1.627740375273481,0.047233971168507805,-0.0465471322064396,0.035590964997635324,-0.23175575265698153
-0.01881661519954005,0.017104796598075525,1.6501444612471232,0.043851012023687276,-0.05187045056561674,0.04069678864953608,-0.16734617458089607
-0.019220563621925518,0.01465918871231381,1.669048921297375,0.04354842347822253,-0.0575731507828394,0.04204542855652685,-0.15555557103867523
-0.021370507616724647,0.015063408493464823,1.6742366506640072,0.0406997936840758,-0.0561929695843078,0.0449498659056794,-0.12069380118014146
-0.026118688397955142,0.0162658348209562,1.691568861606208,0.042437817409959624,-0.061641671841209965,0.04610801844440116,-0.09665865518313142
-0.029316549464122744,0.01632084350046635,1.6515596492846139,0.04243080174351915,-0.061933787840334924,0.03792568358357818,-0.03411764783906
-0.02907724943913067,0.016927941603203805,1.6112261088640945,0.04284030243405002,-0.07360230910961471,0.03395102945617153,0.014326141890980717
-0.01191041547812888,0.014561729195952479,1.7271046522645386,0.04184373174089892,0.030483923699038695,0.038937663067395635,0.03604794315304103
-0.0021031523201536237,0.012724678177999603,1.6878121191949909,0.0175142558603797,0.04645040444409447,0.03237404684720949,0.14546676714135856
-0.003605206912736501,0.010549996225010664,1.6912621565260688,0.01560827625054676,0.05038289481085052,0.022857065139010174,0.17874315872550825
-0.004937236501964869,0.008813033163386873,1.6610431053140187,0.014280335139852657,0.049717703772085925,0.016940698758054373,0.22053186687790197
-0.005288931941675393,0.00896030364662547,1.6561233957090065,0.014612095607277024,0.049478586011010434,0.014454428916061825,0.23242913810393115
-0.0069688097399251215,0.007055264886346836,1.6697935113951892,0.014518132878329227,0.04676011011196819,0.012277840463065504,0.26580983474294667
-0.00776286583258485,0.005527178846625425,1.6579904722306984,0.013722692430082565,0.04361790241046603,0.008554459427657892,0.29770774580187026
-0.008077868659571944,0.005496045907793649,1.649020627535601,0.015017985100593514,0.039007551659827576,0.008163644779690393,0.3243126658255746
-0.00880881130106129,-0.008981712548960618,1.626700655599958,0.011963434298868935,0.041030710371273746,0.007529436361763473,0.3496327981456571
-0.010161798332559131,-0.005906107788475371,1.6173404564351093,0.007752711016199476,0.042937281934217114,0.005491274037375408,0.41046726528850636
-0.012303418963998633,-0.00041247653132204436,1.6408800568840967,0.006596922955474904,0.046571515970628884,-0.005983004624524005,0.5435988420257908
-0.014206780257465008,0.000866454088932706,1.6796732429082062,0.0070789720197622225,0.06026953970815691,-0.013558122536854605,0.6684665884829153
-0.012183654832133637,0.0017166886608018103,1.7057060286859878,0.007297434432504284,0.06637884354651996,-0.01380976775917861,0.7309002848605946
-0.009287575940091794,0.0016707014190582266,1.8226051645182912,0.004338503526850109,0.06588548950605383,-0.014751552681418787,0.7947754481767554
-0.008368077667049301,0.001910802884115136,1.866666568333755,0.009156353166573802,0.07210339715467604,-0.008166151075037159,0.8419363217819444
-0.008956970990004651,0.0016992533952168755,1.851244055804158,0.008576095190998646,0.0757666574711926,-0.010923243076204457,0.869826155411025
-0.006266276610785485,0.0021198044112720727,1.9364932266418884,0.0033643726402621367,0.0674048849350897,-0.0036793553289026265,0.8721068981984519
8.852320319307255e-05,0.001041663157411557,2.0898635681351316,-0.0024275513765437537,0.03314510345162648,0.013775301974727221,0.8586142096829087
0.001148164659022091,0.0014498131997121363,2.1305895849702834,-0.0027050820682669834,0.02509731881459224,0.02010733666631924,0.8608829524403581
0.0012361005077374276,0.0015627502101323014,2.144052812543811,-0.0029686724914287184,0.02552150492166843,0.02000496502352632,0.8529946005492822
0.001962178341686874,0.0017785638769521339,2.1600158294737524,-0.0030856268776132444,0.015958904200570605,0.02427295846708069,0.8464513419308204
0.00409084032727373,0.001725838157214989,2.205895508790768,-0.007459669647404748,-0.003998836958138149,0.02739692102455747,0.8452522081680239
0.005313585175949599,0.0019137498353130795,2.2454250492698997,-0.009008425215515458,-0.01753568906142004,0.026712263633551597,0.8406145247059897
0.00642295192360173,0.0015663803253037755,2.2946194043827757,-0.01190410488724967,-0.03030178160301473,0.0364896548018058,0.8627973105684724
0.006434845959403268,0.0015910290946397545,2.319212527973709,-0.01018015487078489,-0.03752847207810967,0.041063577635702286,0.8860282555195681
0.03130704862250557,0.014959204004067058,2.538293732489972,-0.06321618474831722,0.20373770478082598,-0.01288187452018521,-0.5600975905413145
0.031272492064004405,0.005842569769499685,2.621370561121976,-0.058632538573898024,0.22630802224993946,-0.02077059339060966,-0.42389360404022003
0.031121343529089317,0.0045859452705669535,2.6117339364976564,-0.0626285865472673,0.22162619559707425,-0.022374115766471872,-0.4172397749148906
0.030814164029914982,0.004582124265532521,2.6105764815714716,-0.060897586359316136,0.2240648925492716,-0.023330019300583683,-0.4163581523519022
0.028369101569897293,0.0047623158132564045,2.6093904453511367,-0.06235740651623533,0.22206782257127827,-0.02245371897034689,-0.3968620332350312
0.02828686481268834,0.005566827084646302,2.626051403829264,-0.06019794014982654,0.22780196555876414,-0.01855844482765475,-0.37382897315272984
0.025444387355930156,0.0068143786602671026,2.659491563802726,-0.05806359028292154,0.23887352193484404,-0.017559675046950145,-0.35424067164315637
0.0262789911314483,0.0071296920551237215,2.7150853756683384,-0.028038559104422767,0.25909064391004905,-0.008823790947019428,-0.28463686098401964
0.0246828345454556,0.006709400664112182,2.753694018946341,-0.017487709799541045,0.26338747407446367,-0.0033052656916616675,-0.21791764347360185
0.024536045969659713,0.006842168318284033,2.7563430103823325,-0.015329218941499858,0.2709294497213663,-0.00032060636252976833,-0.210210742676035
0.02528932538679398,0.006292891973792664,2.7775169345307447,-0.00904449701049845,0.28709516046746525,-0.002001122871713618,-0.17238019872782523
0.026048196173983962,0.006493689241548548,2.7630408515521303,-0.006608194854327751,0.2867089897411694,-0.0008270834730031302,-0.15568845776573864
0.024349320889588022,0.0041170013548379744,2.793031071071551,-0.009746948991264234,0.2738908347829188,0.002534133905224479,-0.058103939477742596
0.020655321813573664,0.004972090142602976,2.808870308007458,-0.021186469570726892,0.25265675041697094,0.0009016315575227774,0.023400477389416995
0.020615590833418414,0.005365122926311383,2.838853026468745,-0.02596236674961134,0.23729466858014903,0.0017636071791308457,0.0754987559818178
0.0210754330507067,0.004463717768095235,2.834625754298184,-0.02723622090023577,0.23288210979556,0.006161773861789505,0.13097864231995313
0.019764137180609286,0.003463412129266576,2.8236354922351103,-0.028265412849867798,0.2317929099669242,0.009694080420707832,0.17164177182786536
0.018105924721618177,0.0023793166289170606,2.7990402327700177,-0.03260617537863358,0.2269128449710876,0.013445762925724204,0.21409157994654177
0.017562005147391327,0.002238091922871508,2.798554316820282,-0.03455342537566211,0.22690293440148562,0.01343000730530299,0.22649408865995518
0.016586200036147823,0.0016286166550290937,2.786339580936079,-0.035758427481974595,0.22528116904903564,0.015075096507454035,0.24086133461254428
0.015497045579723477,0.0009924474563398444,2.771542544957183,-0.03852920216056205,0.22297718869218786,0.014007303420487158,0.270474376478848
0.015252520140198986,0.00010246712315553383,2.75504182394457,-0.038546071032280964,0.22432372256662264,0.012797519908592708,0.2974281279530774
0.015121344052019786,-5.844882716625202e-05,2.7494968587579036,-0.03834691378796222,0.22533321729394182,0.009872781842495609,0.3171635518604927
0.011581761373883663,-0.001083459107300031,2.755203439570733,-0.03666136248136542,0.23987132026053562,0.002844992581807705,0.3993499677681531
0.005397072535204345,-0.001186732886693776,2.809195559813786,-0.04855882222240975,0.24559215160193681,-0.004888134022969672,0.5655896459586973
0.005611176219039473,-0.0021216031307225605,2.8114087888993375,-0.05811464650781654,0.23229474305075845,-0.010966152408545277,0.6809338263894351
0.005109179794857451,-0.002645985987433062,2.856467326325556,-0.06287240169989666,0.22490947739931458,-0.004669503166915655,0.7604310190601958
0.003803003191288816,-0.004058605296240037,3.057972205842132,-0.09442649175079722,0.16754593494195533,0.012478699775350103,0.8961391370180236
0.004042864584689476,-0.004840505885919845,3.18325868915449,-0.07615033841355986,0.13326373573443426,0.013755250983789932,0.9721542154449676
0.003706002878161574,-0.004765154807380666,3.099678219780383,-0.043826306397861725,0.17251276223629258,0.011897745425929366,0.9581542751977682
0.004061496849911464,-0.004819808033701947,3.235562005244233,-0.02502710265269732,0.13735017803704827,0.018149107101629636,1.040430207147922
0.004100178374809171,-0.004820588470353617,3.2541897019024866,-0.019617288979823767,0.13766804918257877,0.01936769823298707,1.0619076523785107
0.0041201391095342255,-0.004811587655694986,3.2573699983202045,-0.018413614743685795,0.13767885968998364,0.01927056463126786,1.0678473958593404
0.004180004995844882,-0.004919098108854754,3.2602631758443223,-0.020268685775928545,0.13468962137141136,0.020085357731408515,1.0689179039332246
0.004167225422074559,-0.0049450720732137085,3.2600197587843978,-0.022219837957076813,0.1346420830525051,0.01995110696509208,1.0707949559302632
0.00419904595140508,-0.004881385873954941,3.2615839084073874,-0.02372134337873648,0.13504129799237366,0.01991119066258685,1.0697880287683326
0.004168555341646757,-0.004922183980213933,3.2622107775304867,-0.0249772964346269,0.13510186828819648,0.019848287845067,1.070490733938839
0.00419757752863901,-0.00483030266284892,3.2615545431784625,-0.026004147028162297,0.13531140196377217,0.019455426256962255,1.0724303160207596
0.004180786767803384,-0.004793355444089514,3.260300091108303,-0.02780887875050793,0.13580187421931175,0.01908080848394124,1.075654926700313
0.0021342723651687134,0.006438508327951348,-2.0482246518732157,0.10768511461868026,-0.0023718835574801003,0.15939097785323655,-1.3572657746753385
0.0022474563755477315,0.007316640412389775,-1.9398256895111843,0.11599731933839154,0.005440953904132278,0.19667273422041917,-1.3315967611340054
0.00250455517696334,0.007311791745278806,-2.048554935156229,0.11816225833976622,-0.017382511990100713,0.22042312405840656,-1.2946488132399945
0.0024722335541367225,0.007612683203383788,-2.002180351240501,0.1213042146454914,-0.015829011494093454,0.22965131459208318,-1.2944562686026628
0.002477243252737593,0.007612230832803068,-2.0035676677950676,0.12050621804702916,-0.015195703144807081,0.22974878972268767,-1.2797839923248526
0.002402725377031479,0.007660221125498,-2.035240132605043,0.11489933871532375,-0.016985373657672127,0.222032572183158,-1.2720451571530396
0.00213807596527307,0.007685725673863578,-2.0040922191829824,0.1176490440255907,-0.016583989627524665,0.2270934515085036,-1.2612528659751538
0.0021250093144306007,0.007888320376152183,-1.9784819621621974,0.11726284192117324,-0.013677230787001365,0.238421362782995,-1.253968373154665
0.0021679849226302673,0.007573184152018172,-1.8642596029785232,0.12631647478579466,-0.010865559893909976,0.25389759339115936,-1.2784917245617926
0.0021679067990857063,0.007507222744250788,-1.9633103286109526,0.11971051558206387,-0.01465748687262098,0.2700356058086057,-1.208410642038198
0.002154728857695727,0.006742945116379775,-1.8478125156884566,0.11469776668757185,0.0020282584152774793,0.24365080601297787,-1.131242486712225
0.0013734530279644048,0.0009091153023998468,-1.6145928188778194,0.10743526666141388,0.014596838030272955,0.1937306338255034,-0.9946704950292786
0.0016132578128831617,0.002128833503764057,-1.8880446726216018,0.12038081865351026,0.017081754283283304,0.20544841444715597,-0.8221223737792618
0.0031873155112374643,0.0036883449470887556,-1.700959094496636,0.12066775322785418,0.043856025853692124,0.18437216919591057,-0.6618107177748408
0.030201419423526173,0.013860064523083854,-1.1484835144221035,0.03898075576386553,0.15416482253638036,0.12173657389606364,-0.6703336422185695
0.033788152781623955,0.009549337236211375,-1.1048183911285707,0.04488120653531535,0.1620029585107582,0.11478460960069471,-0.6500495422927871
0.036379207289680124,0.008156504460577925,-1.1497077100913122,0.04642576111144669,0.17139628159508605,0.1078943566135158,-0.599974472266255
0.03931108873717297,0.005159242499931126,-1.06799916245869,0.06332330628228626,0.18521368530134605,0.12521075923982308,-0.5467872073520835
0.036405951175483287,-0.0008091466303798022,-1.1576497130497858,0.06852264067397343,0.20429634337753996,0.12532607271306445,-0.45512733177268905
0.042983842795550925,0.005405056942273194,-1.0551948240393503,0.02832885410875396,0.19884350380429242,0.11603035572223158,-0.41622979752620787
0.053942044827632755,-0.0025410287286538207,-0.9190418435517415,0.0188332138868782,0.13411171048011614,0.07433987379097767,-0.3402616175883324
0.05982046242857105,-0.002668311457489345,-0.8852788549119335,0.011778061756875033,0.10943850117847037,0.05948763063631032,-0.33238981438934234
0.04639724475615518,-0.0038797685580660114,-0.8578045543144424,0.012137971668709191,0.10268378126927469,0.04991331905041172,-0.32881760537566157
0.017320793282541064,0.007042336923503307,-1.0288862256198434,0.023976942839728056,0.18702599748604345,0.08878452630354569,-0.3544758741175472
0.029495031863269894,-0.0036738932251034434,-0.867018192202932,0.021043065481279894,0.09925462112765743,0.04767575079881233,-0.3074739926330147
-0.13755400769286788,0.007653614176186044,-0.9919423372241712,-0.016275963537884342,0.15344611474687417,0.09214942012250074,-0.3938940588234895
-0.18260905674979885,0.002847374305738282,-0.9854923220169224,-0.035233867988078156,0.12121222880875644,0.0916393675578406,-0.3602804094624592
0.03603265259535086,-0.0036034695278391727,-0.8395551379796735,0.009143553639335044,0.03763074772766016,0.029696562770634056,-0.22977026970980557
0.02122514376979532,-0.0013632004627875099,-0.9573019560158179,0.04612126700608396,0.1397120121958169,0.06222882392189781,-0.22887763331108205
0.029535398741115156,-0.002971156310853882,-0.9362578722503195,0.03992405824664069,0.09268027916603525,0.0467924885815771,-0.2205132095537438
0.04222288167895941,-0.004127862208397113,-0.905328237246256,0.02444945252093921,-0.0005894800437918244,0.029519616886002995,-0.2254523201213294
0.0508026624710479,-0.00447048135037018,-0.9306210908764779,0.020812216975376125,-0.031943472926523074,0.035083518249139994,-0.21969114638932258
0.055585442400128325,-0.005541649004879652,-0.9241298813097507,0.019975401251187203,-0.04456692655719454,0.031879174092798154,-0.16945224057868571
0.06796578985940709,-0.006066834765537074,-0.8490197406397471,0.02171881701523538,-0.06076509082929104,0.028768469104939996,-0.11133431418679154
0.06324999106802366,-0.005226482081375379,-0.835174341100743,0.03315707673064956,-0.06706114588191428,0.028078974875960328,-0.0631721434831342
0.05799955897302271,-0.0026377424585218843,-0.7333225134590812,0.033486903236146656,-0.07493261728043821,0.030504599919073616,0.004107404888428674
0.043380816299178865,-0.0006231123670723323,-0.7113170365327469,0.05211837207724507,-0.04820912252849401,0.029776173499895954,0.11594089540051125
0.04667607473060225,0.021797477695363707,-0.36723808178690326,-0.005833399358533941,-0.032745101983176976,0.046759154634849594,0.17079570969225555
0.026550455902629628,0.009320453400460019,-0.5981820780398784,0.02586749256553911,-0.04153548223742843,0.03935949378513523,0.15116208645160817
0.019601632623637236,0.02708706143131321,-0.33841318343228793,0.00803272284124039,-0.019343098384165897,0.043154913014762035,0.3205652477324188
0.0169180987419209,0.03177007031142278,-0.3026836024941344,0.0004017343793132998,-0.01769261533849987,0.04822702572467188,0.37094169698538687
0.016380751405685314,0.032499755894562436,-0.2616548300659889,-0.011023361918072383,-0.012340357113065996,0.052895674093262214,0.40852605315180296
0.009857972486259496,-0.015895317510243243,-0.26838509352362355,-0.006937038829689012,-0.0009281191700179266,0.05914952624078575,0.4568576234042964
-0.10689836555844476,-0.014368789175726508,-0.32101085010262004,-0.028895794358826884,-0.004159985772959006,0.0686196905691808,0.743961604313004
-0.0906829681767991,-0.007661629875476266,-0.2333306913324613,-0.028799912376604102,-0.005199036228823092,0.07728795504105175,0.9019890077835073
-0.08726708259399665,-0.008159135954475157,-0.15026397184312282,-0.01921274636818288,-0.0049018047761435314,0.09268182087223933,1.0160777116531707
-0.0863588452009193,-0.009016990632242105,-0.09492698043975602,-0.07843256818443109,-0.011464117263544064,0.09462941088031962,1.0749158848705045
-0.08368252220938256,-0.008181403899089439,-0.07524489867614123,-0.08469368449118875,-0.016880132086711196,0.09648540247785588,1.0864728149608323
-0.07910912477419467,-0.007900856264962263,-0.05172198731170263,-0.0900186473497414,-0.01867943454836302,0.09737803862423325,1.0747508844098577
-0.07725802705312092,-0.008757537475084991,-0.05848825140290004,-0.1235945592963555,-0.018659066453215918,0.09340113241394143,1.0701882507118197
-0.07764485287010388,-0.011166055313552187,-0.12350030924347481,-0.21078334476436883,-0.017867087774973645,0.07064496283882163,1.023780027513076
-0.09213180268322359,-0.021563661354453523,-0.3657183468270038,-0.2773094456679354,-0.03347923206463215,0.045618007842262866,1.0078814665094482
-0.08550072211115968,-0.004703091378167004,-1.1407025558826476,-0.43265350852018336,-0.02542552946824932,0.015881642679805696,0.8292106418020198
-0.07576504150664112,0.008139576028190511,-1.2799734343042715,-0.455170242813729,-0.02420526820276357,0.00305714693163289,0.7795778173797444
-0.07790719400525688,0.004577615828608857,-0.9809109050392699,0.00504120851892379,-0.020568208434952554,-0.035828185318938194,0.9692175984925666
-0.06671849278290444,0.004590100231257381,-0.9969988216501195,0.030763236060903254,-0.017058591918719092,-0.04114150716293295,0.9673674145315674
-0.06681086453715576,0.004230230675267215,-1.0135181469466465,0.01076044596952,-0.01712433346332002,-0.03710886135153153,0.9547097222578897
-0.06680884868393136,0.004290500380211813,-1.0270915209132425,-0.009831804544609357,-0.01798286177141784,-0.033865797669322184,0.9527081135501894
0.0034069720647212794,0.0013434308678467344,-0.8815634877247259,0.08241548784845583,-0.013599710562237891,-0.017541296837484347,-0.18821748915502828
0.006753813894547477,0.0018832679423829038,-0.8843743702185333,0.08349538035419998,-0.012339062692587206,-0.01793401412764681,-0.17524844564272815
0.00751519443333492,0.001448778680237056,-0.916007136262815,0.08982798487834939,-0.021393701874346336,-0.01920857697802648,-0.11753464428611944
0.00890076468872384,0.0019866619825022946,-0.9282392366670149,0.09331714395418395,-0.02204924796038073,-0.0191982761901121,-0.06529973600940403
0.007980938410695814,0.00232153679468451,-0.942256241451671,0.09170825337443332,-0.022309751623151738,-0.01942599954263081,-0.04614859802588102
0.007736869724283382,0.0017844591784973048,-0.9275737364572583,0.08824576660966091,-0.021519711876718108,-0.029325165026366565,-0.0049558689138944675
0.008325359147969953,0.0009272334604727669,-0.9103337109889993,0.09000181300270314,-0.02149957225718036,-0.038471688883488786,0.02974187610796051
0.008924978912038917,0.00013023982165279887,-0.8698623690763161,0.09561357200263368,-0.029121846486534018,-0.04854799900940506,0.10057981530023297
0.008842208394740515,-0.00031530210069683336,-0.8658958086857198,0.09860032479344476,-0.03067053356946445,-0.05110976795001731,0.10445475994797529
0.007355824655201193,-0.00022795248019959297,-0.8635590067531941,0.097471953586549,-0.03223513289497807,-0.0538026510498271,0.12313495960107206
0.0077467316873810355,-0.0017153821475573388,-0.8432274692503726,0.08896853636589862,-0.03854146187326694,-0.07098896687349965,0.15589031216802737
0.013838643248043361,-0.0025262134182240286,-0.8066649465126917,0.07190394297033469,-0.03940771763142383,-0.0785340907260301,0.1983779974991304
0.021758297137820445,-0.019037964137647977,-0.5404006998551172,0.00385192319178105,-0.04218589175439586,-0.17640947083026745,0.31030620364008615
0.014780498974716776,-0.02049825168746847,-0.48934054292746326,-0.0006396670310803295,-0.0416932445252693,-0.195272591793858,0.4079253139913429
0.014528462118355064,-0.01804739276539071,-0.4532863330209002,-0.0012240896986602638,-0.044160663343456696,-0.18907037007857866,0.49449202485108534
0.014426012705482799,-0.020175510791432406,-0.39264394388984447,0.00916755877717852,-0.049174461493336444,-0.21426447223566344,0.6153187959415702
0.014342939784406653,-0.016876451854534263,-0.3504306984431349,0.016951785750670474,-0.0478793320656349,-0.21757390716680217,0.7044304853465919
0.014003821353911143,-0.017335892826610057,-0.3520970752979576,0.015777908116327396,-0.04959111256819303,-0.2413557726052524,0.7540167261074392
0.0140350384210318,-0.016874476628860442,-0.33944122816686556,0.021403712325923762,-0.052929465609662496,-0.2381118133639665,0.7781457392985808
0.013752174525984779,-0.016367366229596874,-0.3231726596405047,0.023281230313549107,-0.052656087208337296,-0.237006318362861,0.7770760858092016
0.0139437575971367,-0.01607374390297543,-0.3066307745038207,0.025489076266346108,-0.051637636865215164,-0.23181705060212182,0.7979401849073646
0.013985034522682278,-0.02246400190209148,-0.27851738147411564,0.029396313253465117,-0.05110488984691358,-0.22391240801466636,0.8145947016159978
0.011323797186073516,-0.019913124702738674,-0.22853365791440244,0.02822241285930487,-0.051403940093346714,-0.20758171589536173,0.8424113802530677
0.008892101323621478,-0.018183266001596855,-0.18783984784505603,0.028894169862666724,-0.0457633899488715,-0.19036470539923583,0.8709162113598087
0.006456517858406784,-0.016560847897553004,-0.24957148473075036,0.011558875779624868,-0.04527953499929174,-0.19772027499251726,0.9519600910900555
0.0002939920235947346,-0.003928372043108099,0.2409462972856251,0.021891822418199158,-0.047235393339799314,-0.12508220311958598,0.775243692959886
-0.0028350093477460285,-0.0007714820598171687,0.33103911012708076,0.02092878607693872,-0.054648290717230916,-0.12025730350652655,0.7565069340642109
-0.0034379295212679075,-0.00037574650126222557,0.3527665411891495,0.02356028300982248,-0.054576519415660926,-0.12165869517565611,0.7661440527756819
-0.003932103675399085,-0.0007623072628352535,0.3977912847034034,0.02415898902610689,-0.05451261394779114,-0.13142145811180794,0.7503785455070808
0.00122198024701997,0.00018085209945251554,0.3778266856887914,0.00727992969212835,-0.07888294963765853,-0.06545800757088921,-2.519905747193579
0.0015073467612285402,0.00040579271564068265,0.4029166320637057,0.00687621962081494,-0.0770830657965415,-0.06633152559303343,-2.5166385943213285
-2.4584315894624295e-05,0.0003536542616439486,0.4407969503271321,-0.0003517040136843484,-0.08442513746262355,-0.07092721301901986,-2.5277060130095217
0.0026232989597956544,0.00021692758450756548,0.46987332110933683,-0.009886904439612942,-0.08401281510026319,-0.07254305685499801,-2.5208166715863194
0.003199104019009619,-6.08584341536676e-05,0.5090157068397816,-0.011302018366448893,-0.09041464342905568,-0.07319393788470412,-2.473734385844742
0.002041127750667699,-0.0007862963800802652,0.6702980403037313,-0.022012738762567874,-0.11003621567683033,-0.09818943432945705,-2.4600886565108575
0.0022622161877859674,-0.00024904199375739764,0.788059029068051,-0.024273901110584126,-0.10197285991958914,-0.12270483128058689,-2.399299228778559
0.0029816212853782265,-0.001056962203323582,0.9841941157320401,-0.04389903432575863,-0.09523744295358592,-0.11040164489894057,-2.23624906144814
0.00267497042991224,-0.0007245732829878114,0.9382606009073909,-0.05319237887677772,-0.09168152864643395,-0.12123501270265319,-2.2783822818766515
0.005019738842053312,0.00034292313115121117,1.041777601614089,-0.09418838135985763,-0.050413760342876535,-0.053221124498686725,-2.035399269936206
0.0052489605980703445,0.0013890300003987094,1.0972562312056056,-0.12200545736645083,-0.042467949526004224,-0.017787260155028746,-1.918350310996978
0.004370618104153327,0.0012115819905605468,1.0764816104829413,-0.15036694230930198,-0.04551260390123193,-0.001478574406507877,-1.8398028536122817
0.0025450805656276805,0.003664309733616706,1.1260868185454311,-0.12639532544611784,-0.05229857212902246,-0.014919925293600481,-1.5135138301391424
-0.058771087575744736,0.008340287675296336,1.3187363339278793,-0.13290165699980264,-0.07544953226760512,-0.012699719022946821,-1.3145251760004057
-0.06221623617360606,0.015663061946146632,1.4791954193745969,-0.13784684501227468,-0.08198061681991815,-0.01277946360052881,-1.2020573697793913
-0.04927553595074464,0.014120356819582314,1.4252001229866735,-0.11440921757845995,-0.0960323929679889,-0.030043622587231134,-1.2212898868732154
-0.043275275610791274,0.018106825196296108,1.4519045950938096,-0.1051572573275496,-0.09125422456062994,-0.03313579485042456,-1.1252762631444153
-0.04573638899112507,0.019355411817978754,1.4722867404217372,-0.1053079702870601,-0.08929888416922158,-0.02848389210370988,-1.0639870089983356
0.0059084680945747075,-0.06228968048601324,1.376047111739568,-0.07550516170670347,-0.054679786836289955,-0.026057474455925645,-0.8395197199540761
0.006924154191985407,-0.07959291034259385,1.410150874492582,-0.05222123180271436,-0.049564011729374705,-0.020004380075364755,-0.5852355400582895
0.007184518522796363,-0.04366302409677638,1.6217176438040302,-0.038845829649677116,-0.0380442745514289,0.031196184545318896,-0.330332664745936
0.007118277877215907,-0.02737053583851223,1.6618251308921603,-0.034211823895198556,-0.04250343981309206,0.031137292974224413,-0.3078177763761786
0.005760533131652885,-0.025152300456847163,1.6499860772569193,-0.034279431341616456,-0.0756766073311749,0.027282349178205007,-0.33698642003182055
0.005130845534255277,-0.02446576246206215,1.6519575707365375,-0.03589550913800003,-0.07582176491658021,0.028541159756442194,-0.3142787593798226
0.005377874346935728,-0.023943803364758442,1.6538774485647731,-0.036433712816873784,-0.07444898466825618,0.029770774770429016,-0.30325635007581253
0.004896839558216841,-0.024213347236247056,1.6614133881139208,-0.037316281615722244,-0.07450413180329286,0.03097644252325936,-0.2936218592150602
0.004507159689289159,-0.024063555001957778,1.6650329862698217,-0.034178910452273364,-0.07563402170583856,0.03045993618969668,-0.25783091220914495
0.004265488958715319,-0.02445391979592197,1.670981752171638,-0.03018348545250369,-0.07700148145905648,0.03464278847238246,-0.20728646263218004
0.002158575964973623,-0.023934777446135244,1.6878130659326114,-0.02747762858904529,0.005451698688706165,0.039766951725947734,-0.2275125164558908
0.0035456190912770613,-0.023853015247761535,1.7364161051902454,-0.030276793955156124,0.0050395565204254065,0.04392067671926517,-0.207829142680491
0.0038753540556305376,-0.02518381586435841,1.7489671468771315,-0.028423005128548263,0.006593640309191895,0.04434210283012107,-0.18135857050238915
0.006287724153677052,-0.01952760507904341,1.8919310296023695,-0.02670105494468263,-0.0029185771568035414,0.05107409673285931,-0.12257865190195093
0.010448268474377508,-0.009618223323387376,2.171609844141712,-0.029992519074762254,-0.06620701776188895,0.0634239875951791,-0.053653321447299875
0.008455139933958496,-0.014057246357816916,2.0284871786448284,-0.02747798285402174,-0.06376172820497436,0.056196072277728444,0.03361207031489347
0.008263142670539231,-0.007527692655380649,2.2246906547288483,-0.025299366471654424,-0.056360096358470474,0.06433960459703011,0.07142032554328592
0.008482336064172218,-0.005716009422892714,2.3652734991956064,-0.02817011798383583,-0.04787824453235044,0.07175817552423835,0.0814419771446386
0.007073316409135493,-0.004899080106883149,2.3768810003738094,-0.02666503342812345,-0.055274920717451013,0.07273596122068735,0.13306389843206132
0.0067485999776029796,-0.00459775921164361,2.376931503138324,-0.02682848877227402,-0.05484469345112392,0.07134189727063042,0.14593901391758182
0.006280109211024564,-0.0035611573074743755,2.3480479463361297,-0.027350534068425643,-0.0559937750973363,0.0672516072599722,0.15837895281813938
0.005180088975799557,-0.0025302660593794946,2.364713071136952,-0.025395311063902457,-0.056399982810074994,0.07284851165989609,0.20664338974062837
0.005199305000338198,-0.002142284033190583,2.3311925015019868,-0.026646942559764214,-0.06138045104994193,0.0694015737077919,0.23321634275833625
0.005443030205724038,-0.0021112474845558457,2.3699119705862386,-0.026364558893158148,-0.05883297353802694,0.07397978707698655,0.25686244203999303
0.004547641898049052,-0.0002684677842813028,2.483497495350791,-0.0242924640002918,-0.0595238278037596,0.08391924429024378,0.35932323431777463
0.005308376114632047,-0.0010617290596139173,2.6144666170847635,-0.019399654960058597,-0.0720071537495392,0.08296603357065165,0.5521685832987077
0.006133602809342442,0.0008590150467369331,2.6463340708758727,-0.026015049589014724,-0.07414194656059421,0.06300059463523065,0.6862826699621141
0.005311724241245753,0.0012861787283210914,2.6548172871676567,-0.02852359938871387,-0.07479708287202792,0.06313527792755173,0.7458907283211167
0.00481835448612165,0.0019763944762359845,2.6643779527399354,-0.029652961408591194,-0.07304464844864329,0.06546126660531155,0.8167340111999538
0.00464371333632687,0.001060411825454445,2.6719436659669045,-0.03530740128277496,-0.0696776123184476,0.06400173374355375,0.866074310589482
0.005315307134244322,0.0007928084303627794,2.6031291312903435,-0.02740841092420387,-0.07680257469007765,0.06802706427318345,0.8573107183583839
0.0029611631544500068,0.0032695766058850407,2.8644028766545166,-0.07722642542342346,-0.05182501850329653,0.04634330846863307,0.9736802234724181
0.002088584628479828,0.006216925978924093,2.9115781681723574,-0.1036265937940127,0.0022766007136296854,0.0328146858117504,1.0401376095839483
0.002092486104334065,0.00626673367712401,2.910294883153988,-0.1053749238443083,0.0023246511027966385,0.03314085697158256,1.0427412939295575
0.0020892333163043467,0.006320591585044,2.908424587440964,-0.10559710743247613,0.0023282867719326057,0.03315743171987766,1.0423793846076048
0.0027531480005862936,0.004333838389100241,2.990121523532695,-0.10317668290074519,-0.029930089905522435,0.032545265609249634,1.0167740937155911
0.002764527279777154,0.004293613450815928,2.996949153791724,-0.10392434786209931,-0.030092908691513924,0.03293504609668179,1.0104960123755657
0.002818178350585022,0.004244800359092056,2.9923878171644427,-0.10353699509563377,-0.026804484013028596,0.033073771297241455,1.0112380083782413
0.00286387304845434,0.003881553058860203,2.9992794392757256,-0.10388187227206072,-0.026949361225476122,0.032902700013271266,1.0053247645421748
-0.02499678330031392,0.0038330106762667405,3.0127365399323756,-0.11013297488733866,-0.02962438597250077,0.03539220092607875,1.0299530392268872
-0.04197463212063327,0.006061780134905827,-1.1425231867386534,0.19425928974721623,0.09978704300713212,0.07773678033679758,-0.23575773427376573
-0.03986039793453234,0.003525774759805182,-1.108378720741852,0.19594068764058079,0.07486648365286827,0.06073108453972659,-0.18057050750299958
-0.037813804193793384,0.005987858403789157,-1.340771074221628,0.18941280212916847,0.10504686702369073,0.08855411543306543,-0.17670341933549838
-0.046220877546484455,0.00925527239728157,-1.4337026021155426,0.15836472956163064,0.07339644871291667,0.06326124382677963,-0.13920132780334624
0.003965754865937464,0.004425714924047419,-1.4155063027208272,0.08757912824899639,0.07915226694872672,0.05682056576909895,-0.08641108411748677
0.002929636647157906,0.004519230381432116,-1.5744937592365926,0.05776505766539477,0.03582386471815469,0.0340486093821762,-0.04456391658504712
0.0030586439788101226,0.004506259576848278,-1.5250122232085919,0.058528708112034776,0.029453385895883585,0.032364912452522425,-0.03196905279249253
0.0007902078295126265,0.003609621373586439,-1.4168946118752654,0.06704474996532256,0.028827294496089475,0.028014623618565708,-0.00617820056561087
0.0012828501434297066,0.005090446951581788,-1.3182012498035134,0.08267483983472466,0.02304687024575958,0.01250538771053939,0.07658693436156268
0.0015252694050513686,0.004138383772639027,-1.2585649344863445,0.08088164447477016,0.012527213647957107,0.0010692821099921046,0.10995444196180378
0.001632582193581134,0.004428878111252651,-1.2540906062390487,0.08225852041528481,0.012474401162446934,-0.0025675552214988605,0.13277529359742812
0.0017593890135679882,0.004714954976059061,-1.2115793212066173,0.08075179861853723,0.004460475394248989,-0.013479243959622174,0.2014073451847035
0.0018096213469226408,0.004772488488765217,-1.2091771800492572,0.08268149066863502,-0.001313275069115887,-0.02230609324249547,0.2758362763639461
0.0021700995917751775,0.004757158272761598,-1.171119466328957,0.09204750899661908,-0.015573816676758875,-0.031056037976114333,0.3657981030731833
0.002230071101034142,0.005403456147393795,-1.1445099401363186,0.09779141371760992,-0.01779519368658132,-0.03742494662311364,0.4312241104766164
0.0033678395097544956,0.005438560343011166,-1.0652370087245253,0.11117637585106248,-0.02057930267307762,-0.03887939293892278,0.5305590907769758
0.00446630293140489,0.006891879713449734,-0.8117722390873334,0.14274205548190352,-0.01668138776236161,-0.01803079919569216,0.750329308946144
0.004518496777460993,0.006594883764192714,-0.7510582947637648,0.1468757952837018,-0.016620785279016365,-0.009169716061744196,0.8046011604966077
0.004109499365375784,0.03997418833924281,-0.28632570198682267,0.10485319759799261,-0.031898649571026616,0.04077506966129354,0.9344909674413221
0.004308667603292231,0.04605485583741649,-0.20180604472721048,0.10498017061391665,-0.03840862595314085,0.0526042005153992,0.9426097175069081
0.0038676755215813503,0.040507507375913576,-0.10964266300392868,0.10134325186604393,-0.02366003164400015,0.06849712158955565,0.9722603581845807
0.004247346362046138,0.0407041191653035,-0.08588545892998554,0.09438190159198186,-0.03339397250519737,0.0673327369946944,0.9730436526660733
0.0037339407579401757,0.04013301700239965,-0.04602525194870335,0.09066570184122104,-0.035539857468414794,0.06899476844839737,0.9330841571550398
0.0037146087330043303,0.036560537708464895,-0.018282077803216376,0.08253265368892264,-0.03715873425013367,0.06368674378527586,0.9209908035925638
0.003698123887896871,0.03520207958440375,-0.017186050147372216,0.0686989897475212,-0.04309505513658784,0.058580476368128374,0.9338424336428454
0.0020504459437341886,0.03155198523146211,0.00022454392375118287,0.06910967749767091,-0.04403539525261423,0.03271295630651263,0.9599433373320118
0.0018186483660086678,0.028315537823844585,0.019968008476288355,0.06304298649237998,-0.049461373746400236,0.01814463220309224,0.9809416740007545
0.006201233851006233,0.003530132165387199,-2.3692794717031127,0.016283405401488073,-0.030024606925017464,0.03887498321824264,-0.46563197066155376
0.0059827875425130465,0.0023120120857923762,-2.279035338771672,0.01340702662533236,-0.031112343215319572,0.03040479005897242,-0.46346143767812537
0.0060552654475780066,0.0023408648269245243,-2.2504135129092484,0.028815793193754803,-0.0261133792101054,0.03385346962349677,-0.39998786122325
0.00616869073799985,0.002494523325793748,-2.2365613415367562,0.029259641333170543,-0.015463808049759374,0.030434877089472793,-0.3487792627233093
0.006309039406954899,0.0018718368819388425,-2.240395628286104,0.03018277871401768,-0.012944106153587582,0.035213421158507605,-0.3433223830307514
0.006640451972213199,0.0027736735850362668,-2.2017491728244174,0.021739750158034858,-0.014495490740170902,0.007551539343390594,-0.320115768590541
0.006517120674823476,0.0026921030736531057,-2.2027583739753713,0.020110655351331212,-0.014335076435787854,0.0016028378987559392,-0.2903481990592359
0.006932676537803288,0.0007651037243701085,-2.18313954732346,0.005706049151909668,-0.01481687282269577,-0.0007835908490912719,-0.31190198515583983
0.007465449759043131,-0.0023975978241469655,-2.140450601100557,-0.027967431826635164,-0.017778654076781114,0.0022732104619360622,-0.34799396267607424
0.008220509251616952,-0.005674892798292538,-2.0130275113188745,-0.08861973656492021,-0.029037860830185377,0.004206172284075349,-0.4428994562492531
0.009760919446836594,-0.0066970574473238995,-1.946811220828931,-0.1006956728781238,-0.030661795328841085,0.011348854012906551,-0.41363120107403994
0.00964086317258367,-0.00455925483033769,-1.833910419679487,-0.09795798751251868,-0.034244553399013,0.027683010439056393,-0.33465069573166545
0.00956757724057475,-0.006367275777517533,-1.8082347150107667,-0.10244811183127916,-0.03534391029201402,0.03057026098684798,-0.3236435096541503
0.009004282158203517,-0.006085457048622597,-1.6812383125627377,-0.07424874451278263,-0.036581683633359,0.03329597986719364,-0.21120087797894743
0.008354039748629737,-0.006228895065913964,-1.6047050209624458,-0.06318399661638434,-0.03711836621065692,0.013236691072336593,-0.1482297094162934
0.0057271751304063595,-0.012433046014145206,-1.5594135849832238,-0.22017307501654523,-0.03284376078009596,0.0013006668671361082,0.05751897142886551
0.006606374169568393,-0.011309033683649059,-1.510689835857167,-0.29063138696547125,-0.03190262998094722,-0.016526520570150863,0.054281487294372724
0.00840909950292061,-0.012153851335012506,-1.3607312479782867,-0.31476751199227954,-0.03281230864375522,-0.028040289064478984,0.05565445554260487
0.007238627833369647,-0.013312886154237556,-1.3063697830388148,-0.3329515008148499,-0.02747048748468611,-0.03618254976628557,0.07710832701563329
0.007513638385524586,-0.012746905203575378,-1.2860096200140316,-0.3233038874068125,-0.02864622672332846,-0.033902625878760084,0.1102677493642137
0.007946448464718954,-0.008760503619187614,-1.2560518470466127,-0.29050969883081834,-0.03118219349401168,-0.03360812922250758,0.13070305120763998
0.0074338031390466,-0.007923742224998507,-1.257146056019465,-0.30195998197168017,-0.0313262224972636,-0.03632985940690053,0.173707206753836
0.008164624972983637,-0.008169150022023949,-1.2814679340331974,-0.3138789909773181,-0.031025523295231994,-0.04061248914755017,0.21848189259836676
0.008384693613406088,-0.006481342249699034,-1.276015174448166,-0.32659286884857985,-0.025838500066307057,-0.0386226908272338,0.30265629639723707
0.00862922564958295,-0.003440708607848609,-1.1318456593497646,-0.2969839321456471,-0.027005765293494098,-0.048378818004227456,0.41332628607483385
0.008887460630802622,-0.004464717536073422,-1.0816225252007918,-0.3121357792310646,-0.027404851494622236,-0.047814917783349065,0.49574348606629304
0.009695159002839022,-0.021354221975609506,-0.5273742806907915,-0.18774857233557554,-0.04408278815036955,-0.1137172352355516,0.7140788626889962
0.009980407652410931,-0.02305166997279004,-0.4831610209054628,-0.17873261105338717,-0.04748522141456098,-0.11283237200109908,0.7297406538046981
0.010060670249095691,-0.02320090784238392,-0.47012713193971756,-0.18382920982960543,-0.047065855729227314,-0.12509174586476599,0.7452554151114557
0.010089206219025346,-0.021781410631174322,-0.43437196044296766,-0.18602254744895377,-0.04358345539475359,-0.1584251500987583,0.7655928516358455
0.009863216550670652,-0.022159323132966258,-0.41539197025871244,-0.18128583508607282,-0.04407914645939041,-0.17684826146325097,0.7770454114918591
0.010133221546389043,-0.021760749765502525,-0.40496664088361256,-0.18221197413057316,-0.043104355221185574,-0.18226807703743855,0.7785836938514671
0.010083588406507138,-0.022315670300470748,-0.3894177565374233,-0.18292437660391095,-0.04355030756030131,-0.17870302816632458,0.7680542522055489
0.009785521812767699,-0.022331687516830782,-0.36708960705333205,-0.18561470417707573,-0.04320052158673937,-0.1758277428330469,0.7471366225689456
0.010408167582211077,-0.026968575538547424,-0.39183277294357255,-0.2139349140625549,-0.04226010665112921,-0.1504971273926492,0.7280532054933163
0.010423609419160908,-0.0243418220227176,-0.3554479613877976,-0.21245520119771474,-0.042667159600777466,-0.13939598933478048,0.7439230312928916
0.010551338356049655,-0.028299772322168733,-0.3353935288764221,-0.21675051098883433,-0.041020982787748475,-0.1391912708235506,0.750350409215225
0.007067715156166003,0.019673830218610078,1.2998566139863907,-1.251152037691532e-05,-0.05534952397386314,0.016343334308391032,-0.1257653969734676
-0.060865007226207836,0.020343872283092056,1.3681297247569684,-0.01248802814367924,-0.06268426449928306,0.01893279396383454,-0.11288004323907204
-0.06362021784121026,0.014564810684130227,1.1996348439091038,0.012063686550906446,-0.04521951127463142,0.008134654717567353,0.09980514683494242
-0.05668206913820846,0.011313312048535182,1.1249585792937344,0.020192879354063324,-0.03901748623348435,-0.0052653758954987195,0.18289770481582573
-0.04997011299880123,0.009146413724415499,1.022654676205588,0.02758654813591764,-0.03066297116662829,-0.016954478691485985,0.24673504217985193
0.0020057662619207667,0.006784456534342392,0.8585298359509163,0.04037698891586569,-0.03105519586190799,-0.03209053279665562,0.32037103238262005
0.0017503471232244501,0.006160263885816099,0.8393384633132698,0.04230058049380962,-0.03016112335277288,-0.03460108714669619,0.335017408841498
0.0011960337901624036,0.0034572972349385498,0.8233174815821221,0.04305168306685411,-0.028323799149857352,-0.04067101656002143,0.36165919256854784
0.00034349233345166535,0.0031244260295905505,0.8594071934333432,0.04338731143694439,-0.02803157299743978,-0.03333111321212023,0.380286060901142
5.694233987553001e-05,0.0035148559063441953,0.9014332073291337,0.040486485245151034,-0.029591050723396524,-0.028048772532034836,0.40176515228916876
-0.0014522271880321046,0.0032728174311877118,0.9294293823625274,0.03852001941411184,-0.03619565170090686,-0.021887142945939127,0.40477779551311727
-0.002077405927546222,0.002348449586319933,0.9692152568006153,0.03879669336104029,-0.03907722692086258,-0.0146731148244751,0.4615274570127461
-0.0008586229143729088,0.002618671089121573,1.149420379234183,0.03393008417756882,-0.06053270051058071,-0.006007203358796542,0.584878788608318
-0.0004314590921646127,0.0026687813380075723,1.2748837198529201,0.03458427128706078,-0.06068309033422943,-0.010385316614070994,0.7551388406703509
-0.011310168703480072,-0.0027573092238616045,1.3411747893573307,0.02667482645187666,-0.08389837953145159,-0.009692475944939868,0.8604697356634967
-0.001541795808920406,-0.003472481679045686,1.4180078451776201,0.0347123340635434,-0.06979954165975866,-0.0238665926282508,0.9714039478786224
-0.0014267112819361576,-0.004268066627448814,1.4539841754703404,0.038349959866802584,-0.060710449085262366,-0.022697037466201036,1.0657030180438167
-0.014799683878869268,-0.0031602930257108963,1.3544903521313918,0.03327189888961267,-0.06980483875268957,-0.017112320566487562,1.0886468483885678
-0.00024085661647245288,-0.0010380873256695777,1.364858132399315,0.03980403265965038,-0.053192263812119715,-0.018819165663676817,1.0796287998593508
-0.0006204063213088357,-0.004085263643061447,1.4132343774663028,0.03939440367696832,-0.05501910910143205,-0.021850487695933934,1.117683238114747
-0.0007939917216342857,-0.003966299103048605,1.4164399765365974,0.0378893904296381,-0.055338027078813475,-0.021663772364452962,1.1241786356047783
-0.000538043517782299,-0.003940370803813156,1.4160604947945061,0.03760942920799791,-0.05550325876229472,-0.021647018272394795,1.1247046796568463
-0.015527489690572617,-0.002997451689388981,1.336577342406167,0.030968509976700004,-0.05919222993908819,-0.018615019010769087,1.1228494889186014
-0.00964130461322322,0.0033364190191840786,1.030209553358149,0.028136429660603434,-0.03591483848179009,-0.021891485577433607,0.9833465341393302
-0.009451260968205819,0.0008365603510180694,1.071329644429696,0.027910447884434014,-0.040067416916289116,-0.021051134544013136,1.001265428435975
-0.012005460517443719,-0.00017166748751796423,1.1764790715578823,0.028650522471480488,-0.05053454656186348,-0.022162034921043596,1.0520654536338976
-0.015287683552430863,9.046958421587944e-05,1.2393364772749684,0.029702390481375074,-0.05478176878104812,-0.019745746653061055,1.0721420067209841
0.006667505395458547,-0.0094664785752314,-0.8475118634401654,0.03560523957285835,-0.059680183435890925,-0.040734452664341655,-1.9770330970780783
0.00602455787476689,-0.00896716370632874,-0.8582783314605017,0.03236956668019846,-0.06377427924500742,-0.035254678657182445,-1.9514317111409283
0.005438379140594778,-0.009501335777800877,-0.8566220175405818,0.028550335308377882,-0.06495591330964595,-0.03651350465465743,-1.9372089170010836
0.005805826971245125,-0.00917521720235743,-0.8416843863167167,0.036182802869558404,-0.06475676014674339,-0.03477855305468831,-1.9303891860125564
0.0058392446267445065,-0.008769224131220908,-0.8392866468731439,0.032618835379143125,-0.06517556106133449,-0.031173008638428222,-1.9125595980173424
0.005788265608022828,-0.00790694736985295,-0.8272070108425467,0.036611809511743115,-0.06276896894769399,-0.025988226527152995,-1.8979088754487943
0.0049338362806190346,-0.00828614351043694,-0.8464838586036335,0.03322507990469097,-0.06470634320996058,-0.028475267158852593,-1.8842525597480186
0.0050923003937689585,-0.008359257921047936,-0.8439476470202608,0.03468289232253335,-0.06369190965225331,-0.026074759303574977,-1.8695789737222264
0.005344869187110571,-0.008115217061270762,-0.8420901959395365,0.03653777285786499,-0.06216197324113075,-0.03149002592927078,-1.8540788989043626
0.00534005283456527,-0.00804980584432433,-0.8696259024523699,0.03573880489997346,-0.056399552092411806,-0.04699759508215838,-1.7854283505426694
0.005350899838121804,-0.007146859934833316,-0.8777749241834368,0.035488306931439846,-0.056246823751588286,-0.04808615666834265,-1.7157802654193168
0.005198062323770414,-0.006406169895536892,-0.8796830274067015,0.03492366876192555,-0.04702516817256144,-0.04994089462825346,-1.5933121487910926
0.007469550066091682,-0.004333569702468458,-0.8022391275728071,0.03739654701311909,0.021874695765307747,-0.036964120498524065,-1.1709792953720601
0.005679939710503206,-0.0026635811862446325,-0.657827146651896,0.05114757805654724,-0.013002874073461847,-0.0124583270605883,-0.8341199406539676
0.0078050919088009495,-0.002065669379172353,-0.551128588856477,0.058193903334528896,-0.018335413520420833,-0.016805077186084937,-0.712909465574773
0.009286733845445216,-0.000757046359187326,-0.5375826359620202,0.05866849573039394,-0.01963232514267301,-0.018621418343979294,-0.6565804818879852
-0.10430133713422207,-0.0024224270946405758,-0.5763542095951795,0.22915525870231046,-0.042924407164865806,-0.021525562751189067,-0.5863934250081186
0.012827003095571854,0.006696453223655623,-0.3424834589811421,0.0634007473649389,-0.008956043017942322,-0.028498340688295497,-0.6623663876099333
0.019364181745218496,0.004831259334139671,-0.27576907410190077,0.07141711979265891,-0.011595705453537854,-0.03092789547954818,-0.5476621260848329
0.01467136785745718,0.0033406216355518392,-0.30185829956373955,0.07284508090576908,-0.014026036293578417,-0.03341866123713437,-0.4910555363459982
0.015133343057481855,0.0037108719429403,-0.3135228832579242,0.07599088535222326,-0.013912502702711393,-0.03308912679129376,-0.4429963788775317
0.014040097311399083,0.006186629708451917,-0.43878260978885447,0.06470745080078688,-0.011816872538753038,-0.02948850744922223,-0.48214419199734276
0.010085628053143045,-0.0035339341035234115,-0.6193015880483043,0.06768257489058603,-0.010547519150801153,-0.012735708683385135,-0.35103303781554696
0.010158422260291566,-0.003649756385964436,-0.6348871966637132,0.06785206712984788,-0.010773076087891612,-0.012580496660388664,-0.3355035484500161
0.009572276034778376,-0.0033289077415624324,-0.6533136107424102,0.06682546385147947,0.009675997887794706,-0.012970350001225227,-0.3395212266101425
0.012179245457193443,0.007247024221300142,-0.4721210975281021,0.0638105625261466,0.013823982510715052,-0.03071618963726386,-0.46626413484159573
0.013380731845391717,0.008674030264893842,-0.4001755574904858,0.07013263856746825,0.016435373413208915,-0.03691311090971666,-0.4185290673952429
0.013534034805795068,0.008648583605651666,-0.42215899429444764,0.06967569585644978,0.01687993175124175,-0.03777454944238733,-0.3865646149280765
0.015284821121470673,0.009794781814855685,-0.4768358768255722,0.07299810998750463,0.06649466298145992,-0.04070394718695277,-0.3630295419097053
0.016878536832525756,-0.004671655128102378,-0.5316705533572763,0.07014363363178669,0.07005832740993867,-0.04515620593264642,-0.28278615987761796
0.02211212546875472,0.0010195183697749657,-0.5087454076506336,0.07427348987051355,0.07562141819255785,-0.04424123756864113,-0.2582553126372059
0.02488297278511326,0.0016653070764232017,-0.4605991097140279,0.08020835676565269,0.08024613346187068,-0.0487303265652625,-0.18430502852251718
0.025370596346675902,0.008040327076030225,-0.4680848404054424,0.0768814327967711,0.08148068875119246,-0.05354200921160166,-0.11952347937713886
0.025933733010162063,0.015193523060082887,-0.4880654974620997,0.07569283853547903,0.08288735148370929,-0.056270390363026675,-0.107299943387038
0.019629003111518183,0.01150621887999378,-0.44988760903772174,0.07169181825368037,0.08558372533120234,-0.07516577377945091,-0.04869876982756908
0.013605480065005235,0.0006950274351202132,-0.4095464332831989,0.0686694308881822,0.08716038540918009,-0.09573957126156196,0.025537395118806486
0.011235292400720591,-0.00954690810018497,-0.3633960480905429,0.05933117678714379,0.08973588628640009,-0.14186051067521935,0.08511112176149364
0.01045279060271456,-0.009437949379319925,-0.3405451819327621,0.05919528955039579,0.0944492254611154,-0.1530224649413526,0.0954909176550834
0.0084233570232789,-0.015339928855701802,-0.354581892415096,0.05455344188451589,0.08745229376072883,-0.1698620529222801,0.13162662247428125
0.005073678023416141,-0.023126938758765307,-0.33831324283302544,0.0487463618320253,0.08677578721654267,-0.19453394253543035,0.19395624628248986
0.004082604864334166,-0.02331850370938817,-0.3531861429920874,0.04802254037166144,0.08923479443223573,-0.20491576927285612,0.22292403703710048
0.004577258758234172,-0.03192292264093191,-0.43287033721232127,0.046636942323229826,0.08780659605228858,-0.21307836652053969,0.31672004005742693
0.002881346791527341,-0.03954914796621747,-0.426193561816527,0.04689375693476743,0.09082558252999748,-0.23005695800742032,0.39133388292436283
0.0021036505544077743,-0.0380613787228625,-0.37421517416721584,0.04861985792011713,0.09067063430645275,-0.22784610488306875,0.4431236560367449
0.0015635085620036616,-0.034225053786955666,-0.334707951798645,0.05674851468920921,0.0961521551588688,-0.2247255822624278,0.5589572890512546
0.0013465830818886247,-0.03598359540487703,-0.2840900114049942,0.061315774356381726,0.09754999372786008,-0.21949070820800778,0.6341877947913026
0.001286312329117483,-0.03910674100696964,-0.2767965241508315,0.06731638896186994,0.10469221244347357,-0.22796060491807352,0.6989054141873946
5.5785934805117085e-05,-0.03547723867428484,-0.26261305416098185,0.08135911680598773,0.1116641914107804,-0.19508262127799308,0.8439600170559132
-0.0004227841274598145,-0.03065206435446527,-0.18274911719018702,0.0780832186771385,0.11527714064179792,-0.18052051352444967,0.8277208604893702
-0.0018834330158271448,-0.024203971641051918,-0.5659420903245334,0.07197052852018168,0.1162489586969071,-0.15495080919581855,1.2883937452092096
-0.0042730587079498235,-0.011428248959386926,0.22051495892206271,0.05595375736734713,0.11465663655316692,-0.10892477503706022,0.7382896603819824
-0.006675744594412837,-0.006571319058833839,0.29005266562323934,0.051631345363746466,0.1108300967876288,-0.10459688230912048,0.7109497696043208
-0.007187462527609653,-0.005734589922615861,0.297257560946365,0.05142427607034604,0.10966302792595496,-0.10593648511802209,0.7098363523585707
-0.007175939609736307,-0.0057623797363855955,0.30065183620096714,0.05120975896832343,0.10955619414643562,-0.10564039594537541,0.7116407323663869
-0.007157032954009331,-0.0057225358296730195,0.30189171920965413,0.051222081427137245,0.11004416382994871,-0.10508030923726924,0.7114565471822671
-0.007210596440738953,-0.0057112443815634335,0.3126081438685437,0.05100742361080772,0.1110111066510329,-0.10766744825274763,0.7142476526036401
-0.007481276283979596,-0.005568954146438313,0.33450133622263184,0.05122517494154016,0.11187224655322466,-0.10559385528733635,0.706114032829384
-0.007482954054425597,-0.005442266787716021,0.33882622223376574,0.05112818813768722,0.11241878550975225,-0.11032469833794345,0.709103090843924
0.05209546366912411,-0.004550936096572698,-0.41846964645998697,-0.013014732660034523,-0.06586531444521096,-0.13979588267232962,0.08416423493146684
0.05005880931846515,-0.006461519609265513,-0.38813673580878383,-0.007937299970388225,-0.05630949531234009,-0.15712966274017692,0.10373508124063323
0.03299086698712799,-0.009805637239905613,-0.36888922703979904,-0.009510546462589019,-0.04046149983222525,-0.1693282638491877,0.17166484954362166
0.023116790594336054,-0.016149818194191725,-0.3156359141204481,-0.0010045171883368057,-0.02914547636535412,-0.195162335965283,0.2279096733934493
0.01993806406889601,-0.011691216543145349,-0.3031494038653148,-0.0009096238462664503,-0.028345806423048445,-0.22029271317374224,0.24436201523910211
0.019400342985175408,-0.01588974851565862,-0.2940194420999047,-0.0015066830374538362,-0.022272954874648518,-0.23464199836152402,0.2782287903735586
0.010405933147667992,-0.021991884386831907,-0.2536647649529601,0.0066789504426867435,-0.02282111143667554,-0.24606925204461347,0.34620420592639983
0.010090914598295983,-0.028379832758863893,-0.24484835290673196,0.015689260797199907,-0.021752496890044645,-0.2507693962303892,0.4791258286428523
-0.07997215893665471,-0.016493706512623437,-0.37766071447688127,-0.02487404344852371,-0.03454353882791863,-0.23648668395592934,0.8835101020052935
-0.07848113933451596,-0.024356164771131932,-0.16393859841003017,-0.037612344103100374,-0.03885366019129525,-0.22544692262625707,0.8753153721829622
-0.017360938062023722,-0.0026220751106212806,0.4227724304607239,0.010458653184000504,-0.054066603546514165,-0.1271494344152944,0.6564507915149207
-0.015240721279310976,-0.0014004025613071356,0.4190894523799418,0.012414498919253624,-0.05264886708100166,-0.130766850455871,0.6907563024091596
-0.012052020212487736,-0.0018519181639808362,0.45949630933277885,0.014476924837028785,-0.05140503954267971,-0.1465858944658057,0.6695508102677716
-0.003847332727826073,-0.0014759497182747436,0.47894493049541115,0.019824940090410647,-0.04110825955963695,-0.1456523861919624,0.6573245174511182
-0.003679467552831938,-0.001338187517273131,0.5279246443461696,0.01774026166090384,-0.03893110584068744,-0.14097722169816934,0.6763157479589531
-0.0038071932484789106,-0.0011253417357848755,0.6232921909084881,0.01746864148560269,-0.052146400084264986,-0.1286837049804202,0.7125398580528229
-0.0038418717666035473,-0.0006848424720980976,0.6900532473937897,0.01616473742522115,-0.059375974018918205,-0.11819814897307629,0.732239978513736
-0.005211573359711675,-0.0003924388088535967,0.7373636976749698,0.01579151265293687,-0.08913631636398875,-0.12158517946661113,0.7468164207108532
-0.004888567636122616,-0.0005451724951137532,0.7696175110211831,0.015998370773479036,-0.09773502025324063,-0.11672001163546578,0.750014037496097
-0.004369285534213226,-0.0006160789308907848,0.853565858131208,0.019744859913590637,-0.1310017408317531,-0.10919034211054804,0.7719458098904101
-0.004409676505187242,-0.00015847046772743357,0.8961919872845849,0.02289459778749095,-0.14129331437491505,-0.11056145583858207,0.7892731999178241
-0.000945797537632627,-0.00025833357580586384,1.0598322299998866,0.03034088647238619,-0.17034366701398132,-0.1064850331622235,0.8527367449492353
0.017245680759752018,-0.003121374503968132,-0.4752886971730978,0.07343987383061819,-0.027518654348106242,-0.06234219544649449,-0.23265400573118994
0.022259254929958776,0.005848903015918148,-0.43341810905813843,0.0857642631420958,-0.023445851403504227,-0.06345752884244431,-0.2041479193729647
0.025060964661130402,0.0031613379301433735,-0.3949145778832856,0.0922976468485746,-0.020377766497074054,-0.06898763928509266,-0.13350363545684005
0.027215752562570927,0.009936519829507062,-0.3893375207118112,0.09311323890661921,-0.01483661837880692,-0.08217414728379815,-0.09080483960987237
0.026884996791967517,0.017042157292915108,-0.3506407512597233,0.10106556898005548,-0.01494568651285563,-0.06997243354782562,-0.0345526710347368
0.019647714202981274,0.017306248538839813,-0.30359268159807645,0.09779744581703612,-0.015394855345652318,-0.09244550306875995,0.0016141691591516133
0.015239972583134353,0.006945243619419677,-0.3227061388171866,0.0688610028099405,-0.018048954656725232,-0.1370062108259973,0.01680581574123615
0.012037486905528543,-0.0033277740014820375,-0.3064988604802992,0.051642543458344285,-0.02674114428556878,-0.20953797925018836,0.06656814703306092
0.012515863138083451,-0.008080294357953974,-0.3109928305379491,0.04638753364443883,-0.02713831793961856,-0.23611276713296636,0.06858580767613456
0.011605467069137764,0.000683579819917507,-0.3178168253748923,0.0585871997589973,-0.024262838666423606,-0.23466402906251688,0.10506132952766811
0.0106954393616069,0.010596759330365113,-0.26899946561629884,0.053364636052203034,-0.015462498325842369,-0.21842993780394662,0.13934226542114966
0.008645625874591919,0.011187336433856476,-0.18473604403083987,0.05308879190453415,-0.02382298309147022,-0.22512764140685151,0.2066603045262302
0.011072961705110749,0.008051884795739242,-0.3759538173960217,0.045444897559369424,-0.02903693945984935,-0.22850696147067848,0.44468457155408825
0.010048263841345894,0.013125628761828531,0.30054322644429216,0.028160026034697656,-0.052446591092448445,-0.16668287972096454,0.3384209006613986
0.0019252166771397943,0.008899517810034301,0.39603384570143463,0.01968672564050952,-0.05782995160670297,-0.1623709453365871,0.40909640480890735
-0.0009078921491574615,0.006057756077140408,0.40762231301621915,0.015084344454530262,-0.05199905352268356,-0.1727539615404435,0.5121238114693206
-0.0028211665990922575,-0.0007460678435130319,0.4024355604970603,0.014705134941125629,-0.05246277118989183,-0.18218077459702423,0.5609675977067441
-0.0032099975868490945,-0.0009376452351089491,0.3848741502416613,0.014647781573239807,-0.05412169468370186,-0.19152760237326485,0.612120649437876
-0.003699772740002643,-0.0008338041761378113,0.39432392765150154,0.01578663278459907,-0.053527481071164465,-0.20586443265985951,0.6268550587273259
-0.003726432785474524,-0.0007921545258008682,0.39239686782317085,0.015932378928294338,-0.05196186535320177,-0.207806977409499,0.6399201504868158
-0.0035246034673766897,-0.0011284744188943218,0.4745460771780743,0.014248108493312515,-0.041753230240131986,-0.19291416345078982,0.6576871379152817
-0.00367278703086825,-0.0016374825454859095,0.3381218414690142,0.016447303734910466,-0.05322189779509601,-0.1908984755197271,0.6734760257065525
-0.004240276931023236,-0.0013270257367203075,0.34654594723840554,0.019823918835105484,-0.05293993602579955,-0.19423529802412853,0.6662362114997294
-0.004877520772108421,-0.00118917070774398,0.3648987349032676,0.018601810335025618,-0.052053217954375605,-0.19674908679292064,0.6652653246789016
-0.004872740070794193,-0.0015178164742724568,0.37885070763203793,0.015607194963915149,-0.05779599074803453,-0.20249173122455166,0.6661172496117448
0.006902633692101249,-0.0250696986943311,-0.30476810240238644,-0.029175187952006746,-0.0648461108091708,-0.3362773620237274,0.7618802421386927
0.009367782855724947,-0.02954358477454909,-0.4801533714178999,-0.04572118571575716,-0.0740391681261761,-0.41571373431470116,0.6806463146878242
0.009533258892096042,-0.02508298425783327,-0.4280352809459514,-0.036929217339161595,-0.07629008192091004,-0.37899350599983006,0.6924376302908176
0.009143266675098148,0.05750308568337375,-0.3609004050751895,-0.03621308767119041,-0.10466007668263647,-0.33525614370804785,0.7303604088671313
0.001973496542122725,-0.001651969409105795,-1.036226184528053,0.16033023489604784,-0.03543573376525076,0.04884160784136438,-0.40929444313659613
0.0033143449259145897,-0.004396548474241247,-0.8112662535609857,0.07924364669046544,-0.025941020344144763,-0.004706627800212161,-0.31785273232257444
0.003219616886421942,-0.0035338552218693356,-0.809783811983318,0.07761448251167122,-0.025985644481712915,-0.00720582067590196,-0.30859359072996245
0.0020927637946347153,-0.003438021500441779,-0.8033713379706314,0.0765178647538311,-0.02620206406158261,-0.00951466855987252,-0.30723947677483393
0.002075519684359368,-0.003421363949212827,-0.8192338555603266,0.07729323381260872,-0.02544368408887903,-0.008778593162733772,-0.29501164182805234
0.002182419960609205,-0.0035762263116417017,-0.8101935113023087,0.07525287077773994,-0.0260228801755032,-0.01180094442395518,-0.2868996525787849
0.0021730298408731657,-0.0034613632616107754,-0.8095412923702059,0.07646424990038296,-0.025788051765450758,-0.011617981644645198,-0.2771225888353408
0.0024521817708599374,-0.0033079156624440296,-0.8195402446584048,0.07780633525533233,-0.01727299321229409,-0.013045855969447018,-0.2660246488060759
0.003239705796992532,-0.004064860124333845,-0.8080926312842736,0.07819507926603209,-0.01751562897964526,-0.014160517367445526,-0.22839452855049427
0.004631658617314678,-0.0037554782626526145,-0.8072246553429604,0.0770436555860988,-0.018037595985770063,-0.015605210661705613,-0.20583068665918805
0.010341524323521218,-0.003969534556564422,-0.7596900884303149,0.07656392505933905,-0.0140520117439902,-0.02024541679076823,-0.18097087731375905
0.016030202069640294,-0.003915580174624385,-0.7484859520615622,0.08178052419271438,-0.012340088172398308,-0.021428496370192972,-0.1607249280515325
0.015040539741376199,-0.0032293750515251392,-0.7953947214837503,0.08355204298163856,-0.010176995915530064,-0.02151522182686523,-0.11189763416894796
0.017255754075726323,-0.0038260381079076805,-0.7938311141628597,0.08511820663452012,-0.01064224173671233,-0.02261703517401516,-0.05370501567548205
0.019492571483867027,-0.004465307447218885,-0.7718908166033892,0.08099542340789014,-0.01157989569370756,-0.02331046437905231,-0.021917820288625333
0.01658236152727739,0.0018917930230966777,-0.8002488445369006,0.08561004505981754,-0.012171520988166578,-0.03539851577111726,0.021671436225393127
0.013852776787983283,-0.0005354499993968263,-0.705412175319844,0.08110553065364831,-0.014828288832033819,-0.054609842725954705,0.0719751496524182
0.010628483504239002,-0.0015557190866583121,-0.7089717354790889,0.08704038634152889,-0.024372281138256905,-0.06606156091939751,0.1247831810765709
0.010290233557618201,-0.005838619635247494,-0.6339416106645576,0.07981390491192028,-0.026139800226859324,-0.09240066097052013,0.11468368815758906
0.00821689310383207,-0.0030859260114488893,-0.7183300712673137,0.08617770693592926,-0.03146366843177463,-0.07672300098664389,0.15429929968821118
0.006430872048703852,-0.0032152033285428316,-0.7797658868741602,0.08905726935996527,-0.03475651968963965,-0.08300028060450416,0.15758867083410608
0.0054924838536308165,-0.0032163319722888165,-0.7919799734197152,0.09018845042568469,-0.039341246913541565,-0.08565822462815559,0.17133100987560587
-0.04423082930993873,-0.002580989494062491,-0.9018010565232064,0.13970531767934136,-0.045363339669527734,-0.08052336427045331,0.1933212841620422
-0.026142188769577607,-0.0022597627251992342,-1.0131916500830735,0.12575110062879455,-0.03906954844372882,-0.07649758206302223,0.22531515237385416
-0.021188977219769416,-0.002425512788797412,-1.0846792514432537,0.12480060022495412,-0.038065024712208566,-0.08373058402908906,0.29227926902093615
-0.021071700344886254,-0.002919273152051195,-1.114499305352508,0.12619881970964772,-0.03723113983976998,-0.09250684075361425,0.3845018547321189
-0.020405975229397858,-0.0037146167290727197,-1.1245901038997663,0.12447202862722687,-0.03656851757120828,-0.09870521501138105,0.43746576270913357
-0.02040879824415272,-0.004096068377190521,-1.1138623527812288,0.1336702314347548,-0.03402322145061798,-0.10801454954266633,0.5323579982319928
-0.01285947555423876,-0.004839910375452004,-1.2779380022193219,0.12416899796347185,0.004904491077613055,-0.07517699629108278,0.7332949682267542
-0.0174593645281813,-0.004107590811947972,-1.0966178122042078,0.13686360232040673,-0.032001513753404216,-0.0943155244192501,0.725101542630304
-0.021280423674247883,-0.003374300527354578,-0.9185287631870107,0.13256831412417217,-0.02637508324128526,-0.10630697796907927,0.8241265004996197
-0.030789941223168946,-0.0032888444592704736,-0.8697277340049703,0.13874961027656288,-0.02747092477810208,-0.11293534000661133,0.8396695500821056
-0.037131362182634256,-0.0037579213865957264,-0.8063357367221118,0.13066974831441355,-0.030295692417689497,-0.13382165172287988,0.8478755266037683
-0.037061082744458934,-0.0036315417083141624,-0.8076806315833692,0.13024601925423587,-0.030687569353345944,-0.12866405134449643,0.8429745744724548
-0.0372044528875531,-0.003500880249954819,-0.8007936975806003,0.12901242762374146,-0.030880841136412294,-0.13406424556858912,0.8455010475918833
-0.03800420255253288,-0.003363600102868725,-0.7938125096703281,0.12898973594873395,-0.02963911336423441,-0.13373925724095412,0.8447354389191671
-0.03946588271910344,-0.0028204947150553632,-0.7924502972602686,0.12571174137655788,-0.029567470823812263,-0.1326542261418451,0.8477690976391702
-0.0454727984166617,-0.007110520320778147,-0.47475268339863813,0.1196487332051166,-0.015466871809298533,-0.13929033964284354,0.9641566726752109
-0.0529877154377425,-0.007445740904327335,-0.46260252352847947,0.10786333876288348,-0.016101568324166052,-0.16808758239428323,0.9790758393861646
