sanction,neighbor,log_rgdp,log_pop,polity2,country_id,year_id,iso3st,year,country,incomegroup_t,region_t,exports,imports,sanction_shap,neighbor_shap,log_rgdp_shap,log_pop_shap,polity2_shap,country_id_shap,year_id_shap
0.0,0.0,22.2602674907348,4.580038398547061,-9.0,1.0,19.0,ALB,1980,Albania,Upper middle income,Europe & Central Asia,378073684.2,371431589.5,0.0074639872379637,0.0068861201333144,-2.413971723378044,-0.0216756715711958,0.0138172512856988,-0.0885858312500052,-0.4545370595604388
0.0,0.0,22.31613384787515,4.600068141566344,-9.0,1.0,20.0,ALB,1981,Albania,Upper middle income,Europe & Central Asia,430536142.2,403041958.0,0.0068224036878152,0.0051738673094292,-2.3833114870676693,-0.0138903294366704,0.0166057377811498,-0.0833338486901659,-0.4314334515489052
0.0,0.0,22.34519346534359,4.621200859382448,-9.0,1.0,21.0,ALB,1982,Albania,Upper middle income,Europe & Central Asia,373589755.2,460407913.8,0.0059147369656945,0.0040896123172574,-2.3140995004112304,-0.012530368511617,0.0136103613414112,-0.0915810274405804,-0.4008020964234423
0.0,0.0,22.356182249624922,4.642409712887303,-9.0,1.0,22.0,ALB,1983,Albania,Upper middle income,Europe & Central Asia,354685314.7,405606072.3,0.0061328952201413,0.0039181475593141,-2.2967408326239713,-0.0146539546545863,0.0140001082009478,-0.0862914925354591,-0.402888735189026
0.0,0.0,22.343587298709235,4.663449078967878,-9.0,1.0,23.0,ALB,1984,Albania,Upper middle income,Europe & Central Asia,335069930.1,372867132.9,0.0063074766112404,0.0040233963596254,-2.298323398119951,-0.0235369867163775,0.012526592437886,-0.0963372424772805,-0.3557550416471057
0.0,0.0,22.36123706074326,4.684009024994759,-9.0,1.0,24.0,ALB,1985,Albania,Upper middle income,Europe & Central Asia,319090897.4,362610722.6,0.0065350794552798,0.0035009055496596,-2.253488415187942,-0.0510642918153537,0.0086678046791745,-0.0974954450818239,-0.3207225955719259
0.0,0.0,22.416077865499492,4.703341233242213,-9.0,1.0,25.0,ALB,1986,Albania,Upper middle income,Europe & Central Asia,327312512.5,336224987.5,0.0063493464360571,0.0038208948391835,-2.206597663549219,-0.0636109577579358,0.0072424332154209,-0.096549347796192,-0.3303586790768047
0.0,0.0,22.408168240132422,4.72331163296302,-9.0,1.0,26.0,ALB,1987,Albania,Upper middle income,Europe & Central Asia,333550012.5,335624987.5,0.007693580091094,0.0029537369049859,-2.195496773473314,-0.0754244528851812,0.0057759987764001,-0.1015484472296532,-0.2693523714745084
0.0,0.0,22.39386605325533,4.742178737781731,-9.0,1.0,27.0,ALB,1988,Albania,Upper middle income,Europe & Central Asia,348287487.5,408575012.5,0.0078405647943059,0.0018723110953175,-2.251541375862591,-0.1203711754348493,0.0070730755584472,-0.1048471530646218,-0.2076358045205492
0.0,0.0,22.487689209481744,4.7690573579650675,-9.0,1.0,28.0,ALB,1989,Albania,Upper middle income,Europe & Central Asia,418924987.5,483800000.0,0.0081490400967923,0.0018096129549435,-2.2470532291427374,-0.1277973689949423,0.0080330034437721,-0.0988723744159283,-0.2088304178590144
0.0,0.0,22.387032721801493,4.787048213604187,1.0,1.0,29.0,ALB,1990,Albania,Upper middle income,Europe & Central Asia,312500000.0,487500000.0,0.0083148940040242,0.0008122846411028,-2.295869738936909,-0.1479840617741928,-0.020218939635251,-0.1182076973691026,-0.2145468678510143
0.0,0.0,22.058498909131824,4.781020116912397,3.0,1.0,30.0,ALB,1991,Albania,Upper middle income,Europe & Central Asia,82300000.0,314316659.7,0.0091436010925951,-0.0014259096642954,-2.7705164033195704,-0.2270884593139001,-0.0626095927301268,-0.2240967926630214,-0.169683863354091
0.0,0.0,21.9839142443446,4.774955769785441,5.0,1.0,31.0,ALB,1992,Albania,Upper middle income,Europe & Central Asia,81519209.68,627952433.9,0.0094340569873139,-0.0071133847972268,-2.8882578457264527,-0.190451703114379,-0.049379809118247,-0.2550824712081835,-0.1022145487438824
0.0,0.0,22.075211032950808,4.768854111963867,5.0,1.0,32.0,ALB,1993,Albania,Upper middle income,Europe & Central Asia,189399541.5,764996711.8,0.0093939254088044,-0.0016721566683966,-2.6119162113626535,-0.1836807908780211,-0.0246492769111334,-0.2099252715954161,0.0825437057066319
0.0,0.0,22.154972469526832,4.762715307032778,5.0,1.0,33.0,ALB,1994,Albania,Upper middle income,Europe & Central Asia,225407402.4,773426124.2,0.0092776258666821,-0.0001498302313803,-2.5297722392386928,-0.1886437927470755,-0.0222246361120277,-0.1795213249201124,0.1318383724580045
0.0,0.0,22.280038548886296,4.756538270556959,5.0,1.0,34.0,ALB,1995,Albania,Upper middle income,Europe & Central Asia,356444754.2,809621698.5,0.0084437726664073,-0.0010193295903104,-2.3931285797184443,-0.1911675894899637,-0.0246213048508653,-0.1419482909322984,0.1105768496676312
0.0,0.0,22.367133250486365,4.750323155843366,0.0,1.0,35.0,ALB,1996,Albania,Upper middle income,Europe & Central Asia,371808883.0,1064684091.0,0.0070534870027119,-0.0013680086189372,-2.335578578016366,-0.1870651274932153,-0.0153876721089596,-0.1294679395153675,0.0994440145277316
0.0,0.0,22.251498085702373,4.744068854980419,5.0,1.0,36.0,ALB,1997,Albania,Upper middle income,Europe & Central Asia,230303548.1,795639002.0,0.0056089337791406,-0.0032148660465376,-2.4840032522000524,-0.214088199038189,-0.0250458418669312,-0.1580774889825101,0.203034453557646
0.0,0.0,22.33610963655642,4.737775511194518,5.0,1.0,37.0,ALB,1998,Albania,Upper middle income,Europe & Central Asia,291949980.8,933614569.3,0.0051403881765271,-0.0036536796161202,-2.3968826257341656,-0.1934088543056506,-0.0279994267811844,-0.1410243510266899,0.1946343746290482
0.0,0.0,22.457360462650062,4.731441988563607,5.0,1.0,38.0,ALB,1999,Albania,Upper middle income,Europe & Central Asia,540977918.9,1097558438.0,0.00451536861349,-0.0034277829521421,-2.284804338500196,-0.1649347130668327,-0.0271214053853029,-0.1052541466133765,0.2196153493926818
0.0,0.0,22.52451633602052,4.7250684203669,5.0,1.0,39.0,ALB,2000,Albania,Upper middle income,Europe & Central Asia,700083432.9,1508343757.0,0.0040619227274717,-0.0029631287538009,-2.1583210866037277,-0.0524568025808997,-0.0266605016290903,-0.0823647382344924,0.3072095014235349
0.0,0.0,22.604189553519223,4.715683716032729,5.0,1.0,40.0,ALB,2001,Albania,Upper middle income,Europe & Central Asia,836717868.6,1771127115.0,0.0036730514406821,-0.0053402192050097,-1.971583382107108,-0.0607778245159567,-0.0201847502927974,-0.0867472088254747,0.4070647819681575
0.0,0.0,22.648555891444495,4.712684948688628,7.0,1.0,41.0,ALB,2002,Albania,Upper middle income,Europe & Central Asia,910729673.6,2068787029.0,0.0038850521072219,-0.0081139596710107,-1.7955922785758782,-0.1230644214620511,-0.0240077046717564,-0.0541417740400001,0.3933658685233481
0.0,0.0,22.702368066710005,4.708943457139561,7.0,1.0,42.0,ALB,2003,Albania,Upper middle income,Europe & Central Asia,1169850276.0,2591006000.0,0.0033368470572493,-0.0090611322932855,-1.6935673390390384,-0.1676015282506915,-0.0284488623080948,-0.0370228586238426,0.4338979820168036
0.0,0.0,22.756047856320276,4.704764143663826,7.0,1.0,43.0,ALB,2004,Albania,Upper middle income,Europe & Central Asia,1596261949.0,3220867773.0,0.0031439081773951,-0.009967854264477,-1.696671023206504,-0.2118052148277439,-0.0281157965831396,-0.0319508289593873,0.5230407782493343
0.0,0.0,22.80983905863454,4.699646242553787,9.0,1.0,44.0,ALB,2005,Albania,Upper middle income,Europe & Central Asia,1853023798.0,3853672282.0,0.0025369061932357,-0.0121837797960731,-1.709072689388447,-0.2579530226674852,0.0240202691750981,-0.0232423396170501,0.6467847269827219
0.0,0.0,22.86718923386146,4.693337129886362,9.0,1.0,45.0,ALB,2006,Albania,Upper middle income,Europe & Central Asia,2242665600.0,4364190391.0,0.0024916813720402,-0.012037668977016,-1.6123455711008696,-0.1606945161462858,0.0326335151531772,-0.0067208634126256,0.7732309532758586
0.0,0.0,22.92530020047153,4.685779942090044,9.0,1.0,46.0,ALB,2007,Albania,Upper middle income,Europe & Central Asia,3016116393.0,5867639980.0,0.002431006335116,-0.0177797854385665,-1.6249320050739755,-0.182990899258873,0.031267854773166,-0.0005713147735952,0.8268689800969198
0.0,0.0,22.99762124748475,4.678106512890643,9.0,1.0,47.0,ALB,2008,Albania,Upper middle income,Europe & Central Asia,3259293798.0,6717539641.0,0.0022059760498966,-0.0078479392805077,-1.4770954090103798,-0.0328052903180992,0.0179642754655464,-0.0005057921532088,0.9251022352855932
0.0,0.0,23.030613849907557,4.6713675720106735,9.0,1.0,48.0,ALB,2009,Albania,Upper middle income,Europe & Central Asia,3040047670.0,6004538202.0,0.0021506261523134,-0.005163313675569,-1.3925869938468485,0.0314308509210516,0.007016317726585,0.0004956864329215,0.9563305854081672
0.0,0.0,23.067012682864288,4.66640295225896,9.0,1.0,49.0,ALB,2010,Albania,Upper middle income,Europe & Central Asia,3337086751.0,5792187320.0,0.0024025685249506,-0.0044229478842266,-1.3164677169870602,0.0182946534907061,0.0044208117052964,-0.0019176131385047,1.0055419708206317
0.0,0.0,23.092148184193626,4.663712779298369,9.0,1.0,50.0,ALB,2011,Albania,Upper middle income,Europe & Central Asia,3769456502.0,6700234561.0,0.0026541188825412,-0.0041191314002746,-1.2711133716092355,0.025652803685772,0.0027479778274602,-0.0033403128602519,1.015063118036274
0.0,0.0,23.106221122200445,4.662061268931653,9.0,1.0,51.0,ALB,2012,Albania,Upper middle income,Europe & Central Asia,3565050489.0,5860879318.0,0.0028565153917944,-0.0040755353042569,-1.2436452415449215,0.0271022715718727,0.0026860381093884,-0.0029723757581839,0.9875303678712918
0.0,1.0,23.116191428491973,4.660229155313649,9.0,1.0,52.0,ALB,2013,Albania,Upper middle income,Europe & Central Asia,3694413300.0,5999382666.0,0.0029427336467989,0.0068668700837541,-1.2392721288465365,0.0218572214210543,0.0043866125376289,-0.0039964266952064,0.9775024990831122
0.0,1.0,23.133780321509356,4.658158684804347,9.0,1.0,53.0,ALB,2014,Albania,Upper middle income,Europe & Central Asia,3732057495.0,6243003573.0,0.003951952406048,0.0063364289450472,-1.203660735878704,0.0211414911958588,0.005002113224295,-0.0038989105225394,0.9486423282977152
1.0,1.0,23.15572502918831,4.655246627310165,9.0,1.0,54.0,ALB,2015,Albania,Upper middle income,Europe & Central Asia,3104897799.0,5070977325.0,-0.0417309433083823,0.0056453385861143,-1.1851111983463565,0.0141631561382489,0.0088869785619245,-0.0030036924085955,1.003240346819309
1.0,1.0,23.188337229925896,4.653647823230832,9.0,1.0,55.0,ALB,2016,Albania,Upper middle income,Europe & Central Asia,3437126545.0,5436220773.0,-0.0463509256092661,0.0053377886602032,-1.0873485516394097,0.0179389657794514,0.0143962788976626,0.0085030212344807,1.034406363304551
1.0,1.0,23.225654473016448,4.6527280998202585,9.0,1.0,56.0,ALB,2017,Albania,Upper middle income,Europe & Central Asia,4110301306.0,6070375897.0,-0.0563301650415698,0.0052104043188396,-1.0150791404093555,0.0179736405151331,0.018541520277074,0.01381929280081,1.0590769030443854
1.0,1.0,23.265061319643465,4.65026077994096,9.0,1.0,57.0,ALB,2018,Albania,Upper middle income,Europe & Central Asia,4785182304.0,6856194784.0,-0.0564124765544023,0.0050014381064894,-0.9805710345419584,0.045304992911542,0.0186710777440356,0.0167421447590824,1.0777997953065088
0.0,0.0,23.535819157907696,1.600333555264268,-8.0,19.0,1.0,DZA,1962,Algeria,Lower middle income,Middle East & North Africa,396163384.7,416673668.1,0.0092231545926663,-0.001933232005005,-0.4653168346527196,0.033798808256115,0.0831409061985577,0.0302537728117879,-1.8327622307721805
0.0,0.0,23.830827294974902,1.6155840587222432,-8.0,19.0,2.0,DZA,1963,Algeria,Lower middle income,Middle East & North Africa,667222517.0,995387052.2,0.0134814660633993,-0.0053412022548439,-0.1709580919124287,0.0509763453933041,0.078157369733763,0.0305045516917743,-1.9262087464627005
0.0,0.0,23.88758008271408,1.6319485961040114,-8.0,19.0,3.0,DZA,1964,Algeria,Lower middle income,Middle East & North Africa,729774643.2,856495849.8,0.0137674898369804,-0.0051245174037558,-0.1272834221024121,0.0519390013531165,0.0653667225133334,0.0269339839831885,-1.9499144450498995
0.0,0.0,23.947798958332967,1.6471175173437094,-9.0,19.0,4.0,DZA,1965,Algeria,Lower middle income,Middle East & North Africa,708923934.5,810198782.3,0.012358034186767,-0.0047219890759546,-0.1165063515839319,0.0502258134799956,0.0690946117763208,0.0244477021758867,-1.9620057558334691
0.0,0.0,23.898556497003085,1.6650770156503913,-9.0,19.0,5.0,DZA,1966,Algeria,Lower middle income,Middle East & North Africa,789943812.7,749433873.6,0.0121353585398411,-0.0051079477302415,-0.1322697739801057,0.0496621068341217,0.073814924497577,0.0231677071466935,-1.926357065932352
0.0,0.0,23.988881202339424,1.6875429646806481,-9.0,19.0,6.0,DZA,1967,Algeria,Lower middle income,Middle East & North Africa,789943812.7,729178904.0,0.0110501887298478,-0.0043505245393553,-0.0914255408216955,0.0517447756764293,0.0679759863626041,0.0232415246087733,-1.9604534832339675
0.0,0.0,24.091403842169264,1.7103086644704146,-9.0,19.0,7.0,DZA,1968,Algeria,Lower middle income,Middle East & North Africa,891218660.5,931728599.6,0.0099602208012612,-0.0044997689456626,0.017443935365659,0.055649305442987,0.0356783898695906,0.0223447782979834,-1.8933371610551812
0.0,0.0,24.17236871173067,1.733076044267178,-9.0,19.0,8.0,DZA,1969,Algeria,Lower middle income,Middle East & North Africa,1012748478.0,1195043265.0,0.008492920470078,-0.0044538815850241,0.049791144353396,0.056671012717277,0.0251181841111694,0.0226351268587684,-1.8550452556421664
0.0,0.0,24.257285586959775,1.7556568001457113,-9.0,19.0,9.0,DZA,1970,Algeria,Lower middle income,Middle East & North Africa,1073513326.0,1417847869.0,0.0077996957697048,-0.0041049060726207,0.0625566263371711,0.0569274317923004,0.0104699014601559,0.0232459514160736,-1.765377178613653
0.0,0.0,24.13701762581086,1.7782680205412342,-9.0,19.0,10.0,DZA,1971,Algeria,Lower middle income,Middle East & North Africa,936360464.6,1404540636.0,0.0087368618930356,-0.0033612116355089,-0.0533376828553162,0.0632119617562559,0.0258926931181314,0.0214812263824902,-1.6982953050938083
0.0,0.0,24.379367308737258,1.8012751285625386,-9.0,19.0,11.0,DZA,1972,Algeria,Lower middle income,Middle East & North Africa,1383769500.0,1740871306.0,0.0129936103187293,-0.0026313184809851,0.0848950886701801,0.0637528126990294,0.0022159385360109,0.0208897649351865,-1.4778671445170262
0.0,0.0,24.416790024690126,1.8248444380073217,-9.0,19.0,12.0,DZA,1973,Algeria,Lower middle income,Middle East & North Africa,2220822992.0,2750792039.0,0.003833774438499,-0.0021862468077384,0.0765958670407732,0.0841694324808815,0.020248526744803,0.0161698275059698,-1.083925047709475
0.0,0.0,24.48906340798821,1.8490796486776864,-9.0,19.0,13.0,DZA,1974,Algeria,Lower middle income,Middle East & North Africa,5118698918.0,4688153800.0,0.0040999469755758,0.0018910190215769,0.2504067546470646,0.1074387049617693,0.0411773311559094,0.0004175108595852,-0.7632160707522593
0.0,0.0,24.538285303839267,1.8844651571040854,-9.0,19.0,14.0,DZA,1975,Algeria,Lower middle income,Middle East & North Africa,5241291935.0,6684546140.0,0.01187503838274,0.0041145253833849,-1.168426733234018,0.0795097850746512,0.0075298146312488,0.0126160280398339,-1.1783327222716264
0.0,0.0,24.618821026739358,1.930009011836367,-9.0,19.0,15.0,DZA,1976,Algeria,Lower middle income,Middle East & North Africa,5859996277.0,6580487773.0,0.0024458029841804,0.0086366960915207,0.6875845889812263,0.1179141294780923,0.0160267397597047,-0.008872791622541,-0.6661645815821827
0.0,0.0,24.67007088704382,1.9663224123344485,-9.0,19.0,16.0,DZA,1977,Algeria,Lower middle income,Middle East & North Africa,6414649589.0,8753826797.0,0.0023914007287037,0.0122804461489336,0.7005689937775899,0.1103158390468704,0.0192500683840179,-0.012429843096231,-0.5816641667118599
0.0,0.0,24.7582176132067,1.994768002770491,-9.0,19.0,17.0,DZA,1978,Algeria,Lower middle income,Middle East & North Africa,6732393454.0,10590281903.0,0.0021896063485738,0.0137734598960028,0.7658394569351832,0.1032009417647299,0.0186877744175692,-0.0172110661606799,-0.5476899789044337
0.0,0.0,24.83033198887748,2.0245747631543884,-9.0,19.0,18.0,DZA,1979,Algeria,Lower middle income,Middle East & North Africa,10354849612.0,10925793281.0,0.0028913103453083,0.0243716030807615,0.8352035742974095,0.1174904504710128,0.0270333374029482,-0.0184631087161644,-0.3970990344492572
0.0,0.0,24.838206969378525,2.0557158923329077,-9.0,19.0,19.0,DZA,1980,Algeria,Lower middle income,Middle East & North Africa,14540906201.0,12847073135.0,0.0028134261822049,0.0292689417439285,0.8541936965355958,0.1363349554565484,0.0276852786181611,-0.0150755636042703,-0.3014395885361919
0.0,0.0,24.86776573365606,2.088156718336101,-9.0,19.0,20.0,DZA,1981,Algeria,Lower middle income,Middle East & North Africa,15338958197.0,13693843725.0,0.0025487298181331,0.0275748239212684,0.8414567343491232,0.128140211683797,0.0262823887148953,-0.0188485950811054,-0.2739954369606173
0.0,0.0,24.929801163241034,2.121497904613843,-9.0,19.0,21.0,DZA,1982,Algeria,Lower middle income,Middle East & North Africa,13980251588.0,13109208304.0,0.0025005099801502,0.0262123873087119,0.8609344812673662,0.1229412373626828,0.0230135479586298,-0.020224625691756,-0.2937535293473777
0.0,0.0,24.982393642054397,2.1554244404703065,-9.0,19.0,22.0,DZA,1983,Algeria,Lower middle income,Middle East & North Africa,13635984130.0,12591881327.0,0.0023797962817902,0.0262195851699383,0.877515591517807,0.1236907161469989,0.0223215618282525,-0.0183518571825967,-0.3045025638048896
0.0,0.0,25.036881794473537,2.189558883616586,-9.0,19.0,23.0,DZA,1984,Algeria,Lower middle income,Middle East & North Africa,13805905456.0,14749040620.0,0.0023564004842323,0.0272188142331343,0.889588963388752,0.1118243143497133,0.0182390499329887,-0.0168801449926407,-0.3014536758365372
0.0,0.0,25.073213697249507,2.223599428586711,-9.0,19.0,24.0,DZA,1985,Algeria,Lower middle income,Middle East & North Africa,13664028064.0,15493853614.0,0.0018176564533626,0.026713021409788,0.8998572123787165,0.1099210194243391,0.0131060020712593,-0.015052423919854,-0.3209614272835919
0.0,0.0,25.077205728504246,2.256535966625779,-9.0,19.0,25.0,DZA,1986,Algeria,Lower middle income,Middle East & North Africa,8187453058.0,14758682284.0,0.0017815049233666,0.0245531998053389,0.8824064911945996,0.1023160290684313,0.0047962124638377,-0.0166119267618158,-0.3309777967728698
0.0,0.0,25.070181138484205,2.2867672472878104,-9.0,19.0,26.0,DZA,1987,Algeria,Lower middle income,Middle East & North Africa,9526280058.0,12289313328.0,0.0018217470333626,0.0232771070332669,0.8720699889220906,0.0928476949228558,-0.0034173766753031,-0.0178220525481405,-0.2873650575150611
0.0,0.0,25.06013074716513,2.3147761343516375,-9.0,19.0,27.0,DZA,1988,Algeria,Lower middle income,Middle East & North Africa,9163505595.0,13356401461.0,0.0022255900663589,0.01988662907575,0.8597606861541793,0.0843606465585123,-0.0084265585992588,-0.0260780866221562,-0.2217116634147861
0.0,0.0,25.103190257327903,2.3411753718884807,-2.0,19.0,28.0,DZA,1989,Algeria,Lower middle income,Middle East & North Africa,10369902260.0,15863715871.0,0.0019155855799656,0.0194192869036464,0.9357869253140864,0.0812739702900726,-0.0433665648156655,-0.0234632969947861,-0.2018230363724062
0.0,0.0,25.11115843273023,2.3659650448117953,-2.0,19.0,29.0,DZA,1990,Algeria,Lower middle income,Middle East & North Africa,14546456704.0,15473054068.0,0.0023153632071007,0.0198720243958953,0.9784858628580104,0.0805072281599578,-0.0440867688832923,-0.0285560217110923,-0.1272315989549989
0.0,0.0,25.099085845566375,2.389800809938178,-2.0,19.0,30.0,DZA,1991,Algeria,Lower middle income,Middle East & North Africa,13311409366.0,10788791994.0,0.0030688865117911,0.0177909684755479,0.9931673994060262,0.0779229791239691,-0.0452609631211427,-0.0314577981551612,-0.0910223254305813
1.0,0.0,25.116925786315292,2.414153311731587,-7.0,19.0,31.0,DZA,1992,Algeria,Lower middle income,Middle East & North Africa,12154198605.0,11458103093.0,-0.0349840917863725,0.0128520348986729,1.056990714313449,0.0974668876243361,-0.0417030911367467,-0.0354462235295947,-0.0439936415529441
1.0,0.0,25.09570214213198,2.438214303035112,-7.0,19.0,32.0,DZA,1993,Algeria,Lower middle income,Middle East & North Africa,10880084682.0,11556877008.0,-0.0352694236486294,0.0120437877632178,1.0399475447780122,0.0930737222346676,-0.0427224478909486,-0.0392411400302819,0.0111268258844672
1.0,0.0,25.086661432258865,2.4603393216617024,-7.0,19.0,33.0,DZA,1994,Algeria,Lower middle income,Middle East & North Africa,9585286282.0,11084076997.0,-0.034712475150324,0.0121181894591145,1.0411810017226475,0.0919906519154196,-0.0439407334688219,-0.0416921687193059,0.0589004211186135
0.0,0.0,25.12395716681529,2.481026296779997,-3.0,19.0,34.0,DZA,1995,Algeria,Lower middle income,Middle East & North Africa,10940062643.0,12110069749.0,0.0013827230782229,0.0101858233467474,0.9964834620222672,0.07039364924964,-0.0432161977136058,-0.0396981547243289,0.134994669472328
0.0,0.0,25.16413894174398,2.50060331667023,-3.0,19.0,35.0,DZA,1996,Algeria,Lower middle income,Middle East & North Africa,13970016988.0,11240014124.0,0.0003787907752725,0.0087282990669057,0.9883694809462504,0.0682844412475716,-0.0442237686323105,-0.0374401138815843,0.1655115411181877
0.0,0.0,25.175078881182607,2.5192435132295428,-3.0,19.0,36.0,DZA,1997,Algeria,Lower middle income,Middle East & North Africa,14889922793.0,10279946208.0,-0.0009099172672505,0.0065936929261791,0.9523847820146396,0.0666713633423306,-0.0458961346247573,-0.0360337545966288,0.2108640218106338
0.0,0.0,25.224821007415677,2.5351688759740405,-3.0,19.0,37.0,DZA,1998,Algeria,Lower middle income,Middle East & North Africa,10880008006.0,10850007516.0,-0.0008825197222145,0.0058079707265502,0.9752583245930734,0.0622294449611401,-0.0474164521936213,-0.0356075416858001,0.2081854111887939
0.0,1.0,25.256319689518705,2.5490541648051406,-3.0,19.0,38.0,DZA,1999,Algeria,Lower middle income,Middle East & North Africa,13692404115.0,11079856776.0,-0.0014204390341391,-0.0064080245931423,0.991301194047194,0.0638357300073813,-0.0508420399097159,-0.0378254600195616,0.2445021727695995
0.0,1.0,25.29361547425178,2.56305085028287,-3.0,19.0,39.0,DZA,2000,Algeria,Lower middle income,Middle East & North Africa,23050166017.0,11390170996.0,-0.0005868401548606,-0.0059642431825571,1.0656595834599814,0.0677987288365258,-0.066489175203286,-0.0294583943882267,0.2798293874401379
0.0,1.0,25.32317427650428,2.5767837630542396,-3.0,19.0,40.0,DZA,2001,Algeria,Lower middle income,Middle East & North Africa,20272584009.0,12125335043.0,-0.0003757160929049,-0.0055772491000492,1.084142093002648,0.0671752439890368,-0.0692538556649915,-0.0278350546619387,0.3025428486137974
0.0,1.0,25.377664186406328,2.590087710844813,-3.0,19.0,41.0,DZA,2002,Algeria,Lower middle income,Middle East & North Africa,20384692132.0,14427027970.0,-0.0002487935662487,-0.0060696685976075,1.132727751846316,0.0664372612332092,-0.0780875291732723,-0.0240928935631802,0.2956396542138793
0.0,1.0,25.447187478409894,2.6033838637061515,-3.0,19.0,42.0,DZA,2003,Algeria,Lower middle income,Middle East & North Africa,26210435497.0,16239633129.0,-0.0014362078664736,-0.0061454531689669,1.1567805678792669,0.0606595002755988,-0.0865762925763466,-0.0219144390077299,0.3605751281320303
0.0,1.0,25.489287062276475,2.61734826819925,2.0,19.0,43.0,DZA,2004,Algeria,Lower middle income,Middle East & North Africa,35288382278.0,21108011868.0,-0.0022432285819235,-0.0072418827227886,1.243754338446669,0.0655663724355832,-0.0788367398001447,-0.0222581118603184,0.5566201757509266
0.0,1.0,25.54661527246763,2.6319813560008063,2.0,19.0,44.0,DZA,2005,Algeria,Lower middle income,Middle East & North Africa,47497958003.0,24052494566.0,-0.0019281592668463,-0.0048184872998845,1.343852888843272,0.070475347892683,-0.06628707794892,-0.0105759770154514,0.7603056164837879
0.0,1.0,25.563468618641124,2.6473940927484128,2.0,19.0,45.0,DZA,2006,Algeria,Lower middle income,Middle East & North Africa,56328445411.0,24802903073.0,-0.0019228941527146,-0.0038683009201365,1.3612225430058562,0.068704507077619,-0.0637720578939236,-0.007039556544891,0.8440394149230946
0.0,1.0,25.596904694462143,2.6640848094762744,2.0,19.0,46.0,DZA,2007,Algeria,Lower middle income,Middle East & North Africa,63718503039.0,32522138070.0,-0.0019876495303181,-0.0040396512160349,1.4007126169787778,0.0645851978342968,-0.0595173008250391,-0.0070604410982552,0.9639267047763944
0.0,1.0,25.6206204445837,2.682273340076886,2.0,19.0,47.0,DZA,2008,Algeria,Lower middle income,Middle East & North Africa,82340143196.0,45783784537.0,-0.0018467188795471,-0.0052324858503727,1.4402944210571222,0.0667505225119427,-0.0494914232251235,-0.0082379713860506,1.0537035928077632
0.0,1.0,25.636494087689094,2.701432192311514,2.0,19.0,48.0,DZA,2009,Algeria,Lower middle income,Middle East & North Africa,48982402224.0,47648700297.0,-0.001841071580524,-0.0052677450342148,1.4304531258413948,0.0653850277236726,-0.0494161776407118,-0.0087196022051776,1.0653463799312923
0.0,1.0,25.671862593451596,2.720902780381564,2.0,19.0,49.0,DZA,2010,Algeria,Lower middle income,Middle East & North Africa,62203842893.0,50674049706.0,-0.0013483191304585,-0.0053180538656853,1.4279222176465494,0.0652787541160792,-0.0486240691352196,-0.0101116521075705,1.0912709688468225
0.0,1.0,25.700447754783447,2.740471724498389,2.0,19.0,50.0,DZA,2011,Algeria,Lower middle income,Middle East & North Africa,78573489719.0,57272844072.0,-0.0012344016636855,-0.0058666450413178,1.444911982148159,0.0640542644214236,-0.0486540719700715,-0.0136277838208261,1.0830661535611747
0.0,1.0,25.733887797620444,2.7603998032668797,2.0,19.0,51.0,DZA,2012,Algeria,Lower middle income,Middle East & North Africa,78098361758.0,59908816253.0,-0.0011340524965918,-0.005755910494619,1.4638564243393328,0.0640227112150061,-0.0503953918502475,-0.0177819090125079,1.0686903286107297
0.0,1.0,25.761503327822915,2.780595114744765,2.0,19.0,52.0,DZA,2013,Algeria,Lower middle income,Middle East & North Africa,70746581763.0,65124130006.0,-0.000826292491455,-0.0057049868308911,1.4685159263929914,0.0633469672932378,-0.0505466626398679,-0.0192964597110863,1.064038690667406
0.0,1.0,25.798795838738275,2.8009737673298756,2.0,19.0,53.0,DZA,2014,Algeria,Lower middle income,Middle East & North Africa,65994736570.0,70019891159.0,-0.0009715440160299,-0.0056877296653156,1.4798619737173395,0.0604206429048763,-0.0558752562149411,-0.024647417472067,1.0514936993710997
0.0,1.0,25.835127111276297,2.821535827069574,2.0,19.0,54.0,DZA,2015,Algeria,Lower middle income,Middle East & North Africa,38489004323.0,61266393934.0,-0.0014509629722532,-0.0057574261308756,1.4631472036913138,0.0533602079978899,-0.0698903989829595,-0.0310956461340798,1.021055083709742
0.0,1.0,25.86662970149169,2.8420927382367838,2.0,19.0,55.0,DZA,2016,Algeria,Lower middle income,Middle East & North Africa,33417246978.0,56532525720.0,-0.0015769900469511,-0.0057367790928806,1.461128030913898,0.0510762079360531,-0.0765260263399912,-0.0342707134332515,1.0019577907912989
0.0,1.0,25.879541414242265,2.8624127441991467,2.0,19.0,56.0,DZA,2017,Algeria,Lower middle income,Middle East & North Africa,38609773041.0,55990439550.0,-0.0015821897625246,-0.0055154267309016,1.4635461024013856,0.0496684599730789,-0.0824282877998208,-0.0359194792652657,0.9922350900263448
0.0,1.0,25.891474518147426,2.8817908066146676,2.0,19.0,57.0,DZA,2018,Algeria,Lower middle income,Middle East & North Africa,45570702426.0,56446212848.0,-0.0016164042884771,-0.0051046135335074,1.4641018901222491,0.0493488059545551,-0.0834956184775828,-0.0363623219582784,0.9875212450313716
1.0,0.0,24.29516479193848,2.6318062590290787,-2.0,0.0,41.0,AGO,2002,Angola,Lower middle income,Sub-Saharan Africa,8568772528.0,7110406405.0,-0.0687976931271281,-0.0026059754804422,-0.0171053663030991,0.1232644000106529,-0.0348200801489095,0.0282036210694087,0.3648031582254929
1.0,0.0,24.3246265020863,2.6667396865810433,-2.0,0.0,42.0,AGO,2003,Angola,Lower middle income,Sub-Saharan Africa,9675623585.0,8770763873.0,-0.0517708203716999,-0.0111488258557247,0.0258296571485766,0.0952597175764656,-0.0341248411036835,0.0428653793942051,0.4883724131568813
0.0,0.0,24.428535965509766,2.702684262167895,-2.0,0.0,43.0,AGO,2004,Angola,Lower middle income,Sub-Saharan Africa,13780895593.0,10621507095.0,0.0033856045542317,0.0063879036855502,0.0774936716029449,0.0728504315721376,-0.0292067980690456,0.0474470757043723,0.5956692014048052
0.0,0.0,24.568558743350238,2.7391469514865814,-2.0,0.0,44.0,AGO,2005,Angola,Lower middle income,Sub-Saharan Africa,24309456976.0,15158700248.0,0.0057663363070624,0.0115709499647777,0.6059983812460651,0.0823620028989823,-0.0262917891436115,0.1776669134043439,0.751983535297672
0.0,0.0,24.677861478226074,2.7759958713096946,-2.0,0.0,45.0,AGO,2006,Angola,Lower middle income,Sub-Saharan Africa,33346563890.0,16288863668.0,0.0007784067794597,0.0018604441430927,0.7501080886444929,0.0876652673878703,-0.0280123791418107,0.2358379375234167,0.8315276806322116
0.0,0.0,24.808977456167284,2.8134216735000113,-2.0,0.0,46.0,AGO,2007,Angola,Lower middle income,Sub-Saharan Africa,44706822242.0,26304660776.0,-0.0001786657465221,0.0020628910872857,0.8611467692667473,0.0889525051245788,-0.02666615956034,0.292918203818206,0.9060445999297164
0.0,0.0,24.914867831360862,2.851204571088101,-2.0,0.0,47.0,AGO,2008,Angola,Lower middle income,Sub-Saharan Africa,64243944324.0,43121902047.0,-0.0001703327002405,0.0020811889323651,0.9187405493006978,0.0926547502091006,-0.0208047400544845,0.2419023749142795,0.9507886018077248
0.0,0.0,24.923431062047367,2.88922019009641,-2.0,0.0,48.0,AGO,2009,Angola,Lower middle income,Sub-Saharan Africa,41587432936.0,41966880323.0,-0.0001648040178455,0.0021026946784015,0.910519516923949,0.0923339639086074,-0.0199959183491286,0.2315486239527086,0.9596815976884374
0.0,0.0,24.9708870031885,2.9277311726000184,-2.0,0.0,49.0,AGO,2010,Angola,Lower middle income,Sub-Saharan Africa,51492639142.0,35449385343.0,-0.0001260854790211,0.0022148452096501,0.91554534134578,0.0911775229847061,-0.0185335424453326,0.2022522456603821,0.9821888407289407
0.0,0.0,25.004998532838243,2.9666106324685826,-2.0,0.0,50.0,AGO,2011,Angola,Lower middle income,Sub-Saharan Africa,67949213242.0,43838125871.0,-0.0001199216837661,0.0022273578307644,0.9148442851398286,0.0928867687082301,-0.0184668688653253,0.1984659241850127,0.9922871777947906
0.0,0.0,25.08694711551323,3.005446468113337,-2.0,0.0,51.0,AGO,2012,Angola,Lower middle income,Sub-Saharan Africa,71825305616.0,45817586149.0,-0.0003587023144023,0.0018177123986923,0.9725321061062984,0.0907381679162277,-0.0161062267537089,0.1224349951910254,1.0277272234539392
0.0,0.0,25.13526097575993,3.043946275106949,-2.0,0.0,52.0,AGO,2013,Angola,Lower middle income,Sub-Saharan Africa,67326138853.0,47805328237.0,-0.0004293677703993,0.0018243358365973,0.9776563551001494,0.0882734271319609,-0.0168731567148793,0.0979386499595007,1.0298800361975182
0.0,0.0,25.182335383131804,3.08127355539975,-2.0,0.0,53.0,AGO,2014,Angola,Lower middle income,Sub-Saharan Africa,56798432761.0,49972198759.0,-0.0007865851597284,0.0016066115264564,0.9773201114903872,0.0797769240256858,-0.0173950228556181,0.059186484136271,1.0311578510415358
0.0,0.0,25.191691478060804,3.1173242716716643,-2.0,0.0,54.0,AGO,2015,Angola,Lower middle income,Sub-Saharan Africa,26813916786.0,29563627047.0,-0.0007623542257932,0.0016684883981806,0.9396548552586654,0.0517818829620068,-0.018396640666313,0.0280838222326154,0.9987948161706348
0.0,0.0,25.165552820485626,3.1530886862388163,-2.0,0.0,55.0,AGO,2016,Angola,Lower middle income,Sub-Saharan Africa,14765476550.0,13386621550.0,-0.0009633895983541,0.0016596251177527,0.9031759846289656,0.0484181839088013,-0.0183945337584858,0.0316643104397469,0.974557144291349
0.0,0.0,25.164051694355315,3.1884948085532874,-2.0,0.0,56.0,AGO,2017,Angola,Lower middle income,Sub-Saharan Africa,21480034960.0,17050137821.0,-0.0009460458431248,0.0018369532001604,0.9026930890874844,0.0518275652820014,-0.0186597906053689,0.0321917878515218,0.9770127391705836
0.0,0.0,25.150801171622877,3.2230271386292983,-2.0,0.0,57.0,AGO,2018,Angola,Lower middle income,Sub-Saharan Africa,32444713523.0,20293074054.0,-0.0009518457755788,0.0019177650112456,0.9227950031014266,0.0531505011318259,-0.0189023820465812,0.0458487394650436,0.986752516158402
0.0,0.0,25.792063115211487,2.0246531063972464,5.0,2.0,0.0,ARG,1961,Argentina,Upper middle income,Latin America & Caribbean,1206915940.0,1206915602.0,-0.0012762850692438,0.000727222830729,1.1628360286235653,-0.012472730618722,-0.0369573310038108,-0.1020464311617389,-2.3153622535653167
0.0,0.0,25.783503663564257,2.041221515222571,5.0,2.0,1.0,ARG,1962,Argentina,Upper middle income,Latin America & Caribbean,860375634.2,1720750787.0,-0.0010790840199135,0.0005260692607258,1.1498237033534964,-0.0141251568094459,-0.0388846471465582,-0.1019933235468452,-2.3214718737993874
0.0,0.0,25.728962288345823,2.0576554994059624,6.0,2.0,2.0,ARG,1963,Argentina,Upper middle income,Latin America & Caribbean,1441753550.0,1441753153.0,-9.96961556844583e-05,0.0007726244717367,1.1937542929140783,0.0019554498134522,-0.0391988320601778,-0.0945032138672202,-2.2110657622733147
0.0,0.0,25.825458824523032,2.073758587617404,6.0,2.0,3.0,ARG,1964,Argentina,Upper middle income,Latin America & Caribbean,1424603255.0,1424602864.0,0.0002440194285814,0.0008958004877954,1.2403856253956027,0.0011880933225983,-0.0391810474625667,-0.0917119528430957,-2.2033807973977355
0.0,0.0,25.925930965194787,2.089399732279344,6.0,2.0,4.0,ARG,1965,Argentina,Upper middle income,Latin America & Caribbean,1764705803.0,1176470539.0,0.0001820296101512,0.0004319860060581,1.3061573581348491,0.0041544232027361,-0.0412129852624919,-0.0883181172833119,-2.188227917123389
0.0,0.0,25.91931235434203,2.1047148457582168,-9.0,2.0,5.0,ARG,1966,Argentina,Upper middle income,Latin America & Caribbean,1904761830.0,1428571371.0,0.0005892852652864,0.001041163295518,1.2651611173166435,0.0082657869039662,-0.019606918709691,-0.0887579505266602,-2.140354098133901
0.0,0.0,25.950731462522498,2.119970102232555,-9.0,2.0,6.0,ARG,1967,Argentina,Upper middle income,Latin America & Caribbean,1818181858.0,1212121237.0,0.0006286719261274,0.0010941740196538,1.2799161793245646,0.0057410453415225,-0.0202928758523563,-0.0882288996660481,-2.1493604992209576
0.0,0.0,25.99782827613983,2.1352708028167244,-9.0,2.0,7.0,ARG,1968,Argentina,Upper middle income,Latin America & Caribbean,1714285705.0,1428571475.0,0.0007190782769096,0.0010845017468203,1.2824696319838635,0.0046930554179658,-0.020271048130632,-0.0887525882507089,-2.144822618690686
0.0,0.0,26.090222679211134,2.1506218723990624,-9.0,2.0,8.0,ARG,1969,Argentina,Upper middle income,Latin America & Caribbean,2000000041.0,2000000041.0,2.237902199017737e-05,0.0010147420710359,1.2811381555934651,0.0055595651140181,-0.0220177891825097,-0.0911864133043855,-2.124835161602876
0.0,0.0,26.120224193622466,2.1662220665043215,-9.0,2.0,9.0,ARG,1970,Argentina,Upper middle income,Latin America & Caribbean,1769210603.0,1495789482.0,0.0009049735978877,-0.0009575609437591,1.277855927600996,0.0099309419407945,-0.0297597509273277,-0.1090624022036464,-2.0079156541779697
0.0,0.0,26.17526520207924,2.181964649412871,-9.0,2.0,10.0,ARG,1971,Argentina,Upper middle income,Latin America & Caribbean,2000000003.0,2199999959.0,0.0010113586972663,-0.0013963575055537,1.3027111719653186,0.0164811979099965,-0.032999261991453,-0.1211094855077443,-1.909401088042867
0.0,0.0,26.191414581751058,2.197797611676232,-9.0,2.0,11.0,ARG,1972,Argentina,Upper middle income,Latin America & Caribbean,2500000047.0,2374999979.0,0.0004960506170584,-0.0008697588310443,1.328150333834183,0.0245472685886301,-0.0362854727760111,-0.130998675860765,-1.7548405089741443
0.0,0.0,26.219146348245815,2.2139651728103757,6.0,2.0,12.0,ARG,1973,Argentina,Upper middle income,Latin America & Caribbean,4000000136.0,3000000102.0,-0.0008080738219285,0.0080441288427115,1.4489746961249097,0.0345973565042507,-0.1000080140231037,-0.1476027767240749,-1.3349851316091883
0.0,1.0,26.27300707023119,2.230412494350062,6.0,2.0,13.0,ARG,1974,Argentina,Upper middle income,Latin America & Caribbean,4999999840.0,4555555490.0,7.045142708124756e-05,-0.0224705852976839,1.422247990012265,0.0157762220479121,-0.1171430700875045,-0.1608348526521434,-1.1628671340094947
0.0,1.0,26.272723172113707,2.2464935779562887,6.0,2.0,14.0,ARG,1975,Argentina,Upper middle income,Latin America & Caribbean,3054054017.0,3135135021.0,-0.0005390520371423,-0.0234234442998001,1.3988960116152906,0.0023751820978066,-0.1194144572655397,-0.1909223913151367,-1.1321127393438546
0.0,1.0,26.252333748130404,2.262145901028876,-9.0,2.0,15.0,ARG,1976,Argentina,Upper middle income,Latin America & Caribbean,4695000304.0,3030000057.0,0.0028275893379933,-0.0281654212990954,1.4323691417169429,0.0036206156435382,-0.0228189974765449,-0.212794822638034,-0.9566692878957148
1.0,1.0,26.319377722370827,2.2779820051262165,-9.0,2.0,16.0,ARG,1977,Argentina,Upper middle income,Latin America & Caribbean,5459999881.0,4159999873.0,-0.0172662797259372,-0.034295722809459,1.4377700992938405,0.0231165584052913,-0.0411123545548678,-0.2137461189111519,-0.9068983397856488
1.0,1.0,26.273267563342234,2.293970505455436,-9.0,2.0,17.0,ARG,1978,Argentina,Upper middle income,Latin America & Caribbean,7665724160.0,5089538172.0,-0.0178070951412846,-0.0350154542048497,1.4253498546550063,0.0180463593203644,-0.0409165897241702,-0.2261794201506455,-0.8658572528688129
1.0,1.0,26.37060140928418,2.309938983734782,-9.0,2.0,18.0,ARG,1979,Argentina,Upper middle income,Latin America & Caribbean,4508960597.0,4383512571.0,-0.0251794254215595,-0.057382195914318,1.4317480193208003,0.0177733496745126,-0.0496291221219041,-0.2699678637382777,-0.7724001557794826
1.0,1.0,26.38567755542911,2.3258694061033713,-9.0,2.0,19.0,ARG,1980,Argentina,Upper middle income,Latin America & Caribbean,3895791555.0,4989980080.0,-0.0357554920514543,-0.0604653817181147,1.4464169291808944,0.0165092348714754,-0.0610314832921888,-0.2919006077466282,-0.6754498189774768
1.0,1.0,26.332382257638024,2.341889529565501,-8.0,2.0,20.0,ARG,1981,Argentina,Upper middle income,Latin America & Caribbean,5445263190.0,5800000171.0,-0.034883960103105,-0.0392180310998646,1.566159621556061,0.0212631986458841,-0.0715177935495471,-0.2996302624587024,-0.5183202343140141
1.0,0.0,26.32500082033229,2.3579315973169175,-8.0,2.0,21.0,ARG,1982,Argentina,Upper middle income,Latin America & Caribbean,7663966256.0,5497685333.0,-0.0331650564535781,0.0127284201373009,1.6095901291305126,0.0437232013274181,-0.0660705995315744,-0.2592422118533117,-0.4471124452911335
1.0,0.0,26.367570740005803,2.3739506399922705,8.0,2.0,22.0,ARG,1983,Argentina,Upper middle income,Latin America & Caribbean,9515669467.0,6068376037.0,-0.0314714376744119,0.0112057275806244,1.6077357904137914,0.0504893137864338,-0.0741656549938022,-0.2608499099779626,-0.4651338714331811
1.0,0.0,26.38315563513825,2.389874208993959,8.0,2.0,23.0,ARG,1984,Argentina,Upper middle income,Latin America & Caribbean,8873730059.0,5561048223.0,-0.0341442951664402,0.0114117519347181,1.6145125620553078,0.0502453214914741,-0.073002277787235,-0.2594956072236014,-0.4489064485814338
1.0,0.0,26.329872726344217,2.4056005020375917,8.0,2.0,24.0,ARG,1985,Argentina,Upper middle income,Latin America & Caribbean,10345475059.0,5529993736.0,-0.031024282821591,0.0112343482056659,1.5985843643123565,0.0514866704794506,-0.0709039681098504,-0.2591555741489293,-0.4329768044811801
1.0,0.0,26.389585252869402,2.4211544141136456,8.0,2.0,25.0,ARG,1986,Argentina,Upper middle income,Latin America & Caribbean,8641279278.0,6695427336.0,-0.0333560239575126,0.0111845845988381,1.622175078976266,0.0537454320719103,-0.0723584685453484,-0.2607733966829885,-0.4239945237162454
1.0,0.0,26.416273807878937,2.436605707180183,8.0,2.0,26.0,ARG,1987,Argentina,Upper middle income,Latin America & Caribbean,8566904947.0,8243255952.0,-0.0368084589130247,0.0086820998678056,1.658522108839853,0.0506758215277413,-0.0769331865815594,-0.2828286720146156,-0.4143893607237073
1.0,0.0,26.405317226025492,2.452104739836405,8.0,2.0,27.0,ARG,1988,Argentina,Upper middle income,Latin America & Caribbean,12094686105.0,7882225528.0,-0.0327735454537774,0.0091447891469465,1.6750629618589403,0.0566091081596673,-0.0831756684138371,-0.2664652308081053,-0.3420823802351732
1.0,1.0,26.33105489844753,2.4674182214665557,7.0,2.0,28.0,ARG,1989,Argentina,Upper middle income,Latin America & Caribbean,10006623327.0,5041767786.0,-0.0312404166260372,-0.0305339164760274,1.6095358830913955,0.0668624295814383,-0.0886605477869951,-0.2379781100471101,-0.3027472795068761
0.0,0.0,26.306073939043394,2.4823339682790664,7.0,2.0,29.0,ARG,1990,Argentina,Upper middle income,Latin America & Caribbean,14643479947.0,6546497152.0,0.0057593166344709,0.0101835265512554,1.611420054252454,0.0393401271732374,-0.076215643397612,-0.2202193676578956,-0.216342396245852
0.0,0.0,26.39347429248918,2.496712769151125,7.0,2.0,30.0,ARG,1991,Argentina,Upper middle income,Latin America & Caribbean,14561091033.0,11531201154.0,0.0062855458250243,0.0107851994810196,1.64657040222651,0.0405225866628188,-0.0815164322988134,-0.2280029852216548,-0.1930111572256344
0.0,0.0,26.469852340594176,2.510556580425955,7.0,2.0,31.0,ARG,1992,Argentina,Upper middle income,Latin America & Caribbean,15095261860.0,18606116034.0,0.0098265124718591,0.0057775542889848,1.8445338726899432,0.0213398328707631,-0.0931326071586158,-0.2448309196559076,-0.157200475433663
0.0,0.0,26.548728927002525,2.5240929825425904,7.0,2.0,32.0,ARG,1993,Argentina,Upper middle income,Latin America & Caribbean,16357317317.0,22049649650.0,0.0071026271709536,0.0035904586880747,2.0158544896003643,-0.0048092177072689,-0.0911705448431261,-0.2837438686944748,-0.1277920090719282
0.0,0.0,26.60545108888923,2.5374943584348295,7.0,2.0,33.0,ARG,1994,Argentina,Upper middle income,Latin America & Caribbean,19385100000.0,27299960000.0,0.0066459110323054,0.0042818752996702,2.1439004728397144,-0.0214511751678544,-0.0808710577086473,-0.3022816117588534,-0.0886155218679125
0.0,0.0,26.576585508521617,2.550597473176505,7.0,2.0,34.0,ARG,1995,Argentina,Upper middle income,Latin America & Caribbean,24978532000.0,26038017000.0,0.0053822652175302,0.0033345579721008,2.1032645319762655,0.0043935819618436,-0.0761826795373727,-0.2757876219748402,-0.0034534841198025
0.0,0.0,26.63038091558603,2.5631719950421687,7.0,2.0,35.0,ARG,1996,Argentina,Upper middle income,Latin America & Caribbean,28381400000.0,30148400000.0,0.0054932641223598,0.003271227360607,2.15755054337914,-0.0014071865671211,-0.0744115631922289,-0.2705588245032393,0.0376219627758586
0.0,0.0,26.70837020090171,2.5753184749449285,7.0,2.0,36.0,ARG,1997,Argentina,Upper middle income,Latin America & Caribbean,30928400000.0,37413700000.0,0.0049849780361581,0.0023325337267013,2.1408640167000805,-0.0047636907559529,-0.0747798513262748,-0.2680540447887099,0.0939892351687952
0.0,0.0,26.74614910605778,2.587073730857047,7.0,2.0,37.0,ARG,1998,Argentina,Upper middle income,Latin America & Caribbean,31137200000.0,38667300000.0,0.0047020101336976,0.0022133996317794,2.147925738674237,-0.0076116358653856,-0.073132186017844,-0.2649483164397795,0.1156314447198261
0.0,0.0,26.71170832222207,2.5986041629029977,8.0,2.0,38.0,ARG,1999,Argentina,Upper middle income,Latin America & Caribbean,27862300000.0,32762700000.0,0.0044734955898211,0.0011299784821863,2.106407735351853,-0.0077661455268607,-0.0621590130025292,-0.2582100165087828,0.135674789535493
0.0,0.0,26.703785709004848,2.6099354440117373,8.0,2.0,39.0,ARG,2000,Argentina,Upper middle income,Latin America & Caribbean,31223690400.0,33070146000.0,0.0040972179275352,0.0006214719625097,2.0817256745235033,-0.0086143125856623,-0.0632952588177922,-0.2636342557861911,0.1737074746256045
0.0,0.0,26.658696925450254,2.62091491098112,8.0,2.0,40.0,ARG,2001,Argentina,Upper middle income,Latin America & Caribbean,31112418400.0,27603881800.0,0.004052324551382,5.758691798647619e-05,2.062210401875049,-0.008510348669888,-0.0644235013732333,-0.264542208787104,0.2018210989339756
0.0,0.0,26.54334579993532,2.631609042723619,8.0,2.0,41.0,ARG,2002,Argentina,Upper middle income,Latin America & Caribbean,27736610298.0,13065823829.0,0.0026989252461618,-0.000149874977153,1.8960239369844687,0.0038597311283848,-0.0830579887748853,-0.2515087748605081,0.2324034583200698
0.0,0.0,26.6280280502151,2.6419404423058928,8.0,2.0,42.0,ARG,2003,Argentina,Upper middle income,Latin America & Caribbean,33084505278.0,18772898619.0,0.0035792147133116,-0.0013718343721246,2.0411648266395077,0.0014031743387525,-0.0768426692225806,-0.2648360202763524,0.312779410511366
0.0,0.0,26.7144778521709,2.652081208091362,8.0,2.0,43.0,ARG,2004,Argentina,Upper middle income,Latin America & Caribbean,39266996606.0,27736672324.0,0.0030766050312107,-0.0016214309210414,2.1259889573427166,0.0116142936350986,-0.0937284067178241,-0.266669664988949,0.5088165770603096
0.0,0.0,26.799294393682153,2.6623557847568904,8.0,2.0,44.0,ARG,2005,Argentina,Upper middle income,Latin America & Caribbean,46198180131.0,34392237787.0,0.0036576977410158,-0.0013141477503121,2.2537677734616945,-0.0005716193465465,-0.0792965101602145,-0.2837305359528179,0.6681643152657383
0.0,0.0,26.876691908230683,2.6726382610882515,8.0,2.0,45.0,ARG,2006,Argentina,Upper middle income,Latin America & Caribbean,53550250227.0,40480743016.0,0.0035655140548352,-0.0013929210679615,2.285334649492278,0.0002121094246663,-0.0782955387493786,-0.2836817070723934,0.7303168016715121
0.0,0.0,26.96293916145677,2.6825492802854125,8.0,2.0,46.0,ARG,2007,Argentina,Upper middle income,Latin America & Caribbean,65162321195.0,52567536062.0,0.0036887532879311,-0.0014344573774703,2.302398392288894,-0.0034396888398999,-0.0765645206730204,-0.2674628687580704,0.8077495722608353
0.0,0.0,27.002709912261825,2.6926781684897803,8.0,2.0,47.0,ARG,2008,Argentina,Upper middle income,Latin America & Caribbean,79762958392.0,66316154417.0,0.0037167688532263,-0.0012965007838144,2.290223603731115,0.003495681463214,-0.0772794693716506,-0.2560469067772675,0.8526575617954663
0.0,0.0,26.941700604322783,2.703275914980624,8.0,2.0,48.0,ARG,2009,Argentina,Upper middle income,Latin America & Caribbean,65133480388.0,48268743530.0,0.0037462691897241,-0.0012754754899651,2.258275258905866,0.0034227221789423,-0.0773880900091525,-0.2696395609306909,0.851942288114559
0.0,0.0,27.03814994681466,2.7138395484442084,8.0,2.0,49.0,ARG,2010,Argentina,Upper middle income,Latin America & Caribbean,80208867996.0,67937933972.0,0.0035329664156096,-0.0012516869453875,2.267845766659363,0.0046842417864089,-0.0777050489498269,-0.263172606982163,0.8837429140609488
0.0,1.0,27.096455925279816,2.724486949262254,8.0,2.0,50.0,ARG,2011,Argentina,Upper middle income,Latin America & Caribbean,97809980731.0,88838309449.0,0.0035152363268738,0.0016203058334814,2.2537444114362266,0.0042874451706188,-0.0776666479216435,-0.2633208564665207,0.9016641451357524
0.0,1.0,27.0861387560326,2.7347635634473644,8.0,2.0,51.0,ARG,2012,Argentina,Upper middle income,Latin America & Caribbean,88655850854.0,78013690407.0,0.0035219880575843,0.001689880006218,2.249494882164534,0.0045058451579698,-0.0784768031479117,-0.2641321310367381,0.904422891420613
0.0,1.0,27.109907754394076,2.7446931530152874,8.0,2.0,52.0,ARG,2013,Argentina,Upper middle income,Latin America & Caribbean,80690471898.0,81240190817.0,0.0033936940540969,0.0014216289125193,2.298799826791975,-0.0077559555876398,-0.0735816689446348,-0.2668854822391786,0.9235001135189356
0.0,1.0,27.08446122761137,2.755010588759109,8.0,2.0,53.0,ARG,2014,Argentina,Upper middle income,Latin America & Caribbean,75818867911.0,73691675720.0,0.0035512040466183,0.0017784022474891,2.240796761851313,0.001619582865406,-0.0792489063605692,-0.2690313147294588,0.9001775597752678
0.0,1.0,27.111405304749333,2.7654831775426945,9.0,2.0,54.0,ARG,2015,Argentina,Upper middle income,Latin America & Caribbean,63671789069.0,70064879912.0,0.0026919215182681,0.0013623530992967,2.2607021443773436,-0.0107450113208104,-0.0488509525753103,-0.2709351125065008,0.9174276936937076
0.0,1.0,27.090383841290826,2.7751722888306203,9.0,2.0,55.0,ARG,2016,Argentina,Upper middle income,Latin America & Caribbean,69842604407.0,75639254068.0,0.002824996907081,0.0017380883575976,2.210745560405025,0.0001897590948989,-0.0537536601868126,-0.2698482736860186,0.8971674875729743
0.0,1.0,27.118178459318813,2.783984784746852,9.0,2.0,56.0,ARG,2017,Argentina,Upper middle income,Latin America & Caribbean,72860557903.0,89910495567.0,0.0030512242356296,0.0012318202753107,2.271832330179107,-0.0098248072678268,-0.0509243413759891,-0.2690034905457448,0.9236462809478144
0.0,1.0,27.09165540418872,2.7922144797287523,9.0,2.0,57.0,ARG,2018,Argentina,Upper middle income,Latin America & Caribbean,75766598613.0,85681309473.0,0.0031933143078871,0.0015041951057867,2.219049413466313,0.0005734195683118,-0.063317649514355,-0.277965102294848,0.9086839896238804
0.0,1.0,21.822243539176185,4.831991125813211,6.0,3.0,31.0,ARM,1992,Armenia,Upper middle income,Europe & Central Asia,506852687.7,779688141.2,0.0094675751686723,0.0043676225163952,-2.5695185317910196,-0.1069638493412502,-0.000231421029323,-0.0481711965846146,0.0760771905535797
0.0,1.0,21.730128263716683,4.7982439393486835,6.0,3.0,32.0,ARM,1993,Armenia,Upper middle income,Europe & Central Asia,567247615.0,729847643.5,0.0093764439719843,0.0062566519914915,-2.5257650210034908,-0.0880602296374902,0.0177829498933241,-0.0526065358210636,0.2026528095428479
0.0,1.0,21.782720740002674,4.772216435389793,6.0,3.0,33.0,ARM,1994,Armenia,Upper middle income,Europe & Central Asia,517226106.2,961398392.5,0.0093014172318513,0.0035750016915498,-2.5207913266575432,-0.0876974961615899,0.0172030047413132,-0.0657806207593093,0.2390876586479047
0.0,1.0,21.849444357273786,4.755121484457338,1.0,3.0,34.0,ARM,1995,Armenia,Upper middle income,Europe & Central Asia,351337833.4,913101627.2,0.008295093533598,-0.0009665582902086,-2.575082537385652,-0.0942391457587109,-0.0170208778690092,-0.0815906583017886,0.2482263946607925
0.0,1.0,21.9064426544279,4.74636205509577,-6.0,3.0,35.0,ARM,1996,Armenia,Upper middle income,Europe & Central Asia,371135639.1,894135832.3,0.0074251015085727,-0.0045712167892667,-2.595145800435029,-0.1093620155459613,-0.0332969037786809,-0.0721170168476142,0.28652319599963
0.0,1.0,21.939113886506348,4.73641687541477,-6.0,3.0,36.0,ARM,1997,Armenia,Upper middle income,Europe & Central Asia,332378719.9,955405625.8,0.0057477859130589,-0.0031799873029344,-2.633533227271177,-0.1131086939457442,-0.0341835387450412,-0.0778368408242495,0.3291506984141344
0.0,1.0,22.009572350135848,4.7246770603137955,5.0,3.0,37.0,ARM,1998,Armenia,Upper middle income,Europe & Central Asia,359865213.1,1000634291.0,0.005142512512137,-0.00663744659811,-2.528496556190656,-0.0655231915398329,-0.0210621342394705,-0.0903201940087447,0.3868277758138799
0.0,1.0,22.042039540108856,4.7117794473383725,5.0,3.0,38.0,ARM,1999,Armenia,Upper middle income,Europe & Central Asia,383089746.9,919091316.9,0.0045110105256563,-0.0055436030788683,-2.543999163946677,-0.0565105778654937,-0.021646367791999,-0.0890254430091907,0.4103165825176388
0.0,1.0,22.099364606966798,4.728627293608698,5.0,3.0,39.0,ARM,2000,Armenia,Upper middle income,Europe & Central Asia,423629630.5,957156467.0,0.0036045887113152,-0.0028540266447575,-2.53060774281711,-0.1072424753268288,-0.0181930825862702,-0.0936561443590717,0.4182879449677583
0.0,1.0,22.1910317953138,4.725735905497168,5.0,3.0,40.0,ARM,2001,Armenia,Upper middle income,Europe & Central Asia,511522177.8,968529888.7,0.0031321506559573,-0.003808325330152,-2.3525974762719675,-0.0640673151126952,-0.0158420968299471,-0.1116032665329513,0.5432061212974308
0.0,1.0,22.31501777508502,4.721992685810932,5.0,3.0,41.0,ARM,2002,Armenia,Upper middle income,Europe & Central Asia,661384145.8,1096735502.0,0.0029324533291688,-0.0013749129806907,-2.2422360380600925,-0.0412342426045267,-0.0174745882468421,-0.1026576396380406,0.4938633675756658
0.0,1.0,22.44604603763071,4.716571429257248,5.0,3.0,42.0,ARM,2003,Armenia,Upper middle income,Europe & Central Asia,855676348.1,1391414379.0,0.0020587870272175,0.0001557543085577,-2.134844676478852,-0.0412312009382721,-0.0223645900033707,-0.0843279137722516,0.5414155888322563
0.0,1.0,22.54589137250589,4.711025837246052,5.0,3.0,43.0,ARM,2004,Armenia,Upper middle income,Europe & Central Asia,1008274440.0,1605180992.0,0.0022198383826425,0.0031472199426507,-2.072390791785961,-0.062486813727738,-0.0231521334689993,-0.0729631304484787,0.6367285767055952
0.0,1.0,22.676042057066702,4.705163319989744,5.0,3.0,44.0,ARM,2005,Armenia,Upper middle income,Europe & Central Asia,1338474938.0,2098701566.0,0.0029633062117597,0.0115713032120484,-1.7699277820975738,-0.1965332642927957,-0.0285363927104389,-0.0316315015928085,0.6631635368845248
0.0,1.0,22.80002803676848,4.699010435064304,5.0,3.0,45.0,ARM,2006,Armenia,Upper middle income,Europe & Central Asia,1413899569.0,2482540336.0,0.0031063387458407,0.013171955850361,-1.666426538347221,-0.2382321620815809,-0.0305775544929714,-0.021189069576511,0.714865411680643
0.0,1.0,22.92842125155507,4.692690741657586,5.0,3.0,46.0,ARM,2007,Armenia,Upper middle income,Europe & Central Asia,1674567003.0,3570727480.0,0.0031010025343904,0.0137666347546344,-1.5923570441470114,-0.2017990592925157,-0.0329241246205107,-0.0115398388841884,0.7955726795407889
0.0,1.0,22.99514488364304,4.686136516529138,5.0,3.0,47.0,ARM,2008,Armenia,Upper middle income,Europe & Central Asia,1663675191.0,4697073302.0,0.0028499504788083,0.0186672877763721,-1.557184835935253,-0.2227694183844758,-0.0308772454354473,-0.0135385635807524,0.8279273283223731
0.0,1.0,22.843158526551402,4.679278158213242,5.0,3.0,48.0,ARM,2009,Armenia,Upper middle income,Europe & Central Asia,1268730266.0,3684309605.0,0.0028429175829354,0.01173122383185,-1.607153828371464,-0.1792203979971535,-0.0381142669337949,-0.0126283604400997,0.8894130589896271
0.0,1.0,22.86492001840386,4.672339595177714,5.0,3.0,49.0,ARM,2010,Armenia,Upper middle income,Europe & Central Asia,1828759691.0,4157364606.0,0.0029038251500874,0.0054042311850537,-1.4786529949935352,0.0094541315442877,-0.0427503864974979,-0.0032545626123667,0.997121804704963
0.0,1.0,22.910848950272964,4.666773687604152,5.0,3.0,50.0,ARM,2011,Armenia,Upper middle income,Europe & Central Asia,2284326940.0,4757906587.0,0.0028646095707635,0.005450337176932,-1.4646018825106295,0.0067999688630868,-0.043167040487255,-0.0051069033669047,0.9999071176207284
0.0,1.0,22.98037501291153,4.665517904529176,5.0,3.0,51.0,ARM,2012,Armenia,Upper middle income,Europe & Central Asia,2926877147.0,5139736819.0,0.0028714313381321,0.0058656022534546,-1.396710382374095,0.0205069935033852,-0.0433887416807281,-0.0040780186301016,0.9996889112675396
0.0,1.0,23.012842203067468,4.664823241398463,5.0,3.0,52.0,ARM,2013,Armenia,Upper middle income,Europe & Central Asia,3153322766.0,5471934334.0,0.0029224878557426,0.0058297813066553,-1.3856233191252416,0.0223856695085781,-0.043186924543078,-0.0029255876361414,1.0015204440460626
1.0,1.0,23.04820934685352,4.6621061183586505,5.0,3.0,53.0,ARM,2014,Armenia,Upper middle income,Europe & Central Asia,3315721292.0,5481836307.0,-0.0282545250276485,0.0068839765286889,-1.3065819789509614,0.0164404816338221,-0.0428839886084051,0.0010219720180682,1.021342166885468
1.0,1.0,23.07970801394397,4.659048825688507,5.0,3.0,54.0,ARM,2015,Armenia,Upper middle income,Europe & Central Asia,3137020863.0,4427830382.0,-0.0297586359210106,0.0066243671923663,-1.252171713486761,0.020430520540826,-0.0429241514745447,-0.0016533285473568,1.030026138127253
1.0,1.0,23.08170601657392,4.654946699745271,5.0,3.0,55.0,ARM,2016,Armenia,Upper middle income,Europe & Central Asia,3558717726.0,4464568368.0,-0.0297184552941231,0.0066048774220905,-1.2404190632575138,0.0200091424907145,-0.0429071569213088,-0.0018901938428392,1.034671649771973
1.0,1.0,23.15402667823272,4.650626315578685,5.0,3.0,56.0,ARM,2017,Armenia,Upper middle income,Europe & Central Asia,4405338883.0,5646879066.0,-0.0449927588837162,0.0031421207919967,-1.1064858231963275,0.0467035691293246,-0.0425741845707909,0.0043722101022567,1.0118025468463272
1.0,1.0,23.204719792539876,4.6471295734317115,7.0,3.0,57.0,ARM,2018,Armenia,Upper middle income,Europe & Central Asia,4907543376.0,6612701455.0,-0.0496116312477372,0.0031385252669554,-0.959254584064397,0.0625383186128376,-0.035784876846624,0.02483545713009,1.074051581154346
0.0,1.0,23.467688059645628,4.485355002943161,1.0,4.0,31.0,AZE,1992,Azerbaijan,Upper middle income,Europe & Central Asia,383311808.1,242767527.7,0.0434621245077764,-0.0064892733410921,-0.8530953964767836,-0.0350271114065737,-0.0135590059011154,-0.1018777902178123,-0.2650841654771717
0.0,1.0,23.205023766797996,4.5005130718853765,-3.0,4.0,32.0,AZE,1993,Azerbaijan,Upper middle income,Europe & Central Asia,902385596.4,1193938485.0,0.0331495256536955,-0.0036873146501336,-1.0490301390883998,-0.0273190279916043,-0.0306347450953216,-0.060658000385628,-0.2764919962129527
0.0,1.0,22.985623186318158,4.513997822014003,-3.0,4.0,33.0,AZE,1994,Azerbaijan,Upper middle income,Europe & Central Asia,294957729.0,365437755.7,0.0104548408655585,0.0136814541780545,-1.6723597728996669,-0.0846871754030712,-0.0396381846017175,-0.0698966028298392,-0.4214124597953156
0.0,1.0,22.86005997354933,4.525554483309945,-6.0,4.0,34.0,AZE,1995,Azerbaijan,Upper middle income,Europe & Central Asia,785309768.0,1291025695.0,0.0093179412799722,0.0167816981116557,-1.6503645977991035,-0.0391824446379144,-0.0245101050911021,-0.0551263442000232,-0.2403769867045154
0.0,1.0,22.87297619288523,4.535672482487756,-6.0,4.0,35.0,AZE,1996,Azerbaijan,Upper middle income,Europe & Central Asia,791860069.1,1776337891.0,0.0078031713256393,0.0155846023960009,-1.621988443167092,-0.0303333759698839,-0.0212067815196382,-0.0476961121473982,-0.1480422049057523
0.0,1.0,22.929356527771535,4.545319220222622,-6.0,4.0,36.0,AZE,1997,Azerbaijan,Upper middle income,Europe & Central Asia,1150456356.0,2101809742.0,0.0058375947351681,0.00920605587736,-1.5104366040449555,0.0033918384269811,-0.0199852975367312,-0.041005390524103,0.0361188231706417
0.0,1.0,23.02466670402165,4.556313827962894,-7.0,4.0,37.0,AZE,1998,Azerbaijan,Upper middle income,Europe & Central Asia,1009304730.0,2424528302.0,0.0045760942087185,0.0112643737898514,-1.4147055363218477,0.021898881144822,-0.0188547486463309,-0.0332309717711606,0.0593009227995397
0.0,1.0,23.096056712180342,4.569758182913439,-7.0,4.0,38.0,AZE,1999,Azerbaijan,Upper middle income,Europe & Central Asia,1281380721.0,1917520293.0,0.004436199677579,0.0074078058699492,-1.2986613826790965,0.0334966522304227,-0.0209370119435076,-0.0261084948215577,0.099910644552547
0.0,1.0,23.201317215128416,4.57918323089275,-7.0,4.0,39.0,AZE,2000,Azerbaijan,Upper middle income,Europe & Central Asia,2118053577.0,2023510585.0,0.0057348171604225,0.0014367239270614,-1.0211390352271903,0.0676303831037452,-0.0214443858594086,-0.0067769854082339,0.1763343984646851
0.0,1.0,23.29571788928756,4.586942996152352,-7.0,4.0,40.0,AZE,2001,Azerbaijan,Upper middle income,Europe & Central Asia,2368581267.0,2129887031.0,0.0084526420038794,0.0011776559096211,-0.955951888460764,0.0628082388037084,-0.0131510060365612,-0.0088403428828372,0.1943616351732841
0.0,1.0,23.38591425464784,4.5942352630431715,-7.0,4.0,41.0,AZE,2002,Azerbaijan,Upper middle income,Europe & Central Asia,2667039718.0,3121181200.0,0.009435275887447,0.0015954440117819,-0.9576879451459938,0.0626458596925653,-0.0133227074216251,-0.0094941014136142,0.2136252533305191
0.0,1.0,23.48311627470256,4.601400324581624,-7.0,4.0,42.0,AZE,2003,Azerbaijan,Upper middle income,Europe & Central Asia,3056572037.0,4769352011.0,0.0078011104170384,0.0026404976425165,-0.934057865568051,0.0675646509564818,-0.0127431489517558,-0.0027056128901601,0.2742695913139961
0.0,1.0,23.57161972113404,4.609912648713559,-7.0,4.0,43.0,AZE,2004,Azerbaijan,Upper middle income,Europe & Central Asia,4235083892.0,6312226772.0,0.0084962300536215,0.0026758957277747,-0.9458793087958142,0.0739223226181421,-0.0137113259229476,9.418123331222784e-05,0.3511113970433187
0.0,1.0,23.818179270384533,4.6202804665225035,-7.0,4.0,44.0,AZE,2005,Azerbaijan,Upper middle income,Europe & Central Asia,8336815027.0,7006931304.0,0.0099205324163329,0.0357281371089839,-0.2865663800775258,-0.0127692134748723,0.0006835582939198,0.00839282233133,0.7081104034632585
0.0,1.0,24.114573283459208,4.631544619621835,-7.0,4.0,45.0,AZE,2006,Azerbaijan,Upper middle income,Europe & Central Asia,13953852783.0,8132229740.0,0.0095869320065853,0.0258514224603614,-0.0708192129801594,-0.0107748182498344,0.0089384487127898,0.0325328358405591,0.9125487448100732
0.0,1.0,24.337716833568223,4.642979987927937,-7.0,4.0,46.0,AZE,2007,Azerbaijan,Upper middle income,Europe & Central Asia,22516209779.0,9423346742.0,0.0092536275991291,0.0447753362620101,0.0603177022336741,0.0012392875896877,0.004643856086133,0.0445665744689155,0.929370178098642
0.0,1.0,24.439903119244555,4.664002732407966,-7.0,4.0,47.0,AZE,2008,Azerbaijan,Upper middle income,Europe & Central Asia,32132494340.0,11463815389.0,0.0084987547460165,0.0399558896841105,0.0932983448215456,0.0010024712033006,0.0025979355631128,0.0790785461680792,1.0873414961152512
0.0,1.0,24.5287960592994,4.684824730643802,-7.0,4.0,48.0,AZE,2009,Azerbaijan,Upper middle income,Europe & Central Asia,22870725059.0,10235225179.0,0.0068634494325498,0.0283366766566986,0.0196659359306729,-0.0366898261297738,-0.0018086033424845,0.1124177665759712,1.3084317344197136
0.0,1.0,24.578052253083694,4.696311179528269,-7.0,4.0,49.0,AZE,2010,Azerbaijan,Upper middle income,Europe & Central Asia,28732245203.0,10942312484.0,0.0048457274544853,0.0078469050254498,0.5909498638458249,-0.047083172099028,-0.0152212661462427,0.1802091623713079,0.989637439615769
0.0,1.0,24.579051754797312,4.709316991197285,-7.0,4.0,50.0,AZE,2011,Azerbaijan,Upper middle income,Europe & Central Asia,37215171600.0,15882135431.0,0.0048610194426082,0.0075119623280269,0.588189749893594,-0.0519472020545867,-0.0155089705320809,0.1799275736409208,0.9981505273490868
0.0,1.0,24.600473066171233,4.72260462933768,-7.0,4.0,51.0,AZE,2012,Azerbaijan,Upper middle income,Europe & Central Asia,36912727759.0,17620935664.0,0.002513946204306,-0.0002945561990827,0.6746645131130327,-0.0550239034503202,-0.0170238906594857,0.2095079519563449,0.986423547819338
0.0,1.0,24.656946030869314,4.735527001972159,-7.0,4.0,52.0,AZE,2013,Azerbaijan,Upper middle income,Europe & Central Asia,35905452997.0,19474571756.0,0.0022941667119316,-0.0015633073944168,0.6893300223955587,-0.0605704194314403,-0.0170577550728606,0.2064550147945728,0.9868585047468108
1.0,1.0,24.684079630753317,4.747960701948777,-7.0,4.0,53.0,AZE,2014,Azerbaijan,Upper middle income,Europe & Central Asia,32558931187.0,19720098375.0,-0.0255275784627659,-0.0015203700069288,0.7072723746821048,-0.072180083120843,-0.0197403357257088,0.1934069006740661,1.0140790529620622
1.0,1.0,24.694959983626955,4.759872800328613,-7.0,4.0,54.0,AZE,2015,Azerbaijan,Upper middle income,Europe & Central Asia,20060045053.0,18474102155.0,-0.0255720026702248,-0.0015893409030347,0.6930049029054648,-0.0896570994599951,-0.0199691248986902,0.1794054338383748,1.0027151311452194
1.0,1.0,24.663469317761855,4.770966694849565,-7.0,4.0,55.0,AZE,2016,Azerbaijan,Upper middle income,Europe & Central Asia,17580756548.0,16528818930.0,-0.0247158312929211,-0.0015922706166907,0.6858903555186215,-0.0900066764829887,-0.0205961445321909,0.174765513499573,1.0018223197114082
1.0,1.0,24.665467319820475,4.780876087512798,-7.0,4.0,56.0,AZE,2017,Azerbaijan,Upper middle income,Europe & Central Asia,19839874968.0,17104502500.0,-0.0248011396116597,-0.001903741433621,0.6889044048437021,-0.0914489146012236,-0.0207712175544133,0.1723431099904857,1.0032447641715396
1.0,1.0,24.680355932324836,4.789636041296519,-7.0,4.0,57.0,AZE,2018,Azerbaijan,Upper middle income,Europe & Central Asia,25484215746.0,17704999421.0,-0.0247991237584353,-0.0019036210568668,0.6945355925895624,-0.0913497546095613,-0.0205203341243307,0.1726233473156776,1.005354141746832
0.0,0.0,24.00971017568437,6.31058877066894,8.0,5.0,11.0,BGD,1972,Bangladesh,Lower middle income,South Asia,356841000.0,863537083.3,0.0210760234307439,-0.0076983271103475,-0.4156886183439865,-0.2310955027904084,-0.0295947719572617,-0.0459317708893604,-1.691809008939854
0.0,0.0,24.042425933197826,6.339219240522343,8.0,5.0,12.0,BGD,1973,Bangladesh,Lower middle income,South Asia,528824097.2,958701323.7,0.0256618004525348,-0.0059643161012261,-0.4420371724845021,-0.2481040310140868,-0.0255734196195432,-0.0746000425992323,-1.421947109788051
0.0,1.0,24.134019727600652,6.367531251375091,-2.0,5.0,13.0,BGD,1974,Bangladesh,Lower middle income,South Asia,463095606.3,1294857683.0,0.036631467531116,-0.001001029107698,-0.2616157453787682,-0.2753434524867376,-0.028026231648994,-0.1034848173061376,-1.0977183044319818
0.0,1.0,24.09227841385856,6.39375377678209,-7.0,5.0,14.0,BGD,1975,Bangladesh,Lower middle income,South Asia,563045020.3,1575422623.0,0.0425225915630092,0.0058266816957141,-0.2115901877515922,-0.2795830803827596,-0.0092852008792739,-0.1179313533831195,-1.0407958270528326
0.0,1.0,24.147347502360706,6.419130462747898,-7.0,5.0,15.0,BGD,1976,Bangladesh,Lower middle income,South Asia,480166471.4,1784273650.0,0.0447194493827498,9.090602439274112e-05,-0.2132163850646852,-0.3123584533456489,-0.0117541460045724,-0.1335678946680954,-1.0064552715728474
0.0,1.0,24.17372704299598,6.444013194564449,-7.0,5.0,16.0,BGD,1977,Bangladesh,Lower middle income,South Asia,679513484.2,1194951862.0,0.0483831987258789,-0.0043151375641922,-0.1705671484899131,-0.3146054054021462,-0.0124011431635247,-0.1243262406102579,-0.9033296798551246
0.0,1.0,24.24207552573611,6.468416294832559,-4.0,5.0,17.0,BGD,1978,Bangladesh,Lower middle income,South Asia,738155879.6,2056130688.0,0.0482049330681704,-0.0066663672661592,-0.0871965687587897,-0.3238696957674192,-0.0282146231308461,-0.1317651173687629,-0.7967373331588444
0.0,1.0,24.288974708849683,6.492506024891834,-4.0,5.0,18.0,BGD,1979,Bangladesh,Lower middle income,South Asia,950929356.1,2459010309.0,0.0482974805490092,-0.0099332632753111,-0.0796437290653408,-0.3211689575432057,-0.0277870838301798,-0.1397951422790192,-0.7089277607405012
0.0,1.0,24.297132759956387,6.516437514804429,-4.0,5.0,19.0,BGD,1980,Bangladesh,Lower middle income,South Asia,996555891.5,3243617765.0,0.0476028006817341,-0.0119691111037263,-0.1118895572211349,-0.3248100445073386,-0.02863764261049,-0.141850293196249,-0.658799660080771
0.0,1.0,24.366975411426758,6.542085835682023,-4.0,5.0,20.0,BGD,1981,Bangladesh,Lower middle income,South Asia,1038984088.0,2858506732.0,0.0476369658221456,-0.0105482087664165,-0.1428908168744105,-0.3203726087098302,-0.0164359377068551,-0.1377169087697159,-0.6321372807905296
0.0,1.0,24.388094111896315,6.569516943486009,-7.0,5.0,21.0,BGD,1982,Bangladesh,Lower middle income,South Asia,940219560.9,2877295409.0,0.0545475605769187,-0.0089256080230716,-0.1847508787409904,-0.3317812249748742,-0.0072820886976573,-0.126561700335659,-0.6548452752892125
0.0,1.0,24.42617038580531,6.5963126208645875,-7.0,5.0,22.0,BGD,1983,Bangladesh,Lower middle income,South Asia,986784511.8,2590824916.0,0.0445510166940805,-0.0138564979581669,-0.1619293519232623,-0.3696683551241057,-0.0204521589495263,-0.1381219293688953,-0.6650039121898305
0.0,1.0,24.47308555531529,6.621991582470011,-7.0,5.0,23.0,BGD,1984,Bangladesh,Lower middle income,South Asia,642600000.0,2538320000.0,0.0440168743605089,-0.0214227717987989,-0.1973674976471076,-0.3640219924475739,-0.0032914375046431,-0.1345812923797724,-0.6705987401885016
0.0,1.0,24.505959387403344,6.646619210513064,-7.0,5.0,24.0,BGD,1985,Bangladesh,Lower middle income,South Asia,1199576923.0,2860038462.0,0.0432940815365276,-0.0232228848581533,-0.1963967679048587,-0.3698587747666684,-0.0050045889747455,-0.1197604669263443,-0.6527463836926013
0.0,1.0,24.54684585240318,6.6700985687982675,-5.0,5.0,25.0,BGD,1986,Bangladesh,Lower middle income,South Asia,1128533333.0,2577133333.0,0.0293665643466691,-0.0471269327906927,-0.0067155168729252,-0.4216780421040985,-0.0189609920610581,-0.1536331483677323,-0.6324042042645839
0.0,1.0,24.58387572369257,6.69248656074412,-5.0,5.0,26.0,BGD,1987,Bangladesh,Lower middle income,South Asia,1212483871.0,2842322581.0,0.0258650934206238,-0.0546813577312992,0.115151596429717,-0.472993185971759,-0.0260241470654077,-0.170527675390494,-0.576060990065414
0.0,1.0,24.607750996071378,6.713759556393754,-5.0,5.0,27.0,BGD,1988,Bangladesh,Lower middle income,South Asia,1442788415.0,3255865280.0,0.0095297340438189,-0.0519063962317564,0.2092074879616368,-0.4898601539754759,-0.0344783463539008,-0.1671762144079583,-0.499212161935689
0.0,1.0,24.635721957086837,6.7342337815544715,-5.0,5.0,28.0,BGD,1989,Bangladesh,Lower middle income,South Asia,1594548386.0,3679751008.0,0.0098766036894065,-0.0532178249223631,0.2440351443875433,-0.4986878411385601,-0.0358547733420482,-0.1656913252879923,-0.4427542500926176
0.0,1.0,24.690420898208277,6.754137118441312,-5.0,5.0,29.0,BGD,1990,Bangladesh,Lower middle income,South Asia,1866929978.0,4126169962.0,0.0106372324601735,-0.0541041472036942,0.2993929791668741,-0.5042009842549072,-0.0375617886464279,-0.1576823853205841,-0.3742080072993185
0.0,1.0,24.72467958832111,6.773243228069418,6.0,5.0,30.0,BGD,1991,Bangladesh,Lower middle income,South Asia,2062577031.0,3785238095.0,0.0096937446161167,-0.0494952828548193,0.346678629133213,-0.5231799300919578,-0.0297739621694843,-0.138755280809545,-0.3197306544518898
0.0,1.0,24.777676942698047,6.792091958678442,6.0,5.0,31.0,BGD,1992,Bangladesh,Lower middle income,South Asia,2405649867.0,3915198939.0,0.0085319648825047,-0.0362579563104677,0.4626992010084611,-0.5682746710971515,-0.0304016013524423,-0.1179845426834728,-0.2142347898909991
0.0,1.0,24.823716295651288,6.810719681280096,6.0,5.0,32.0,BGD,1993,Bangladesh,Lower middle income,South Asia,2990714286.0,4677910053.0,0.0083440667455507,-0.0382886848556712,0.5127230357809823,-0.5704042343896502,-0.0290083084217308,-0.1098185868732461,-0.1323864500307954
0.0,1.0,24.861879973820947,6.829261476751659,6.0,5.0,33.0,BGD,1994,Bangladesh,Lower middle income,South Asia,3039700748.0,4681795511.0,0.0085502968378901,-0.0392990645346579,0.5564985534550074,-0.5911730198624908,-0.0286762260466526,-0.1209849111467486,-0.077614835325535
0.0,1.0,24.911824499042094,6.847844031959637,6.0,5.0,34.0,BGD,1995,Bangladesh,Lower middle income,South Asia,4122014925.0,6580597015.0,0.0074722976562511,-0.0262846230486887,0.6535675192635616,-0.5494714124558128,-0.029093748524463,-0.1039238879115186,0.0200358580451379
0.0,1.0,24.95606068305798,6.866124551483841,6.0,5.0,35.0,BGD,1996,Bangladesh,Lower middle income,South Asia,4507555012.0,7601784841.0,0.0059588072114659,-0.0220725677869629,0.6675739730184732,-0.5400668187107193,-0.0303216618548155,-0.1112524076829546,0.0681832435343818
0.0,1.0,24.999980879571243,6.8846594604472955,6.0,5.0,36.0,BGD,1997,Bangladesh,Lower middle income,South Asia,5075480094.0,7625081967.0,0.0041032043263272,-0.0163460806607585,0.6660729131402201,-0.5301541130823569,-0.032341376986801,-0.104796630418809,0.135572416358271
0.0,1.0,25.050455594310225,6.9035390743697915,6.0,5.0,37.0,BGD,1998,Bangladesh,Lower middle income,South Asia,5876850220.0,8058876652.0,0.0036217966111071,-0.0155534622500963,0.7057579987914686,-0.5050024472607869,-0.0330265525451496,-0.1054127896453114,0.1691918621055219
0.0,1.0,25.096099446113154,6.92253425196816,6.0,5.0,38.0,BGD,1999,Bangladesh,Lower middle income,South Asia,6028722962.0,8525935940.0,0.0028212645420456,-0.008036495963482,0.7663613318977662,-0.4682137770692633,-0.0426639099235682,-0.0994933525976218,0.2254815392060533
0.0,1.0,25.147678999347953,6.940807533173455,6.0,5.0,39.0,BGD,2000,Bangladesh,Lower middle income,South Asia,6588073942.0,9060862652.0,0.0017600194860431,-0.0060798500089314,0.7721062009460226,-0.4523997905257177,-0.0469133506369358,-0.1053701274245709,0.2676709941840125
0.0,1.0,25.19720496680324,6.957476465805921,6.0,5.0,40.0,BGD,2001,Bangladesh,Lower middle income,South Asia,7227575982.0,10102557450.0,0.0015311377058481,-0.0054225490326801,0.7789734865238546,-0.4366968436145768,-0.0497791913610261,-0.1160651701268505,0.2968247099952322
0.0,1.0,25.234819813735477,6.972910529278179,6.0,5.0,41.0,BGD,2002,Bangladesh,Lower middle income,South Asia,6791241511.0,9060891520.0,0.0014618577544547,-0.0047470966487053,0.8070774992288311,-0.4247558119337938,-0.0544610449168326,-0.1198683820390588,0.3128920793003798
0.0,1.0,25.281126586363165,6.9874635818255335,6.0,5.0,42.0,BGD,2003,Bangladesh,Lower middle income,South Asia,6876856649.0,9761830743.0,0.0007599345449001,-0.0042564081804282,0.8240225545740628,-0.4154120216075556,-0.0591459415167265,-0.1228144518636343,0.3830511274348432
0.0,1.0,25.33219893429503,7.00107906084009,6.0,5.0,43.0,BGD,2004,Bangladesh,Lower middle income,South Asia,7257329710.0,10229675556.0,-5.708884507132766e-05,-0.0038794099658117,0.9585652349624736,-0.3764039098367011,-0.0721694459178982,-0.1205474480772183,0.5181969826239554
0.0,1.0,25.395505712959604,7.013685712805749,6.0,5.0,44.0,BGD,2005,Bangladesh,Lower middle income,South Asia,9999571015.0,13898043877.0,-0.0006094218371454,-0.0035704581657199,1.0892676778472454,-0.3556719271058521,-0.0817218954524121,-0.1389099061223422,0.6623125042124052
0.0,1.0,25.46009566492623,7.0252973905075216,6.0,5.0,45.0,BGD,2006,Bangladesh,Lower middle income,South Asia,11741089556.0,15621647159.0,-0.0011750891765368,-0.0041798640225552,1.1619406824622152,-0.3355505563200839,-0.0874703762867155,-0.1393325310423132,0.7527045769788585
0.0,1.0,25.528302758944207,7.036053815565972,-6.0,5.0,46.0,BGD,2007,Bangladesh,Lower middle income,South Asia,13530265640.0,18268522232.0,-0.000927815186676,-0.0040503739125003,1.2215209363538468,-0.3314768559417051,-0.0712755526357082,-0.1292881775473323,0.8658400278877484
0.0,1.0,25.586699583303613,7.046038221219074,-6.0,5.0,47.0,BGD,2008,Bangladesh,Lower middle income,South Asia,16182047683.0,22874478189.0,-0.0012570532625042,-0.0041023208726564,1.2618499379471837,-0.3382492519032867,-0.0596125241843221,-0.1250376059988144,0.9526209352507494
0.0,0.0,25.635920722682464,7.0553571460684665,5.0,5.0,48.0,BGD,2009,Bangladesh,Lower middle income,South Asia,17359427993.0,23725728360.0,-0.0015953878748364,0.0026187897515912,1.3092017880967348,-0.3361082602573113,-0.0686456488157609,-0.1256056010946864,0.921614433484808
0.0,0.0,25.690144278481085,7.064122451715964,5.0,5.0,49.0,BGD,2010,Bangladesh,Lower middle income,South Asia,18471882437.0,25105548607.0,-0.0012049886491203,0.0023095723334284,1.3328522509546652,-0.330679648093967,-0.0675430029220945,-0.1209982981830695,0.9422818455204056
0.0,0.0,25.752781764805956,7.07320771045257,5.0,5.0,50.0,BGD,2011,Bangladesh,Lower middle income,South Asia,25621279024.0,35365482040.0,-0.0009202297660358,0.0028810510169587,1.4212048095483452,-0.2972488379959149,-0.0682488428609558,-0.1120101176911734,0.921563008128139
0.0,0.0,25.815960265898227,7.082791269540186,5.0,5.0,51.0,BGD,2012,Bangladesh,Lower middle income,South Asia,26877564843.0,37259465952.0,-0.0010475375668027,0.00067345830084,1.4773273868649746,-0.2760319074527527,-0.072457230558279,-0.0981350316387947,0.924358989162464
0.0,0.0,25.874352690649655,7.0921753531807346,4.0,5.0,52.0,BGD,2013,Bangladesh,Lower middle income,South Asia,29306607470.0,40137513944.0,-0.0012930176591339,0.0002406508932043,1.5217063347152442,-0.2491353251851182,-0.0856587217383666,-0.0838595054095087,0.9059625156893611
0.0,0.0,25.933199976858333,7.101287030258444,1.0,5.0,53.0,BGD,2014,Bangladesh,Lower middle income,South Asia,32830579730.0,44128305231.0,-0.0011578919993285,-0.002060029974469,1.565489145272682,-0.2227758122428018,-0.0971015739350948,-0.0824292245536469,0.8783449708151988
0.0,0.0,25.99667044167301,7.110225224368376,1.0,5.0,54.0,BGD,2015,Bangladesh,Lower middle income,South Asia,33831931004.0,48297463644.0,-0.0008350128412537,-0.0020224535169534,1.5768688921153964,-0.214679684671014,-0.1040421975919501,-0.0788723694941501,0.8644230612015015
0.0,0.0,26.065389540431656,7.119149548212279,1.0,5.0,55.0,BGD,2016,Bangladesh,Lower middle income,South Asia,36922447162.0,46183400773.0,-0.0030454012631773,-0.0021068992610889,1.590465546961351,-0.2099752925597109,-0.1071239112414016,-0.0755701537552686,0.8620658602774397
0.0,0.0,26.129208153384774,7.127658722010177,1.0,5.0,56.0,BGD,2017,Bangladesh,Lower middle income,South Asia,37655756193.0,50463186692.0,-0.0032182363252904,-0.0019844517562083,1.5933096619102576,-0.2085988549263643,-0.1087322932285555,-0.0759280847376374,0.8641831247951678
0.0,0.0,26.199850720429087,7.135868273335152,-6.0,5.0,57.0,BGD,2018,Bangladesh,Lower middle income,South Asia,40732047404.0,63757868051.0,-0.0032382292116823,-0.0013188529120801,1.6038963396716388,-0.2015482195633311,-0.0992330894975029,-0.0751873256394566,0.8776081882753799
0.0,0.0,23.99304808554536,3.9189051665358456,6.0,7.0,31.0,BLR,1992,Belarus,Upper middle income,Europe & Central Asia,10127048426.0,9758792119.0,0.1072999852303464,0.0137400738968847,-0.2672925393851786,-0.0190093476119499,-0.0053428987348398,0.0551915776579201,-0.2786009386949896
0.0,1.0,23.914004858265123,3.921290303067229,6.0,7.0,32.0,BLR,1993,Belarus,Upper middle income,Europe & Central Asia,11004262913.0,13565315092.0,0.1077392902711326,-0.0192984098251352,-0.3311519026114063,-0.0158220868554338,-0.0012652627307736,0.0535530329374649,-0.2340547467488022
0.0,1.0,23.789574735760336,3.920177347428715,8.0,7.0,33.0,BLR,1994,Belarus,Upper middle income,Europe & Central Asia,10641574225.0,12558249213.0,0.1063148650092055,0.0050408028792019,-0.3962702347805987,-0.0121768336005359,0.0100837685834724,0.050219128386567,-0.1779943529489244
0.0,1.0,23.679759864261417,3.916982491222244,0.0,7.0,34.0,BLR,1995,Belarus,Upper middle income,Europe & Central Asia,6939556172.0,7552658680.0,0.0896014578880688,-0.0047495672091709,-0.587775461285451,0.01257056252002,-0.0122622448265582,0.0598004132945199,0.0150400144693565
0.0,1.0,23.707375076534575,3.913684790498174,-7.0,7.0,35.0,BLR,1996,Belarus,Upper middle income,Europe & Central Asia,6720924332.0,7311859546.0,0.07569073896546,-0.0024733358837834,-0.5608817085544748,0.0280032505029973,-0.0069690179750696,0.0590067410235409,0.065374082694299
0.0,1.0,23.815332266543887,3.9095238164553936,-7.0,7.0,36.0,BLR,1997,Belarus,Upper middle income,Europe & Central Asia,8457248498.0,9276190109.0,0.0587047528978503,0.0170697189601427,-0.2154594572862856,0.0100937694255724,-0.0043750653879135,0.0663428520935978,0.1918175807531096
0.0,1.0,23.895990090421517,3.905147642595231,-7.0,7.0,37.0,BLR,1998,Belarus,Upper middle income,Europe & Central Asia,8988770378.0,9727865938.0,0.0529534431720931,0.0094294573249916,-0.1742415925803064,0.0130458739101524,-0.0029627116855331,0.0706591870491619,0.1969205915071732
0.0,0.0,23.92942485841744,3.9006177630122485,-7.0,7.0,38.0,BLR,1999,Belarus,Upper middle income,Europe & Central Asia,7186389619.0,7481164885.0,0.0458955257840124,-0.0049290434810115,-0.1611721672552131,0.0244311133603636,-0.0025498831442717,0.0831913873258394,0.2516883080966666
0.0,0.0,23.985805224341735,3.895842360192452,-7.0,7.0,39.0,BLR,2000,Belarus,Upper middle income,Europe & Central Asia,8815283224.0,9221273499.0,0.0307373504584577,-0.0008422023872832,-0.0780886221017727,0.0279979554553202,0.0005121105678141,0.0885474821256541,0.338091101224345
0.0,0.0,24.03197582707273,3.8907324127002685,-7.0,7.0,40.0,BLR,2001,Belarus,Upper middle income,Europe & Central Asia,8246546763.0,8685107914.0,0.027651097068919,-0.0011019384295401,-0.0603591020326583,0.027557400126939,0.0031889150605401,0.0875591549889893,0.3829607606268148
0.0,0.0,24.081197017189876,3.884440707214987,-7.0,7.0,41.0,BLR,2002,Belarus,Upper middle income,Europe & Central Asia,9286372926.0,9833247716.0,0.0268376769057281,-0.005091232846536,-0.0233200314196463,0.0280845823851995,0.0055486246508836,0.090429488089937,0.4116750996328746
0.0,0.0,24.14925925300519,3.8774574062872587,-7.0,7.0,42.0,BLR,2003,Belarus,Upper middle income,Europe & Central Asia,11614414485.0,12296967245.0,0.0158140331036867,-0.0111046945225295,0.0118775269574044,0.0290626264841701,0.0075178624196668,0.0876410827355811,0.4925036635546245
0.0,0.0,24.25766282180123,3.870689946795205,-7.0,7.0,43.0,BLR,2004,Belarus,Upper middle income,Europe & Central Asia,15709960838.0,17182653940.0,0.0152681431808504,-0.0044418822068182,0.0301046915037393,0.0278828466569268,0.0075814292473743,0.0920250854971477,0.5899990745503235
0.0,0.0,24.347503539741393,3.8637711441377185,-7.0,7.0,44.0,BLR,2005,Belarus,Upper middle income,Europe & Central Asia,18064972932.0,17850098894.0,0.0151350899097332,-0.0149236273356134,0.0513918359730102,0.0225156958807196,0.0095249581582344,0.0879911786635075,0.7111824874553192
1.0,1.0,24.44281367239418,3.857298201931395,-7.0,7.0,45.0,BLR,2006,Belarus,Upper middle income,Europe & Central Asia,22199798560.0,23742026336.0,-0.1166850312678451,0.0373051125635677,0.1001607918966765,-0.0406061048455208,-0.0093362106519297,0.0904812976816953,1.1880850884401084
1.0,0.0,24.52531495408112,3.852724511814885,-7.0,7.0,46.0,BLR,2007,Belarus,Upper middle income,Europe & Central Asia,27592401029.0,30430179676.0,-0.090932192749573,-0.0127927983497358,-0.0305324231258074,-0.0221932762187283,-0.0064134621696194,0.1379714081348393,1.3264664063400862
1.0,0.0,24.622441659736335,3.8492654329263383,-7.0,7.0,47.0,BLR,2008,Belarus,Upper middle income,Europe & Central Asia,37020969856.0,41713443175.0,-0.0332859318001504,0.001674891913667,0.6549156152398713,0.024357299161511,-0.0243714161400742,0.2288948729263746,0.9562839062164836
1.0,1.0,24.624439615593673,3.8468259925457997,-7.0,7.0,48.0,BLR,2009,Belarus,Upper middle income,Europe & Central Asia,24865004207.0,30401389162.0,-0.0334369081252913,-0.0027353995573667,0.6323553815360266,0.0220587379435764,-0.0244662091907253,0.2227075623379285,0.993151464271816
1.0,0.0,24.699531010235084,3.8446210509756016,-7.0,7.0,49.0,BLR,2010,Belarus,Upper middle income,Europe & Central Asia,29401680706.0,36940382943.0,-0.0327339336453357,0.0021814573461472,0.6455178696641941,0.0247766102139581,-0.0229147525932006,0.2279359331397333,0.9888651687037028
1.0,0.0,24.751921423338313,3.8422387947005876,-7.0,7.0,50.0,BLR,2011,Belarus,Upper middle income,Europe & Central Asia,48462076577.0,49106586822.0,-0.0293520028248847,0.0024942878123655,0.7411466068377661,0.0267818495325373,-0.021360515903879,0.2673108874466218,0.997808372206013
1.0,0.0,24.768652038174785,3.840726831232062,-7.0,7.0,51.0,BLR,2012,Belarus,Upper middle income,Europe & Central Asia,51745313006.0,48810109273.0,-0.0292475342143237,0.0026117514580912,0.758744476205543,0.0291998815969036,-0.0207425042591508,0.2750635851983609,1.0076661067713784
1.0,1.0,24.778636733196564,3.840298675187638,-7.0,7.0,52.0,BLR,2013,Belarus,Upper middle income,Europe & Central Asia,44057927602.0,46436146193.0,-0.0293700860199401,-0.003161291157589,0.7509255378278864,0.0263185417515287,-0.0218398526486582,0.2724719021385968,1.0294481320888835
1.0,1.0,24.79575325470456,3.840539900095342,-7.0,7.0,53.0,BLR,2014,Belarus,Upper middle income,Europe & Central Asia,43300691503.0,43907092067.0,-0.0294182489773652,-0.0032025176531935,0.7549974236114382,0.026091405217752,-0.0220087079561914,0.2718660023596894,1.026467527378578
1.0,1.0,24.756704992882682,3.8418437988810905,-7.0,7.0,54.0,BLR,2015,Belarus,Upper middle income,Europe & Central Asia,32749844751.0,32689603598.0,-0.0295315712620132,-0.0031223916042997,0.7277140650983966,0.0243513943525262,-0.0223165112532603,0.2583286671489749,1.0170684967618755
1.0,1.0,24.731115902609538,3.842671744441635,-7.0,7.0,55.0,BLR,2016,Belarus,Upper middle income,Europe & Central Asia,29831676604.0,29922651356.0,-0.0294979650666074,-0.0026830861332278,0.6705498021802196,0.022492923672997,-0.0240730037114316,0.2317133661529744,1.0045497959088567
1.0,1.0,24.75612245128397,3.841573921249397,-7.0,7.0,56.0,BLR,2017,Belarus,Upper middle income,Europe & Central Asia,36550879710.0,36435165204.0,-0.0295763934013185,-0.0034764447245558,0.726825282567062,0.0228401207897696,-0.0227171613505318,0.2518223009482718,1.0148179280816902
1.0,1.0,24.78712872576134,3.839475091258606,-7.0,7.0,57.0,BLR,2018,Belarus,Upper middle income,Europe & Central Asia,42294886946.0,41384603908.0,-0.0294568742517712,-0.003527204858983,0.7420705975402456,0.0242388408533225,-0.0228491639963785,0.2578550373745222,1.0174714745639395
0.0,0.0,22.297390763824634,1.24937630106279,4.0,8.0,0.0,BOL,1961,Bolivia,Lower middle income,Latin America & Caribbean,67255892.26,95707070.71,0.0019961836934162,0.0006352254708316,-2.120689351672628,-0.1824666744974759,-0.0071102656312244,-0.0845495466338468,-1.6687655030017894
0.0,0.0,22.351679287674038,1.2700055527683993,4.0,8.0,1.0,BOL,1962,Bolivia,Lower middle income,Latin America & Caribbean,67929292.93,114814814.8,0.0015367250110109,0.0001150389720027,-2.0576069971629893,-0.1911486804134458,-0.0156563341850374,-0.0823835132916303,-1.6773659377350787
0.0,0.0,22.417444797439337,1.2908928588958006,4.0,8.0,2.0,BOL,1963,Bolivia,Lower middle income,Latin America & Caribbean,81986531.99,127188552.2,0.0014773096504166,0.0002068895982608,-1.9105945456711055,-0.1472161758983952,-0.0166389298815219,-0.0766406610009077,-1.5982992469737474
0.0,0.0,22.456248082533378,1.3120149606193232,-4.0,8.0,3.0,BOL,1964,Bolivia,Lower middle income,Latin America & Caribbean,110437710.4,127693602.7,0.0015155511085825,0.0001730135714418,-1.8919178377590875,-0.1312663641454558,-0.0061351599744033,-0.06286341240623,-1.563090398353139
0.0,0.0,22.504213544314457,1.3333614543549328,-4.0,8.0,4.0,BOL,1965,Bolivia,Lower middle income,Latin America & Caribbean,129713804.7,161279461.3,0.0016326915408701,-0.0002349235459783,-1.8468315631563317,-0.1121090176658543,-0.0072910755406155,-0.0645855772822125,-1.5357025103390067
0.0,0.0,22.57346521917313,1.3549654386870853,-4.0,8.0,5.0,BOL,1966,Bolivia,Lower middle income,Latin America & Caribbean,142255892.3,177188552.2,0.0021922522035017,-0.0015445646542352,-1.723836048524787,-0.0935390259016092,-0.0121525687088431,-0.0637065579291527,-1.5629097274606112
0.0,0.0,22.634722295275083,1.3768741491713632,-4.0,8.0,6.0,BOL,1967,Bolivia,Lower middle income,Latin America & Caribbean,170033670.0,196632996.6,0.0030488258849374,-0.0057236274805911,-1.4077028503038662,-0.0326491689168907,-0.0194748924070582,-0.0422380807340875,-1.642354100413476
0.0,0.0,22.7165736102891,1.3990767134080808,-4.0,8.0,7.0,BOL,1968,Bolivia,Lower middle income,Latin America & Caribbean,169696969.7,206228956.2,0.0038807086604079,-0.0056149060204859,-1.2255844822793842,0.0009530319014571,-0.025066926562949,-0.0388670015794925,-1.678159701825298
0.0,0.0,22.76034259253153,1.4214469223317299,-4.0,8.0,8.0,BOL,1969,Bolivia,Lower middle income,Latin America & Caribbean,189814814.8,216161616.2,0.0039705029346667,-0.005657113825781,-1.1916696261895745,0.008117669916714,-0.0248654566168157,-0.0411014942108231,-1.6627095014060338
0.0,0.0,22.81133061876414,1.4438702647849442,-5.0,8.0,9.0,BOL,1970,Bolivia,Lower middle income,Latin America & Caribbean,250168350.2,247727272.7,0.0035821771042776,-0.0056552172695914,-1.199260077316162,0.014201815914486,-0.0443902974709079,-0.0408887440662823,-1.6028497771144157
0.0,0.0,22.86072380523322,1.4663460158303254,-7.0,8.0,10.0,BOL,1971,Bolivia,Lower middle income,Latin America & Caribbean,234343434.3,267340067.3,0.0045945101819035,-0.0062069935997884,-1.1335549873154558,0.0029610233887828,0.0501737261341512,-0.0621962899517106,-1.4766578026214066
0.0,0.0,22.937383738166538,1.4888077091148262,-7.0,8.0,11.0,BOL,1972,Bolivia,Lower middle income,Latin America & Caribbean,265513350.9,302068446.8,0.0041662911346733,-0.0059719822351835,-1.0882970882345615,0.013661249311814,0.0410001191997096,-0.0592596534581821,-1.353785917989308
0.0,0.0,22.993188873325018,1.5113027361420759,-7.0,8.0,12.0,BOL,1973,Bolivia,Lower middle income,Latin America & Caribbean,350024987.5,357671164.4,0.003465823964458,-0.0053351631598667,-1.1866258178129525,0.0514519991787553,0.0106464686699496,-0.0441731808332239,-1.1207491816346205
0.0,1.0,23.022160783115844,1.5339109021680268,-7.0,8.0,13.0,BOL,1974,Bolivia,Lower middle income,Latin America & Caribbean,741229385.3,562818590.7,-0.000702242043811,0.0136529138578717,-1.1165881952577723,0.0892695869020338,-0.0084789332767788,-0.0357024299507887,-0.9011254610781106
0.0,1.0,23.09272192306158,1.5565622330513085,-7.0,8.0,14.0,BOL,1975,Bolivia,Lower middle income,Latin America & Caribbean,623738130.9,774712643.7,-0.0006399182392452,0.0119739343173678,-1.0199493693423496,0.0863724637883564,-0.0144194938163467,-0.0314566232464579,-0.8633973581605742
0.0,1.0,23.137834547477826,1.5794527070256457,-7.0,8.0,15.0,BOL,1976,Bolivia,Lower middle income,Latin America & Caribbean,756121939.0,816491754.1,-0.0007144827038297,0.0068704885489018,-0.8745620222957067,0.0506413674652873,-0.0105952488618935,-0.0248793877648792,-0.7768019461755269
0.0,1.0,23.186350537434212,1.602521405651225,-7.0,8.0,16.0,BOL,1977,Bolivia,Lower middle income,Latin America & Caribbean,864117941.0,956771614.2,-0.0009547131585171,-0.0017660740492998,-0.7889572339924931,0.0294050226856865,-0.013963191221287,-0.0239861523999341,-0.6939311969741978
0.0,1.0,23.206669644782938,1.6254855097941172,-4.0,8.0,17.0,BOL,1978,Bolivia,Lower middle income,Latin America & Caribbean,849175412.3,1131534233.0,-0.0004875162356095,-0.0022722766102748,-0.7789588820034943,0.02737954626714,-0.0269786578645087,-0.0212663362437559,-0.6504245906650286
0.0,1.0,23.208002196985934,1.6482482921813741,-4.0,8.0,18.0,BOL,1979,Bolivia,Lower middle income,Latin America & Caribbean,1068844960.0,1211272668.0,9.467524381012474e-05,-0.0061758463101473,-0.8100885346670437,0.0241525282548452,-0.0277243948026875,-0.0245140440960433,-0.5549001234065831
0.0,1.0,23.19418951041631,1.6707345463292413,-7.0,8.0,19.0,BOL,1980,Bolivia,Lower middle income,Latin America & Caribbean,1112928222.0,1011215334.0,0.0002237012212003,-0.0071369149962246,-0.8580517296445233,0.0252829158328,-0.0213324235213926,-0.0272297051718244,-0.5101234035600979
0.0,1.0,23.196941882921454,1.6929229555436531,-7.0,8.0,20.0,BOL,1981,Bolivia,Lower middle income,Latin America & Caribbean,1370758564.0,1352324633.0,0.0001702413648951,-0.0052285824092532,-0.8821662259092584,0.0249589697637384,-0.0213525602134225,-0.0296432477056757,-0.478082820841653
0.0,1.0,23.156757831474156,1.7147576629210384,7.0,8.0,21.0,BOL,1982,Bolivia,Lower middle income,Latin America & Caribbean,1625898083.0,1644892438.0,-9.920011114228929e-06,4.324813238216066e-05,-0.9745603332713602,0.0388113712190501,-0.0346119720948794,-0.0336999621956231,-0.4523798097828047
0.0,1.0,23.115496976055958,1.7362872866654167,7.0,8.0,22.0,BOL,1983,Bolivia,Lower middle income,Latin America & Caribbean,1535522169.0,1303553080.0,-0.001407284916484,0.0035036930279457,-1.084369065577934,0.0801741906208211,-0.0348493242187323,-0.0375075941186008,-0.4744567866891218
0.0,1.0,23.113488303086935,1.7576554505055804,7.0,8.0,23.0,BOL,1984,Bolivia,Lower middle income,Latin America & Caribbean,1459382832.0,1592952389.0,-0.0014219690510526,0.0033628657779707,-1.0947979246449504,0.0809735980013524,-0.0346171509086276,-0.0377603347850523,-0.4619220557077781
0.0,1.0,23.096582300708086,1.7788117663200929,9.0,8.0,24.0,BOL,1985,Bolivia,Lower middle income,Latin America & Caribbean,1024367606.0,1228323633.0,-0.0015132993686347,0.0074489010249042,-1.2133614100208112,0.1081411128324056,-0.0058301779565741,-0.03862407746058,-0.4913297118941605
0.0,1.0,23.07050641877508,1.799831513277073,9.0,8.0,25.0,BOL,1986,Bolivia,Lower middle income,Latin America & Caribbean,844299281.0,1017852210.0,-0.0018846630274444,0.0111007017004205,-1.2729550968205234,0.1123869848367116,-0.0053619861430017,-0.044722953598459,-0.5043699349831527
0.0,1.0,23.09484272032016,1.820925052907177,9.0,8.0,26.0,BOL,1987,Bolivia,Lower middle income,Latin America & Caribbean,853524498.1,1043169567.0,-0.0017505198369916,0.007601758785006,-1.2496109406169886,0.1103993376859402,-0.0053257006405038,-0.0389592055754555,-0.4594094707997894
0.0,1.0,23.123522475706185,1.842118852798291,9.0,8.0,27.0,BOL,1988,Bolivia,Lower middle income,Latin America & Caribbean,862854457.8,1063832558.0,-0.0019848771969882,0.0034368718935639,-1.1871640803725187,0.0887277538791544,-0.0046860510831043,-0.0373193948477891,-0.3995797305800848
0.0,1.0,23.1607231785282,1.8632899554455273,9.0,8.0,28.0,BOL,1989,Bolivia,Lower middle income,Latin America & Caribbean,1061009896.0,1092052947.0,-0.0006031810364605,0.0001263136557657,-1.071132302391035,0.0509227552908247,-0.0039403110360348,-0.0339969674834637,-0.3458408137551031
0.0,0.0,23.20603862166286,1.884319212167533,9.0,8.0,29.0,BOL,1990,Bolivia,Lower middle income,Latin America & Caribbean,1108688419.0,1164631950.0,0.0011110551564495,0.0011629336004883,-1.0158345245487674,0.0428216925679746,-0.0016633758950309,-0.0293088772059693,-0.3134300824680794
0.0,0.0,23.257363918877143,1.9051586212486495,9.0,8.0,30.0,BOL,1991,Bolivia,Lower middle income,Latin America & Caribbean,1147697877.0,1440843957.0,0.0052359705542377,0.0015466725284345,-0.8869710722307815,0.0323129320830328,0.0098148988343959,-0.0240802818856318,-0.2433682086964096
0.0,0.0,23.273694822595658,1.925559141820622,9.0,8.0,31.0,BOL,1992,Bolivia,Lower middle income,Latin America & Caribbean,1131356484.0,1640395876.0,0.0060580704903689,0.001141167566248,-0.915613493830135,0.0301536514506017,0.0155166353105965,-0.0253947688756272,-0.2056395029269924
0.0,0.0,23.315501574831426,1.9453950555602908,9.0,8.0,32.0,BOL,1993,Bolivia,Lower middle income,Latin America & Caribbean,1094224544.0,1627872470.0,0.0077696693158536,0.0016461145114914,-0.9295154972921982,0.0379151125069681,0.0176312505098479,-0.0236394748058035,-0.1489920779200383
0.0,0.0,23.361117803617834,1.9647504221206413,9.0,8.0,33.0,BOL,1994,Bolivia,Lower middle income,Latin America & Caribbean,1295730954.0,1626745405.0,0.0075921701628394,0.0025481775967385,-0.942805798412018,0.0404663824140194,0.0189421936635415,-0.0213083716034724,-0.123076945735658
0.0,0.0,23.406839231605428,1.9836401030901711,9.0,8.0,34.0,BOL,1995,Bolivia,Lower middle income,Latin America & Caribbean,1514364435.0,1825621841.0,0.0050229633749187,0.002115730919191,-0.9503540935621896,0.0426656108469899,0.0212432459886951,-0.0182302284524578,-0.07062433752451
0.0,0.0,23.44952836468939,2.0021429193495877,9.0,8.0,35.0,BOL,1996,Bolivia,Lower middle income,Latin America & Caribbean,1670369478.0,2017475031.0,0.0051646801457311,0.0011436475601445,-0.931836631874198,0.039880092350051,0.0229634666365951,-0.0146012630711496,-0.0148627765512815
0.0,0.0,23.497882326500704,2.020199899941382,9.0,8.0,36.0,BOL,1997,Bolivia,Lower middle income,Latin America & Caribbean,1673170826.0,2326921822.0,0.0073952708449885,-4.429204651199612e-05,-0.8909753850979806,0.0264218342200392,0.0276027253887766,-0.0089549362873842,0.0585537510212451
0.0,0.0,23.546952020687236,2.0378560110786235,9.0,8.0,37.0,BOL,1998,Bolivia,Lower middle income,Latin America & Caribbean,1673894695.0,2768694331.0,0.0071968299628335,-0.0005578275482047,-0.8821893883987042,0.0277162308162396,0.0279817319995368,-0.0059603414601946,0.0667345942070885
0.0,0.0,23.551211789208327,2.0553143039162425,9.0,8.0,38.0,BOL,1999,Bolivia,Lower middle income,Latin America & Caribbean,1398593388.0,2260775121.0,0.0056719668084978,-0.0010791579880585,-0.8889202676155177,0.031345191345663,0.0293722815440705,-0.0040605454668003,0.088124176469709
0.0,0.0,23.57598060192573,2.072485576325005,9.0,8.0,39.0,BOL,2000,Bolivia,Lower middle income,Latin America & Caribbean,1534686673.0,2294548577.0,0.004591341120558,-0.0016113010053523,-0.9079057666556826,0.0346769304445243,0.0301107484884207,0.0013452623916377,0.1197438556624848
0.0,0.0,23.5926784056598,2.0893543991823718,9.0,8.0,40.0,BOL,2001,Bolivia,Lower middle income,Latin America & Caribbean,1626035911.0,2056194909.0,0.0037143627122012,-0.0016539171739397,-0.9300062901589112,0.0338883918576552,0.0288843159859578,0.0012393685874594,0.1366596728418356
0.0,0.0,23.61723018630638,2.106079225660082,9.0,8.0,41.0,BOL,2002,Bolivia,Lower middle income,Latin America & Caribbean,1710308633.0,2191068870.0,0.0038158051964305,-0.0020660423649045,-0.8899178891990774,0.0384343194653577,0.0318673042078693,0.0051746794740384,0.1711843418271392
0.0,0.0,23.64398252823936,2.122830164829043,8.0,8.0,42.0,BOL,2003,Bolivia,Lower middle income,Latin America & Caribbean,2069153669.0,2131094556.0,0.0039365322451374,-0.0030504284515218,-0.8747259051469554,0.0494725481359839,-0.0102961281740024,0.0065474679807352,0.2230468672634789
0.0,0.0,23.6848681583985,2.139657415852686,8.0,8.0,43.0,BOL,2004,Bolivia,Lower middle income,Latin America & Caribbean,2731911668.0,2309687991.0,0.0038052313554878,-0.004280359825676,-0.8551210491340596,0.0648685997512672,-0.0135968975122128,0.0148027953225518,0.3305916773285788
0.0,0.0,23.72813292495005,2.1565139048601765,8.0,8.0,44.0,BOL,2005,Bolivia,Lower middle income,Latin America & Caribbean,3394535859.0,3064676257.0,0.0039253092028309,-0.0043705378913019,-0.8492728684266654,0.0813339601465085,-0.0130657487410634,0.0256254705652545,0.4584135896920426
0.0,0.0,23.774987968656138,2.173560311013755,8.0,8.0,45.0,BOL,2006,Bolivia,Lower middle income,Latin America & Caribbean,4783631931.0,3752326865.0,0.0039501748770851,-0.0246308982604367,-0.399789610024695,0.0688106804548461,-0.0201546246079514,0.0126022370833737,0.7067374032549859
0.0,0.0,23.81962078177274,2.190665476387299,8.0,8.0,46.0,BOL,2007,Bolivia,Lower middle income,Latin America & Caribbean,5483635309.0,4495769626.0,0.0042849212517137,-0.0259402483084223,-0.3487810112318721,0.0736020589598166,-0.0254767778520869,0.0199364557170446,0.8069652360168686
0.0,0.0,23.879289632842656,2.2075466200640648,8.0,8.0,47.0,BOL,2008,Bolivia,Lower middle income,Latin America & Caribbean,7487843217.0,6329632797.0,0.0042563076159501,-0.0284848990682966,-0.3216445451225279,0.0785809942908307,-0.0275755489468002,0.0167349650789543,0.8603191691412728
0.0,0.0,23.91230845760669,2.2241993320424585,7.0,8.0,48.0,BOL,2009,Bolivia,Lower middle income,Latin America & Caribbean,6194300356.0,5705628903.0,0.0043434312502921,-0.0139165673142751,-0.3069465617390137,0.0838347202724575,-0.0547828665542233,0.0158615190626321,0.8602925450600377
0.0,0.0,23.952746915465948,2.24064340027038,7.0,8.0,49.0,BOL,2010,Bolivia,Lower middle income,Latin America & Caribbean,8093221340.0,6744604596.0,0.0043945640964481,-0.0128448657498341,-0.2899420702209756,0.0861492976793261,-0.0545847772774875,0.0215130903013341,0.8908017640905141
1.0,0.0,24.00347893056965,2.25687109817042,7.0,8.0,50.0,BOL,2011,Bolivia,Lower middle income,Latin America & Caribbean,10565767133.0,9199145865.0,-0.0475628241966797,-0.0083718509995042,-0.2633734235507867,0.121932084069002,-0.0542747644001004,0.0255145332184338,0.985879699639662
1.0,0.0,24.053432946529853,2.2728676157202843,7.0,8.0,51.0,BOL,2012,Bolivia,Lower middle income,Latin America & Caribbean,12774727337.0,10233217742.0,-0.0467780271366729,-0.0090631357435315,-0.235954949761155,0.1119176005967022,-0.0524636152012023,0.0225829889518115,1.0067618579423132
1.0,0.0,24.119183340182754,2.2886050605324213,7.0,8.0,52.0,BOL,2013,Bolivia,Lower middle income,Latin America & Caribbean,13518462721.0,11386396498.0,-0.045448897306263,-0.0086903378574166,-0.2560092499852989,0.1093035826053054,-0.0529522518548569,0.0241535956943299,1.023602078546738
1.0,0.0,24.172350288507925,2.3040506485426873,7.0,8.0,53.0,BOL,2014,Bolivia,Lower middle income,Latin America & Caribbean,14285068712.0,13848955977.0,-0.0427746481698968,-0.0089762531826868,-0.1965697608506676,0.1112091890925195,-0.0528901774667791,0.0235382157494404,0.96042195467061
1.0,0.0,24.219779405909996,2.3192192599385337,7.0,8.0,54.0,BOL,2015,Bolivia,Lower middle income,Latin America & Caribbean,10186598886.0,12231374703.0,-0.0387557343479525,-0.0088419160985744,-0.1730310310375618,0.1093843765370785,-0.0523828477051276,0.0233994581153765,0.932341298854354
1.0,0.0,24.261534604913642,2.3341163186319074,7.0,8.0,55.0,BOL,2016,Bolivia,Lower middle income,Latin America & Caribbean,8311504863.0,10831641433.0,-0.0375502424007856,-0.0084021708764622,-0.1592622434250738,0.1075675815203556,-0.0526108690532149,0.0221725570039787,0.9200282725229384
1.0,0.0,24.30263054240182,2.3487287754608577,7.0,8.0,56.0,BOL,2017,Bolivia,Lower middle income,Latin America & Caribbean,8973701187.0,11958240289.0,-0.0378624453999657,-0.0081576433262438,-0.1430653998833736,0.1075672579380305,-0.0533264193772126,0.0183120624883033,0.9177456082493348
1.0,0.0,24.343999173190632,2.363062485149196,7.0,8.0,57.0,BOL,2018,Bolivia,Lower middle income,Latin America & Caribbean,9854706136.0,12864160304.0,-0.0378299143182628,-0.0106963316000059,-0.1311423335795749,0.1083126826361001,-0.0519586950917361,0.0179813216342087,0.9247485999983408
0.0,0.0,26.044674534717846,2.1889776063615645,5.0,9.0,0.0,BRA,1961,Brazil,Upper middle income,Latin America & Caribbean,1109152823.0,1118302726.0,-0.0014081998396536,-8.879779740816844e-05,1.2587919273344292,0.0029874792666005,-0.0457258481513382,-0.0664630652491604,-2.377072331698302
0.0,0.0,26.108586247116023,2.218818924251786,5.0,9.0,1.0,BRA,1962,Brazil,Upper middle income,Latin America & Caribbean,770900519.7,1033970196.0,-0.0013061634915118,-0.0001144992884542,1.2599565197708225,0.0049980706956399,-0.0471102368123779,-0.0666702976217448,-2.378293622554059
0.0,0.0,26.114567954310676,2.2482887042502435,3.0,9.0,2.0,BRA,1963,Brazil,Upper middle income,Latin America & Caribbean,2080325262.0,2097486801.0,-0.0001548565576333,0.0007829260351355,1.3028891086479533,0.0056037865864014,-0.0360910156376578,-0.0630397778990013,-2.2900022923721037
0.0,0.0,26.148004378323826,2.2772271575379928,-3.0,9.0,3.0,BRA,1964,Brazil,Upper middle income,Latin America & Caribbean,1354466135.0,1204326396.0,-6.334296339235327e-06,0.0006609437896672,1.306096214823376,0.0068925201178181,-0.0301898816647975,-0.061823643895185,-2.266354230727563
0.0,0.0,26.17172155898892,2.3054068919718813,-9.0,9.0,4.0,BRA,1965,Brazil,Upper middle income,Latin America & Caribbean,1685625122.0,1210637974.0,0.0002835976683409,0.0007022733752194,1.301339136102812,0.0133936715559492,-0.0215145061810325,-0.0607497213174738,-2.2069136618448604
0.0,0.0,26.23657360805227,2.3327305241060965,-9.0,9.0,5.0,BRA,1966,Brazil,Upper middle income,Latin America & Caribbean,1846958712.0,1621508461.0,0.0003165475779524,0.000629542801959,1.30354361242704,0.0142696467839292,-0.0215595047581755,-0.0614157265021102,-2.1992302087388365
0.0,0.0,26.277712687433123,2.3591576839399324,-9.0,9.0,6.0,BRA,1967,Brazil,Upper middle income,Latin America & Caribbean,1764834055.0,1764834055.0,0.00021893767998,0.0009152299492907,1.30732444188575,0.0187557223258746,-0.0217989998455262,-0.0630522441485385,-2.1925854942472593
0.0,0.0,26.37120432763874,2.3847760251187142,-9.0,9.0,7.0,BRA,1968,Brazil,Upper middle income,Latin America & Caribbean,2032731103.0,2239326015.0,0.0005421159992702,0.0009965090897616,1.3358749440806377,0.0288312820723786,-0.0217285298797063,-0.067058583937054,-2.1828986935543506
0.0,0.0,26.461958465579055,2.4098556837963394,-9.0,9.0,8.0,BRA,1969,Brazil,Upper middle income,Latin America & Caribbean,2479930322.0,2454948720.0,0.0017923615270668,0.0006569000245132,1.4753238166034213,0.0266117467603455,-0.0214993357511921,-0.0868226836664786,-2.2113702110312214
0.0,0.0,26.560900069571343,2.434587401039374,-9.0,9.0,9.0,BRA,1970,Brazil,Upper middle income,Latin America & Caribbean,2975391707.0,3153304260.0,0.0038397683287869,-4.095016733452069e-05,1.7304958747431889,0.0242841142574993,-0.027385583474141,-0.1120465002409967,-2.1850942085736818
0.0,0.0,26.66834345480121,2.4590675392824926,-9.0,9.0,10.0,BRA,1971,Brazil,Upper middle income,Latin America & Caribbean,3155632739.0,4004245614.0,0.0043089408815442,-0.0006797014826508,1.8152494018144676,0.0354949756246003,-0.0234813896116321,-0.1173398951152208,-2.1749069812531867
0.0,0.0,26.781138250626555,2.4834011654482637,-9.0,9.0,11.0,BRA,1972,Brazil,Upper middle income,Latin America & Caribbean,4249449496.0,5177234172.0,0.0037319932482643,0.0001036992018789,1.9093665559936737,0.0463485137883281,-0.0199310933588843,-0.1119072750325839,-2.059269622782473
0.0,0.0,26.91189334368915,2.507611531238556,-9.0,9.0,12.0,BRA,1973,Brazil,Upper middle income,Latin America & Caribbean,6557708238.0,7532763885.0,0.0035349431269671,0.0020229223873826,2.0650987504926417,0.0538532234180486,-0.0089588880877983,-0.0957504622128635,-1.640295377288636
0.0,0.0,26.990278512053187,2.53157811872599,-4.0,9.0,13.0,BRA,1974,Brazil,Upper middle income,Latin America & Caribbean,8424673828.0,14596797400.0,0.0025515834472644,0.0012188262959996,2.100939822700988,0.045692930578015,-0.0250512405383392,-0.0945308971146561,-1.4003120287720805
0.0,0.0,27.040654325363036,2.555366547887226,-4.0,9.0,14.0,BRA,1975,Brazil,Upper middle income,Latin America & Caribbean,9325921437.0,14233481673.0,0.002694933738414,0.0007897915599718,2.1034631107732253,0.0415957452244499,-0.0289393422442218,-0.0922826862928864,-1.350360117557318
0.0,0.0,27.138298964293565,2.5791821096057035,-4.0,9.0,15.0,BRA,1976,Brazil,Upper middle income,Latin America & Caribbean,10741988183.0,14401534168.0,0.0024567241476281,-5.19030908151725e-05,2.2316165363286737,0.0401223563727287,-0.0224917624321834,-0.0759517300900993,-1.388185488307342
0.0,1.0,27.186463766414253,2.6030476843181023,-4.0,9.0,16.0,BRA,1977,Brazil,Upper middle income,Latin America & Caribbean,12776590679.0,13948797700.0,0.0032691495300817,-0.0091877693888346,2.3109078944209314,0.0350978424658152,-0.0204685394090366,-0.064156096194598,-1.3343338187487173
1.0,1.0,27.23496807502378,2.6269081903608518,-4.0,9.0,17.0,BRA,1978,Brazil,Upper middle income,Latin America & Caribbean,13404621905.0,15791774011.0,-0.0274370539263459,-0.009562942235048,2.3211135720587155,0.048551751454502,-0.023111269880084,-0.0662389351645483,-1.268177064359727
1.0,1.0,27.300377261242815,2.6506708099073877,-4.0,9.0,18.0,BRA,1979,Brazil,Upper middle income,Latin America & Caribbean,16026612550.0,20642227950.0,-0.0390849040185657,-0.0160238502106523,2.4108619216494787,0.0384067265103288,-0.0338789653227606,-0.0769860680042654,-1.0624127791613152
1.0,1.0,27.388387613429888,2.674267716820484,-4.0,9.0,19.0,BRA,1980,Brazil,Upper middle income,Latin America & Caribbean,21276141968.0,26571483280.0,-0.0441819229585458,-0.0161211582925279,2.4859216279555056,0.0233578403057239,-0.0579308717104527,-0.0879652383438755,-0.8870699791141633
1.0,1.0,27.344957732692222,2.6975544650626695,-4.0,9.0,20.0,BRA,1981,Brazil,Upper middle income,Latin America & Caribbean,24828388399.0,25827534749.0,-0.0445347752288202,-0.0094223321270024,2.5411379846502635,0.0187946942868857,-0.0605919109871576,-0.0939482008308622,-0.7703217187872515
0.0,1.0,27.353223365550743,2.720345910097629,-3.0,9.0,21.0,BRA,1982,Brazil,Upper middle income,Latin America & Caribbean,21435129573.0,23307743171.0,0.0116824541243837,-0.0072825992231459,2.546086104930021,-0.0068790015030984,-0.056337770181359,-0.0947952656789385,-0.7298484552030514
0.0,1.0,27.32348593490643,2.7426824385397968,-3.0,9.0,22.0,BRA,1983,Brazil,Upper middle income,Latin America & Caribbean,23221079049.0,18314364419.0,0.0121661755017152,-0.0075071315221298,2.5443148504144566,-0.0068479880067929,-0.0565766345422782,-0.0921299967105323,-0.72430861556414
0.0,1.0,27.37607854245289,2.7645449867155754,-3.0,9.0,23.0,BRA,1984,Brazil,Upper middle income,Latin America & Caribbean,28317692073.0,16563864377.0,0.0110714815602713,-0.0076375472961394,2.543682216907821,-0.0076321346078766,-0.0564239313676868,-0.0934320391771243,-0.7022789721952043
0.0,1.0,27.451649204649918,2.7858508119232797,7.0,9.0,24.0,BRA,1985,Brazil,Upper middle income,Latin America & Caribbean,27305943481.0,15818492521.0,0.0110466859808186,-0.0075579768756909,2.550250004894666,-0.0097400747477101,-0.0787478984330862,-0.0906354667444711,-0.6749407821488148
0.0,1.0,27.523876788000983,2.806452268818278,7.0,9.0,25.0,BRA,1986,Brazil,Upper middle income,Latin America & Caribbean,23640555933.0,17038985026.0,0.0104480911140636,-0.0076789554672954,2.560640181898424,-0.0091228631793123,-0.0782345718787872,-0.09289709999909,-0.6569780123519185
0.0,1.0,27.558568695669127,2.8262679831315816,7.0,9.0,26.0,BRA,1987,Brazil,Upper middle income,Latin America & Caribbean,27820190341.0,18211637170.0,0.0113828747068027,-0.0071992255002227,2.582553806646495,-0.0112916107790255,-0.0819269092738903,-0.0901136707955267,-0.5893239134254917
0.0,1.0,27.557968586599042,2.8453708035117566,8.0,9.0,27.0,BRA,1988,Brazil,Upper middle income,Latin America & Caribbean,35921688764.0,18780447290.0,0.0112580554840553,-0.0062981995296679,2.59033935784926,-0.0093606280055869,-0.0657810940084794,-0.0910362412511111,-0.503881240993166
0.0,1.0,27.589078702306498,2.8638098007806403,8.0,9.0,28.0,BRA,1989,Brazil,Upper middle income,Latin America & Caribbean,36878468232.0,22554535409.0,0.0116848846528558,-0.0062204631231713,2.597362625372145,-0.0093944239626138,-0.0657365526889587,-0.0877622789738216,-0.4705526283324923
0.0,0.0,27.544604471141565,2.8816711583256667,8.0,9.0,29.0,BRA,1990,Brazil,Upper middle income,Latin America & Caribbean,32028703569.0,27188105815.0,0.0114189074342767,0.0024442104306021,2.546838506145087,-0.0090247918040273,-0.0695560646147051,-0.1035846649191728,-0.4497695759619998
0.0,0.0,27.55487414334868,2.898828853966945,8.0,9.0,30.0,BRA,1991,Brazil,Upper middle income,Latin America & Caribbean,29730384050.0,27115606036.0,0.0118627369370199,0.0023449521928479,2.5462522894077138,-0.0124535190120838,-0.0690448698944949,-0.1045105075099001,-0.4308484784229833
0.0,0.0,27.549418358676885,2.915501322163718,8.0,9.0,31.0,BRA,1992,Brazil,Upper middle income,Latin America & Caribbean,35668490420.0,27518767695.0,0.009657382056526,0.0015965625491406,2.5760009641459467,-0.013761819906853,-0.0642865557340519,-0.1197806959016528,-0.3296879690685299
0.0,0.0,27.597491219318496,2.9317006074103893,8.0,9.0,32.0,BRA,1993,Brazil,Upper middle income,Latin America & Caribbean,38683106085.0,33500364057.0,0.0077350217668246,0.0020562344774584,2.6430860595394847,-0.0099825136867195,-0.0597785703502089,-0.123254828836276,-0.2039528980374946
0.0,0.0,27.65436647992354,2.9473336051650842,8.0,9.0,33.0,BRA,1994,Brazil,Upper middle income,Latin America & Caribbean,49978835484.0,48132722298.0,0.0069218387308673,0.00239023495703,2.6987783256249034,-0.0016179240515842,-0.0537992464259038,-0.1112843370943746,-0.1256520941242166
0.0,0.0,27.69574087064232,2.962723730613499,8.0,9.0,34.0,BRA,1995,Brazil,Upper middle income,Latin America & Caribbean,57922145076.0,72744966688.0,0.0065184225872468,0.0017798090496474,2.7120882509667408,-0.0047941029467211,-0.0502021437272932,-0.1082517476986396,-0.0695365259332836
0.0,0.0,27.71759322978959,2.9778648063171866,8.0,9.0,35.0,BRA,1996,Brazil,Upper middle income,Latin America & Caribbean,57235482155.0,75733720733.0,0.0058488358966247,0.0010098873159793,2.6986646090151325,-0.0046731267777934,-0.0499859057729327,-0.1064582293642545,-0.0309102418986939
0.0,0.0,27.750970691829668,2.9927298487842786,8.0,9.0,36.0,BRA,1997,Brazil,Upper middle income,Latin America & Caribbean,61680043707.0,84722106135.0,0.0053029917390579,4.709174016315978e-05,2.661167937789076,-0.0060766417749917,-0.0501682519868727,-0.1061194012391851,0.0173664108345789
0.0,0.0,27.754353171700483,3.0076070588819395,8.0,9.0,37.0,BRA,1998,Brazil,Upper middle income,Latin America & Caribbean,60723205260.0,81258662213.0,0.0051569262639578,-9.325770872890382e-05,2.654500221442914,-0.0073508671277106,-0.0490403762221401,-0.1049897715328587,0.03234951970617
0.0,0.0,27.759018473991905,3.0221723355381234,8.0,9.0,38.0,BRA,1999,Brazil,Upper middle income,Latin America & Caribbean,57355154396.0,68462744029.0,0.0047291478134833,-0.000697679575009,2.6476490175253513,-0.0086635038592616,-0.0480980640478164,-0.1071701611145214,0.0527806545394249
0.0,0.0,27.80196148534888,3.035924448339429,8.0,9.0,39.0,BRA,2000,Brazil,Upper middle income,Latin America & Caribbean,66777376073.0,81614529580.0,0.0044127434802175,-0.0015657733797357,2.683803637119303,-0.0180087543340353,-0.0419730677344442,-0.1117938419858076,0.1080413176610598
0.0,0.0,27.81576473715488,3.0489579984444273,8.0,9.0,40.0,BRA,2001,Brazil,Upper middle income,Latin America & Caribbean,69279563683.0,81559242945.0,0.0043081895790387,-0.0016111281267911,2.674096998352788,-0.0154906729536402,-0.0413592659879131,-0.1076571508660773,0.1343531409146625
0.0,0.0,27.84584213081309,3.061372204947787,8.0,9.0,41.0,BRA,2002,Brazil,Upper middle income,Latin America & Caribbean,72546876208.0,68250203697.0,0.0042803792637873,-0.0020975717369815,2.6747149304283395,-0.0154051455203267,-0.0411783271775142,-0.1097898453883466,0.1612771925464206
0.0,0.0,27.857184104151635,3.073174344347171,8.0,9.0,42.0,BRA,2003,Brazil,Upper middle income,Latin America & Caribbean,84744254238.0,72344863387.0,0.003608515541457,-0.004331909130135,2.750415946051983,-0.0178340572284344,-0.0388215919884602,-0.1122505847041951,0.3097837017395067
0.0,0.0,27.91318800769222,3.0844734862231347,8.0,9.0,43.0,BRA,2004,Brazil,Upper middle income,Latin America & Caribbean,110739000000.0,87894359744.0,0.0026306142759241,-0.005602850766141,2.927742759006776,-0.0407693186768484,-0.0319705867723128,-0.1289031682009615,0.595262716289018
0.0,0.0,27.944707135917028,3.095432547324107,8.0,9.0,44.0,BRA,2005,Brazil,Upper middle income,Latin America & Caribbean,135919000000.0,105596000000.0,0.002548951449132,-0.0066981789116164,3.010582140581683,-0.0605895326302865,-0.025529590332709,-0.1177549945942141,0.7899344410756987
0.0,0.0,27.983563532727256,3.106015931485091,8.0,9.0,45.0,BRA,2006,Brazil,Upper middle income,Latin America & Caribbean,159214000000.0,129231000000.0,0.0020220985823836,-0.0076329100147259,3.0504207052827854,-0.0706065756267719,-0.0238619784824643,-0.1187683099834731,0.8829744902352752
0.0,0.0,28.042488176232347,3.116139613819913,8.0,9.0,46.0,BRA,2007,Brazil,Upper middle income,Latin America & Caribbean,186203000000.0,167164000000.0,0.0020322438702821,-0.0073987305141734,3.0621000960248126,-0.0644391310191338,-0.0222539648878589,-0.1002126889747976,0.9641867205853896
0.0,0.0,28.0921794909989,3.125719460018321,8.0,9.0,47.0,BRA,2008,Brazil,Upper middle income,Latin America & Caribbean,229517000000.0,232732000000.0,0.0021707858555813,-0.0072603633884018,3.0500042999423367,-0.0632989508759115,-0.0217934280106404,-0.0938297397641782,0.9991780937271584
0.0,0.0,28.09091758952475,3.134675782408134,8.0,9.0,48.0,BRA,2009,Brazil,Upper middle income,Latin America & Caribbean,180892000000.0,187614000000.0,0.0021750924102613,-0.0072440650534899,3.0356842518596334,-0.064411070455173,-0.0218678647811235,-0.0978201804249712,1.0085229273306129
0.0,1.0,28.16350059358937,3.1430846149566274,8.0,9.0,49.0,BRA,2010,Brazil,Upper middle income,Latin America & Caribbean,240003000000.0,262997000000.0,0.00220386591506,0.0065622238412237,3.0416895503443913,-0.065561401271784,-0.0198926141248966,-0.0872189207718974,1.0371465558290796
0.0,1.0,28.20247512620977,3.1512227535908335,8.0,9.0,50.0,BRA,2011,Brazil,Upper middle income,Latin America & Caribbean,303017000000.0,323145000000.0,0.0022070960749624,0.0066167515129592,3.065574024099465,-0.0659475226206208,-0.0202345146707356,-0.0820974611193306,1.0414901239228338
0.0,1.0,28.22150414237841,3.1593387383458222,8.0,9.0,51.0,BRA,2012,Brazil,Upper middle income,Latin America & Caribbean,292808000000.0,326316000000.0,0.0022145327103768,0.0067043307693334,3.0716711873124165,-0.0663779610270695,-0.020116525495447,-0.0812083296648671,1.0417287346228457
0.0,1.0,28.251113615582582,3.1674438547603536,8.0,9.0,52.0,BRA,2013,Brazil,Upper middle income,Latin America & Caribbean,290364000000.0,347276000000.0,0.0022409896772257,0.0067338975156792,3.071504442845523,-0.0661907160943469,-0.02024408753815,-0.0810332859925142,1.0428214994569207
0.0,1.0,28.256141030083437,3.175506996585033,8.0,9.0,53.0,BRA,2014,Brazil,Upper middle income,Latin America & Caribbean,270458000000.0,335826000000.0,0.0022437486994108,0.0067286120455507,3.071441443214571,-0.0663254327946504,-0.0203118761367791,-0.081294451523906,1.042555481158887
0.0,1.0,28.220034805505676,3.1834242144029044,8.0,9.0,54.0,BRA,2015,Brazil,Upper middle income,Latin America & Caribbean,232489000000.0,253273000000.0,0.0022487902197189,0.0066120519059615,3.069924401289879,-0.0670941870488564,-0.0203580137927101,-0.0830139951769069,1.0402556495275035
0.0,1.0,28.186732147358182,3.1910439410882496,8.0,9.0,55.0,BRA,2016,Brazil,Upper middle income,Latin America & Caribbean,223863000000.0,216686000000.0,0.0022457196915379,0.0066283353276072,3.0552071320246075,-0.0687949305419548,-0.0208208160085465,-0.0867672105096121,1.0409810817654244
0.0,1.0,28.199874109216452,3.1983264076578335,8.0,9.0,56.0,BRA,2017,Brazil,Upper middle income,Latin America & Caribbean,258331000000.0,243511000000.0,0.0022620376851951,0.0065335455071686,3.061915092802723,-0.0670452456120072,-0.0206171320106283,-0.0844320390627071,1.044697138007672
0.0,1.0,28.217551436404854,3.205160803259188,8.0,9.0,57.0,BRA,2018,Brazil,Upper middle income,Latin America & Caribbean,280543000000.0,272994000000.0,0.0022615724882971,0.0065420181806152,3.0670014926940907,-0.0666309920777128,-0.0205773707480253,-0.08456594081776,1.042105224751386
0.0,0.0,24.13708229156916,4.383283979134938,-7.0,6.0,19.0,BGR,1980,Bulgaria,Upper middle income,Europe & Central Asia,7084153846.0,6088384615.0,0.0592291704255344,0.0120025872507734,-0.1202688812774787,-0.0256061257167715,-0.0068257949750103,0.055908377934695,-0.5778118734250085
0.0,0.0,24.18492116397839,4.386616667338,-7.0,6.0,20.0,BGR,1981,Bulgaria,Upper middle income,Europe & Central Asia,7081357143.0,6859642857.0,0.057702524869133,0.0066687163051526,0.0243427317563853,-0.0162348881978323,-0.0079709253132335,0.0581057574538169,-0.4515810071524635
0.0,0.0,24.207998478461377,4.389574795248659,-7.0,6.0,21.0,BGR,1982,Bulgaria,Upper middle income,Europe & Central Asia,6631000000.0,6424733333.0,0.0563573163644346,0.007142474742392,0.0244930095034338,-0.0159079417856825,-0.0083147724965148,0.0595244354909944,-0.4456408777590811
0.0,0.0,24.241726305544667,4.392070261174876,-7.0,6.0,22.0,BGR,1983,Bulgaria,Upper middle income,Europe & Central Asia,6153111111.0,6118555556.0,0.0562647184503665,0.007085593805087,0.0242035639993165,-0.015590110947374,-0.0082126580230861,0.0596885055319762,-0.4457859687563105
0.0,0.0,24.27512668666019,4.394409984275659,-7.0,6.0,23.0,BGR,1984,Bulgaria,Upper middle income,Europe & Central Asia,7061055556.0,6729388889.0,0.0565398946029289,0.0070707335440826,0.0311247374592168,-0.0124914500213579,-0.0089750442534609,0.055769806248948,-0.4381351062315298
0.0,0.0,24.301607365466364,4.394395253219781,-7.0,6.0,24.0,BGR,1985,Bulgaria,Upper middle income,Europe & Central Asia,7341684211.0,7411526316.0,0.05692608115055,0.0067362329362264,0.0401017837525905,-0.0119599475996492,-0.0093993563890244,0.0553727594924498,-0.4319411966529369
0.0,0.0,24.34282226202382,4.394130055617602,-7.0,6.0,25.0,BGR,1986,Bulgaria,Upper middle income,Europe & Central Asia,8106529412.0,8802352941.0,0.0568613667544036,0.005610005168959,0.0327453163221011,-0.0122208921432731,0.0023480103481822,0.0555802985999759,-0.4373773849431212
0.0,0.0,24.40160531944573,4.395601148526966,-7.0,6.0,26.0,BGR,1987,Bulgaria,Upper middle income,Europe & Central Asia,11461076923.0,11977307692.0,0.0554422829624353,0.0086833316067835,0.0526456502676759,-0.0122473663570206,-0.0103833910811108,0.0598012781171694,-0.4078767913868485
0.0,0.0,24.5054669409125,4.396724872766788,-7.0,6.0,27.0,BGR,1988,Bulgaria,Upper middle income,Europe & Central Asia,10277764706.0,10352294118.0,0.0513048076174546,0.0252145748237288,0.0289567290381349,0.0036995420661876,0.0051934328175875,0.0585281658400684,-0.3747732670275464
0.0,0.0,24.472014784074073,4.385024486746648,1.0,6.0,28.0,BGR,1989,Bulgaria,Upper middle income,Europe & Central Asia,10207166667.0,10589277778.0,0.0534093809081332,0.0251552401956506,0.0076949347340699,0.0022388720770287,-0.0056811068636517,0.0557783522302523,-0.3247415867642478
0.0,0.0,24.376413413843125,4.3669869819441285,7.0,6.0,29.0,BGR,1990,Bulgaria,Upper middle income,Europe & Central Asia,6833181818.0,7577727273.0,0.0701394615558507,0.0160430515042157,-0.2233452024951316,-0.0129044468007061,-0.0054025076814648,0.060226615907111,-0.429337183488625
0.0,0.0,24.288179232839422,4.357082722166581,7.0,6.0,30.0,BGR,1991,Bulgaria,Upper middle income,Europe & Central Asia,3316842815.0,2990780301.0,0.0677908498651967,0.0117166660421682,-0.0840085215384651,-0.013377286995595,-0.0186781283473551,0.0533754026400027,-0.320966459307255
0.0,0.0,24.212675339508273,4.346344190348115,8.0,6.0,31.0,BGR,1992,Bulgaria,Upper middle income,Europe & Central Asia,4052954029.0,4554217900.0,0.072136720306667,0.0091952825690561,-0.120468419920681,-0.0156506855991579,0.0051511924244885,0.0606602508303904,-0.2341916761599382
0.0,0.0,24.197762545944798,4.338367531734698,8.0,6.0,32.0,BGR,1993,Bulgaria,Upper middle income,Europe & Central Asia,4138580851.0,4964847431.0,0.0734390266394576,0.0205633692424351,-0.1589976145077992,-0.0138614233172774,0.0105404834348525,0.0621165304710459,-0.1926239987805079
0.0,0.0,24.215779377039052,4.334971670991698,8.0,6.0,33.0,BGR,1994,Bulgaria,Upper middle income,Europe & Central Asia,4373776185.0,4434458935.0,0.0736877035611836,0.028849896836195,-0.173382576819106,-0.0137429895013614,0.0114855918214327,0.0579840129082612,-0.1640670568544948
0.0,0.0,24.243990016287118,4.330517685981982,8.0,6.0,34.0,BGR,1995,Bulgaria,Upper middle income,Europe & Central Asia,6141757604.0,4353456105.0,0.0657355735410029,0.0246096420996281,-0.1836965435201767,-0.0140622600874775,0.0110898466019223,0.0642212953157383,-0.1066301426019113
0.0,0.0,24.294734403688825,4.325360387185497,8.0,6.0,35.0,BGR,1996,Bulgaria,Upper middle income,Europe & Central Asia,5962695838.0,4588940294.0,0.0531983951396726,0.0153947479217436,-0.1551498033507762,-0.0096932237903514,0.0096002921380042,0.0616244648540766,-0.0553969194441884
0.0,0.0,24.142568964990172,4.31927241365897,8.0,6.0,36.0,BGR,1997,Bulgaria,Upper middle income,Europe & Central Asia,5610104532.0,4174242023.0,0.0401966299190192,-0.0011936310507685,-0.1491965265358586,-0.0100504606151319,-0.0008788376057107,0.06637758826499,0.1519312338062526
0.0,0.0,24.17975993347857,4.312599386626948,8.0,6.0,37.0,BGR,1998,Bulgaria,Upper middle income,Europe & Central Asia,6304226754.0,5276480125.0,0.0358441233010903,-0.002644505410451,-0.1106399828716835,-0.0100906621042838,0.000312185791351,0.0689598769468886,0.1649667513468344
0.0,0.0,24.09206369656276,4.306992904330557,8.0,6.0,38.0,BGR,1999,Bulgaria,Upper middle income,Europe & Central Asia,5829830705.0,6453780611.0,0.0324470524814187,-0.00522001582822,-0.1288692188452465,-0.010130460826318,-0.0068302265807644,0.0662914351004049,0.2292539330264875
0.0,0.0,24.13691492073276,4.30205394016395,8.0,6.0,39.0,BGR,2000,Bulgaria,Upper middle income,Europe & Central Asia,4797546243.0,5500642168.0,0.0225042482288117,-0.0100171657833477,-0.1074885540231273,-0.009490146559127,-0.0095307436959307,0.0633237421234266,0.3182469854785508
0.0,0.0,24.174439035518674,4.282147618111947,9.0,6.0,40.0,BGR,2001,Bulgaria,Upper middle income,Europe & Central Asia,4947372830.0,6269090423.0,0.0187215580877841,-0.0114455726429849,-0.103485687582435,-0.0091305255930501,0.0213477552768257,0.0550457665182146,0.3249458568548221
0.0,0.0,24.23149901914272,4.2771205960035195,9.0,6.0,41.0,BGR,2002,Bulgaria,Upper middle income,Europe & Central Asia,5519181983.0,6827325317.0,0.0175508958819148,-0.0099180441276034,-0.0729301924565468,-0.0073346059163442,0.0205258664039921,0.0590180162742792,0.340971063179655
0.0,0.0,24.2825452575638,4.269475232983684,9.0,6.0,42.0,BGR,2003,Bulgaria,Upper middle income,Europe & Central Asia,7277448748.0,9430004121.0,0.0095537668727289,-0.0175931738261154,-0.032076340456795,0.0011321670471301,0.0214901013270889,0.056701843220529,0.4320142911030204
0.0,0.0,24.345617942449213,4.262019204760932,9.0,6.0,43.0,BGR,2004,Bulgaria,Upper middle income,Europe & Central Asia,10713332855.0,13630082743.0,0.0091263699489713,-0.0245088883921729,-0.0129600255246144,0.0164758128434951,0.0235806469892093,0.0628245529232748,0.5612438881197939
0.0,0.0,24.413803077922054,4.255593386227268,9.0,6.0,44.0,BGR,2005,Bulgaria,Upper middle income,Europe & Central Asia,12703010483.0,17080286100.0,0.0084771257278391,-0.020216920127795,-0.0521169800325858,0.0123850617951208,0.0297398290471013,0.0682549648090892,0.7779321981357656
0.0,0.0,24.47961506186145,4.248090378531756,9.0,6.0,45.0,BGR,2006,Bulgaria,Upper middle income,Europe & Central Asia,16151246708.0,22027466752.0,0.0076294292552544,-0.0227430329586831,0.0980251051865619,0.0207587677093947,0.0347990900533687,0.0917718500533063,0.8282549813938708
0.0,0.0,24.544038452842205,4.240921683778869,9.0,6.0,46.0,BGR,2007,Bulgaria,Upper middle income,Europe & Central Asia,23261999930.0,31625068402.0,0.0048694631887085,-0.0092506242838022,0.3723456240862672,0.0297563787349323,0.0346339124618565,0.1445992303006503,0.9176447779887552
0.0,0.0,24.603528875970685,4.2339024563895356,9.0,6.0,47.0,BGR,2008,Bulgaria,Upper middle income,Europe & Central Asia,28590187695.0,39341095058.0,0.0008500310400892,-0.0009727672403015,0.5891280996568151,0.0433129257092355,0.0279446847139656,0.1908618410518275,0.9245513258572032
0.0,0.0,24.56948446482672,4.227920111455039,9.0,6.0,48.0,BGR,2009,Bulgaria,Upper middle income,Europe & Central Asia,21963850651.0,26258387053.0,0.0033862605355748,-0.006038601706089,0.4810169559475139,0.0430034804639027,0.0331853052899922,0.1637020766683164,0.9381422488811714
0.0,0.0,24.584784829432966,4.221337356959631,9.0,6.0,49.0,BGR,2010,Bulgaria,Upper middle income,Europe & Central Asia,25394223740.0,27008382339.0,0.0015224760850666,-0.0039226570903277,0.5195135823352257,0.0422974783157255,0.0308531836436208,0.1770430792840102,0.955083882607334
0.0,0.0,24.6055791780359,4.214925067826636,9.0,6.0,50.0,BGR,2011,Bulgaria,Upper middle income,Europe & Central Asia,33909798231.0,33818482315.0,0.0007530886559271,-0.0002616080795111,0.5596218968671787,0.0431756391095601,0.0270358606044673,0.1886472843047206,0.9624034984030448
0.0,0.0,24.613100128516248,4.209132861833202,9.0,6.0,51.0,BGR,2012,Bulgaria,Upper middle income,Europe & Central Asia,32766248152.0,34546525410.0,0.0007949795696039,-0.0002812807909733,0.5638344826806572,0.0485896208610048,0.0269257820114256,0.1928947237740037,0.9670284648460712
0.0,1.0,24.60747942223447,4.203536389722452,9.0,6.0,52.0,BGR,2013,Bulgaria,Upper middle income,Europe & Central Asia,36039694836.0,36351571391.0,0.0008216758329102,-3.767104096624908e-05,0.5482200456983287,0.0472177060752498,0.0295505871215526,0.1843847590467639,0.9912607741245346
0.0,1.0,24.6171016699095,4.197852497061285,9.0,6.0,53.0,BGR,2014,Bulgaria,Upper middle income,Europe & Central Asia,36846181919.0,37500760082.0,0.0008934776166798,-2.102282806499412e-05,0.5490313652699631,0.0472360228466397,0.0294416651019697,0.1847255655527875,0.9924120807500428
0.0,1.0,24.650807733304568,4.191471802293276,9.0,6.0,54.0,BGR,2015,Bulgaria,Upper middle income,Europe & Central Asia,32381760372.0,31957259692.0,0.000867837541984,-0.0007706030699094,0.5580759204128433,0.0475347330035513,0.0295165024283041,0.1856405281992047,0.9923011579118926
0.0,1.0,24.68075311398507,4.18445798131694,9.0,6.0,55.0,BGR,2016,Bulgaria,Upper middle income,Europe & Central Asia,34439814778.0,31788458645.0,0.0007397847632578,-0.0007570374422209,0.5666203666664383,0.0474199341970735,0.0284382697093471,0.1844550532942034,0.9930037736337848
0.0,1.0,24.708000226514507,4.177153549598047,9.0,6.0,56.0,BGR,2017,Bulgaria,Upper middle income,Europe & Central Asia,39636715495.0,37064926377.0,0.0004865235191123,-0.0009959207877371,0.5866330152440271,0.046843403310212,0.0281817160689552,0.1924369089873258,0.9995213850252092
0.0,1.0,24.734493758781614,4.16993274552495,9.0,6.0,57.0,BGR,2018,Bulgaria,Upper middle income,Europe & Central Asia,43570441787.0,41805033910.0,2.21444812282824e-05,0.0001639068109694,0.6363985575709802,0.0478141844366155,0.0270786173631362,0.207186592603268,0.9926147379179316
0.0,0.0,22.476805664435286,3.8879862534641663,1.0,38.0,32.0,KHM,1993,Cambodia,Lower middle income,East Asia & Pacific,406842504.9,827697458.4,0.0133030736724515,0.0041835195193817,-2.164230185743415,0.0277230325225932,-0.0050585089845235,0.0639982294223585,0.0283419801901018
0.0,0.0,22.048962442170225,3.9577722835484463,1.0,38.0,33.0,KHM,1994,Cambodia,Lower middle income,East Asia & Pacific,719965851.8,1079617531.0,0.013552876719737,0.0058680218377385,-2.40195741899967,0.0265238410748521,-0.0024131733150257,0.098115080037993,0.2747388502772019
0.0,0.0,22.143394681251277,4.038754178908888,1.0,38.0,34.0,KHM,1995,Cambodia,Lower middle income,East Asia & Pacific,1073111830.0,1603001243.0,0.0085583524354541,0.0056855785890662,-2.3373794602642732,0.0374143815531837,-0.0007301031886969,0.0842141380104964,0.3087985694799314
0.0,0.0,22.200696193298544,4.113984814408051,1.0,38.0,35.0,KHM,1996,Cambodia,Lower middle income,East Asia & Pacific,889438538.6,1535847164.0,0.0072496748551402,0.0041445058042047,-2.293799452406755,0.0443410522916688,-0.0007085250067514,0.0780815489018419,0.333954808253644
0.0,0.0,22.239980568506976,4.182821506895352,-7.0,38.0,36.0,KHM,1997,Cambodia,Lower middle income,East Asia & Pacific,1157570060.0,1560476055.0,0.0057115127164895,0.0033480282327674,-2.315605569050326,0.05230379944631,-0.0232023627399716,0.0644129764262632,0.379348259585527
0.0,0.0,22.28573405160614,4.224063781802174,2.0,38.0,37.0,KHM,1998,Cambodia,Lower middle income,East Asia & Pacific,974763067.9,1384886253.0,0.0048236041776427,0.0022208485901919,-2.2696432481461764,0.0470907469819859,-0.0028664610350789,0.068656065264453,0.3612295298130942
0.0,0.0,22.405341032830144,4.241130370986987,2.0,38.0,38.0,KHM,1999,Cambodia,Lower middle income,East Asia & Pacific,1426037338.0,1886392173.0,0.0039993167010411,0.0017452399879519,-2.1934191003440824,0.0455679017238777,-0.0036871448849413,0.0622763819576396,0.3215646375441329
0.0,0.0,22.500592850351275,4.257032070276379,2.0,38.0,39.0,KHM,2000,Cambodia,Lower middle income,East Asia & Pacific,1821406331.0,2256850026.0,0.0031252810772185,0.0012067733126978,-2.2149035280332945,0.0446257679654349,-0.0060185341542061,0.0531090020762875,0.3398541427764432
0.0,0.0,22.578926893731655,4.272648756878774,2.0,38.0,40.0,KHM,2001,Cambodia,Lower middle income,East Asia & Pacific,2121742524.0,2511940517.0,0.0036377210591534,-0.001164566378683,-1.980104853378196,0.0425577324953848,-0.010266779302504,0.0586447210566129,0.4369397318973248
0.0,0.0,22.642642634415353,4.28807268263927,2.0,38.0,41.0,KHM,2002,Cambodia,Lower middle income,East Asia & Pacific,2439168009.0,2884414192.0,0.0035246844958779,-0.0015300595039492,-1.7686336569295726,0.0650139771232228,-0.0190612406449581,0.0466873273898349,0.4312083473569151
0.0,0.0,22.724276956843934,4.303183401790667,2.0,38.0,42.0,KHM,2003,Cambodia,Lower middle income,East Asia & Pacific,2736752435.0,3323063207.0,0.0027094839665745,-0.0022997789324971,-1.5981004522972275,0.0745098358320446,-0.0253068531344833,0.0457341936119676,0.4852429257893434
0.0,0.0,22.822678070965374,4.31792090760078,2.0,38.0,43.0,KHM,2004,Cambodia,Lower middle income,East Asia & Pacific,3578124692.0,4149673263.0,0.0025138182109472,-0.0027486324054154,-1.5240238013964458,0.083329171089665,-0.0302675096133691,0.0429185461905374,0.6059083810630508
0.0,0.0,22.94710641673106,4.332497052977676,2.0,38.0,44.0,KHM,2005,Cambodia,Lower middle income,East Asia & Pacific,4313261451.0,5123916348.0,0.0025862878913679,-0.0035482930364879,-1.4262506715165526,0.0903893062497717,-0.0272606408681881,0.0514220492799324,0.7014456174124558
0.0,0.0,23.0494019932601,4.3472564834610266,2.0,38.0,45.0,KHM,2006,Cambodia,Lower middle income,East Asia & Pacific,5400482920.0,6319381671.0,0.002518529455813,-0.0041400989907522,-1.3654366069386974,0.0898188463616548,-0.0234868017306528,0.0565577730708528,0.7313421775451808
0.0,0.0,23.146642798338547,4.3620119267752,2.0,38.0,46.0,KHM,2007,Cambodia,Lower middle income,East Asia & Pacific,6191862457.0,7349164263.0,0.0042004223627933,-0.0031297495773356,-1.1800663193372376,0.1044238866953868,-0.0207825859718391,0.0759766620522823,0.7127266774367635
0.0,0.0,23.211414831067067,4.377191075429203,2.0,38.0,47.0,KHM,2008,Cambodia,Lower middle income,East Asia & Pacific,7521137176.0,8353365209.0,0.0053754232248671,-0.003011402188186,-1.0108382643896776,0.1127432839006055,-0.0145270806104741,0.0881267963483943,0.8365950874373261
0.0,0.0,23.212281425056666,4.392957637234097,2.0,38.0,48.0,KHM,2009,Cambodia,Lower middle income,East Asia & Pacific,5777715035.0,7011246138.0,0.0053471905299582,-0.0029495771727203,-0.9855303458167846,0.1157738370058872,-0.0149501312993819,0.0857202185067961,0.8856706811071292
0.0,0.0,23.270201957131952,4.408519811738103,2.0,38.0,49.0,KHM,2010,Cambodia,Lower middle income,East Asia & Pacific,6935619207.0,8253700555.0,0.0066356446408864,-0.0023798600586511,-0.8936699303433419,0.112169828796878,-0.0116817734703442,0.0896984633872658,0.921345857740617
0.0,0.0,23.338510580766247,4.4237037360060745,2.0,38.0,50.0,KHM,2011,Cambodia,Lower middle income,East Asia & Pacific,8003673661.0,9598623051.0,0.0066667363025707,-0.0021222624399573,-0.8793674559026431,0.1105712343115507,-0.0112818722439222,0.0921906512378097,0.9496627366385652
0.0,0.0,23.409093412340933,4.438703577826808,2.0,38.0,51.0,KHM,2012,Cambodia,Lower middle income,East Asia & Pacific,9498870542.0,11311870012.0,0.0069664498049109,-0.0018260823199969,-0.8567492353321343,0.1065107674940382,-0.0116152015490533,0.0955926317473066,0.9533353455829828
0.0,0.0,23.48007983672763,4.453654599068618,2.0,38.0,52.0,KHM,2013,Cambodia,Lower middle income,East Asia & Pacific,11214912044.0,13521734447.0,0.0080650697572891,-0.0018158939564795,-0.8055890076481566,0.1086311796889365,-0.0130562139483981,0.1049454760842576,0.9568072797120508
0.0,0.0,23.549070038498304,4.468478971638085,2.0,38.0,53.0,KHM,2014,Cambodia,Lower middle income,East Asia & Pacific,12481981424.0,14949702395.0,0.008605168328809,-0.0011165444117167,-0.7567990033745794,0.1131474681285337,-0.013760377721437,0.1091118506297202,0.962591375796387
0.0,0.0,23.61640898925672,4.483081347892458,2.0,38.0,54.0,KHM,2015,Cambodia,Lower middle income,East Asia & Pacific,13532995573.0,15985986398.0,0.009131837251354,-0.0005986214288833,-0.7236830535734242,0.103988273907239,-0.0160544098258889,0.1120917459805519,0.9661505738152738
0.0,0.0,23.683444209550686,4.497667424693074,2.0,38.0,55.0,KHM,2016,Cambodia,Lower middle income,East Asia & Pacific,14986346465.0,17599744248.0,0.0095068364596961,-0.0016143670944086,-0.6592178911503322,0.0974246072254128,-0.0208499364876876,0.1151766595955503,0.9645043329942784
0.0,0.0,23.75107392023477,4.511485084318731,-4.0,38.0,56.0,KHM,2017,Cambodia,Lower middle income,East Asia & Pacific,16527255663.0,19038733852.0,0.0099441748774536,0.0001217318583928,-0.4463071674300767,0.0523039118678433,-0.0365246907019336,0.1018342037569266,1.0024586288613768
0.0,0.0,23.823107742589485,4.523921912044811,-4.0,38.0,57.0,KHM,2018,Cambodia,Lower middle income,East Asia & Pacific,18386489552.0,20870727998.0,0.0107328683570827,-0.0041187971986538,-0.3827165495185063,-0.0073248920112933,-0.0439765611318334,0.0907090333906613,0.9810537681330146
0.0,0.0,22.430945899120786,2.4905611288798872,4.0,14.0,4.0,CMR,1965,Cameroon,Lower middle income,Sub-Saharan Africa,193421237.8,197501862.1,0.0010414374567646,0.0021922534673034,-1.752720663883882,0.0689241153533867,-0.0135614908633589,-0.1034801219831509,-1.4835030631367825
0.0,0.0,22.476062233655654,2.5135406912367255,-7.0,14.0,5.0,CMR,1966,Cameroon,Lower middle income,Sub-Saharan Africa,178688820.0,200668814.9,0.00125043252707,0.0022092439692698,-1.7600470632363283,0.0650885872917953,0.0076748316812002,-0.0885084663967421,-1.4451727008122388
0.0,0.0,22.360515956727394,2.537245158748438,-7.0,14.0,6.0,CMR,1967,Cameroon,Lower middle income,Sub-Saharan Africa,193088699.9,211381299.7,0.0011035803900221,0.0030786369260296,-1.851998854732278,0.075446111055191,0.0028365032008284,-0.0915599162499788,-1.4343593553345415
0.0,0.0,22.422046745266282,2.561792830869098,-7.0,14.0,7.0,CMR,1968,Cameroon,Lower middle income,Sub-Saharan Africa,231454654.8,257710416.9,0.0006642794727629,0.0028130972401279,-1.750184252643581,0.0661387634963434,0.0038068271846721,-0.0888200413699216,-1.385589029849318
0.0,0.0,22.46989817868699,2.587194288742473,-7.0,14.0,8.0,CMR,1969,Cameroon,Lower middle income,Sub-Saharan Africa,257346671.7,251576564.8,0.0003272382841076,0.0022830410708208,-1.7234561902186312,0.0660207648463425,0.0069748249933119,-0.08771736827157,-1.3385680829656557
0.0,0.0,22.500350448059454,2.61332122390026,-7.0,14.0,9.0,CMR,1970,Cameroon,Lower middle income,Sub-Saharan Africa,301733187.3,284005473.5,-0.000120812649242,0.0018354196995633,-1.741176095042059,0.0714127849942434,0.0059909198475058,-0.0850798655053242,-1.255273754574015
0.0,0.0,22.53455579579095,2.6400341958974174,-7.0,14.0,10.0,CMR,1971,Cameroon,Lower middle income,Sub-Saharan Africa,284721121.7,335928206.7,0.0006915631938039,-0.0001393678211788,-1.6996600916838362,0.0720813599687562,0.0093568733346293,-0.086315301899152,-1.2042546611397649
0.0,0.0,22.560943003838666,2.6672058764715287,-8.0,14.0,11.0,CMR,1972,Cameroon,Lower middle income,Sub-Saharan Africa,305521571.3,390830241.0,0.0009810763104834,-4.36501532260516e-05,-1.7034902747590934,0.081762771236234,0.0064403012760101,-0.0752686257126898,-1.1088483049597
0.0,0.0,22.613114879580394,2.6947060783332506,-8.0,14.0,12.0,CMR,1973,Cameroon,Lower middle income,Sub-Saharan Africa,393469130.8,456280562.5,0.0010939148894787,-0.0002850571731124,-1.7395481867381095,0.0799807553564441,0.0101160571458844,-0.0578506138483356,-0.944676947979012
0.0,0.0,22.71507799093461,2.722462564903777,-8.0,14.0,13.0,CMR,1974,Cameroon,Lower middle income,Sub-Saharan Africa,548805300.7,491889089.6,0.0021758432824841,-0.001054260515054,-1.359347821175484,0.0988253854825174,0.0042391147361625,-0.0433311985779077,-0.8486269682013114
0.0,0.0,22.821643309493677,2.75036392148599,-8.0,14.0,14.0,CMR,1975,Cameroon,Lower middle income,Sub-Saharan Africa,648117760.1,729774049.1,0.0013289216392445,-0.0012709538680517,-1.2750640758807843,0.1114018645402658,0.0015541550863771,-0.0451570602947306,-0.8163914953061753
0.0,0.0,22.765124402219723,2.7771532395872214,-8.0,14.0,15.0,CMR,1976,Cameroon,Lower middle income,Sub-Saharan Africa,656202835.9,793051292.9,0.0019226553169555,-0.0007701507349432,-1.3473599379999388,0.1104072008813886,0.0027843157869576,-0.0377414788810808,-0.7596385337946986
0.0,0.0,22.89386822856005,2.8029482299233797,-8.0,14.0,16.0,CMR,1977,Cameroon,Lower middle income,Sub-Saharan Africa,850701204.3,943911998.7,0.000321807152518,-0.000829920115976,-1.293925602979881,0.1310536946573631,-0.00036797594551,-0.0484144008035432,-0.7210825336466544
0.0,0.0,23.092743717554146,2.830203743867137,-8.0,14.0,17.0,CMR,1978,Cameroon,Lower middle income,Sub-Saharan Africa,1103007002.0,1311288739.0,2.0437792371042885e-05,-0.0016190798644856,-1.0631103018939807,0.1406148476656487,-0.0114116910924947,-0.0427010723524141,-0.6778293310317194
0.0,0.0,23.151343879943315,2.858229961540142,-8.0,14.0,18.0,CMR,1979,Cameroon,Lower middle income,Sub-Saharan Africa,1247639814.0,1671668198.0,0.0005236307098388,0.002847692317265,-0.8949821882591242,0.107626083174091,-0.0161458320657828,-0.0270439755924891,-0.5264131627513361
0.0,0.0,23.13149527664444,2.890775846796802,-8.0,14.0,19.0,CMR,1980,Cameroon,Lower middle income,Sub-Saharan Africa,1861186771.0,1810903419.0,0.0010077160572609,0.0028192060353037,-0.969111165540092,0.1277515845034851,-0.0185319845419254,-0.0323095846664695,-0.4713066553383775
0.0,0.0,23.289205461700636,2.925884201129797,-8.0,14.0,20.0,CMR,1981,Cameroon,Lower middle income,Sub-Saharan Africa,1445617474.0,1878440367.0,0.0030708038890161,0.0028829974688808,-0.7366311154588104,0.0776647595076084,-0.0191443218495312,-0.015129263121235,-0.3797838226128927
0.0,0.0,23.36167683387655,2.9496791423401745,-7.0,14.0,21.0,CMR,1982,Cameroon,Lower middle income,Sub-Saharan Africa,2195884893.0,1911383891.0,0.0026105201323,0.0030813236788326,-0.7252274680171916,0.0809873475887583,-0.0089279924671864,-0.0135652531758777,-0.3797942589391289
0.0,0.0,23.42809013307437,2.9701488585043956,-7.0,14.0,22.0,CMR,1983,Cameroon,Lower middle income,Sub-Saharan Africa,2088376143.0,2013215078.0,0.002195574256114,0.0030960060658843,-0.6983344180394457,0.0810307489808937,-0.0084417066877371,-0.0134191179364093,-0.3719910112800335
0.0,0.0,23.500174232200322,2.997938169276063,-9.0,14.0,23.0,CMR,1984,Cameroon,Lower middle income,Sub-Saharan Africa,2447934060.0,2266220105.0,0.0042066042562546,0.0021983454653144,-0.6465803024243867,0.0817926875292576,0.029934478564675,-0.0120347391299241,-0.3135958664195801
0.0,0.0,23.577719932640964,3.027742825082026,-9.0,14.0,24.0,CMR,1985,Cameroon,Lower middle income,Sub-Saharan Africa,2858134101.0,2698093753.0,0.005071549002311,0.0022811440776798,-0.6344145665912098,0.0819370033573266,0.0278391315340578,-0.0112066976646103,-0.3130485965325998
0.0,0.0,23.643242311078602,3.057874346282737,-9.0,14.0,25.0,CMR,1986,Cameroon,Lower middle income,Sub-Saharan Africa,2760485196.0,2694449198.0,0.0071646560940693,0.0021000777029987,-0.6076647765832041,0.0810071769965427,0.0200267884084462,-0.0109164243899044,-0.3278920814169102
0.0,0.0,23.62154205219982,3.0882624335908675,-9.0,14.0,26.0,CMR,1987,Cameroon,Lower middle income,Sub-Saharan Africa,2178543701.0,2691627936.0,0.0069599764010386,0.0018657073836705,-0.6342341972885518,0.0794796235171341,0.0164937717137622,-0.0097547354488628,-0.2940679496483643
0.0,0.0,23.540075651801498,3.1181110804571257,-6.0,14.0,27.0,CMR,1988,Cameroon,Lower middle income,Sub-Saharan Africa,1961804002.0,1953074691.0,0.0068837648316027,0.0028926920942739,-0.6772915578841948,0.0795074152718284,-0.0147163288392481,-0.0053452770866137,-0.2746396918054464
0.0,0.0,23.521716952316446,3.147417973670622,-6.0,14.0,28.0,CMR,1989,Cameroon,Lower middle income,Sub-Saharan Africa,2280376117.0,1956872130.0,0.0083203418269658,0.0027308082298917,-0.6867619001551779,0.0791970028423884,-0.0151888896189347,-0.0055085395140496,-0.2388372823093661
0.0,0.0,23.45871647294918,3.1768879722494265,-3.0,14.0,29.0,CMR,1990,Cameroon,Lower middle income,Sub-Saharan Africa,2485421488.0,2132071772.0,0.0065382800951707,0.0027673133254695,-0.7844569717881557,0.0803481123771835,-0.0184511025878031,-0.008208151940612,-0.225907393893499
0.0,0.0,23.419886250043557,3.2060529581916057,-3.0,14.0,30.0,CMR,1991,Cameroon,Lower middle income,Sub-Saharan Africa,2367905904.0,1733392181.0,0.0087330315871458,0.0026646653542136,-0.8075118641386894,0.0812545272587591,-0.0171395677405827,-0.0096535589773498,-0.219235390463871
1.0,0.0,23.388395549827056,3.234709112592121,-5.0,14.0,31.0,CMR,1992,Cameroon,Lower middle income,Sub-Saharan Africa,2480390364.0,2211014453.0,-0.0733541832272768,0.0025125255014787,-0.8568141408202964,0.2855798773824318,-0.022092475954447,-0.007546463032335,-0.2294014742380485
1.0,0.0,23.305752075163706,3.2631827394186317,-5.0,14.0,32.0,CMR,1993,Cameroon,Lower middle income,Sub-Saharan Africa,2652315493.0,1580660005.0,-0.0802675568334968,0.0022573596952641,-0.9003448966094315,0.2818206243636313,-0.0220035313118213,-0.0091306643049738,-0.1952226738207999
1.0,0.0,23.324346219861546,3.29126116826289,-5.0,14.0,33.0,CMR,1994,Cameroon,Lower middle income,Sub-Saharan Africa,1912336306.0,1378107626.0,-0.0769746753213466,0.0026033644870726,-0.9068499215453826,0.2883648535462032,-0.0210395289581186,-0.0067689148302127,-0.1667286284829477
1.0,0.0,23.352875379370136,3.31871367419904,-5.0,14.0,34.0,CMR,1995,Cameroon,Lower middle income,Sub-Saharan Africa,2348799529.0,1636645933.0,-0.0595737622251246,0.0019871358859902,-0.907244730863917,0.2720531476602846,-0.02181442046691,-0.001668958563666,-0.0956266460184836
1.0,0.0,23.39416195856546,3.345628555992533,-5.0,14.0,35.0,CMR,1996,Cameroon,Lower middle income,Sub-Saharan Africa,2691568972.0,2313348982.0,-0.0469918727307258,0.0017510357801743,-0.8965382038233825,0.2461085772457636,-0.0242368131574153,-0.0017955311228231,-0.0308751367029407
1.0,0.0,23.43844018560605,3.3721440764987656,-5.0,14.0,36.0,CMR,1997,Cameroon,Lower middle income,Sub-Saharan Africa,2875461379.0,2354149771.0,-0.049985645220644,0.0006526422110279,-0.8917923476920302,0.2183929620002586,-0.0331627409888086,0.0038940483351989,0.0552011427338861
1.0,0.0,23.48461297360923,3.3986244936225454,-5.0,14.0,37.0,CMR,1998,Cameroon,Lower middle income,Sub-Saharan Africa,2483240189.0,2295271124.0,-0.0619505481224387,4.007993441228104e-05,-0.8721279951897234,0.2108802154726457,-0.0320990447016928,0.0075872733453588,0.0703094387001153
0.0,0.0,23.52873802756382,3.425154127471406,-5.0,14.0,38.0,CMR,1999,Cameroon,Lower middle income,Sub-Saharan Africa,2247078226.0,2059848165.0,0.006120097211352,-0.0002773101706828,-0.8330969470891171,0.1079126330606538,-0.0293686909145098,0.0100628969173753,0.0975096849900238
0.0,0.0,23.566346073721466,3.451481758146494,-5.0,14.0,39.0,CMR,2000,Cameroon,Lower middle income,Sub-Saharan Africa,2626514828.0,2437829406.0,0.0048346169947052,-0.0005481099950459,-0.8370348457090067,0.1100296777722164,-0.031615818854332,0.0190307309153503,0.1301445985828601
0.0,0.0,23.608679832367304,3.477746083785891,-5.0,14.0,40.0,CMR,2001,Cameroon,Lower middle income,Sub-Saharan Africa,2766983730.0,2881977219.0,0.0042422595205199,-0.000484264807415,-0.8228075932251124,0.1186424115992227,-0.0352907293500763,0.0214878435964639,0.1609060251867336
0.0,0.0,23.652476854642803,3.5045585655876255,-5.0,14.0,41.0,CMR,2002,Cameroon,Lower middle income,Sub-Saharan Africa,2854249060.0,3165848310.0,0.0054653249930812,-0.0021514460734535,-0.7489548402094715,0.1134537598293996,-0.0402329530375608,0.0256982149962562,0.2001682417428938
0.0,0.0,23.705573482109536,3.5318332787992803,-5.0,14.0,42.0,CMR,2003,Cameroon,Lower middle income,Sub-Saharan Africa,3104135993.0,3322828644.0,0.0039171392075733,-0.0028804128995365,-0.7342696129598583,0.1118053599657989,-0.0391735879198731,0.0219607034468688,0.2653659825266523
0.0,0.0,23.773688688275215,3.559307429123949,-5.0,14.0,43.0,CMR,2004,Cameroon,Lower middle income,Sub-Saharan Africa,3868330225.0,4008132753.0,0.0038376246181024,-0.0139098082984981,-0.367735502199071,0.0673095023974095,-0.0390218144859698,0.0228573473627049,0.4972313800381344
0.0,0.0,23.795726758292698,3.5868648139334156,-5.0,14.0,44.0,CMR,2005,Cameroon,Lower middle income,Sub-Saharan Africa,4340055666.0,4438925461.0,0.003872456377497,-0.0116162658889917,-0.3352861141055604,0.0631069318491483,-0.0447816489487447,0.0223374716491942,0.6255111186454226
0.0,1.0,23.83311486314718,3.6143503267868233,-5.0,14.0,45.0,CMR,2006,Cameroon,Lower middle income,Sub-Saharan Africa,5055972600.0,4793806221.0,0.0044996845062387,0.01680461518007,-0.2562165116805898,0.0461293729046763,-0.0787624520069435,0.0059877003354209,0.7135492011559408
0.0,1.0,23.87548052014582,3.6424131093958767,-5.0,14.0,46.0,CMR,2007,Cameroon,Lower middle income,Sub-Saharan Africa,6455516974.0,6278066804.0,0.0044229815682054,0.018420437242397,-0.2526115733629767,0.0443159840066511,-0.0828901995911159,0.0061906823101126,0.7905702870355062
0.0,1.0,23.903559372364743,3.6710389545854363,-5.0,14.0,47.0,CMR,2008,Cameroon,Lower middle income,Sub-Saharan Africa,7485406851.0,8291276216.0,0.0053491866069419,0.0145093436415612,-0.2705834398143074,0.0400075914366899,-0.0844071258519711,0.0043563304605483,0.8456990229988198
0.0,1.0,23.929024874250594,3.6996928769999564,-5.0,14.0,48.0,CMR,2009,Cameroon,Lower middle income,Sub-Saharan Africa,5469950249.0,6311089301.0,0.0133145442287113,0.0131341594785433,-0.2763492014247364,0.0072264925312778,-0.085121336841465,0.0003032920894485,0.8953163410858015
0.0,1.0,23.95760285317153,3.728269491632961,-5.0,14.0,49.0,CMR,2010,Cameroon,Lower middle income,Sub-Saharan Africa,6153122906.0,6841031832.0,0.0146715625984949,0.0104306896791954,-0.2746368176609316,0.0006467080838109,-0.0861229848449803,0.001407570364541,0.9329048317863012
0.0,1.0,23.990836557636634,3.7565537213910107,-5.0,14.0,50.0,CMR,2011,Cameroon,Lower middle income,Sub-Saharan Africa,7421773623.0,8359880286.0,0.0150499995198449,0.0011243646321084,-0.2330889123927687,0.0042742881068769,-0.0870264172711463,0.0031266402031414,0.9517325620911538
0.0,1.0,24.036058254991648,3.7846841931945683,-5.0,14.0,51.0,CMR,2012,Cameroon,Lower middle income,Sub-Saharan Africa,7200040957.0,7888349868.0,0.0152798207357816,0.0003918861514706,-0.2135075605379985,0.0034347661763744,-0.0866755323453712,0.003361458346423,0.964613610763468
0.0,1.0,24.08480583882095,3.8127751303477204,-5.0,14.0,52.0,CMR,2013,Cameroon,Lower middle income,Sub-Saharan Africa,7973145413.0,8781390774.0,0.0151721093493757,0.001505895195212,-0.184803121370653,0.0015460327240481,-0.0857749268370181,0.0002086242784556,0.9466510173260602
0.0,1.0,24.140428022375406,3.843034349646594,-5.0,14.0,53.0,CMR,2014,Cameroon,Lower middle income,Sub-Saharan Africa,8590854303.0,9905295758.0,0.0149241240153461,0.0012537749083714,-0.1851057001491645,0.0033180150333828,-0.0855811222452352,-0.0011366496221045,0.9499227618952302
0.0,1.0,24.195550031309633,3.8744277842706407,-5.0,14.0,54.0,CMR,2015,Cameroon,Lower middle income,Sub-Saharan Africa,6760654005.0,7907933406.0,0.0145714550092312,0.0012240401614889,-0.1406673320033762,0.0083110485892038,-0.0854158676994222,-0.0012953741186831,0.9056135274761472
0.0,1.0,24.239909386626557,3.9043211068056927,-5.0,14.0,55.0,CMR,2016,Cameroon,Lower middle income,Sub-Saharan Africa,6407809686.0,7333874148.0,0.0145659766183203,0.0018026111988149,-0.1399170354314086,0.008627612153822,-0.0862718434831036,-0.0002438263871837,0.895766659158392
0.0,1.0,24.27470857529304,3.932671086600005,-5.0,14.0,56.0,CMR,2017,Cameroon,Lower middle income,Sub-Saharan Africa,6624479953.0,7525797298.0,0.0147705457274315,-0.0002774469288865,-0.1202676226678394,0.0113690741359195,-0.0886921198407359,-0.0031076166743965,0.8922116110255803
0.0,1.0,24.313501449239325,3.9603741854486105,-5.0,14.0,57.0,CMR,2018,Cameroon,Lower middle income,Sub-Saharan Africa,7486173533.0,8730827317.0,0.0148120753269037,0.0036866295062552,-0.1013572348722116,0.011456374599512,-0.0905374567836495,-0.0032800905949425,0.8915352489664907
0.0,0.0,20.751789871962128,1.0240061727177767,-7.0,10.0,0.0,CAF,1961,Central African Republic,Low income,Sub-Saharan Africa,32618432.17,44034883.42,0.0024225855350444,0.0021011115914952,-3.1114833721375508,-0.0917454681198037,-0.0213878830595719,-0.0473387414029294,-1.5893298629513648
0.0,0.0,20.71394469001852,1.0431548707257818,-7.0,10.0,1.0,CAF,1962,Central African Republic,Low income,Sub-Saharan Africa,30610519.65,46936114.64,0.0024424921877247,0.0021067771106046,-3.124254132882463,-0.0940653299336498,-0.0213864047108061,-0.0479506203789878,-1.594151575698186
0.0,0.0,20.706849470852706,1.0627277487218663,-7.0,10.0,2.0,CAF,1963,Central African Republic,Low income,Sub-Saharan Africa,32650882.14,49792597.31,0.0025082319799144,0.0020599718333457,-3.1378853986805035,-0.094543292010885,-0.0212305025964307,-0.0477491779344731,-1.5758188817456629
0.0,0.0,20.727439283988375,1.0827797789952098,-7.0,10.0,3.0,CAF,1964,Central African Republic,Low income,Sub-Saharan Africa,40403677.01,57952751.48,0.0024894978345158,0.0020686728173831,-3.1435950605713994,-0.0942747974164854,-0.0213731357710678,-0.0479867352717282,-1.5677193471684514
0.0,0.0,20.736870457988143,1.1033704990754944,-7.0,10.0,4.0,CAF,1965,Central African Republic,Low income,Sub-Saharan Africa,40806173.54,56720586.89,0.0025024928696431,0.0021648041104867,-3.145078164024925,-0.0867013594429944,-0.0215374570171909,-0.0476906774172657,-1.5479282302624513
0.0,0.0,20.743297596813246,1.1245665918213659,-7.0,10.0,5.0,CAF,1966,Central African Republic,Low income,Sub-Saharan Africa,44773974.2,67160961.3,0.0024985406966867,0.0025110380850465,-3.134458114388784,-0.0805310754047567,-0.0220333098458759,-0.0474525495269428,-1.5287080021539572
0.0,0.0,20.789003133328233,1.1464118417093936,-7.0,10.0,6.0,CAF,1967,Central African Republic,Low income,Sub-Saharan Africa,43089266.59,76828934.69,0.0023554677799441,0.0022296271812087,-3.0965814103903897,-0.0649919148930074,-0.0224188516370287,-0.0465318740588487,-1.498270357981441
0.0,0.0,20.802946601280205,1.1689347983720284,-7.0,10.0,7.0,CAF,1968,Central African Republic,Low income,Sub-Saharan Africa,65799815.54,75999786.95,0.0023455093491031,0.0018197219718598,-3.089950662809616,-0.0643822132080583,-0.0221768446642058,-0.0453449746080221,-1.483563140616478
0.0,0.0,20.871460421831866,1.1918194079841087,-7.0,10.0,8.0,CAF,1969,Central African Republic,Low income,Sub-Saharan Africa,51399886.51,70699843.89,0.0023179829591068,0.0010477795076626,-3.0105684324857394,-0.0543083747190211,-0.022988107024823,-0.0463716393744601,-1.407668781223263
0.0,0.0,20.894521272791554,1.2139894066464683,-7.0,10.0,9.0,CAF,1970,Central African Republic,Low income,Sub-Saharan Africa,60397784.85,78597117.37,0.002439605978806,0.0011661102156546,-3.022637180870938,-0.0500578968322005,-0.0249356472063635,-0.047741176304172,-1.3047304314927726
0.0,0.0,20.905759906359208,1.2347240331112737,-7.0,10.0,10.0,CAF,1971,Central African Republic,Low income,Sub-Saharan Africa,60030793.1,75389864.2,0.0024279475162241,0.0011987544430269,-3.0487408518073047,-0.0463478554948342,-0.0253198918932594,-0.048380184668999,-1.2503919913103936
0.0,0.0,20.905751234484406,1.2542931466040508,-7.0,10.0,11.0,CAF,1972,Central African Republic,Low income,Sub-Saharan Africa,57429305.16,77877586.41,0.0023038822478241,0.0013902944260456,-3.1093418382738887,-0.0385661115172689,-0.0248264951877583,-0.047016458078612,-1.1728092644825727
0.0,0.0,20.924464444947304,1.2734507101247252,-7.0,10.0,12.0,CAF,1973,Central African Republic,Low income,Sub-Saharan Africa,77607287.92,98946254.83,0.0022709760721241,0.0023156402924337,-3.2480838751212344,-0.0156101638940322,-0.0265048847819948,-0.0431452879600364,-0.9303701384696766
0.0,0.0,20.98592667896889,1.2927290224944568,-7.0,10.0,13.0,CAF,1974,Central African Republic,Low income,Sub-Saharan Africa,78051063.39,121947261.5,0.0022219165828461,0.0024388399239885,-3.294770570518162,-0.0173981984668465,-0.0309567586838334,-0.0474406628000128,-0.8047166456610655
0.0,0.0,20.98996837134416,1.3121821907650486,-7.0,10.0,14.0,CAF,1975,Central African Republic,Low income,Sub-Saharan Africa,80012173.79,151160965.1,0.0025108446301524,0.0025772067360636,-3.292577980855557,-0.0164235989616528,-0.0306802833728732,-0.0446485013288412,-0.7469728696849275
0.0,0.0,21.04286930322973,1.3270457925452794,-7.0,10.0,15.0,CAF,1976,Central African Republic,Low income,Sub-Saharan Africa,100096593.2,132307726.5,0.0027489125835243,0.0027854070940875,-3.15970446996933,-0.0101378288722648,-0.027920001925804,-0.0328980447163084,-0.6032504007100766
0.0,0.0,21.080225152847603,1.3373663419989015,-7.0,10.0,16.0,CAF,1977,Central African Republic,Low income,Sub-Saharan Africa,127861442.6,174129612.9,0.002993068564344,0.0032594883276838,-3.1241045211074407,0.0046818422456492,-0.0231449165517719,-0.0255543893655324,-0.4922318282604066
0.0,0.0,21.092244978723418,1.3478596564210144,-7.0,10.0,17.0,CAF,1978,Central African Republic,Low income,Sub-Saharan Africa,142999455.0,206899211.5,0.0031743799650981,0.0033725073900228,-3.1040570453887733,0.0159344663849854,-0.021032242461879,-0.0210277669486287,-0.4310412263942057
0.0,0.0,21.06728466768832,1.3585749446581343,-7.0,10.0,18.0,CAF,1979,Central African Republic,Low income,Sub-Saharan Africa,157199524.1,246199254.6,0.0038443989918359,0.0048173403863006,-3.1385978003451864,0.0248999942596634,-0.0211874757892379,-0.0187973910715976,-0.327853283952897
0.0,0.0,21.021464381448332,1.3695472315126254,-7.0,10.0,19.0,CAF,1980,Central African Republic,Low income,Sub-Saharan Africa,201027871.8,327433639.8,0.0040030864634589,0.0038483750156522,-3.1343930952417782,0.0349788643300847,-0.0239411355682583,-0.0191324135681595,-0.2215796143331025
0.0,0.0,21.005899213403506,1.3808548610772293,-7.0,10.0,20.0,CAF,1981,Central African Republic,Low income,Sub-Saharan Africa,169417093.9,236648334.6,0.0038952555431239,0.002762867300059,-3.1525804143822893,0.0317370341510293,-0.0241908910755222,-0.0213310100281495,-0.1927075078208876
0.0,0.0,21.080225152847603,1.392477252592032,-7.0,10.0,21.0,CAF,1982,Central African Republic,Low income,Sub-Saharan Africa,165958867.2,256106223.6,0.0038880541276139,0.0024032630939722,-3.1472571930841085,0.0243474877483957,-0.0250692759455354,-0.0196664514979116,-0.1808162102890935
0.0,0.0,20.99546744949481,1.4043804041632864,-7.0,10.0,22.0,CAF,1983,Central African Republic,Low income,Sub-Saharan Africa,159064467.5,241183744.3,0.0037311927491597,0.0020325208481824,-3.1684693851237724,0.0263802506392028,-0.0258265272766132,-0.0224415916232878,-0.1821002652923899
0.0,0.0,21.08605491899064,1.4166057599439372,-7.0,10.0,23.0,CAF,1984,Central African Republic,Low income,Sub-Saharan Africa,149211731.0,226437036.7,0.0037182845298803,0.0020778376312697,-3.1464881204520823,0.0212249471215274,-0.0262113669394317,-0.0218549136803645,-0.1550747270809647
0.0,0.0,21.124575575452425,1.4291107058410588,-7.0,10.0,24.0,CAF,1985,Central African Republic,Low income,Sub-Saharan Africa,190340640.2,273603680.1,0.0037251772272407,0.0015937747366045,-3.143153054001873,0.0229693102200528,-0.0308084973475343,-0.0211311975220863,-0.1407172495218573
0.0,0.0,21.159730141145857,1.4418424118681552,-7.0,10.0,25.0,CAF,1986,Central African Republic,Low income,Sub-Saharan Africa,204099898.9,321221783.2,0.0036583038349094,0.0014078616160754,-3.1406543062520944,0.0251978716587535,-0.0307441253483315,-0.0207125167926318,-0.1387467201710923
0.0,0.0,21.10907887318436,1.455002806261504,-7.0,10.0,26.0,CAF,1987,Central African Republic,Low income,Sub-Saharan Africa,214306703.9,342886733.4,0.0038670289018457,0.0010277365325589,-3.1391782280691074,0.0227018123370651,-0.0351639196100799,-0.0199140668214457,-0.0726287090202028
0.0,0.0,21.126035938785314,1.4716515286174523,-7.0,10.0,27.0,CAF,1988,Central African Republic,Low income,Sub-Saharan Africa,224453247.4,316906377.1,0.0037897804486904,0.0007615269315376,-3.1551342859179674,0.021346579581587,-0.0399430166344887,-0.0209718886122745,-0.0375740169409986
0.0,0.0,21.145615702512515,1.4971188300105482,-7.0,10.0,28.0,CAF,1989,Central African Republic,Low income,Sub-Saharan Africa,250535801.9,326536959.5,0.0040437202249475,0.0006919834668996,-3.1602068520094537,0.0201005060845098,-0.0428372092173958,-0.0203605645540718,-0.0186708892799235
0.0,0.0,21.123906472647047,1.5282181771352432,-7.0,10.0,29.0,CAF,1990,Central African Republic,Low income,Sub-Saharan Africa,245892979.7,372791504.7,0.0044568812998175,0.0007019927864915,-3.182656974332268,0.0188156417339264,-0.0434819924645546,-0.0206912234069369,0.0020028495037886
0.0,0.0,21.118365720571614,1.559507591723154,-6.0,10.0,30.0,CAF,1991,Central African Republic,Low income,Sub-Saharan Africa,242234407.7,359806856.1,0.0050882766823045,0.0010505953380747,-3.190613292032552,0.0181098991689733,-0.0436069973093666,-0.0191941324344595,0.0053556158281576
0.0,1.0,21.051968639529218,1.5912736802992666,-6.0,10.0,31.0,CAF,1992,Central African Republic,Low income,Sub-Saharan Africa,238129778.7,372229134.5,0.0052548272703888,-0.0056190463104436,-3.2169142516425646,0.0154099163027013,-0.0497427695054129,-0.0188151794986138,0.038312809119269
0.0,1.0,21.055315788233493,1.6231287963115981,5.0,10.0,32.0,CAF,1993,Central African Republic,Low income,Sub-Saharan Africa,218665899.4,292701105.8,0.0049847370097063,-0.0016906604430012,-3.2292420818348027,0.0167264485572358,-0.0234371384954549,-0.0184645478804804,0.05886884076505
0.0,1.0,21.10315263545038,1.654340254522214,5.0,10.0,33.0,CAF,1994,Central African Republic,Low income,Sub-Saharan Africa,199169785.1,212952089.3,0.004907112233392,-0.0023379253386756,-3.241011453242497,0.0156048663291011,-0.0234336769037843,-0.0211544445557478,0.0744649998380193
0.0,1.0,21.17267912316688,1.6816195476058173,5.0,10.0,34.0,CAF,1995,Central African Republic,Low income,Sub-Saharan Africa,247850125.4,315152751.8,0.0041973707463393,-0.0017312049798137,-3.264143419494308,0.0161644532123956,-0.0241189938286961,-0.0212562902044493,0.1013378480019884
0.0,1.0,21.131856160477565,1.707538681284023,5.0,10.0,35.0,CAF,1996,Central African Republic,Low income,Sub-Saharan Africa,216376647.8,258135808.3,0.0035403011526807,-0.0006364541003304,-3.2987867388301524,0.0156414869950956,-0.0253077995064904,-0.0199381089727745,0.1342228214296517
0.0,1.0,21.18349878567589,1.7350202048856225,5.0,10.0,36.0,CAF,1997,Central African Republic,Low income,Sub-Saharan Africa,252105056.5,271328268.4,0.0029944582834644,0.0008062551360789,-3.339195584940971,0.0147951938010514,-0.0259664937928309,-0.0182594293509563,0.1745867693303214
0.0,1.0,21.229429077676617,1.7621503190707422,5.0,10.0,37.0,CAF,1998,Central African Republic,Low income,Sub-Saharan Africa,219168761.7,274652957.9,0.0028427993524227,0.0008795495171032,-3.363340358744252,0.0153025319398146,-0.0212221583780946,-0.0194742275854572,0.1729583312441018
0.0,0.0,21.264795979379862,1.7895016330665818,5.0,10.0,38.0,CAF,1999,Central African Republic,Low income,Sub-Saharan Africa,192136061.3,239761597.8,0.0023979498802043,-0.0019765370442124,-3.4093258086498146,0.0227503622549494,-0.0187128084779386,-0.0202283422980184,0.1576536534830241
0.0,0.0,21.23958655041399,1.8169971751792626,5.0,10.0,39.0,CAF,2000,Central African Republic,Low income,Sub-Saharan Africa,186767826.2,231830682.5,0.0020102553489305,-0.0020646809364641,-3.4268242767113657,0.0197741530252043,-0.0184788622153927,-0.0190744735381257,0.1877740311066022
0.0,0.0,21.283265953303918,1.8392016412959782,5.0,10.0,40.0,CAF,2001,Central African Republic,Low income,Sub-Saharan Africa,160016888.5,210529062.9,0.0018950183889087,-0.0024524126054195,-3.469381117467522,0.0266824209229461,-0.0248394403671906,-0.020799156297797,0.1939031298102395
0.0,0.0,21.318792758071506,1.8610533216157106,5.0,10.0,41.0,CAF,2002,Central African Republic,Low income,Sub-Saharan Africa,158999418.9,200666492.4,0.0018684150193797,-0.0025781504964249,-3.4753977111192147,0.0297320185777994,-0.0253801021665909,-0.0213554694621649,0.2052389921955296
0.0,0.0,21.263306631297993,1.8849802369729043,-1.0,10.0,42.0,CAF,2003,Central African Republic,Low income,Sub-Saharan Africa,208312702.5,205562216.1,0.0016173353271307,-0.0029727795110581,-3.496838869973412,0.0284151290975759,-0.0295242175772848,-0.0160627011857405,0.2583419825169444
0.0,0.0,21.321527276015345,1.906615833021978,-1.0,10.0,43.0,CAF,2004,Central African Republic,Low income,Sub-Saharan Africa,178103975.6,244878981.2,0.0013757337953035,-0.0032479237184921,-3.5873279380186816,0.0342544466249221,-0.0289919132259438,-0.0180221392343042,0.3174556803499513
0.0,0.0,21.330568387057735,1.9292501686303287,-1.0,10.0,44.0,CAF,2005,Central African Republic,Low income,Sub-Saharan Africa,178779525.6,290432567.3,0.0013136419109661,-0.0035662746408057,-3.6515317707048256,0.036031634321155,-0.0277315193002373,-0.0139833264257701,0.3885559083697745
0.0,1.0,21.377176032340685,1.9497366953369537,-1.0,10.0,45.0,CAF,2006,Central African Republic,Low income,Sub-Saharan Africa,209279918.8,322776663.2,0.0015245431188659,0.0075650583515081,-3.65729875066998,0.0327493589457311,-0.0267172225005128,-0.0233031912243439,0.4508554073954872
0.0,1.0,21.422221430467932,1.9690105129480924,-1.0,10.0,46.0,CAF,2007,Central African Republic,Low income,Sub-Saharan Africa,239933929.8,398870436.5,0.0018307217447773,0.0155381861708652,-3.7564891987443128,0.0321792327463735,-0.0198817556881309,-0.0284832158551894,0.5029148174025517
0.0,1.0,21.44255461249744,1.99034065513936,-1.0,10.0,47.0,CAF,2008,Central African Republic,Low income,Sub-Saharan Africa,219347920.2,467132356.2,0.0018709644713189,0.0183688792091519,-3.8569158363343545,0.0367353930379287,-0.0118329671945692,-0.0296599412751685,0.5233765581182187
0.0,1.0,21.524938519905444,1.9837524055681388,-1.0,10.0,48.0,CAF,2009,Central African Republic,Low income,Sub-Saharan Africa,203464465.6,447641811.9,0.0019696790318156,0.0084799553085761,-3.635282043720729,0.0244479919203566,-0.0232638319331488,-0.0643900245709892,0.5986649466301815
0.0,1.0,21.570206473536793,1.975760380671852,-1.0,10.0,49.0,CAF,2010,Central African Republic,Low income,Sub-Saharan Africa,249093430.3,488611163.4,0.0019210576825553,0.0067165006688647,-3.47534495795736,0.0200203574051056,-0.043470935531523,-0.0711672303261897,0.6685446607097058
0.0,1.0,21.611296739280565,1.9916639777439376,-1.0,10.0,50.0,CAF,2011,Central African Republic,Low income,Sub-Saharan Africa,320053983.6,520455628.9,0.0012990712745261,0.0032011414212785,-3.279540767112375,0.0239492992885745,-0.043999672322587,-0.0713532594025538,0.6948408151603324
0.0,1.0,21.660598784372418,2.001652651521245,-1.0,10.0,51.0,CAF,2012,Central African Republic,Low income,Sub-Saharan Africa,289922950.7,539911033.3,0.0011913567189368,0.0027207296698886,-3.223305635281798,0.0283823039404165,-0.0415972546665053,-0.0763805658767906,0.7344737080411141
0.0,1.0,21.208168207329184,2.0084764300427302,0.0,10.0,52.0,CAF,2013,Central African Republic,Low income,Sub-Saharan Africa,253274134.9,396266752.4,0.0020347995484331,0.0061454112034405,-3.5811611292971013,0.04145800641966,-0.0286915476961555,-0.0271392909706746,0.7767286950451386
0.0,1.0,21.20897858372832,2.0043240760435994,0.0,10.0,53.0,CAF,2014,Central African Republic,Low income,Sub-Saharan Africa,315975056.0,690077856.7,0.0020332334847194,0.0061718214410383,-3.5815082829635796,0.041579929624048,-0.0283895588894253,-0.0271781126253818,0.7771045288316945
0.0,1.0,21.25143560252585,2.005650852532691,0.0,10.0,54.0,CAF,2015,Central African Republic,Low income,Sub-Saharan Africa,289437777.7,611811304.2,0.0020382750050275,0.0060758801875353,-3.5799194406999875,0.0423903357872392,-0.0284785740014083,-0.0288557244224677,0.7752755851158917
0.0,1.0,21.29784500052023,2.0237061762818698,6.0,10.0,55.0,CAF,2016,Central African Republic,Low income,Sub-Saharan Africa,270501993.1,651691428.9,0.0020355500728411,0.0049492090971273,-3.556413313169325,0.0480125049573846,-0.0008396224952476,-0.0335675110448544,0.7926501210827145
0.0,1.0,21.342122887070513,2.0405039917020784,6.0,10.0,56.0,CAF,2017,Central African Republic,Low income,Sub-Saharan Africa,357682916.8,826531337.1,0.0020856468834148,0.0045138903065475,-3.5470750683616865,0.0484900691450414,-0.0014931836840477,-0.0353547044613151,0.7998827830051515
0.0,1.0,21.379316967297388,2.0581108405082227,6.0,10.0,57.0,CAF,2018,Central African Republic,Low income,Sub-Saharan Africa,354024742.2,748917943.8,0.0020851816865168,0.0056837875714699,-3.5291358422052026,0.0487430415291344,0.0036543652201107,-0.0430289748724628,0.8026606904860358
0.0,0.0,24.062058079499074,2.415582726187916,5.0,12.0,0.0,CHL,1961,Chile,High income,Latin America & Caribbean,550751428.6,749723809.5,0.0113118758680615,-0.00336975209987,-0.1777861083259777,0.0829855911946018,-0.0391030508013215,0.0312275601491677,-2.143957781781405
0.0,0.0,24.101535352266296,2.436063578344003,5.0,12.0,1.0,CHL,1962,Chile,High income,Latin America & Caribbean,639219281.7,720689035.9,0.0113231229019451,-0.0031302241847844,-0.0400598096565223,0.095505825516039,-0.0360839048950245,0.0284154617538306,-2.013849610071408
0.0,0.0,24.158295010167734,2.4562288743699887,5.0,12.0,2.0,CHL,1963,Chile,High income,Latin America & Caribbean,687611590.6,825800246.6,0.010950199630004,-0.0035496463364192,-0.0216783676104104,0.0959048981567414,-0.0332127344668826,0.0274958472787494,-2.013674750151673
0.0,0.0,24.183545716150597,2.4759159434062843,6.0,12.0,3.0,CHL,1964,Chile,High income,Latin America & Caribbean,730563068.9,788872995.2,0.0105013110491061,-0.0034797225102207,0.0049770202319032,0.0977999915297132,-0.0307505955523247,0.026043308817172,-2.002676120843562
0.0,0.0,24.193003574307912,2.4950045745341325,6.0,12.0,4.0,CHL,1965,Chile,High income,Latin America & Caribbean,811080139.4,772992397.8,0.0104424743765535,-0.003242171098756,0.0101209164687325,0.0970368877089951,-0.0295367839295767,0.0247484967364645,-1.9860695051484267
0.0,0.0,24.29948963842404,2.513558242905134,6.0,12.0,5.0,CHL,1966,Chile,High income,Latin America & Caribbean,1027139444.0,960122046.2,0.0096591933087299,-0.0033238967031257,0.0769323859018929,0.096793957244211,-0.022674996818318,0.0210718461914311,-1.945335439390349
0.0,0.0,24.335011209070515,2.531606335190405,6.0,12.0,6.0,CHL,1967,Chile,High income,Latin America & Caribbean,991413772.7,910871349.6,0.0085954605110023,-0.0036663757683967,0.1007561265059313,0.0903613172596549,-0.0231572356773575,0.0190836764447339,-1.915092035383556
0.0,0.0,24.370301258525668,2.549183127220118,6.0,12.0,7.0,CHL,1968,Chile,High income,Latin America & Caribbean,985246218.7,942056428.2,0.008455464640682,-0.0031063171593059,0.1007462187953915,0.0847724483720347,-0.0215160783044943,0.0195784016399044,-1.8867450533835863
0.0,0.0,24.408925479200065,2.566434507157489,6.0,12.0,8.0,CHL,1969,Chile,High income,Latin America & Caribbean,1344218032.0,1175704224.0,0.0071549330592813,-0.0027444508610804,0.088953409684172,0.0858289896722266,-0.0221557091322803,0.0156399439084204,-1.7635465490773718
0.0,0.0,24.427049904706866,2.5833421271219437,6.0,12.0,9.0,CHL,1970,Chile,High income,Latin America & Caribbean,1312710942.0,1277369303.0,0.0068332278848398,-0.0022606161037002,0.1493848171696235,0.0763769808533351,-0.028279836551549,0.0092319593144921,-1.7092291927110133
0.0,0.0,24.517097956588614,2.599898197308695,6.0,12.0,10.0,CHL,1971,Chile,High income,Latin America & Caribbean,1178754034.0,1309764436.0,0.0060053954811736,-0.0009959954488716,0.1437306519832182,0.0734408241915341,-0.0255357872256304,-0.0013888083349582,-1.6118953379986871
0.0,0.0,24.50684610755874,2.616245559114092,6.0,12.0,11.0,CHL,1972,Chile,High income,Latin America & Caribbean,1131291625.0,1557530214.0,0.0052853650022051,-0.0006679636220535,0.2046516545812821,0.0802390664664303,-0.0264818754691284,0.0025729568192813,-1.4515695931533548
0.0,0.0,24.455244888337155,2.632398352759085,-7.0,12.0,12.0,CHL,1973,Chile,High income,Latin America & Caribbean,2238225385.0,2589239510.0,0.0070687507162067,0.000179122009724,0.1496964497318428,0.0837768744571588,-0.0101409470940662,0.0130308292019284,-1.1120501661200808
1.0,0.0,24.478787076840003,2.648272577772928,-7.0,12.0,13.0,CHL,1974,Chile,High income,Latin America & Caribbean,3166203510.0,3129086575.0,-0.0683833494223863,0.0022777939481576,0.1342655545406018,0.2406641487335769,-0.0289471183410987,0.0015274644109901,-0.8715037190941612
1.0,0.0,24.340534832214548,2.663925639661914,-7.0,12.0,14.0,CHL,1975,Chile,High income,Latin America & Caribbean,1837775113.0,2025174741.0,-0.0826359593373865,-0.004324185298511,0.0468609131615059,0.2594444577212132,-0.0268852504439735,0.0056790221041993,-0.8785317583368416
1.0,0.0,24.378144479105078,2.6794251105961604,-7.0,12.0,15.0,CHL,1976,Chile,High income,Latin America & Caribbean,2475236058.0,2099453727.0,-0.0887569661023488,0.005207450333066,-0.0034194335580263,0.2743162869661822,-0.0119713794043133,0.0132072899230659,-0.7968353052293872
1.0,1.0,24.477489112996796,2.694740348690663,-7.0,12.0,16.0,CHL,1977,Chile,High income,Latin America & Caribbean,2755061055.0,3075423107.0,-0.0880507804564531,-0.0096380555869515,0.0811811617132739,0.2656673713491923,-0.0307373385237705,0.0029212082612841,-0.7366384249747087
1.0,1.0,24.551678758119618,2.7098163292460073,-7.0,12.0,17.0,CHL,1978,Chile,High income,Latin America & Caribbean,3169461902.0,3783299653.0,-0.0683300259117427,-0.0169505541231558,0.3326590858918481,0.1493310517215724,-0.0190505563929101,0.0104714079754721,-0.7545968469809549
1.0,1.0,24.632505509314317,2.724660284052843,-7.0,12.0,18.0,CHL,1979,Chile,High income,Latin America & Caribbean,4825253306.0,5571046794.0,-0.0268969768473939,-0.0362932881092604,0.6292261565567014,0.1010246892508059,-0.0272080417237557,0.0017748763807469,-0.6192376766750775
1.0,1.0,24.70934266089057,2.7394337116605247,-7.0,12.0,19.0,CHL,1980,Chile,High income,Latin America & Caribbean,6292627054.0,7679845876.0,-0.023511869549373,-0.0434899854909242,0.6201066407390291,0.0991767485466209,-0.0289887503988006,-0.0034195666480838,-0.5611287037832459
0.0,1.0,24.772555651082385,2.7541115998611856,-7.0,12.0,20.0,CHL,1981,Chile,High income,Latin America & Caribbean,5363825291.0,9047297177.0,0.000705391904204,-0.0471450814804959,0.6323428037611722,0.0669341102457316,-0.0246741144143517,-0.0120217659479922,-0.5462340649209281
0.0,1.0,24.65586109090691,2.7686894010084626,-7.0,12.0,21.0,CHL,1982,Chile,High income,Latin America & Caribbean,3635010932.0,4150382431.0,0.0015693393402531,-0.0440493900855792,0.538154558254944,0.0748983692756584,-0.0253673722948421,-0.0088126610477377,-0.5216909444630985
0.0,1.0,24.604384405748824,2.783425922084598,-6.0,12.0,22.0,CHL,1983,Chile,High income,Latin America & Caribbean,4769390034.0,4356873073.0,0.0018650980578455,-0.0416014679235454,0.5259209011042888,0.0785365439438357,-0.0279635846340898,-0.0086394751974652,-0.5157188971838291
0.0,1.0,24.644601576501174,2.7984130777041063,-6.0,12.0,23.0,CHL,1984,Chile,High income,Latin America & Caribbean,4485352694.0,4811879608.0,0.0017104869033277,-0.0462843763609095,0.540310529432323,0.0782982266978506,-0.0293793141458227,-0.0077926889511192,-0.4850159383255589
0.0,1.0,24.683917633200203,2.8136587453983903,-6.0,12.0,24.0,CHL,1985,Chile,High income,Latin America & Caribbean,4651072800.0,4311198581.0,0.0015195197087242,-0.0464422352478551,0.5417878435715588,0.0762058397568453,-0.0306440732524447,-0.0088724488501573,-0.477856569469227
0.0,1.0,24.736298413132456,2.8291600599995643,-6.0,12.0,25.0,CHL,1986,Chile,High income,Latin America & Caribbean,5162723063.0,4673923939.0,0.0007697785425213,-0.0450558618895751,0.5972261674177711,0.0705952549173041,-0.0316230749589639,-0.0091324200513987,-0.4776545838645852
0.0,1.0,24.798901955851647,2.8450188179475537,-6.0,12.0,26.0,CHL,1987,Chile,High income,Latin America & Caribbean,6306734128.0,5751612001.0,0.0009451743542032,-0.0435725677013162,0.6562254685613851,0.0718579341546405,-0.0372137864262179,-0.0032502370127764,-0.4084627318974274
0.0,1.0,24.869780745445254,2.8612485230091638,-1.0,12.0,27.0,CHL,1988,Chile,High income,Latin America & Caribbean,8456927621.0,6766137916.0,0.0008659287435208,-0.0411481964187841,0.7605658607391699,0.0720346538920315,-0.041922400137655,-0.0022007615102151,-0.3190541403427052
1.0,1.0,24.964394163457907,2.877696400561942,8.0,12.0,28.0,CHL,1989,Chile,High income,Latin America & Caribbean,10088686694.0,8763350928.0,-0.0183766438330368,-0.0362140163105385,0.8744420456349703,0.0953798889156153,-0.0404206711634712,-0.0159345031296571,-0.2500328748268633
0.0,0.0,24.99718623280115,2.894368668485312,8.0,12.0,29.0,CHL,1990,Chile,High income,Latin America & Caribbean,10767995923.0,9693182798.0,0.002820521178377,0.0209913056759256,0.9283514910784064,0.0717816565610106,-0.0394929128872074,-0.0149828837467394,-0.1278355621811387
0.0,0.0,25.072334448302392,2.9109976692946473,8.0,12.0,30.0,CHL,1991,Chile,High income,Latin America & Caribbean,11846241659.0,10140234075.0,0.0028245483826767,0.0186147730354285,0.981393601485088,0.0708622034919996,-0.0411664508740001,-0.026465532553768,-0.099870376435125
0.0,0.0,25.178195208412433,2.927122130067334,8.0,12.0,31.0,CHL,1992,Chile,High income,Latin America & Caribbean,13307830022.0,12540686002.0,0.0031570334861563,0.0137082954976024,1.0084516407031348,0.0701652236533845,-0.0380013111816033,-0.034769834820258,-0.0171463188177881
0.0,0.0,25.242003311242176,2.9426796772387958,8.0,12.0,32.0,CHL,1993,Chile,High income,Latin America & Caribbean,12755908986.0,13666593546.0,0.00301227674193,0.0128172786889839,1.0349160432395252,0.0701864361509268,-0.0406613576229192,-0.0396586064508347,0.0297571970396768
0.0,0.0,25.291081033847163,2.9577391490054,8.0,12.0,33.0,CHL,1994,Chile,High income,Latin America & Caribbean,15653663029.0,14678158958.0,0.0039256168985093,0.01341339888248,1.1018558616161684,0.0667160806732165,-0.0509236287408471,-0.0495462054011735,0.0574995189630071
0.0,0.0,25.37664506590476,2.9723786880415832,8.0,12.0,34.0,CHL,1995,Chile,High income,Latin America & Caribbean,21024502601.0,19346030597.0,0.0028926838522094,0.0107252084962235,1.1685019050360304,0.0649706952079423,-0.0626311080651583,-0.0534752569261522,0.0752800431362234
0.0,0.0,25.44246089441909,2.986504344380885,8.0,12.0,35.0,CHL,1996,Chile,High income,Latin America & Caribbean,20392925352.0,21980210118.0,0.001722365589033,0.0091479555106931,1.185125394255491,0.0570891203419934,-0.0721185160973487,-0.0518257249088121,0.1051873865460707
0.0,0.0,25.513778013621955,2.999879100071653,8.0,12.0,36.0,CHL,1997,Chile,High income,Latin America & Caribbean,22188167110.0,24197336808.0,0.0007868489022358,0.0080102142536743,1.1581538974424817,0.0517070995134836,-0.075799281437784,-0.0480473441312398,0.1453450694931056
0.0,0.0,25.55473459194201,3.0128775192155444,8.0,12.0,37.0,CHL,1998,Chile,High income,Latin America & Caribbean,20615225095.0,23525063432.0,0.0006714187453644,0.0080360284913915,1.1648998494310034,0.0488779383647361,-0.0783754525658032,-0.0464165597999219,0.1549195174008254
0.0,0.0,25.5519954877447,3.025457794421485,8.0,12.0,38.0,CHL,1999,Chile,High income,Latin America & Caribbean,21395656218.0,19942566848.0,-0.0001746775210532,0.0052301006194525,1.1738083791646126,0.0521154736508549,-0.0803343853961073,-0.0469342076055359,0.1951437052451556
0.0,0.0,25.600514489845914,3.037417986961674,9.0,12.0,39.0,CHL,2000,Chile,High income,Latin America & Caribbean,23598873696.0,22395900495.0,-0.0062376846165624,0.0044859714106479,1.2161949255002742,0.0503940724188358,0.018248128722431,-0.0611396065995086,0.2612344921245822
0.0,0.0,25.63156566493492,3.048974931122931,9.0,12.0,40.0,CHL,2001,Chile,High income,Latin America & Caribbean,22794630096.0,21685325013.0,-0.0063867818789568,0.0046242051415361,1.2152126461867128,0.0507267831448417,0.0176149949249624,-0.0628305855913885,0.2856293991734766
0.0,0.0,25.663092326031737,3.0600128498641554,9.0,12.0,41.0,CHL,2002,Chile,High income,Latin America & Caribbean,22665228129.0,21238454276.0,-0.0065247670043805,0.0043252836630872,1.210147965828512,0.049216715873385,0.0181106171514755,-0.063273233781353,0.3030688410942738
0.0,0.0,25.709239517971806,3.070478001119919,9.0,12.0,42.0,CHL,2003,Chile,High income,Latin America & Caribbean,26819043867.0,23431547435.0,-0.0069667647805271,0.0032266673581235,1.2483320318583777,0.046202204159267,0.024429644375465,-0.0691443155286808,0.3538848831527639
0.0,0.0,25.773852346544896,3.0805718175290777,9.0,12.0,43.0,CHL,2004,Chile,High income,Latin America & Caribbean,39319047541.0,29924524883.0,-0.0090048215406207,0.0025901085193649,1.3109835711621023,0.0520752313659828,0.025664310044523,-0.0678596324366869,0.507199275098781
0.0,0.0,25.830580070637463,3.090496628968737,9.0,12.0,44.0,CHL,2005,Chile,High income,Latin America & Caribbean,49132372355.0,38995887874.0,-0.0109464152500415,0.0009127363824321,1.4411407978003743,0.0514301207568921,0.0356484265309022,-0.0574634083864574,0.7051953095904356
0.0,0.0,25.889325285371243,3.100260972848491,10.0,12.0,45.0,CHL,2006,Chile,High income,Latin America & Caribbean,67484496460.0,45916076194.0,-0.0214819268116716,-0.0001014697120462,1.5661123824174126,0.0463562947975905,0.2217514249107205,-0.0519873248399269,0.8090135850867289
0.0,0.0,25.93971675047455,3.110049007633575,10.0,12.0,46.0,CHL,2007,Chile,High income,Latin America & Caribbean,77844967147.0,54933531081.0,-0.0215431251304761,-0.0006784580362432,1.6026804138360098,0.0404330254769781,0.2300638487064162,-0.0527008943219475,0.8884223553806316
0.0,0.0,25.976910052782703,3.120040386515189,10.0,12.0,47.0,CHL,2008,Chile,High income,Latin America & Caribbean,74049221810.0,71083667802.0,-0.0218083550276575,0.0002231843110751,1.6116484260906936,0.0409985842583811,0.2137772276584015,-0.0516354470129318,0.9493095497318635
0.0,0.0,25.965663433982492,3.130129066174395,10.0,12.0,48.0,CHL,2009,Chile,High income,Latin America & Caribbean,63756458255.0,50795405743.0,-0.0212761378543817,0.0001936656958952,1.6026881331756395,0.0419569765622328,0.2063089256301994,-0.053523019381577,0.9648274573449276
0.0,0.0,26.022532752530037,3.140174602767073,10.0,12.0,49.0,CHL,2010,Chile,High income,Latin America & Caribbean,82271078018.0,69051989772.0,-0.026844365763067,0.000176143690913,1.6052203123856,0.0400030113045388,0.2086377397014371,-0.0521682827707208,0.9817171048734156
0.0,1.0,26.082913458646054,3.1500406439474387,10.0,12.0,50.0,CHL,2011,Chile,High income,Latin America & Caribbean,94745539749.0,87460679541.0,-0.0350700400370096,-0.0009307927064876,1.5911825981463763,0.0395567905848158,0.2146788377493754,-0.0530670479987829,1.0062800246456407
0.0,1.0,26.142645301589003,3.159636273174133,10.0,12.0,51.0,CHL,2012,Chile,High income,Latin America & Caribbean,90376114426.0,91617677881.0,-0.0348676706424564,-0.0007313801003177,1.590939784317592,0.0395955632151076,0.2151224842332784,-0.0535680165826317,1.0083022839876905
0.0,1.0,26.175196596151658,3.1691737198671004,10.0,12.0,52.0,CHL,2013,Chile,High income,Latin America & Caribbean,89009025669.0,91695210221.0,-0.0344319532601931,-0.0006590851753723,1.596327875902736,0.0394466743877914,0.2162911699938176,-0.0543763623557003,1.009423642313634
0.0,1.0,26.192961770245418,3.1791419044305864,10.0,12.0,53.0,CHL,2014,Chile,High income,Latin America & Caribbean,85665253392.0,84696629415.0,-0.034181220385303,-0.0006195633747317,1.595938240711641,0.0393481858265628,0.215930625975571,-0.0545883284247616,1.0101940214777336
0.0,1.0,26.214255176113404,3.189357571660533,10.0,12.0,54.0,CHL,2015,Chile,High income,Latin America & Caribbean,70773876095.0,73118253440.0,-0.0341178462416626,-0.0006142372489388,1.596262117013379,0.0388058653262097,0.2174704330423579,-0.0548244001640286,1.00692953642705
0.0,1.0,26.231633409857345,3.2014517258855046,10.0,12.0,55.0,CHL,2016,Chile,High income,Latin America & Caribbean,69624960593.0,70152436857.0,-0.0341199377409225,-0.0005509938481559,1.5970851521603864,0.0389681010741769,0.2168585906480655,-0.0549222660675382,1.0065928219283578
0.0,1.0,26.24511867799673,3.217291208426469,10.0,12.0,56.0,CHL,2017,Chile,High income,Latin America & Caribbean,78238304039.0,76480320654.0,-0.0339781690830874,-0.0007200766518643,1.6004497785659324,0.0383640032283258,0.2159550480614815,-0.0554985142000015,1.0064789363142408
0.0,1.0,26.2842435779632,3.235145066908403,10.0,12.0,57.0,CHL,2018,Chile,High income,Latin America & Caribbean,84405336512.0,87715867713.0,-0.0334646974826218,-0.0006675599520476,1.6037981475573964,0.0381339590602798,0.2160710002636152,-0.0568726202950024,1.0073367829498974
1.0,0.0,25.473168201890527,4.253280802680336,-8.0,13.0,0.0,CHN,1961,China,Upper middle income,East Asia & Pacific,1505610000.0,1408090000.0,-0.0302564916446363,0.0014180412457967,1.1396462037675887,-0.0023149804255336,-0.0346373402467906,-0.0483608294560058,-2.1730627937760936
1.0,0.0,25.415750687261212,4.261485358112919,-8.0,13.0,1.0,CHN,1962,China,Upper middle income,East Asia & Pacific,1505370000.0,1127720000.0,-0.0317484231920111,0.0012669395401433,1.1112690454195369,0.0007380801351816,-0.0297370001856012,-0.0467826308721881,-2.1529709781038604
1.0,0.0,25.513786321788466,4.286061832263425,-8.0,13.0,2.0,CHN,1963,China,Upper middle income,East Asia & Pacific,1666350000.0,1210670000.0,-0.0328052769291153,0.0015297128859066,1.1757987039732785,0.0084165423676499,-0.0338041711302086,-0.0478141201417053,-2.1074129581514636
1.0,0.0,25.680823790049583,4.309268662072102,-8.0,13.0,3.0,CHN,1964,China,Upper middle income,East Asia & Pacific,1938860000.0,1481100000.0,-0.0318702026430832,0.0017996678572959,1.2223844323488935,0.0196340101160333,-0.0341150315349762,-0.0467398487034293,-2.100606863196953
1.0,1.0,25.837401918477468,4.333082343164941,-8.0,13.0,4.0,CHN,1965,China,Upper middle income,East Asia & Pacific,2246600000.0,1916420000.0,-0.0329818032407266,-0.00625041511408,1.3325033119850478,0.0166896692669426,-0.0387624275514552,-0.0491520743485971,-2.090261391379919
1.0,0.0,25.938603687618187,4.360955661492016,-9.0,13.0,5.0,CHN,1966,China,Upper middle income,East Asia & Pacific,2370600000.0,2185300000.0,-0.032084203131922,0.0013503806893947,1.3760349971812282,0.0156786167587125,-0.0277901940766922,-0.0523046523499183,-2.1377564501717257
1.0,0.0,25.87917250626333,4.386662637661201,-9.0,13.0,6.0,CHN,1967,China,Upper middle income,East Asia & Pacific,2155880000.0,1919860000.0,-0.0307697664654626,0.0023508175836615,1.3419186427884071,0.0140808329576235,-0.0270832318737934,-0.0519602902136955,-2.1156583210430537
1.0,0.0,25.837305735151975,4.412771663895166,-9.0,13.0,7.0,CHN,1968,China,Upper middle income,East Asia & Pacific,2114700000.0,1845220000.0,-0.0315912006564256,0.002432242784524,1.3181221509575076,0.0150688865711144,-0.0278544629952427,-0.0508230631980198,-2.0903307832601135
1.0,0.0,25.99379568160923,4.440171685009874,-8.0,13.0,8.0,CHN,1969,China,Upper middle income,East Asia & Pacific,2214390000.0,1731190000.0,-0.0318656616127514,0.0015292103220586,1.364899476284791,0.0124896010346069,-0.0381603227141397,-0.0507793416168805,-2.103510814209068
1.0,0.0,26.170270414289416,4.467788440660166,-8.0,13.0,9.0,CHN,1970,China,Upper middle income,East Asia & Pacific,2274220000.0,2201560000.0,-0.0310958285802639,-0.0004820784185285,1.367286141479301,-0.0020244207540199,-0.0481057872846596,-0.0573297873056828,-2.013305447470799
1.0,1.0,26.23848733001864,4.495257596121243,-8.0,13.0,10.0,CHN,1971,China,Upper middle income,East Asia & Pacific,2710416000.0,2233127000.0,-0.0312037109714383,-0.0018134020342675,1.395320820849777,-0.0168126881279638,-0.0522260398969193,-0.0549807543083113,-1.9005573559699147
1.0,1.0,26.275880401114904,4.519831165503189,-8.0,13.0,11.0,CHN,1972,China,Upper middle income,East Asia & Pacific,3537210000.0,2916450000.0,-0.0312346959785129,-0.0016274490298025,1.4361859377431685,-0.0263044170590322,-0.0553138521802596,-0.0557806219486677,-1.7584126847005082
0.0,1.0,26.35061713006609,4.542665119073734,-8.0,13.0,12.0,CHN,1973,China,Upper middle income,East Asia & Pacific,5959279000.0,5257791000.0,0.0043029197330219,-0.0153466056068076,1.546873590224527,-0.0334469183108435,-0.0338237195627113,-0.061602004419096,-1.2842684940006617
0.0,1.0,26.373454126581194,4.563324669201749,-8.0,13.0,13.0,CHN,1974,China,Upper middle income,East Asia & Pacific,7213067000.0,7716198000.0,0.0057343414456759,-0.0249468885980809,1.5787278670419052,-0.0227414395215326,-0.0408214379428745,-0.0641248069991096,-1.0544713777145986
0.0,1.0,26.457060085670584,4.580988587043004,-8.0,13.0,14.0,CHN,1975,China,Upper middle income,East Asia & Pacific,7974570000.0,8355050000.0,0.0070043178223714,-0.0191150706353081,1.7317758065258977,-0.0270443113390556,-0.0476943697488464,-0.0601223199336133,-1.0293310310902468
0.0,1.0,26.441233885561264,4.596461966769771,-7.0,13.0,15.0,CHN,1976,China,Upper middle income,East Asia & Pacific,7440600000.0,7349809000.0,0.0072182246590047,-0.0250630861971226,1.6991889759994712,-0.0293969061203773,-0.0345662618055474,-0.0604086510578018,-0.982110218338993
0.0,1.0,26.514207177715186,4.610089762005449,-7.0,13.0,16.0,CHN,1977,China,Upper middle income,East Asia & Pacific,8271070000.0,8060398000.0,0.0116130737510773,-0.0162366386114663,1.9485762029323288,-0.0231067625698693,-0.0362734362648396,-0.0532789568160744,-0.9819964209683096
0.0,1.0,26.62149879248799,4.623471585044044,-7.0,13.0,17.0,CHN,1978,China,Upper middle income,East Asia & Pacific,10801140000.0,12261700000.0,0.0133144884582555,-0.0141841294187601,2.0600624606964377,-0.0292801257146494,-0.0321100637314549,-0.059596883230512,-1.0083755301672808
0.0,1.0,26.69466797301734,4.63681086428122,-7.0,13.0,18.0,CHN,1979,China,Upper middle income,East Asia & Pacific,13962640000.0,15535283000.0,0.0261272189153959,-0.0181117308812748,2.231269331922148,-0.0358720426202836,-0.040881224106994,-0.0596102198879144,-0.7444396658774678
0.0,1.0,26.7700941328905,4.649353074850412,-7.0,13.0,19.0,CHN,1980,China,Upper middle income,East Asia & Pacific,19405720000.0,21842710000.0,0.0264593113701273,-0.0203784889081087,2.390039807101289,-0.0427037974976796,-0.0560728965648101,-0.0626953076403226,-0.5929448717397279
0.0,1.0,26.819957140766892,4.662162598606155,-7.0,13.0,20.0,CHN,1981,China,Upper middle income,East Asia & Pacific,24369970000.0,22219750000.0,0.0238638197509864,-0.0098909290771402,2.465629868910369,-0.0400241387475884,-0.0612220263150397,-0.0657586330024146,-0.5001775739788116
0.0,1.0,26.906292448879796,4.676889345771545,-7.0,13.0,21.0,CHN,1982,China,Upper middle income,East Asia & Pacific,22600124795.0,17788124795.0,0.0221788420839171,-0.0097866210874555,2.4806581532918455,-0.0479463368586916,-0.0625548988139546,-0.0668506052278942,-0.5284937225401889
0.0,1.0,27.00857840789709,4.691338842738746,-7.0,13.0,22.0,CHN,1983,China,Upper middle income,East Asia & Pacific,21956304449.0,19385304449.0,0.0198568783533342,-0.0095495019276006,2.4869315538529935,-0.0643739204824624,-0.0627415332920237,-0.0674854507697398,-0.5491674786139004
0.0,1.0,27.150005072018256,4.704459530224506,-7.0,13.0,23.0,CHN,1984,China,Upper middle income,East Asia & Pacific,24764305081.0,24710305081.0,0.0188700724077294,-0.0091560843140804,2.5998015132318724,-0.078709227477399,-0.0548579545893224,-0.0569843659492835,-0.6543577148016261
0.0,1.0,27.27602761471521,4.718076521403648,-7.0,13.0,24.0,CHN,1985,China,Upper middle income,East Asia & Pacific,25801403274.0,38302403274.0,0.0185718015500612,-0.0093533629364593,2.6513963244802645,-0.0833543804919594,-0.0509392850161484,-0.0511134929378836,-0.6930801636725402
0.0,1.0,27.361745925932304,4.732950511131043,-7.0,13.0,25.0,CHN,1986,China,Upper middle income,East Asia & Pacific,26202580690.0,33592580690.0,0.0172399881344268,-0.0107925768874108,2.6620224295855563,-0.0867374661750018,-0.0507765082891129,-0.0524500596935182,-0.6753077131862418
0.0,1.0,27.472011316343824,4.748986561508095,-7.0,13.0,26.0,CHN,1987,China,Upper middle income,East Asia & Pacific,34072853910.0,33781853910.0,0.0183101212974282,-0.0099928867400142,2.689160281007227,-0.0863596357926091,-0.051368271885778,-0.0514150889430988,-0.6043462516726799
0.0,1.0,27.578374274330187,4.76508727237574,-7.0,13.0,27.0,CHN,1988,China,Upper middle income,East Asia & Pacific,44923701330.0,48984701330.0,0.0185776374604897,-0.0085394484865882,2.7603459223778897,-0.0845461597507522,-0.0465966577547809,-0.0520332628960824,-0.4896903074398995
0.0,1.0,27.61957687975429,4.780418972942786,-7.0,13.0,28.0,CHN,1989,China,Upper middle income,East Asia & Pacific,41190793490.0,46118793490.0,0.0193537292318212,-0.0083701353608034,2.762458356757171,-0.0845769664347456,-0.0451861589595633,-0.050822343447364,-0.4618809431861356
0.0,1.0,27.658032988175346,4.795092004979829,-7.0,13.0,29.0,CHN,1990,China,Upper middle income,East Asia & Pacific,49129758920.0,38461758920.0,0.0201369920871451,-0.0072201482307415,2.7808257836666375,-0.0823966541711702,-0.0424670467351051,-0.0561531180315525,-0.4167122162055076
0.0,1.0,27.746615090671792,4.808736344638897,-7.0,13.0,30.0,CHN,1991,China,Upper middle income,East Asia & Pacific,55542659170.0,43941659170.0,0.0211816770019661,-0.0074615790872215,2.814910697445634,-0.078027445537538,-0.0377482202295547,-0.0527421590620777,-0.4088892858071588
0.0,1.0,27.87961406656853,4.820991706943365,-7.0,13.0,31.0,CHN,1992,China,Upper middle income,East Asia & Pacific,66847400129.0,61849400129.0,0.0196305757106736,-0.0042714830415276,2.922959957681079,-0.0866877346114783,-0.0265874387481416,-0.0674280338817164,-0.2963833772988718
1.0,1.0,28.00962192170094,4.832487901345386,-7.0,13.0,32.0,CHN,1993,China,Upper middle income,East Asia & Pacific,74280328750.0,86072328750.0,-0.0920789328612828,-0.0040179762053406,3.1795837764342356,-0.1105758944557491,-0.0193472425862799,-0.0708577576367956,-0.2154620985392743
1.0,1.0,28.132166032489646,4.843790507831682,-7.0,13.0,33.0,CHN,1994,China,Upper middle income,East Asia & Pacific,104607000000.0,97250445198.0,-0.0932176840611482,-0.0046063327543297,3.2737685206199054,-0.0971467059724517,-0.0121945040430897,-0.0579874785914437,-0.1156373248846141
0.0,1.0,28.23610727790873,4.854656664252554,-7.0,13.0,34.0,CHN,1995,China,Upper middle income,East Asia & Pacific,131859000000.0,119901000000.0,0.0209075008691666,-0.004195559502176,3.233740699161289,-0.0744882806653271,-0.0078923492404653,-0.0346613646160213,0.0280735359171502
0.0,1.0,28.330711840729503,4.865139144769284,-7.0,13.0,35.0,CHN,1996,China,Upper middle income,East Asia & Pacific,154812000000.0,137262000000.0,0.0208055238772191,-0.0025512156519967,3.3661687926742565,-0.0618194929748096,-0.0021446865288819,-0.0151827058844806,0.1487854514246791
0.0,1.0,28.419060207012237,4.875373645060119,-7.0,13.0,36.0,CHN,1997,China,Upper middle income,East Asia & Pacific,187447000000.0,144624000000.0,0.0190617960363866,-0.0010928029105981,3.4208004676900976,-0.0601022931671516,0.0027190831854296,-0.0020875576514095,0.2545789738998286
0.0,1.0,28.49459438186938,4.884969148968976,-7.0,13.0,37.0,CHN,1998,China,Upper middle income,East Asia & Pacific,188750000000.0,144914000000.0,0.0186718239553401,-0.0007997555311726,3.4200018276613027,-0.0604353219505524,0.0025285041646381,-0.0014793824300298,0.2687783570391418
0.0,1.0,28.568419505529057,4.89362766298605,-7.0,13.0,38.0,CHN,1999,China,Upper middle income,East Asia & Pacific,198699000000.0,168058000000.0,0.0187639735116348,0.0002163559716402,3.4152641397983294,-0.054465042476962,0.0019033163056655,-0.0010868694813257,0.2908435210772542
0.0,1.0,28.649908146530663,4.901508294133518,-7.0,13.0,39.0,CHN,2000,China,Upper middle income,East Asia & Pacific,253092000000.0,224306000000.0,0.0183854689490436,0.0013520932733892,3.4631137544009265,-0.0413183236909301,0.004265262197322,0.001919831625623,0.3700434282440567
0.0,1.0,28.729973346809757,4.908772718691142,-7.0,13.0,40.0,CHN,2001,China,Upper middle income,East Asia & Pacific,272060000000.0,243974000000.0,0.0185795775967716,0.0015256383914332,3.5039006127343164,-0.016813409396497,0.0047720544137194,0.0058398653865565,0.426390431245405
0.0,1.0,28.817375625565866,4.915472820449506,-7.0,13.0,41.0,CHN,2002,China,Upper middle income,East Asia & Pacific,333002000000.0,295620000000.0,0.0195091833830567,0.0025847013813289,3.584943581768927,-0.0047986629322122,0.0069098448737904,0.0107797440348741,0.4912265199072295
0.0,1.0,28.9130321587829,4.921701483505631,-7.0,13.0,42.0,CHN,2003,China,Upper middle income,East Asia & Pacific,447958000000.0,412137000000.0,0.0155041332012672,0.0044728024087806,3.706566463776276,0.0019953454145809,0.0045999042257265,0.01115120308236,0.5534504810619332
0.0,1.0,29.009374027042288,4.927640832669702,-7.0,13.0,43.0,CHN,2004,China,Upper middle income,East Asia & Pacific,607357000000.0,556183000000.0,0.0061119731140256,0.0037830491264793,3.842138019708188,-0.0310983427948,0.0047897720467413,0.0012417570204028,0.7258795985842751
0.0,1.0,29.11728297650147,4.933522157314171,-7.0,13.0,44.0,CHN,2005,China,Upper middle income,East Asia & Pacific,773339000000.0,648712000000.0,0.0054658198446364,0.0041923205048487,3.9658096477718185,-0.0704587690676531,0.0003024804815812,-0.0016392153275677,0.8523085593474096
0.0,1.0,29.237027146185913,4.939105943464189,-7.0,13.0,45.0,CHN,2006,China,Upper middle income,East Asia & Pacific,991731000000.0,782812000000.0,0.0044454004574577,0.0016447662727219,4.301034913042703,-0.0839839777050518,-0.0054423986133156,-0.0123495398604378,1.0108255792707117
0.0,1.0,29.370079282446536,4.944328726262644,-7.0,13.0,46.0,CHN,2007,China,Upper middle income,East Asia & Pacific,1258060000000.0,950021000000.0,0.0040984804000234,0.0020181900590428,4.432671827123595,-0.0812381900811144,-0.0099497408819786,-0.0144895446824726,1.1234878448183492
0.0,1.0,29.462208007713254,4.949452595083708,-7.0,13.0,47.0,CHN,2008,China,Upper middle income,East Asia & Pacific,1497870000000.0,1149040000000.0,0.0038592423484739,0.0023132465287699,4.50233187819299,-0.0828226934266143,-0.0105227337389175,-0.0152789319072068,1.1792890596368164
0.0,0.0,29.552036810596235,4.954426387684363,-7.0,13.0,48.0,CHN,2009,China,Upper middle income,East Asia & Pacific,1262660000000.0,1042530000000.0,0.0038623471007527,-0.0010939087154203,4.644172343038749,-0.0689957119118112,-0.008831096205915,-0.0149186733364859,1.2442306392262792
0.0,0.0,29.653111578150785,4.959255984781457,-7.0,13.0,49.0,CHN,2010,China,Upper middle income,East Asia & Pacific,1654820000000.0,1432420000000.0,0.0033843647370619,-0.0015253087092426,4.706676439156762,-0.0654191366101797,-0.0088794355128002,-0.0149932254107075,1.295839109772796
0.0,0.0,29.74433012536988,4.96472056051106,-7.0,13.0,50.0,CHN,2011,China,Upper middle income,East Asia & Pacific,2006310000000.0,1825410000000.0,0.0031398170966576,-0.0031571195804031,4.770408333613915,-0.052633366740424,-0.0080654417049965,-0.0150760976072468,1.3358411128390433
0.0,0.0,29.820028692659736,4.9715040153436,-7.0,13.0,51.0,CHN,2012,China,Upper middle income,East Asia & Pacific,2175070000000.0,1943210000000.0,0.0027698198339295,-0.0039582794578251,4.819506389692531,-0.0349833741772132,-0.0077907751629164,-0.0151347994425937,1.3701360437148251
0.0,0.0,29.89482172060942,4.978164744944446,-7.0,13.0,52.0,CHN,2013,China,Upper middle income,East Asia & Pacific,2354260000000.0,2119390000000.0,0.0024760326385727,-0.0040117287269465,4.841006559970539,-0.0308147387568725,-0.0077738158019833,-0.0151634946294432,1.3828277519168224
0.0,1.0,29.966450868951675,4.9844680088270845,-7.0,13.0,53.0,CHN,2014,China,Upper middle income,East Asia & Pacific,2462830000000.0,2241280000000.0,0.0023026153854302,0.0050845435495538,4.835432127211032,-0.0282646375294411,-0.0086662208031684,-0.0161354527908668,1.397792571474005
0.0,1.0,30.03450076702082,4.990282570764992,-7.0,13.0,54.0,CHN,2015,China,Upper middle income,East Asia & Pacific,2362100000000.0,2003260000000.0,0.0023068436963636,0.0050218797882776,4.836129748508457,-0.0289471064775496,-0.0088489524825458,-0.0160681860455157,1.3953455845262934
0.0,1.0,30.10073798287556,4.9960131862269925,-7.0,13.0,55.0,CHN,2016,China,Upper middle income,East Asia & Pacific,2199970000000.0,1944490000000.0,0.0022390809852145,0.0050447976559443,4.833435546059803,-0.0293835323497025,-0.0088699825940855,-0.015945276708976,1.3931883361946031
1.0,1.0,30.16790332730689,5.002065635909111,-7.0,13.0,56.0,CHN,2017,China,Upper middle income,East Asia & Pacific,2424220000000.0,2208520000000.0,-0.0223605610619848,0.0047894642954786,4.866002197337753,-0.0315756260160662,-0.0118702534334386,-0.0172653862535767,1.437757364782034
1.0,1.0,30.233221792938906,5.006742356437775,-7.0,13.0,57.0,CHN,2018,China,Upper middle income,East Asia & Pacific,2655610000000.0,2564120000000.0,-0.0224609576466632,0.0047597103187887,4.87127744282329,-0.0316808820845535,-0.012134263216572,-0.0174595696791334,1.4453346411345906
0.0,0.0,24.194109389093693,2.6746118138734523,7.0,16.0,0.0,COL,1961,Colombia,Upper middle income,Latin America & Caribbean,589865537.3,627934716.4,0.0102218856186774,-0.0030386032327421,0.0147830090680874,0.087769084746037,-0.0465464731149284,0.0206984932726715,-2.0545757843467936
0.0,0.0,24.246814637545285,2.705434736421094,7.0,16.0,1.0,COL,1962,Colombia,Upper middle income,Latin America & Caribbean,605741204.4,605929809.3,0.0098233582604395,-0.003066636650057,0.0192661612638396,0.0862428944258661,-0.0480926891930138,0.0183728064922784,-2.054515497097314
0.0,0.0,24.27915314133252,2.735977036163473,7.0,16.0,2.0,COL,1963,Colombia,Upper middle income,Latin America & Caribbean,579510844.4,597285655.6,0.0092600541843615,-0.0027888165265123,0.0353834143936781,0.0855611116431667,-0.043674376786325,0.0131175201092715,-2.026950434379051
0.0,0.0,24.33899572869674,2.766112807444292,7.0,16.0,3.0,COL,1964,Colombia,Upper middle income,Latin America & Caribbean,714265144.4,755727700.0,0.0091315437872237,-0.0038830891001042,0.0572280236197939,0.0825378608595666,-0.0395039564301677,0.0110161924484918,-2.0110981203556686
0.0,0.0,24.37436298247902,2.795810133631999,7.0,16.0,4.0,COL,1965,Colombia,Upper middle income,Latin America & Caribbean,699047619.0,559333333.3,0.0157812523190179,-0.0017752383097754,0.028511068285439,0.0790659574519838,-0.0398686281325188,0.0079989937594969,-1.953429612361212
0.0,0.0,24.425405236049095,2.824757793491548,7.0,16.0,5.0,COL,1966,Colombia,Upper middle income,Latin America & Caribbean,541851851.9,778814814.8,0.0074035454376897,-0.0024747313345169,0.0506196254455531,0.0729432288665345,-0.0426439748081603,-0.0010554857715361,-1.977702092069894
0.0,0.0,24.465921879943227,2.8528542010595217,7.0,16.0,6.0,COL,1967,Colombia,Upper middle income,Latin America & Caribbean,653146477.1,602411299.6,0.0059005230445443,-0.0007742915665252,0.0673367131719347,0.0682432626865512,-0.0376243396505861,-0.0051534106705558,-1.9496643650289849
0.0,0.0,24.5235596266642,2.8800940971041746,7.0,16.0,7.0,COL,1968,Colombia,Upper middle income,Latin America & Caribbean,701707004.2,763579000.3,0.0067619589937935,-0.0004393913893474,-0.1861752131631306,0.063268212789388,-0.0339326850567743,-0.0092667006965392,-1.7998591233074486
0.0,0.0,24.582795211829612,2.9063143981775785,7.0,16.0,8.0,COL,1969,Colombia,Upper middle income,Latin America & Caribbean,808812068.1,839120871.5,0.0041257286488218,0.0014595545558292,0.2682154684498915,0.0533489557097729,-0.0296615595551575,-0.0581163393756458,-2.0946489689962102
0.0,0.0,24.643022549658628,2.9316098050545167,7.0,16.0,9.0,COL,1970,Colombia,Upper middle income,Latin America & Caribbean,955259648.0,1047700632.0,0.0020090224038682,0.0018643072814695,0.3991591152455167,0.031058723509504,-0.0411312600219327,-0.0792835237031769,-1.92025874350789
0.0,0.0,24.70092089806022,2.955693733511447,7.0,16.0,10.0,COL,1971,Colombia,Upper middle income,Latin America & Caribbean,935820962.9,1252577345.0,0.0019127141933607,0.0018038008997604,0.4183778397510868,0.0277550994298159,-0.0464388951096822,-0.0798845217211695,-1.8276218620056368
0.0,0.0,24.774813788581387,2.978897489431186,7.0,16.0,11.0,COL,1972,Colombia,Upper middle income,Latin America & Caribbean,1149373248.0,1109769650.0,0.0012869000612278,0.0015163405250455,0.5362119591741411,0.0418130546861272,-0.0440823879107758,-0.075069789980871,-1.6422665209555842
0.0,0.0,24.839879873369554,3.0018144157710345,7.0,16.0,12.0,COL,1973,Colombia,Upper middle income,Latin America & Caribbean,1539558029.0,1306397078.0,-0.000486018952607,0.0028899379851448,0.6382351896076526,0.0057386805244645,-0.0548841769130278,-0.070638164048197,-1.275475557687277
0.0,0.0,24.89574738335017,3.024317934971833,8.0,16.0,13.0,COL,1974,Colombia,Upper middle income,Latin America & Caribbean,1798616360.0,1933488606.0,-0.000556978904797,0.002988093217279,0.629510830969467,-0.000278325554346,-0.0654271663897081,-0.0802823708089204,-1.094189017669125
0.0,0.0,24.918714168839763,3.0464581154708372,8.0,16.0,14.0,COL,1975,Colombia,Upper middle income,Latin America & Caribbean,2071845445.0,1835324549.0,-0.0002329882377616,0.0031148218093979,0.6457020051427708,0.0038804671254195,-0.064805294468667,-0.0795209583655979,-1.036627688777302
0.0,0.0,24.964914016602137,3.0682440777949274,8.0,16.0,15.0,COL,1976,Colombia,Upper middle income,Latin America & Caribbean,2615131863.0,2131690445.0,0.0006487194457092,0.0043703563100612,0.7177479895536534,0.0149522118539559,-0.0634513637903574,-0.0743890212645602,-0.9336316674033828
0.0,0.0,25.005657660411956,3.0904069942241934,8.0,16.0,16.0,COL,1977,Colombia,Upper middle income,Latin America & Caribbean,3283905564.0,2569926742.0,0.0008034877271996,0.0067005977559627,0.7554239893651471,0.0279827759596602,-0.0579562320070447,-0.0630028922093403,-0.8123068983583049
0.0,1.0,25.08696019728096,3.1129778657023706,8.0,16.0,17.0,COL,1978,Colombia,Upper middle income,Latin America & Caribbean,3867783604.0,3210026858.0,0.0004370173557888,-0.0175573950593996,0.8063344977339101,0.0334209882876448,-0.0545362299121155,-0.0525615920292291,-0.7913741738142894
0.0,1.0,25.139354515705545,3.1353815852387257,8.0,16.0,18.0,COL,1979,Colombia,Upper middle income,Latin America & Caribbean,4251544715.0,3756624824.0,0.0010346774366728,-0.0347481013373249,0.8105440831542787,0.0368619265302852,-0.045292804640693,-0.0521216465790063,-0.6754202378748427
0.0,1.0,25.179414815497527,3.158198173345716,8.0,16.0,19.0,COL,1980,Colombia,Upper middle income,Latin America & Caribbean,5416924889.0,5209514725.0,0.0007250876712348,-0.0406312897877033,0.7889087108002153,0.0363065380648084,-0.0364673559050318,-0.0584679322743745,-0.6045619375150908
0.0,1.0,25.201928204036893,3.1812508701988276,8.0,16.0,20.0,COL,1981,Colombia,Upper middle income,Latin America & Caribbean,4312469260.0,5610414541.0,-0.0002976275614693,-0.0375243726946475,0.7891215442568703,0.0363435902673751,-0.0337136452038037,-0.0644698406759091,-0.5827065466543521
0.0,0.0,25.211367719157675,3.204380320035508,8.0,16.0,21.0,COL,1982,Colombia,Upper middle income,Latin America & Caribbean,4252517718.0,5919610897.0,0.0010712657940427,0.0174325209302657,0.8171300274123111,0.0332460620513771,-0.0375287779500473,-0.071943326368174,-0.5370735452993467
0.0,0.0,25.226984697249485,3.227872564564146,8.0,16.0,22.0,COL,1983,Colombia,Upper middle income,Latin America & Caribbean,4050952668.0,5127945979.0,0.0011332424569546,0.0174264600338659,0.8305473400776965,0.034792530167819,-0.038341601003836,-0.0725954929517887,-0.5418176456862046
0.0,0.0,25.259942413134976,3.2509887989388107,8.0,16.0,23.0,COL,1984,Colombia,Upper middle income,Latin America & Caribbean,4546303965.0,4767852803.0,0.0011198170999881,0.0170335771129675,0.8526344309854922,0.0372306575909243,-0.0394940326996419,-0.0739450192970687,-0.5227452994368328
0.0,0.0,25.290540541068605,3.2726013641086618,8.0,16.0,24.0,COL,1985,Colombia,Upper middle income,Latin America & Caribbean,4818142149.0,4370638535.0,0.0024323976859224,0.0173711181757715,0.8873975737143264,0.038950001557504,-0.041471399033491,-0.074440737602434,-0.5434927892464707
0.0,0.0,25.347149822378604,3.2932501774823546,8.0,16.0,25.0,COL,1986,Colombia,Upper middle income,Latin America & Caribbean,6582202894.0,4190788878.0,0.0025209440403823,0.0166105171050481,0.9361489051084624,0.040718826768981,-0.0412983523222684,-0.0778478996455772,-0.5673868952882213
0.0,1.0,25.399444195670366,3.3137997446291734,8.0,16.0,26.0,COL,1987,Colombia,Upper middle income,Latin America & Caribbean,6165155373.0,4697932910.0,0.0010163875963434,-0.0341218796280313,0.9402260681517944,0.0457811785362327,-0.04255439258716,-0.0632502981322419,-0.557242987519573
0.0,1.0,25.439279479760753,3.3342793536979176,8.0,16.0,27.0,COL,1988,Colombia,Upper middle income,Latin America & Caribbean,6386221631.0,5433539691.0,0.0009780164585444,-0.0317951778648828,0.9978775449275056,0.0441426818404378,-0.0466729284724009,-0.0567210444592767,-0.464598854023324
0.0,1.0,25.472856661928677,3.3548106046426676,8.0,16.0,28.0,COL,1989,Colombia,Upper middle income,Latin America & Caribbean,7118228011.0,5464066789.0,0.0011589458317584,-0.0319996126523013,1.049926284930164,0.04553195260106,-0.0528378522998255,-0.0554550214178812,-0.3972666457786298
0.0,0.0,25.51478280097808,3.375484892724661,8.0,16.0,29.0,COL,1990,Colombia,Upper middle income,Latin America & Caribbean,9024672480.0,7614454665.0,0.0027560015507184,0.0147134406961505,1.1342087772836582,0.0428188838688772,-0.0564027777361422,-0.0653320392543847,-0.2889493626416001
0.0,0.0,25.534604306202738,3.3955746336001447,9.0,16.0,30.0,COL,1991,Colombia,Upper middle income,Latin America & Caribbean,9389847563.0,7098679409.0,0.002032980490686,0.0129078539666321,1.1740014259446463,0.0415282098504684,-0.0176739674140823,-0.0721069035655255,-0.278033411852142
0.0,0.0,25.574256498166356,3.4153841196565953,9.0,16.0,31.0,COL,1992,Colombia,Upper middle income,Latin America & Caribbean,9649972063.0,9985578591.0,0.0020393932173901,0.0120482351657842,1.2017405776861472,0.0426765843065117,-0.0129866158585979,-0.0808592411515275,-0.1836496533230785
0.0,0.0,25.626709309938526,3.435351985328592,9.0,16.0,32.0,COL,1993,Colombia,Upper middle income,Latin America & Caribbean,10089611943.0,13949161891.0,0.0016405575367495,0.0128597750073421,1.2142698087639228,0.0407303293648615,-0.0094529185954641,-0.0873536970803876,-0.1230430405378644
0.0,0.0,25.68322518991302,3.455072274122642,9.0,16.0,33.0,COL,1994,Colombia,Upper middle income,Latin America & Caribbean,12254186688.0,17091698826.0,0.0007093234928481,0.0124390068588694,1.2362951616436662,0.0373124290490499,-0.0043741459277309,-0.0920611571040992,-0.0671790043749991
0.0,0.0,25.733941130242687,3.4741686448879583,7.0,16.0,34.0,COL,1995,Colombia,Upper middle income,Latin America & Caribbean,13444770139.0,19392751884.0,0.0031609228086838,0.0104060903199911,1.3062811719458227,0.0317959943035627,-0.0799408338002783,-0.085824382035653,-0.0039028081335615
0.0,0.0,25.7542918206904,3.492381591041913,7.0,16.0,35.0,COL,1996,Colombia,Upper middle income,Latin America & Caribbean,14767813599.0,20252680332.0,0.002537421190429,0.0094881414976712,1.3107640359916488,0.028248388740585,-0.0836315721223343,-0.083130638509207,0.0431340686888357
0.0,0.0,25.78802308765704,3.510277397594504,7.0,16.0,36.0,COL,1997,Colombia,Upper middle income,Latin America & Caribbean,15829917577.0,22137740206.0,0.0016488396508289,0.0080113989603879,1.283325173528353,0.0247447414488418,-0.0861967692679998,-0.0853264298086395,0.0937417742462031
0.0,0.0,25.793703454079797,3.5281923425774147,7.0,16.0,37.0,COL,1998,Colombia,Upper middle income,Latin America & Caribbean,14773797430.0,20576289396.0,0.0015081532138448,0.007947319291183,1.2779949494670513,0.0233328951201619,-0.0868873934592168,-0.0866477575688775,0.1068458293633683
0.0,0.0,25.75075169285981,3.545575700561516,7.0,16.0,38.0,COL,1999,Colombia,Upper middle income,Latin America & Caribbean,15812211475.0,15343463758.0,0.0005836967249197,0.0054661291477908,1.2690884878696274,0.026008429843445,-0.0933949124290708,-0.0768350598235857,0.1385214561588838
0.0,0.0,25.779581703534642,3.56195552802408,7.0,16.0,39.0,COL,2000,Colombia,Upper middle income,Latin America & Caribbean,15895257719.0,16731018377.0,-0.0003795068816165,0.0047746761834186,1.2570382145403347,0.0246129887525079,-0.0948708874669803,-0.0736019017433316,0.1759428102394624
0.0,0.0,25.796224700985935,3.577674996955928,7.0,16.0,40.0,COL,2001,Colombia,Upper middle income,Latin America & Caribbean,15110265986.0,18180843172.0,-0.000663751866603,0.0048355495652356,1.2641924010362091,0.0244893223515216,-0.0976564427950384,-0.0774776448093668,0.2101813670320458
0.0,0.0,25.820953062765497,3.5930542249944817,7.0,16.0,41.0,COL,2002,Colombia,Upper middle income,Latin America & Caribbean,14511230142.0,17793883920.0,-0.0008433031948739,0.0044550919277398,1.279717602225814,0.0230914562087291,-0.0981287654039556,-0.0860419543073279,0.2341394057523161
0.0,0.0,25.859387751084082,3.6081353156203098,7.0,16.0,42.0,COL,2003,Colombia,Upper middle income,Latin America & Caribbean,15687687300.0,18873043327.0,-0.0016045827205527,0.0030846962078353,1.3210454714271298,0.0178740211217767,-0.1020284633948311,-0.0925069025181115,0.3238523122297544
0.0,0.0,25.911344140385513,3.6228236881423257,7.0,16.0,43.0,COL,2004,Colombia,Upper middle income,Latin America & Caribbean,19637278136.0,22356075160.0,-0.0031424122220403,0.0017520574442115,1.3761563316261014,0.0186788290789512,-0.102386612431255,-0.0844220421335817,0.4807998795819504
0.0,0.0,25.95850494898174,3.6368263303396633,7.0,16.0,44.0,COL,2005,Colombia,Upper middle income,Latin America & Caribbean,24709929564.0,29777716182.0,-0.0030664914039392,0.0007109602500662,1.4678230663693344,0.0200755996845383,-0.1021392372711071,-0.0690213882056034,0.6541381873160703
0.0,0.0,26.023511343437338,3.6500806293132473,7.0,16.0,45.0,COL,2006,Colombia,Upper middle income,Latin America & Caribbean,28683606694.0,35453316065.0,-0.003380970137216,0.0003422553500152,1.4839907974938766,0.0194814632693576,-0.1072214481981683,-0.0608364970377603,0.7149601297989476
0.0,0.0,26.08872302581246,3.6627495392806404,7.0,16.0,46.0,COL,2007,Colombia,Upper middle income,Latin America & Caribbean,33889993567.0,42618891608.0,-0.0050085337215839,0.0002691220855315,1.4898507260688374,0.0220640895605371,-0.1094629023555044,-0.0563037939483325,0.8006544451648896
0.0,0.0,26.121025742420603,3.674783454932996,7.0,16.0,47.0,COL,2008,Colombia,Upper middle income,Latin America & Caribbean,43916519836.0,51066655641.0,-0.0047650029680008,0.0011273760694446,1.5159002021136665,0.0281525812622725,-0.1025888266212524,-0.0535561489976393,0.888693959389959
0.0,0.0,26.13235952715308,3.6864325919869243,7.0,16.0,48.0,COL,2009,Colombia,Upper middle income,Latin America & Caribbean,38181805547.0,43545176395.0,-0.0043134821881699,0.0008842497037615,1.5196146368117356,0.0234553234448471,-0.1008715326604428,-0.0537515899181267,0.9109218924873184
1.0,0.0,26.176323709340135,3.697792275405491,7.0,16.0,49.0,COL,2010,Colombia,Upper middle income,Latin America & Caribbean,46816280695.0,51351305097.0,0.0016951799282234,0.0032962027898405,1.576336173527385,0.0021205524408612,-0.150372155348368,-0.0557712467416411,0.98635800008671
1.0,1.0,26.24349800019882,3.7085056481996337,7.0,16.0,50.0,COL,2011,Colombia,Upper middle income,Latin America & Caribbean,64569763970.0,67642788202.0,-0.0047096121025502,-0.0070779739026905,1.5654901191399817,-0.0032367707010724,-0.1491983751531743,-0.0563921671272832,1.008081926361111
1.0,1.0,26.281876093376844,3.718534726459372,7.0,16.0,51.0,COL,2012,Colombia,Upper middle income,Latin America & Caribbean,69731471881.0,74226993322.0,-0.008527776395283,-0.0071645491795946,1.5694162510323677,-0.0060623225534004,-0.1500371789042179,-0.0574654537271834,1.010888013757718
1.0,1.0,26.33194244425841,3.728021819726975,7.0,16.0,52.0,COL,2013,Colombia,Upper middle income,Latin America & Caribbean,69107146201.0,76037444586.0,-0.0114922337792782,-0.007109906985689,1.5907831908662633,-0.006726360458466,-0.1488865143136014,-0.0632969799443602,1.006786913669979
1.0,1.0,26.375951489141258,3.736948935558709,7.0,16.0,53.0,COL,2014,Colombia,Upper middle income,Latin America & Caribbean,63418461300.0,79499076760.0,-0.0147952979688928,-0.0069910025482867,1.602267721225759,-0.0068244432162483,-0.1526684650577934,-0.0645916298699309,1.003553487185185
1.0,1.0,26.405082145543414,3.745598359245192,7.0,16.0,54.0,COL,2015,Colombia,Upper middle income,Latin America & Caribbean,45932176699.0,66653739136.0,-0.0218792395179982,-0.0053489731796213,1.658237993695365,-0.0098526400470844,-0.1612198317427015,-0.0795353861836144,0.9591820869067966
1.0,1.0,26.42574079050267,3.7555038447966624,7.0,16.0,55.0,COL,2016,Colombia,Upper middle income,Latin America & Caribbean,41608310927.0,60743865897.0,-0.0221204552662604,-0.0050866048682923,1.6623118352891004,-0.0088911769572249,-0.1635168843023417,-0.0822035924905142,0.9446105517042932
1.0,1.0,26.43924364530249,3.7700186174601953,7.0,16.0,56.0,COL,2017,Colombia,Upper middle income,Latin America & Caribbean,47233141872.0,62802582424.0,-0.0228558074712641,-0.0052034725288183,1.6770279301635398,-0.0099658434209954,-0.1633669275792591,-0.0839693958893742,0.939294650613311
1.0,1.0,26.464562441165018,3.788409995876311,7.0,16.0,57.0,COL,2018,Colombia,Upper middle income,Latin America & Caribbean,53136579845.0,68961912989.0,-0.0260031670446774,-0.0034398900895937,1.7469561241921323,-0.0079061778881983,-0.1691500005164645,-0.0954805686572937,0.8992782806638329
0.0,0.0,22.786300274191948,2.3817650797077734,-4.0,15.0,44.0,COG,2005,Congo Brazzaville,Lower middle income,Sub-Saharan Africa,4987839330.0,2962430015.0,0.0001860620956003,-0.0030141235398045,-1.4064219159295488,0.1236491039700075,0.0331439876229154,0.0309775281848552,0.6974093850164604
1.0,0.0,22.86313388470141,2.419204999144156,-4.0,15.0,45.0,COG,2006,Congo Brazzaville,Lower middle income,Sub-Saharan Africa,6253140818.0,3885735888.0,-0.013802962175082,-0.0032897312516034,-1.3674134669722446,0.1452081020847168,0.0343980899951944,0.035292831634124,0.7687651814317357
1.0,0.0,22.794705195390616,2.455797453308636,-4.0,15.0,46.0,COG,2007,Congo Brazzaville,Lower middle income,Sub-Saharan Africa,6014868764.0,7035053891.0,-0.0136271174294211,-0.0034334137570566,-1.364707394245846,0.159939650228221,0.048903031614056,0.0387455227091441,0.900876328940076
1.0,0.0,22.85586027377776,2.4886859799476913,-4.0,15.0,47.0,COG,2008,Congo Brazzaville,Lower middle income,Sub-Saharan Africa,8551335537.0,6955613710.0,-0.0146397760530387,-0.003393566246969,-1.2868199629597907,0.1927278999640056,0.0755165879561181,0.0285732672698906,1.0180160488318517
1.0,0.0,22.965945211501055,2.528645382488807,-4.0,15.0,48.0,COG,2009,Congo Brazzaville,Lower middle income,Sub-Saharan Africa,6269575239.0,6910587818.0,-0.01385024457487,-0.0035599631301129,-1.237962036129324,0.1936124872302134,0.0557291634297467,0.0273722653784367,0.977620263657078
1.0,0.0,23.060630336229003,2.5700696869411677,-4.0,15.0,49.0,COG,2010,Congo Brazzaville,Lower middle income,Sub-Saharan Africa,9010344991.0,7302180477.0,-0.0139472429973093,-0.00305207100118,-1.129221087090722,0.1909998976827817,0.0401464859697384,0.030138191640606,1.0135836883958227
1.0,0.0,23.082449745745738,2.602575585601911,-4.0,15.0,50.0,COG,2011,Congo Brazzaville,Lower middle income,Sub-Saharan Africa,11524199118.0,7981116108.0,-0.0145299915177358,-0.0029332942720901,-1.104431265509885,0.18162135823723,0.0404232782219231,0.0244799601654307,1.035001359492822
1.0,0.0,23.177279384185837,2.6305396678229225,-4.0,15.0,51.0,COG,2012,Congo Brazzaville,Lower middle income,Sub-Saharan Africa,10276401661.0,6964355812.0,-0.0201176989029344,-0.0018391912659951,-0.9287269060958792,0.1862990734083083,0.0063781344736234,0.0418048254755782,0.9752899574371688
1.0,0.0,23.170129540274903,2.6548489459601976,-4.0,15.0,52.0,COG,2013,Congo Brazzaville,Lower middle income,Sub-Saharan Africa,9506330379.0,7195794099.0,-0.0193591507366926,-0.0017743598152648,-0.9679758804684756,0.1776561502503212,0.0214137223034023,0.0355512959055786,0.9556664361084865
1.0,0.0,23.23513682034486,2.679009839500423,-4.0,15.0,53.0,COG,2014,Congo Brazzaville,Lower middle income,Sub-Saharan Africa,9521187260.0,9150318842.0,-0.024100449218407,-0.0022308225508045,-0.8652252216375975,0.179572075827771,-0.0104567798792774,0.0536588654775546,0.9563424030273664
1.0,0.0,23.198985341860723,2.703173713674438,-4.0,15.0,54.0,COG,2015,Congo Brazzaville,Lower middle income,Sub-Saharan Africa,5080489798.0,9508100092.0,-0.0204475293143936,-0.0022266883338078,-0.9167495000048976,0.1659149780333141,-0.0109961346059018,0.0498073339448896,0.9715606565751332
1.0,0.0,23.08488408962904,2.7273907079116735,-4.0,15.0,55.0,COG,2016,Congo Brazzaville,Lower middle income,Sub-Saharan Africa,4598648631.0,8765973302.0,-0.014870621061038,-0.0030150461994165,-1.110036688526176,0.1606491778128357,0.0364924834303881,0.0229311106059939,1.0243361208108672
1.0,0.0,23.040069437668585,2.7516931148459083,-4.0,15.0,56.0,COG,2017,Congo Brazzaville,Lower middle income,Sub-Saharan Africa,5676136547.0,5521298082.0,-0.0139370685516677,-0.002836519678278,-1.1756914651313408,0.1696807276334369,0.0369567036596756,0.030296171272422,1.0157515330075872
1.0,0.0,22.990822978010687,2.7760815171984707,-4.0,15.0,57.0,COG,2018,Congo Brazzaville,Lower middle income,Sub-Saharan Africa,9190930875.0,5669133279.0,-0.0144356868315771,-0.0025875349505501,-1.242566571237121,0.1623531165897117,0.0554072962908631,0.0222760931708218,1.0207811350324305
0.0,0.0,22.308722706809135,3.295328982979503,10.0,17.0,0.0,CRI,1961,Costa Rica,Upper middle income,Latin America & Caribbean,102289846.3,122861638.4,0.0011306048973217,0.0030370431300754,-1.9187809829954747,0.0854878479732312,0.0420884447345157,-0.1118912539669083,-1.6134703638958203
0.0,0.0,22.36171727133329,3.332040124164564,10.0,17.0,1.0,CRI,1962,Costa Rica,Upper middle income,Latin America & Caribbean,108885580.7,124825190.6,0.0004831271312665,0.001586628855895,-1.834869989381707,0.0772851254818942,0.0333610237463956,-0.105787026964011,-1.611841917207288
0.0,0.0,22.428430832632152,3.3678791518901323,10.0,17.0,2.0,CRI,1963,Costa Rica,Upper middle income,Latin America & Caribbean,113065968.9,138870092.2,0.0002772794062303,0.0012390809033156,-1.769132597348687,0.0612096908339746,0.0316138233243545,-0.1043589587878582,-1.5773354627774512
0.0,0.0,22.464367778591733,3.4026064940634564,10.0,17.0,3.0,CRI,1964,Costa Rica,Upper middle income,Latin America & Caribbean,132494248.2,155005187.9,0.000246993542242,0.000589278487721,-1.753174172859826,0.0599207658535907,0.0274143449004411,-0.1041517852163175,-1.561797897156298
0.0,0.0,22.543091409782257,3.436100129395978,10.0,17.0,4.0,CRI,1965,Costa Rica,Upper middle income,Latin America & Caribbean,133796226.4,196800000.0,0.0009650028708801,-0.0021850300440432,-1.6870663757865272,0.0635488196127571,0.0196160256999675,-0.1068732242035851,-1.5596447862851286
0.0,0.0,22.610463279025034,3.468300668162892,10.0,17.0,5.0,CRI,1966,Costa Rica,Upper middle income,Latin America & Caribbean,160407547.2,199200000.0,0.0007132906436078,-0.0047704289848092,-1.60783611754745,0.0592475983528942,0.0159622478138788,-0.091613130021431,-1.591158265300337
0.0,0.0,22.66542602897913,3.4992001078533144,10.0,17.0,6.0,CRI,1967,Costa Rica,Upper middle income,Latin America & Caribbean,174037735.8,218369811.3,0.0023406872623669,-0.0057172442823699,-1.4060841359491587,0.0488066984722569,0.0123299109809498,-0.0646972872934478,-1.6368996225902317
0.0,0.0,22.746759942873915,3.528484370598931,10.0,17.0,7.0,CRI,1968,Costa Rica,Upper middle income,Latin America & Caribbean,214867924.5,251154717.0,0.0030544385277918,-0.005748454045735,-1.2541238198837197,0.0417913639618649,0.0049627911525657,-0.0501889174227199,-1.681874665663519
0.0,0.0,22.800222981064753,3.5565649359401434,10.0,17.0,8.0,CRI,1969,Costa Rica,Upper middle income,Latin America & Caribbean,227033962.3,272754717.0,0.0028950419969859,-0.005874566095881,-1.2042349814757134,0.0439558205476914,0.0057742840929656,-0.0427605103535088,-1.6613108558826488
0.0,0.0,22.872572798915083,3.583948079972827,10.0,17.0,9.0,CRI,1970,Costa Rica,Upper middle income,Latin America & Caribbean,274128301.9,340543396.2,0.0029978970912932,-0.0059410673952659,-1.201724791017681,0.0391667668539674,0.010472679645955,-0.0443916669141287,-1.5748059491739526
0.0,0.0,22.93815925916711,3.610557381444445,10.0,17.0,10.0,CRI,1971,Costa Rica,Upper middle income,Latin America & Caribbean,288612767.6,399678048.0,0.0026353429270095,-0.0060467155084838,-1.193078382987796,0.0347174486537063,0.0115362892079505,-0.0435594069160958,-1.533489813979485
0.0,0.0,23.016767508999283,3.6365383393753827,10.0,17.0,11.0,CRI,1972,Costa Rica,Upper middle income,Latin America & Caribbean,374287867.4,453262999.2,0.0025372940074375,-0.0068276737507526,-1.1280851661006992,0.0410982035188455,0.0115153613999535,-0.0348330073589276,-1.408518803703822
0.0,0.0,23.091029687520432,3.662055495787787,10.0,17.0,12.0,CRI,1973,Costa Rica,Upper middle income,Latin America & Caribbean,470906267.4,563763567.1,0.0032988991775301,-0.0061764724363479,-1.1320589401866317,0.028751230538792,0.0118440063739038,-0.0317085663114734,-1.2079154392015876
0.0,0.0,23.144995956244127,3.6875286597018126,10.0,17.0,13.0,CRI,1974,Costa Rica,Upper middle income,Latin America & Caribbean,552345523.3,801954602.8,0.0033975001564912,-0.0030939296776951,-0.9461164027250168,0.0186253485538399,0.019197114289375,-0.0264887414755035,-0.9487340042519532
0.0,0.0,23.16577919126646,3.7132180445336584,10.0,17.0,14.0,CRI,1975,Costa Rica,Upper middle income,Latin America & Caribbean,589474912.5,755869311.6,0.0467791569459516,0.0030308334518367,-0.9030198286006604,-0.0481443839799285,0.0289007045655193,-0.0269573054012796,-0.8907027630952205
0.0,0.0,23.21948643158519,3.739185824214387,10.0,17.0,15.0,CRI,1976,Costa Rica,Upper middle income,Latin America & Caribbean,697444574.1,842240373.4,0.0532250771706582,-0.0007532923616693,-0.8380066392952218,-0.0451637002571683,0.0313485421594286,-0.0168426266897118,-0.8317782080035562
0.0,1.0,23.304787362174327,3.7654927139478245,10.0,17.0,16.0,CRI,1977,Costa Rica,Upper middle income,Latin America & Caribbean,948424737.5,1116359393.0,0.0642789413094705,-0.0021784696069934,-0.7034573947617355,-0.0557989211498541,0.0412573646634041,-0.0102424207630889,-0.7081948698405189
0.0,1.0,23.36557843442334,3.7921122672673286,10.0,17.0,17.0,CRI,1978,Costa Rica,Upper middle income,Latin America & Caribbean,992882147.0,1269463244.0,0.0676605089189925,-0.0034586941979474,-0.6794733634615432,-0.0260103835711825,0.0376909174338103,-0.0094171464528593,-0.6534470567857923
0.0,1.0,23.41378865857593,3.8191145612663835,10.0,17.0,18.0,CRI,1979,Costa Rica,Upper middle income,Latin America & Caribbean,1086476079.0,1500945158.0,0.0712680429513418,-0.0075640832851925,-0.6976291043709274,-0.0393274288400139,0.0418748805447804,-0.0106300725300196,-0.5569402098937829
0.0,0.0,23.421279486207865,3.8463120515531717,10.0,17.0,19.0,CRI,1980,Costa Rica,Upper middle income,Latin America & Caribbean,1279264877.0,1778891482.0,0.0677510345916767,0.0052764994577137,-0.7540058448938683,-0.0204209732795367,0.0459811297729532,-0.0107975196380997,-0.4642060497397879
0.0,0.0,23.398403254001764,3.8735472087237017,10.0,17.0,20.0,CRI,1981,Costa Rica,Upper middle income,Latin America & Caribbean,1135276476.0,1264048112.0,0.0655284408975745,0.0039897656730214,-0.7812212565883438,-0.0051482266141458,0.046160226058907,-0.0146352820018056,-0.4243884770009139
0.0,0.0,23.32275720433107,3.9009180953227984,10.0,17.0,21.0,CRI,1982,Costa Rica,Upper middle income,Latin America & Caribbean,1175167518.0,1099079477.0,0.0651540122075935,0.0027138792888307,-0.7983632260243467,-0.0048691203954973,0.0462285919160334,-0.0153209295376177,-0.417598047227519
0.0,1.0,23.350984953192825,3.928399341647909,10.0,17.0,22.0,CRI,1983,Costa Rica,Upper middle income,Latin America & Caribbean,1134010090.0,1157473274.0,0.065008347850818,-0.0056821065000208,-0.7846943288168884,-0.0068942334020807,0.046603018936237,-0.0153226641852014,-0.4266219212616373
0.0,1.0,23.428169190781027,3.955931184649535,10.0,17.0,23.0,CRI,1984,Costa Rica,Upper middle income,Latin America & Caribbean,1258545325.0,1243520405.0,0.0686645560216759,-0.0066444180646388,-0.7681824602081924,-0.0101924220882792,0.048137295037927,-0.0135222835521642,-0.4138629492975067
0.0,1.0,23.435359297182103,3.9834027897308353,10.0,17.0,24.0,CRI,1985,Costa Rica,Upper middle income,Latin America & Caribbean,1204104950.0,1272805941.0,0.0561205260721596,-0.0065387924518584,-0.7689168723158568,-0.0041330061394382,0.0499112521879505,-0.0123048401999134,-0.4020148366206382
0.0,1.0,23.48924361503267,4.010503030505796,10.0,17.0,25.0,CRI,1986,Costa Rica,Upper middle income,Latin America & Caribbean,1384953405.0,1347578853.0,0.0533181667744276,-0.0066052487610268,-0.713057938574028,-0.0007352319912245,0.0524911693531514,-0.0094052095564542,-0.3869074482513829
0.0,1.0,23.535788720719353,4.036943843499283,10.0,17.0,26.0,CRI,1987,Costa Rica,Upper middle income,Latin America & Caribbean,1433877649.0,1621277680.0,0.0475570012887116,-0.0064257517417856,-0.7224723605663925,0.0048808120291632,0.0580109889906359,-0.0081587311409384,-0.3473634708755566
0.0,1.0,23.56953435155457,4.062676895291056,10.0,17.0,27.0,CRI,1988,Costa Rica,Upper middle income,Latin America & Caribbean,1570096319.0,1652553107.0,0.0493840828717177,-0.0063608346978646,-0.7329444706852947,0.0067802774778663,0.0608807503536524,-0.0065834964339672,-0.3132772420445702
0.0,1.0,23.624647110216287,4.0878694725021285,10.0,17.0,28.0,CRI,1989,Costa Rica,Upper middle income,Latin America & Caribbean,1830043151.0,2033817039.0,0.0544457359601671,-0.0062412706686806,-0.7113508718243571,0.0081488590521877,0.0654238083397763,-0.0050340062769713,-0.2941201683543323
0.0,1.0,23.6595610951127,4.11313351448539,10.0,17.0,29.0,CRI,1990,Costa Rica,Upper middle income,Latin America & Caribbean,1952841381.0,2347212148.0,0.0597455350728297,-0.0061423443469446,-0.7020447309355136,0.0088812627068806,0.0734862032547207,-0.004593170156447,-0.2868214820054335
0.0,0.0,23.68196479735442,4.138584445898911,10.0,17.0,30.0,CRI,1991,Costa Rica,Upper middle income,Latin America & Caribbean,2410492936.0,2744397952.0,0.0645085092416379,0.0030344653664754,-0.7016174548497395,0.0092946517102837,0.077204819475367,-0.0016218556971151,-0.2491692635176349
0.0,0.0,23.76998578204755,4.163894618363959,10.0,17.0,31.0,CRI,1992,Costa Rica,Upper middle income,Latin America & Caribbean,3027087816.0,3501782568.0,0.0725683333790429,-0.0011347062055936,-0.5626142278691697,-0.0070946880835946,0.0852746837482057,-0.003372130414174,-0.3044200083463365
0.0,0.0,23.83855234758637,4.188904897175152,10.0,17.0,32.0,CRI,1993,Costa Rica,Upper middle income,Latin America & Caribbean,3446894147.0,4143010842.0,0.0779328635557717,0.0100684211167917,-0.4896565581484096,-0.0104133263526735,0.0905011241105476,-0.0004353095679048,-0.2200245081959228
0.0,0.0,23.882751306145735,4.2134532627963335,10.0,17.0,33.0,CRI,1994,Costa Rica,Upper middle income,Latin America & Caribbean,3764266146.0,4417576371.0,0.0719239263171745,0.0173788343305406,-0.464530611229248,-0.0074512762236585,0.0901712562096632,0.0024195502699089,-0.1774970569225414
0.0,0.0,23.923451242453822,4.2375169531254295,10.0,17.0,34.0,CRI,1995,Costa Rica,Upper middle income,Latin America & Caribbean,4414827042.0,4821924111.0,0.0624419403630338,0.0147526077349892,-0.4377248374984521,-0.0078513014530941,0.090481370167476,0.0065476374817416,-0.0965490845097753
0.0,0.0,23.936865463528214,4.2609552038866445,10.0,17.0,35.0,CRI,1996,Costa Rica,Upper middle income,Latin America & Caribbean,4672770399.0,5143782043.0,0.0512022909962091,0.0090844317780463,-0.3840738726810356,-0.0057956670269315,0.0907827392241696,0.0156068536582805,0.0069475481209409
0.0,0.0,23.990180288069205,4.283549012328068,10.0,17.0,36.0,CRI,1997,Costa Rica,Upper middle income,Latin America & Caribbean,5248818523.0,5803238052.0,0.0384325308778304,-0.0014036974741999,-0.3009443360584954,-0.0116375242302591,0.0837244827190071,0.0287843882519696,0.1542247391832376
0.0,0.0,24.059289366197483,4.305228388745895,10.0,17.0,37.0,CRI,1998,Costa Rica,Upper middle income,Latin America & Caribbean,6015987690.0,6578730704.0,0.0341334769094113,-0.0030901213904112,-0.2627450959053379,-0.0082003294184501,0.0828977142181082,0.0311963075811135,0.1924576236785054
0.0,0.0,24.100573441169793,4.3259652031346585,10.0,17.0,38.0,CRI,1999,Costa Rica,Upper middle income,Latin America & Caribbean,6066566857.0,6411945483.0,0.0301414378625837,-0.005803682809373,-0.2290816276400319,-0.0117319176321792,0.0773499751197628,0.0350016181558735,0.2248605186505093
0.0,0.0,24.138531030856825,4.345360567831242,10.0,17.0,39.0,CRI,2000,Costa Rica,Upper middle income,Latin America & Caribbean,6445399583.0,6545131998.0,0.0204327623244575,-0.0119867411876393,-0.199579878942727,-0.010437153518779,0.0756209917513341,0.0397267897909034,0.3208722824438975
0.0,0.0,24.172847138684737,4.363282480497331,10.0,17.0,40.0,CRI,2001,Costa Rica,Upper middle income,Latin America & Caribbean,6471720165.0,6445457525.0,0.0172354925814271,-0.0122579168624484,-0.1766043252068397,-0.0110719170211123,0.0757535035199691,0.0403824719319431,0.3429238388264183
0.0,0.0,24.206445116068394,4.379797604982019,10.0,17.0,41.0,CRI,2002,Costa Rica,Upper middle income,Latin America & Caribbean,6502965357.0,6828718282.0,0.0160463397493655,-0.0104718074764518,-0.1523080257986742,-0.0107013915854631,0.0754888679490501,0.041144273553383,0.356447319644483
0.0,0.0,24.2487109943889,4.3951558920352385,10.0,17.0,42.0,CRI,2003,Costa Rica,Upper middle income,Latin America & Caribbean,7024720849.0,7367441232.0,0.0084777528689248,-0.0194187310376054,-0.1251030035616025,-0.0063548194231797,0.0759182385639811,0.04368456359056,0.4591133967938922
0.0,0.0,24.2920060844244,4.409856963747532,10.0,17.0,43.0,CRI,2004,Costa Rica,Upper middle income,Latin America & Caribbean,7855095380.0,8011642171.0,0.0078052076983527,-0.0196862157714817,-0.1128204690682674,-0.0040768584101997,0.077017347733971,0.0382177700919288,0.5607590616588809
0.0,0.0,24.33100241054772,4.4243140649185095,10.0,17.0,44.0,CRI,2005,Costa Rica,Upper middle income,Latin America & Caribbean,8710569531.0,9170225548.0,0.0075013046090808,-0.0289702501014232,-0.0956590930930056,-0.0037445750917577,0.0802265139192317,0.0349542822017605,0.6769136849491173
0.0,0.0,24.401709635728306,4.438319406502481,10.0,17.0,45.0,CRI,2006,Costa Rica,Upper middle income,Latin America & Caribbean,9839017111.0,10562844259.0,0.0065892071709535,-0.0333493744174671,-0.0368830236708441,-0.0056153328980208,0.0882109879085444,0.0292443605407397,0.7743977079448883
0.0,0.0,24.480660658356985,4.451859210976711,10.0,17.0,46.0,CRI,2007,Costa Rica,Upper middle income,Latin America & Caribbean,10910386211.0,12333210826.0,0.0048627086005605,-0.0279466054213339,-0.0254341581865966,-0.0008032147898085,0.0953977815692449,0.0147620613220932,0.8837426984419717
0.0,0.0,24.5269541357925,4.465420856168394,10.0,17.0,47.0,CRI,2008,Costa Rica,Upper middle income,Latin America & Caribbean,11953067325.0,14660106902.0,0.0020730608339265,-0.0245061531153526,-0.1791576754634261,0.005073850084252,0.1020208185288011,-0.0019163701461578,1.1052890722126132
0.0,0.0,24.518181206526865,4.478784818455165,10.0,17.0,48.0,CRI,2009,Costa Rica,Upper middle income,Latin America & Caribbean,10647949563.0,10800050971.0,0.0043745338100517,-0.0266420013946179,-0.0559202325865965,-0.0004201004198888,0.1009774757316468,0.0099133764549892,0.970810353295344
0.0,0.0,24.57039733802841,4.491190572057011,10.0,17.0,49.0,CRI,2010,Costa Rica,Upper middle income,Latin America & Caribbean,12363102267.0,13061016984.0,-0.0011920006295874,-0.0107426214431506,0.2257496658948224,0.0162873641873896,0.1044765807403621,-0.058297859797138,0.8296309661561471
1.0,1.0,24.613487087935834,4.5029454979240136,10.0,17.0,50.0,CRI,2011,Costa Rica,Upper middle income,Latin America & Caribbean,13886077280.0,15465815788.0,-0.0094252520500101,0.0041626991081333,0.2861957961170719,0.0106404512665694,0.1155880361075313,-0.0722384998700972,0.8619262794167618
1.0,1.0,24.66115845896047,4.514613165134832,10.0,17.0,51.0,CRI,2012,Costa Rica,Upper middle income,Latin America & Caribbean,14949441144.0,16718693908.0,-0.0083675322019123,0.0029722381946308,0.2920175241043571,0.0096056320220059,0.112834089217555,-0.0734495604487199,0.8604191184238145
1.0,1.0,24.685800007933082,4.5257460198366335,10.0,17.0,52.0,CRI,2013,Costa Rica,Upper middle income,Latin America & Caribbean,15586344043.0,17055279991.0,-0.0087070644343758,0.0028002466549299,0.2977662351583956,0.0075986780163975,0.1120386179529699,-0.0739008515213669,0.861467192747041
1.0,1.0,24.720608210632747,4.536496006392055,10.0,17.0,53.0,CRI,2014,Costa Rica,Upper middle income,Latin America & Caribbean,16313862243.0,17596280761.0,-0.0077579262034888,0.0028228342603837,0.3097716947237679,0.007280933267994,0.1121413885688272,-0.0794187366086972,0.8569832058014709
1.0,1.0,24.75647794019649,4.547120658412443,10.0,17.0,54.0,CRI,2015,Costa Rica,Upper middle income,Latin America & Caribbean,16930125462.0,17360351864.0,-0.0058341475948526,0.0034879974261112,0.3523844533680627,0.0073976438887062,0.1092545998560388,-0.0872529153839086,0.826828801643055
1.0,1.0,24.797661372613483,4.557231187129668,10.0,17.0,55.0,CRI,2016,Costa Rica,Upper middle income,Latin America & Caribbean,18395635000.0,18194546246.0,-0.005805154680045,0.0035829127156153,0.3691857902828845,0.0066018756665976,0.1105885847021774,-0.0871895064555053,0.8280252622972414
1.0,1.0,24.8383972734706,4.566674646608739,10.0,17.0,56.0,CRI,2017,Costa Rica,Upper middle income,Latin America & Caribbean,19826679965.0,19552292622.0,-0.0060296139927525,0.0022722784254627,0.4246333479557083,0.0038666721276945,0.1008575805210778,-0.0834995609696523,0.829381023174307
1.0,1.0,24.86422002189084,4.575719591743851,10.0,17.0,57.0,CRI,2018,Costa Rica,Upper middle income,Latin America & Caribbean,21059634092.0,20727758849.0,-0.0060386703302416,0.0019070648489189,0.4322533780270685,0.0026200615898641,0.1004047890505329,-0.08402764942376,0.8328714095333504
1.0,0.0,22.210786139740836,4.245988332089045,-6.0,18.0,0.0,DOM,1961,Dominican Republic,Upper middle income,Latin America & Caribbean,152100000.0,106900000.0,-0.0340380023833776,0.0088929920753301,-2.006972282434078,0.0247174888646925,0.0111517238938844,-0.0985819423560451,-1.5734697942294775
0.0,0.0,22.368193575653397,4.277130603209902,-3.0,18.0,1.0,DOM,1962,Dominican Republic,Upper middle income,Latin America & Caribbean,196700000.0,199300000.0,0.0031826637754716,0.0025996747200724,-1.7677225616397991,0.0526956176339113,0.0032271194983474,-0.087997701732284,-1.540258349650648
0.0,0.0,22.4311956292955,4.307791630221129,0.0,18.0,2.0,DOM,1963,Dominican Republic,Upper middle income,Latin America & Caribbean,195000000.0,244400000.0,0.0028657693667496,0.0021901915301019,-1.722754596949962,0.0422148340758887,-0.0073350644492044,-0.0874477734656264,-1.503684982140378
0.0,0.0,22.496654337376018,4.338059984757783,0.0,18.0,3.0,DOM,1964,Dominican Republic,Upper middle income,Latin America & Caribbean,202000000.0,287500000.0,0.0028414202137461,0.0011059208008472,-1.7057228261748651,0.0365803529342914,-0.0108930107880817,-0.0871590133004687,-1.4899390552321186
0.0,0.0,22.363330535493137,4.367473674045866,0.0,18.0,4.0,DOM,1965,Dominican Republic,Upper middle income,Latin America & Caribbean,144800000.0,180000000.0,0.0031291131788034,0.0024598502900788,-1.802211711669652,0.05089464394751,-0.005063381123201,-0.0918539322441025,-1.49448892240417
0.0,0.0,22.489640181394538,4.3966794167756245,-3.0,18.0,5.0,DOM,1966,Dominican Republic,Upper middle income,Latin America & Caribbean,160800000.0,249300000.0,0.0028397162219706,0.0011475915190723,-1.7201744856511558,0.0295239197848443,-0.0028451808770348,-0.0896793051419196,-1.4767610533944242
0.0,0.0,22.522373960220087,4.426096010698646,-3.0,18.0,6.0,DOM,1967,Dominican Republic,Upper middle income,Latin America & Caribbean,187100000.0,258800000.0,0.0031811138162159,-0.0003048301962648,-1.6705483321738517,0.0233430002221822,-0.0058595646249634,-0.0934193623737985,-1.4658069524109218
0.0,0.0,22.524759716853865,4.454955825132014,-3.0,18.0,7.0,DOM,1968,Dominican Republic,Upper middle income,Latin America & Caribbean,199500000.0,287500000.0,0.0030968361421827,-0.0002954822888894,-1.6524888574062229,0.0192307154925153,-0.0058711150306224,-0.0943358094523064,-1.4328800686273195
0.0,0.0,22.62814128820697,4.483376712967395,-3.0,18.0,8.0,DOM,1969,Dominican Republic,Upper middle income,Latin America & Caribbean,227400000.0,321300000.0,0.0056129575157107,-0.0044402139855176,-1.423347281593018,-0.0019481389385058,-0.0175981359890311,-0.0576788125312982,-1.504597230871849
0.0,0.0,22.795574925170992,4.511559864725259,-3.0,18.0,9.0,DOM,1970,Dominican Republic,Upper middle income,Latin America & Caribbean,266692194.0,414895190.0,0.0077191480363218,-0.0048500315845647,-1.22178543683669,-0.0072105662376688,-0.0287163009262453,-0.0352788286579744,-1.523197331458206
0.0,0.0,22.89877630619049,4.539564981479374,-3.0,18.0,10.0,DOM,1971,Dominican Republic,Upper middle income,Latin America & Caribbean,300134133.0,461715440.0,0.0076288507964926,-0.0051443721701638,-1.1860312036255258,-0.0093370739142231,-0.0298905511033572,-0.0370018519470705,-1.4665774813393293
0.0,0.0,22.997663390983522,4.567388784280961,-3.0,18.0,11.0,DOM,1972,Dominican Republic,Upper middle income,Latin America & Caribbean,422847716.0,489759560.0,0.0077807594589543,-0.0056285815195545,-1.1140480906641248,-0.0150162434228827,-0.0322539320650075,-0.0276393584242091,-1.362767461375072
0.0,0.0,23.11895815310757,4.5950230379736965,-3.0,18.0,12.0,DOM,1973,Dominican Republic,Upper middle income,Latin America & Caribbean,529005317.0,632490400.0,0.0100903928561879,-0.0048382720516816,-1.044302801450105,-0.0250731390705897,-0.0264819264514608,-0.0178015624984526,-1.1610348288420913
0.0,0.0,23.17724501301506,4.622245063020575,-3.0,18.0,13.0,DOM,1974,Dominican Republic,Upper middle income,Latin America & Caribbean,749535909.0,1023192000.0,0.0195084028506467,-0.0010206171086549,-0.830502397379953,-0.0156838846213259,-0.0247266056150978,-0.0117856153274849,-0.9067905449484294
0.0,0.0,23.22787399364032,4.6488663242772255,-3.0,18.0,14.0,DOM,1975,Dominican Republic,Upper middle income,Latin America & Caribbean,1039406497.0,1160205950.0,0.0323220946106706,2.087303565138962e-05,-0.6628772936703984,-0.0130306161044531,-0.0173492965799201,-0.0056651833498856,-0.7804074665627422
0.0,0.0,23.292988498658772,4.6749997454873204,-3.0,18.0,15.0,DOM,1976,Dominican Republic,Upper middle income,Latin America & Caribbean,880982316.0,1152879210.0,0.0322359915392633,0.0003238297826646,-0.671529572809012,-0.0333675248578144,-0.0180360750163353,-0.0059961574381754,-0.6956840368017855
0.0,0.0,23.341605161632334,4.700733057499541,-3.0,18.0,16.0,DOM,1977,Dominican Republic,Upper middle income,Latin America & Caribbean,966710293.0,1297114920.0,0.0346243909165727,-0.0001720346509857,-0.7271956974603612,-0.1413880107203101,-0.0194583594438277,-0.0109684002944252,-0.4404664205438972
0.0,0.0,23.362786100105687,4.726077570446367,5.0,18.0,17.0,DOM,1978,Dominican Republic,Upper middle income,Latin America & Caribbean,882809470.0,1395042000.0,0.0357996199480828,0.0008066358370793,-0.720327307863573,-0.1427859555797282,-0.0240800468837321,-0.0118883291110287,-0.406987678395627
0.0,0.0,23.4071034113999,4.7510405296872875,5.0,18.0,18.0,DOM,1979,Dominican Republic,Upper middle income,Latin America & Caribbean,1211190560.0,1746830300.0,0.0372537333767854,0.0032787757859652,-0.7390834911299441,-0.1478623458967123,-0.0225978628749976,-0.0105729413484652,-0.2963844743198368
0.0,0.0,23.483774952370563,4.775664154307879,5.0,18.0,19.0,DOM,1980,Dominican Republic,Upper middle income,Latin America & Caribbean,1375636561.0,2303519820.0,0.0424104118833981,0.0039990485844512,-0.7169750426964953,-0.1500548880074353,-0.021717905747669,-0.0074466573998057,-0.2293616333968897
0.0,0.0,23.52568308463654,4.799707755862809,5.0,18.0,20.0,DOM,1981,Dominican Republic,Upper middle income,Latin America & Caribbean,1634265438.0,2192903500.0,0.0456015003230215,0.0026782502671528,-0.7034458706880392,-0.1470654460099009,-0.0206521686483061,-0.0100013561488218,-0.1815266728683678
0.0,0.0,23.54252750374618,4.82306113370141,5.0,18.0,21.0,DOM,1982,Dominican Republic,Upper middle income,Latin America & Caribbean,1359153860.0,2036678800.0,0.0456511925122462,0.0023852092166819,-0.7005549040342439,-0.150253203468634,-0.020809358838056,-0.0094363948528949,-0.1786714683060022
0.0,0.0,23.587768007248506,4.846121202251774,5.0,18.0,22.0,DOM,1983,Dominican Republic,Upper middle income,Latin America & Caribbean,1565486937.0,2246418800.0,0.0471920036459002,0.0024301198475091,-0.690988498505695,-0.1477623005454731,-0.0204558693166046,-0.0096348894092074,-0.1801388789958416
0.0,0.0,23.600219129060875,4.86892513608083,5.0,18.0,23.0,DOM,1984,Dominican Republic,Upper middle income,Latin America & Caribbean,2519773064.0,3479368010.0,0.0489431298968485,0.002615167809342,-0.695657419589404,-0.1479619909357261,-0.0204356976992603,-0.0094655919351095,-0.175233378683254
0.0,0.0,23.578765282475995,4.891154067329224,5.0,18.0,24.0,DOM,1985,Dominican Republic,Upper middle income,Latin America & Caribbean,1319814445.0,1555450606.0,0.0483127461636283,0.0024877068341073,-0.7095328458377246,-0.1486283668235095,-0.0202224745459514,-0.0090532251256944,-0.1597696492711893
0.0,0.0,23.613379181290004,4.912814381839402,5.0,18.0,25.0,DOM,1986,Dominican Republic,Upper middle income,Latin America & Caribbean,1404388030.0,1621540299.0,0.0500874596454325,0.0028213766801079,-0.7000806796555772,-0.1477434825318145,-0.0199680394478161,-0.0089180759055465,-0.1624792935107882
0.0,0.0,23.70975576828362,4.934090394841083,5.0,18.0,26.0,DOM,1987,Dominican Republic,Upper middle income,Latin America & Caribbean,1487383601.0,1895596550.0,0.0514253528705628,0.0030109303477891,-0.6378513510889338,-0.1382367148974999,-0.0199322361386315,-0.0038081263967451,-0.1587349791173294
0.0,0.0,23.731086280042174,4.955202082767704,5.0,18.0,27.0,DOM,1988,Dominican Republic,Upper middle income,Latin America & Caribbean,1853151083.0,1981547781.0,0.0523294155339541,0.0029257997335769,-0.6519613693868404,-0.1406891608247776,-0.0199010003962184,-0.0037408088026165,-0.119401658260557
0.0,0.0,23.774150930547666,4.97635465264409,5.0,18.0,28.0,DOM,1989,Dominican Republic,Upper middle income,Latin America & Caribbean,2050889905.0,2594465300.0,0.0577985967345844,0.0005119599087985,-0.4723128184493649,-0.1097979454924373,-0.0237256755919856,-0.001078828808323,-0.2857628385262571
0.0,0.0,23.71806392893865,4.997392120428572,5.0,18.0,29.0,DOM,1990,Dominican Republic,Upper middle income,Latin America & Caribbean,2165302159.0,2729569106.0,0.059913365574602,0.0029210177241334,-0.6764092031768866,-0.1430055080810751,-0.0164767661192251,-0.0044190301479607,-0.0742019700763123
0.0,1.0,23.72746102649242,5.017970911213029,5.0,18.0,30.0,DOM,1991,Dominican Republic,Upper middle income,Latin America & Caribbean,3937453796.0,4225814432.0,0.063132572717162,-0.0061065204086552,-0.6537901936922834,-0.1428442362410575,-0.0149767998021515,-0.0048836114770328,-0.0628727322124885
0.0,1.0,23.83380944867887,5.03799161505041,5.0,18.0,31.0,DOM,1992,Dominican Republic,Upper middle income,Latin America & Caribbean,4271216000.0,5067032000.0,0.0791879122082311,-0.0075291287106796,-0.4117726149642272,-0.1131963304793012,-0.014173272758184,0.0003181426166475,-0.2269939360956008
0.0,1.0,23.904868971555274,5.057550481913063,5.0,18.0,32.0,DOM,1993,Dominican Republic,Upper middle income,Latin America & Caribbean,4760104000.0,5443488000.0,0.0764111010887454,-0.0151680463356915,-0.3970644425974684,-0.1128307362662793,-0.005720575357799,0.0029033223595333,-0.1676270073339191
0.0,1.0,23.930540171219153,5.0767372268437505,5.0,18.0,33.0,DOM,1994,Dominican Republic,Upper middle income,Latin America & Caribbean,5302644573.0,5996926316.0,0.0768761340212328,-0.0213811013976128,-0.3920859802660064,-0.1133134408411855,-0.0053050384879775,0.0023606460117561,-0.1395631065380053
0.0,0.0,23.985837032622875,5.09547389659784,5.0,18.0,34.0,DOM,1995,Dominican Republic,Upper middle income,Latin America & Caribbean,5860800311.0,6433877234.0,0.0684566920850973,0.0210779975821361,-0.3120969920238079,-0.1165361740675845,-0.0089260345447243,0.0152193348133289,-0.025906041325785
0.0,0.0,24.043896721817568,5.113661562116603,8.0,18.0,35.0,DOM,1996,Dominican Republic,Upper middle income,Latin America & Caribbean,6363901907.0,6887267086.0,0.0560080291325594,0.0085796360439932,-0.2492224325140666,-0.1124883411941136,0.0052899402244847,0.0228503296336665,0.0587542408968256
0.0,0.0,24.129021286350074,5.131084628018128,8.0,18.0,36.0,DOM,1997,Dominican Republic,Upper middle income,Latin America & Caribbean,7050603812.0,7808997352.0,0.0423192178884977,-0.0026503505409875,-0.1526530990252226,-0.1150341786232547,-0.0010965193909088,0.0392896099808318,0.2068357523901052
0.0,0.0,24.19400793559189,5.147619870114175,8.0,18.0,37.0,DOM,1998,Dominican Republic,Upper middle income,Latin America & Caribbean,7435712075.0,9015949074.0,0.0369830993341603,0.0008102190641151,-0.0904932609165046,-0.1153235655871345,-0.0002632634352497,0.0433641634536397,0.213863377380788
0.0,0.0,24.251711109523466,5.163834283495519,8.0,18.0,38.0,DOM,1999,Dominican Republic,Upper middle income,Latin America & Caribbean,7743619442.0,9147200120.0,0.0334351426253536,-0.0008279380551936,-0.0665286786414135,-0.1152857354769184,-0.0036200357406948,0.0471360133560624,0.2553801216488595
0.0,0.0,24.29727476248768,5.1800388398437365,8.0,18.0,39.0,DOM,2000,Dominican Republic,Upper middle income,Latin America & Caribbean,8628023507.0,10646556077.0,0.0226740448310246,-0.0073381005968766,0.0019861109978593,-0.1161554237549713,-0.0076398556988819,0.0495977005845758,0.3413890719350988
0.0,0.0,24.32157233478839,5.195768392023959,8.0,18.0,40.0,DOM,2001,Dominican Republic,Upper middle income,Latin America & Caribbean,8164580328.0,9887410923.0,0.0198159790219531,-0.0114700925663495,0.0101157566927344,-0.1161139923181392,-0.0090091851304577,0.0491866547852899,0.3794931973334494
0.0,0.0,24.36554236171916,5.2107866701899885,8.0,18.0,41.0,DOM,2002,Dominican Republic,Upper middle income,Latin America & Caribbean,8337710063.0,10312030141.0,0.018977911967941,-0.0116074716637187,0.0092299611207659,-0.1210283566461506,-0.0085584818238672,0.0511558352335432,0.4134570161103015
0.0,0.0,24.35199393300726,5.225185622805184,8.0,18.0,42.0,DOM,2003,Dominican Republic,Upper middle income,Latin America & Caribbean,9022076949.0,9052791965.0,0.0109365053561556,-0.0259746941533758,0.0316034541428925,-0.1266106445972083,-0.0092009798187665,0.0571721282684053,0.4950743167822648
0.0,0.0,24.37737054848857,5.238928551682537,8.0,18.0,43.0,DOM,2004,Dominican Republic,Upper middle income,Latin America & Caribbean,9185099134.0,8974480635.0,0.0116751720258481,-0.0258142467243484,-0.0249880609084045,-0.1416151533759188,-0.0116087443177112,0.054315716971082,0.628707788143026
0.0,0.0,24.467469326569155,5.252037576151989,8.0,18.0,44.0,DOM,2005,Dominican Republic,Upper middle income,Latin America & Caribbean,10136190145.0,11921949246.0,0.0120097113412466,-0.0140191402395101,0.0375152286038064,-0.1567359453340939,-0.0115415323342077,0.0312851772992495,0.7333035158966581
0.0,0.0,24.555245335702367,5.264549604198026,8.0,18.0,45.0,DOM,2006,Dominican Republic,Upper middle income,Latin America & Caribbean,10691550324.0,13463084949.0,0.0013285117074359,-0.0086531134347424,0.3866008475861483,-0.1235203868638066,-0.0062526074113609,-0.0403385920559107,0.7170157555012238
0.0,0.0,24.62678384695813,5.276729992859089,8.0,18.0,46.0,DOM,2007,Dominican Republic,Upper middle income,Latin America & Caribbean,11766045684.0,15153678844.0,-0.0033719949836567,-0.0045315242172724,0.4520157680525184,-0.1171917943924661,-0.0050784685951218,-0.0702669545573934,0.7263225525510657
0.0,0.0,24.658374605336675,5.28907691628501,8.0,18.0,47.0,DOM,2008,Dominican Republic,Upper middle income,Latin America & Caribbean,11517105550.0,18024743516.0,-0.0039686251694464,-0.0036712603037882,0.4443532325844029,-0.1199192193234067,-0.0039514309539547,-0.0708714909209159,0.7589319586784382
0.0,0.0,24.667791676891312,5.301754322442705,8.0,18.0,48.0,DOM,2009,Dominican Republic,Upper middle income,Latin America & Caribbean,10171930289.0,14253867214.0,-0.0039415983524086,-0.00363954603184,0.4385955499059993,-0.1226247895140332,-0.0037246433794617,-0.0712488100602868,0.7674870020233617
0.0,0.0,24.747892700325526,5.314555643204674,8.0,18.0,49.0,DOM,2010,Dominican Republic,Upper middle income,Latin America & Caribbean,12253253718.0,17906216037.0,-0.0043931411286991,-0.0035349979310047,0.4751123836986291,-0.1245044034318768,-0.0061512617829401,-0.0867279809715671,0.7701350732663637
1.0,0.0,24.778746033266675,5.327249054233181,8.0,18.0,50.0,DOM,2011,Dominican Republic,Upper middle income,Latin America & Caribbean,14097050548.0,20132557520.0,-0.0105820568914963,-0.0036921869150689,0.5209209240855153,-0.1314289854057375,-0.0105377516833152,-0.0881094544160858,0.8088270544622437
1.0,0.0,24.80555706284015,5.339718220696725,8.0,18.0,51.0,DOM,2012,Dominican Republic,Upper middle income,Latin America & Caribbean,14999070991.0,20433273135.0,-0.0103284076927461,-0.0036813371134104,0.5304764440633924,-0.1333093834555179,-0.0108130050663591,-0.0884174505766948,0.8035761854616204
1.0,0.0,24.853157997234543,5.351899630245396,8.0,18.0,52.0,DOM,2013,Dominican Republic,Upper middle income,Latin America & Caribbean,15878953122.0,19661135224.0,-0.0107545985218169,-0.0030865535454014,0.5892931496978229,-0.1379948187470295,-0.0163810373674494,-0.0844228607416417,0.8072480289698643
1.0,0.0,24.921288157799566,5.363767033091534,8.0,18.0,53.0,DOM,2014,Dominican Republic,Upper middle income,Latin America & Caribbean,17026265384.0,20273979988.0,-0.0105216112378291,-0.0031566987861565,0.6530734581771585,-0.1447482255431442,-0.0221290314085732,-0.077144703887283,0.8147995716258043
1.0,0.0,24.98826450600333,5.375265853438695,8.0,18.0,54.0,DOM,2015,Dominican Republic,Upper middle income,Latin America & Caribbean,17058168236.0,20090901342.0,-0.0111233578932947,-0.0029024773925775,0.7156495626108409,-0.1515002953025511,-0.0227611109506174,-0.0655989407627689,0.8281011320381833
1.0,0.0,25.052733027147656,5.38637809610796,7.0,18.0,55.0,DOM,2016,Dominican Republic,Upper middle income,Latin America & Caribbean,18279168808.0,20804844203.0,-0.0111301113436024,-0.0011403300928155,0.8100446510354646,-0.1498000691666623,-0.0379355344160326,-0.0557552781570476,0.8469987508852309
1.0,0.0,25.098343901563748,5.39725684565283,7.0,18.0,56.0,DOM,2017,Dominican Republic,Upper middle income,Latin America & Caribbean,19118996310.0,21016707908.0,-0.009971211972802,-0.0009732860533855,0.8948353263818649,-0.1532996919928573,-0.0432302638418612,-0.0492276632225773,0.8865826294762215
1.0,0.0,25.165839243100585,5.407999693212292,7.0,18.0,57.0,DOM,2018,Dominican Republic,Upper middle income,Latin America & Caribbean,20392862253.0,24089276070.0,-0.0089919210720377,-0.0009976400628619,0.9439991930365492,-0.1554149984031636,-0.0454922591035124,-0.0381150045279052,0.9072969904606958
0.0,0.0,23.784103463349147,3.3224086913522943,-7.0,20.0,0.0,EGY,1961,Egypt,Lower middle income,Middle East & North Africa,793126618.8,887313994.3,0.0116644888633977,-0.0047128038849633,-0.2057932058093293,0.0892542766876626,0.0845628450277263,0.0275715869832504,-1.9697491724865472
0.0,0.0,23.822127467659215,3.3487292128184136,-7.0,20.0,1.0,EGY,1962,Egypt,Lower middle income,Middle East & North Africa,607433082.2,787660480.3,0.0125180757076615,-0.0052887448860508,-0.1735318442510352,0.0872903968902576,0.0838429260193119,0.0256924373014319,-1.974668168215786
0.0,0.0,23.922136523346428,3.375019102039845,-7.0,20.0,2.0,EGY,1963,Egypt,Lower middle income,Middle East & North Africa,743589330.8,987619111.1,0.0127800709276326,-0.0046631596912403,-0.1424447719021744,0.0862117491979282,0.0755043098059814,0.0245504775663533,-1.9828958135264625
0.0,0.0,24.031058885351076,3.4010440722442006,-7.0,20.0,3.0,EGY,1964,Egypt,Lower middle income,Middle East & North Africa,866409220.2,1171388946.0,0.0129310227263672,-0.004107548113512,-0.17477101773589,0.0824808602727048,0.0586493564660166,0.0229844288104972,-2.0781558147928463
0.0,0.0,24.07903006941871,3.4265133361947275,-7.0,20.0,4.0,EGY,1965,Egypt,Lower middle income,Middle East & North Africa,847750109.2,996286588.0,0.012557516392128,-0.0043968959912193,-0.0704150644611478,0.0840115091253628,0.0342611204899921,0.0215817449350856,-1.9865443715625757
0.0,0.0,24.128262076070456,3.4515765661618714,-7.0,20.0,5.0,EGY,1966,Egypt,Lower middle income,Middle East & North Africa,862076408.4,1081156918.0,0.0107523823944997,-0.0040992162745789,-0.020107609423292,0.0881823442758477,0.0311543457993219,0.0204707617600306,-1.9287167701594572
0.0,0.0,24.136282467852862,3.476413785445169,-7.0,20.0,6.0,EGY,1967,Egypt,Lower middle income,Middle East & North Africa,943166740.4,1071428571.0,0.0095635664010886,-0.0040480319207622,-0.0144164824961764,0.0807267378008929,0.0305896395455817,0.0184728644581713,-1.9078398735219797
0.0,0.0,24.120084055588798,3.5010170034807784,-7.0,20.0,7.0,EGY,1968,Egypt,Lower middle income,Middle East & North Africa,700000000.0,1035981308.0,0.0103177108549139,-0.0040327172976357,-0.0536699502542708,0.0749033510565412,0.0317147660056828,0.0167604701246541,-1.8598834961915176
0.0,0.0,24.171532754266035,3.5253647651887277,-7.0,20.0,8.0,EGY,1969,Egypt,Lower middle income,Middle East & North Africa,877723970.9,1078692494.0,0.0094546117633418,-0.0040615351086695,0.0172778426278485,0.0700393665603351,0.0222204157793068,0.0171721728178195,-1.8668998303094473
0.0,0.0,24.226006877336726,3.549107177047875,-7.0,20.0,9.0,EGY,1970,Egypt,Lower middle income,Middle East & North Africa,1091183120.0,1374780206.0,0.0092349408051056,-0.0039252166477988,0.0153466854635114,0.0704103340740265,0.013818544376066,0.0192190480457355,-1.790680428456937
0.0,0.0,24.265778845506542,3.5722143578928325,-7.0,20.0,10.0,EGY,1971,Egypt,Lower middle income,Middle East & North Africa,1140015302.0,1530986993.0,0.0085013199593492,-0.0031907539630564,0.0557622974110184,0.0703854771415559,0.0034291799791225,0.0181270001920553,-1.6977588503099372
0.0,0.0,24.29587809027057,3.595229475562535,-7.0,20.0,11.0,EGY,1972,Egypt,Lower middle income,Middle East & North Africa,1182006205.0,1615822130.0,0.0072503304292966,-0.0034983953120164,0.089757365616709,0.0653022114600841,-0.0008088256423804,0.0170759756735201,-1.561626095792468
0.0,0.0,24.33034550670838,3.618232418197492,-7.0,20.0,12.0,EGY,1973,Egypt,Lower middle income,Middle East & North Africa,1366851945.0,1834007074.0,0.0074597523403503,-0.0034969668237243,0.0874833477089654,0.0629933049453784,-0.0091719751881149,0.0157073997980199,-1.2246848974821132
0.0,0.0,24.345814626272244,3.641347986753209,-7.0,20.0,13.0,EGY,1974,Egypt,Lower middle income,Middle East & North Africa,1879700810.0,2888427176.0,0.0052801948524211,-0.0040596899000938,0.1150076955367197,0.0700505804518828,-0.0115487906936465,0.0085639655882874,-0.9614845220093484
0.0,0.0,24.431433883665292,3.664920164720122,-7.0,20.0,14.0,EGY,1975,Egypt,Lower middle income,Middle East & North Africa,2113327488.0,4134809294.0,0.0104694298569112,-0.0005269276884275,0.1243761928706731,0.0626288084491636,-0.0172505945445183,-0.0001900676770409,-0.8613311350932146
0.0,0.0,24.556123586114577,3.6883156557094807,-6.0,20.0,15.0,EGY,1976,Egypt,Lower middle income,Middle East & North Africa,2285998014.0,3717576961.0,0.0184721281152281,0.0079922545167662,0.4411496927030304,-0.0016584447098601,-0.0322856546557698,-0.0065562445625169,-0.8419448610276761
0.0,0.0,24.64232921101533,3.7119884920481425,-6.0,20.0,16.0,EGY,1977,Egypt,Lower middle income,Middle East & North Africa,3108577443.0,4516926855.0,0.0113653969902072,0.0118848592991714,0.6365633748502411,-0.0127992692338201,-0.0419544096151612,-0.0148194946814366,-0.697153508941609
0.0,0.0,24.72509529289922,3.736533593012846,-6.0,20.0,17.0,EGY,1978,Egypt,Lower middle income,Middle East & North Africa,2947998787.0,5026531231.0,0.0104844280182979,0.0169761650322095,0.66040114600488,-0.0087992214888269,-0.0442172659760812,-0.016232069997712,-0.6464884374495247
0.0,0.0,24.769568434300663,3.761533624259444,-6.0,20.0,18.0,EGY,1979,Egypt,Lower middle income,Middle East & North Africa,4774142857.0,7743714286.0,0.0111769713061844,0.025984563907008,0.7283136004821981,-0.0035767022288139,-0.0375650885900278,-0.0167819439820657,-0.5095336631944611
0.0,0.0,24.8649816000538,3.787622403852217,-6.0,20.0,19.0,EGY,1980,Egypt,Lower middle income,Middle East & North Africa,6612494097.0,9289542760.0,0.0115895118507652,0.0284373226427668,0.7927376936263674,0.0016554269146102,-0.0351269322397051,-0.0178382150909478,-0.4227818150881007
0.0,0.0,24.935892467368923,3.814489176748156,-6.0,20.0,20.0,EGY,1981,Egypt,Lower middle income,Middle East & North Africa,6853648649.0,9628783784.0,0.0112979802195273,0.0275568111958615,0.8120994867265432,0.0014675728133758,-0.0328748022048572,-0.0208403012084728,-0.4078804316350531
0.0,0.0,25.030358392110756,3.8420238588161624,-6.0,20.0,21.0,EGY,1982,Egypt,Lower middle income,Middle East & North Africa,7282512315.0,10472660099.0,0.0108573369132718,0.0263524117805226,0.8331682504459811,0.0038974206256808,-0.0334522302085535,-0.0181281130846382,-0.4331177962232911
0.0,0.0,25.080047265090197,3.8713015048165422,-6.0,20.0,22.0,EGY,1983,Egypt,Lower middle income,Middle East & North Africa,7101280559.0,10593713620.0,0.0103408567467669,0.025386156284133,0.8689363057146988,0.0044988793219983,-0.0329868164594333,-0.0151485967709886,-0.4645491475874137
0.0,0.0,25.17304352175952,3.901415616873837,-6.0,20.0,23.0,EGY,1984,Egypt,Lower middle income,Middle East & North Africa,6987744571.0,10857880026.0,0.0103227942443572,0.0237848114208268,0.8883152278558136,0.0042726886537553,-0.035170959128186,-0.0139929916966618,-0.4578737715815533
0.0,0.0,25.22934356645219,3.931175759837972,-6.0,20.0,24.0,EGY,1985,Egypt,Lower middle income,Middle East & North Africa,7119673333.0,10888912156.0,0.0105154980673096,0.0220883308910432,0.9214162016345192,0.0106012908897477,-0.0373601561890207,-0.0150052167087824,-0.4814739640364316
0.0,0.0,25.275697675824162,3.9597634641829074,-6.0,20.0,25.0,EGY,1986,Egypt,Lower middle income,Middle East & North Africa,5706267540.0,9167446211.0,0.0104562102249323,0.0206574043482429,0.9333852264719767,0.0060008891976826,-0.0394624918800777,-0.0181468593906946,-0.4945063822995208
0.0,0.0,25.31330894656715,3.9874972000890154,-6.0,20.0,26.0,EGY,1987,Egypt,Lower middle income,Middle East & North Africa,5106048704.0,9190887667.0,0.0100121661903912,0.0178950192422218,0.973192317034374,0.0018425204870763,-0.045939281994144,-0.0225957771593373,-0.5022323904414661
0.0,0.0,25.366482970571404,4.0153001407755715,-6.0,20.0,27.0,EGY,1988,Egypt,Lower middle income,Middle East & North Africa,6076093129.0,12322544009.0,0.0078455872550046,0.0147631281600704,1.0335630359750898,0.0026186839013226,-0.0487619057984378,-0.0287899885734687,-0.4659095566243757
0.0,0.0,25.41452197184763,4.042522265481335,-6.0,20.0,28.0,EGY,1989,Egypt,Lower middle income,Middle East & North Africa,7073523337.0,12856257745.0,0.0079186087660206,0.0146058406215588,1.0859524478368696,0.0065337546227666,-0.0556410264709372,-0.0256534438973365,-0.3971156548717435
0.0,0.0,25.46964040275726,4.071818359890326,-6.0,20.0,29.0,EGY,1990,Egypt,Lower middle income,Middle East & North Africa,8748317631.0,13997308210.0,0.0083804976979054,0.0156071378511927,1.1688533333288538,0.0049473124119734,-0.0583633735931353,-0.0362840475547769,-0.3208563474780908
0.0,0.0,25.480830876486305,4.099388111617405,-6.0,20.0,30.0,EGY,1991,Egypt,Lower middle income,Middle East & North Africa,10269192423.0,13226985710.0,0.0089873113704197,0.014491087346363,1.2013963732104975,0.0075491604011513,-0.0608371089492289,-0.0365733659040484,-0.2744674925608043
0.0,0.0,25.5245865176649,4.123283036501327,-6.0,20.0,31.0,EGY,1992,Egypt,Lower middle income,Middle East & North Africa,11885776186.0,12938946228.0,0.0094308002750155,0.0130150834308109,1.2310603341765942,0.0088399760948642,-0.0598535926702667,-0.0450021534247461,-0.1847971341884143
0.0,0.0,25.553186282800958,4.146355815806922,-6.0,20.0,32.0,EGY,1993,Egypt,Lower middle income,Middle East & North Africa,12034813926.0,14015606242.0,0.0092467082034635,0.01375117113559,1.2273373037231738,0.007230397675155,-0.0624356895268423,-0.0473919631963145,-0.1288918647944252
0.0,0.0,25.592145535995375,4.167895867644215,-6.0,20.0,33.0,EGY,1994,Egypt,Lower middle income,Middle East & North Africa,11714116251.0,14561091340.0,0.0089792713429348,0.0138541830245005,1.237110513459882,0.0064945127600659,-0.0679232196611039,-0.0503623848841476,-0.083172696132554
0.0,0.0,25.637529721666716,4.188937921838878,-6.0,20.0,34.0,EGY,1995,Egypt,Lower middle income,Middle East & North Africa,13565319965.0,16661751696.0,0.0076507250130329,0.0106769524822666,1.2619169684017255,0.0078941337481552,-0.0799061719749215,-0.0464939621279872,-0.0090331855565219
0.0,0.0,25.686208364512122,4.209671541424744,-6.0,20.0,35.0,EGY,1996,Egypt,Lower middle income,Middle East & North Africa,14033018868.0,17718160377.0,0.0060702228704802,0.0097542531056866,1.2561028168392538,0.0072975894705033,-0.0819873358121056,-0.0442923998864034,0.0328390999392928
0.0,0.0,25.739677747553454,4.230397134833094,-6.0,20.0,36.0,EGY,1997,Egypt,Lower middle income,Middle East & North Africa,14778761062.0,19528023599.0,0.0044019969506616,0.0083751965500335,1.2772724829052695,0.0041458077703086,-0.077242126518309,-0.0604008731443515,0.0694355977312796
0.0,0.0,25.793935774934777,4.252245210833615,-6.0,20.0,37.0,EGY,1998,Egypt,Lower middle income,Middle East & North Africa,13754427391.0,21812278630.0,0.0040049144625079,0.0084803483767097,1.2963224545312262,0.004177247758085,-0.0735810566400917,-0.0700341667300142,0.0856198100782163
0.0,1.0,25.852708826740784,4.274550852444072,-6.0,20.0,38.0,EGY,1999,Egypt,Lower middle income,Middle East & North Africa,13653789443.0,21144205249.0,0.0027649018427817,-0.0162357375722431,1.35816698011336,0.0006483002161958,-0.0942794147349189,-0.0773462170673282,0.1587422470658188
0.0,1.0,25.914460024146226,4.296160050250029,-6.0,20.0,39.0,EGY,2000,Egypt,Lower middle income,Middle East & North Africa,16174959636.0,22779979451.0,0.0013031561683603,-0.0114207130361147,1.3719685718229295,0.0018846058386326,-0.0952887210823865,-0.080134902299712,0.2063920700695854
0.0,1.0,25.949200665000486,4.31739808655067,-6.0,20.0,40.0,EGY,2001,Egypt,Lower middle income,Middle East & North Africa,16900269542.0,21590296496.0,0.0016237165172417,-0.0106485821014384,1.4101053571544873,0.0006169559539327,-0.105324287532033,-0.0837688363143584,0.243155764592139
0.0,1.0,25.9728235388599,4.338435322542324,-6.0,20.0,41.0,EGY,2002,Egypt,Lower middle income,Middle East & North Africa,15595505618.0,19303370787.0,0.0016175262131801,-0.0094186676655447,1.408353503611628,-0.0028462423961335,-0.102210405044993,-0.0808321125235278,0.2686681330651187
0.0,1.0,26.004259002361245,4.359389854776215,-6.0,20.0,42.0,EGY,2003,Egypt,Lower middle income,Middle East & North Africa,17500000000.0,19576923077.0,0.0007590462024851,-0.0072883833215741,1.4090149156640863,0.000190944893099,-0.1125025724531942,-0.0731621076031055,0.3380148775631118
0.0,1.0,26.044366677766277,4.380033628330477,-6.0,20.0,43.0,EGY,2004,Egypt,Lower middle income,Middle East & North Africa,22240259740.0,23311688312.0,-0.0017756319281633,-0.0047795377938095,1.4438055870053577,0.00643819827011,-0.1123243979983314,-0.0580697306107959,0.4958027960743994
0.0,1.0,26.088110370963495,4.400255723627309,-3.0,20.0,44.0,EGY,2005,Egypt,Lower middle income,Middle East & North Africa,27206127206.0,29237429237.0,-0.0030903323762019,-0.0032160552321219,1.48782884153186,0.0096203634143671,-0.1033765890359471,-0.0403568968646784,0.6573009522675944
0.0,1.0,26.154307395420126,4.41978485775587,-3.0,20.0,45.0,EGY,2006,Egypt,Lower middle income,Middle East & North Africa,32173913043.0,33913043478.0,-0.0030900553549635,-0.0026021546839869,1.487067536440489,0.0132699132597194,-0.105940009752176,-0.035523077227793,0.7117273300115009
0.0,1.0,26.222787847289904,4.438660179551157,-3.0,20.0,46.0,EGY,2007,Egypt,Lower middle income,Middle East & North Africa,39457092820.0,45429071804.0,-0.0029723358971773,-0.0024632260645465,1.4948049703402737,0.0149454734106196,-0.1053112512701904,-0.0328083315480055,0.7963252730154857
0.0,1.0,26.291908006324366,4.457334220833271,-3.0,20.0,47.0,EGY,2008,Egypt,Lower middle income,Middle East & North Africa,53800000000.0,62909090909.0,-0.0025197786187649,-0.0033944400257861,1.5288419858275428,0.0154773362290252,-0.0937388787418541,-0.0336259980290216,0.8819969371291991
0.0,1.0,26.337583017127848,4.476217873128578,-3.0,20.0,48.0,EGY,2009,Egypt,Lower middle income,Middle East & North Africa,47205081670.0,59764065336.0,-0.0024254587576703,-0.0033293861810507,1.5543825393211108,0.0114229814165693,-0.0857454668517182,-0.0375331990191122,0.9001857368608331
0.0,1.0,26.387773730331805,4.495397385502368,-3.0,20.0,49.0,EGY,2010,Egypt,Lower middle income,Middle East & North Africa,46751361162.0,58221415608.0,-0.0012419360767865,-0.0033778169643,1.5692441529340757,0.0094091477804263,-0.1014041737939514,-0.040130315684805,0.9241106995077248
0.0,1.0,26.405266126273656,4.516441993094868,-2.0,20.0,50.0,EGY,2011,Egypt,Lower middle income,Middle East & North Africa,48537005164.0,58261617900.0,6.806486539569402e-05,-0.0025767868627602,1.624391437478249,0.0069010522550304,-0.1133163569190727,-0.0618160683295477,0.8916103271206767
0.0,1.0,26.42728495026814,4.538889572715474,-3.0,20.0,51.0,EGY,2012,Egypt,Lower middle income,Middle East & North Africa,45766666667.0,67866666667.0,0.0001789854911038,-0.0023362614653853,1.630753654410552,0.0047409296094145,-0.112290443563626,-0.0639918567140702,0.886607462773099
1.0,1.0,26.44890438469069,4.561942209099635,-4.0,20.0,52.0,EGY,2013,Egypt,Lower middle income,Middle East & North Africa,49085271318.0,67364341085.0,-0.0149758824021494,-0.0046620486563091,1.6792810774884446,-0.0058974045633434,-0.1451797304881695,-0.0666311328805007,0.9023673738324794
1.0,1.0,26.477646364365704,4.58470660474797,-4.0,20.0,53.0,EGY,2014,Egypt,Lower middle income,Middle East & North Africa,43529411765.0,69296987088.0,-0.0201987697144436,-0.0032427343986793,1.7842973354866436,-0.0128660706810274,-0.1558708955299929,-0.0933525536967143,0.8326459134179057
1.0,1.0,26.520438467522023,4.605695859797401,-4.0,20.0,54.0,EGY,2015,Egypt,Lower middle income,Middle East & North Africa,43423180593.0,71347708895.0,-0.0280801998732071,-0.0019743242708033,1.8840081011743968,-0.0200466115767973,-0.1590911569500429,-0.1348778659753945,0.7907619343251897
1.0,1.0,26.56298555783904,4.626042689781861,-4.0,20.0,55.0,EGY,2016,Egypt,Lower middle income,Middle East & North Africa,34392638037.0,66159509202.0,-0.0290410433476518,-0.0019108513802588,1.913998701965904,-0.0274447917730226,-0.1579523308267145,-0.1437643448072172,0.7769378352702292
1.0,1.0,26.603946857082313,4.646024473746914,-4.0,20.0,56.0,EGY,2017,Egypt,Lower middle income,Middle East & North Africa,37289402174.0,69089673913.0,-0.0374121268346554,-0.0014686113623167,2.0467950327861257,-0.0367876445366505,-0.1415665323274638,-0.1822140539668362,0.7893200410536092
1.0,1.0,26.65572320347436,4.66499585719906,-4.0,20.0,57.0,EGY,2018,Egypt,Lower middle income,Middle East & North Africa,47225661227.0,73331457513.0,-0.0373681687563329,-0.0014270570719016,2.084899025481015,-0.0383181806825556,-0.146322706009869,-0.1851307320322295,0.8012475726768333
0.0,0.0,20.993536239224614,2.9110616292744456,-6.0,21.0,32.0,ERI,1993,Eritrea,Low income,Sub-Saharan Africa,142966419.3,334544481.0,0.005162474788053,0.0006145456136259,-3.3192348717326308,0.0267353975016189,-0.0527783291014288,-0.0290993577440389,0.0422477611185987
0.0,0.0,21.185984770861175,2.941785644817699,-6.0,21.0,33.0,ERI,1994,Eritrea,Low income,Sub-Saharan Africa,148977272.7,440568181.8,0.0050621625649577,0.0010385069795179,-3.327713428947588,0.0269731378839519,-0.056911123840777,-0.0299300810649325,0.0456625570246806
0.0,0.0,21.21416766653581,2.998336305617597,-6.0,21.0,34.0,ERI,1995,Eritrea,Low income,Sub-Saharan Africa,129406250.0,479375000.0,0.0043281480422689,0.0008725297270242,-3.358158561916872,0.0268175967496446,-0.0594507554273818,-0.0289523153797694,0.071645523721492
0.0,0.0,21.302717213539545,3.048035354959979,-6.0,21.0,35.0,ERI,1996,Eritrea,Low income,Sub-Saharan Africa,202746708.2,606037724.0,0.0036880897026937,-0.00051498040216,-3.4031924235081625,0.028310025557431,-0.059536471781002,-0.0280129744989084,0.0978155529199226
0.0,0.0,21.37883238388707,3.059095134968168,-6.0,21.0,36.0,ERI,1997,Eritrea,Low income,Sub-Saharan Africa,203302823.7,589008180.7,0.0030098428156001,-0.0018126195386535,-3.4366278053335972,0.0293719165170184,-0.0707404095339287,-0.0272002925076377,0.1418138298799172
0.0,0.0,21.396402944694845,3.0721518222762274,-6.0,21.0,37.0,ERI,1998,Eritrea,Low income,Sub-Saharan Africa,110594504.4,597112442.0,0.0028534956987805,-0.0038916508011247,-3.6014142915530143,0.0015103793852047,-0.0933878540138048,-0.034331185620346,0.0872328081352585
0.0,0.0,21.396537736170934,3.0868844056471514,-6.0,21.0,38.0,ERI,1999,Eritrea,Low income,Sub-Saharan Africa,65684301.01,597463420.7,0.0022854454708038,-0.0043005476724687,-3.650244545344362,-0.0004458555909705,-0.104764853237787,-0.0342319299381571,0.0672866694241667
0.0,0.0,21.36461368405,3.102244551279168,-6.0,21.0,39.0,ERI,2000,Eritrea,Low income,Sub-Saharan Africa,68310441.56,411183688.3,0.0019123555486159,-0.0037102800143261,-3.5667020925147175,0.009149695565373,-0.0953645177331061,-0.025677883425789,0.1294365443590195
0.0,0.0,21.44854514909788,3.1307818820428444,-7.0,21.0,40.0,ERI,2001,Eritrea,Low income,Sub-Saharan Africa,81309112.06,460870323.3,0.001641126336787,-0.0054518864241045,-3.8137492425248714,0.0017217935528982,-0.1219777079310531,-0.0327839402694626,0.0950169092235503
0.0,0.0,21.478156660514383,3.165173377748633,-7.0,21.0,41.0,ERI,2002,Eritrea,Low income,Sub-Saharan Africa,85922706.05,472665962.4,0.0015475682708107,-0.0053845190887033,-3.821706768542154,0.004388677686603,-0.126497621826229,-0.039969465459076,0.1114235368266584
0.0,0.0,21.4512425438803,3.206483715262243,-7.0,21.0,42.0,ERI,2003,Eritrea,Low income,Sub-Saharan Africa,56064246.36,587987562.4,0.0012354536969655,-0.0062127670689682,-3.851736190521578,0.0123713150124935,-0.1248674356603866,-0.033025689081618,0.1521268199206314
0.0,0.0,21.465655531731027,3.0669595659954605,-7.0,21.0,43.0,ERI,2004,Eritrea,Low income,Sub-Saharan Africa,64052293.74,663164475.1,0.0009164479187009,-0.0059712133718992,-3.9351152895853194,-0.0042570985182814,-0.1304886883220406,-0.0408740171399156,0.2051408318046136
0.0,0.0,21.491074217422803,3.090538234897914,-7.0,21.0,44.0,ERI,2005,Eritrea,Low income,Sub-Saharan Africa,67725717.15,603478012.0,0.0008124940733257,-0.0062641321869121,-3.988270975548311,-0.0019479379104429,-0.1285930229539924,-0.0407201908215213,0.2682395345447118
0.0,0.0,21.481334771763233,3.106479389297346,-7.0,21.0,45.0,ERI,2006,Eritrea,Low income,Sub-Saharan Africa,83564227.64,464617886.2,0.0009258276106767,-0.0065091277951446,-4.017536014554222,0.0015173189743386,-0.137544009031644,-0.041564416432821,0.3078539454956395
0.0,0.0,21.495502160681742,3.120828440735758,-7.0,21.0,46.0,ERI,2007,Eritrea,Low income,Sub-Saharan Africa,76071544.72,379414634.1,0.0012759945607564,-0.0065407037230224,-4.009839934622579,0.0043594363878601,-0.1422483387682929,-0.043133569409942,0.3907300766776002
0.0,0.0,21.39254952124153,3.146923242898963,-7.0,21.0,47.0,ERI,2008,Eritrea,Low income,Sub-Saharan Africa,61125203.25,360673606.5,0.0015398014023474,-0.0066300141316363,-3.9618548382724375,0.0030159291661885,-0.1408970839854571,-0.0355038200956511,0.437798612157684
1.0,0.0,21.43058204357368,3.171914158577156,-7.0,21.0,48.0,ERI,2009,Eritrea,Low income,Sub-Saharan Africa,84082757.72,435274751.2,-0.0271308714068395,-0.0065395934188848,-4.012429548362912,0.0143608836917121,-0.1540002495561361,-0.0404996244299239,0.4596248028372445
1.0,0.0,21.452286687960157,3.191598809864985,-7.0,21.0,49.0,ERI,2010,Eritrea,Low income,Sub-Saharan Africa,101385281.3,494229450.4,-0.0271060213969939,-0.006190073896196,-3.971633459384107,0.0269663504786236,-0.1545008654814787,-0.0433060170243533,0.5754282147268045
1.0,0.0,21.535522446891303,3.209336718718563,-7.0,21.0,50.0,ERI,2011,Eritrea,Low income,Sub-Saharan Africa,374897684.6,603784852.0,-0.0220719197704576,-0.0052273379872565,-3.485671311790598,0.045254819988821,-0.0975502759418838,-0.036756426178584,0.7718212485953075
1.0,1.0,23.050935601177986,3.523145671037095,6.0,22.0,34.0,EST,1995,Estonia,High income,Europe & Central Asia,2967518489.0,3295549961.0,1.7449464663309107e-05,0.0175482549758525,-1.399171548929457,0.222645506171416,-0.0279059748414279,-0.0349506196366011,-0.1698309015739367
1.0,1.0,23.099182898860107,3.5083920245797664,6.0,22.0,35.0,EST,1996,Estonia,High income,Europe & Central Asia,2932836520.0,3431489140.0,-0.002877257479836,0.0133773310686415,-1.2055049356983194,0.2354210464932554,-0.0296612705050671,-0.0115681500327223,-0.0443542963419457
1.0,1.0,23.221843042016136,3.496982832143841,6.0,22.0,36.0,EST,1997,Estonia,High income,Europe & Central Asia,3627803201.0,4158018485.0,-0.0235948281598845,-0.0008368279767028,-0.9206175428583128,0.2061265637567645,-0.0195047858978315,0.0100318294156308,0.0668284841713937
1.0,1.0,23.26432598127502,3.4873772421210494,6.0,22.0,37.0,EST,1998,Estonia,High income,Europe & Central Asia,4178072088.0,4721055735.0,-0.0218404240390892,-0.0006978949192763,-0.906420278637005,0.1872893351257078,-0.0155664409343406,0.0132227835327613,0.0865203780330702
0.0,0.0,23.260066671696887,3.490322064907373,7.0,22.0,38.0,EST,1999,Estonia,High income,Europe & Central Asia,4022130537.0,4274527257.0,0.0004400570775103,-0.0008237784265794,-0.9487389760331686,0.1192805208575707,-0.0180544786971057,0.0156106657805419,0.1014187256372854
0.0,0.0,23.356173211078854,3.495159136689676,9.0,22.0,39.0,EST,2000,Estonia,High income,Europe & Central Asia,3504490924.0,3688783746.0,0.0003561218100365,-0.0018227546592513,-0.96015438908065,0.1229458503272878,0.035375549693708,0.0312307589326116,0.16634611093003
0.0,0.0,23.4144767813853,3.4887895052636004,9.0,22.0,40.0,EST,2001,Estonia,High income,Europe & Central Asia,3831095694.0,4078345717.0,0.0014295384306731,-0.0018397461937437,-0.933049668716879,0.1268009798686827,0.0373110193584986,0.0350435333988539,0.2112981429450996
0.0,0.0,23.479996395427605,3.482455167444587,9.0,22.0,41.0,EST,2002,Estonia,High income,Europe & Central Asia,4270175191.0,4815881134.0,0.0024435667287059,-0.0019473224716839,-0.9014370690290184,0.1299622365983366,0.0395052403493001,0.0411799619703144,0.2187855995875797
0.0,0.0,23.55324932167693,3.4761789426974,9.0,22.0,42.0,EST,2003,Estonia,High income,Europe & Central Asia,5644211834.0,6478792909.0,0.0024328916467244,-0.0024209435775406,-0.8699308378144889,0.1337855728817207,0.0461869320965846,0.0500273550476613,0.2789528074261735
0.0,0.0,23.61907458746358,3.47020073776081,9.0,22.0,43.0,EST,2004,Estonia,High income,Europe & Central Asia,7418642236.0,8368396273.0,0.0026529049109739,-0.0032281103615573,-0.8513281641562934,0.1297489176912407,0.0583036936883444,0.0542069827114599,0.3841888409367882
0.0,0.0,23.71007026381409,3.464478182513553,9.0,22.0,44.0,EST,2005,Estonia,High income,Europe & Central Asia,9230780997.0,9945822659.0,0.0028519298669435,-0.0041105218490808,-0.7761746557950754,0.1234598257737858,0.0573903751987582,0.0553786444538441,0.51258865706784
0.0,0.0,23.803247109421974,3.4585816268891656,9.0,22.0,45.0,EST,2006,Estonia,High income,Europe & Central Asia,10769819345.0,12490779074.0,0.0028167706612447,-0.0230770613223864,-0.285331740743443,0.0837834810058124,0.0573300698375037,0.0472591706956728,0.7569370890276598
0.0,0.0,23.87630369101925,3.4540197414664506,9.0,22.0,46.0,EST,2007,Estonia,High income,Europe & Central Asia,14052834656.0,16026215439.0,0.0028404932669049,-0.0291888156903055,-0.2258616804613455,0.0863848479840094,0.0741930634440252,0.0505495530570029,0.8428748656404428
0.0,0.0,23.823619946636676,3.451338404439685,9.0,22.0,47.0,EST,2008,Estonia,High income,Europe & Central Asia,16160988721.0,17111419364.0,0.0031639586077559,-0.0235855168660704,-0.2804568149024931,0.0947852152038673,0.0753092685919335,0.0557208718824594,0.9381028176493704
0.0,0.0,23.665455580688818,3.449410723628627,9.0,22.0,48.0,EST,2009,Estonia,High income,Europe & Central Asia,11949522089.0,10974937483.0,0.0027155377402087,-0.0035784355612849,-0.7215053745112049,0.1282287202854879,0.0356464479811188,0.0710981736922696,0.8373652970280194
0.0,0.0,23.689604290443548,3.4471301438520383,9.0,22.0,49.0,EST,2010,Estonia,High income,Europe & Central Asia,14652236229.0,13398749271.0,0.002751807424504,-0.0031339641886412,-0.6698909828125345,0.1318512002500396,0.0315098665328303,0.0788611820650085,0.9111154276347564
0.0,0.0,23.75971865560284,3.4440943157656023,9.0,22.0,50.0,EST,2011,Estonia,High income,Europe & Central Asia,20104199024.0,18754165287.0,0.0025560092751926,-0.0181036154207862,-0.292353353310799,0.1137627307596961,0.066649933306525,0.0646030496454475,1.0283612983485764
0.0,0.0,23.791490545930706,3.4405148715426743,9.0,22.0,51.0,EST,2012,Estonia,High income,Europe & Central Asia,19844301075.0,19463181364.0,0.002716013262957,-0.0201997106716252,-0.2356203262399775,0.1151563750917665,0.0781713828904234,0.0652581623236782,1.0429424726761705
0.0,0.0,23.805969504432387,3.4117973938359443,9.0,22.0,52.0,EST,2013,Estonia,High income,Europe & Central Asia,21239933055.0,20652882303.0,0.0028950213710876,-0.0207606772664846,-0.2270786654793414,0.1165160991229869,0.0755631000508622,0.0651438693325102,1.0472460997419926
0.0,1.0,23.835638655807607,3.4091748320222344,9.0,22.0,53.0,EST,2014,Estonia,High income,Europe & Central Asia,21804108132.0,20931419952.0,0.0032311008180395,0.0544755657247738,-0.1422391598405258,0.1113498810411516,0.0949171210721246,0.0495636636872601,1.0562134245609067
0.0,1.0,23.85399926393465,3.409830357395191,9.0,22.0,54.0,EST,2015,Estonia,High income,Europe & Central Asia,17725037608.0,16894724760.0,0.0032397413516738,0.056711946696438,-0.1331697929068841,0.1102750065501997,0.1002587397867218,0.0486412102246122,1.0498832148727375
0.0,1.0,23.885067264755744,3.4101214798480366,9.0,22.0,55.0,EST,2016,Estonia,High income,Europe & Central Asia,18537893089.0,17750100182.0,0.0027244954718779,0.0571380580500516,-0.1313768965843909,0.1101427806668244,0.1014645858264179,0.0489880309341848,1.0440792677886177
0.0,1.0,23.94137240329113,3.428034035615715,9.0,22.0,56.0,EST,2017,Estonia,High income,Europe & Central Asia,20411337064.0,19319297994.0,0.0027802970445808,0.0538725705808677,-0.1164062054504677,0.1114818525206938,0.1034168961255309,0.0431797766902981,1.031408323056082
0.0,1.0,23.97851596883329,3.431514427108987,9.0,22.0,57.0,EST,2018,Estonia,High income,Europe & Central Asia,22761453869.0,22038410928.0,0.0027875594586316,0.0519647117548204,-0.1009730674102158,0.1103573380344946,0.0997214507527362,0.0393015674046093,1.014501756950706
0.0,0.0,19.350893210798507,3.8350565887655694,8.0,26.0,5.0,GMB,1966,Gambia,Low income,Sub-Saharan Africa,15991781.42,19266443.45,0.0062237429574013,0.0047592431560107,-4.220913581853147,0.114260201762678,0.0148150230893292,-0.0109593483945703,-1.5587798815152991
0.0,0.0,19.350893210798507,3.862575312974364,8.0,26.0,6.0,GMB,1967,Gambia,Low income,Sub-Saharan Africa,18921503.35,22035302.95,0.0060369370827536,0.0054577772945246,-4.208545005047557,0.1205959093346897,0.0154372522979227,-0.0111938684456918,-1.5354138428213564
0.0,0.0,19.442342706546942,3.8905873855290234,8.0,26.0,7.0,GMB,1968,Gambia,Low income,Sub-Saharan Africa,16460090.34,20988897.58,0.0060195306541926,0.005612058915795,-4.215823599146438,0.1206605826147962,0.0163382931615998,-0.0112103140355701,-1.525830480584098
0.0,0.0,19.466406076396638,3.918798419384125,8.0,26.0,8.0,GMB,1969,Gambia,Low income,Sub-Saharan Africa,18244685.19,23077140.92,0.0060321999135793,0.00532095188159,-4.22392374814348,0.1182531623143325,0.0163490320193824,-0.0107940877676272,-1.5018516983842871
0.0,0.0,19.526125314999717,3.9471783820567,8.0,26.0,9.0,GMB,1970,Gambia,Low income,Sub-Saharan Africa,19763503.62,21393730.23,0.0061618527497773,0.0052271169188062,-4.277653207526139,0.1099159922335998,0.0188691146476596,-0.0121877636174277,-1.4346096611970909
0.0,0.0,19.525466327564384,3.975921499729731,8.0,26.0,10.0,GMB,1971,Gambia,Low income,Sub-Saharan Africa,18037835.14,20720647.06,0.0058861422116736,0.0055622852233313,-4.289267226019138,0.1198374491728302,0.0200381894157093,-0.0117901303493978,-1.3875857769645326
0.0,0.0,19.527880458903375,4.0051208944662875,8.0,26.0,11.0,GMB,1972,Gambia,Low income,Sub-Saharan Africa,19980333.11,24111329.8,0.0048127281641739,0.005709140568373,-4.30514614919709,0.151609780292261,0.0203324905351405,-0.0113493749263731,-1.3174138560124482
0.0,0.0,19.61635212067766,4.034609593089001,8.0,26.0,12.0,GMB,1973,Gambia,Low income,Sub-Saharan Africa,26392897.11,31865390.43,0.0048394314773181,0.0061205889056094,-4.391082632678148,0.2036040715109644,0.0136184716144221,-0.0073891578111136,-1.1257997119805967
0.0,0.0,19.673476918182132,4.064056821823013,8.0,26.0,13.0,GMB,1974,Gambia,Low income,Sub-Saharan Africa,37334614.51,41877707.23,0.0060404992484577,0.0052853180601165,-4.352253971157007,0.2006033257330516,0.0104753715473771,-0.0041511887838784,-0.937049027976917
0.0,0.0,19.79031220788093,4.093720190842852,8.0,26.0,14.0,GMB,1975,Gambia,Low income,Sub-Saharan Africa,51495206.98,50235171.27,0.0065051894853666,0.0045600571228087,-4.347561861707625,0.215229057205204,0.0109049405331836,-0.0054159898982158,-0.8863323048841351
0.0,0.0,19.861247964144997,4.124304616799055,8.0,26.0,15.0,GMB,1976,Gambia,Low income,Sub-Saharan Africa,46062022.59,52005932.59,0.0069422175324087,0.0039758786447262,-4.305532947363346,0.2233610323934408,0.0117121775322342,-0.007961825660695,-0.8209380388763349
0.0,0.0,19.895065414221865,4.155929739341857,8.0,26.0,16.0,GMB,1977,Gambia,Low income,Sub-Saharan Africa,50729191.52,65617860.12,0.007194390688193,0.0035412754866872,-4.137926159501406,0.1997807291464199,0.0140066571238919,-0.0123966064818569,-0.6866944066393063
0.0,0.0,19.956315217580833,4.188430792851586,8.0,26.0,17.0,GMB,1978,Gambia,Low income,Sub-Saharan Africa,57875483.34,102907354.4,0.0074035493418697,0.0052253830671949,-3.899237109081715,0.141408400913098,0.0188918241201797,-0.0214634975866468,-0.6524898766647358
0.0,0.0,19.942944393549837,4.221860492112726,8.0,26.0,18.0,GMB,1979,Gambia,Low income,Sub-Saharan Africa,72405656.38,131009533.9,0.00771711203141,0.0061227863407357,-3.8984028143885103,0.1502349513306738,0.0236410770192803,-0.0210441470458639,-0.5118456507047187
0.0,0.0,20.003757982139472,4.256247442375439,8.0,26.0,19.0,GMB,1980,Gambia,Low income,Sub-Saharan Africa,103029780.1,153325163.6,0.0079033347845955,0.0061498518586133,-3.4677200550503704,0.0150508722023737,0.0576458943113123,-0.0325976182128276,-0.4097433122125544
0.0,0.0,20.036437095740535,4.290953390231345,7.0,26.0,20.0,GMB,1981,Gambia,Low income,Sub-Saharan Africa,96172688.77,146042850.6,0.0078922593134817,0.0045090483288828,-3.54790227136695,0.0187609450537726,-0.0256492685063863,-0.025284473105403,-0.3001424554529671
0.0,0.0,20.028761890195334,4.326345999572042,7.0,26.0,21.0,GMB,1982,Gambia,Low income,Sub-Saharan Africa,95784687.55,128848574.6,0.007896748446925,0.0036312763824816,-3.543456503826164,0.0163092411143262,-0.0269876544284271,-0.0252272381904245,-0.2842424719283086
0.0,0.0,20.13206934964186,4.363230787901568,7.0,26.0,22.0,GMB,1983,Gambia,Low income,Sub-Saharan Africa,107766540.7,133367480.6,0.0078123465334751,0.0030293828656944,-3.522780181821414,0.0097277381648024,-0.0288394872625418,-0.0252441332156474,-0.2802483734040029
0.0,0.0,20.166811368620316,4.401634278623809,7.0,26.0,23.0,GMB,1984,Gambia,Low income,Sub-Saharan Africa,90665413.34,114897722.1,0.0078384274102657,0.0015636274317121,-3.5365617264316245,0.0075459867812244,-0.0321864257989273,-0.0237234138259747,-0.2621867740675992
0.0,0.0,20.158655553532146,4.4411085651537086,7.0,26.0,24.0,GMB,1985,Gambia,Low income,Sub-Saharan Africa,99014528.98,121704015.1,0.0078553204491645,0.0015438064345729,-3.5277535388982346,0.0034889623311438,-0.0328472180827878,-0.0219410538559263,-0.2364368157439123
0.0,0.0,20.19875156365305,4.48121336389641,7.0,26.0,25.0,GMB,1986,Gambia,Low income,Sub-Saharan Africa,86556333.59,104144840.5,0.0077896940141895,0.0015799663417145,-3.5274498069326374,-0.0001813609277013,-0.0317054285248517,-0.0219473709553403,-0.2301718466483475
0.0,0.0,20.222998541343976,4.521843353048808,7.0,26.0,26.0,GMB,1987,Gambia,Low income,Sub-Saharan Africa,109029387.7,130802612.2,0.0080236501353689,-0.0002011032002086,-3.466794029556195,0.0001608064565964,-0.0282131993712841,-0.0176283517972136,-0.1192819013814962
0.0,0.0,20.26679365027651,4.562947342507771,7.0,26.0,27.0,GMB,1988,Gambia,Low income,Sub-Saharan Africa,134311372.4,155878661.8,0.0079362510760816,-0.0013482983001982,-3.4398301164308385,-0.000818859400366,-0.0229972537766385,-0.0178422380458007,-0.0548154923670779
0.0,0.0,20.324078318178156,4.604534608551536,7.0,26.0,28.0,GMB,1989,Gambia,Low income,Sub-Saharan Africa,156436607.9,185466421.3,0.0082180435513191,-0.0022261040478892,-3.298004111835017,-0.0008814214901873,-0.0194933858717013,-0.0135408935310745,-0.0071386061360624
0.0,0.0,20.35904846599724,4.646494188561216,8.0,26.0,29.0,GMB,1990,Gambia,Low income,Sub-Saharan Africa,189941809.8,226977004.2,0.0087443991226028,-0.0016598002355116,-3.185392696630918,-0.0345656069386646,0.0816218700925667,-0.0424723820029871,-0.0008047971639003
0.0,0.0,20.38964594434153,4.6885145215925,8.0,26.0,30.0,GMB,1991,Gambia,Low income,Sub-Saharan Africa,203220124.4,239289621.0,0.0093743442474867,-0.0017954481262024,-3.1777646481118165,-0.0578166239674299,0.0819287248156555,-0.042773452058363,0.0221372654388169
0.0,0.0,20.42287459471595,4.72915442018452,8.0,26.0,31.0,GMB,1992,Gambia,Low income,Sub-Saharan Africa,218509709.4,263205386.0,0.0100068287197763,-0.0024278542824694,-3.1960906772578146,-0.0696147291311838,0.0902083273770931,-0.0459079998530495,0.0668589450712076
0.0,0.0,20.452550879050932,4.765820027578829,8.0,26.0,32.0,GMB,1993,Gambia,Low income,Sub-Saharan Africa,212861269.6,275121124.0,0.0098967694830833,-0.0020298113401261,-3.2270435407219455,-0.0745501169230437,0.0924436954070387,-0.0455327444522461,0.1046776490110204
0.0,0.0,20.454093148722823,4.797997952934067,-7.0,26.0,33.0,GMB,1994,Gambia,Low income,Sub-Saharan Africa,158552463.8,214068046.5,0.010265140006119,0.0002530119947901,-3.3514662357544474,-0.0428371477071976,-0.0345041682040739,-0.0145545090305917,0.1471666581102676
0.0,0.0,20.462872975426546,4.827770506579206,-7.0,26.0,34.0,GMB,1995,Gambia,Low income,Sub-Saharan Africa,186876569.3,279038983.1,0.0094473373538667,2.6200199126090965e-05,-3.374778356096417,-0.0462485280555627,-0.0348386402804121,-0.0144664840514275,0.1782693679684201
0.0,0.0,20.484864828597416,4.856689907306051,-6.0,26.0,35.0,GMB,1996,Gambia,Low income,Sub-Saharan Africa,184904931.2,247310341.5,0.0082940728849496,-0.0004643119131104,-3.3960224533224124,-0.0462859304168305,-0.0360818165148333,-0.0136863510794614,0.2028391827929283
0.0,0.0,20.532702149479864,4.885081780824337,-5.0,26.0,36.0,GMB,1997,Gambia,Low income,Sub-Saharan Africa,184290825.8,204004699.1,0.0065462156891411,-0.0015721697773845,-3.4219569887991637,-0.0502797972416914,-0.0283231060108626,-0.0123527475481549,0.2387526770665236
0.0,0.0,20.567103563620925,4.913139394078221,-5.0,26.0,37.0,GMB,1998,Gambia,Low income,Sub-Saharan Africa,212639014.9,240030742.9,0.0061156655405367,-0.0016802681131596,-3.433282826267365,-0.0509448239314701,-0.0244482484961819,-0.0119035740930298,0.2443705047795063
0.0,0.0,20.629138945640037,4.940921524967886,-5.0,26.0,38.0,GMB,1999,Gambia,Low income,Sub-Saharan Africa,198771163.9,228252567.0,0.0054939613044552,-0.0019739322972471,-3.4524669618413775,-0.0513691884686703,-0.0210125998382529,-0.0102179532803504,0.25154097754722
0.0,0.0,20.682679714606127,4.968305246368489,-5.0,26.0,39.0,GMB,2000,Gambia,Low income,Sub-Saharan Africa,201981400.0,239267448.0,0.004445361926872,-0.0022914004579483,-3.4761319492661498,-0.0538602478584683,-0.0216818409600872,-0.0088130699097394,0.2743941174311941
0.0,0.0,20.739060050097514,4.9953751799076285,-5.0,26.0,40.0,GMB,2001,Gambia,Low income,Sub-Saharan Africa,149998489.2,172598261.6,0.0041894035195021,-0.0022519151197274,-3.494360338993265,-0.0545915670255868,-0.0264974714906281,-0.0090554025233979,0.2935082933551093
0.0,0.0,20.706020194729767,5.02222205754017,-5.0,26.0,41.0,GMB,2002,Gambia,Low income,Sub-Saharan Africa,157033586.7,187843015.0,0.0041566302233941,-0.0024558471363288,-3.5055922125423615,-0.0554548136956577,-0.0272017094303407,-0.0088323317009409,0.3065504584464918
0.0,0.0,20.772463147744215,5.049153292454601,-5.0,26.0,42.0,GMB,2003,Gambia,Low income,Sub-Saharan Africa,151438768.6,183930191.5,0.0033803661671395,-0.0030062780179523,-3.5281929497445694,-0.0588014364509519,-0.0275223575153323,-0.0075621915963952,0.345942063055435
0.0,0.0,20.840588976644636,5.076477313435794,-5.0,26.0,43.0,GMB,2004,Gambia,Low income,Sub-Saharan Africa,198101350.6,282217002.2,0.0028768476955305,-0.0031659123731763,-3.56511671529568,-0.0618434653101018,-0.0265194893208187,-0.0067429564426611,0.3986859537804027
0.0,0.0,20.816790738635138,5.104289414299624,-5.0,26.0,44.0,GMB,2005,Gambia,Low income,Sub-Saharan Africa,204546331.8,309496622.5,0.0027913060167488,-0.0033076453964087,-3.631269375009255,-0.0631674600485713,-0.0274334774311081,-0.0057286938122889,0.4667151181927232
0.0,0.0,20.81121943790359,5.1328150328871995,-5.0,26.0,45.0,GMB,2006,Gambia,Low income,Sub-Saharan Africa,221729529.5,309274034.4,0.003056550520255,-0.0037536146895127,-3.652164630649392,-0.0636867454702595,-0.0295388586787775,-0.00532041617251,0.5178420010214917
0.0,0.0,20.84119804991975,5.161830736077965,-5.0,26.0,46.0,GMB,2007,Gambia,Low income,Sub-Saharan Africa,230768306.1,336061371.2,0.0034054100663177,-0.0040206760988122,-3.634562061684799,-0.0683166039077848,-0.0371635988459291,-0.0098081010631785,0.5886596603383151
0.0,0.0,20.90187825170339,5.190897199597299,-5.0,26.0,47.0,GMB,2008,Gambia,Low income,Sub-Saharan Africa,226068893.1,384411745.5,0.003404488622292,-0.0044778880611578,-3.652615521154536,-0.075020195404232,-0.0397604982127647,-0.0104374186158752,0.6050692798100566
0.0,0.0,20.966407938323467,5.219940184657758,-5.0,26.0,48.0,GMB,2009,Gambia,Low income,Sub-Saharan Africa,228340998.7,377490756.9,0.0036038309948149,-0.0039621836648876,-3.6124145182574394,-0.0830903059788747,-0.0436687314132644,-0.0151054154158396,0.6151901461919786
0.0,0.0,21.02381171571932,5.2490139778264115,-5.0,26.0,49.0,GMB,2010,Gambia,Low income,Sub-Saharan Africa,226367642.9,406576420.9,0.0036964250784637,-0.0042367058039004,-3.555624739444937,-0.098211596701941,-0.0499032362400939,-0.0147062623515234,0.6412560803058078
0.0,0.0,20.93901122843857,5.2782477473126805,-5.0,26.0,50.0,GMB,2011,Gambia,Low income,Sub-Saharan Africa,237665945.3,363423204.2,0.0034702271836171,-0.0049826221680612,-3.541024393456866,-0.0954703044650011,-0.0544694763620635,-0.0185852108981332,0.7343783836334143
0.0,0.0,20.99009940992833,5.3077069407016,-5.0,26.0,51.0,GMB,2012,Gambia,Low income,Sub-Saharan Africa,280760743.8,394206041.0,0.0035002580711086,-0.0049696253778348,-3.5288418701186925,-0.103778531038669,-0.0534514593229876,-0.0171393368256179,0.7190984167514406
0.0,0.0,21.018422193713224,5.336996355110429,-5.0,26.0,52.0,GMB,2013,Gambia,Low income,Sub-Saharan Africa,261079179.2,364299281.3,0.003515455291481,-0.0049191679228695,-3.5062990679607475,-0.1091843210278344,-0.0525064376044178,-0.0173192560084678,0.7006885295742651
0.0,0.0,21.00424839342352,5.365443938915023,-5.0,26.0,53.0,GMB,2014,Gambia,Low income,Sub-Saharan Africa,268476270.6,447782687.9,0.0034753250895506,-0.0049862403128134,-3.5054226486539015,-0.1131629472333459,-0.0525017698047017,-0.0175060841407902,0.7037026642575368
0.0,0.0,21.044027352535235,5.392786823043539,-5.0,26.0,54.0,GMB,2015,Gambia,Low income,Sub-Saharan Africa,214593793.0,399003138.6,0.0034508162596596,-0.0049336374444463,-3.5092913443261264,-0.1193153359054493,-0.0540678924942711,-0.0176383336679748,0.6918392679625909
0.0,0.0,21.06327452864667,5.419068763369171,-5.0,26.0,55.0,GMB,2016,Gambia,Low income,Sub-Saharan Africa,189367460.9,376466241.5,0.00344030710719,-0.0049290353170035,-3.507899230675623,-0.1210511264288027,-0.0541909929766255,-0.0174351605336504,0.6894185658850825
0.0,0.0,21.110373847157174,5.444327577339431,4.0,26.0,56.0,GMB,2017,Gambia,Low income,Sub-Saharan Africa,278118327.1,560621586.3,0.0033362217220425,-0.0048247084597045,-3.445017487316165,-0.1259517001587828,-0.0210205482681515,-0.0147666661433321,0.7223027460598127
0.0,0.0,21.18022532635613,5.468557007549985,4.0,26.0,57.0,GMB,2018,Gambia,Low income,Sub-Saharan Africa,372362228.9,710441024.0,0.0034280330872023,-0.0048714581600077,-3.3898499215371127,-0.1264883149452562,-0.0166203163661941,-0.0114192625968988,0.7642887223340167
0.0,0.0,22.725153678302352,4.445748280814589,0.0,23.0,31.0,GEO,1992,Georgia,Upper middle income,Europe & Central Asia,1315854563.0,2446203314.0,0.0111374259213287,-0.0038504108467223,-1.8635665752375312,-0.0524674511418504,-0.042705941083343,-0.0337456668644094,-0.3931866860446809
0.0,0.0,22.378429037421252,4.453433865365297,0.0,23.0,32.0,GEO,1993,Georgia,Upper middle income,Europe & Central Asia,1266549923.0,1938101600.0,0.0089484178471455,0.0037539773410677,-2.1110747448572407,0.0521375709274959,-0.0039462330948961,0.0423180877581388,0.0877902715511687
0.0,0.0,22.268614238676,4.4380395641414845,2.0,23.0,33.0,GEO,1994,Georgia,Upper middle income,Europe & Central Asia,1452314246.0,2743396605.0,0.0090566722374823,0.0049692207070112,-2.162752502089099,0.0560899075010853,-0.0008757945904968,0.0443357943417873,0.2140526533555678
0.0,0.0,22.29428195332796,4.400462403489579,4.0,23.0,34.0,GEO,1995,Georgia,Upper middle income,Europe & Central Asia,686952881.3,1140170360.0,0.0080401620770993,0.0036656630486417,-2.1902357535914567,0.0466908710646035,-0.0163807215884849,0.0313407216461283,0.2339158025087462
0.0,0.0,22.400442167382934,4.364166942596047,4.0,23.0,35.0,GEO,1996,Georgia,Upper middle income,Europe & Central Asia,412437507.3,1001841521.0,0.0066060898888271,0.0029927157445057,-2.15116449826535,0.0416749948843864,-0.0202589954880188,0.0205393429758536,0.1979896787624421
0.0,0.0,22.500459806095943,4.332091760899335,4.0,23.0,36.0,GEO,1997,Georgia,Upper middle income,Europe & Central Asia,548000077.1,1479432987.0,0.005112032258659,0.0019376264580424,-2.177681976868419,0.0407128904764812,-0.023326628273944,0.0012545193173685,0.2439182997098532
0.0,0.0,22.53103656314387,4.307349531230283,4.0,23.0,37.0,GEO,1998,Georgia,Upper middle income,Europe & Central Asia,594735925.7,1340894233.0,0.0049548025056066,0.0004878451886599,-2.149993169929958,0.039701765464048,-0.0264433438420034,-0.0027653841564987,0.2416853357274661
0.0,0.0,22.559325209910984,4.286775762398331,4.0,23.0,38.0,GEO,1999,Georgia,Upper middle income,Europe & Central Asia,533561535.9,1066705738.0,0.0044134779270335,7.270541892897504e-05,-2.1345612906025475,0.039516492241927,-0.027559952608908,-0.005740347501018,0.2546798545011068
0.0,0.0,22.577541688541842,4.2673294707670255,2.0,23.0,39.0,GEO,2000,Georgia,Upper middle income,Europe & Central Asia,703050139.1,1212806577.0,0.0039362136764473,-0.0002759019439144,-2.052850715007948,0.0464807338122561,-0.0093674618471174,-0.0065757047664676,0.3112852770522402
0.0,0.0,22.62447730812514,4.251817086894175,2.0,23.0,40.0,GEO,2001,Georgia,Upper middle income,Europe & Central Asia,787524463.1,1251358575.0,0.0035759735823994,-0.0020724995229367,-1.876434056927852,0.0320881861989346,-0.0217796205278429,-0.0261793254133267,0.3366726655194024
0.0,0.0,22.67777005185718,4.242844550061211,2.0,23.0,41.0,GEO,2002,Georgia,Upper middle income,Europe & Central Asia,992558006.1,1439799970.0,0.0038052782864023,-0.0019660253181888,-1.716102811571191,0.0422566605372676,-0.0239816405512893,-0.0159846376799394,0.351017284033297
0.0,0.0,22.782658965017085,4.236090892078583,2.0,23.0,42.0,GEO,2003,Georgia,Upper middle income,Europe & Central Asia,1255516976.0,1843124461.0,0.002840157512766,-0.0027873073346948,-1.5516881308677068,0.0527083877563258,-0.0268244085852781,-0.0002354814277785,0.4469858552638612
0.0,0.0,22.838987277711027,4.229898268029661,6.0,23.0,43.0,GEO,2004,Georgia,Upper middle income,Europe & Central Asia,1595471619.0,2455655259.0,0.0024948193382041,-0.0030058292272567,-1.5063601720094697,0.0681450557153175,-0.0335415684269112,0.0013800460106159,0.5948209221085904
0.0,0.0,22.93055933458344,4.223545345717936,6.0,23.0,44.0,GEO,2005,Georgia,Upper middle income,Europe & Central Asia,2132207925.0,3286910229.0,0.0025571976848811,-0.0033857420931034,-1.4413600141282898,0.0776606799742193,-0.0318834770411026,0.0060977566732491,0.713192972151458
1.0,0.0,23.020580741159943,4.217860498687848,6.0,23.0,45.0,GEO,2006,Georgia,Upper middle income,Europe & Central Asia,2514950015.0,4388033697.0,-0.0267675477436008,-0.0041480412970056,-1.37454837388366,0.079829287679586,-0.0309619351092785,0.0166825415816318,0.7745588288162265
1.0,0.0,23.13906533889674,4.212644031318591,6.0,23.0,46.0,GEO,2007,Georgia,Upper middle income,Europe & Central Asia,3135124263.0,5857076837.0,-0.0438587001271688,-0.002988634476877,-1.1994106024636977,0.0906637327353774,-0.0319855610200891,0.0323170198910245,0.782314312108445
1.0,0.0,23.162963212892528,4.209606126083082,6.0,23.0,47.0,GEO,2008,Georgia,Upper middle income,Europe & Central Asia,3616332795.0,7425650258.0,-0.047914396085072,-0.0026974042101889,-1.1220596458196064,0.0895225929362281,-0.035043633627954,0.0302980141206314,0.8730454739662588
1.0,0.0,23.12577509094359,4.200724275621413,6.0,23.0,48.0,GEO,2009,Georgia,Upper middle income,Europe & Central Asia,3181108264.0,5237873746.0,-0.033950981926096,-0.0033835202679264,-1.1916338627334613,0.0901595879345393,-0.0409326339479196,0.0158007416289381,0.9160513600172188
1.0,0.0,23.186394891717743,4.193429522961886,6.0,23.0,49.0,GEO,2010,Georgia,Upper middle income,Europe & Central Asia,4034702206.0,6114774437.0,-0.0519646385775219,-0.0019531644357346,-0.9946215388143868,0.0950591083374911,-0.0352428496314186,0.0384704415623382,1.0168112294051033
1.0,0.0,23.257784886584943,4.185407882629017,6.0,23.0,50.0,GEO,2011,Georgia,Upper middle income,Europe & Central Asia,5240466055.0,7985635653.0,-0.0629276856261318,-0.0022693807020096,-0.911893640615742,0.0933610251505061,-0.0307871724957847,0.0503116570140273,1.050600325620748
1.0,0.0,23.319528959758667,4.178042227470094,6.0,23.0,51.0,GEO,2012,Georgia,Upper middle income,Europe & Central Asia,6021090344.0,9139072089.0,-0.0642606017613782,-0.0020311237852709,-0.8980377787823427,0.0845231241878847,-0.0305993364181772,0.051482597248745,1.0591590178868673
1.0,0.0,23.35510173251605,4.175032505993739,7.0,23.0,52.0,GEO,2013,Georgia,Upper middle income,Europe & Central Asia,7171991824.0,9262010761.0,-0.0645983318994751,-0.0020464583672195,-0.8899714750989043,0.0846965729113925,-0.03078115350159,0.0544207829305342,1.0642942218654443
0.0,1.0,23.398466968595027,4.175502045072064,7.0,23.0,53.0,GEO,2014,Georgia,Upper middle income,Europe & Central Asia,7039423515.0,10019433223.0,0.0069626649765851,0.0018603924961222,-0.8506492928281041,0.0953709760295835,-0.0329200886190978,0.055405297317569,0.94511928205285
0.0,1.0,23.428241353179228,4.177076859090354,7.0,23.0,54.0,GEO,2015,Georgia,Upper middle income,Europe & Central Asia,6110413018.0,8659152477.0,0.0075371993889168,0.0017754058925673,-0.8380970477552402,0.0955934056988115,-0.0325028143096675,0.0558890605590561,0.9363649901567732
0.0,1.0,23.456891381307855,4.1776750251465495,7.0,23.0,55.0,GEO,2016,Georgia,Upper middle income,Europe & Central Asia,6177710296.0,8483221245.0,0.007630418714929,0.0017423419010964,-0.8291781941695927,0.0960019507068723,-0.0325166015329789,0.0580120612879779,0.9360466251208266
0.0,1.0,23.504181403901097,4.177808885793535,7.0,23.0,56.0,GEO,2017,Georgia,Upper middle income,Europe & Central Asia,7557302010.0,9341534670.0,0.0088232457812107,0.0013137162103827,-0.7725695584288821,0.1009713968115442,-0.0317732894070789,0.0649132806380912,0.9336613829167332
0.0,1.0,23.55147444683409,4.177418520394841,7.0,23.0,57.0,GEO,2018,Georgia,Upper middle income,Europe & Central Asia,8896766542.0,10768774512.0,0.0088740928563128,0.0008947831626333,-0.7402039329835182,0.1025410786006403,-0.0312886843657177,0.0686234331583345,0.9469193260450798
0.0,0.0,22.79273337319284,3.4493116295151043,1.0,24.0,0.0,GHA,1961,Ghana,Lower middle income,Sub-Saharan Africa,340376194.6,474845802.3,0.0033340115510554,-0.0046398816808872,-1.1216136322271495,0.0616732466869328,-0.0371029924841684,-0.0322338116968412,-1.708384385687396
0.0,0.0,22.833003137889023,3.473410381012303,-3.0,24.0,1.0,GHA,1962,Ghana,Lower middle income,Sub-Saharan Africa,334773294.2,393603747.6,0.0032173506319249,-0.0046266283791969,-1.1135963442495953,0.0570245049441534,-0.0226886694125468,-0.0326308516513445,-1.73514040289375
0.0,0.0,22.876119849894934,3.4972921971957036,-3.0,24.0,2.0,GHA,1963,Ghana,Lower middle income,Sub-Saharan Africa,326368943.8,423018974.3,0.0037370007510894,-0.0050829656462811,-1.073072359062096,0.0528245507601494,-0.0233144909960021,-0.0327371529698537,-1.7079830561372873
0.0,0.0,22.897972604579255,3.5210960308662145,-9.0,24.0,3.0,GHA,1964,Ghana,Lower middle income,Sub-Saharan Africa,344578369.8,413213898.8,0.0039285294937191,-0.0044229185863413,-0.96041445760833,0.0543614508191705,0.1258639900747943,-0.0419600682083037,-1.6455518997168692
0.0,0.0,22.911569731937234,3.5450877916243977,-9.0,24.0,4.0,GHA,1965,Ghana,Lower middle income,Sub-Saharan Africa,351581995.2,549084231.6,0.004122368639273,-0.0045288594255425,-0.953405266657724,0.0523136309411891,0.1281632564995223,-0.039676000253805,-1.637383037509421
0.0,0.0,22.86805358677808,3.5691427804740026,-4.0,24.0,5.0,GHA,1966,Ghana,Lower middle income,Sub-Saharan Africa,310960967.9,417416074.0,0.0036279516155803,-0.0050238472327054,-1.1060391033033392,0.0422574882627154,-0.0270536300101547,-0.0368750237138224,-1.686807252262703
0.0,0.0,22.898343811340666,3.593295032183677,-4.0,24.0,6.0,GHA,1967,Ghana,Lower middle income,Sub-Saharan Africa,304363805.2,348508173.9,0.0031697119729206,-0.0047998166477577,-1.1008836694972248,0.0394646862748738,-0.0286500824803821,-0.036006838403501,-1.667171283676619
0.0,0.0,22.902025628330836,3.617635899059252,-4.0,24.0,7.0,GHA,1968,Ghana,Lower middle income,Sub-Saharan Africa,339265113.6,347109393.7,0.0034993873628507,-0.0047655743321081,-1.1003394341064503,0.0383156681426972,-0.0294578382891747,-0.034603117365718,-1.6586732322976785
0.0,0.0,22.9603527891552,3.6426462437750438,-4.0,24.0,8.0,GHA,1969,Ghana,Lower middle income,Sub-Saharan Africa,387311329.1,399077749.2,0.0042843173052411,-0.0044695286668563,-1.0471378457181797,0.0400310277104186,-0.0331062675345497,-0.0268980623671463,-1.6350559360743036
0.0,0.0,23.0531459182898,3.6693766477269754,4.0,24.0,9.0,GHA,1970,Ghana,Lower middle income,Sub-Saharan Africa,472617875.0,503014460.3,0.0047862755882419,-0.0058241036747162,-1.0267738589507165,0.0328730891619857,-0.0475785386042553,-0.0227951895973962,-1.5540388427502287
0.0,0.0,23.103992296163227,3.6970493819303907,4.0,24.0,10.0,GHA,1971,Ghana,Lower middle income,Sub-Saharan Africa,380936311.8,489222776.1,0.0173486680766914,-0.0052067748542893,-0.9563040533443397,0.0034012555751946,-0.0541138465809325,-0.0127433300755373,-1.5298972521594196
0.0,0.0,23.078801091405364,3.7251931384986507,-7.0,24.0,11.0,GHA,1972,Ghana,Lower middle income,Sub-Saharan Africa,437466068.3,321158623.0,0.0186038428223818,-0.0059860120006676,-0.9539573357357448,0.001507988086135,0.0539466340827581,-0.0316064657862758,-1.343003666430701
0.0,0.0,23.107238723534035,3.754060890334183,-7.0,24.0,12.0,GHA,1973,Ghana,Lower middle income,Sub-Saharan Africa,644981958.2,492968900.1,0.0268625291544805,-0.0054732955080507,-1.003148625400756,-0.0171560492428059,0.0325884677281416,-0.0231679905634133,-1.129516573986913
0.0,0.0,23.173518073885035,3.7830666235781307,-7.0,24.0,13.0,GHA,1974,Ghana,Lower middle income,Sub-Saharan Africa,530434782.6,631055900.6,0.0478523410873406,-0.0009156200673246,-0.8449743741770065,-0.0471022441475462,0.0012059955263146,-0.016551183762903,-0.9242349913335048
0.0,0.0,23.04076775878489,3.8120203529746832,-7.0,24.0,14.0,GHA,1975,Ghana,Lower middle income,Sub-Saharan Africa,544148936.2,518085106.4,0.0355639534711243,-0.00576245841996,-1.2150422773128011,-0.0074787976793497,-0.0239717460775024,-0.0574232440985448,-0.9187220908532064
0.0,0.0,23.004827756949336,3.840803212190546,-7.0,24.0,15.0,GHA,1976,Ghana,Lower middle income,Sub-Saharan Africa,434322033.9,443644067.8,0.0316467847706166,-0.0049406681489064,-1.3045389906722906,-0.005301439759343,-0.0224357454728342,-0.0589414092908727,-0.8710027877298837
0.0,0.0,23.02731410577642,3.8702805111279313,-7.0,24.0,16.0,GHA,1977,Ghana,Lower middle income,Sub-Saharan Africa,334857142.9,368285714.3,0.0321614520125089,-0.0060562885400816,-1.322319227759307,-0.0239374963542853,-0.027481567067403,-0.0590161144517949,-0.8362366521482646
0.0,0.0,23.10867227644982,3.900659573295492,-5.0,24.0,17.0,GHA,1978,Ghana,Lower middle income,Sub-Saharan Africa,306108202.4,354799301.9,0.0407509085026036,-0.0050629079700335,-1.1387971079949444,-0.0411987763313288,-0.0376169264821166,-0.0458950965137152,-0.7646897018399484
0.0,0.0,23.08320121144485,3.9311976640246207,5.0,24.0,18.0,GHA,1979,Ghana,Lower middle income,Sub-Saharan Africa,451566951.6,448717948.7,0.0381023158628561,-0.0042439132723813,-1.326061700287002,-0.0477979579493392,-0.0436944314257173,-0.0516752392120513,-0.7027824032697196
0.0,0.0,23.08790708088878,3.9604446054956965,5.0,24.0,19.0,GHA,1980,Ghana,Lower middle income,Sub-Saharan Africa,376348547.7,406950207.5,0.0381380349320774,-0.0039668630445369,-1.3841211137550078,-0.0603438116230025,-0.0457759586975336,-0.0519539698383767,-0.6589950990688754
0.0,0.0,23.052248120911283,3.9885405586083973,5.0,24.0,20.0,GHA,1981,Ghana,Lower middle income,Sub-Saharan Africa,200813953.5,224767441.9,0.0240054022335234,-0.0053297497137172,-1.4740829234422377,-0.0571399831347425,-0.046111271409248,-0.0570546198031799,-0.6264146463635968
0.0,0.0,22.980498054589425,4.017597711005673,-7.0,24.0,21.0,GHA,1982,Ghana,Lower middle income,Sub-Saharan Africa,134733893.6,120354808.6,0.0125353709871406,-0.0056948698994753,-1.5681671940202109,-0.0589135449564815,-0.0357279509537808,-0.0633550709841237,-0.6577118170290466
0.0,0.0,22.933786484805875,4.047671036567053,-7.0,24.0,22.0,GHA,1983,Ghana,Lower middle income,Sub-Saharan Africa,225418871.3,242989418.0,0.011939401831113,-0.0046569974702678,-1.6044037539437912,-0.0551382255256503,-0.0332972573416911,-0.0622988677096435,-0.6433682183267366
0.0,0.0,23.01672563489263,4.073486750574672,-7.0,24.0,23.0,GHA,1984,Ghana,Lower middle income,Sub-Saharan Africa,354924983.7,475228310.5,0.0127788774925222,-0.006041324866105,-1.55977424598738,-0.0541322254188638,-0.0348345415460883,-0.0583536802116587,-0.632829825679994
0.0,0.0,23.06638796405535,4.09499105270209,-7.0,24.0,24.0,GHA,1985,Ghana,Lower middle income,Sub-Saharan Africa,479910714.3,612106092.4,0.0137883902429504,-0.0063654826151773,-1.4576522667794645,-0.0454218789120988,-0.0372604598223717,-0.0529202420397095,-0.6226341351759099
0.0,0.0,23.117073100025955,4.1169989699778,-7.0,24.0,25.0,GHA,1986,Ghana,Lower middle income,Sub-Saharan Africa,950751458.1,1154912517.0,0.0179648683453429,-0.0015889510817098,-1.2398324951795705,-0.020977566511453,-0.0278393465115873,-0.041926374540162,-0.5365848475716155
0.0,0.0,23.16390800995026,4.13992680062225,-7.0,24.0,26.0,GHA,1987,Ghana,Lower middle income,Sub-Saharan Africa,997843537.4,1328870748.0,0.0282614863237788,0.0013648617640152,-1.0178953252697007,0.012175836436828,-0.0248370245383606,-0.0242302510008974,-0.411754072260607
0.0,0.0,23.21866290925307,4.163952286648238,-7.0,24.0,27.0,GHA,1988,Ghana,Lower middle income,Sub-Saharan Africa,945129549.1,1250692247.0,0.0320218572991798,0.0022319811395595,-0.9582237136030748,0.0105789373341081,-0.0272487335491435,-0.0144144682319991,-0.3701151056381245
0.0,0.0,23.26827057442667,4.188933529894255,-7.0,24.0,28.0,GHA,1989,Ghana,Lower middle income,Sub-Saharan Africa,879299610.9,1278473226.0,0.0401755527096173,0.002805576243685,-0.8298918328599808,0.0102848089635345,-0.0148578333185133,-0.006907674057346,-0.2919534192862323
0.0,0.0,23.301016698385475,4.214449148400896,-7.0,24.0,29.0,GHA,1990,Ghana,Lower middle income,Sub-Saharan Africa,993956953.6,1522350993.0,0.0413036719575584,0.002860275207387,-0.8443664780003005,0.0111912379583637,-0.0115383534268419,-0.0075820417940513,-0.2765275173807878
0.0,0.0,23.352487327831884,4.2396474662360815,-4.0,24.0,30.0,GHA,1991,Ghana,Lower middle income,Sub-Saharan Africa,1120134374.0,1685450045.0,0.0442184723470553,0.002898250469325,-0.8539225711253396,0.0102395549267182,-0.0220635432417276,-0.004640646118612,-0.2528966879115044
0.0,0.0,23.390547936451117,4.2645051603386035,-1.0,24.0,31.0,GHA,1992,Ghana,Lower middle income,Sub-Saharan Africa,1105235207.0,1845761703.0,0.0471536355203293,0.0029498994790843,-0.8749119436633948,0.0114822989538342,-0.0168189022400389,-0.004619495156722,-0.2129166329819755
0.0,0.0,23.437908513054175,4.289200342240595,-1.0,24.0,32.0,GHA,1993,Ghana,Lower middle income,Sub-Saharan Africa,1208940821.0,2173595289.0,0.0527052221942154,0.0033866861462864,-0.8623248511273249,0.0163529232202199,-0.016577317242014,-0.0015886090461147,-0.149109160854971
0.0,0.0,23.47037570066986,4.313241907416274,-1.0,24.0,33.0,GHA,1994,Ghana,Lower middle income,Sub-Saharan Africa,1375682237.0,2002227733.0,0.0528729092492942,0.0036953277859599,-0.8676355254972259,0.0203140873825893,-0.0162789683628343,-0.0006571385579795,-0.1200110609900853
0.0,0.0,23.510676781668295,4.336842942285031,-1.0,24.0,34.0,GHA,1995,Ghana,Lower middle income,Sub-Saharan Africa,1583544040.0,2128504595.0,0.0538124402896445,0.0031823334089827,-0.782021044858724,0.0329549597778406,-0.0163015559782136,0.0061269425278066,-0.0256373952114637
0.0,0.0,23.555673676259005,4.360199491966144,2.0,24.0,35.0,GHA,1996,Ghana,Lower middle income,Sub-Saharan Africa,2226334937.0,2779627875.0,0.0413275309274941,0.0025012435229432,-0.7624901300526457,0.0489843540485293,-0.0111974209726159,0.011155562417739,0.0255454405872704
0.0,0.0,23.596780661613135,4.383989087677727,2.0,24.0,36.0,GHA,1997,Ghana,Lower middle income,Sub-Saharan Africa,2233536788.0,3651882361.0,0.0305832707463358,0.00087987775563,-0.7780813411680018,0.0696499531058834,-0.015361117704886,0.0160467901492019,0.0989775319664837
0.0,0.0,23.642713325893276,4.408312764867235,2.0,24.0,37.0,GHA,1998,Ghana,Lower middle income,Sub-Saharan Africa,2534277965.0,3496235606.0,0.027513796462994,-0.0004062384505575,-0.7169129094305564,0.0693838995094719,-0.0202467581971595,0.0188715360703322,0.1378364544825615
0.0,0.0,23.685772784959866,4.432724845696944,2.0,24.0,38.0,GHA,1999,Ghana,Lower middle income,Sub-Saharan Africa,2475841481.0,3830248310.0,0.0263546495339284,-0.0012002135018969,-0.686000633278723,0.0643195248097442,-0.022701491562646,0.0186781269034894,0.1558344982830656
0.0,0.0,23.72210471500378,4.457849204038552,2.0,24.0,39.0,GHA,2000,Ghana,Lower middle income,Sub-Saharan Africa,2431743617.0,3350776354.0,0.0205680170902674,-0.0014767443000475,-0.7015956791437404,0.073093918576356,-0.0253876340136013,0.0251822456279896,0.1901674518068521
0.0,0.0,23.761325429355256,4.484480258424838,6.0,24.0,40.0,GHA,2001,Ghana,Lower middle income,Sub-Saharan Africa,2404077313.0,3444719917.0,0.0180868479726648,-0.0124998745529978,-0.3827637870082614,0.0096601995290277,-0.0405826180080723,0.0183098610649244,0.3313333496804049
0.0,0.0,23.805342310585342,4.511981635485789,6.0,24.0,41.0,GHA,2002,Ghana,Lower middle income,Sub-Saharan Africa,2627802407.0,3383577207.0,0.0177057553190921,-0.0147530346876292,-0.339192219046284,-0.0132542607649177,-0.0452060665749776,0.0162453217215663,0.3680639597657819
0.0,0.0,23.856035426144594,4.538981597784996,6.0,24.0,42.0,GHA,2003,Ghana,Lower middle income,Sub-Saharan Africa,3104918871.0,4320740017.0,0.0108058021798134,-0.0170970303373735,-0.3071658479602467,-0.0202473726745787,-0.0465525653770105,0.0189069560035256,0.436512375742794
0.0,0.0,23.910523611336846,4.565467239995242,8.0,24.0,43.0,GHA,2004,Ghana,Lower middle income,Sub-Saharan Africa,3490692555.0,5361446367.0,0.0098336393345323,-0.0277211111531784,-0.3283871273461592,-0.0233374480840294,-0.0237254956728297,0.0204216202719561,0.5347066967285597
0.0,0.0,23.967848714028538,4.591694812292294,8.0,24.0,44.0,GHA,2005,Ghana,Lower middle income,Sub-Saharan Africa,3916311040.0,6631794425.0,0.0096038664827764,-0.0265512082255011,-0.2837943555698474,-0.0212906887909385,-0.0238964804400022,0.0260947639107589,0.6710651349799577
0.0,0.0,24.029883283550635,4.617691535670736,8.0,24.0,45.0,GHA,2006,Ghana,Lower middle income,Sub-Saharan Africa,5149454654.0,8325374082.0,0.0093945733122224,-0.0198268086620644,-0.1857243376935876,-0.0153471434342914,-0.0226920088756456,0.0415086207735914,0.7845178728741392
0.0,0.0,24.072433247678312,4.643465824276145,8.0,24.0,46.0,GHA,2007,Ghana,Lower middle income,Sub-Saharan Africa,6088927418.0,10136811817.0,0.0092933317090326,-0.0198731238752241,-0.1646979912124922,-0.0064139431642831,-0.0215695536317194,0.0442559541118387,0.8695364722396871
0.0,0.0,24.15998430262349,4.6688436227355385,8.0,24.0,47.0,GHA,2008,Ghana,Lower middle income,Sub-Saharan Africa,7178293982.0,12757957188.0,0.0091477103529074,-0.0191604909340852,-0.1478187320877799,-0.0130504460151573,-0.0203326774031384,0.0449885748609821,0.905268824909666
0.0,0.0,24.2072922932153,4.69379647189344,8.0,24.0,48.0,GHA,2009,Ghana,Lower middle income,Sub-Saharan Africa,7630156153.0,11019356825.0,0.0088441004798133,-0.0195191827537109,-0.0660220856603572,-0.05901957456701,-0.0187859790646423,0.0429646076187739,0.8901696109848353
0.0,0.0,24.28332430980856,4.7181266145161365,8.0,24.0,49.0,GHA,2010,Ghana,Lower middle income,Sub-Saharan Africa,9490812129.0,14779077374.0,0.0090481253943156,-0.0196814029339356,-0.0307370031715061,-0.0760553121035726,-0.0180368571378138,0.0417028523705593,0.8972321969271667
0.0,0.0,24.414765851540388,4.742176329417662,8.0,24.0,50.0,GHA,2011,Ghana,Lower middle income,Sub-Saharan Africa,14529631106.0,19416125146.0,0.007893053359927,-0.0276311172037835,-0.0429552789047705,-0.0871417236842147,-0.0179047621776777,0.0297410454865197,0.9982158339159362
0.0,0.0,24.503626087900628,4.766375420115841,8.0,24.0,51.0,GHA,2012,Ghana,Lower middle income,Sub-Saharan Africa,16656935875.0,21795097067.0,0.0070431880253472,-0.0228282154189637,0.0442590556785362,-0.0855894861333549,-0.015341245339464,0.0162215619379783,0.961128063070115
0.0,0.0,24.57420127367975,4.790468212863424,8.0,24.0,52.0,GHA,2013,Ghana,Lower middle income,Sub-Saharan Africa,15988443998.0,22196190510.0,0.0004890546562624,-0.0075300537784379,0.341376057071982,-0.0718988364765582,-0.0037725885535109,-0.0509177127972243,0.8299900629991264
0.0,0.0,24.602363374415514,4.814118068283756,8.0,24.0,53.0,GHA,2014,Ghana,Lower middle income,Sub-Saharan Africa,15436790167.0,19468106209.0,-0.0027938097468741,-0.0028777108845219,0.4103743073275506,-0.0857113829818635,-0.0029605409628543,-0.0654865700303744,0.8004670928822156
0.0,0.0,24.623349216532098,4.837189341933187,8.0,24.0,54.0,GHA,2015,Ghana,Lower middle income,Sub-Saharan Africa,16725314358.0,21104358074.0,-0.0030375799606052,-0.0027523528555669,0.4134796406482896,-0.0932825154229946,-0.0035075409790686,-0.0651352761983554,0.798971523370466
0.0,0.0,24.656527342174982,4.8599514621345525,8.0,24.0,55.0,GHA,2016,Ghana,Lower middle income,Sub-Saharan Africa,17513188147.0,20595796191.0,-0.0038762550960404,-0.0023317386475701,0.4228573154858376,-0.099663942016621,-0.0026388028789285,-0.0643681183046128,0.8023547872877449
0.0,0.0,24.734681142812022,4.881905041721063,8.0,24.0,56.0,GHA,2017,Ghana,Lower middle income,Sub-Saharan Africa,20456689540.0,22144229691.0,-0.0043181892437736,-0.002474455195862,0.4606892454111307,-0.1004412572865296,-0.0044371902981285,-0.0756454855606813,0.793007412241558
1.0,0.0,24.794835797091093,4.902656755144906,8.0,24.0,57.0,GHA,2018,Ghana,Lower middle income,Sub-Saharan Africa,22501546549.0,23206913262.0,-0.0108371022398491,-0.0024982267696155,0.5194305868943394,-0.1048578227322344,-0.0091682221986452,-0.0786749160146536,0.8181231969094597
0.0,0.0,24.582924065080483,4.176717905085036,4.0,27.0,0.0,GRC,1961,Greece,High income,Europe & Central Asia,462193280.9,662633781.0,0.0100159673346582,0.0013552256521145,0.2085372138581015,-0.0048643074278946,-0.0371029420032017,-0.0491881637925965,-2.3081981126195936
0.0,0.0,24.586565532262345,4.1826756761146475,4.0,27.0,1.0,GRC,1962,Greece,High income,Europe & Central Asia,427584440.7,727671595.0,0.0064564390775655,0.0019187669399585,0.2377944041109029,0.0015495645461664,-0.0393670068124184,-0.0545993273437397,-2.322715392619377
0.0,0.0,24.69850814736027,4.186384596226327,4.0,27.0,2.0,GRC,1963,Greece,High income,Europe & Central Asia,525311536.6,851556931.5,0.0045930915146465,0.002219726687107,0.258763318017887,0.0061587549846592,-0.0413608955897483,-0.0597386069286784,-2.3243735391230915
0.0,0.0,24.788437299344228,4.1900107216884495,4.0,27.0,3.0,GRC,1964,Greece,High income,Europe & Central Asia,500981987.6,1054609848.0,0.0041072950349185,0.0019283741569385,0.2972734846786338,0.0052196457960672,-0.0429412520600323,-0.0624539290534982,-2.3484069609236844
0.0,0.0,24.89070513214732,4.194688598611445,4.0,27.0,4.0,GRC,1965,Greece,High income,Europe & Central Asia,577923334.5,1237694816.0,0.0041754414726145,0.0021462984256071,0.3599489454079844,0.0042990789953103,-0.0462356778183757,-0.0597919325665987,-2.3566228697761384
0.0,0.0,24.953628308812405,4.202066639447052,4.0,27.0,5.0,GRC,1966,Greece,High income,Europe & Central Asia,788927084.1,1269316414.0,0.0037128177825454,0.002089572070184,0.4470220732158117,0.012675175046735,-0.0404469574061385,-0.0550394700128314,-2.3314169110130547
0.0,0.0,25.008774284029528,4.210210754648517,-7.0,27.0,6.0,GRC,1967,Greece,High income,Europe & Central Asia,819571866.2,1335955753.0,0.003288580386079,0.0020299002152945,0.4854332070981216,0.0103038123447684,0.0153942848981769,-0.0512099118431576,-2.2770040889367102
0.0,0.0,25.07833503731132,4.21671608354737,-7.0,27.0,7.0,GRC,1968,Greece,High income,Europe & Central Asia,791766667.3,1493529905.0,0.0018602146281845,0.0021236465568877,0.5426260957853691,0.0077434200866519,0.0172745814519981,-0.0467373440371989,-2.2859001321038757
0.0,0.0,25.187760286347057,4.220370291130086,-7.0,27.0,8.0,GRC,1969,Greece,High income,Europe & Central Asia,878078638.7,1713711188.0,0.0019298885015842,0.00149617319147,0.603140801441329,0.0028676152483007,0.0172823248223313,-0.0445704403646062,-2.243443717274075
0.0,0.0,25.26994145219083,4.222652256183304,-7.0,27.0,9.0,GRC,1970,Greece,High income,Europe & Central Asia,1017465909.0,1892363636.0,0.0025144898287184,0.0005120288307904,0.7645767452654515,-0.0149317923758198,-0.0073928901178558,-0.0534786159211687,-2.0590349299780253
0.0,0.0,25.345430790310363,4.226990704044397,-7.0,27.0,10.0,GRC,1971,Greece,High income,Europe & Central Asia,1169159091.0,2092545455.0,0.0033463885542118,0.0005355153301324,0.9575832338802104,-0.0362000505130343,-0.0203594135669923,-0.0446835751780875,-1.9529162860626152
0.0,0.0,25.442193187859573,4.233491075984552,-7.0,27.0,11.0,GRC,1972,Greece,High income,Europe & Central Asia,1514340909.0,2585238636.0,0.0032162807356935,-0.0002813163594967,1.058370948255877,-0.0748410150689122,-0.0271637028541866,-0.0329979156878434,-1.814130911472996
0.0,0.0,25.520014600991132,4.238032407132702,-7.0,27.0,12.0,GRC,1973,Greece,High income,Europe & Central Asia,2554695052.0,4246950518.0,0.0023445332028598,0.0032166919781305,1.1400080617759225,-0.0632667262897697,-0.0247347117509497,-0.0186948355884867,-1.3921955437805482
0.0,1.0,25.453463862617788,4.241714240221522,1.0,27.0,13.0,GRC,1974,Greece,High income,Europe & Central Asia,3540079545.0,5097863636.0,0.0028228865153379,-0.0147299054723301,1.122856274499401,-0.0340634507770037,-0.0417969922586277,-0.0134075109250757,-1.1580923919480364
0.0,1.0,25.515189411305773,4.251100843804591,8.0,27.0,14.0,GRC,1975,Greece,High income,Europe & Central Asia,3962624867.0,5714686504.0,0.0030858520883941,-0.0142435218781783,1.1411825657953674,-0.0196465430657241,-0.0653238823018491,-0.0124228620244847,-1.1083159164204333
0.0,1.0,25.58145677239884,4.266632979423227,8.0,27.0,15.0,GRC,1976,Greece,High income,Europe & Central Asia,4299095149.0,6137434701.0,0.0040894064831996,-0.0238728728308881,1.189865034079029,-0.0164963050233189,-0.0808121212207866,-0.0091799440370326,-1.0044442303941017
0.0,1.0,25.61044453111543,4.279644074252555,8.0,27.0,16.0,GRC,1977,Greece,High income,Europe & Central Asia,4968001850.0,7076234968.0,0.0045486833682728,-0.0373008939880206,1.225454278283608,-0.01392667158913,-0.0769220057885991,-0.0052132528670278,-0.901213653915369
0.0,1.0,25.68040892960198,4.292610117880227,8.0,27.0,17.0,GRC,1978,Greece,High income,Europe & Central Asia,5937115028.0,8158051948.0,0.0051726053108279,-0.0408721226142876,1.2642818068111528,-0.0133839825362726,-0.0801150048220601,-0.0088639811128008,-0.8360518975039503
0.0,0.0,25.712704732899,4.305077098521571,8.0,27.0,18.0,GRC,1979,Greece,High income,Europe & Central Asia,8120634775.0,10490505980.0,0.0066678626532069,0.0303037303532955,1.4114647214860534,-0.021933335700857,-0.0686734207562084,-0.0249330840119838,-0.6016856696586178
0.0,0.0,25.719450555929868,4.314899298644859,8.0,27.0,19.0,GRC,1980,Greece,High income,Europe & Central Asia,10787426059.0,13578081535.0,0.0070333395527774,0.0300127353128178,1.3965218989589174,-0.0217176412175795,-0.0498913269731741,-0.0353793952596271,-0.50977317088737
0.0,0.0,25.70379237760568,4.323865459369017,8.0,27.0,20.0,GRC,1981,Greece,High income,Europe & Central Asia,10998456335.0,12749102091.0,0.0069952103869019,0.0220096310850342,1.367735353298034,-0.0162822271668262,-0.0464293698828133,-0.0539688299986264,-0.4699435512618829
0.0,0.0,25.692398349283803,4.330030079767138,8.0,27.0,21.0,GRC,1982,Greece,High income,Europe & Central Asia,9232897959.0,12729729592.0,0.0069567914413682,0.0173090589547311,1.2914890634582266,-0.0114766446666181,-0.0450082697122754,-0.0451418978673222,-0.5038951585565667
0.0,0.0,25.681554650670456,4.335847329026463,8.0,27.0,22.0,GRC,1983,Greece,High income,Europe & Central Asia,7999818111.0,11546946594.0,0.0066069090291496,0.0180093448385769,1.2576777752238983,-0.0103598015884028,-0.0442349736149432,-0.0359805581917866,-0.5205475177455111
0.0,0.0,25.70146058055033,4.34082889483061,8.0,27.0,23.0,GRC,1984,Greece,High income,Europe & Central Asia,7925024184.0,10944470979.0,0.0069716877571944,0.018398221430479,1.342103742347224,-0.0162992878796319,-0.0422314836478317,-0.0559214881139003,-0.4506983083461311
0.0,0.0,25.726251950511053,4.344711784619193,8.0,27.0,24.0,GRC,1985,Greece,High income,Europe & Central Asia,7578756477.0,10969930915.0,0.008790524590618,0.0168855268231039,1.4194590101784204,-0.0178909147461428,-0.0422148199604825,-0.0752998994641805,-0.3885797677269519
0.0,0.0,25.731411367485425,4.3480193753423775,10.0,27.0,25.0,GRC,1986,Greece,High income,Europe & Central Asia,9799520448.0,13308325219.0,0.0059577503859383,0.0169963438315192,1.4441125713036145,-0.0233721115712715,0.0977226740825026,-0.0796128766105155,-0.4412828711968168
0.0,0.0,25.708562810027473,4.351362960282085,10.0,27.0,26.0,GRC,1987,Greece,High income,Europe & Central Asia,11688341721.0,15023311525.0,0.0051582279602887,0.0190286927979081,1.3397674790174907,-0.0194497001339338,0.1049873546363436,-0.0617780487097581,-0.4518533520641998
0.0,0.0,25.75054845881544,4.354994940106738,10.0,27.0,27.0,GRC,1988,Greece,High income,Europe & Central Asia,12221486908.0,16804861878.0,0.0052942444499721,0.0166359638870616,1.4044015281704387,-0.0194491589038463,0.0991153846314445,-0.0801516098892953,-0.3619633199486647
0.0,0.0,25.78784623959433,4.360213449983563,10.0,27.0,28.0,GRC,1989,Greece,High income,Europe & Central Asia,12400650441.0,18598323542.0,0.0054912429003477,0.0171442894858517,1.406763682980357,-0.0185559740377658,0.1033525077133472,-0.0809860001041305,-0.3266177954798459
0.0,0.0,25.78784623959433,4.370791530087278,10.0,27.0,29.0,GRC,1990,Greece,High income,Europe & Central Asia,14210855546.0,23470174119.0,0.0061246883355804,0.0173479680668785,1.4099961029744057,-0.0144964952138747,0.1112016278136615,-0.0837303497388467,-0.2837636330373371
0.0,0.0,25.818377074312753,4.382795055363068,10.0,27.0,30.0,GRC,1991,Greece,High income,Europe & Central Asia,14665696392.0,24257674332.0,0.0045736795396044,0.0178619727276317,1.4448424000048732,-0.0181603531152757,0.1154019097627067,-0.0837667615849281,-0.2469604176807013
0.0,0.0,25.825349317487095,4.390433882641246,10.0,27.0,31.0,GRC,1992,Greece,High income,Europe & Central Asia,16986794780.0,26320284233.0,0.0044076221696721,0.0147973384959703,1.4445731069182628,-0.0181398756030248,0.126380166254454,-0.0857953033800344,-0.1777159144395661
0.0,0.0,25.809218847351243,4.396316501822403,10.0,27.0,32.0,GRC,1993,Greece,High income,Europe & Central Asia,15014692331.0,23647201249.0,0.0039033366915105,0.0148770400691655,1.4186750390705,-0.0207826827236764,0.1291830447135606,-0.0868606343312889,-0.1284105453355333
0.0,0.0,25.829023414407683,4.40132353619567,10.0,27.0,33.0,GRC,1994,Greece,High income,Europe & Central Asia,16545700843.0,23950542135.0,0.0015937653285555,0.0144604631448133,1.4376194797228086,-0.0239894945727238,0.1284137128698415,-0.0871208904825048,-0.0828204696189328
0.0,0.0,25.849803881551843,4.405995509087486,10.0,27.0,34.0,GRC,1995,Greece,High income,Europe & Central Asia,19395600824.0,29364836005.0,-0.0026069282234518,0.0124602361455368,1.508282122156237,-0.0150236495299721,0.1393716320560203,-0.0811390753133631,0.031757220526342
0.0,0.0,25.87802456277299,4.4104022143681005,10.0,27.0,35.0,GRC,1996,Greece,High income,Europe & Central Asia,20396997452.0,32073925538.0,-0.0045103082417343,0.0097803587750598,1.507548351248695,-0.0165029923923245,0.1476162326370781,-0.0704749738558267,0.0853871137194558
0.0,0.0,25.9218899319625,4.415334885831613,10.0,27.0,36.0,GRC,1997,Greece,High income,Europe & Central Asia,22716461999.0,32010861101.0,-0.0082942575589968,0.0077568336441422,1.4970648214809068,-0.0107756977754771,0.1445180670138223,-0.0687678009739274,0.141114951529801
0.0,0.0,25.96009602228059,4.420877004859633,10.0,27.0,37.0,GRC,1998,Greece,High income,Europe & Central Asia,23016451055.0,36304887582.0,-0.0089469438276261,0.006155972145407,1.5363977005175298,-0.006556248156627,0.1435616285807611,-0.0686073402807481,0.1607500629709211
0.0,0.0,25.990360818265735,4.424711717965921,10.0,27.0,38.0,GRC,1999,Greece,High income,Europe & Central Asia,26625314615.0,39439145913.0,-0.0130751005499738,0.0047955311545195,1.5721099910229497,-0.0047628740589962,0.1519665548982264,-0.0536685847750907,0.2199258218076453
0.0,0.0,26.028812012582367,4.4288021363682955,10.0,27.0,39.0,GRC,2000,Greece,High income,Europe & Central Asia,30196597914.0,44143578731.0,-0.0176778798999004,0.0037645426529967,1.5794795006291846,-0.0043170031968307,0.1611862126205979,-0.0490995343010194,0.2697213919038012
0.0,0.0,26.069296597678907,4.434000981092839,10.0,27.0,40.0,GRC,2001,Greece,High income,Europe & Central Asia,30582572464.0,44498203088.0,-0.0251038387819555,0.0035564395041802,1.5989485885218246,-0.0065803933125169,0.1803061749298414,-0.0490544899382314,0.3186769425675153
0.0,0.0,26.107774661108703,4.4376666456985125,10.0,27.0,41.0,GRC,2002,Greece,High income,Europe & Central Asia,30626385965.0,44580655233.0,-0.0267206342614774,0.0031568210408841,1.6050475138998188,-0.0042492789447656,0.1853646781311531,-0.0492358534589575,0.3498929686057237
0.0,0.0,26.16410221123477,4.4400530774385265,10.0,27.0,42.0,GRC,2003,Greece,High income,Europe & Central Asia,37167664772.0,57150848327.0,-0.0286712862186494,0.0017239662270113,1.6093670937122813,-0.0005500317994748,0.2006153561012933,-0.0480213378043467,0.430044335781785
0.0,0.0,26.213475481145018,4.4425272127972155,10.0,27.0,43.0,GRC,2004,Greece,High income,Europe & Central Asia,48427679624.0,68651660463.0,-0.0336204535715282,6.59751961783343e-05,1.6359416511004774,-3.0889867065339105e-05,0.2017467911666234,-0.041806219322591,0.574693807286369
0.0,0.0,26.21944586921965,4.445459703578908,10.0,27.0,44.0,GRC,2005,Greece,High income,Europe & Central Asia,50868190128.0,71151157412.0,-0.0372822902765608,-0.0002056117180436,1.6568889192374592,-0.0037113338629705,0.2032988735755748,-0.0377245255282419,0.7123318668230978
0.0,0.0,26.27443311897794,4.448463021536938,10.0,27.0,45.0,GRC,2006,Greece,High income,Europe & Central Asia,55899928858.0,81609358172.0,-0.0358297754541654,-0.0005758114376648,1.6644623640532277,-0.0040443713157111,0.2061519035037427,-0.0347227123399342,0.7763872951232027
0.0,0.0,26.306645597583255,4.451010597404483,10.0,27.0,46.0,GRC,2007,Greece,High income,Europe & Central Asia,68338676372.0,102996000000.0,-0.0349961917777026,-0.0006403095842066,1.6781146498284971,-0.0021292711254803,0.2053544979122063,-0.0341753730224233,0.8638985026514209
0.0,0.0,26.303286186764232,4.453665175755232,10.0,27.0,47.0,GRC,2008,Greece,High income,Europe & Central Asia,80002280548.0,120507000000.0,-0.0345117711327683,0.000264863535135,1.6753837689552018,-0.0009042007550163,0.1901218467665509,-0.0354237827207511,0.9228473817394848
0.0,0.0,26.259327641184154,4.456295439830782,10.0,27.0,48.0,GRC,2009,Greece,High income,Europe & Central Asia,61214696316.0,90361949970.0,-0.0348189366481702,0.0003193611148989,1.655658043431704,-0.0006858244576878,0.1894571735803794,-0.0340289640274036,0.9411376997199312
0.0,0.0,26.20298767322592,4.457584244122339,10.0,27.0,49.0,GRC,2010,Greece,High income,Europe & Central Asia,64408084270.0,86535244649.0,-0.0349532203472735,0.0003554198895461,1.6370476069862707,-0.0002293671605326,0.1891033909038116,-0.0335402163773698,0.966148785454732
0.0,0.0,26.095966851931685,4.456104731292048,10.0,27.0,50.0,GRC,2011,Greece,High income,Europe & Central Asia,71678227685.0,87759343351.0,-0.0341704168078603,0.0004473425831904,1.6249838742413112,0.0013706980082969,0.1886730715265778,-0.0325543238214489,0.9816560409350154
0.0,0.0,26.022462816521454,4.450697201826371,10.0,27.0,51.0,GRC,2012,Greece,High income,Europe & Central Asia,69182299553.0,79840747061.0,-0.0230436450218671,0.0004644507765386,1.6155139667935043,0.0011512797604429,0.1852619615067053,-0.0314514462929798,0.9887373048272842
1.0,0.0,25.996983086626216,4.443445993779431,10.0,27.0,52.0,GRC,2013,Greece,High income,Europe & Central Asia,71740892359.0,77182468214.0,0.0546001586691433,0.0039228713279829,1.6936800786256472,-0.0145277541113795,0.2360210039665664,-0.0450193070067353,1.0421002039909515
1.0,0.0,26.001727374783098,4.436784860908384,10.0,27.0,53.0,GRC,2014,Greece,High income,Europe & Central Asia,76056457342.0,79339278432.0,0.05975376388374,0.0038462404049339,1.7033398535572757,-0.014878651989918,0.2408097150550637,-0.0456742350400335,1.0438632985815706
1.0,1.0,25.99976695021355,4.430196247293403,10.0,27.0,54.0,GRC,2015,Greece,High income,Europe & Central Asia,62624153982.0,64373172350.0,0.0469704711823877,-0.0109752270217718,1.6682576208759752,-0.0179591445644046,0.2389439869359254,-0.0460059933654386,1.0505813973152494
1.0,1.0,25.994879820659897,4.426037116960108,10.0,27.0,55.0,GRC,2016,Greece,High income,Europe & Central Asia,60206483726.0,62714485982.0,0.0405902043848981,-0.0111477767075216,1.6547499386405708,-0.0173987069487017,0.2313046614203026,-0.0449785340595916,1.048922766794302
1.0,1.0,26.005743413775033,4.424059284734888,10.0,27.0,56.0,GRC,2017,Greece,High income,Europe & Central Asia,69691264259.0,72343865240.0,0.0589373689363354,-0.0110972502098083,1.6842308159271684,-0.0165541031394116,0.2492383531853153,-0.0456278558214385,1.0592166304534985
1.0,1.0,26.022287955098687,4.42203048232324,10.0,27.0,57.0,GRC,2018,Greece,High income,Europe & Central Asia,82399082670.0,86614659222.0,0.0588697118902368,-0.0110999723275621,1.6839931574207976,-0.0171511165397641,0.2491909039843149,-0.0453192328069295,1.0611894544528888
0.0,0.0,22.801132252265784,3.6652258743794235,-5.0,28.0,0.0,GTM,1961,Guatemala,Upper middle income,Latin America & Caribbean,128700000.0,145300000.0,0.0043698388957405,-0.0050494508573165,-1.1750471751465212,0.0331651112468167,-0.061236832888843,-0.0506292434754158,-1.776593008655014
0.0,0.0,22.835886286028273,3.6948442719150023,-5.0,28.0,1.0,GTM,1962,Guatemala,Upper middle income,Latin America & Caribbean,134800000.0,153500000.0,0.0050934817558674,-0.0050692812946541,-1.1825543481475094,0.0152053749641861,-0.0661732370976888,-0.0537991063433821,-1.7813404412306475
0.0,0.0,22.927015409458427,3.7241460685257275,-5.0,28.0,2.0,GTM,1963,Guatemala,Upper middle income,Latin America & Caribbean,180400000.0,201200000.0,0.0150757786043087,-0.0054399996677352,-1.1136966980127316,0.0017371228913806,-0.059515102373626,-0.0513529998440421,-1.7421797164245283
0.0,0.0,22.97230414054979,3.7531880792962076,-5.0,28.0,3.0,GTM,1964,Guatemala,Upper middle income,Latin America & Caribbean,199900000.0,235000000.0,0.0160173908447981,-0.0067227201870111,-1.0619562894184589,0.0022448117775123,-0.0611426946694791,-0.0399552303434351,-1.7350659023521935
0.0,0.0,23.01499736865847,3.7820505684298773,-5.0,28.0,4.0,GTM,1965,Guatemala,Upper middle income,Latin America & Caribbean,223500000.0,261100000.0,0.0171244985018372,-0.0074443001124233,-1.058771065537593,0.0009827441302897,-0.0615560299514924,-0.040496944548533,-1.7189672935588292
0.0,0.0,23.068652858744585,3.8105448693499224,3.0,28.0,5.0,GTM,1966,Guatemala,Upper middle income,Latin America & Caribbean,263400000.0,266100000.0,0.0188413343687693,-0.0077199912259847,-0.9594783187214302,-0.0003231628461525,-0.0465391345635822,-0.032735705688355,-1.7139841051954676
0.0,0.0,23.108951602316527,3.8386335852694793,3.0,28.0,6.0,GTM,1967,Guatemala,Upper middle income,Latin America & Caribbean,235600000.0,283600000.0,0.019478699091472,-0.0067989165689565,-0.9016206618283684,-0.0106572666355948,-0.0499643241550794,-0.0204787910809358,-1.7337393458198935
0.0,0.0,23.192980524198855,3.866217660031821,3.0,28.0,7.0,GTM,1968,Guatemala,Upper middle income,Latin America & Caribbean,269500000.0,296600000.0,0.024165759536153,-0.0022122309804195,-0.7787497518925148,-0.0186853814272601,-0.0501678496884714,-0.0032337671632586,-1.8139482749116849
0.0,0.0,23.239261915674522,3.8930081639512175,3.0,28.0,8.0,GTM,1969,Guatemala,Upper middle income,Latin America & Caribbean,305400000.0,299000000.0,0.0255643560901015,-0.0019813778764639,-0.7348153747988833,-0.017861209108682,-0.0522501787976415,0.0009960118010465,-1.8448150397651668
0.0,0.0,23.29477120442524,3.919269178190763,1.0,28.0,9.0,GTM,1970,Guatemala,Upper middle income,Latin America & Caribbean,353600000.0,338500000.0,0.0255613717305213,-0.0020524470596171,-0.7597521999593299,-0.0224726870354129,-0.0512118732225915,0.0012471189515034,-1.7666575665295678
0.0,0.0,23.349105538310805,3.9451297596359827,1.0,28.0,10.0,GTM,1971,Guatemala,Upper middle income,Latin America & Caribbean,343100000.0,371100000.0,0.0253333582361928,-0.001989685995785,-0.7664867655765504,-0.0270416220096098,-0.0540446884513041,0.0024728049720658,-1.7130913190737274
0.0,0.0,23.419871984553048,3.9708821102951513,1.0,28.0,11.0,GTM,1972,Guatemala,Upper middle income,Latin America & Caribbean,397300000.0,389500000.0,0.025015418311384,-0.0016815920217525,-0.7572882206454091,-0.0296126888136575,-0.0523780042029051,0.003862942530771,-1.6188364463168683
0.0,0.0,23.48549898502242,3.996728955328456,1.0,28.0,12.0,GTM,1973,Guatemala,Upper middle income,Latin America & Caribbean,536500000.0,519100000.0,0.0271210188623463,-0.0005942678558696,-0.7259318761434107,-0.0173448010287269,-0.0349133504468247,0.0075825494136421,-1.2660307162433253
0.0,0.0,23.547299667002626,4.022052949437221,-3.0,28.0,13.0,GTM,1974,Guatemala,Upper middle income,Latin America & Caribbean,708400000.0,811400000.0,0.038887836996587,0.0002936493977478,-0.579944059701006,-0.0021161565419056,-0.0143402555135419,0.0077457571631267,-0.9140067260230104
0.0,0.0,23.566611888060585,4.046419948156079,-3.0,28.0,14.0,GTM,1975,Guatemala,Upper middle income,Latin America & Caribbean,792000000.0,858000000.0,0.0435610885165883,0.0004936857275845,-0.528010297220986,-0.0043699243426376,-0.0142543762404419,0.0063547799408536,-0.8059577474290207
0.0,0.0,23.637883307479637,4.0679963712678635,-3.0,28.0,15.0,GTM,1976,Guatemala,Upper middle income,Latin America & Caribbean,941700000.0,1204100000.0,0.0478751344365373,0.0007193326025078,-0.4876488458611503,-0.0012704803057518,-0.0144248459386328,0.010187252400589,-0.7412952348924902
0.0,0.0,23.713076311407626,4.089966915459943,-3.0,28.0,16.0,GTM,1977,Guatemala,Upper middle income,Latin America & Caribbean,1340300000.0,1439000100.0,0.0517521556330478,0.0024571389085603,-0.4253314752972713,-0.0003663459715839,-0.0159087972435713,0.0120273395264278,-0.6471348898556227
0.0,0.0,23.76183494955348,4.114656651387207,-5.0,28.0,17.0,GTM,1978,Guatemala,Upper middle income,Latin America & Caribbean,1303700000.0,1655000100.0,0.0560991834552952,0.0012749582451571,-0.2893215564691531,-0.0150800798356946,-0.022556125558534,0.0079830591716013,-0.6897060172274952
0.0,0.0,23.8078923936591,4.139679984048169,-5.0,28.0,18.0,GTM,1979,Guatemala,Upper middle income,Latin America & Caribbean,1473600000.0,1784400000.0,0.0611340429496437,0.0030920783997464,-0.3165386749609491,-0.0198768890032481,-0.0227737229449106,0.0069193515879189,-0.6147813334226258
0.0,0.0,23.844802537185092,4.1649843700978195,-5.0,28.0,19.0,GTM,1980,Guatemala,Upper middle income,Latin America & Caribbean,1748000000.0,1963300000.0,0.0639493720912261,0.0034660115684603,-0.2901104971910619,-0.0179215326750727,-0.0240269795123943,0.0055359713352627,-0.5251909112820919
0.0,0.0,23.85125029177035,4.190091263706669,-5.0,28.0,20.0,GTM,1981,Guatemala,Upper middle income,Latin America & Caribbean,1471000100.0,2031500000.0,0.0632138665680623,0.002436711405065,-0.3099821689026826,-0.0163214480050957,-0.0235394260788856,0.0018988689881199,-0.4900270026045935
0.0,0.0,23.815311262296483,4.213086727396307,-7.0,28.0,21.0,GTM,1982,Guatemala,Upper middle income,Latin America & Caribbean,1288999900.0,1628999900.0,0.0566553741543719,0.0010590646093512,-0.3847766474793095,-0.0146761907649224,-0.0090420789216042,0.0024414462879672,-0.5421257249377024
0.0,0.0,23.789253781407105,4.237563042287783,-7.0,28.0,22.0,GTM,1983,Guatemala,Upper middle income,Latin America & Caribbean,1176000000.0,1316999900.0,0.0551400516623152,0.001104195290056,-0.4051816911059362,-0.0122693818562153,-0.0096939017294435,0.001346556245011,-0.5346192953056857
0.0,0.0,23.79420846419754,4.265609459648785,-6.0,28.0,23.0,GTM,1984,Guatemala,Upper middle income,Latin America & Caribbean,1231300000.0,1434800000.0,0.0565109936015998,0.0016142158212455,-0.4015905726067952,-0.013421555075265,-0.0128842886871975,0.001627225382116,-0.5252459715893744
0.0,0.0,23.788096434153744,4.293906657049947,-1.0,28.0,24.0,GTM,1985,Guatemala,Upper middle income,Latin America & Caribbean,1161565304.0,1262260870.0,0.0561144813555045,0.0016402702126453,-0.43572353650318,-0.0114559934532124,-0.024397775040869,0.0023759354018677,-0.494697951966197
0.0,0.0,23.789525907952218,4.321687074481334,3.0,28.0,25.0,GTM,1986,Guatemala,Upper middle income,Latin America & Caribbean,1160867534.0,1055296758.0,0.0538190276804963,0.0015561227078731,-0.4320836235355739,-0.0112586972184614,-0.0246477168842084,0.0013277722242129,-0.4827643351155884
0.0,0.0,23.824352203862606,4.34926416537678,3.0,28.0,26.0,GTM,1987,Guatemala,Upper middle income,Latin America & Caribbean,1122800040.0,1579400000.0,0.0580812314303903,-0.0029954736749336,-0.4959696473437701,-0.0129358212016848,-0.0254319058480356,0.0024169674805433,-0.4844925147215387
0.0,0.0,23.862537641533688,4.377267638217557,3.0,28.0,27.0,GTM,1988,Guatemala,Upper middle income,Latin America & Caribbean,1262786260.0,1720152710.0,0.056041400213093,0.0026442819690614,-0.3778796093778803,-0.0140869753578184,-0.0257307824449308,0.0033409313955178,-0.3841230787149075
0.0,0.0,23.901206178438073,4.405401223931031,3.0,28.0,28.0,GTM,1989,Guatemala,Upper middle income,Latin America & Caribbean,1455681818.0,1890234375.0,0.0583813055149762,0.0027230936048821,-0.3804159665833119,-0.0132855043856475,-0.0259593638638579,0.0036631792845911,-0.3615923177853247
0.0,0.0,23.9317602442101,4.433405585874032,3.0,28.0,29.0,GTM,1990,Guatemala,Upper middle income,Latin America & Caribbean,1608646744.0,1900459187.0,0.0634275540337717,0.0036124126475321,-0.3804106310676783,-0.022930296028428,-0.0236493971725759,0.0026583415901437,-0.3461344512349594
0.0,0.0,23.967689476654296,4.460494323694933,3.0,28.0,30.0,GTM,1991,Guatemala,Upper middle income,Latin America & Caribbean,1688646379.0,2028682331.0,0.0687578972546369,0.0112232442164518,-0.3754572264358588,-0.0312426481509573,-0.0192370505600039,0.0026789221835949,-0.3367084171889616
0.0,0.0,24.014938824361245,4.48706507994761,3.0,28.0,31.0,GTM,1992,Guatemala,Upper middle income,Latin America & Caribbean,1886230498.0,2849942850.0,0.0732816405419382,0.0112149501953624,-0.3440961496440355,-0.0336507175048833,-0.0137901542198055,0.0022518253152732,-0.289552691052961
0.0,0.0,24.053458637561576,4.513747280463545,3.0,28.0,32.0,GTM,1993,Guatemala,Upper middle income,Latin America & Caribbean,2018148609.0,2972656775.0,0.0734520287717725,0.0177890773629682,-0.3454739400529941,-0.0318272345448754,-0.011662327470054,0.0015829509827155,-0.2250452852692073
0.0,0.0,24.09300373558549,4.54037959873786,3.0,28.0,33.0,GTM,1994,Guatemala,Upper middle income,Latin America & Caribbean,2274655329.0,3226456526.0,0.0738092752782819,0.023153352829774,-0.3362335112040452,-0.0378863091245894,-0.0108146830078744,0.0003866301439931,-0.2046774349036068
0.0,0.0,24.14130375585875,4.566837081817381,3.0,28.0,34.0,GTM,1995,Guatemala,Upper middle income,Latin America & Caribbean,2822490793.0,3726925963.0,0.0646173938035478,0.0199287366185593,-0.3394933268407144,-0.0401168001937842,-0.0123932591117436,0.0028953221409181,-0.1258142573747396
0.0,0.0,24.17045257006613,4.592730875573576,8.0,28.0,35.0,GTM,1996,Guatemala,Upper middle income,Latin America & Caribbean,2791706610.0,3539822367.0,0.0512799890933405,0.007596796714606,-0.267012106997319,-0.0339431326199763,0.0049931976200618,0.0079499302098553,-0.0300306206620071
0.0,0.0,24.21316803431279,4.6183117136115435,8.0,28.0,36.0,GTM,1997,Guatemala,Upper middle income,Latin America & Caribbean,3194396326.0,4197706681.0,0.0380497824363626,0.0011716561574547,-0.1876700181264385,-0.0249529798302077,0.0008864177085147,0.0145079894873163,0.1071236167341109
0.0,0.0,24.261896556612417,4.643897715046087,8.0,28.0,37.0,GTM,1998,Guatemala,Upper middle income,Latin America & Caribbean,3524472507.0,5091730420.0,0.0342320074188252,-0.0002652484092775,-0.1586740969703264,-0.0233499426528922,0.0020350998195333,0.0158621967347991,0.1328637148030845
0.0,0.0,24.29964563155647,4.669058036735589,8.0,28.0,38.0,GTM,1999,Guatemala,Upper middle income,Latin America & Caribbean,3481400349.0,5011108418.0,0.0310081851219394,-0.0042521822250437,-0.1257469331743118,-0.0266989266762549,-0.0039392285479403,0.0184348472042288,0.1708862274466224
0.0,0.0,24.335098377110256,4.692815242743616,8.0,28.0,39.0,GTM,2000,Guatemala,Upper middle income,Latin America & Caribbean,3895405852.0,5584251720.0,0.0211871290080304,-0.0156151161348289,-0.033126761201225,-0.0613397552088386,-0.0089443309121231,0.0229164229339319,0.2663880201960822
0.0,0.0,24.35815623830011,4.715787465719281,8.0,28.0,40.0,GTM,2001,Guatemala,Upper middle income,Latin America & Caribbean,5275589193.0,7731202010.0,0.0185196204067149,-0.0102496744947133,-0.0266885783815182,-0.0754293754588302,-0.008744447928968,0.02462651842108,0.3115719500820836
0.0,0.0,24.39583043972171,4.738706302851455,8.0,28.0,41.0,GTM,2002,Guatemala,Upper middle income,Latin America & Caribbean,5463975082.0,8255070816.0,0.0176504726514406,-0.0051270548905044,0.024512134811655,-0.0865006804106867,-0.010499285495627,0.0239231254840513,0.3314204863665458
0.0,0.0,24.42111192931091,4.761226104551973,8.0,28.0,42.0,GTM,2003,Guatemala,Upper middle income,Latin America & Caribbean,5648926180.0,8807734237.0,0.0096737648948383,-0.0100825627538442,0.0154223563100235,-0.0864557863327086,-0.0128558426745846,0.0260433446210215,0.4582693809067678
0.0,0.0,24.45200883430889,4.783455519012259,8.0,28.0,43.0,GTM,2004,Guatemala,Upper middle income,Latin America & Caribbean,6464755963.0,10090013800.0,0.0118974713176073,-0.0069887785755532,0.0316684799740287,-0.0847486775812398,-0.0135589994667984,0.0242666432406127,0.5991938397701859
0.0,0.0,24.484243925156488,4.805099666909512,8.0,28.0,44.0,GTM,2005,Guatemala,Upper middle income,Latin America & Caribbean,6817685367.0,11154959730.0,0.0112390867048029,-0.0112287391033946,0.0592409544105526,-0.1014274369048524,-0.011634364009437,0.0209855394296075,0.7149317968975064
0.0,0.0,24.536375147351045,4.826255555097676,8.0,28.0,45.0,GTM,2006,Guatemala,Upper middle income,Latin America & Caribbean,7537142602.0,12662747620.0,0.003611464590262,-0.0215195934142956,-0.3762047415954524,-0.1240500371050821,-0.0062410897005296,0.0152092596905828,1.1927195210577028
0.0,0.0,24.597825016243856,4.847321195201743,8.0,28.0,46.0,GTM,2007,Guatemala,Upper middle income,Latin America & Caribbean,8721101393.0,14441173646.0,-0.0031834736752097,-0.0035004626137141,0.4266902204507753,-0.0890842590798652,-0.0024981943535215,-0.0554183391457028,0.7282092055243217
0.0,0.0,24.63022951322535,4.867848381943167,8.0,28.0,47.0,GTM,2008,Guatemala,Upper middle income,Latin America & Caribbean,9673807862.0,15422428184.0,-0.0033152478696385,-0.0028227682012088,0.4112023705757714,-0.0962010310404964,-0.0020203413992696,-0.0559502043730077,0.7640982158375992
0.0,0.0,24.634987158732624,4.887772961624444,8.0,28.0,48.0,GTM,2009,Guatemala,Upper middle income,Latin America & Caribbean,9046835389.0,12501436111.0,-0.0033109413149584,-0.0027677297842994,0.4035615833896395,-0.0979285581307555,-0.0017397852980148,-0.0558995649973298,0.7730759896654698
0.0,0.0,24.66342081782349,4.907588607618015,8.0,28.0,49.0,GTM,2010,Guatemala,Upper middle income,Latin America & Caribbean,10667621567.0,15009546896.0,-0.0038754474100764,-0.0022320339492421,0.4033442868022906,-0.100438419909708,-0.0009035994755119,-0.0561197594783011,0.7903975001507068
0.0,0.0,24.704216318069918,4.9275272462866715,8.0,28.0,50.0,GTM,2011,Guatemala,Upper middle income,Latin America & Caribbean,12688259461.0,17803200265.0,-0.0040100286737413,-0.0021578241644978,0.4062330039759171,-0.1008590169808981,-0.0031842409813237,-0.0610872353279477,0.7968782732738151
0.0,0.0,24.733529542279978,4.947441114082648,8.0,28.0,51.0,GTM,2012,Guatemala,Upper middle income,Latin America & Caribbean,12530944106.0,18197166630.0,-0.0045190245151205,-0.0025285079644717,0.4314464027727934,-0.1087150258321529,-0.0048380172118059,-0.0685279612787587,0.7853562716450577
0.0,0.0,24.76981151077037,4.966977132843607,8.0,28.0,52.0,GTM,2013,Guatemala,Upper middle income,Latin America & Caribbean,11658240732.0,18382912018.0,-0.0045096142681398,-0.0025212464103802,0.4490212224808688,-0.1117194066716315,-0.0082051289557567,-0.0751776421259575,0.7832754777295516
0.0,0.0,24.813292152748534,4.985928256135172,8.0,28.0,53.0,GTM,2014,Guatemala,Upper middle income,Latin America & Caribbean,12579582121.0,19287280906.0,-0.0044907549019461,-0.0023959179298112,0.4670006909165674,-0.1122832147706053,-0.0092327451174172,-0.0749114932727093,0.7753145842379912
0.0,0.0,24.853398731256256,5.004253332633445,8.0,28.0,54.0,GTM,2015,Guatemala,Upper middle income,Latin America & Caribbean,12331439231.0,18695335890.0,-0.0043131298659603,-0.0017841239102486,0.5160022248897412,-0.1167348272410238,-0.0144678049443738,-0.0690271909952635,0.7745402524383348
0.0,0.0,24.879824500136543,5.022678938709198,8.0,28.0,55.0,GTM,2016,Guatemala,Upper middle income,Latin America & Caribbean,12387053735.0,18243717862.0,-0.0043186968091323,-0.0018152446036582,0.5382367304666181,-0.1169251859876411,-0.0156402037054301,-0.0679226262838023,0.7740300945974364
0.0,0.0,24.91015825921753,5.040866547861489,8.0,28.0,56.0,GTM,2017,Guatemala,Upper middle income,Latin America & Caribbean,13252394991.0,19758074271.0,-0.0042860063292031,-0.0017016427704343,0.5648113322377742,-0.1198367662124235,-0.0158211862116014,-0.0661338026169981,0.779821725937642
0.0,0.0,24.9436595069809,5.057526775002109,8.0,28.0,57.0,GTM,2018,Guatemala,Upper middle income,Latin America & Caribbean,13323267943.0,21149627997.0,-0.0043114170974216,-0.0017509023850297,0.6249575792960956,-0.124763931937453,-0.019390457061749,-0.0556803830935974,0.8008932010577817
0.0,0.0,21.808894190627058,3.1528786245886375,-7.0,25.0,25.0,GIN,1986,Guinea,Lower middle income,Sub-Saharan Africa,620341457.6,560097159.3,0.0034532888779598,0.0037516041686138,-2.587987131171781,0.0910031590959224,-0.0324111902359862,0.0535497998786923,-0.1661577424226506
0.0,0.0,21.841360788655702,3.1785485125558575,-7.0,25.0,26.0,GIN,1987,Guinea,Lower middle income,Sub-Saharan Africa,645766103.6,626828734.9,0.0035149594418271,0.0035542904525031,-2.483797933260306,0.0926313692184818,-0.0345950475348835,0.086433160710356,-0.0153852732975274
0.0,0.0,21.902532241724437,3.204706896415753,-7.0,25.0,27.0,GIN,1988,Guinea,Lower middle income,Sub-Saharan Africa,640721931.7,740909324.6,0.0034153968154953,0.0036636724450149,-2.441719245421482,0.1009571807532864,-0.026794009113319,0.0844836158105349,0.0357668526909854
0.0,0.0,21.941786377250654,3.230658810037577,-7.0,25.0,28.0,GIN,1989,Guinea,Lower middle income,Sub-Saharan Africa,756205480.4,724403471.6,0.0036608297725935,0.0035574163981607,-2.4556310833314563,0.1070813754789215,-0.0278083493689011,0.0843572737228886,0.0463745444560503
0.0,0.0,21.984118233895273,3.265217158431312,-7.0,25.0,29.0,GIN,1990,Guinea,Lower middle income,Sub-Saharan Africa,828699105.2,891809028.0,0.0040736674641138,0.0042746435207636,-2.4218480749208284,0.122158985740744,-0.0262825362850398,0.0839131014338041,0.0803136533242523
0.0,0.0,22.009916800720813,3.3052470546740027,-5.0,25.0,30.0,GIN,1991,Guinea,Lower middle income,Sub-Saharan Africa,914493654.1,922173162.5,0.0047706357596821,0.0046707309050749,-2.3675416538245173,0.1310013895947228,-0.0104341534623617,0.08665378213184,0.0919798437478007
0.0,0.0,22.0421027054068,3.3371638789368716,-5.0,25.0,31.0,GIN,1992,Guinea,Lower middle income,Sub-Saharan Africa,817036636.5,856408259.4,0.0049354333674604,0.0043713398893849,-2.3891540342992243,0.1238559012733721,-0.008531081027743,0.0806673532404558,0.1358033567144782
0.0,0.0,22.091313205407875,3.367618124250994,-5.0,25.0,32.0,GIN,1993,Guinea,Lower middle income,Sub-Saharan Africa,869566348.3,920896381.8,0.0048261343214749,0.0055111965707644,-2.3177700115163695,0.0953586111193014,-0.0106550023596279,0.0663834750836987,0.2228560370077158
0.0,0.0,22.13024636850169,3.3975969799876533,-5.0,25.0,33.0,GIN,1994,Guinea,Lower middle income,Sub-Saharan Africa,769732341.4,874952721.3,0.0047003164472299,0.0058972213525947,-2.2936791747704777,0.0871017339692936,-0.0135812766026633,0.0560566252136509,0.2434754155432612
0.0,0.0,22.17529308901957,3.425540404372617,-1.0,25.0,34.0,GIN,1995,Guinea,Lower middle income,Sub-Saharan Africa,780067626.7,905896319.3,0.0039706158504023,0.0042958367400506,-2.260867104620601,0.0785891344287861,-0.0020606590865078,0.0400953439388266,0.2786090224740997
0.0,0.0,22.218942204355255,3.453837271516259,-1.0,25.0,35.0,GIN,1996,Guinea,Lower middle income,Sub-Saharan Africa,742652391.1,941903159.6,0.0032077802427758,0.0036389892439851,-2.245216247807567,0.0762807756291849,-0.0050105828722362,0.0406205902972429,0.2846730992579249
0.0,0.0,22.269460431345156,3.4743883850046404,-1.0,25.0,36.0,GIN,1997,Guinea,Lower middle income,Sub-Saharan Africa,740132957.3,864726230.8,0.0025623196087296,0.001897144098536,-2.252264500972517,0.0695580891268538,-0.0065307574228382,0.0331488593839531,0.3223229856661984
0.0,0.0,22.305253365276485,3.4932007320490785,-1.0,25.0,37.0,GIN,1998,Guinea,Lower middle income,Sub-Saharan Africa,763846910.0,966133229.7,0.0024007173060963,0.0015500322229663,-2.243003679817495,0.0665195361837779,-0.0055474140776971,0.0290880480561443,0.3266755746521965
0.0,0.0,22.34266478908723,3.5156072159478744,-1.0,25.0,38.0,GIN,1999,Guinea,Lower middle income,Sub-Saharan Africa,749004850.2,901094018.6,0.0017538748817974,0.000767946667304,-2.218248830537096,0.0635582598480924,-0.0084680483878181,0.0282603355387346,0.3224719400622481
0.0,0.0,22.367387260366307,3.5352208122578057,-1.0,25.0,39.0,GIN,2000,Guinea,Lower middle income,Sub-Saharan Africa,734578556.2,867392056.8,0.0013907069936154,0.000423629387021,-2.2268411503462326,0.0605896705920777,-0.0084598373965141,0.0239877992904047,0.3421915351806981
0.0,0.0,22.403317435464206,3.5483189266170436,-1.0,25.0,40.0,GIN,2001,Guinea,Lower middle income,Sub-Saharan Africa,808614946.1,849347059.6,0.0010438529100049,4.872076508970167e-05,-2.161967091175742,0.0495474027249846,-0.0144547513209962,-0.0089662202005277,0.4049804541536185
0.0,0.0,22.453674081362664,3.5639002569908587,-1.0,25.0,41.0,GIN,2002,Guinea,Lower middle income,Sub-Saharan Africa,781148029.8,854685093.5,0.0010178748086425,-0.0002702071343438,-2.154537460753202,0.047510794309219,-0.0154588972248833,-0.0159574117449819,0.4347010993477457
0.0,0.0,22.46608278654953,3.5863254448635185,-1.0,25.0,42.0,GIN,2003,Guinea,Lower middle income,Sub-Saharan Africa,894584048.7,868000000.0,0.0006976324130513,-0.0009233255116002,-2.163679077846784,0.0424042959908419,-0.0175814260501293,-0.0139303942573333,0.4928089455322232
0.0,0.0,22.48921435028795,3.6077325604680492,-1.0,25.0,43.0,GIN,2004,Guinea,Lower middle income,Sub-Saharan Africa,895267037.4,938538723.1,0.0003262397537762,-0.0009473031985,-2.1750290291012773,0.0342593883788908,-0.0225921330510124,-0.0135452656107822,0.6049944953456016
0.0,0.0,22.51874667212826,3.627736755837815,-1.0,25.0,44.0,GIN,2005,Guinea,Lower middle income,Sub-Saharan Africa,1021679587.0,1031237398.0,0.0003910115688896,-0.0015196802322361,-2.1617042225732277,0.0338690819156105,-0.0218854701145289,-0.0129710717727554,0.688987243829872
0.0,0.0,22.530572491744934,3.6486426216862777,-1.0,25.0,45.0,GIN,2006,Guinea,Lower middle income,Sub-Saharan Africa,1005390516.0,1922724849.0,0.0004145448385978,-0.0017073442544077,-2.149998656911132,0.0283620742324347,-0.025553840261767,-0.0106006758856896,0.7596307164776116
0.0,0.0,22.596523806129554,3.6717923515208697,-1.0,25.0,46.0,GIN,2007,Guinea,Lower middle income,Sub-Saharan Africa,1479451796.0,2988313290.0,0.0005877158383359,-0.0022765608965754,-1.9574663756402837,0.0342354513344636,-0.0262928344133062,-0.0039630583724925,0.914403049973026
0.0,0.0,22.63702270358675,3.6959832118242786,-1.0,25.0,47.0,GIN,2008,Guinea,Lower middle income,Sub-Saharan Africa,1507080731.0,2962825500.0,0.0035942817065522,-0.0028435650653098,-1.7374527843408096,0.0366608800609637,-0.0364415135779896,-0.0146015602528132,0.9563222533661028
1.0,0.0,22.625732791278686,3.720399060876551,-1.0,25.0,48.0,GIN,2009,Guinea,Lower middle income,Sub-Saharan Africa,1512364188.0,3177066476.0,-0.0371420146025367,-0.0025489640449023,-1.7889252910158882,0.0047449219233386,-0.0379614361077904,-0.0140713665187129,1.0283749410020502
1.0,0.0,22.67274385159291,3.7449919917715695,1.0,25.0,49.0,GIN,2010,Guinea,Lower middle income,Sub-Saharan Africa,2079424655.0,2961065627.0,-0.0396198806509578,-0.0028078120326093,-1.699956406764142,0.0158630265896942,-0.0310340129532697,-0.0118349813239158,1.066425750364102
1.0,0.0,22.72734672515634,3.76976172702316,1.0,25.0,50.0,GIN,2011,Guinea,Lower middle income,Sub-Saharan Africa,2212106803.0,3620035711.0,-0.0484754862996676,-0.0031211630364932,-1.5770977637030863,0.0208409628071329,-0.0344204640698961,-0.013916235242255,1.067607236506069
1.0,0.0,22.784816127426396,3.7943033427386537,1.0,25.0,51.0,GIN,2012,Guinea,Lower middle income,Sub-Saharan Africa,2531048957.0,4089175128.0,-0.0511899733405153,-0.0033581106466274,-1.5415019600552713,0.0255074945479353,-0.0348905400761535,-0.0145286982131345,1.0634951850334435
1.0,1.0,22.82351446464266,3.818750492589676,4.0,25.0,52.0,GIN,2013,Guinea,Lower middle income,Sub-Saharan Africa,2217341683.0,4519671025.0,-0.0513122360412309,0.0050526873250263,-1.530784886832968,0.0200949994536693,-0.045337188989095,-0.0188782512449908,1.0467984678882185
1.0,0.0,22.859813154323888,3.843552427236588,4.0,25.0,53.0,GIN,2014,Guinea,Lower middle income,Sub-Saharan Africa,2342843829.0,4396562755.0,-0.0511200796331245,-0.0035274987950252,-1.5139277519272754,0.0306152014331752,-0.0438155783055748,-0.0180132093780359,1.0513134412367864
0.0,0.0,22.897358528135985,3.868867554890782,4.0,25.0,54.0,GIN,2015,Guinea,Lower middle income,Sub-Saharan Africa,1890478291.0,4480281599.0,0.0060900046535864,-0.0035934323697272,-1.5032985485849442,0.0574444318815119,-0.0427742606210788,-0.0169577808693143,0.9708954541217588
0.0,0.0,23.000101265129686,3.8945366418328446,4.0,25.0,55.0,GIN,2016,Guinea,Lower middle income,Sub-Saharan Africa,2524762072.0,7088908468.0,0.0064156854910099,-0.0031555062774403,-1.4088811961270622,0.0694108224773241,-0.041152745282485,-0.0103333440409277,0.9761812673208284
0.0,0.0,23.098135053829335,3.920101873711908,4.0,25.0,56.0,GIN,2017,Guinea,Lower middle income,Sub-Saharan Africa,4611027664.0,5842867642.0,0.0072538799430434,-0.0027744692963479,-1.2031517929927324,0.0934704907539287,-0.0407135123055558,0.0080513843882252,1.0009236630799525
0.0,1.0,23.159780255191787,3.9455404310968785,4.0,25.0,57.0,GIN,2018,Guinea,Lower middle income,Sub-Saharan Africa,4767367527.0,5783505600.0,0.009072871879158,0.0030520592212515,-1.0755608799019445,0.0923272040264141,-0.0411980471108428,0.0201048240091463,0.9385701208871914
0.0,0.0,23.15322187091382,5.4751426234040785,0.0,29.0,27.0,HTI,1988,Haiti,Lower middle income,Latin America & Caribbean,426125800.0,848904800.0,0.0263760271910763,-0.0024970994254117,-1.3284482660599315,-0.3671845082915876,-0.0380508607864513,-0.01928699013552,-0.1751712059808977
0.0,0.0,23.12365479737423,5.495693453515634,0.0,29.0,28.0,HTI,1989,Haiti,Lower middle income,Latin America & Caribbean,356133600.0,753772600.0,0.0214157388224309,-0.0053734609150684,-1.5368727161017772,-0.3936577211014621,-0.039394298278916,-0.0304062025279413,-0.2411819060121902
0.0,0.0,23.13398251044921,5.516286596118865,0.0,29.0,29.0,HTI,1990,Haiti,Lower middle income,Latin America & Caribbean,368773800.0,1068364600.0,0.0300660156078461,-0.0034931656996199,-1.433176459564579,-0.3827932120670693,-0.0355789647717125,-0.0234059132353038,-0.1653391586290283
1.0,0.0,23.152613321267747,5.536649770599581,-7.0,29.0,30.0,HTI,1991,Haiti,Lower middle income,Latin America & Caribbean,358174516.7,1024563585.0,-0.2764489252771971,-0.0042240570286136,-1.431790423165079,-0.4958540777293427,-0.0310106767402508,-0.040786784229453,-0.3040894980650688
1.0,0.0,23.0980522417005,5.556622241678351,-7.0,29.0,31.0,HTI,1992,Haiti,Lower middle income,Latin America & Caribbean,170898839.6,563519019.8,-0.1589103659093334,-0.0102804564639063,-1.6634903828643983,-0.4854290745255929,-0.0372781309518051,-0.0488156246107669,-0.3415099573931858
1.0,0.0,23.042261522846026,5.576270801017219,-7.0,29.0,32.0,HTI,1993,Haiti,Lower middle income,Latin America & Caribbean,203703197.6,711988087.3,-0.1357062695061253,-0.0120670336538675,-1.783623010190027,-0.4710007804650122,-0.0389694406419144,-0.0508391122799722,-0.3257241086663544
1.0,0.0,22.914989024684274,5.595538027053998,6.0,29.0,33.0,HTI,1994,Haiti,Lower middle income,Latin America & Caribbean,139173681.4,535669461.7,-0.125213201571314,-0.013422313745674,-1.8939575672728848,-0.4352589725601404,-0.0447046677757197,-0.0536285009000692,-0.2915108618408256
0.0,0.0,23.009368839983075,5.614597738722975,6.0,29.0,34.0,HTI,1995,Haiti,Lower middle income,Latin America & Caribbean,256955764.9,807821954.5,0.0177215744989257,-0.0159037925705462,-1.9160918024789388,-0.4290570296611664,-0.046336212663061,-0.036708089101652,-0.1402892903817624
0.0,0.0,23.049942227533293,5.633591108833173,7.0,29.0,35.0,HTI,1996,Haiti,Lower middle income,Latin America & Caribbean,329352863.4,840148986.7,0.0151267650886789,-0.019446871829247,-1.8697606527206965,-0.4858256521920982,-0.0458189329570178,-0.0288682559176562,-0.0970279689535783
0.0,0.0,23.076630057381834,5.652450730757548,7.0,29.0,36.0,HTI,1997,Haiti,Lower middle income,Latin America & Caribbean,349005072.8,882868456.9,0.012473057798452,-0.018592834174867,-1.8193417169078352,-0.5844901192316982,-0.041259488239407,-0.0181774558390736,-0.017589991488373
0.0,0.0,23.09821384588317,5.671099213666407,7.0,29.0,37.0,HTI,1998,Haiti,Lower middle income,Latin America & Caribbean,368684025.0,991314911.0,0.0114960408913505,-0.0174857510068958,-1.767681607188448,-0.6179859820329927,-0.0385585975651513,-0.0148234678895822,0.0061746996921403
0.0,0.0,23.12495555771314,5.68956676590527,3.0,29.0,38.0,HTI,1999,Haiti,Lower middle income,Latin America & Caribbean,508794534.2,1233630317.0,0.0109023615595956,-0.0157647319730833,-1.6949786083952914,-0.6191405465016995,-0.0238877360212116,-0.0084569185151362,0.0260224142598804
0.0,0.0,23.133618518292977,5.708024914103682,-2.0,29.0,39.0,HTI,2000,Haiti,Lower middle income,Latin America & Caribbean,501340860.3,1348782314.0,0.0084200039390133,-0.0156232046984426,-1.6666220583684737,-0.6636386532401068,-0.0263007842595911,0.0005165432791251,0.0335143279337066
0.0,0.0,23.130185152139266,5.726256384166963,-2.0,29.0,40.0,HTI,2001,Haiti,Lower middle income,Latin America & Caribbean,444869994.3,1300849983.0,0.0085711385412805,-0.0154870674045943,-1.678435471829819,-0.6750330958896169,-0.0259285169862271,-0.0004266089642252,0.0577900561561505
0.0,0.0,23.140648422093786,5.744040130127126,-2.0,29.0,41.0,HTI,2002,Haiti,Lower middle income,Latin America & Caribbean,390002091.2,1157716251.0,0.0084475133616054,-0.0154325325016761,-1.6662734667044237,-0.6836979362549684,-0.0260355817199414,0.0002845207670429,0.0775843627821335
0.0,0.0,23.17486412848127,5.761575691984292,-2.0,29.0,42.0,HTI,2003,Haiti,Lower middle income,Latin America & Caribbean,470293089.0,1416336753.0,0.0070770466494844,-0.0171201324225361,-1.5868930475895895,-0.6718245182959166,-0.0260936063215209,0.0057926004404133,0.1343055635464573
0.0,0.0,23.16159795304201,5.778593591236406,0.0,29.0,43.0,HTI,2004,Haiti,Lower middle income,Latin America & Caribbean,509817233.1,1546552275.0,0.0058007951562656,-0.0159085647806943,-1.6733627565904925,-0.6768523806592548,-0.0264660232030736,0.0060491186910073,0.2319389712078562
0.0,0.0,23.1918572222686,5.795399450850847,3.0,29.0,44.0,HTI,2005,Haiti,Lower middle income,Latin America & Caribbean,605106728.7,1852992471.0,0.0065084388266775,-0.0174114073016941,-1.609940480717853,-0.645602260720689,-0.0223774156037775,0.0087971319933319,0.3338142851388168
0.0,0.0,23.209390124695663,5.812391915934855,5.0,29.0,45.0,HTI,2006,Haiti,Lower middle income,Latin America & Caribbean,689103494.4,2141589441.0,0.0064266878555263,-0.0214321289251722,-1.5611799734404053,-0.5993970201028277,-0.0191700703110685,0.0123110588605619,0.4476057331580201
0.0,0.0,23.255381422770505,5.829254628096843,5.0,29.0,46.0,HTI,2007,Haiti,Lower middle income,Latin America & Caribbean,779237501.8,2384574759.0,0.007566733619003,-0.0260759648037334,-1.5021634824926158,-0.6074393795302785,-0.018181336558529,0.0158962632931334,0.4763968140234231
0.0,0.0,23.281614626663906,5.845915764323012,5.0,29.0,47.0,HTI,2008,Haiti,Lower middle income,Latin America & Caribbean,917202441.2,2853795883.0,0.0070075787054992,-0.0266112530173396,-1.422093322865863,-0.6331040626451573,-0.0208778420579716,0.018179222328396,0.582253302744872
0.0,0.0,23.338848838835833,5.862441017356574,5.0,29.0,48.0,HTI,2009,Haiti,Lower middle income,Latin America & Caribbean,1034002204.0,2804199819.0,0.0070781657577871,-0.0228308689593561,-1.3780190798593168,-0.6314880896814506,-0.0226360312800356,0.0185241194522243,0.6192340437618914
0.0,0.0,23.28067390399225,5.874108284589736,0.0,29.0,49.0,HTI,2010,Haiti,Lower middle income,Latin America & Caribbean,1016377274.0,4287288127.0,0.0071355894996786,-0.0252344802195334,-1.3934455560900787,-0.693405799754889,-0.0229638439999123,0.020920589475602,0.6570499244476822
0.0,1.0,23.33039899810656,5.88542891249752,0.0,29.0,50.0,HTI,2011,Haiti,Lower middle income,Latin America & Caribbean,1311686715.0,4433440000.0,0.0071267418296987,0.0163964979729276,-1.3439672938407257,-0.6424523150937038,-0.0246883482033754,0.0212565122712714,0.7025032103445608
0.0,1.0,23.335410662743925,5.900927798382256,0.0,29.0,51.0,HTI,2012,Haiti,Lower middle income,Latin America & Caribbean,1323609594.0,4195362731.0,0.00712731853564,0.0164884505724892,-1.3425620244055303,-0.6419613132746012,-0.0247489947896683,0.0214756982187537,0.7066122287129416
0.0,1.0,23.37774943385981,5.915967506260276,0.0,29.0,52.0,HTI,2013,Haiti,Lower middle income,Latin America & Caribbean,1567188287.0,4443359383.0,0.007182516302857,0.0146810941797562,-1.2867882558246566,-0.6018290540856768,-0.0243075177154896,0.0228175017224829,0.739276425103481
0.0,1.0,23.394828410255307,5.930618763946555,0.0,29.0,53.0,HTI,2014,Haiti,Lower middle income,Latin America & Caribbean,1662345566.0,4752590723.0,0.0072742745485858,0.0150430967011934,-1.2820917655448794,-0.5994821034064843,-0.02422475374595,0.0229075878775357,0.7420361700418806
0.0,1.0,23.420130679310383,5.944976167448857,0.0,29.0,54.0,HTI,2015,Haiti,Lower middle income,Latin America & Caribbean,1747466805.0,4481319816.0,0.0076833969021256,0.0149556152113475,-1.2694538552228862,-0.597857876752214,-0.0244250277449218,0.0232570003120509,0.7322005418130785
0.0,1.0,23.438093066162896,5.958962439890886,5.0,29.0,55.0,HTI,2016,Haiti,Lower middle income,Latin America & Caribbean,1632313491.0,4193901268.0,0.0076342150359294,0.0151680460491711,-1.2683437645534934,-0.5848420522490082,-0.024443825771367,0.0222800899374869,0.7288630109758155
0.0,1.0,23.462885881967626,5.972578506023289,5.0,29.0,56.0,HTI,2017,Haiti,Lower middle income,Latin America & Caribbean,1660793079.0,4689668692.0,0.0076790312981783,0.0145301860343884,-1.2642467229443042,-0.5858474432879158,-0.0248147396174956,0.0225421186012784,0.7307264169087808
0.0,1.0,23.479426439104465,5.985857602028653,5.0,29.0,57.0,HTI,2018,Haiti,Lower middle income,Latin America & Caribbean,1768471543.0,5635999404.0,0.0081687523316063,0.0145177381211422,-1.2434798489933296,-0.6000129592653232,-0.0244557726994203,0.0242398325368855,0.725856169192237
0.0,1.0,25.675176785889658,5.011948908926379,5.0,31.0,0.0,IND,1961,India,Lower middle income,South Asia,1688401688.0,2337302337.0,0.000975890582904,-0.0035965072384049,1.1975970249538073,-0.0233850803667923,-0.0349404243760801,0.0004267714764152,-2.2290050497898113
0.0,1.0,25.70406715761167,5.0356672013148165,5.0,31.0,1.0,IND,1962,India,Lower middle income,South Asia,1757701758.0,2543102543.0,0.0013453891562101,-0.0042308322371483,1.2308531974863348,-0.0302371645538718,-0.0352008408000282,-0.0002420523195801,-2.256219863185026
0.0,1.0,25.762281245376958,5.059128901916248,5.0,31.0,2.0,IND,1963,India,Lower middle income,South Asia,2072702073.0,2860202860.0,0.002681627275159,-0.0048116808197441,1.29957074165848,-0.0353770654589896,-0.0349519728727384,-0.0014305235070082,-2.217402220989313
0.0,1.0,25.83416266898067,5.082544359664034,5.0,31.0,3.0,IND,1964,India,Lower middle income,South Asia,2104202104.0,3210903211.0,0.0028079324876129,-0.0053748622150073,1.3698113021718024,-0.0381274808930858,-0.0362442207021967,0.0039624174570988,-2.201671646860439
0.0,1.0,25.807448946337825,5.105055911690747,5.0,31.0,4.0,IND,1965,India,Lower middle income,South Asia,1969801970.0,3103803104.0,0.0029928074477906,-0.005315614110405,1.350594876533894,-0.0465909001736322,-0.0330574922769904,0.0025964737199264,-2.181261536244776
0.0,1.0,25.806897533250407,5.126452047070438,5.0,31.0,5.0,IND,1966,India,Lower middle income,South Asia,1888225565.0,3041036962.0,0.0029355951454283,-0.0044547616105214,1.3425843780498643,-0.0466730024428241,-0.0330054260139817,0.0019195080484123,-2.173373120197323
0.0,1.0,25.882246420726133,5.147920074024808,8.0,31.0,6.0,IND,1967,India,Lower middle income,South Asia,2022666667.0,2981333333.0,0.0026209729118365,-0.000345911833737,1.3663612889065395,-0.0412631488923387,-0.0549323517609101,0.0057653861180094,-2.186938659778776
0.0,1.0,25.915566917310567,5.1694045455967235,8.0,31.0,7.0,IND,1968,India,Lower middle income,South Asia,2144000000.0,2624000000.0,0.0027694484261719,1.6129620869961306e-06,1.37464444211625,-0.0408665124775689,-0.0497460726232602,0.0051903309718513,-2.1770581914329337
0.0,1.0,25.978910539207494,5.190536662929865,8.0,31.0,8.0,IND,1969,India,Lower middle income,South Asia,2170666667.0,2356000000.0,0.0030736413517924,0.0011304828838773,1.3896196088728314,-0.0426089954270935,-0.0492497824414521,0.0056971041390321,-2.1719603565163825
0.0,1.0,26.029199128573108,5.21273490108699,8.0,31.0,9.0,IND,1970,India,Lower middle income,South Asia,2361333333.0,2421333333.0,0.0034807750613538,0.0024832128149331,1.3910726753189189,-0.0635135171428668,-0.0370589071712484,-0.0005339449551126,-2.0450924943257833
0.0,1.0,26.04549502354076,5.234896233699586,8.0,31.0,10.0,IND,1971,India,Lower middle income,South Asia,2469914214.0,2695673511.0,0.0028549391862411,0.0029581054400471,1.407597273557951,-0.0801315411050361,-0.0329959661332389,0.0017111429932299,-1.9551895067898708
0.0,1.0,26.0399485238499,5.256846416188984,8.0,31.0,11.0,IND,1972,India,Lower middle income,South Asia,2878233145.0,2650561669.0,0.0020444760208692,0.0030309083250025,1.4117504965004726,-0.0940937349144953,-0.0378352806661655,0.0054153932469822,-1.8300492196082443
0.0,1.0,26.072371370326554,5.279350041239995,8.0,31.0,12.0,IND,1973,India,Lower middle income,South Asia,3599236351.0,4039284329.0,0.0032176353577887,-0.0144616147068865,1.483420393565515,-0.1021797528410121,-0.0952000530629933,0.0150376030539065,-1.404332950496585
1.0,1.0,26.084154165255946,5.302350992031788,8.0,31.0,13.0,IND,1974,India,Lower middle income,South Asia,4808449430.0,5992067751.0,-0.0439009828452025,-0.0240583155664711,1.5735246333676658,-0.1034463068881003,-0.1247696995592319,0.0069078820370866,-1.203018424132565
1.0,1.0,26.171704347062775,5.325967984314493,6.0,31.0,14.0,IND,1975,India,Lower middle income,South Asia,5560878503.0,6545472951.0,-0.0488546883772382,-0.0251818206080503,1.6214922830781775,-0.1021108174717079,-0.1194266019769204,0.0096552496093229,-1.1286180750638748
1.0,1.0,26.188198730466784,5.349494262111507,6.0,31.0,15.0,IND,1976,India,Lower middle income,South Asia,6868148773.0,6280792834.0,-0.0528618827245358,-0.0293138505044582,1.6586080336402311,-0.1001226578541318,-0.1169585111366176,0.009649431702927,-1.04027653348871
1.0,0.0,26.25823510483345,5.373083666742008,8.0,31.0,16.0,IND,1977,India,Lower middle income,South Asia,7754701054.0,7611052224.0,-0.0539147081897871,0.0197387748437321,1.704614532058545,-0.1027555104454823,-0.1165297835539558,0.0124822816286741,-0.9265888064856018
1.0,0.0,26.313790023817646,5.3961109673808005,8.0,31.0,17.0,IND,1978,India,Lower middle income,South Asia,8670401540.0,9045733047.0,-0.0571610780847686,0.019778351476184,1.7470395300653694,-0.1107321086313726,-0.1080539837068136,0.0109868212633966,-0.8675956878286959
1.0,0.0,26.259985742054965,5.419365771301326,8.0,31.0,18.0,IND,1979,India,Lower middle income,South Asia,10326638766.0,12498452242.0,-0.0635265393079665,0.0299470125036976,1.7735001210397865,-0.1209943246042256,-0.1002854330276898,0.0123217493773459,-0.695121446274711
1.0,0.0,26.32517430359989,5.4432140293065485,8.0,31.0,19.0,IND,1980,India,Lower middle income,South Asia,11439738400.0,17226125073.0,-0.0663559097296144,0.0311517596883027,1.8183746415104065,-0.1292314227428366,-0.0825188674468598,0.0067940635783912,-0.5611681162646851
1.0,0.0,26.383500382875127,5.466711349646235,8.0,31.0,20.0,IND,1981,India,Lower middle income,South Asia,11485699151.0,16584605960.0,-0.074177783869463,0.016011613231872,1.9090257875729328,-0.1295664326946779,-0.0831280935122246,-0.0167523606748174,-0.4416137415492864
1.0,0.0,26.417667785046802,5.490051045855678,8.0,31.0,21.0,IND,1982,India,Lower middle income,South Asia,12009417677.0,16343526469.0,-0.0782803476556496,0.010405938694633,1.9742981568598472,-0.1393061121927863,-0.087184645984109,-0.0123617078583244,-0.4670886682305925
1.0,0.0,26.488021108093328,5.513457986866501,8.0,31.0,22.0,IND,1983,India,Lower middle income,South Asia,12741335281.0,17140048793.0,-0.102442467904374,0.0057063107683076,2.16473089100993,-0.1497151072155852,-0.0999495333737203,-0.0166665769903306,-0.5132866900746125
1.0,0.0,26.52551713400259,5.536917317114879,8.0,31.0,23.0,IND,1984,India,Lower middle income,South Asia,13330716432.0,16391245675.0,-0.1131345450458702,0.0041727180152581,2.271494684417886,-0.1535431537762559,-0.0941378699903534,-0.024824690997754,-0.5302392133104123
1.0,0.0,26.5767261460115,5.560187857975836,8.0,31.0,24.0,IND,1985,India,Lower middle income,South Asia,12217447522.0,17776627208.0,-0.1169864413311136,0.0044359462991129,2.3617764150806955,-0.1613153709675352,-0.0935174428698224,-0.0261376597445936,-0.5212592559012585
1.0,0.0,26.623387822831425,5.583270503590377,8.0,31.0,25.0,IND,1986,India,Lower middle income,South Asia,12937864154.0,17486411450.0,-0.1173163377908086,0.0057110848755548,2.448011076590619,-0.1605774076080325,-0.0938777636912363,-0.027140653409577,-0.4988088484676425
1.0,0.0,26.66227588941893,5.606078506391737,8.0,31.0,26.0,IND,1987,India,Lower middle income,South Asia,15638662914.0,19477194741.0,-0.1170904671192729,0.0056624150072334,2.4527757842465037,-0.1592608810358188,-0.0954690814311131,-0.0289127136278106,-0.4604292145217848
1.0,0.0,26.754196259460645,5.628583898625593,8.0,31.0,27.0,IND,1988,India,Lower middle income,South Asia,17899838409.0,22111443193.0,-0.1037112174123567,0.0059422997892273,2.5376278436992643,-0.1556499894047371,-0.0963679565814738,-0.0319324388755479,-0.4011352145458209
1.0,1.0,26.81196825013163,5.650930632679871,8.0,31.0,28.0,IND,1989,India,Lower middle income,South Asia,20770696112.0,24133353522.0,-0.102808499162173,-0.0094233610923195,2.5597218404948694,-0.1540183168835967,-0.0950605716276787,-0.0376207187263516,-0.4256701393827318
1.0,1.0,26.865825686681216,5.67306194162001,8.0,31.0,29.0,IND,1990,India,Lower middle income,South Asia,22639774912.0,27132072318.0,-0.1084180284415205,-0.0091827121128287,2.5738241886813165,-0.157815534888923,-0.0948492301831511,-0.0416498570947585,-0.4197718841468799
1.0,0.0,26.876338899250808,5.694739708474931,8.0,31.0,30.0,IND,1991,India,Lower middle income,South Asia,22943398073.0,22941358805.0,-0.1135326408041907,0.0059400878111727,2.5963530501763654,-0.1515701490809546,-0.0941279061372794,-0.0390429698056586,-0.3910967419391423
1.0,0.0,26.929712723087896,5.716039560395134,8.0,31.0,31.0,IND,1992,India,Lower middle income,South Asia,25486029047.0,27639649994.0,-0.1084678892871471,0.0037013328363963,2.6655099082632527,-0.1498431861207101,-0.0909691712958463,-0.0514570080225237,-0.2766823292005161
1.0,1.0,26.97612494774479,5.737038167332075,8.0,31.0,32.0,IND,1993,India,Lower middle income,South Asia,27466541463.0,27419354119.0,-0.0964011128181138,-0.0091308265254259,2.736133261470376,-0.1467161154413856,-0.0856499292625734,-0.0510867317797244,-0.1493042957435423
1.0,1.0,27.04059116061039,5.757481708964421,8.0,31.0,33.0,IND,1994,India,Lower middle income,South Asia,32361214431.0,33349501148.0,-0.093611847770494,-0.0096482114052662,2.784008693217721,-0.1389385185636264,-0.0756612684086947,-0.050912949700378,-0.0681678826186853
1.0,1.0,27.11360549240084,5.777611372229377,8.0,31.0,34.0,IND,1995,India,Lower middle income,South Asia,39068855118.0,43318425768.0,-0.0889073362294416,-0.0081335146915903,2.8043728343016885,-0.130818370229423,-0.0693490738919938,-0.0486876156987986,-0.0215554898521586
1.0,0.0,27.18638577339303,5.7975889632712585,8.0,31.0,35.0,IND,1996,India,Lower middle income,South Asia,40803004618.0,45357266003.0,-0.0774958179463898,0.0014585490499089,2.912169227037771,-0.1278321959883475,-0.0607633918640089,-0.047528697022824,-0.1081827937225871
1.0,0.0,27.22608586741999,5.8172532150514735,8.0,31.0,36.0,IND,1997,India,Lower middle income,South Asia,44459225643.0,49607467421.0,-0.0656430156018013,0.0002610169959022,2.874118896607373,-0.1282686650639377,-0.0606153841157497,-0.0431921623847453,-0.0453306719320164
1.0,0.0,27.286092625764592,5.836612853502971,9.0,31.0,37.0,IND,1998,India,Lower middle income,South Asia,46426465025.0,53431564328.0,-0.060252895723717,3.743511052041915e-05,2.8347972271491595,-0.1345062848316757,-0.0313486403667563,-0.0386983649510885,-0.0236137149728365
1.0,0.0,27.370854335224056,5.855633145489465,9.0,31.0,38.0,IND,1999,India,Lower middle income,South Asia,52544483403.0,61314704757.0,-0.0566040289825739,-0.0002444744095601,2.8232063713549516,-0.1356625130250772,-0.031309185682998,-0.0364931281274317,-0.000555399352551
1.0,0.0,27.4085448419353,5.8744271279417735,9.0,31.0,39.0,IND,2000,India,Lower middle income,South Asia,60878472821.0,65124245375.0,-0.0488049762486919,-0.0009775128790383,2.795683732777435,-0.1361084769289931,-0.0307727773565164,-0.0345109225573924,0.0467461472233944
1.0,0.0,27.455657695061877,5.893133210175873,9.0,31.0,40.0,IND,2001,India,Lower middle income,South Asia,60963415577.0,65218276482.0,-0.046028016463068,-0.001563000193669,2.7802297991229157,-0.1354968753466327,-0.0307744181875997,-0.036015675396137,0.0761666349471288
1.0,0.0,27.492991621997586,5.911246152752444,9.0,31.0,41.0,IND,2002,India,Lower middle income,South Asia,73452895952.0,78498759286.0,-0.0449961472145688,-0.002049985118099,2.7776124191598224,-0.1343360461674246,-0.0307856950004797,-0.0360677671011942,0.1025271823293592
1.0,0.0,27.568659423778637,5.928589973108884,9.0,31.0,42.0,IND,2003,India,Lower middle income,South Asia,90838575244.0,95071869379.0,-0.0383227189460955,-0.003683770664071,2.854217186292623,-0.1176052986161603,-0.0218417685942461,-0.0311523896782037,0.2655228673160306
1.0,0.0,27.644904297037144,5.945625677892568,9.0,31.0,43.0,IND,2004,India,Lower middle income,South Asia,126648000000.0,139311000000.0,-0.0313821281635366,-0.0038926027560949,3.0675463327070083,-0.1101940833666897,-0.0170070849436999,-0.0086510165017425,0.6041427165282746
1.0,0.0,27.7211542817276,5.961939892483401,9.0,31.0,44.0,IND,2005,India,Lower middle income,South Asia,160838000000.0,183737000000.0,-0.0302050168169005,-0.0050722875358377,3.2376046930341986,-0.0993987117052885,-0.0072863692211206,0.0098308061242653,0.8710693715000645
1.0,0.0,27.798677326969546,5.977581144633811,9.0,31.0,45.0,IND,2006,India,Lower middle income,South Asia,199974000000.0,229955000000.0,-0.0286303375033453,-0.0061603307181833,3.334613544880848,-0.0932700870395032,-0.004800626378105,0.0276688025967681,0.9893446309918
1.0,0.0,27.872499551263903,5.992641059246079,9.0,31.0,46.0,IND,2007,India,Lower middle income,South Asia,253078000000.0,302804000000.0,-0.0287303080798751,-0.0070435196160449,3.3322353245757785,-0.1043210834125701,-0.0041962055538558,0.0297330273975731,1.0567217936792344
1.0,0.0,27.902893877173565,6.007028777379747,9.0,31.0,47.0,IND,2008,India,Lower middle income,South Asia,288902000000.0,350927000000.0,-0.0285244382932476,-0.0071243916528685,3.3238139031331677,-0.1076030378183106,-0.0068008529596549,0.0317489670287743,1.085312624493004
0.0,0.0,27.978581649535183,6.021488950649155,9.0,31.0,48.0,IND,2009,India,Lower middle income,South Asia,273752000000.0,347178000000.0,0.0045923773968484,-0.0070795546981955,3.3540485408166423,-0.1010045578428495,-0.007714835212225,0.0361735748415708,1.061518319934622
0.0,0.0,28.060137644367995,6.036034986701637,9.0,31.0,49.0,IND,2010,India,Lower middle income,South Asia,375354000000.0,449974000000.0,0.004604030777083,-0.0060011234248668,3.390119567352333,-0.0735369323915356,-0.0028964464620106,0.035103195021198,1.092768051012745
0.0,0.0,28.11122257015073,6.050203263015374,9.0,31.0,50.0,IND,2011,India,Lower middle income,South Asia,447384000000.0,566668000000.0,0.004607894339039,-0.0060142786848014,3.415929744342549,-0.0552258859970011,-0.0017291009819368,0.0350188102590659,1.11330834332832
0.0,0.0,28.16435159503461,6.063943824479551,9.0,31.0,51.0,IND,2012,India,Lower middle income,South Asia,448400000000.0,571307000000.0,0.0046049880126249,-0.0060434806013255,3.436136937745,-0.0472760738513252,-0.0011450845538014,0.0323088025111133,1.1152019976515382
0.0,0.0,28.22625222429397,6.077270867516832,9.0,31.0,52.0,IND,2013,India,Lower middle income,South Asia,472180000000.0,527555000000.0,0.0046454708858184,-0.0060804653720071,3.46249589888813,-0.0472917351742546,-0.0001419402147523,0.0299376757019016,1.0948915697463557
0.0,0.0,28.297737048346892,6.089883770414823,9.0,31.0,53.0,IND,2014,India,Lower middle income,South Asia,468346000000.0,529239000000.0,0.0046481779411356,-0.0061013527481503,3.474341409555548,-0.0466081757437167,0.000310876996234,0.0302253639628025,1.0839851769662074
0.0,1.0,28.374666524894835,6.101812326739496,9.0,31.0,54.0,IND,2015,India,Lower middle income,South Asia,416788000000.0,465098000000.0,0.004770996261828,0.0083626131826192,3.48280465090947,-0.0421130923851895,0.0021824468381077,0.031526608706455,1.0573813477413905
0.0,1.0,28.453998473055545,6.113728623222747,9.0,31.0,55.0,IND,2016,India,Lower middle income,South Asia,439643000000.0,480169000000.0,0.004694893844956,0.0084613668559435,3.4874530002016164,-0.0393919662750714,0.0021639532684041,0.0319256516661022,1.053523267534271
0.0,1.0,28.519743303682866,6.125352584658391,9.0,31.0,56.0,IND,2017,India,Lower middle income,South Asia,498259000000.0,582018000000.0,0.0047165469680336,0.0080009440902726,3.489114157196249,-0.0377503528366598,0.002131727354252,0.0317816715863015,1.0556112447882868
0.0,1.0,28.5822812291453,6.136325575497498,9.0,31.0,57.0,IND,2018,India,Lower middle income,South Asia,538635000000.0,640301000000.0,0.0048027574486706,0.0077492627350637,3.4915300546953834,-0.0357259234148981,0.0018960262317675,0.0319403986329998,1.053947243460834
0.0,0.0,24.827486650842243,4.07419890344735,-7.0,30.0,6.0,IDN,1967,Indonesia,Upper middle income,East Asia & Pacific,497382747.2,955991033.0,0.0033881767145431,0.0021385571562765,0.3219394168523246,-0.0008180564202938,0.0028842407972284,-0.0482489538010614,-2.269008678391151
0.0,0.0,24.93108221704406,4.101274006239957,-7.0,30.0,7.0,IDN,1968,Indonesia,Upper middle income,East Asia & Pacific,769173673.8,1102291013.0,0.0034293840024998,0.0022485415713364,0.4359690807980299,0.0027587573365065,0.0157487609166466,-0.04267691518157,-2.2539541373674057
0.0,0.0,24.997078720883618,4.128916127927132,-7.0,30.0,8.0,IDN,1969,Indonesia,Upper middle income,East Asia & Pacific,751533742.3,1236196319.0,0.0036021427437519,0.0021600673964369,0.4732586009738461,0.0031825249103041,0.0144852116716874,-0.0404393902259379,-2.2198659916635552
0.0,0.0,25.069907481409057,4.156439321523326,-7.0,30.0,9.0,IDN,1970,Indonesia,Upper middle income,East Asia & Pacific,1175342466.0,1449315068.0,0.0029243189106724,0.0018466477547265,0.646737645921199,-0.0070518530785851,-0.0057951770091849,-0.0190748877347566,-2.0241933735163715
0.0,0.0,25.13779037759777,4.1835311809348745,-7.0,30.0,10.0,IDN,1971,Indonesia,Upper middle income,East Asia & Pacific,1345889844.0,1553301764.0,0.0033093283888385,0.0017503557349082,0.7021948745515517,-0.0196086584727723,-0.0091055257388728,-0.0136587303140058,-1.9312196709195
0.0,0.0,25.20580076988082,4.210153684325666,-7.0,30.0,11.0,IDN,1972,Indonesia,Upper middle income,East Asia & Pacific,1816385542.0,2078072289.0,0.0030502840109981,0.0009650117548277,0.8204730640368634,-0.0447209810282841,-0.0083562554171329,-0.0118304018192774,-1.751691324402504
0.0,0.0,25.283724084319907,4.236425325068336,-7.0,30.0,12.0,IDN,1973,Indonesia,Upper middle income,East Asia & Pacific,3263373494.0,3170120482.0,0.0032063659396723,0.0026214704172519,0.9932352478131808,-0.0384047194598632,-0.0224709699459355,0.0207348767506431,-1.3595558545251862
0.0,0.0,25.353567563572106,4.262163305754015,-7.0,30.0,13.0,IDN,1974,Indonesia,Upper middle income,East Asia & Pacific,7482168675.0,5526987952.0,0.0042029933986442,0.00770891714572,1.1257883444952286,-0.0043492703993396,-0.0208984121377734,0.0285524607186466,-1.1198462780887215
0.0,0.0,25.40812482183587,4.287424380006416,-7.0,30.0,14.0,IDN,1975,Indonesia,Upper middle income,East Asia & Pacific,6868915663.0,6693975904.0,0.0044478926481944,0.0102217460970084,1.1611625856344754,0.0027948028136457,-0.021912062320103,0.0301173732922713,-1.052898522429601
0.0,0.0,25.476528388177798,4.312366412522287,-7.0,30.0,15.0,IDN,1976,Indonesia,Upper middle income,East Asia & Pacific,8264096386.0,7764096386.0,0.0050406276978349,0.0135719452485661,1.2047909294995496,-0.0002362913918417,-0.0250465058304967,0.0300712760959082,-0.9841047794467196
0.0,0.0,25.555938062225664,4.336918596955024,-7.0,30.0,16.0,IDN,1977,Indonesia,Upper middle income,East Asia & Pacific,10760963855.0,9198072289.0,0.0055387627437039,0.019621977522626,1.2959689437946624,-0.0022514198869197,-0.009123750471592,0.0323392821274387,-0.839355255888817
0.0,0.0,25.62238094275199,4.361303292487301,-7.0,30.0,17.0,IDN,1978,Indonesia,Upper middle income,East Asia & Pacific,11251894888.0,10727293584.0,0.0061390976905452,0.0238626930180527,1.3610485306847482,-0.0043822278063163,-0.0057987877108141,0.0357067382717923,-0.7596399488566807
0.0,0.0,25.691376298627667,4.385534237336849,-7.0,30.0,18.0,IDN,1979,Indonesia,Upper middle income,East Asia & Pacific,15453888921.0,12125156525.0,0.00717526761487,0.0306631319300948,1.3971949576416838,-0.0067921118485585,-0.0086075909280444,0.0346225041890122,-0.6035291610333342
0.0,0.0,25.786683316481636,4.409420431875622,-7.0,30.0,19.0,IDN,1980,Indonesia,Upper middle income,East Asia & Pacific,22088390917.0,16076492704.0,0.0107747695187504,0.0417644503038158,1.5640432378476046,-0.0129920896930457,-0.0209300670092426,0.031858477605956,-0.4399920026916098
0.0,0.0,25.862522991613332,4.432872587475353,-7.0,30.0,20.0,IDN,1981,Indonesia,Upper middle income,East Asia & Pacific,23629067626.0,21847220118.0,0.0095448366156512,0.0266732516181163,1.650664334405666,-0.0124212785246803,-0.0261589669503912,0.0154095826061629,-0.3567750942574886
0.0,0.0,25.884749220459735,4.45599638645418,-7.0,30.0,21.0,IDN,1982,Indonesia,Upper middle income,East Asia & Pacific,20176590280.0,23709141549.0,0.0101423027801122,0.0200035877621445,1.6689473427712198,-0.0119952900314085,-0.0275188033650042,0.0125626808091457,-0.3474950309433307
0.0,0.0,25.927766907290163,4.478798696657565,-7.0,30.0,22.0,IDN,1983,Indonesia,Upper middle income,East Asia & Pacific,22488286931.0,23354265850.0,0.0110240995739559,0.0156252251332012,1.702451899635515,-0.0157765525971797,-0.0287111438527881,0.0071998971365343,-0.3485492016574261
0.0,0.0,25.99394475619049,4.501095780713415,-7.0,30.0,23.0,IDN,1984,Indonesia,Upper middle income,East Asia & Pacific,23177770013.0,19342945144.0,0.0111347799826467,0.0146249311238148,1.7065111171791778,-0.0177032170617183,-0.0305162533103012,0.0039913367060682,-0.3378571641224878
0.0,0.0,26.018277746485722,4.522458831291517,-7.0,30.0,24.0,IDN,1985,Indonesia,Upper middle income,East Asia & Pacific,20279853770.0,17860217184.0,0.0109497789934116,0.0144164617109233,1.703959391229461,-0.0187394383909428,-0.0315620673585805,0.0048922917761785,-0.329346835351242
0.0,0.0,26.0743701318552,4.542633828675527,-7.0,30.0,25.0,IDN,1986,Indonesia,Upper middle income,East Asia & Pacific,16387068857.0,16401727040.0,0.0097799082380216,0.0143168720161082,1.7078528222422231,-0.0208363669222305,-0.0344952241342894,0.0019549213520196,-0.3221378582856688
0.0,0.0,26.123160070171725,4.562048012875866,-7.0,30.0,26.0,IDN,1987,Indonesia,Upper middle income,East Asia & Pacific,18661070321.0,17006296443.0,0.0097960887478843,0.0143830895499278,1.6941032445579185,-0.0197050976347937,-0.0372245655308037,0.0007977588716788,-0.2868545877395241
0.0,0.0,26.177907234168586,4.58113668267497,-7.0,30.0,27.0,IDN,1988,Indonesia,Upper middle income,East Asia & Pacific,21110162564.0,18725515167.0,0.0095427707290778,0.0152049506000895,1.7000537385052787,-0.013337370369941,-0.0401652604329357,-0.0004871584355926,-0.235730638756044
0.0,0.0,26.252893317475053,4.5998825179791005,-7.0,30.0,28.0,IDN,1989,Indonesia,Upper middle income,East Asia & Pacific,24640067877.0,21718472096.0,0.0108304962456956,0.0147115332432655,1.7068735088681162,-0.0054271624703807,-0.0390994912867786,-0.0021324873669922,-0.2135485329307911
0.0,0.0,26.3226465954089,4.618026778677046,-7.0,30.0,29.0,IDN,1990,Indonesia,Upper middle income,East Asia & Pacific,28982531183.0,27157275247.0,0.0121628486809701,0.0145289417890561,1.7284353762886533,-0.005834506670431,-0.0390678654505527,-0.0011360382134879,-0.1832022673175586
0.0,0.0,26.38821045848241,4.635728147156494,-7.0,30.0,30.0,IDN,1991,Indonesia,Upper middle income,East Asia & Pacific,33063806609.0,30891188671.0,0.0128516902799785,0.014651408516917,1.763997818287196,-0.0069019005231364,-0.044671593943713,-0.0035240709125222,-0.1668200806279702
0.0,0.0,26.4511618947992,4.653060404375387,-7.0,30.0,31.0,IDN,1992,Indonesia,Upper middle income,East Asia & Pacific,38801726176.0,34720875700.0,0.0150568580142562,0.010394897925087,1.927436106131841,-0.0108463600812167,-0.0450885382947401,0.0125295827756643,-0.0911657036055903
0.0,0.0,26.514100243325444,4.670076248636506,-7.0,30.0,32.0,IDN,1993,Indonesia,Upper middle income,East Asia & Pacific,42274397859.0,37555937063.0,0.014377203596279,0.0056134541710154,2.2145340538073817,-0.0242471669993192,-0.053694369358563,0.0215899197667212,-0.0652823818449605
0.0,0.0,26.586794734587023,4.6869357677383086,-7.0,30.0,33.0,IDN,1994,Indonesia,Upper middle income,East Asia & Pacific,46896633114.0,44869883142.0,0.0129281031842579,0.0051612444937461,2.4006751542745786,-0.0585686627205432,-0.0520346128339493,0.0274007799983115,-0.0050027592016724
0.0,0.0,26.665789583539876,4.703563622213875,-7.0,30.0,34.0,IDN,1995,Indonesia,Upper middle income,East Asia & Pacific,53185312942.0,55882279824.0,0.0121054639444188,0.0041641863525554,2.4385484644307565,-0.0700353350510243,-0.0511973465348588,0.0210300221240889,0.0495320941218434
0.0,0.0,26.741065549355188,4.7200182405759366,-7.0,30.0,35.0,IDN,1996,Indonesia,Upper middle income,East Asia & Pacific,58717201042.0,60116979038.0,0.0107341615393731,0.0032808379795457,2.439754546789061,-0.0730453874845187,-0.051215031582689,0.0176365258095422,0.0830316349411141
0.0,0.0,26.78699290440897,4.736281318644872,-7.0,30.0,36.0,IDN,1997,Indonesia,Upper middle income,East Asia & Pacific,60106038404.0,60700151259.0,0.0097793749351084,0.001965036405274,2.505063143662458,-0.0859579148084322,-0.0460147420502027,0.0042303562453267,0.1244651692392289
0.0,0.0,26.64627486816606,4.752088498613145,-5.0,30.0,37.0,IDN,1998,Indonesia,Upper middle income,East Asia & Pacific,50555726235.0,41249712042.0,0.0088133929983371,0.0022505603932569,2.4025255398900205,-0.0891996581532522,-0.0566423857301685,0.0249392173009058,0.1458903779636915
1.0,0.0,26.654154667292087,4.76712020828885,6.0,30.0,38.0,IDN,1999,Indonesia,Upper middle income,East Asia & Pacific,49720260590.0,38402067922.0,-0.0507406201913853,0.0015565333470979,2.4366336671145663,-0.0973986751321419,-0.059012636557462,0.0229064998036115,0.1816732798373641
1.0,0.0,26.702181981132913,4.745687257094815,6.0,30.0,39.0,IDN,2000,Indonesia,Upper middle income,East Asia & Pacific,67621169166.0,50264686470.0,-0.0429418525359124,0.0011646315547994,2.423516854499373,-0.0939954010778599,-0.0583496228352462,0.0235610984851791,0.2342667423002386
0.0,0.0,26.73797072309365,4.759567446840321,6.0,30.0,40.0,IDN,2001,Indonesia,Upper middle income,East Asia & Pacific,62625875834.0,49355195402.0,0.0066772430357473,0.0006486537111554,2.388950343768312,-0.0898610075851257,-0.0584563133824214,0.0247114867051253,0.2414003964363567
0.0,0.0,26.78198240781151,4.773124704369883,6.0,30.0,41.0,IDN,2002,Indonesia,Upper middle income,East Asia & Pacific,63956798805.0,51638437161.0,0.0071432952629063,0.0003385263387632,2.453550969928464,-0.0901372796098384,-0.0560318710009478,0.0092370574097833,0.2548170110319875
0.0,0.0,26.828677181861927,4.786362523787528,6.0,30.0,42.0,IDN,2003,Indonesia,Upper middle income,East Asia & Pacific,71553141045.0,54323622341.0,0.0063896014704374,-0.0002801310056684,2.4992275606167005,-0.0879036718175064,-0.0600713258158611,-0.0060974095331909,0.3396756129693545
0.0,0.0,26.877760807716722,4.799072637931855,8.0,30.0,43.0,IDN,2004,Indonesia,Upper middle income,East Asia & Pacific,82744351781.0,70744690514.0,0.0061071298871402,-0.0005894468122049,2.5846505955432693,-0.0875682630206409,-0.0722323593334913,-0.0034399526085045,0.5473249026397109
0.0,0.0,26.93312668498534,4.811910704112188,8.0,30.0,44.0,IDN,2005,Indonesia,Upper middle income,East Asia & Pacific,97387627566.0,85533801154.0,0.0074868569191023,-0.0014512565800856,2.631675869305063,-0.0928137684943565,-0.0718360612558554,0.0046968304251504,0.7009529087485105
0.0,0.0,26.98667552804416,4.8251632541378235,8.0,30.0,45.0,IDN,2006,Indonesia,Upper middle income,East Asia & Pacific,113143000000.0,93411754076.0,0.0071304764650605,-0.0013610240639522,2.640930728504939,-0.091257598248053,-0.0730305256815948,0.0024154442802709,0.7632633159150218
0.0,0.0,27.048194529473793,4.8383719070931175,8.0,30.0,46.0,IDN,2007,Indonesia,Upper middle income,East Asia & Pacific,127226000000.0,109755000000.0,0.0073948574012614,-0.0018184507390423,2.6425387407939698,-0.0870711896032979,-0.0723180858380217,0.0064105730492475,0.8300796517763609
0.0,0.0,27.106593401744274,4.85134541149297,8.0,30.0,47.0,IDN,2008,Indonesia,Upper middle income,East Asia & Pacific,152090000000.0,146707000000.0,0.0069431144387425,-0.0010010736993167,2.6880360304012645,-0.1009007088174167,-0.0671560005293186,0.0126867659252179,0.883874420698145
0.0,0.0,27.15184272699656,4.8640152738727584,8.0,30.0,48.0,IDN,2009,Indonesia,Upper middle income,East Asia & Pacific,130358000000.0,115217000000.0,0.0046705098375056,-0.0030971261020673,2.910338210048668,-0.1498560542505771,-0.043661979657907,0.0133941421868376,0.9719596760278122
0.0,0.0,27.212219976947793,4.876620688362128,8.0,30.0,49.0,IDN,2010,Indonesia,Upper middle income,East Asia & Pacific,183481000000.0,169158000000.0,0.0042205471683531,-0.0041831196480042,3.0249679653524493,-0.1788346614315383,-0.0312986998536138,0.0135477455423833,1.0347761755494325
1.0,0.0,27.27208934154841,4.889387571337229,8.0,30.0,50.0,IDN,2011,Indonesia,Upper middle income,East Asia & Pacific,235095000000.0,212997000000.0,-0.0271857912943312,-0.0041847613556119,3.0370332196979515,-0.1881135784060078,-0.0336093004296449,0.0141423279662727,1.0795519539957743
1.0,0.0,27.33064278601553,4.902245953211799,8.0,30.0,51.0,IDN,2012,Indonesia,Upper middle income,East Asia & Pacific,225744000000.0,229362000000.0,-0.0271752442585202,-0.0041992656146691,3.0378022618088836,-0.1901141925764321,-0.0336539876438294,0.0142298187845569,1.0807446796744085
1.0,0.0,27.384725358738116,4.914649753487154,8.0,30.0,52.0,IDN,2013,Indonesia,Upper middle income,East Asia & Pacific,218308000000.0,225519000000.0,-0.0273941884183937,-0.0042675473037073,3.039287498041428,-0.1881065211454829,-0.0337042654246406,0.014172421550481,1.080739864869415
1.0,0.0,27.433579423841508,4.926403362140835,9.0,30.0,53.0,IDN,2014,Indonesia,Upper middle income,East Asia & Pacific,210820000000.0,217485000000.0,-0.028235239228966,-0.0045107855703427,3.0028882121520626,-0.1838400698096627,-0.0035187297343137,0.0158514640687672,1.0857139835736258
1.0,0.0,27.48119075672835,4.9376267606203275,9.0,30.0,54.0,IDN,2015,Indonesia,Upper middle income,East Asia & Pacific,182158000000.0,178864000000.0,-0.0293488594278637,-0.0045624477924873,3.0145584946756427,-0.1754883462030589,-0.0043743761280132,0.0150203358935216,1.0861493168262082
1.0,0.0,27.530296504508566,4.948371642679358,9.0,30.0,55.0,IDN,2016,Indonesia,Upper middle income,East Asia & Pacific,177886000000.0,170835000000.0,-0.0293229406515393,-0.0045041757075395,3.016534528615173,-0.1763457355664837,-0.0045062891898937,0.0151623679194638,1.0849363624247723
1.0,0.0,27.579750979167596,4.958594936164809,9.0,30.0,56.0,IDN,2017,Indonesia,Upper middle income,East Asia & Pacific,204924000000.0,194777000000.0,-0.0295143096905726,-0.0044609100295925,3.0216422398360905,-0.1763732186655288,-0.0045669100600744,0.0142973312071924,1.0809298952464443
1.0,0.0,27.630199778723473,4.968292370633061,9.0,30.0,57.0,IDN,2018,Indonesia,Upper middle income,East Asia & Pacific,218906000000.0,230046000000.0,-0.0295125325809034,-0.0044602221018532,3.0263450264821774,-0.1771713584934564,-0.0049297673211756,0.0138480802340908,1.0823751853020376
0.0,0.0,24.738738205956114,2.6089220144434946,-10.0,33.0,0.0,IRN,1961,Iran,Lower middle income,Middle East & North Africa,607915176.7,702251188.4,0.0023235736906373,0.001501370478986,0.3034177275528235,0.0616275033451524,0.0337066867477216,-0.0336642665494789,-2.3136119356739697
0.0,0.0,24.814858782240528,2.639288285085848,-10.0,33.0,1.0,IRN,1962,Iran,Lower middle income,Middle East & North Africa,680443017.7,642016253.8,0.0023399550768061,0.0016248669527417,0.3253865129309673,0.0559422237144587,0.0350072998369148,-0.034797144887103,-2.3365011832537537
0.0,0.0,24.88291057985729,2.669989828679835,-10.0,33.0,2.0,IRN,1963,Iran,Lower middle income,Middle East & North Africa,755608234.8,614102503.6,0.0025138660758668,0.0016823502766595,0.3693424663509544,0.0530855531970329,0.0441168051030521,-0.0328775310528861,-2.335046232259574
0.0,0.0,24.964262229716958,2.7011277555010014,-10.0,33.0,3.0,IRN,1964,Iran,Lower middle income,Middle East & North Africa,882202284.6,878548557.8,0.0019701517328432,0.0017173337861536,0.4417403685428251,0.054408331986061,0.0463333142255105,-0.0290872370054665,-2.3306763163007886
0.0,0.0,25.12157115862102,2.732534862966637,-10.0,33.0,4.0,IRN,1965,Iran,Lower middle income,Middle East & North Africa,1000884206.0,1021055598.0,0.0008608980910731,0.0018764070558613,0.5314397964668626,0.0550199750443187,0.0422132043974489,-0.0208697346649439,-2.3246749058528255
0.0,0.0,25.230447153295856,2.7636893557113367,-10.0,33.0,5.0,IRN,1966,Iran,Lower middle income,Middle East & North Africa,1106379248.0,1195883823.0,-0.0001631911446507,0.000511903490245,0.7021457816188144,0.0475269266211292,0.0278863954707792,-0.0156154777866195,-2.224247273504352
0.0,0.0,25.337078568315846,2.794160528101529,-10.0,33.0,6.0,IRN,1967,Iran,Lower middle income,Middle East & North Africa,1306819827.0,1485305338.0,0.0001922060447656,0.0012847485580194,0.8905380015794923,0.0442956750443883,0.0097703547446482,-0.0106065797534128,-2.2110416643455015
0.0,0.0,25.471652859847698,2.824087729060828,-10.0,33.0,7.0,IRN,1968,Iran,Lower middle income,Middle East & North Africa,1507260406.0,1768850274.0,-0.000232099509093,0.0016318258527978,1.0797211903789576,0.0323724051493546,-0.010577819050058,0.0033856297778725,-2.108571435020439
0.0,0.0,25.615890569504234,2.854105344321465,-10.0,33.0,8.0,IRN,1969,Iran,Lower middle income,Middle East & North Africa,1756492441.0,2050926065.0,0.0001053811796839,0.0018854751192532,1.1017714241486114,0.0362657706818199,-0.0104692796516986,0.0022477890808187,-2.096893470533188
0.0,0.0,25.719599346331808,2.8844678133077277,-10.0,33.0,9.0,IRN,1970,Iran,Lower middle income,Middle East & North Africa,2026823485.0,2327125277.0,0.0013478057490707,-0.0006127020183215,1.1481998459641791,0.0417338119245987,-0.0159608944673241,0.0038429980937266,-1.9997585656126808
0.0,1.0,25.848009274398066,2.914346956567133,-10.0,33.0,10.0,IRN,1971,Iran,Lower middle income,Middle East & North Africa,3172763667.0,2928005748.0,0.0015144625304492,-0.0005483349879888,1.2796968264232365,0.0518698360149062,-0.0120801575269831,0.0133479775263384,-1.8551123335640192
0.0,1.0,25.98340354825228,2.9436223647750195,-10.0,33.0,11.0,IRN,1972,Iran,Lower middle income,Middle East & North Africa,3936283736.0,3689022456.0,0.0013979163242796,9.943841590902272e-05,1.3462882633886404,0.0613129375142003,0.0037231748750287,0.0168941003600637,-1.740858828862316
0.0,1.0,26.05518237612486,2.972899284054776,-10.0,33.0,12.0,IRN,1973,Iran,Lower middle income,Middle East & North Africa,9056140484.0,5594486012.0,0.0013648175168882,-0.0103631315559054,1.559325942899351,0.0681474633325395,0.1110113465549239,0.0500052664422439,-1.1382388327554314
0.0,1.0,26.111574718790745,3.0025016852973905,-10.0,33.0,13.0,IRN,1974,Iran,Lower middle income,Middle East & North Africa,21889677077.0,11105780994.0,0.0018970250535191,-0.0142387233871481,1.6375238731231585,0.038263108028715,0.2025308408078523,0.0579469741227224,-0.8394270287854153
0.0,1.0,26.10830662236145,3.0327297681488647,-10.0,33.0,14.0,IRN,1975,Iran,Lower middle income,Middle East & North Africa,21091425211.0,18318369218.0,0.0021192858442942,-0.0141454740455386,1.645026861275055,0.048956208532101,0.2088376187193912,0.0644000424176099,-0.7548224931088853
0.0,1.0,26.27602385116642,3.0628688301540823,-10.0,33.0,15.0,IRN,1976,Iran,Lower middle income,Middle East & North Africa,25319975896.0,19212061650.0,0.003974905348069,-0.0138811786165152,1.7211460582120508,0.0465261030828434,0.2185773036543984,0.070248595047435,-0.6470559354822221
0.0,1.0,26.24789772197403,3.09384214148061,-10.0,33.0,16.0,IRN,1977,Iran,Lower middle income,Middle East & North Africa,24821052417.0,23448812229.0,0.0042386732306622,-0.0203383704691143,1.6930442040423173,0.0437724467230902,0.1932546569165698,0.0658520267978585,-0.6024383642317438
0.0,1.0,26.110463665988323,3.126512953998721,-10.0,33.0,17.0,IRN,1978,Iran,Lower middle income,Middle East & North Africa,18308804923.0,17330359279.0,0.0043204982297762,-0.0213873031353507,1.6346044290490935,0.0404121552555937,0.1535580180697103,0.0629198962686749,-0.5962211552325752
1.0,0.0,25.982395289803257,3.1608880511102555,-6.0,33.0,18.0,IRN,1979,Iran,Lower middle income,Middle East & North Africa,24176515151.0,14516475277.0,-0.0270763038334328,0.0320280312171241,1.6386625842690006,0.0703958985453442,-0.0354005023302043,0.0626692065431614,-0.5721733207952362
1.0,1.0,25.73905449628346,3.197110775280359,-6.0,33.0,19.0,IRN,1980,Iran,Lower middle income,Middle East & North Africa,12961626484.0,27125991305.0,-0.0224334498544197,-0.0653068489115266,1.4798021648153197,0.0725049375248949,-0.0428916291394318,0.0569108799860781,-0.4938461491072797
1.0,1.0,25.680394863519524,3.24959612047044,-6.0,33.0,20.0,IRN,1981,Iran,Lower middle income,Middle East & North Africa,12431487009.0,28082907606.0,-0.0173634102257703,-0.0412050668988408,1.2805420352065882,0.0670381017161723,-0.0418753135079636,0.0480663247663252,-0.5338855128480677
0.0,1.0,25.88880010225865,3.302536618751508,-6.0,33.0,21.0,IRN,1982,Iran,Lower middle income,Middle East & North Africa,21524982663.0,26415543503.0,0.0047336330820423,-0.0322010235866788,1.614662040533993,0.0324156508997649,-0.0368770411519258,0.0333758693836359,-0.3404197290918175
0.0,1.0,25.99394475619049,3.3414642667103567,-6.0,33.0,22.0,IRN,1983,Iran,Lower middle income,Middle East & North Africa,22725836920.0,37834565739.0,0.006077053299923,-0.0251692572034051,1.6628881735366037,0.0252707461116725,-0.0400997533425077,0.0320655425023397,-0.3389096569020763
1.0,1.0,25.91986604275142,3.3790810775788684,-6.0,33.0,23.0,IRN,1984,Iran,Lower middle income,Middle East & North Africa,18359078550.0,26971526132.0,-0.0248883640507422,-0.0301294315069829,1.6373889630788725,0.0505905167995843,-0.0469928637338521,0.0304594664495694,-0.3364629466451326
1.0,1.0,25.9383700586254,3.4158147041581315,-6.0,33.0,24.0,IRN,1985,Iran,Lower middle income,Middle East & North Africa,16006784597.0,25746070825.0,-0.0272116775366799,-0.0281558036491496,1.6478401578937063,0.0462207289234667,-0.0507479202365412,0.0306125380525804,-0.3344096221070154
1.0,1.0,25.83539819316577,3.4527145995936244,-6.0,33.0,25.0,IRN,1986,Iran,Lower middle income,Middle East & North Africa,7802605539.0,21773514754.0,-0.0207269188307898,-0.0390322421912981,1.5376925925462757,0.0496174233129364,-0.0477676297638474,0.0299106373260232,-0.35010902658929
1.0,1.0,25.833674065201464,3.4885580140439085,-6.0,33.0,26.0,IRN,1987,Iran,Lower middle income,Middle East & North Africa,12271835670.0,11695655291.0,-0.0197372125654936,-0.0391395296624023,1.508427586417569,0.0441185490832681,-0.0516188659538338,0.0291582947625968,-0.3238876174669496
1.0,1.0,25.770927129879112,3.520835032456203,-6.0,33.0,27.0,IRN,1988,Iran,Lower middle income,Middle East & North Africa,8964962592.0,17595820159.0,-0.0213125543302075,-0.0404214829127148,1.426151740181391,0.0471185757086828,-0.0517722929944878,0.0279556076687304,-0.3029703027714924
1.0,1.0,25.8304408576747,3.550041884599514,-6.0,33.0,28.0,IRN,1989,Iran,Lower middle income,Middle East & North Africa,11841502482.0,21819187476.0,-0.0215981539211299,-0.040805063909208,1.477162269787841,0.0448960220760366,-0.0608261128229017,0.0260611619816194,-0.2761010380520194
1.0,1.0,25.957908309323727,3.579155952236472,-6.0,33.0,29.0,IRN,1990,Iran,Lower middle income,Middle East & North Africa,16573631050.0,29707835778.0,-0.0293869911160521,-0.0326330636299899,1.6154699388970717,0.0387971581193159,-0.0708555638654672,0.0181406819603797,-0.2007490452571623
1.0,1.0,26.077613759319373,3.606307732616627,-6.0,33.0,30.0,IRN,1991,Iran,Lower middle income,Middle East & North Africa,18198012421.0,39978163184.0,-0.03127405692904,-0.0294974447981591,1.6608126406397783,0.0372990470987488,-0.0929280528842098,0.0179773884151993,-0.1799825638116385
1.0,1.0,26.110061004758244,3.6260827945210026,-6.0,33.0,31.0,IRN,1992,Iran,Lower middle income,Middle East & North Africa,15767057949.0,32617010800.0,-0.0330825267465568,-0.026511419136303,1.6614277396985548,0.0360821632132033,-0.1100090369470886,0.0163763144001383,-0.121014918565817
1.0,1.0,26.09524250358134,3.629648547968207,-6.0,33.0,32.0,IRN,1993,Iran,Lower middle income,Middle East & North Africa,16197325831.0,13150789257.0,-0.0309579139246605,-0.0283646471712451,1.6494783748419826,0.0384034059822372,-0.1210988499196918,0.0132999183693792,-0.0625761515301823
1.0,1.0,26.078114754230104,3.6315530565772813,-6.0,33.0,33.0,IRN,1994,Iran,Lower middle income,Middle East & North Africa,20321213941.0,9571397629.0,-0.0311004349916252,-0.0285711403696174,1.6540981811189974,0.038070402117057,-0.1305181385480079,0.0138185390280156,-0.0239598251541058
1.0,1.0,26.10183973446,3.642625508222207,-6.0,33.0,34.0,IRN,1995,Iran,Lower middle income,Middle East & North Africa,20900063457.0,12985745384.0,-0.0261445501254078,-0.0265698927634966,1.6457678414015326,0.0353977863257743,-0.1480010547603646,0.0135067349405171,0.0336007597816782
1.0,1.0,26.16340823363107,3.653429832986487,-6.0,33.0,35.0,IRN,1996,Iran,Lower middle income,Middle East & North Africa,24315730858.0,18092098185.0,-0.0192919798079591,-0.0242929269603261,1.617798195321976,0.0308227154782807,-0.1559680248308061,0.0129480390102016,0.0776693670942317
1.0,1.0,26.17682471671799,3.6654175259956716,3.0,33.0,36.0,IRN,1997,Iran,Lower middle income,Middle East & North Africa,19682874298.0,17511229164.0,-0.0158021813276676,-0.020770289155417,1.578972598931504,0.0215998829436133,-0.1519140627955194,0.012969035306615,0.1396680403704339
1.0,1.0,26.1974087065447,3.679154078838865,3.0,33.0,37.0,IRN,1998,Iran,Lower middle income,Middle East & North Africa,13986840980.0,18245137477.0,-0.0171411186460195,-0.0204265913973573,1.5785408208755112,0.0154238497454478,-0.1532253394165746,0.0128150520714103,0.1550813704052462
1.0,1.0,26.217240443473433,3.69339708050579,3.0,33.0,38.0,IRN,1999,Iran,Lower middle income,Middle East & North Africa,21963669399.0,17752833900.0,-0.0225887600693821,-0.0177026388250689,1.6131084327341234,0.0005440990841715,-0.1635078001777532,0.0164990214172266,0.2004890345056013
1.0,1.0,26.27404863578269,3.7081590370482203,3.0,33.0,39.0,IRN,2000,Iran,Lower middle income,Middle East & North Africa,23526115003.0,21688407084.0,-0.0285686858509724,-0.016215318768932,1.623763922151801,-0.0200072201556941,-0.1700812278232335,0.0192808648087021,0.2628751430052063
1.0,1.0,26.297691052292567,3.7235973189237055,3.0,33.0,40.0,IRN,2001,Iran,Lower middle income,Middle East & North Africa,24491811634.0,26939208541.0,-0.0278490082035016,-0.0162795652337188,1.6251340495326343,-0.0226662869080744,-0.1741957336286804,0.0230533947716263,0.2982308142342315
1.0,1.0,26.375379508123856,3.731855128759338,3.0,33.0,41.0,IRN,2002,Iran,Lower middle income,Middle East & North Africa,31402849783.0,30560192008.0,-0.0266794114063387,-0.0149374571181997,1.6842884887165617,-0.0210138219460657,-0.1650665256237427,0.033071834833268,0.3362568065070346
1.0,0.0,26.458243314989776,3.7429390170127816,3.0,33.0,42.0,IRN,2003,Iran,Lower middle income,Middle East & North Africa,37411894955.0,39575353988.0,-0.0238460795274322,0.0031862402512325,1.8158952276824631,-0.0174931458618126,-0.1535809853034749,0.0389631150407993,0.3960236139900904
1.0,0.0,26.500695225104174,3.764331222611637,-7.0,33.0,43.0,IRN,2004,Iran,Lower middle income,Middle East & North Africa,47439812814.0,48904300000.0,-0.0382569785760121,0.0014447280908128,2.10931200533811,-0.023845502022285,-0.1309383552745643,0.0564438588108094,0.5353833697764651
1.0,0.0,26.532095778265713,3.7864617175983204,-6.0,33.0,44.0,IRN,2005,Iran,Lower middle income,Middle East & North Africa,68235356550.0,54239627796.0,-0.0379081286544552,0.0016147386035887,2.143644392287496,-0.0231675393811351,-0.1400007041639482,0.0654118214285886,0.6647095945808137
1.0,0.0,26.58088465631748,3.808006126907736,-6.0,33.0,45.0,IRN,2006,Iran,Lower middle income,Middle East & North Africa,79332810982.0,61880856748.0,-0.0485490206640934,0.0008307285564742,2.3096436649661407,-0.0266103342461029,-0.114803495131522,0.0684401656598757,0.7440988390218914
1.0,0.0,26.659286382123092,3.8243570133520786,-6.0,33.0,46.0,IRN,2007,Iran,Lower middle income,Middle East & North Africa,100877000000.0,73597500000.0,-0.0506195540201326,0.0007534800017642,2.350723396920536,-0.0247098303339482,-0.1115770148993797,0.0648052820218473,0.8227096070463947
1.0,0.0,26.661790998760175,3.8365017819049845,-6.0,33.0,47.0,IRN,2008,Iran,Lower middle income,Middle East & North Africa,107922000000.0,87923600000.0,-0.0510527862274773,0.0014845687204512,2.31912974884451,-0.0238722200659366,-0.113082537268203,0.0646655448229229,0.8615310524046876
1.0,0.0,26.67181505420245,3.8489202924911394,-7.0,33.0,48.0,IRN,2009,Iran,Lower middle income,Middle East & North Africa,94038986374.0,86903100000.0,-0.0512052992464138,0.0006325423246095,2.3162258011320342,-0.0229279062335514,-0.1079452447844393,0.0659708073660703,0.8790605125423085
1.0,0.0,26.72817707077315,3.861437031777662,-7.0,33.0,49.0,IRN,2010,Iran,Lower middle income,Middle East & North Africa,118843000000.0,94350200000.0,-0.0501385937126679,0.000866164557882,2.314015661778922,-0.0261331190591383,-0.1065998768888907,0.0651659062432381,0.900303073714425
1.0,0.0,26.7542899820874,3.8737957071868347,-7.0,33.0,50.0,IRN,2011,Iran,Lower middle income,Middle East & North Africa,156851000000.0,102453000000.0,-0.0492420478653724,0.0015952475499252,2.3797313433654814,-0.0289181760450421,-0.0938582965177225,0.0572552380383709,0.9323839128515564
1.0,0.0,26.71609694987783,3.886308781445518,-7.0,33.0,51.0,IRN,2012,Iran,Lower middle income,Middle East & North Africa,144745000000.0,139199000000.0,-0.0508731782571055,0.0014989524215663,2.302105629616208,-0.0247507203010176,-0.1083250849880599,0.0657179428930816,0.9158153018955209
1.0,0.0,26.700760761659858,3.8993778321566888,-7.0,33.0,52.0,IRN,2013,Iran,Lower middle income,Middle East & North Africa,126015000000.0,109607000000.0,-0.0511179587484985,0.0014596134329163,2.295221360528255,-0.0239273213373392,-0.1096578912668791,0.0669517837120322,0.915973008663456
1.0,1.0,26.749407135185322,3.9128091227569355,-7.0,33.0,53.0,IRN,2014,Iran,Lower middle income,Middle East & North Africa,105543000000.0,104110000000.0,-0.0484745494011476,-0.0008183313704372,2.307522939499354,-0.0254300501324318,-0.1093932361532622,0.065173139649723,0.923053231827534
1.0,1.0,26.735054933948803,3.926425070808571,-7.0,33.0,54.0,IRN,2015,Iran,Lower middle income,Middle East & North Africa,76604098445.0,84709856958.0,-0.0506124762423968,-0.0007883512874118,2.288150804598263,-0.0271896779938627,-0.1142695067103654,0.0642129178786139,0.9112258275495082
1.0,1.0,26.81953399466939,3.9407599265227446,-7.0,33.0,55.0,IRN,2016,Iran,Lower middle income,Middle East & North Africa,97206283743.0,93653399160.0,-0.0488873536410358,-0.0008448433402464,2.4207817925440183,-0.0362202825155992,-0.0925033051265498,0.0433778295370922,0.9444165131096388
1.0,1.0,26.8467450019575,3.958997790221686,-7.0,33.0,56.0,IRN,2017,Iran,Lower middle income,Middle East & North Africa,111400000000.0,108797000000.0,-0.0504190366726314,-0.00134637348597,2.44352895348256,-0.0377360306519149,-0.0915776937774689,0.0401353348465839,0.9465620902641352
1.0,1.0,26.82395019305029,3.9717502560686553,-7.0,33.0,57.0,IRN,2018,Iran,Lower middle income,Middle East & North Africa,122087000000.0,111114000000.0,-0.0496830715855072,-0.0013150957640548,2.436673120263545,-0.0351511938054514,-0.1039344539972415,0.0431277209527907,0.962229074927452
0.0,0.0,23.260927275194028,3.102766160444894,-7.0,34.0,9.0,IRQ,1970,Iraq,Upper middle income,Middle East & North Africa,1224999510.0,662479735.0,0.0074768392125683,-0.0025178065359435,-0.5933414667785909,0.0802212756887163,0.1213483165470709,0.0963510670440232,-1.5390437053182078
0.0,0.0,23.313278259122928,3.1373116381989523,-7.0,34.0,10.0,IRQ,1971,Iraq,Upper middle income,Middle East & North Africa,1687411598.0,888826025.5,0.0074796718252444,-0.0024237713307059,-0.577208401256985,0.0903531308994999,0.1295753282244305,0.1160896208107884,-1.4483342331924876
0.0,0.0,23.349950571921287,3.171677752967011,-7.0,34.0,11.0,IRQ,1972,Iraq,Upper middle income,Middle East & North Africa,1519074797.0,883748873.5,0.0067609193225052,-0.0022819812060387,-0.6086078279755068,0.0912986249957726,0.1167355237730269,0.1198042443978986,-1.3571134841481332
0.0,0.0,23.39318969629512,3.2061393212619493,-7.0,34.0,12.0,IRQ,1973,Iraq,Upper middle income,Middle East & North Africa,2378672829.0,1263453285.0,0.0051738539693291,-0.0009198130806486,-0.6442293490106517,0.0930253193259074,0.0655126719110912,0.1232202313154775,-1.0435715703439588
0.0,1.0,23.542586528808958,3.2400069054578657,-7.0,34.0,13.0,IRQ,1974,Iraq,Upper middle income,Middle East & North Africa,7029800203.0,3636302066.0,0.0047931849669292,0.0067555514354179,-0.5267169860835008,0.0901865671585176,0.0145592177884815,0.0814117420916809,-0.8315385511041031
0.0,1.0,23.660286580387766,3.273110309412353,-7.0,34.0,14.0,IRQ,1975,Iraq,Upper middle income,Middle East & North Africa,7042668473.0,5729766339.0,0.0078674339867997,0.0099383183376552,-0.3919959536303037,0.0946916983073944,0.0022999029567363,0.0811708915766331,-0.7174526070448948
0.0,1.0,23.818785823538512,3.3058350783660915,-7.0,34.0,15.0,IRQ,1976,Iraq,Upper middle income,Middle East & North Africa,10185912631.0,6376227565.0,0.0137069226390085,0.0134336155383072,-0.1530399767358718,0.0987637179863541,-0.0049768373159916,0.065186445485401,-0.7984549613851204
0.0,1.0,23.837607179253045,3.3390959073565774,-7.0,34.0,16.0,IRQ,1977,Iraq,Upper middle income,Middle East & North Africa,11148662377.0,8100575686.0,0.0167145358035186,0.0071075108797516,-0.1136532928232341,0.106557785533591,-0.0093957321677981,0.0473937593654949,-0.7113738137954994
0.0,1.0,23.995097687084698,3.372770134463991,-7.0,34.0,17.0,IRQ,1978,Iraq,Upper middle income,Middle East & North Africa,13467998645.0,7520487640.0,0.0140832392547251,-0.0052942561664736,-0.0147895477355311,0.1241607219409351,-0.0116396304483848,0.0514389103066261,-0.6659485043401092
0.0,1.0,24.184636928865938,3.4049449899311384,-9.0,34.0,18.0,IRQ,1979,Iraq,Upper middle income,Middle East & North Africa,23617676939.0,11784964443.0,0.0088881423256711,0.0026257096316028,0.1053259180575413,0.1522282996048594,0.047966146607891,0.0361704796228751,-0.4885082155697707
1.0,1.0,24.405808351579118,3.4364565560287397,-9.0,34.0,19.0,IRQ,1980,Iraq,Upper middle income,Middle East & North Africa,33374666667.0,16592000000.0,-0.0146123796401246,-0.0034700478427251,0.1871209467171928,0.4259908303340045,0.0926405037426704,0.0422270120096873,-0.3548617521983965
1.0,1.0,24.398494394622837,3.4664887718227075,-9.0,34.0,20.0,IRQ,1981,Iraq,Upper middle income,Middle East & North Africa,11959333333.0,23561000000.0,-0.0164829663941065,-0.0037311749434376,0.1662330560800557,0.4026144897929345,0.0885654815449808,0.0372719952461491,-0.3194167514279486
1.0,0.0,24.43225772435679,3.4946263081701527,-9.0,34.0,21.0,IRQ,1982,Iraq,Upper middle income,Middle East & North Africa,11168333333.0,28158000000.0,-0.0138818544247723,0.0012690340841589,0.0168279991933204,0.3910875770427626,0.084410062533003,0.036355520018344,-0.3325890983392287
1.0,0.0,24.292152630483013,3.5243393961584424,-9.0,34.0,22.0,IRQ,1983,Iraq,Upper middle income,Middle East & North Africa,10023870968.0,13407419355.0,-0.0176445097040015,-0.0015403362900153,0.0480389541832962,0.3894723446266982,0.0757964514308682,0.0388834367765787,-0.3165895235258695
1.0,1.0,24.277188811939396,3.5555298458227833,-9.0,34.0,23.0,IRQ,1984,Iraq,Upper middle income,Middle East & North Africa,12046129032.0,13923870968.0,-0.0168958564158331,0.0014371026516323,0.0523145358144948,0.3995686423304091,0.0768251392937294,0.0387595344065177,-0.3266471847874989
1.0,1.0,24.291623097211254,3.579580501317584,-9.0,34.0,24.0,IRQ,1985,Iraq,Upper middle income,Middle East & North Africa,12176451613.0,14438709677.0,-0.0192167360626237,0.0017580879352179,0.0521137673094863,0.3964970611067222,0.0767458418558263,0.0403061599463564,-0.3233682217930212
1.0,1.0,24.33705133618538,3.604187840754527,-9.0,34.0,25.0,IRQ,1986,Iraq,Upper middle income,Middle East & North Africa,7799354839.0,12495483871.0,-0.0190860632022932,0.0037071389638875,0.0305467235398168,0.3942453325987722,0.0669748630376354,0.0400137068983095,-0.3488099573455492
1.0,1.0,24.42602586437249,3.631611025163724,-9.0,34.0,26.0,IRQ,1987,Iraq,Upper middle income,Middle East & North Africa,13184193548.0,14833548387.0,-0.0190866006717768,-0.0027596446670901,0.0880282525330698,0.3941479989179377,0.07483069214217,0.0402366341257447,-0.2637735074458464
1.0,1.0,24.425835476885275,3.654811080334566,-9.0,34.0,27.0,IRQ,1988,Iraq,Upper middle income,Middle East & North Africa,12340967742.0,14299677419.0,-0.0429860844307485,-0.021375686878531,0.0218669963113866,0.3553827812998033,0.0702247896464766,0.0337445717345782,-0.2851248444676032
1.0,1.0,24.394153509604216,3.6814060710736745,-9.0,34.0,28.0,IRQ,1989,Iraq,Upper middle income,Middle East & North Africa,14460000000.0,15055806452.0,-0.244119564515155,-0.0208502597776839,-0.2065360346109561,0.0679483105398866,0.0350851079768479,0.0264964215574145,-0.4666851057067359
1.0,1.0,24.850424706288536,3.6938062507452165,-9.0,34.0,29.0,IRQ,1990,Iraq,Upper middle income,Middle East & North Africa,13888387097.0,13400645161.0,-0.0483704357685633,-0.0309609552223901,0.9377398604991742,0.0443031572451658,-0.02215722779675,0.0135405972723156,-0.0814688338653838
1.0,1.0,23.827464074822256,3.7043328039115826,-9.0,34.0,30.0,IRQ,1991,Iraq,Upper middle income,Middle East & North Africa,5262247.839,10197886.65,-0.8233435035084561,-0.0066332365440155,-1.3862106866062651,-0.5218718160343285,-0.0704372541308912,-0.0028029273722093,-1.1300426600301907
1.0,1.0,24.109572225791315,3.7339229939196423,-9.0,34.0,31.0,IRQ,1992,Iraq,Upper middle income,Middle East & North Africa,3224627.225,7412217.412,-0.9136834307033802,-0.0301169440153158,-1.3945016483254156,-0.6511286566434622,-0.1515220180333303,-0.0100887368182788,-1.2786206380041465
1.0,1.0,24.37416346633778,3.7819482769077752,-9.0,34.0,32.0,IRQ,1993,Iraq,Upper middle income,Middle East & North Africa,779620.7771,4841348.776,-0.9211579813698726,-0.066759232248839,-1.448001261265681,-0.6973042125405271,-0.1937895007573934,-0.0085010899152876,-1.3939418892473128
1.0,1.0,24.411984473904962,3.8296740646255065,-9.0,34.0,33.0,IRQ,1994,Iraq,Upper middle income,Middle East & North Africa,1419562.915,2555116.973,-0.8905043973016159,-0.1056578071945979,-1.7290852302482898,-0.657666010385868,-0.2299033737501774,-0.0082207383270925,-1.583263092201766
1.0,1.0,24.43296309078674,3.8631712438616335,-9.0,34.0,34.0,IRQ,1995,Iraq,Upper middle income,Middle East & North Africa,693280.9521,2014366.322,-0.8010230379415252,-0.1142543828985394,-1.9386891507938864,-0.5818580145862294,-0.2659760298852907,-0.0093380423642332,-1.5938019217884638
1.0,1.0,24.537510346643334,3.8950901353409355,-9.0,34.0,35.0,IRQ,1996,Iraq,Upper middle income,Middle East & North Africa,955911.8558,1849551.415,-0.4439761533170834,-0.0860541872320486,-2.4660018861542303,-0.3021598400931723,-0.2080206903869484,-0.0255584772145642,-1.4802102289846124
1.0,1.0,24.7300951896766,3.9260131235592626,-9.0,34.0,36.0,IRQ,1997,Iraq,Upper middle income,Middle East & North Africa,13257740143.0,8792081556.0,-0.0637581289173185,-0.0093347144347907,0.7671063445910591,0.0111939439396426,-0.0562284134742106,-0.0074078285412993,0.2438609086933713
1.0,1.0,25.029140666899536,3.957431172133488,-9.0,34.0,37.0,IRQ,1998,Iraq,Upper middle income,Middle East & North Africa,16060750015.0,11204358033.0,-0.0588896051492603,-0.0100970486812847,0.9980845173080845,0.0089299427236307,-0.0524482118849654,0.0032051733066012,0.2773973297387426
1.0,1.0,25.19110870577574,3.9897690298657307,-9.0,34.0,38.0,IRQ,1999,Iraq,Upper middle income,Middle East & North Africa,28632988389.0,22379651774.0,-0.0445222859948372,-0.0074268020796786,1.0707067973653963,0.0141044110293103,-0.0632549084872206,0.0176037828178517,0.3074037391327276
1.0,1.0,25.347444217105174,4.022544308365216,-9.0,34.0,39.0,IRQ,2000,Iraq,Upper middle income,Middle East & North Africa,36613563338.0,24004542302.0,-0.0304279610017467,-0.0108334912561101,1.194010033152838,0.0217205369174221,-0.1212176012683698,0.0413578146592686,0.3072463208392839
1.0,1.0,25.364902947891164,4.053734036833728,-9.0,34.0,40.0,IRQ,2001,Iraq,Upper middle income,Middle East & North Africa,23613582831.0,22250987890.0,-0.0275041922301373,-0.010951388307355,1.1940497165452693,0.0182748945237117,-0.1227624279752281,0.0435518742617094,0.3313993095110599
1.0,1.0,25.279362944736672,4.0853245356533465,-9.0,34.0,41.0,IRQ,2002,Iraq,Upper middle income,Middle East & North Africa,23237627426.0,16198164181.0,-0.0254531089990066,-0.0057743280474136,1.0479633388552017,0.0259834602470783,-0.0774193217853558,0.0286724485443159,0.399851843763946
0.0,1.0,25.515048361145613,4.269423243437532,3.0,34.0,49.0,IRQ,2010,Iraq,Upper middle income,Middle East & North Africa,54598900000.0,47207400000.0,-0.0008276869460801,-0.006197561265471,1.413232401418081,0.0410440126093275,-0.0649364209355255,0.0591519848928825,1.1292895623971293
0.0,1.0,25.587803493805986,4.304741411341383,3.0,34.0,50.0,IRQ,2011,Iraq,Upper middle income,Middle East & North Africa,82505400000.0,51552600000.0,-0.0007620328145348,-0.0063722226733455,1.418784349109626,0.0412258860699843,-0.0651520275272446,0.0588027759305022,1.127237542398085
0.0,1.0,25.7182729784899,4.350130628090616,3.0,34.0,51.0,IRQ,2012,Iraq,Upper middle income,Middle East & North Africa,97029491174.0,63439263881.0,-0.0005451541524131,-0.0069746955940006,1.467169799378537,0.0300722266888648,-0.0578080793120255,0.05999886687592,1.0843718227858037
0.0,1.0,25.791792609458444,4.397788464570792,3.0,34.0,52.0,IRQ,2013,Iraq,Upper middle income,Middle East & North Africa,93065600000.0,65103700000.0,-0.0003082408642004,-0.0071557218634326,1.5018037307912246,0.0277877970660354,-0.0585061336799649,0.060816998702209,1.061422847471711
0.0,1.0,25.793759969525798,4.433098657945284,6.0,34.0,53.0,IRQ,2014,Iraq,Upper middle income,Middle East & North Africa,88949000000.0,68617800000.0,-0.0003204395329457,-0.0070940921412442,1.4952563590571806,0.0266397376243598,-0.0650632563457838,0.0597464341992146,1.0616281946890471
0.0,1.0,25.83990543942148,4.460369755598517,6.0,34.0,54.0,IRQ,2015,Iraq,Upper middle income,Middle East & North Africa,57560658811.0,58500390394.0,-0.0007762858720109,-0.0070814116193164,1.508038876579125,0.0222590289599584,-0.0745202242755658,0.0622619770182225,1.0222280953702667
0.0,1.0,25.969068110383148,4.48428487829555,6.0,34.0,55.0,IRQ,2016,Iraq,Upper middle income,Middle East & North Africa,46869152413.0,44153354784.0,-0.0008654432392846,-0.0043314537379862,1.5400803343333054,0.0156932427210443,-0.091859269251446,0.0672879137225642,0.9593981688344144
0.0,1.0,25.950704626610676,4.506590383026829,6.0,34.0,56.0,IRQ,2017,Iraq,Upper middle income,Middle East & North Africa,63496860304.0,48423565034.0,-0.0008605044562441,-0.0047956669510149,1.5404369910240472,0.0152867531981194,-0.0922985066530831,0.066985933112105,0.9606484941086844
0.0,1.0,25.976700893706006,4.5299139599046185,6.0,34.0,57.0,IRQ,2018,Iraq,Upper middle income,Middle East & North Africa,92771934475.0,56839934052.0,-0.0008262972675596,-0.0045602530663628,1.544839088647865,0.0143197864863715,-0.0923959130169924,0.0672022940547144,0.9619630642893152
0.0,0.0,24.304932941649653,3.7595040318771793,10.0,32.0,9.0,IRL,1970,Ireland,High income,Europe & Central Asia,1454713665.0,1817051597.0,0.0342093875412341,-0.0058282692934689,0.1050691913852834,0.0165791704185073,0.0789787323254003,0.0737188264098124,-1.6698920201951497
0.0,0.0,24.339043383768995,3.7712030205733957,10.0,32.0,10.0,IRL,1971,Ireland,High income,Europe & Central Asia,1647964737.0,2033167880.0,0.0341289900789455,-0.0070563044723534,0.1361668649394206,0.010324573144721,0.0818942960204876,0.078874128748817,-1.5762994208157648
0.0,0.0,24.401922479298378,3.786065043329073,10.0,32.0,11.0,IRL,1972,Ireland,High income,Europe & Central Asia,1954551534.0,2318300551.0,0.033382824995718,-0.00567720610268,0.1618255109692635,0.0008448661672971,0.0812414157345417,0.0763318420070981,-1.4736314366818424
0.0,0.0,24.448056045246993,3.8021038009421555,10.0,32.0,12.0,IRL,1973,Ireland,High income,Europe & Central Asia,2545049199.0,3083459386.0,0.0435256178107913,0.0018146476513527,0.1180686085680084,-0.0248038693149104,0.0602889680970388,0.0596308258625803,-1.1353905630512229
0.0,0.0,24.489775835459696,3.8186705537429506,10.0,32.0,13.0,IRL,1974,Ireland,High income,Europe & Central Asia,3009300313.0,4151309151.0,0.064732127915471,0.0056745806634838,0.1378901287410465,-0.0356609439551043,0.0523537946112411,0.0366528313141829,-0.9347095883960964
0.0,0.0,24.544800296072534,3.8351240903061568,10.0,32.0,14.0,IRL,1975,Ireland,High income,Europe & Central Asia,3624897213.0,4251090592.0,0.0443956027598338,0.0114758541377071,0.3527191444079867,-0.0234791657823179,0.0696887291892727,0.0467046565256945,-0.9323034969644468
0.0,0.0,24.55865199519629,3.8502155462102894,10.0,32.0,15.0,IRL,1976,Ireland,High income,Europe & Central Asia,3914804699.0,4710653835.0,0.041256322528081,0.0101417997470236,0.4737152474274246,-0.0068058475422476,0.0636216654927925,0.032233979018456,-0.8661814456893996
0.0,0.0,24.63756762064601,3.863758178704831,10.0,32.0,16.0,IRL,1977,Ireland,High income,Europe & Central Asia,4973657096.0,6049699134.0,0.0106667379882199,0.0145880585700492,0.6315918434700865,-0.0074002488995931,0.0682790560188401,0.0185199041253727,-0.7389927653701128
0.0,0.0,24.706969874132312,3.8779462466114865,10.0,32.0,17.0,IRL,1978,Ireland,High income,Europe & Central Asia,6547731803.0,8058103292.0,0.0111445900499507,0.0158819469488593,0.6677510138691705,0.0040920390953646,0.0802581357970154,0.0169042915616498,-0.6668991939736392
0.0,0.0,24.737237520201376,3.89126913481947,10.0,32.0,18.0,IRL,1979,Ireland,High income,Europe & Central Asia,8154121534.0,11135980013.0,0.010132469518674,0.0252153569193835,0.6916035561544037,0.0144961547569997,0.0796849446145499,0.0214107893540258,-0.5505890054869684
0.0,0.0,24.76756621720984,3.9027773180814203,10.0,32.0,19.0,IRL,1980,Ireland,High income,Europe & Central Asia,9647826509.0,12600904677.0,0.0103422928777114,0.0274718532655119,0.7084547262784516,0.0192452740850918,0.0915704173732098,0.0265112762301031,-0.4334611389963284
0.0,0.0,24.80027747840496,3.9144876678508886,10.0,32.0,20.0,IRL,1981,Ireland,High income,Europe & Central Asia,8965729497.0,11905906959.0,0.0101015093667468,0.0274856942039601,0.7047514969677391,0.0184227648093915,0.090533702384604,0.0238902046726965,-0.3890767581686413
0.0,0.0,24.82285535263746,3.923941822490911,10.0,32.0,21.0,IRL,1982,Ireland,High income,Europe & Central Asia,9241993070.0,10937756539.0,0.0101021231199787,0.02609526293344,0.7232363199693438,0.0183264430792392,0.0936079077443425,0.0250310605221694,-0.3762175776422323
0.0,0.0,24.820409340990437,3.9310312123540463,10.0,32.0,22.0,IRL,1983,Ireland,High income,Europe & Central Asia,9750540276.0,10545459528.0,0.0101324180464571,0.0260904613876032,0.7296091313836858,0.0210500208556151,0.0941513513905584,0.0251850925595917,-0.367214838041055
0.0,0.0,24.86303170312709,3.9372282871665956,10.0,32.0,23.0,IRL,1984,Ireland,High income,Europe & Central Asia,10718897046.0,11057699334.0,0.0101884758699601,0.029182467889205,0.7889833384922756,0.0260526378122381,0.0982491779394832,0.0271127102090824,-0.3300422783191848
0.0,0.0,24.893421367804965,3.93882902184073,10.0,32.0,24.0,IRL,1985,Ireland,High income,Europe & Central Asia,11493857750.0,11426996752.0,0.0102063738785743,0.0293858262454124,0.7994888544050854,0.0245047321361036,0.1023202718499193,0.0276559673069138,-0.3140478428600682
0.0,0.0,24.889128856991206,3.939283402144576,10.0,32.0,25.0,IRL,1986,Ireland,High income,Europe & Central Asia,14098603222.0,13790559559.0,0.0101319590015153,0.0290607353725584,0.8042077211610511,0.0245977524182741,0.1086031259965648,0.0273654470005354,-0.298028015113241
0.0,0.0,24.93470520837732,3.9393870780991014,10.0,32.0,26.0,IRL,1987,Ireland,High income,Europe & Central Asia,17787856976.0,16385098315.0,0.0100904934564764,0.0273852495823924,0.8491433507496519,0.0250886430492162,0.1312447584788032,0.0306778557006973,-0.2352389462459029
0.0,0.0,24.985563842717976,3.9351102174670123,10.0,32.0,27.0,IRL,1988,Ireland,High income,Europe & Central Asia,20998862627.0,18745179364.0,0.0099172209451907,0.024312904552271,0.887968939085713,0.0318162240959114,0.1470270429781365,0.0265298670652481,-0.1690296046274145
0.0,0.0,25.04207573791004,3.9311477098492764,10.0,32.0,28.0,IRL,1989,Ireland,High income,Europe & Central Asia,23122490233.0,21007092309.0,0.0101344305347942,0.0242957338127053,0.9920452387135054,0.0394565673116256,0.173649670767723,0.032814171811049,-0.0743210407274943
0.0,0.0,25.123347175153082,3.9319918400875875,10.0,32.0,29.0,IRL,1990,Ireland,High income,Europe & Central Asia,26973247362.0,24812175329.0,0.0099141934456513,0.0245548884904279,1.079798637666589,0.0423917959512774,0.1917421258772421,0.0348120643605934,-0.0230135936504262
0.0,0.0,25.142459753635325,3.9377411179648765,10.0,32.0,30.0,IRL,1991,Ireland,High income,Europe & Central Asia,27672807707.0,25321115477.0,0.0094733846581807,0.0219974948816755,1.1088050872750217,0.0444363772387733,0.1962550212209968,0.0336097960629962,0.0186810184114315
0.0,0.0,25.175345772656367,3.9445636857983786,10.0,32.0,31.0,IRL,1992,Ireland,High income,Europe & Central Asia,32659481442.0,28596731877.0,0.0095147408895733,0.0177360826953762,1.1229383669778576,0.0432843214110399,0.1923234697318524,0.0339015438663845,0.0923906636583905
0.0,0.0,25.20191573897043,3.9495620906296898,10.0,32.0,32.0,IRL,1993,Ireland,High income,Europe & Central Asia,33215365740.0,27904818002.0,0.0092804241579281,0.0179368943625404,1.1384274835373498,0.0467816899303649,0.1954671216315955,0.0366120106992508,0.1371355326873362
0.0,0.0,25.257878471584927,3.953503966909974,10.0,32.0,33.0,IRL,1994,Ireland,High income,Europe & Central Asia,38803585395.0,33418612485.0,0.0084842406115526,0.0183015912476784,1.2252960248132547,0.048079732663229,0.2129813657707631,0.0425069137698099,0.178686587212753
0.0,0.0,25.3498549903078,3.9586309174545833,10.0,32.0,34.0,IRL,1995,Ireland,High income,Europe & Central Asia,50831584596.0,43269875000.0,0.0062942603884647,0.0157683075306798,1.396736975627647,0.0442259223284749,0.2571196443901526,0.0711967789957061,0.1913352683217244
0.0,0.0,25.421060782040325,3.966543631095112,10.0,32.0,35.0,IRL,1996,Ireland,High income,Europe & Central Asia,56772605847.0,48476633065.0,0.0029774603151231,0.0157293748078051,1.431645883828429,0.0411249987141314,0.2687407680486787,0.0757395270835279,0.2198544424784165
0.0,0.0,25.525613350960445,3.976571778388167,10.0,32.0,36.0,IRL,1997,Ireland,High income,Europe & Central Asia,63903008596.0,53976683381.0,-0.0008507103941206,0.0155095074013246,1.4404213300062103,0.0368998277666423,0.2875270515050945,0.0796985134723757,0.2673920380524065
1.0,0.0,25.609644688023124,3.98700254672654,10.0,32.0,37.0,IRL,1998,Ireland,High income,Europe & Central Asia,76059795895.0,66249949535.0,-0.0037988542871648,0.0166561733233884,1.5886976978058158,0.0146843392690552,0.3211208711139351,0.0830168104922953,0.2770883845308326
1.0,0.0,25.709758700407775,3.998275542354803,10.0,32.0,38.0,IRL,1999,Ireland,High income,Europe & Central Asia,85503791297.0,72598943756.0,0.0157962056415124,0.0133995461648208,1.6488470897146486,0.0158608747847564,0.3197997200871917,0.0898654547420354,0.3182005559832381
1.0,0.0,25.799632690227245,4.011605968967914,10.0,32.0,39.0,IRL,2000,Ireland,High income,Europe & Central Asia,94585397045.0,80732344853.0,0.0407363733809205,0.0117139375106471,1.6677668669596648,0.0205879571561631,0.2908294536226691,0.0977232924163085,0.3598475636100299
1.0,0.0,25.85133447593473,4.027527483765546,10.0,32.0,40.0,IRL,2001,Ireland,High income,Europe & Central Asia,104125000000.0,87057814273.0,0.0550111131046444,0.0133766450809016,1.737716868824342,0.0197482915110059,0.2987213305054086,0.103634139224644,0.4336023451062318
1.0,0.0,25.908649640116494,4.044378972360477,10.0,32.0,41.0,IRL,2002,Ireland,High income,Europe & Central Asia,116314000000.0,94222138296.0,0.0643478109294634,0.0114350425693288,1.770770114136838,0.0173703182150311,0.3005149529957774,0.1043250103960906,0.4582604805732361
1.0,0.0,25.938342888920705,4.0606684820223675,10.0,32.0,42.0,IRL,2003,Ireland,High income,Europe & Central Asia,133121000000.0,108174000000.0,0.0752586041763866,0.0091460140859241,1.782548268434357,0.022607889649118,0.3115152871037818,0.1064929508864437,0.533233594437665
1.0,0.0,26.004019867113858,4.078951620266457,10.0,32.0,43.0,IRL,2004,Ireland,High income,Europe & Central Asia,156422000000.0,128503000000.0,0.114649781723745,0.0047868312375021,1.871009878893447,0.0421370612958047,0.3426075318918073,0.0984623188478143,0.7111949815332743
1.0,0.0,26.059832290926146,4.100738650400841,10.0,32.0,44.0,IRL,2005,Ireland,High income,Europe & Central Asia,168501000000.0,145449000000.0,0.1514336261640623,0.0039669877428963,1.9471030023569944,0.044522650867064,0.3848978095588902,0.0926299825836317,0.8767085472600145
1.0,0.0,26.108508326764333,4.127698706753382,10.0,32.0,45.0,IRL,2006,Ireland,High income,Europe & Central Asia,183503000000.0,164818000000.0,0.1490150043708576,0.0031764091322254,1.9453802413864203,0.0449084260090502,0.390877538045527,0.0913939201933695,0.9296507070239072
1.0,0.0,26.160244540425573,4.1566083067661275,10.0,32.0,46.0,IRL,2007,Ireland,High income,Europe & Central Asia,218323000000.0,195970000000.0,0.1503933368302445,0.0032823800176326,1.9501489720241183,0.0545812804895744,0.3953906197342609,0.0928379351903092,1.012219061612608
1.0,0.0,26.11436746858778,4.176995387030129,10.0,32.0,47.0,IRL,2008,Ireland,High income,Europe & Central Asia,232294000000.0,208531000000.0,0.1432759116515345,0.0041683878551278,1.944627703594666,0.056882966960619,0.3758474216277491,0.0910144075932145,1.0703206993276608
1.0,0.0,26.062067541014994,4.187152019646001,10.0,32.0,48.0,IRL,2009,Ireland,High income,Europe & Central Asia,221207000000.0,189238000000.0,0.142716491372752,0.004334824732855,1.9338746455001097,0.0574675820916136,0.3680151251400307,0.091789030244653,1.0847162279343958
1.0,0.0,26.078757172768967,4.1926008635514505,10.0,32.0,49.0,IRL,2010,Ireland,High income,Europe & Central Asia,229110000000.0,192360000000.0,0.1419832794533694,0.0043836547337295,1.9276863857473168,0.0575744280303316,0.3670155122844615,0.0918569942008947,1.1081933316157566
1.0,0.0,26.08706190752154,4.19696158795066,10.0,32.0,50.0,IRL,2011,Ireland,High income,Europe & Central Asia,246786000000.0,202164000000.0,0.1412146843034167,0.0043485372646746,1.921877170922481,0.0573355332504879,0.3661693357737129,0.0916218095000022,1.1167857550511209
1.0,0.0,26.08700570880286,4.201199025983533,10.0,32.0,51.0,IRL,2012,Ireland,High income,Europe & Central Asia,235594000000.0,196365000000.0,0.1412043442452514,0.0043288645532124,1.9206504705017184,0.0578310656870265,0.3666164084379505,0.0914161132937673,1.120448009383848
1.0,0.0,26.098201593339734,4.206464587632017,10.0,32.0,52.0,IRL,2013,Ireland,High income,Europe & Central Asia,266601000000.0,218622000000.0,0.137259569902067,0.0042875939364249,1.916746419354569,0.0572279434618723,0.3638624011976362,0.0914121295930631,1.117039261585192
1.0,0.0,26.181156298278637,4.213774601267923,10.0,32.0,53.0,IRL,2014,Ireland,High income,Europe & Central Asia,306723000000.0,256056000000.0,0.1393108824719933,0.0040876382767779,1.9263750935663864,0.0570758500208227,0.3660276939800642,0.0919851554275853,1.1172136189703843
0.0,0.0,26.39924879424483,4.223223054416386,10.0,32.0,54.0,IRL,2015,Ireland,High income,Europe & Central Asia,382725000000.0,293085000000.0,-0.0251876488580642,0.0004546609285409,1.9641025161770205,0.0481486411803636,0.305590822804139,0.1164902736305094,1.040305397687968
0.0,0.0,26.419116941276332,4.234511395081811,10.0,32.0,55.0,IRL,2016,Ireland,High income,Europe & Central Asia,394551000000.0,337593000000.0,-0.0248713832197996,0.0004321768002685,1.9675643697165273,0.0496382072072462,0.3077768374383451,0.1169384053990519,1.0332165612385769
0.0,0.0,26.505344880277775,4.245398150723678,10.0,32.0,56.0,IRL,2017,Ireland,High income,Europe & Central Asia,447623000000.0,365103000000.0,-0.0035620571572084,0.0009990729574386,2.374484152617173,0.0283344342740133,0.3580920630955082,0.1656322968268601,1.0218465249974082
0.0,0.0,26.587178223001143,4.257786905250673,10.0,32.0,57.0,IRL,2018,Ireland,High income,Europe & Central Asia,498559000000.0,381869000000.0,0.005894861538286,0.0013368393000493,2.5639648259809547,0.0136860576183085,0.3384548327779315,0.1581177296064329,1.0611364652939594
0.0,0.0,25.689336028715793,5.546108445729,6.0,35.0,34.0,ISR,1995,Israel,High income,Middle East & North Africa,27269170790.0,35385120380.0,0.0074524899725395,0.0210200170736543,1.413106066221635,-0.1050087386726685,-0.0724257799817203,0.0531235012758147,0.0499013513990112
0.0,0.0,25.746922648561117,5.572273505268708,6.0,35.0,35.0,ISR,1996,Israel,High income,Middle East & North Africa,29283353072.0,37635231381.0,0.0066206357254635,0.0199415263681108,1.5177232797920792,-0.1032839698766011,-0.0672800574290567,0.0599176891518994,0.0867404584487685
0.0,0.0,25.784131527420875,5.597257455671935,6.0,35.0,36.0,ISR,1997,Israel,High income,Middle East & North Africa,31397233432.0,37372736708.0,0.0046917352370819,0.0179841386737008,1.5209415342346704,-0.1073648539061355,-0.0669016052943244,0.0628479732763436,0.1376041005239502
0.0,0.0,25.824460650368334,5.6201262425044005,6.0,35.0,37.0,ISR,1998,Israel,High income,Middle East & North Africa,32433117286.0,36163743059.0,0.0041271999529113,0.0151766444059642,1.5532937013201062,-0.1074729649018051,-0.0650773142173496,0.0638272358608261,0.1587507134200291
0.0,0.0,25.85722140047732,5.6455905813131775,6.0,35.0,38.0,ISR,1999,Israel,High income,Middle East & North Africa,37397129261.0,41207853226.0,0.0027406496304418,0.0107329181639143,1.631653392506282,-0.1103006464594226,-0.0595236450821418,0.0652096504773657,0.219017688042016
0.0,0.0,25.940383993997074,5.6720139007032415,6.0,35.0,39.0,ISR,2000,Israel,High income,Middle East & North Africa,46101675128.0,47200194491.0,0.0017701366360429,0.0089671483100024,1.7311187580775371,-0.1121913010451369,-0.0543378586925475,0.0704015367431354,0.2796377182424269
0.0,0.0,25.94371895458896,5.695585073583509,6.0,35.0,40.0,ISR,2001,Israel,High income,Middle East & North Africa,39833563973.0,44056142854.0,0.0015239310538984,0.0089553172066312,1.7140292627887772,-0.1096253053838644,-0.0626273412634427,0.0696562077780204,0.3042335461499246
0.0,0.0,25.94257787422449,5.715725657404181,6.0,35.0,41.0,ISR,2002,Israel,High income,Middle East & North Africa,38693354299.0,43363108827.0,0.0012770288048873,0.0086225523231697,1.709975760802536,-0.1092494065742362,-0.0673220570298372,0.070636339444021,0.3241976157002443
0.0,0.0,25.95642048758785,5.733780855026403,6.0,35.0,42.0,ISR,2003,Israel,High income,Middle East & North Africa,42956388529.0,44932193847.0,0.0005223488787627,0.0069013827869163,1.6869595319252817,-0.1082790753129444,-0.0764653069143265,0.0722338091364538,0.3757612073665622
0.0,1.0,26.003154432026015,5.751457091437128,6.0,35.0,43.0,ISR,2004,Israel,High income,Middle East & North Africa,52102634315.0,52895820616.0,-0.0012659893140309,-0.0044316764702577,1.6757198054738196,-0.1101456264691499,-0.0811974198726949,0.0723927987209262,0.5116890735070301
0.0,1.0,26.043662648637326,5.769086068051341,6.0,35.0,44.0,ISR,2005,Israel,High income,Middle East & North Africa,57267194108.0,58276695189.0,-0.0030645562059023,0.0001112862486642,1.6806318916220495,-0.1209787848931269,-0.0879934356516933,0.0807550441323629,0.6364250788068482
0.0,1.0,26.097988534696853,5.786764126783188,6.0,35.0,45.0,ISR,2006,Israel,High income,Middle East & North Africa,62029475291.0,62604628574.0,-0.0035904064323393,0.0013575221814095,1.6560405169884318,-0.1208832365295728,-0.0943247424668341,0.0821428375676598,0.6904000597768502
0.0,1.0,26.156568538632108,5.804525135415471,6.0,35.0,46.0,ISR,2007,Israel,High income,Middle East & North Africa,71528775590.0,74068549938.0,-0.0037766402000509,0.001881968679058,1.6446252553207907,-0.1326577298676481,-0.097468733911549,0.0832318056917321,0.7571010166095422
0.0,1.0,26.188562669989132,5.822290926542005,6.0,35.0,47.0,ISR,2008,Israel,High income,Middle East & North Africa,82239708194.0,84526756689.0,-0.0041154496647676,0.0020075130396881,1.658984275160296,-0.1475078770512972,-0.0966236982355488,0.0817109194221488,0.8125477303133656
0.0,1.0,26.19735418537684,5.846193000059836,6.0,35.0,48.0,ISR,2009,Israel,High income,Middle East & North Africa,67908236147.0,63709559037.0,-0.0041184759846203,0.0019778801965901,1.6679986850529944,-0.1462522989673379,-0.0942621053843789,0.0851963904018205,0.8362794239343023
0.0,1.0,26.252492523023665,5.864460524207082,6.0,35.0,49.0,ISR,2010,Israel,High income,Middle East & North Africa,80360492381.0,76948241162.0,-0.0040707942353691,0.0019301013812995,1.679634379070619,-0.1459967000159222,-0.0913639561792548,0.0859845117451084,0.8632850326817352
0.0,1.0,26.306611758480667,5.882941302792426,6.0,35.0,50.0,ISR,2011,Israel,High income,Middle East & North Africa,91640284332.0,93102471848.0,-0.0037891562576861,0.0020003382748377,1.7066669734355957,-0.1434249564418791,-0.0887484303106376,0.0859169627639949,0.872879525601363
0.0,1.0,26.332158710009537,5.901402815969494,6.0,35.0,51.0,ISR,2012,Israel,High income,Middle East & North Africa,91513991201.0,92906239603.0,-0.0035331568519915,0.0020065809414833,1.7185964372855216,-0.1437865727282329,-0.0895795342604794,0.0856733312285919,0.8763694276871499
0.0,1.0,26.375368977799152,5.920063344883521,6.0,35.0,52.0,ISR,2013,Israel,High income,Middle East & North Africa,97916091126.0,93509987330.0,-0.0024802294330285,0.0020579081733704,1.739915173338475,-0.1425685982427963,-0.1030426319074934,0.087785030070876,0.8751794377866223
1.0,1.0,26.41381108482059,5.939258782862192,6.0,35.0,53.0,ISR,2014,Israel,High income,Middle East & North Africa,99195918584.0,95211692531.0,-0.0017387604856571,0.0019377986691955,1.8587391399284168,-0.1436266299791882,-0.1521888206238434,0.0897882812236966,0.8836430547691211
1.0,1.0,26.438364046500936,5.959071672582257,6.0,35.0,54.0,ISR,2015,Israel,High income,Middle East & North Africa,93656330689.0,85081011363.0,-0.0026094075593578,0.0021648046050775,1.8883122848335887,-0.1402811477405361,-0.152963430117599,0.090013921032551,0.8763484639646827
1.0,1.0,26.482590234439503,5.978675162219605,6.0,35.0,55.0,ISR,2016,Israel,High income,Middle East & North Africa,95603619692.0,90475144467.0,-0.0116756256136772,0.0021937415804531,2.028291756651699,-0.1371208393983504,-0.1566337159983211,0.0823182863298428,0.8262047791241568
1.0,1.0,26.524465361306124,5.998062418952814,6.0,35.0,56.0,ISR,2017,Israel,High income,Middle East & North Africa,103871000000.0,97866153832.0,-0.021994282005183,0.0015591555163117,2.202242096088889,-0.1306684083030898,-0.1539104021754365,0.0837891910602993,0.840890723176429
1.0,1.0,26.56436378555197,6.017328647628578,6.0,35.0,57.0,ISR,2018,Israel,High income,Middle East & North Africa,111733000000.0,109320000000.0,-0.0262337487338405,0.0020559288672398,2.2748781202228128,-0.134213495247975,-0.1511138134556731,0.0804765600792957,0.8536777807822152
0.0,1.0,25.1095836929333,1.8594499080065217,-3.0,36.0,31.0,KAZ,1992,Kazakhstan,Upper middle income,Europe & Central Asia,18440081612.0,18770660124.0,0.0020110092952015,-0.0292150079209638,0.9611849190436708,0.066622960413844,-0.0395998082242315,0.033018622232971,-0.0236202721401877
0.0,1.0,25.013072792518955,1.8560900173344845,-3.0,36.0,32.0,KAZ,1993,Kazakhstan,Upper middle income,Europe & Central Asia,8871031904.0,10941284112.0,0.002649257231766,-0.0265596814924213,0.8830253562207859,0.0596686644865189,-0.0377693739653808,0.0181303966555774,0.0548758077574601
1.0,1.0,24.878397889211392,1.84264414393362,-3.0,36.0,33.0,KAZ,1994,Kazakhstan,Upper middle income,Europe & Central Asia,7876550644.0,10012736360.0,-0.033512447347213,-0.0213990008826939,0.8688524213186427,0.0871191914595864,-0.0407156231490369,0.0076541329947675,0.1117038336291928
1.0,1.0,24.792840000849576,1.8240948970550812,-6.0,36.0,34.0,KAZ,1995,Kazakhstan,Upper middle income,Europe & Central Asia,7940652378.0,8872712589.0,-0.0312231463299415,-0.0131157011222449,0.7053515449550906,0.0817889597699047,-0.0534259510300559,-0.0008813838491749,0.1100150472206081
0.0,0.0,24.797827542374893,1.805117458041248,-6.0,36.0,35.0,KAZ,1996,Kazakhstan,Upper middle income,Europe & Central Asia,7418919357.0,7573731898.0,0.0012693289775803,0.0058809350310557,0.6503250813611101,0.051438263080959,-0.0552572381406468,-0.0052763907294118,0.1646554141367973
0.0,0.0,24.81468465942965,1.7821476069279432,-6.0,36.0,36.0,KAZ,1997,Kazakhstan,Upper middle income,Europe & Central Asia,7739646727.0,8299522121.0,-1.1884206294137465e-05,0.0039551896961426,0.6510326230638301,0.0481011704487828,-0.055156916115221,-0.0061464075256367,0.2292855525179948
0.0,0.0,24.795501840031893,1.757188717653578,-6.0,36.0,37.0,KAZ,1998,Kazakhstan,Upper middle income,Europe & Central Asia,6716763896.0,7716342036.0,-0.000157504907418,0.0032683135466804,0.6319013679012326,0.0437661591350075,-0.0562358621698824,-0.0068353161899446,0.2477110624239522
0.0,0.0,24.82214377094317,1.7448484695974518,-6.0,36.0,38.0,KAZ,1999,Kazakhstan,Upper middle income,Europe & Central Asia,7163702505.0,6768075151.0,-0.0005602044135186,0.0021885521259901,0.6457555903558909,0.0417540060568704,-0.0550722825389644,-0.0108710973222642,0.2627845926781661
0.0,0.0,24.91563411406475,1.7477705270241988,-6.0,36.0,39.0,KAZ,2000,Kazakhstan,Upper middle income,Europe & Central Asia,10353710625.0,8980867282.0,-0.0008506498662078,0.0017698161592977,0.7516582862473423,0.0346045881645321,-0.0451500909249406,-0.0048508943732722,0.3169917802318135
0.0,0.0,25.042266764974954,1.7525617213977354,-6.0,36.0,40.0,KAZ,2001,Kazakhstan,Upper middle income,Europe & Central Asia,10166980822.0,10401584731.0,-0.000971059155579,0.0027986089073201,0.8429047489007868,0.0373287850383726,-0.0412120911882219,0.0125238216614074,0.336083719151051
0.0,0.0,25.135757108057515,1.7577568157176175,-6.0,36.0,41.0,KAZ,2002,Kazakhstan,Upper middle income,Europe & Central Asia,11576895509.0,11589313374.0,-0.0021344002376942,0.0029672426237849,0.8960658582454896,0.0378472086247866,-0.0470631672227951,0.0249231256448482,0.3395081439142144
0.0,0.0,25.22468331725722,1.7635333464496226,-6.0,36.0,42.0,KAZ,2003,Kazakhstan,Upper middle income,Europe & Central Asia,14928755904.0,13272767132.0,-0.0023095697074771,0.0026366515488157,0.9373172605649293,0.0413586230802816,-0.0463152643151925,0.0311815460440726,0.3995738249815908
0.0,0.0,25.316350505796727,1.7700388761508457,-6.0,36.0,43.0,KAZ,2004,Kazakhstan,Upper middle income,Europe & Central Asia,22654791782.0,18947365751.0,-0.001270534171578,0.0023155022877217,1.1240890745061016,0.0560822860645489,-0.0673260111019688,0.051244423930745,0.5501411665886234
0.0,1.0,25.408927860503336,1.7774533910407437,-6.0,36.0,44.0,KAZ,2005,Kazakhstan,Upper middle income,Europe & Central Asia,30386570590.0,25458960716.0,-0.0011613212162382,-0.0034307035085869,1.2685599314199336,0.0587692382858679,-0.0682020920882577,0.0603750576973819,0.749892151730867
0.0,1.0,25.51058256441417,1.785909397041858,-6.0,36.0,45.0,KAZ,2006,Kazakhstan,Upper middle income,Europe & Central Asia,41291961259.0,32788929787.0,-0.0023562881158519,-0.003865456293138,1.3403912036489476,0.0570965496061983,-0.0756328597420198,0.0636369203001959,0.8416244970086235
0.0,1.0,25.595841405740302,1.7953960930220414,-6.0,36.0,46.0,KAZ,2007,Kazakhstan,Upper middle income,Europe & Central Asia,51704450816.0,44926943202.0,-0.0025327211032287,-0.0042130034347111,1.3881861465701002,0.0571993926100365,-0.0676566476150111,0.0674465451903271,0.9571976442752482
0.0,1.0,25.62831095938629,1.8057567506140826,-6.0,36.0,47.0,KAZ,2008,Kazakhstan,Upper middle income,Europe & Central Asia,76257078322.0,49571463782.0,-0.0024372501279679,-0.0052897581810373,1.4217766012035802,0.0643126599022922,-0.0536530603606322,0.0673182854602472,1.0537558474876294
0.0,1.0,25.640242253754238,1.8174568677462415,-6.0,36.0,48.0,KAZ,2009,Kazakhstan,Upper middle income,Europe & Central Asia,48243335560.0,39121521980.0,-0.002433154564046,-0.0052995738577591,1.4062853159939597,0.064451524542777,-0.0533731740958639,0.0678814473647932,1.0682709400002448
0.0,0.0,25.71070073787223,1.8304269051529967,-6.0,36.0,49.0,KAZ,2010,Kazakhstan,Upper middle income,Europe & Central Asia,65502334498.0,44257402192.0,-0.0026807156575292,0.0040794048819474,1.4593861182843797,0.0651729965121211,-0.0509329480328057,0.0710305170193116,1.0454593809259658
0.0,0.0,25.782087938625942,1.8439476415595408,-6.0,36.0,50.0,KAZ,2011,Kazakhstan,Upper middle income,Europe & Central Asia,89503237238.0,51341105803.0,-0.0025423791771127,0.004213848897029,1.4823757497490684,0.0643306741474195,-0.0505265947440286,0.072792914746027,1.0273022049023322
0.0,0.0,25.82896885721506,1.8579187314112593,-6.0,36.0,51.0,KAZ,2012,Kazakhstan,Upper middle income,Europe & Central Asia,91747467851.0,61596840640.0,-0.0025948563319041,0.0041299489032381,1.5010023127938836,0.0698025096121808,-0.0604501923678195,0.0766106443480366,1.0104939462795957
0.0,0.0,25.88724005291214,1.8722837098690577,-6.0,36.0,52.0,KAZ,2013,Kazakhstan,Upper middle income,Europe & Central Asia,91381274046.0,63395762891.0,-0.0030897941899679,0.0035480249624338,1.5123154986828955,0.0704305843144961,-0.0754293225089404,0.0841714207275145,0.9694781918044212
0.0,1.0,25.928381798660432,1.8869722709579557,-6.0,36.0,53.0,KAZ,2014,Kazakhstan,Upper middle income,Europe & Central Asia,87108795076.0,56749434113.0,-0.0023193154745323,-0.0036174756869004,1.5140326431557896,0.0714743478585999,-0.0835777482144529,0.0876201460981804,0.9646516538206192
0.0,1.0,25.940308070029467,1.90189625900691,-6.0,36.0,54.0,KAZ,2015,Kazakhstan,Upper middle income,Europe & Central Asia,52581502969.0,45236045679.0,-0.0021623207600433,-0.0034584729065749,1.5084783074382917,0.0677635563190644,-0.0888908695211852,0.0871868488979207,0.9480756275989513
0.0,1.0,25.951251936756016,1.9172297886750016,-6.0,36.0,55.0,KAZ,2016,Kazakhstan,Upper middle income,Europe & Central Asia,43714755378.0,39079991232.0,-0.0021697040243159,-0.0035615936792163,1.5052897267401364,0.0610990583866237,-0.0908300551214584,0.0873480138017712,0.946573760544042
0.0,1.0,25.991433226543563,1.9328090238688302,-6.0,36.0,56.0,KAZ,2017,Kazakhstan,Upper middle income,Europe & Central Asia,54041327349.0,40746709252.0,-0.0021197132454411,-0.0038553079213117,1.5054536754956898,0.0608644479187558,-0.095552607343718,0.0870407185378891,0.9427518790190696
0.0,1.0,26.031612739131628,1.9477513561356397,-6.0,36.0,57.0,KAZ,2018,Kazakhstan,Upper middle income,Europe & Central Asia,67477058330.0,46453964706.0,-0.0035217080541761,-0.0035128604571725,1.5123074098446891,0.0613039299221617,-0.0974920515378691,0.08726070872175,0.9416034540744436
1.0,0.0,24.036794816734442,5.587669966641212,-7.0,39.0,0.0,KOR,1961,Korea South,High income,East Asia & Pacific,97762912.12,337362180.3,-0.2646566030319113,-0.0148833208203662,-0.6006124838746817,-0.3467553821427108,-0.0099495217075771,-0.0618383140417842,-2.19749629197992
1.0,0.0,24.075008027627817,5.616263174513625,-7.0,39.0,1.0,KOR,1962,Korea South,High income,East Asia & Pacific,109230769.2,439230769.2,-0.2476063973040316,-0.0146527219038761,-0.5650019706682708,-0.3568542551506976,-0.0117606355048752,-0.0597259264287967,-2.1841657488614503
1.0,0.0,24.161374405897398,5.644111375134524,3.0,39.0,2.0,KOR,1963,Korea South,High income,East Asia & Pacific,157692307.7,584615384.6,-0.1913244044000863,-0.0150342817472934,-0.4582673647776106,-0.3746620275350344,-0.0175951618311467,-0.053173142774182,-2.091424971322169
1.0,0.0,24.251889696932647,5.670265321503733,3.0,39.0,3.0,KOR,1964,Korea South,High income,East Asia & Pacific,171618266.7,428344229.8,-0.1773235925650069,-0.0167431684800107,-0.4150956266125767,-0.3728613102899898,-0.0184453581535937,-0.0532841233799371,-2.094571977335026
1.0,0.0,24.32251994060787,5.695686830850539,3.0,39.0,4.0,KOR,1965,Korea South,High income,East Asia & Pacific,222596929.1,447070729.5,-0.1627552528916574,-0.0162484008434178,-0.315342412956782,-0.3475296105168624,-0.018807275169926,-0.0440032360260772,-2.0214872541517006
1.0,0.0,24.43579466559391,5.720830705219355,3.0,39.0,5.0,KOR,1966,Korea South,High income,East Asia & Pacific,331690238.2,715713825.0,-0.1339810614913535,-0.013301082688163,-0.3836729644857411,-0.2693939073672367,-0.015202617421344,-0.040354606228048,-1.8599621106024216
1.0,0.0,24.522702430631156,5.744180842179209,3.0,39.0,6.0,KOR,1967,Korea South,High income,East Asia & Pacific,442486545.2,955578712.9,-0.1148265405860648,-0.0111837439804194,-0.3928344619915973,-0.2212810106387259,-0.0144183310713732,-0.0473432366365758,-1.7453350741466764
1.0,0.0,24.64638596442117,5.767384353218536,3.0,39.0,7.0,KOR,1968,Korea South,High income,East Asia & Pacific,620651014.8,1385168718.0,-0.0349185599087658,0.0004557115580323,0.366072742000523,-0.1021131666006614,-0.0195903072761772,-0.0436460654848776,-2.132086885684121
1.0,0.0,24.78232641152358,5.790018693649595,3.0,39.0,8.0,KOR,1969,Korea South,High income,East Asia & Pacific,814822835.0,1724037412.0,-0.031504611242273,0.0002422359537772,0.4411747157568944,-0.0988528600183361,-0.0193896797090632,-0.0403910434921637,-2.1194618170471182
1.0,0.0,24.878115883786432,5.811860432920105,3.0,39.0,9.0,KOR,1970,Korea South,High income,East Asia & Pacific,1026868601.0,1902717644.0,-0.03538534023759,0.0002189795951721,0.644843083939257,-0.0956864469326157,-0.0294112527804471,-0.0122173670816104,-1.8927431635985572
1.0,0.0,24.97837302130604,5.831573669489996,3.0,39.0,10.0,KOR,1971,Korea South,High income,East Asia & Pacific,1251053227.0,2280298720.0,-0.0349140321027332,7.069502742609171e-05,0.7317201031467966,-0.1027446129031433,-0.0343971819929481,-0.0020140801455475,-1.8159105328460652
1.0,0.0,25.0480330369485,5.850333663360002,-9.0,39.0,11.0,KOR,1972,Korea South,High income,East Asia & Pacific,1795139760.0,2330143840.0,-0.0384718843349279,-6.539498203131367e-05,0.8464867251313671,-0.1134288150745804,0.0086885242260525,0.0032431994472271,-1.6269456421043127
1.0,0.0,25.18691043741916,5.868016590480574,-8.0,39.0,12.0,KOR,1973,Korea South,High income,East Asia & Pacific,3309134300.0,3839358990.0,-0.0392773661673131,0.0019393497297564,1.0225155894670717,-0.1290861646500653,-0.0252364725575145,0.028386926103777,-1.2039974921518313
1.0,0.0,25.277772881011806,5.885143644592963,-8.0,39.0,13.0,KOR,1974,Korea South,High income,East Asia & Pacific,4324150591.0,6511196682.0,-0.0449712060359866,0.0046639527905725,1.0850240548969066,-0.1248713323481236,-0.0308723980155307,0.0366296707210225,-1.0165076912944877
1.0,0.0,25.353255456751015,5.901963645275896,-8.0,39.0,14.0,KOR,1975,Korea South,High income,East Asia & Pacific,4908057851.0,6827892562.0,-0.0518398356728212,0.0091589031269016,1.2258110805493558,-0.1270335517335328,-0.0403711890878971,0.0421459928020536,-0.9981804028713092
1.0,0.0,25.477424831770506,5.917929231109267,-8.0,39.0,15.0,KOR,1976,Korea South,High income,East Asia & Pacific,7605165289.0,8480785124.0,-0.0517584954573105,0.0147362842036193,1.361552779369139,-0.1170948246763851,-0.0354795542332873,0.0453539390876475,-0.909632609028
1.0,0.0,25.593749779524273,5.933519624874909,-8.0,39.0,16.0,KOR,1977,Korea South,High income,East Asia & Pacific,9969834711.0,10721900826.0,-0.0533470101508553,0.0202445875378073,1.4760679219750128,-0.1190423053824601,-0.0275248495690199,0.0501885669929224,-0.7608833433774588
1.0,0.0,25.697686561575015,5.948711592087053,-8.0,39.0,17.0,KOR,1978,Korea South,High income,East Asia & Pacific,12936570248.0,15192975207.0,-0.0565345427652936,0.0246686578575933,1.6559742829223,-0.134700736215922,-0.0279097083739657,0.0622368719326343,-0.6341400627228434
1.0,0.0,25.780841967211085,5.963880340730722,-8.0,39.0,18.0,KOR,1979,Korea South,High income,East Asia & Pacific,15748140496.0,20687809917.0,-0.0610566326487307,0.0381485125942844,1.7611738061390498,-0.1409376646567518,-0.0332570896830181,0.0685714083550318,-0.4914601102972271
1.0,0.0,25.76424926569235,5.979464967510648,-8.0,39.0,19.0,KOR,1980,Korea South,High income,East Asia & Pacific,18451432875.0,24291587954.0,-0.0610856523197222,0.0401200797676941,1.7406286325311464,-0.1364590495402629,-0.0448992228346641,0.081183597008538,-0.3904539658090394
1.0,0.0,25.83420488279364,5.995067007448752,-5.0,39.0,20.0,KOR,1981,Korea South,High income,East Asia & Pacific,21668115701.0,27162601026.0,-0.0594081075313401,0.0250266624352208,1.848742836824132,-0.1388672197170757,-0.0415152859206225,0.0839325719350236,-0.3312599735752957
1.0,0.0,25.914293049503723,6.01052169292541,-5.0,39.0,21.0,KOR,1982,Korea South,High income,East Asia & Pacific,21331058721.0,25783350263.0,-0.0606784058050065,0.0158219512636984,1.924174854108277,-0.1312435120114165,-0.0416084135332399,0.0875662703318346,-0.3062498407766098
1.0,0.0,26.039835610211533,6.025263881009605,-5.0,39.0,22.0,KOR,1983,Korea South,High income,East Asia & Pacific,24343720766.0,26387424890.0,-0.0597360904732831,0.0130204331399257,1.966144016137699,-0.1269258779246484,-0.0490375569319012,0.0901049860104507,-0.3197846290618
1.0,0.0,26.140148155596698,6.037604064271603,-5.0,39.0,23.0,KOR,1984,Korea South,High income,East Asia & Pacific,28063621761.0,27795127347.0,-0.0605898785848098,0.01190569950015,1.9744294647316611,-0.1274249722310843,-0.0516836045257765,0.0922980920145094,-0.2998311609754103
1.0,0.0,26.215615092585114,6.047449720247919,-5.0,39.0,24.0,KOR,1985,Korea South,High income,East Asia & Pacific,27098802326.0,26160433093.0,-0.0609288067934725,0.0122283332709489,1.9781985752010116,-0.1264475714128037,-0.0522448533194564,0.0955713178197727,-0.2949896134011542
1.0,0.0,26.32291667019906,6.057396958828545,-5.0,39.0,25.0,KOR,1986,Korea South,High income,East Asia & Pacific,37166083048.0,32919918017.0,-0.060870978167769,0.0118388507040831,2.0126889822110905,-0.1199065961118783,-0.0512038954243981,0.1014408158744944,-0.2968455753499919
1.0,0.0,26.442688693991705,6.067248289944794,1.0,39.0,26.0,KOR,1987,Korea South,High income,East Asia & Pacific,51281992055.0,41753533905.0,-0.0721137915085443,0.0092525058645278,2.181474354429177,-0.1165796971266042,-0.0471604701234517,0.1236697421789407,-0.2647539184723025
1.0,0.0,26.555907556724176,6.0770401821006566,6.0,39.0,27.0,KOR,1988,Korea South,High income,East Asia & Pacific,64594460211.0,52389830154.0,-0.080325296569309,0.0032309246441593,2.576321956528846,-0.1024447764307446,-0.0460372411417736,0.1579069453160756,-0.209456947424152
1.0,0.0,26.6242475339229,6.086931114910339,6.0,39.0,28.0,KOR,1989,Korea South,High income,East Asia & Pacific,67308972534.0,63184948287.0,-0.0874808190934594,0.0031658754501712,2.668350290255364,-0.1088598311103518,-0.046978978712021,0.1532278153459177,-0.2333541012620449
1.0,0.0,26.718443481966275,6.096782419756608,6.0,39.0,29.0,KOR,1990,Korea South,High income,East Asia & Pacific,70587774855.0,73079706490.0,-0.0909494986183244,0.0042391586524976,2.6967218423822468,-0.1119580891560908,-0.0429079113410861,0.1558764160447565,-0.2213854399122198
1.0,0.0,26.82080064778146,6.106680279615585,6.0,39.0,30.0,KOR,1991,Korea South,High income,East Asia & Pacific,78353503011.0,86243424554.0,-0.0926133991248773,0.0041649215798774,2.777749759755264,-0.1080226414343865,-0.0391674219580895,0.1460494423477574,-0.2678459236956269
1.0,0.0,26.880941613614972,6.117071893300884,6.0,39.0,31.0,KOR,1992,Korea South,High income,East Asia & Pacific,85350581848.0,87861307514.0,-0.0930579663453539,0.0036188095469561,2.8941727062400204,-0.0910153666644803,-0.0293832623019271,0.1520515825473504,-0.1373098829585507
1.0,0.0,26.947455881544784,6.127230107619748,6.0,39.0,32.0,KOR,1993,Korea South,High income,East Asia & Pacific,92739264964.0,91538648223.0,-0.0878821039702215,0.0044557532769889,2.9754402391585995,-0.0907706095333995,-0.0242051516846071,0.1498773705160317,0.0002626587906816
1.0,0.0,27.036094421574482,6.1372916800590565,6.0,39.0,33.0,KOR,1994,Korea South,High income,East Asia & Pacific,112641000000.0,116129000000.0,-0.0858325715006141,0.0055155182445332,3.02883075286833,-0.0675771090683662,-0.0260224448812553,0.1479510020224643,0.0790319040377051
1.0,0.0,27.127895768788747,6.147353688648903,6.0,39.0,34.0,KOR,1995,Korea South,High income,East Asia & Pacific,147104000000.0,154228000000.0,-0.0771535316653304,0.0043588998051848,3.159166114305369,-0.0100658693463215,-0.0227608968933966,0.1521690218987192,0.0528930713110916
1.0,0.0,27.203843998814577,6.156881482739087,6.0,39.0,35.0,KOR,1996,Korea South,High income,East Asia & Pacific,152440000000.0,173342000000.0,-0.0662320769607198,0.0023841513703277,3.198430689671268,0.0025819008600452,-0.0216195404154468,0.1518063693402058,0.0327203349512066
1.0,0.0,27.263719912748517,6.166258620856153,6.0,39.0,36.0,KOR,1997,Korea South,High income,East Asia & Pacific,161871000000.0,167463000000.0,-0.0544458373742071,0.001005612436408,3.1552561013538036,0.0031576507295953,-0.0217730008437758,0.1478530224086506,0.0902577037255145
1.0,0.0,27.21106400416695,6.173477271009634,8.0,39.0,37.0,KOR,1998,Korea South,High income,East Asia & Pacific,151914000000.0,111609000000.0,-0.0504373306509693,0.0006024757242709,3.1076173253019777,0.010761026656055,-0.0256628334147826,0.152430005699042,0.1056604990843906
1.0,0.0,27.31962132219207,6.180585217041532,8.0,39.0,38.0,KOR,1999,Korea South,High income,East Asia & Pacific,162508000000.0,136054000000.0,-0.047398837630402,-1.56920209687004e-05,3.098421569537485,0.0106292461862759,-0.0265352374480388,0.1514334643124245,0.1240408308309624
1.0,0.0,27.4063564082424,6.188947025580544,8.0,39.0,39.0,KOR,2000,Korea South,High income,East Asia & Pacific,196360000000.0,186383000000.0,-0.0401368121902484,-0.0007412852448172,3.0805869947230127,0.0191321609780604,-0.026022888461628,0.1515672134657064,0.1748008435686331
1.0,0.0,27.45374083054544,6.193720890561088,8.0,39.0,40.0,KOR,2001,Korea South,High income,East Asia & Pacific,175167000000.0,167800000000.0,-0.0375593648162933,-0.0008765624929848,3.06105481369868,0.0177103699001885,-0.0258533242671418,0.150031755522637,0.2040980972258
1.0,0.0,27.52815304709844,6.198983747682423,8.0,39.0,41.0,KOR,2002,Korea South,High income,East Asia & Pacific,187653000000.0,180703000000.0,-0.0366418123602976,-0.0010314446175064,3.0638644932240537,0.0178857069955307,-0.0268786915236226,0.1505055653472048,0.2315163205767913
1.0,0.0,27.559140507511326,6.204063651020733,8.0,39.0,42.0,KOR,2003,Korea South,High income,East Asia & Pacific,221795000000.0,211121000000.0,-0.0303383748722932,-0.0021744686641099,3.1102001486756476,0.0094904332542453,-0.0267864639657506,0.1415393223275011,0.3603684186343854
1.0,0.0,27.609808715368853,6.207820375263027,8.0,39.0,43.0,KOR,2004,Korea South,High income,East Asia & Pacific,293159000000.0,266051000000.0,-0.0281843467790635,-0.0020343732470479,3.25450736427054,-0.0118170044549618,-0.0248648673873922,0.1040284152989594,0.6190563914737087
1.0,0.0,27.6519897298647,6.2096305477452445,8.0,39.0,44.0,KOR,2005,Korea South,High income,East Asia & Pacific,331628000000.0,311368000000.0,-0.0269604155521803,-0.0035813031025756,3.3300053749405767,-0.0109194140438823,-0.0201456062768363,0.0757733896784409,0.8155439230390747
1.0,0.0,27.70329526479857,6.214572837600536,8.0,39.0,45.0,KOR,2006,Korea South,High income,East Asia & Pacific,377241000000.0,371585000000.0,-0.0262189329572469,-0.0045604966866283,3.40537392155923,-0.0107656593977343,-0.0155343764914628,0.0715674185140283,0.9345481810884324
1.0,0.0,27.759669355343384,6.219212381225362,8.0,39.0,46.0,KOR,2007,Korea South,High income,East Asia & Pacific,440035000000.0,430768000000.0,-0.0265489219943439,-0.0051329287595372,3.4425605077854304,-0.0268814302871646,-0.0120733248451668,0.0727971105664984,1.0002965261666237
1.0,0.0,27.78935730997199,6.226083563686198,8.0,39.0,47.0,KOR,2008,Korea South,High income,East Asia & Pacific,500459000000.0,504705000000.0,-0.0261164651782201,-0.0052285012349461,3.4376239524537504,-0.0265168306680792,-0.0100398156253638,0.0756200685485425,1.03591508000449
1.0,0.0,27.797255634069572,6.230508928303245,8.0,39.0,48.0,KOR,2009,Korea South,High income,East Asia & Pacific,427738000000.0,389431000000.0,-0.0261616419415973,-0.0051929481644305,3.4410607777441267,-0.0155176459028138,-0.0097805436688319,0.0765482656955763,1.0554881009879804
1.0,0.0,27.863084764617316,6.234049811773239,8.0,39.0,49.0,KOR,2010,Korea South,High income,East Asia & Pacific,540016000000.0,510006000000.0,-0.0254986612591446,-0.0052087966027979,3.4745227645261267,0.010048630326987,-0.0086705976874717,0.0788035369183574,1.0922597366548232
1.0,0.0,27.89928333781579,6.241842415314497,8.0,39.0,50.0,KOR,2011,Korea South,High income,East Asia & Pacific,670300000000.0,658771000000.0,-0.0255199998211488,-0.0052298082422295,3.5402867075786375,0.0629129665918003,-0.0069387167576086,0.0834652331382562,1.1239709584986437
1.0,0.0,27.923018862447933,6.245865618578528,8.0,39.0,51.0,KOR,2012,Korea South,High income,East Asia & Pacific,694693000000.0,660911000000.0,-0.0255346555612499,-0.0052654447922118,3.570685696517407,0.0650236902591932,-0.0057165861009331,0.086891251303307,1.1357322180339446
1.0,0.0,27.954176504187355,6.249226448083471,8.0,39.0,52.0,KOR,2013,Korea South,High income,East Asia & Pacific,706343000000.0,644650000000.0,-0.0257379735894575,-0.0053023375546709,3.581209616920604,0.063934213345495,-0.0056269185699226,0.0885538806881038,1.1370700708704615
1.0,0.0,27.98569806520461,6.2554668907294,8.0,39.0,53.0,KOR,2014,Korea South,High income,East Asia & Pacific,712571000000.0,640346000000.0,-0.0257492474298081,-0.0053232249308142,3.5822543551737622,0.0629537837504475,-0.0055674696181098,0.0881997312488237,1.1379255668467905
1.0,0.0,28.01340181758934,6.260585830839024,8.0,39.0,54.0,KOR,2015,Korea South,High income,East Asia & Pacific,630587000000.0,529798000000.0,-0.02578818457189,-0.0052548804815629,3.584710118937113,0.0600414240936031,-0.0055588560056579,0.0861198470236896,1.133933685925374
1.0,0.0,28.04244841480093,6.264102914266308,8.0,39.0,55.0,KOR,2016,Korea South,High income,East Asia & Pacific,601861000000.0,501960000000.0,-0.0257841327439686,-0.0053059597415154,3.5864268353668693,0.0588720200478348,-0.0055071997455772,0.0844622391151276,1.1328685090518364
1.0,0.0,28.07355719224581,6.2666972087941835,8.0,39.0,56.0,KOR,2017,Korea South,High income,East Asia & Pacific,664392000000.0,587337000000.0,-0.0259099004155965,-0.0052191892166146,3.5911156565725575,0.0579757102418148,-0.0059636062835001,0.0822915032804943,1.1320032431970355
1.0,0.0,28.102211540653848,6.2709298507473745,8.0,39.0,57.0,KOR,2018,Korea South,High income,East Asia & Pacific,719710000000.0,643143000000.0,-0.0259078845623721,-0.00519314548962,3.5912787494658884,0.0575853942269256,-0.0065588413826967,0.0813515322728606,1.1337376128452
0.0,1.0,24.323019354200355,4.519052807807868,-7.0,40.0,31.0,KWT,1992,Kuwait,High income,Middle East & North Africa,8036810157.0,10766871506.0,0.0720963632484103,-0.0075231476619901,-0.211776200453903,-0.0402790449616995,-0.0033270899955318,0.0407185288505507,-0.3531614943879653
0.0,1.0,24.615617827989418,4.541544678539979,-7.0,40.0,32.0,KWT,1993,Kuwait,High income,Middle East & North Africa,11437086424.0,10602648675.0,0.0122474354955438,-0.0276872476305357,0.5432149721250896,0.0299990413509536,-0.0514403113228172,0.0211809536861781,0.0031131242010058
0.0,1.0,24.696609306761093,4.536875122940476,-7.0,40.0,33.0,KWT,1994,Kuwait,High income,Middle East & North Africa,12636363300.0,10518518519.0,0.0106622602153634,-0.0277889843416681,0.528891482305835,0.0344551303925444,-0.0525978442513572,0.0166604169583472,0.0105481291660823
0.0,1.0,24.744048952275982,4.547127840324903,-7.0,40.0,34.0,KWT,1995,Kuwait,High income,Middle East & North Africa,14233635340.0,11409022677.0,0.0064101056961048,-0.0148961910133221,0.6812170597171627,0.0460134600109685,-0.0434795864604275,0.0052717951822009,0.1670928918863497
0.0,1.0,24.750081988442393,4.575697451881578,-7.0,40.0,35.0,KWT,1996,Kuwait,High income,Middle East & North Africa,16465770902.0,12340978394.0,0.0049107637169281,-0.012708663111842,0.6608727408005282,0.0450848390821037,-0.0444745443641824,0.0034454631343844,0.2058763049935295
0.0,1.0,24.77451432578568,4.608354224552997,-7.0,40.0,36.0,KWT,1997,Kuwait,High income,Middle East & North Africa,16040929754.0,12015862917.0,0.002652363270776,-0.009585374475879,0.6471766981164064,0.0452313218055106,-0.0453803368220063,-0.0008081317291026,0.2852660012949457
0.0,1.0,24.810480274167404,4.639534743426727,-7.0,40.0,37.0,KWT,1998,Kuwait,High income,Middle East & North Africa,11379595480.0,13256506845.0,0.0022519986781802,-0.0074210392599502,0.655280831898641,0.0380130023083474,-0.0451874338003901,-0.0010200638179607,0.2938058412093926
0.0,1.0,24.792428220652795,4.66930353255353,-7.0,40.0,38.0,KWT,1999,Kuwait,High income,Middle East & North Africa,13836374686.0,11878521098.0,0.0017524446538786,-0.0044177428846743,0.6313575364935747,0.0239451411319316,-0.0453305616843375,-0.0091116263324672,0.3225699757800698
0.0,1.0,24.83830540210066,4.697675190418937,-7.0,40.0,39.0,KWT,2000,Kuwait,High income,Middle East & North Africa,21300594617.0,11370749009.0,0.000993691749719,-0.0036996630902874,0.755891154888647,-0.0243805416878154,-0.03663394269618,0.0011081830555597,0.3838192983288997
0.0,1.0,24.840436455557917,4.7246333161616105,-7.0,40.0,40.0,KWT,2001,Kuwait,High income,Middle East & North Africa,17901278849.0,12400466933.0,0.0008148864096806,-0.0034369520136089,0.7435633051336817,-0.0305362506008737,-0.0367886551776981,0.0008439391637895,0.4072253715460736
0.0,1.0,24.870133919571792,4.750127218310828,-7.0,40.0,41.0,KWT,2002,Kuwait,High income,Middle East & North Africa,17014681785.0,13961186388.0,0.0007560392620286,-0.0019615914292901,0.7654703093931965,-0.0359088397671956,-0.0379626409386325,-0.0016815867989738,0.4248196925930018
0.0,0.0,25.029920292586,4.7740654048768345,-7.0,40.0,42.0,KWT,2003,Kuwait,High income,Middle East & North Africa,24938593077.0,16499335597.0,4.691204714369097e-05,0.0023217201783495,0.87384153460904,-0.0439585252302848,-0.0300494724733803,0.0137315624547681,0.4592010215606238
0.0,0.0,25.127412617583087,4.796300567579531,-7.0,40.0,43.0,KWT,2004,Kuwait,High income,Middle East & North Africa,33831014591.0,19246691551.0,-0.00217433635771,0.0021668347451675,0.9754614726130636,-0.0478999121399947,-0.0226223908828309,0.029412386112894,0.5915234106295358
0.0,0.0,25.228244298386443,4.832474765006578,-7.0,40.0,44.0,KWT,2005,Kuwait,High income,Middle East & North Africa,51691780822.0,22839041096.0,-0.0025938912177577,0.000350882879861,1.1007205712577592,-0.0578933117686777,-0.020077741533699,0.0400727959790564,0.732970218502848
0.0,0.0,25.30070237378008,4.888098975970541,-7.0,40.0,45.0,KWT,2006,Kuwait,High income,Middle East & North Africa,66566497574.0,24543725187.0,-0.0008502802263705,0.0009845078408547,1.268633264006446,-0.057956948213979,-0.0312811584891325,0.0541329150327936,0.836383276969467
0.0,0.0,25.35888763039033,4.946874423221435,-7.0,40.0,46.0,KWT,2007,Kuwait,High income,Middle East & North Africa,72695222614.0,32461455101.0,-0.000167865828376,0.0015357133220536,1.4192845753855874,-0.0527791906595514,-0.0401333324332875,0.0617246310122453,0.9557332691195242
0.0,0.0,25.383388115748346,5.0025295793721885,-7.0,40.0,47.0,KWT,2008,Kuwait,High income,Middle East & North Africa,98390048656.0,38206585624.0,-0.0002825829371507,0.0023649277453328,1.4694388385519102,-0.0572397681694442,-0.03161633427158,0.0624244146306182,1.0398661488432182
0.0,0.0,25.309998063767253,5.055439115093046,-7.0,40.0,48.0,KWT,2009,Kuwait,High income,Middle East & North Africa,62981044877.0,31130878955.0,-0.0005164891951605,-0.0001945022431682,1.3226618424409946,-0.0751083010892194,-0.0213120022142868,0.0577039058143793,1.03479779454402
0.0,0.0,25.286009995693412,5.10698972000094,-7.0,40.0,49.0,KWT,2010,Kuwait,High income,Middle East & North Africa,76952063278.0,35034036154.0,-0.0007051377908078,-3.933529309388178e-05,1.2777221823640408,-0.0827491502269978,-0.0203004482491027,0.0537380611365179,1.0389407215203506
0.0,0.0,25.37794021783759,5.169365499300396,-7.0,40.0,50.0,KWT,2011,Kuwait,High income,Middle East & North Africa,112784000000.0,39894339787.0,-4.500580861995259e-05,0.002571770740167,1.438289536881289,-0.075168306673904,-0.0311533541503064,0.0615910494656372,1.0777004250191045
0.0,0.0,25.442095010828456,5.232538720506678,-7.0,40.0,51.0,KWT,2012,Kuwait,High income,Middle East & North Africa,130069000000.0,45739026063.0,-0.000531076698168,0.0027502010240035,1.5214348514194342,-0.0712239629553109,-0.0385895684117526,0.0650557659930652,1.1101310512465803
0.0,0.0,25.45351680955614,5.282435460599137,-7.0,40.0,52.0,KWT,2013,Kuwait,High income,Middle East & North Africa,123417000000.0,46580345500.0,-0.0006515902963205,0.0017842626446421,1.5433230233357529,-0.0775262150370101,-0.0414597532051068,0.0642671482513839,1.1147726270329683
0.0,0.0,25.458516467882767,5.3265011816949235,-7.0,40.0,53.0,KWT,2014,Kuwait,High income,Middle East & North Africa,111425000000.0,51286394768.0,-0.0006229992742088,0.0017867921044158,1.5442065381920216,-0.0788918234643892,-0.0416304456579305,0.064357069080675,1.1153043717457285
0.0,0.0,25.464425641643967,5.371492203680949,-7.0,40.0,54.0,KWT,2015,Kuwait,High income,Middle East & North Africa,61607350790.0,51488579434.0,-0.0005114378735749,0.0018407696663635,1.5333580223503869,-0.0929462556079538,-0.0421717700250769,0.0650550093958137,1.099885203754123
0.0,0.0,25.493263785025835,5.414751693995141,-7.0,40.0,55.0,KWT,2016,Kuwait,High income,Middle East & North Africa,52112899115.0,53090012147.0,-0.0006227731851671,0.0019320277872715,1.527051949992016,-0.1110299473514445,-0.0406643027658348,0.0694557346080256,1.085422396215198
0.0,0.0,25.445000538719217,5.451701037441992,-7.0,40.0,56.0,KWT,2017,Kuwait,High income,Middle East & North Africa,61787573760.0,56293171254.0,-0.0009563292569354,0.0018058962534998,1.5028739802860491,-0.1322588371274896,-0.0404028449276507,0.06894662816771,1.084587898015989
0.0,1.0,25.469049776328667,5.491502585743269,-7.0,40.0,57.0,KWT,2018,Kuwait,High income,Middle East & North Africa,79460231954.0,63048258687.0,-0.0006608698539448,-0.0018758374470131,1.4532922549476404,-0.1525366551650268,-0.0457397003554297,0.0694054157759136,1.0867186079621505
0.0,0.0,22.15637613401473,3.1587957821416524,-3.0,37.0,31.0,KGZ,1992,Kyrgyzstan,Lower middle income,Europe & Central Asia,823942430.2,1102233827.0,0.0046360641631474,0.0039489564743505,-2.3750625281231197,0.1076258373850771,0.0053028987322192,0.0913321482554325,0.0859278057485144
0.0,1.0,21.988438689311117,3.1591008027397196,-3.0,37.0,32.0,KGZ,1993,Kyrgyzstan,Lower middle income,Europe & Central Asia,679350396.5,834214288.0,0.0046939251312889,-0.0152935285037788,-2.468233028946136,0.0713494492524754,-0.0012437635874499,0.1037499281808332,0.2059949911039749
0.0,1.0,21.764230085691988,3.1587224750106895,-3.0,37.0,33.0,KGZ,1994,Kyrgyzstan,Lower middle income,Europe & Central Asia,567799728.8,673862518.6,0.0047123160725538,-0.0104711859002182,-2.54871101037797,0.0578791066143562,0.0004962507762262,0.106144503068905,0.2397662836701538
0.0,1.0,21.70846552692022,3.1687242965229214,-3.0,37.0,34.0,KGZ,1995,Kyrgyzstan,Lower middle income,Europe & Central Asia,489492602.7,703614106.8,0.0040651446550882,-0.0102212730429897,-2.594384873694489,0.054873849546267,-0.0002917213482644,0.0966044903912003,0.2725413270415569
0.0,0.0,21.776913605727334,3.1835214547765247,-3.0,37.0,35.0,KGZ,1996,Kyrgyzstan,Lower middle income,Europe & Central Asia,561760456.1,1033631429.0,0.0032870372358601,0.0036838970933946,-2.592776295924874,0.0567683133591571,-0.0037176878078379,0.102338256352235,0.3051339563410198
0.0,0.0,21.87145306938292,3.198102739405786,-3.0,37.0,36.0,KGZ,1997,Kyrgyzstan,Lower middle income,Europe & Central Asia,676860146.9,816580728.8,0.0025443423677769,0.0034015096448762,-2.5998976990202927,0.0585532704671211,-0.0072855335834136,0.0956591063453458,0.3502678373547422
0.0,0.0,21.892449447448566,3.213441796442712,-3.0,37.0,37.0,KGZ,1998,Kyrgyzstan,Lower middle income,Europe & Central Asia,600501762.4,955086965.7,0.0024019684214321,0.0032670676789655,-2.598735884328158,0.0574539902885078,-0.0114494798875415,0.092502807524694,0.3596469982207963
0.0,0.0,21.928354953863533,3.2283040233944025,-3.0,37.0,38.0,KGZ,1999,Kyrgyzstan,Lower middle income,Europe & Central Asia,527140642.4,711921997.7,0.0019996412348148,0.0028738957257854,-2.6043388261218254,0.0570114691303165,-0.0109099263965442,0.0908361994828105,0.3715409497145749
0.0,0.0,21.98135848287394,3.2402028778721514,-3.0,37.0,39.0,KGZ,2000,Kyrgyzstan,Lower middle income,Europe & Central Asia,573185350.4,651739833.9,0.0016221529582323,0.0025276042100809,-2.699905968427685,0.0553478466731769,-0.01658409738721,0.0875265806984461,0.3746735210346222
0.0,0.0,22.033207026799843,3.249693742828613,-3.0,37.0,40.0,KGZ,2001,Kyrgyzstan,Lower middle income,Europe & Central Asia,560092477.0,564633756.2,0.0016212596527492,0.002226333295889,-2.591512317202501,0.0551065953306921,-0.0153660570081851,0.0734753141916511,0.4094251812080925
0.0,0.0,22.033033765524173,3.25887909866409,-3.0,37.0,41.0,KGZ,2002,Kyrgyzstan,Lower middle income,Europe & Central Asia,635535283.3,695875684.7,0.0015944711388486,0.0020073130172228,-2.608120868558144,0.0554450109731041,-0.0151897459174125,0.0747542946762841,0.4170373356650599
0.0,0.0,22.100975488163236,3.2693643327019095,-3.0,37.0,42.0,KGZ,2003,Kyrgyzstan,Lower middle income,Europe & Central Asia,742293893.7,868382999.0,0.0012479652358155,0.000656560595853,-2.4671757019621867,0.0534972469137747,-0.0051071190184071,0.0695046262296754,0.5447925058055055
0.0,0.0,22.16888468848984,3.281466249322025,-3.0,37.0,43.0,KGZ,2004,Kyrgyzstan,Lower middle income,Europe & Central Asia,941138691.6,1133628671.0,0.0009079964616219,-0.0007604093648702,-2.4115546539594255,0.0583784665915199,-0.002838109477676,0.0609866115208462,0.6672549538050667
0.0,1.0,22.16712799230699,3.2927500960874148,3.0,37.0,44.0,KGZ,2005,Kyrgyzstan,Lower middle income,Europe & Central Asia,942411213.6,1396889936.0,0.0008740987711234,-0.0012542920366209,-2.4572954240562224,0.0581544602222049,-0.0081653501303943,0.0632830993559905,0.7691295224474657
0.0,1.0,22.197685312682367,3.3034877840558794,4.0,37.0,45.0,KGZ,2006,Kyrgyzstan,Lower middle income,Europe & Central Asia,1182432651.0,2239825766.0,0.0007786571923159,-0.000151118916934,-2.452361748503511,0.0603824080938509,-0.0083902102013725,0.0670868703244859,0.8108976828744571
0.0,1.0,22.279660380927346,3.3130258854489187,3.0,37.0,46.0,KGZ,2007,Kyrgyzstan,Lower middle income,Europe & Central Asia,2012053353.0,3199688543.0,0.0007061396822723,-0.000218899458496,-2.248088111200447,0.0677636763064079,-0.005114070644955,0.0805979249225009,1.000183358843563
0.0,1.0,22.360333191992524,3.3225364814638936,3.0,37.0,47.0,KGZ,2008,Kyrgyzstan,Lower middle income,Europe & Central Asia,2752394340.0,4757398251.0,0.0004928518810499,0.0010824357877385,-2.1250956350994907,0.0772598696374541,-0.0093877666752462,0.082743944764735,1.094058266125121
0.0,1.0,22.38878744827674,3.335781265595224,1.0,37.0,48.0,KGZ,2009,Kyrgyzstan,Lower middle income,Europe & Central Asia,2565386046.0,3690178106.0,0.000486722419359,-0.0001757786987538,-2.0804981735545645,0.0777625701865677,-0.008993992348818,0.0791860581305905,1.1210901642034248
0.0,0.0,22.38406062852651,3.350042928512907,4.0,37.0,49.0,KGZ,2010,Kyrgyzstan,Lower middle income,Europe & Central Asia,2471700785.0,3915964188.0,0.0004457064539383,-0.0009367657963353,-2.089770004424852,0.078547374238039,-0.0098554126765996,0.080137447537465,1.1394065751841305
0.0,0.0,22.44191694498678,3.3644848100106364,7.0,37.0,50.0,KGZ,2011,Kyrgyzstan,Lower middle income,Europe & Central Asia,3380167186.0,5059940641.0,0.0004034313240687,-0.0010304609350753,-2.0735251999975093,0.0790845010101697,0.0030544461688799,0.0758301633723683,1.1535061362345906
0.0,0.0,22.44103505427093,3.383325027709122,7.0,37.0,51.0,KGZ,2012,Kyrgyzstan,Lower middle income,Europe & Central Asia,2932960921.0,6292834349.0,0.0004096008352531,-0.0010161479610762,-2.0730215188561565,0.0794620327349427,0.003514640182793,0.0730271786257688,1.156966653246121
0.0,0.0,22.544633242969407,3.4052125978818113,7.0,37.0,52.0,KGZ,2013,Kyrgyzstan,Lower middle income,Europe & Central Asia,3099063074.0,6731846955.0,0.000583233824662,-0.00158528781999,-1.996452056748872,0.0791218041862515,-0.0021748641676056,0.0599370895537384,1.1413730398243105
0.0,0.0,22.584085070135178,3.427245078312894,7.0,37.0,53.0,KGZ,2014,Kyrgyzstan,Lower middle income,Europe & Central Asia,2796703653.0,6547847695.0,0.0005785190488214,-0.0021941180104313,-1.9320445358375784,0.0812399950859951,-0.0046695677487604,0.0542951913858141,1.10832414393214
0.0,0.0,22.622111083711765,3.449712005969204,7.0,37.0,54.0,KGZ,2015,Kyrgyzstan,Lower middle income,Europe & Central Asia,2350023986.0,5060186676.0,0.0006671044624622,-0.0030136648890721,-1.8012063606461872,0.0817569236242664,-0.0244588068640891,0.0351932576337524,1.0547968743754557
0.0,0.0,22.66455597746431,3.471865653370917,7.0,37.0,55.0,KGZ,2016,Kyrgyzstan,Lower middle income,Europe & Central Asia,2440819277.0,4769041755.0,0.0007190318564278,-0.0031894528952038,-1.7532618412798606,0.0759953637066889,-0.0270711150333976,0.0328437093574547,1.03494577223036
0.0,1.0,22.710866281017115,3.4929139634328332,8.0,37.0,56.0,KGZ,2017,Kyrgyzstan,Lower middle income,Europe & Central Asia,2638475264.0,5112024586.0,0.00080527856469,0.0074741159904031,-1.6613282595191063,0.078918631092976,-0.0156722938617201,0.024964162911552,0.98534061774989
0.0,1.0,22.747756493401067,3.514463763540245,8.0,37.0,57.0,KGZ,2018,Kyrgyzstan,Lower middle income,Europe & Central Asia,2613812661.0,5564289939.0,0.0007785802592974,0.0075400283118913,-1.631899907708594,0.0794551877375714,-0.017321006833716,0.0230354867495281,0.973733452244608
1.0,1.0,23.23694527335048,3.687261484406591,8.0,45.0,34.0,LVA,1995,Latvia,High income,Europe & Central Asia,2000868511.0,2275390759.0,-0.1625936511738827,-0.0031822660766561,-1.0434389963345991,0.0710152063977629,0.0164412775744306,0.0302485839431947,-0.1032645377469194
1.0,1.0,23.262496203633187,3.6759977333676024,8.0,45.0,35.0,LVA,1996,Latvia,High income,Europe & Central Asia,2414915773.0,2953175089.0,-0.0515491554970263,-0.0016834743925532,-0.9655128187249702,0.1886708612904855,0.009579826540974,0.0349538365633649,0.0454666496664688
1.0,1.0,23.34717656642447,3.6660301105526822,8.0,45.0,36.0,LVA,1997,Latvia,High income,Europe & Central Asia,2591640455.0,3181698524.0,-0.0301300405420934,-7.509904111012197e-05,-0.9708362597287146,0.1643515499955767,-0.0006643005147225,0.0397467854783193,0.1289776647369977
1.0,1.0,23.408609687529715,3.6566009210100776,8.0,45.0,37.0,LVA,1998,Latvia,High income,Europe & Central Asia,2811791969.0,3677526510.0,-0.0386972903502656,5.0717368498518655e-06,-0.9556173864210896,0.1680538488709253,0.0019603083898719,0.0390812281638571,0.1445301997553632
0.0,0.0,23.435798442778992,3.648461309025104,8.0,45.0,38.0,LVA,1999,Latvia,High income,Europe & Central Asia,2638963488.0,3377901754.0,0.0044538863916019,-0.0005020069402969,-0.9587221262973444,0.1070503881006116,-9.694701723097948e-05,0.0404053329526608,0.1632133706176956
0.0,0.0,23.491003618249245,3.638821955027253,8.0,45.0,39.0,LVA,2000,Latvia,High income,Europe & Central Asia,2927652375.0,3561696408.0,0.0057112491930766,-0.0010150359331651,-0.9225131189642426,0.1147496720118063,-0.0004545669523367,0.0477782894751735,0.1981213328834419
0.0,0.0,23.552319842345728,3.6259070856520936,8.0,45.0,40.0,LVA,2001,Latvia,High income,Europe & Central Asia,3177771435.0,4044694426.0,0.0034768200400526,-0.000940719369283,-0.9159403612150444,0.1179540238128207,-0.0025895780535744,0.051799710148161,0.216284529625005
0.0,0.0,23.620801784144085,3.6142887032490165,8.0,45.0,41.0,LVA,2002,Latvia,High income,Europe & Central Asia,3492097544.0,4459960209.0,0.0040662038256443,-0.0020747854286897,-0.8699170013953929,0.1119138703076031,-0.0068470433000677,0.0547982376637757,0.2478795738697836
0.0,0.0,23.701670570873084,3.6046246953404912,8.0,45.0,42.0,LVA,2003,Latvia,High income,Europe & Central Asia,4243384578.0,5717024966.0,0.0036469587508485,-0.003797827244222,-0.807558457051666,0.1081625143305389,-0.0081915218739946,0.0550754556010191,0.3195684762830909
0.0,0.0,23.78125913832096,3.5937115658606884,8.0,45.0,43.0,LVA,2004,Latvia,High income,Europe & Central Asia,5617268115.0,7827520489.0,0.0036397776222557,-0.0229284638516884,-0.4217982055604574,0.0725907304962233,-0.0160123379371802,0.0631807421437718,0.5249561133725695
0.0,0.0,23.883096749409983,3.5829058511120215,8.0,45.0,44.0,LVA,2005,Latvia,High income,Europe & Central Asia,7306359676.0,9737186061.0,0.0035678999313573,-0.0301211580238315,-0.3165163686540631,0.0681818749157994,-0.0201767799939895,0.0589202216306182,0.6525357969679504
0.0,1.0,23.996173936103723,3.5737331214864576,8.0,45.0,45.0,LVA,2006,Latvia,High income,Europe & Central Asia,8573078756.0,13025682217.0,0.0033636325976094,0.0528110426994271,-0.1196007669102302,0.0697580974930614,-0.0046407527294002,0.0724012080523001,0.7874463528122776
0.0,1.0,24.0909559912458,3.56557136668,8.0,45.0,46.0,LVA,2007,Latvia,High income,Europe & Central Asia,11881893038.0,17797774586.0,0.0028683823949661,0.0506298290597807,-0.072942594892238,0.0547443456784309,-0.0046129155543493,0.0884702629863892,0.8683608652050213
0.0,1.0,24.057925225262498,3.555061971140901,8.0,45.0,47.0,LVA,2008,Latvia,High income,Europe & Central Asia,14075490425.0,18615164450.0,0.0028377140632215,0.0484300432855994,-0.1016061650642931,0.0599392069858583,-0.0052377533452323,0.0877604193208978,0.9272696060024704
0.0,1.0,23.904072867175575,3.5385517214200317,8.0,45.0,48.0,LVA,2009,Latvia,High income,Europe & Central Asia,11149111760.0,11673201279.0,0.0032525817220708,0.0591757392238318,-0.2434001447887767,0.0770094429554984,-0.0071128544586102,0.0598781756476403,0.9130489298244648
0.0,1.0,23.85849408477005,3.5177386706701856,8.0,45.0,49.0,LVA,2010,Latvia,High income,Europe & Central Asia,12758661553.0,13258875480.0,0.0033487777942724,0.0621746954918124,-0.2441589371645025,0.0874678773295455,-0.0061477993125153,0.0585798927656026,0.9493128250803464
0.0,1.0,23.88390558387972,3.499531000507302,8.0,45.0,50.0,LVA,2011,Latvia,High income,Europe & Central Asia,16424151962.0,18053570798.0,0.0032890755935401,0.0606804950149508,-0.2217379827664024,0.09693329949222,-0.0064661536471849,0.0612042835113791,0.9817099775106252
0.0,1.0,23.9519589877042,3.4871274090094992,8.0,45.0,51.0,LVA,2012,Latvia,High income,Europe & Central Asia,17308649301.0,18813181778.0,0.0034831697850508,0.0612528969379495,-0.1893007529846774,0.1003721414036358,-0.007209115112452,0.0683454217457659,0.9828491928240009
0.0,1.0,23.97183971863163,3.476417060902403,8.0,45.0,52.0,LVA,2013,Latvia,High income,Europe & Central Asia,18242229971.0,19561429184.0,0.0034286356955861,0.0618499516827844,-0.1764213901859649,0.1024862684561436,-0.0081763577930948,0.0715807869131106,0.9830729805149852
0.0,1.0,23.99068279436872,3.466999627400825,8.0,45.0,53.0,LVA,2014,Latvia,High income,Europe & Central Asia,19247854749.0,20125302947.0,0.0035474344714362,0.0531282775521789,-0.1481637206146063,0.1039687009502474,-0.0060850068266279,0.0741742199419912,0.9806347139610184
0.0,1.0,24.02879962975262,3.4588133640979217,8.0,45.0,54.0,LVA,2015,Latvia,High income,Europe & Central Asia,16490529214.0,16803736936.0,0.0032883504232742,0.0513898052443647,-0.136471923109526,0.0976235081508114,-0.0030161039664418,0.0774905309127592,0.9865858454982862
0.0,1.0,24.05220961277232,3.449674510809491,8.0,45.0,55.0,LVA,2016,Latvia,High income,Europe & Central Asia,16793194617.0,16650471636.0,0.0031156501376608,0.0533206657924431,-0.1209211208030609,0.0867636381557139,-0.0032080194279249,0.0847755471347924,0.9894542150251942
0.0,1.0,24.08479756942993,3.4408123549052254,8.0,45.0,56.0,LVA,2017,Latvia,High income,Europe & Central Asia,18851412293.0,18978997355.0,0.003125421927677,0.0519034648853048,-0.1046540970430339,0.0849833415591775,4.080153205440011e-05,0.0818998484517672,0.9798895829538272
0.0,1.0,24.123939957464664,3.4330209710577453,8.0,45.0,57.0,LVA,2018,Latvia,High income,Europe & Central Asia,21235396109.0,21399793243.0,0.0032309214575965,0.0510314448396256,-0.1437512562191197,0.0817057234672453,0.0007491850474266,0.0811870562647466,1.021499794551367
0.0,0.0,22.780115403080288,5.842391983089455,0.0,41.0,28.0,LBN,1989,Lebanon,Lower middle income,Middle East & North Africa,498732254.8,2489030212.0,0.0160448454219367,-0.0048623702219537,-1.8808045188011435,-0.3105371055310755,-0.0396425443850302,0.0200864740978343,-0.3139016619407461
0.0,1.0,24.16783948621008,6.123825717070225,6.0,41.0,44.0,LBN,2005,Lebanon,Lower middle income,Middle East & North Africa,7873085354.0,12068415010.0,0.0094876346898995,0.0527250504373453,-0.0951481143770321,-0.2205163162087904,-0.0678531145320075,0.0724043899859225,0.7555391482989374
0.0,1.0,24.183215812284992,6.1408144464647005,6.0,41.0,45.0,LBN,2006,Lebanon,Lower middle income,Middle East & North Africa,7837807010.0,12218142062.0,0.0092000932242282,0.0539826749919563,-0.104549447074658,-0.2308782077477165,-0.0699585999471818,0.078625170269538,0.8052266073044151
0.0,1.0,24.27223920363179,6.160195884415431,6.0,41.0,46.0,LBN,2007,Lebanon,Lower middle income,Middle East & North Africa,9221256285.0,15101534372.0,0.0089068853744758,0.0561499975563173,-0.0887424687086098,-0.2308075622275583,-0.0682591537141634,0.0802938626267218,0.8586345754203053
0.0,1.0,24.359050903150877,6.176826849271316,6.0,41.0,47.0,LBN,2008,Lebanon,Lower middle income,Middle East & North Africa,11224076779.0,19824163540.0,0.0089338782776843,0.0719406236890077,-0.0656308429540201,-0.2390352091150074,-0.0704075974583055,0.0814094195815807,0.9091872715450768
0.0,1.0,24.456469364218364,6.190324820358011,6.0,41.0,48.0,LBN,2009,Lebanon,Lower middle income,Middle East & North Africa,11751139952.0,20249317982.0,0.0069032751356427,0.0626171767608018,-0.005585288801006,-0.2244292706515753,-0.061431971656188,0.0612310215568392,0.9730347382386954
0.0,1.0,24.53320015254133,6.2000923040001465,6.0,41.0,49.0,LBN,2010,Lebanon,Lower middle income,Middle East & North Africa,13464256798.0,23094612059.0,0.0028405450170846,0.0479636641232855,-0.4095518866703349,-0.1983532766134849,-0.0513710662548556,0.042066167290591,1.3928126527066516
0.0,1.0,24.54183615349333,6.210890541863769,6.0,41.0,50.0,LBN,2011,Lebanon,Lower middle income,Middle East & North Africa,14518739635.0,26262779873.0,0.0009245520317887,0.0208450352081672,0.1938593259410828,-0.1638167570099459,-0.0423355904056854,0.0083074999650612,0.9496488284350144
0.0,1.0,24.567160676992927,6.237939271503495,6.0,41.0,51.0,LBN,2012,Lebanon,Lower middle income,Middle East & North Africa,12680893475.0,26294002587.0,-0.0001051548013401,0.0106751335531278,0.2929383374821695,-0.1681677495934426,-0.0366537518688926,0.0009807027713325,0.874725205625445
0.0,1.0,24.60472495650404,6.330488336462425,6.0,41.0,52.0,LBN,2013,Lebanon,Lower middle income,Middle East & North Africa,12492026093.0,27906587980.0,-0.0037886240996943,0.0035258087541086,0.3502632557472968,-0.1725072443677595,-0.0319338958973541,-0.0188026876353248,0.8572225580277688
0.0,1.0,24.62926204582583,6.430411383778435,6.0,41.0,53.0,LBN,2014,Lebanon,Lower middle income,Middle East & North Africa,11425578094.0,26962653976.0,-0.0037804820365383,0.0031240321926432,0.3515206545298359,-0.1780221796867094,-0.0318613840526927,-0.0185606805652355,0.8636767695092182
0.0,1.0,24.633874599544434,6.449988342139216,6.0,41.0,54.0,LBN,2015,Lebanon,Lower middle income,Middle East & North Africa,11553482874.0,24315275422.0,-0.0038136227019039,0.0029865878269332,0.3547235041129964,-0.1781874850291218,-0.0320087652736833,-0.0177525562659222,0.8623238944586633
0.0,1.0,24.649300500288533,6.426633967258976,6.0,41.0,55.0,LBN,2016,Lebanon,Lower middle income,Middle East & North Africa,11112344036.0,23526463868.0,-0.0038095840681225,0.0030205192209982,0.3607752450771987,-0.1770413988531291,-0.0322464473482648,-0.0171686128717558,0.8646378006272559
0.0,1.0,24.65709022148189,6.400528255646358,6.0,41.0,56.0,LBN,2017,Lebanon,Lower middle income,Middle East & North Africa,11627344114.0,24672982326.0,-0.00437491066958,0.0013899402390515,0.3726245000527736,-0.1770475541600068,-0.0312328126809575,-0.0162650768416983,0.8698055343185578
1.0,1.0,24.63992193821148,6.371539825834959,6.0,41.0,57.0,LBN,2018,Lebanon,Lower middle income,Middle East & North Africa,11394547410.0,26079751235.0,-0.0129375484022477,0.0031804984914359,0.392206420647348,-0.1784672558518614,-0.0343051303975654,-0.0132889254620453,0.9080149735308528
0.0,1.0,19.439442993746226,3.368918700350749,5.0,43.0,5.0,LSO,1966,Lesotho,Lower middle income,Sub-Saharan Africa,6159997.536,32059987.18,0.0023233378026414,-0.0031240019840823,-4.690722584191609,-0.2439057672407446,-0.0289496523250131,0.006440487673334,-1.6300774995914915
0.0,1.0,19.543010456372805,3.4046849251065407,5.0,43.0,6.0,LSO,1967,Lesotho,Lower middle income,Sub-Saharan Africa,7139997.144,33599986.56,0.0020733666038406,-0.0034778924815494,-4.653268820425623,-0.2286984661625022,-0.0275116709046832,0.0055690462304385,-1.6036499515964238
0.0,1.0,19.53933250082188,3.4413393030651016,5.0,43.0,7.0,LSO,1968,Lesotho,Lower middle income,Sub-Saharan Africa,7419997.032,33879986.45,0.0019986104792513,-0.0028795498363134,-4.6353642647258075,-0.2130485372872415,-0.0274505864015229,0.0053307045620426,-1.5835479998871345
0.0,1.0,19.554689345273022,3.477688639936729,5.0,43.0,8.0,LSO,1969,Lesotho,Lower middle income,Sub-Saharan Africa,8959996.416,34019986.39,0.0019940385581909,-0.0024446985016666,-4.601172221434187,-0.1844461948958809,-0.0271905690877313,0.0055817488404817,-1.5423400307580806
0.0,1.0,19.57622645944904,3.5137189544366887,-5.0,43.0,9.0,LSO,1970,Lesotho,Lower middle income,Sub-Saharan Africa,8399996.64,33599986.56,0.002296214440027,-0.0024522931342641,-4.65309522948191,-0.1777267577128977,-0.0213217950953629,0.0096872027553173,-1.46567919840994
0.0,1.0,19.626099063317852,3.549350439084097,-5.0,43.0,10.0,LSO,1971,Lesotho,Lower middle income,Sub-Saharan Africa,9787239.397,41945311.7,0.0022970259978811,-0.0029821355420375,-4.579557833477547,-0.1230188634291259,-0.021611199973447,0.009250834235734,-1.390993476771761
0.0,1.0,19.624069922601965,3.584527615681263,-5.0,43.0,11.0,LSO,1972,Lesotho,Lower middle income,Sub-Saharan Africa,13008553.12,55936778.43,0.0021144583125716,-0.0048294194043494,-4.529418698552122,-0.0079970670321998,-0.0250784573120367,0.010389908200358,-1.3002075227102097
0.0,1.0,19.858389833486395,3.619230841068333,-7.0,43.0,12.0,LSO,1973,Lesotho,Lower middle income,Sub-Saharan Africa,17292087.86,82137417.34,0.0022145239166364,-0.0061676134955935,-4.503734575311383,0.0560615053878251,-0.0115522952446145,0.0023699171826581,-1.0736410049993927
0.0,1.0,19.962570454005256,3.6536993151351465,-7.0,43.0,13.0,LSO,1974,Lesotho,Lower middle income,Sub-Saharan Africa,20604082.26,116265892.7,0.0021911742423092,-0.0178499400181253,-4.15893399808921,0.0239848030425114,-0.0186889538858595,-0.012389172144998,-0.8690053746452236
0.0,1.0,19.817388628635115,3.6882559067486786,-7.0,43.0,14.0,LSO,1975,Lesotho,Lower middle income,Sub-Saharan Africa,21636006.64,155508797.7,0.0042945514745197,-0.0079612566541856,-4.58904050466454,0.0730783956607658,-0.0170548276566273,0.0112253918004811,-0.8593825567725027
0.0,1.0,19.922191151050217,3.7203407779372974,-7.0,43.0,15.0,LSO,1976,Lesotho,Lower middle income,Sub-Saharan Africa,26450006.61,204700051.2,0.0107466319154255,-0.0129119970151899,-4.2909562031131365,0.0384598182405443,-0.0190578062794728,0.000548700213107,-0.7660956697203937
0.0,1.0,20.11947549635939,3.7492459630927066,-7.0,43.0,16.0,LSO,1977,Lesotho,Lower middle income,Sub-Saharan Africa,23000005.75,217350054.3,0.0112753238878418,-0.0235618425648351,-3.636922592990959,-0.0243086574436083,-0.0258645853583836,-0.0119940956309469,-0.6954443655540806
0.0,1.0,20.28767171600854,3.777730924467885,-7.0,43.0,17.0,LSO,1978,Lesotho,Lower middle income,Sub-Saharan Africa,46000011.5,241500060.4,0.0118736978661994,-0.0217643164562567,-3.609255930593098,-0.0261030241196085,-0.0253712025240193,-0.006626494606393,-0.6586523849524533
0.0,1.0,20.316200072771558,3.806639798846216,-7.0,43.0,18.0,LSO,1979,Lesotho,Lower middle income,Sub-Saharan Africa,64131264.82,358660036.6,0.0125088068133067,-0.0206769652636917,-3.567421013524806,-0.0222072909647397,-0.0270918196883237,0.0013824413951777,-0.5343132533251458
0.0,1.0,20.28836855166391,3.8357486059876433,-7.0,43.0,19.0,LSO,1980,Lesotho,Lower middle income,Sub-Saharan Africa,90648328.14,475069141.8,0.0121484299343116,-0.0167631320513637,-3.552628870848359,-0.0264712533048215,-0.0281069667871216,0.0128339145756669,-0.3571629062036758
0.0,1.0,20.295290918121548,3.8648602712558415,-7.0,43.0,20.0,LSO,1981,Lesotho,Lower middle income,Sub-Saharan Africa,83760683.76,508034188.0,0.0120145554783705,-0.0154686384086809,-3.5617917391608347,-0.0258750793376524,-0.0280786126673008,0.0138580414979707,-0.3078722688199781
0.0,0.0,21.31733175876354,4.16413319378578,8.0,43.0,46.0,LSO,2007,Lesotho,Lower middle income,Sub-Saharan Africa,895714317.1,1880626511.0,0.0023075176957129,-0.0021850176078405,-3.302064723468619,0.0270613670689827,0.3519911428109119,0.0821509045568863,0.6925513070910168
0.0,0.0,21.37108130227708,4.170905488292006,8.0,43.0,47.0,LSO,2008,Lesotho,Lower middle income,Sub-Saharan Africa,935018108.1,1911931986.0,0.0023227459736505,-0.0022030597302715,-3.3108999673148163,0.0275301357145251,0.3648269344564834,0.0874774815778198,0.7166372686100618
0.0,0.0,21.358446674085066,4.178172031410697,8.0,43.0,48.0,LSO,2009,Lesotho,Lower middle income,Sub-Saharan Africa,779282540.3,1986907946.0,0.0023670599457683,-0.0020742164097024,-3.2568551364606986,0.0230550011741605,0.3713921331128607,0.1050388711360135,0.7956373812109444
0.0,0.0,21.40976963452368,4.18590024787721,8.0,43.0,49.0,LSO,2010,Lesotho,Lower middle income,Sub-Saharan Africa,941418358.4,2413002186.0,0.0023158389722135,-0.0021570900054438,-3.2114346996486143,0.0401522173852674,0.4086992126844443,0.1155001204200164,0.8853773628436343
0.0,0.0,21.45487924514547,4.194756589532553,8.0,43.0,50.0,LSO,2011,Lesotho,Lower middle income,Sub-Saharan Africa,1230967658.0,2632900426.0,0.0022394970744162,-0.001965257615384,-3.180541475206089,0.0548390175957173,0.4137902663481952,0.1219379436426245,0.9845873776543796
0.0,0.0,21.516301870533674,4.204807650237351,8.0,43.0,51.0,LSO,2012,Lesotho,Lower middle income,Sub-Saharan Africa,1035578775.0,2686142426.0,0.0021490344727647,-0.0020395941528695,-3.048128146288801,0.0404400277780434,0.3038198537144446,0.1181558048850571,0.9914366067543632
0.0,0.0,21.534068421018105,4.215636780156475,8.0,43.0,52.0,LSO,2013,Lesotho,Lower middle income,Sub-Saharan Africa,905412759.6,2251498995.0,0.0021256762915203,-0.0021214825314334,-3.00892459614855,0.0328662826503438,0.2752398922544715,0.1142833762225197,0.9831178947962356
0.0,0.0,21.55102921014752,4.227040007644268,8.0,43.0,53.0,LSO,2014,Lesotho,Lower middle income,Sub-Saharan Africa,931258117.8,2151620838.0,0.0021284353137053,-0.0021341333566962,-3.006385971099843,0.0321195987143116,0.2723884068666839,0.1130762255972544,0.982984729567122
0.0,0.0,21.58182567071924,4.238759978344737,8.0,43.0,54.0,LSO,2015,Lesotho,Lower middle income,Sub-Saharan Africa,1012112198.0,2048938857.0,0.0021051666216379,-0.0020571529002817,-2.8715339541852622,0.0240343089804461,0.2121328692831356,0.0892626318316335,0.9585976523868546
0.0,0.0,21.617244937243903,4.250949408688781,8.0,43.0,55.0,LSO,2016,Lesotho,Lower middle income,Sub-Saharan Africa,967977351.7,1914308305.0,0.0020014099723754,-0.0020298671949705,-2.8383083381479546,0.0245177603898486,0.1818529955107448,0.0884210984251198,0.9524355412601742
0.0,0.0,21.585360230570608,4.26339868933807,8.0,43.0,56.0,LSO,2017,Lesotho,Lower middle income,Sub-Saharan Africa,1095170222.0,2281133087.0,0.0020635920134324,-0.0022371371934091,-2.8499887623123374,0.0274146042722159,0.2049753634818392,0.0899933170537979,0.9717679949365996
0.0,0.0,21.586075361854807,4.275605591299728,8.0,43.0,57.0,LSO,2018,Lesotho,Lower middle income,Sub-Saharan Africa,1273857561.0,2418257077.0,0.0020631268165344,-0.002243307973113,-2.8423034773930924,0.0272252190996295,0.2073955413528614,0.0905847486543731,0.9828873835776032
1.0,0.0,24.7403105953868,1.0870690578564868,-7.0,42.0,38.0,LBY,1999,Libya,Upper middle income,Middle East & North Africa,7274514835.0,5245671189.0,-0.0181581780345274,0.0020066651820331,0.6239757756532035,0.0636142910947206,-0.0553634030445807,-0.0029742036411268,0.2588512657791328
1.0,0.0,24.77644260502271,1.1036013193986036,-7.0,42.0,39.0,LBY,2000,Libya,Upper middle income,Middle East & North Africa,12077549347.0,5251957281.0,-0.0153043554037017,0.00141306556174,0.6189340311984617,0.0624397075665558,-0.0533438040401504,-0.0063345974482131,0.2934483705651454
1.0,0.0,24.758656985715543,1.1220202041933585,-7.0,42.0,40.0,LBY,2001,Libya,Upper middle income,Middle East & North Africa,9053587720.0,5673779964.0,-0.0138736258252955,0.001292763691488,0.5902065457323096,0.0584782442815866,-0.0539289472228465,-0.00560905449846,0.3159746298268896
1.0,0.0,24.749021742154454,1.1412236039587258,-7.0,42.0,41.0,LBY,2002,Libya,Upper middle income,Middle East & North Africa,9169291339.0,6982677165.0,-0.0136772936464017,0.0011108542301384,0.5774720919057407,0.0580481923329193,-0.0542907725885763,-0.0064757420057835,0.3328749467796378
1.0,0.0,24.87138128735753,1.161172129445706,-7.0,42.0,42.0,LBY,2003,Libya,Upper middle income,Middle East & North Africa,15054687500.0,8745312500.0,-0.0116910220539752,0.0009465182415089,0.7213783157976265,0.093325077725063,-0.0428816670962397,0.0033971784089526,0.4274852233883662
1.0,0.0,24.91503101443646,1.181830500778626,-7.0,42.0,43.0,LBY,2004,Libya,Upper middle income,Middle East & North Africa,21117445538.0,10722807615.0,-0.0070573133728842,0.0007727402627199,0.7431751658937331,0.1052725511927706,-0.0353349079518977,0.0016341975594996,0.543498485565194
1.0,0.0,25.02720507379857,1.2028920518232844,-7.0,42.0,44.0,LBY,2005,Libya,Upper middle income,Middle East & North Africa,30160170974.0,12848550618.0,-0.0043564269101938,0.0008402455620154,0.8389378398834547,0.1236865399674293,-0.0246086291265813,0.0132699381591817,0.6784974905787696
1.0,0.0,25.090184806470074,1.2234034403831298,-7.0,42.0,45.0,LBY,2006,Libya,Upper middle income,Middle East & North Africa,43171291715.0,15563669140.0,-0.0023930372918701,0.0008764201944405,0.958609587610062,0.1377326278440165,-0.0202251800664498,0.0316544563161408,0.7851853226713668
1.0,0.0,25.15062101322216,1.2439541349633068,-7.0,42.0,46.0,LBY,2007,Libya,Upper middle income,Middle East & North Africa,49958301819.0,19933552186.0,0.0006904778044054,0.0007757077102439,0.9966329677988082,0.1403816324891758,-0.0195230773166071,0.0428038413178322,0.8817727560546579
1.0,0.0,25.14899921643648,1.2651951310576648,-7.0,42.0,47.0,LBY,2008,Libya,Upper middle income,Middle East & North Africa,64266297907.0,25255769630.0,0.0005451160227734,0.0009400398232875,0.9562138586586248,0.1480419414072931,-0.0170008635747445,0.0408378954175886,0.925520604515841
1.0,0.0,25.103999949210472,1.2860266716460664,-7.0,42.0,48.0,LBY,2009,Libya,Upper middle income,Middle East & North Africa,38453444422.0,26989295863.0,0.0003520577578697,0.0010313827902419,0.8913495300979949,0.1470202721700177,-0.0135221128934375,0.0293128612699767,0.9168597224304949
1.0,0.0,25.153049581360793,1.306417248818017,-7.0,42.0,49.0,LBY,2010,Libya,Upper middle income,Middle East & North Africa,49956385791.0,23975026622.0,0.0009373896351934,0.0010341902639954,0.9100632199984108,0.1274631554297168,-0.0169322753863096,0.0383651717340573,0.9506447425065784
1.0,0.0,24.45310907555193,1.2823314347678854,0.0,42.0,50.0,LBY,2011,Libya,Upper middle income,Middle East & North Africa,18374597272.0,11974656742.0,-0.0318136710649777,-0.0115243293778137,-0.0909471789696324,0.1035356457630312,-0.04641447012906,0.076156084898483,1.0003323397525874
1.0,0.0,25.078120598046354,1.2561571164242813,0.0,42.0,51.0,LBY,2012,Libya,Upper middle income,Middle East & North Africa,61880142035.0,29017564162.0,-0.0005164104318943,0.0013623056539363,0.8416396177430221,0.1567536032648374,-0.0294340526239553,0.0279752752441051,0.9381802358048206
1.0,1.0,24.87969451786378,1.2762315556170667,0.0,42.0,52.0,LBY,2013,Libya,Upper middle income,Middle East & North Africa,45126728799.0,34997389305.0,-0.0025765494745501,0.0007927673618795,0.4890173639205408,0.1317750389873628,-0.0470901666614065,-0.0303501698844606,0.8206040821057781
1.0,1.0,24.617773679290917,1.2954946639526108,0.0,42.0,53.0,LBY,2014,Libya,Upper middle income,Middle East & North Africa,18495884162.0,25408243621.0,-0.0055638269062632,0.0011786041661518,0.2727123797546971,0.0989894355992638,-0.059132242755913,-0.0290903738768993,0.829265232496794
1.0,1.0,24.609311412579935,1.3116330538275907,0.0,42.0,54.0,LBY,2015,Libya,Upper middle income,Middle East & North Africa,10828621281.0,16894027700.0,-0.0050893157943114,0.0010564336468565,0.259438325285073,0.0772768641157339,-0.0600791977889771,-0.0320120338326745,0.8186898314987487
1.0,1.0,24.594289738900603,1.3268730051979791,0.0,42.0,55.0,LBY,2016,Libya,Upper middle income,Middle East & North Africa,7276125978.0,13242815396.0,-0.0053401763552587,0.0009665029561456,0.2547185139953944,0.0714524852844239,-0.0624574501923992,-0.0321497621132315,0.8173981194083357
1.0,1.0,24.8756403261287,1.3428250044893695,0.0,42.0,56.0,LBY,2017,Libya,Upper middle income,Middle East & North Africa,18264984001.0,13667690233.0,-0.0021720777617945,0.0002565833358776,0.4511931732298179,0.0763784616797592,-0.0503563881132192,-0.0352792630394878,0.803529783373545
1.0,1.0,24.952058329593914,1.3590582751855975,0.0,42.0,57.0,LBY,2018,Libya,Upper middle income,Middle East & North Africa,30378023791.0,18533195308.0,-0.0019175899397479,-0.0004355108360693,0.5798216899599642,0.0870932760554413,-0.0441150078248264,-0.0143157884996109,0.8478878747250849
0.0,1.0,23.608810453810026,4.058698096310031,10.0,44.0,34.0,LTU,1995,Lithuania,High income,Europe & Central Asia,2925991891.0,3770960973.0,0.0513356821177684,-0.0055573282820221,-0.8480628358879484,0.0296676944416899,0.0885729693955589,0.0278982562030692,0.018529484201693
0.0,1.0,23.65910866426054,4.051094662132701,10.0,44.0,35.0,LTU,1996,Lithuania,High income,Europe & Central Asia,3519214502.0,4305180837.0,0.0418022665192181,-0.0031642580880604,-0.7671978540192853,0.0361066519781911,0.0941710136167674,0.0302908998344715,0.0917698624909001
0.0,1.0,23.73894447266231,4.043716358542508,10.0,44.0,36.0,LTU,1997,Lithuania,High income,Europe & Central Asia,4553531290.0,5579099698.0,0.0303420287694568,-0.0005632844773667,-0.7291961673717071,0.0552739498429131,0.1048330986556967,0.0354039569576318,0.1922095228085359
0.0,1.0,23.81103960857133,4.036471996554076,10.0,44.0,37.0,LTU,1998,Lithuania,High income,Europe & Central Asia,4400655158.0,5687938714.0,0.0331849583853796,0.0175427376099574,-0.4255517333803931,-0.023260883950262,0.085873061187344,0.0423382889475296,0.1889645783394619
0.0,0.0,23.799558237612487,4.029377104126446,10.0,44.0,38.0,LTU,1999,Lithuania,High income,Europe & Central Asia,3559759171.0,4661041864.0,0.0295477795226665,-0.011540628314085,-0.4519052931450238,-0.0054432989392822,0.0868393056940907,0.0479351175131924,0.2413039498078867
0.0,0.0,23.835847016660317,4.022343249732625,10.0,44.0,39.0,LTU,2000,Lithuania,High income,Europe & Central Asia,4447864480.0,5161331895.0,0.0214651266246156,-0.01923548486396,-0.3929788805153771,-0.0031182771915264,0.0879799033506125,0.0533794865907744,0.316797256178238
0.0,0.0,23.89906693976631,4.014103162588402,10.0,44.0,40.0,LTU,2001,Lithuania,High income,Europe & Central Asia,5396323694.0,6065911092.0,0.0183658016010218,-0.01910555855644,-0.3706881040793544,0.0040380321867755,0.0893163382747424,0.0600933895462121,0.3600965705912663
0.0,0.0,23.9643996570889,4.006075505411932,10.0,44.0,41.0,LTU,2002,Lithuania,High income,Europe & Central Asia,6759675965.0,7570066685.0,0.0186537011256784,-0.0200034055897729,-0.3124903494599099,0.0189010577436001,0.0911324126422694,0.0711749693832517,0.4005307524780651
0.0,0.0,24.064841709839303,3.997952724503384,10.0,44.0,42.0,LTU,2003,Lithuania,High income,Europe & Central Asia,8681096447.0,9769109983.0,0.0096124357037631,-0.0266764366764778,-0.1951630460982639,0.028214837665978,0.0857604891150924,0.0973805693910837,0.5256440399698534
0.0,0.0,24.128468785569893,3.986722811713493,10.0,44.0,43.0,LTU,2004,Lithuania,High income,Europe & Central Asia,11035742673.0,12633539493.0,0.0101287353921514,-0.028388246616758,-0.1867668505099798,0.0323658160666567,0.0854375036654057,0.1005836512986455,0.6385177176407774
0.0,0.0,24.202948673439202,3.9704388004995548,10.0,44.0,44.0,LTU,2005,Lithuania,High income,Europe & Central Asia,14387565618.0,16272919517.0,0.0109531877410805,-0.0262946815093892,-0.1353066778672721,0.0307174979880495,0.090904858122595,0.0978639354266894,0.7205337477765965
0.0,1.0,24.274470144476492,3.9544750173079963,10.0,44.0,45.0,LTU,2006,Lithuania,High income,Europe & Central Asia,17215943029.0,20312938888.0,0.0110885890637098,0.061281158553385,-0.0174700065704049,0.029423615311387,0.1298315707555081,0.1018325998862975,0.84292093504173
0.0,1.0,24.379797980865032,3.942595537749353,10.0,44.0,46.0,LTU,2007,Lithuania,High income,Europe & Central Asia,20500472085.0,25702866721.0,0.011725525755274,0.0763690470125272,0.0003461169638816,0.0306790749114378,0.1429334732637257,0.1084895385876438,0.9746070003977418
0.0,1.0,24.405606293111802,3.932390479442888,10.0,44.0,47.0,LTU,2008,Lithuania,High income,Europe & Central Asia,27541583492.0,33089174594.0,0.0099307367677682,0.0710271428878725,0.0448082520640706,0.0339333106706868,0.1455865959814299,0.0938144152069309,1.010623554512994
0.0,1.0,24.244984288322556,3.9212870218115072,10.0,44.0,48.0,LTU,2009,Lithuania,High income,Europe & Central Asia,19363046984.0,20021144009.0,0.0109282623800948,0.0552540949081533,-0.0636300242442651,0.0286023559640917,0.1462487673325436,0.103786471286611,0.9859011837691752
0.0,1.0,24.261361847466357,3.900317587550392,10.0,44.0,49.0,LTU,2010,Lithuania,High income,Europe & Central Asia,23740962644.0,24484526320.0,0.010866023633723,0.0541537203169169,-0.0582381655845226,0.0292736604162813,0.1474500738668979,0.1045023630833612,0.9994221514459176
0.0,1.0,24.319998689409015,3.8777489040885937,10.0,44.0,50.0,LTU,2011,Lithuania,High income,Europe & Central Asia,31728784749.0,32897788514.0,0.0109158611310688,0.07254898607758,-0.0096992180426014,0.0394520609575309,0.1546275785021403,0.1036011074638113,1.027294748596176
0.0,1.0,24.35771697398894,3.8643368843088357,10.0,44.0,51.0,LTU,2012,Lithuania,High income,Europe & Central Asia,33580700076.0,33318801482.0,0.010932081676147,0.0750917718481076,-0.0092685895519922,0.041942116443324,0.1550134442412179,0.1053272180077408,1.051343381326305
1.0,1.0,24.392602079314543,3.8542008551050406,10.0,44.0,52.0,LTU,2013,Lithuania,High income,Europe & Central Asia,36599310829.0,35924555728.0,-0.1007531759113502,0.0745365488791416,-0.0591316119325754,-0.0198237403073556,0.1634449870524195,0.0995173951175077,1.3374908227371196
1.0,1.0,24.427361025487233,3.846001544425243,10.0,44.0,53.0,LTU,2014,Lithuania,High income,Europe & Central Asia,35075486128.0,34143020506.0,-0.0951288405734944,0.0727826818798777,-0.0638272409572401,-0.0225939680925871,0.1599881797151345,0.0911226742762072,1.3516596720510117
0.0,1.0,24.447404642891378,3.83659400636401,10.0,44.0,54.0,LTU,2015,Lithuania,High income,Europe & Central Asia,28498914823.0,28908846551.0,0.0084687248726578,0.0622687237456952,-0.0046206725871075,0.0407103805850082,0.1444928106813458,0.0757373769290586,1.0908493131577428
0.0,1.0,24.472280929084867,3.824014762714762,10.0,44.0,55.0,LTU,2016,Lithuania,High income,Europe & Central Asia,29095247185.0,28782248192.0,0.0086115884277118,0.0660469335897824,0.0059374071732177,0.0400686890440129,0.1454101862282028,0.0746695690481076,1.0783275323544137
0.0,1.0,24.51421523549712,3.810047504582218,10.0,44.0,56.0,LTU,2017,Lithuania,High income,Europe & Central Asia,35152006748.0,34056328975.0,0.0079730606269472,0.0594636330219892,-0.0099594719422572,0.037615510862984,0.1442826978612378,0.0682198210128145,1.0957643532360912
0.0,1.0,24.55337162280252,3.8006812193608956,10.0,44.0,57.0,LTU,2018,Lithuania,High income,Europe & Central Asia,40441054996.0,39433464609.0,0.0016852105553156,0.0188008948212892,0.1880359629524831,0.0320057772728546,0.1274070025523988,-0.0030841374001829,0.9200532491325276
0.0,0.0,21.418247893092076,1.5912360683804825,-7.0,47.0,6.0,MLI,1967,Mali,Low income,Sub-Saharan Africa,31300692.44,65853405.4,0.0022766776675803,0.0005532602728525,-2.9243544153489305,-0.1041572253296061,-0.0419007220905586,-0.0478032958145447,-1.4317478756382953
0.0,0.0,21.454660920132877,1.6064879587962415,-7.0,47.0,7.0,MLI,1968,Mali,Low income,Sub-Saharan Africa,35142330.51,62205960.19,0.0022476050797294,0.0004196445603574,-2.9792646407770733,-0.1050029581274211,-0.0440315605146396,-0.0482562365773098,-1.3778735541378773
0.0,0.0,21.456968250368885,1.6219400970124371,-7.0,47.0,8.0,MLI,1969,Mali,Low income,Sub-Saharan Africa,38082699.03,64625184.28,0.002238748325015,0.0004783866407736,-2.9839887586902663,-0.1065028604419797,-0.0448617358002849,-0.0465346886373786,-1.3436111372669932
0.0,0.0,21.51652835176959,1.6378014548118465,-7.0,47.0,9.0,MLI,1970,Mali,Low income,Sub-Saharan Africa,44862008.93,65484064.31,0.0024044153755657,0.000480611909014,-2.8945006775333195,-0.1074890831709598,-0.0408811021224537,-0.0447046539433811,-1.299743272198217
0.0,0.0,21.54189386969132,1.6538392039573793,-7.0,47.0,10.0,MLI,1971,Mali,Low income,Sub-Saharan Africa,53022179.54,79896441.29,0.002381908927508,0.0006248495311749,-2.881339917339431,-0.0989870810388606,-0.0412520590844749,-0.041840569808691,-1.2587106584155534
0.0,0.0,21.598690150813603,1.6702887607064596,-7.0,47.0,11.0,MLI,1972,Mali,Low income,Sub-Saharan Africa,48804174.55,95227655.34,0.0022045165233063,0.0014597822046569,-2.784580448666349,-0.1262018389126823,-0.0312114454165911,-0.0394760326138659,-1.2355444108621465
0.0,0.0,21.584032086727994,1.6876244837826897,-7.0,47.0,12.0,MLI,1973,Mali,Low income,Sub-Saharan Africa,57427641.07,128763540.3,0.0021343370223477,0.0022245081020262,-2.9443612555366077,-0.1027564874502681,-0.0344348391537692,-0.0376694736255252,-1.0153195863154387
0.0,0.0,21.568625755164703,1.705402172826526,-7.0,47.0,13.0,MLI,1974,Mali,Low income,Sub-Saharan Africa,68548731.68,220186837.0,0.0020632472181987,0.0023985475673909,-3.1556359335811095,-0.0762091615116182,-0.0459923490514461,-0.0303766947926352,-0.8376994543850854
0.0,0.0,21.678601048368694,1.723380628471358,-7.0,47.0,14.0,MLI,1975,Mali,Low income,Sub-Saharan Africa,80256489.46,243102500.1,0.0023363746659663,0.0033229230356114,-2.9971498086717383,-0.1013238991021567,-0.0390512471123269,-0.0256917638364327,-0.866552016450156
0.0,0.0,21.806320672581794,1.7413135409875415,-7.0,47.0,15.0,MLI,1976,Mali,Low income,Sub-Saharan Africa,103368693.2,197530464.2,0.0025282905878419,0.0034497286245672,-2.911348678940005,-0.0918742007472598,-0.0335702634481774,-0.0183458994009336,-0.7747724646156207
0.0,0.0,21.86787330777569,1.7598168284949562,-7.0,47.0,16.0,MLI,1977,Mali,Low income,Sub-Saharan Africa,133914203.9,205552206.7,0.002747488558535,0.0043405578094185,-2.8690260190832273,-0.0673120452730234,-0.02744208622533,-0.0163153617014066,-0.680057093285508
0.0,0.0,21.853130399918587,1.7791841795045475,-7.0,47.0,17.0,MLI,1978,Mali,Low income,Sub-Saharan Africa,141808858.9,364714669.1,0.0028579660651374,0.0060833613476853,-2.833173594800588,-0.0156582297014452,-0.0231649152109635,-0.0092752712235153,-0.5963027520899516
0.0,0.0,21.952031191405382,1.799125384972772,-7.0,47.0,18.0,MLI,1979,Mali,Low income,Sub-Saharan Africa,191329840.4,434370472.4,0.0033096560195982,0.0070635965745928,-2.8019566552763377,-0.0095705776810922,-0.0207854531103768,-0.0029652042999022,-0.4776760428330975
0.0,0.0,21.907809258433787,1.8199568482278288,-7.0,47.0,19.0,MLI,1980,Mali,Low income,Sub-Saharan Africa,262685142.4,520163912.7,0.003460459372132,0.0081682952910597,-2.783222255062128,0.0179037820549639,-0.0214579507203466,-0.0041799643401064,-0.3523662777479293
0.0,0.0,21.92278460898095,1.841273822379176,-7.0,47.0,20.0,MLI,1981,Mali,Low income,Sub-Saharan Africa,200381661.4,437932372.9,0.0032956569644671,0.0068281375405352,-2.8062665241749896,0.0209960942219073,-0.0210216380472522,-0.0051895368350895,-0.3306148824164878
0.0,0.0,21.84613644196071,1.8628047036876672,-7.0,47.0,21.0,MLI,1982,Mali,Low income,Sub-Saharan Africa,190197232.8,395305928.6,0.003279206094229,0.006079931162451,-2.8346388616091307,0.0224659159241442,-0.028243165629928,-0.0038456128738605,-0.3036224975009783
0.0,0.0,21.86418138603855,1.8847257387651142,-7.0,47.0,22.0,MLI,1983,Mali,Low income,Sub-Saharan Africa,208756468.7,407803334.1,0.0031019341807227,0.0057783484928879,-2.8156806181851515,0.0318622191322422,-0.0282609649633446,-0.0032874021131643,-0.2887553852706858
0.0,0.0,21.86130714783919,1.9061756790372861,-7.0,47.0,23.0,MLI,1984,Mali,Low income,Sub-Saharan Africa,232746191.8,430706325.5,0.0030857487337546,0.0047955726294885,-2.801884164848797,0.0278466752923674,-0.0308962828879854,-0.0075743372217843,-0.2535616009963118
0.0,0.0,22.046014480735895,1.9262042537290172,-7.0,47.0,24.0,MLI,1985,Mali,Low income,Sub-Saharan Africa,233359988.8,592169891.4,0.003106471908517,0.0048258120084626,-2.6642996725030046,0.0424362898440369,-0.0246083444946612,-0.0117632169742845,-0.2253611174936522
0.0,0.0,22.07258455802932,1.944732472866855,-7.0,47.0,25.0,MLI,1986,Mali,Low income,Sub-Saharan Africa,273746415.8,645671925.9,0.0030089739035417,0.0045240966588141,-2.6311586017025808,0.0515125668110765,-0.0221368866400092,-0.0124042237951079,-0.217505257650972
0.0,0.0,22.071191945864914,1.9621490367092262,-7.0,47.0,26.0,MLI,1987,Mali,Low income,Sub-Saharan Africa,338394767.4,662481791.5,0.003134875537372,0.0039360193336025,-2.558022960567457,0.0609046359002423,-0.025392032863842,-0.019216971587135,-0.0951008887333831
0.0,0.0,22.142486230160777,1.9796008760804684,-7.0,47.0,27.0,MLI,1988,Mali,Low income,Sub-Saharan Africa,316268468.3,699416638.1,0.0030291142667584,0.0036755310092964,-2.498952455587313,0.0667658748865746,-0.0254116666634465,-0.025919233955382,-0.0701158244558607
0.0,0.0,22.183411145138336,1.998211104132262,-7.0,47.0,28.0,MLI,1989,Mali,Low income,Sub-Saharan Africa,345038045.5,632804853.8,0.0032791004843131,0.0033373729133126,-2.479171459803663,0.0647860772082216,-0.0221505061819494,-0.0214257261966648,-0.0807930761534693
0.0,0.0,22.15806877164044,2.0178931612125393,-7.0,47.0,29.0,MLI,1990,Mali,Low income,Sub-Saharan Africa,419775178.6,829560082.5,0.0036294524589513,0.0034550515814337,-2.5155534729102156,0.070380922073036,-0.0252738115590192,-0.022039092321663,-0.0430801577069234
0.0,0.0,22.269119899226215,2.0377472055823653,-1.0,47.0,30.0,MLI,1991,Mali,Low income,Sub-Saharan Africa,441641080.1,851450256.4,0.0043109710915047,0.0031777405775969,-2.4303386459459353,0.0568075312442394,-0.0079467484775172,-0.0106742958398075,-0.1073906324197093
0.0,1.0,22.236403894569396,2.0579051820504284,4.0,47.0,31.0,MLI,1992,Mali,Low income,Sub-Saharan Africa,442363532.1,955375266.8,0.0042449538259887,-0.0105421548071632,-2.4374547980134857,0.0570150024499833,-0.0171282200966889,-0.0126661923738891,-0.0207715997028361
0.0,1.0,22.26763283716129,2.078751451997715,4.0,47.0,32.0,MLI,1993,Mali,Low income,Sub-Saharan Africa,446775136.9,853184770.6,0.004370040598016,-0.0127314457992608,-2.377431685933161,0.0320940423901608,-0.0116572736232182,-0.01571917432965,0.0824796360071179
0.0,1.0,22.304735289571795,2.1002761619008345,4.0,47.0,33.0,MLI,1994,Mali,Low income,Sub-Saharan Africa,403923096.5,766221905.3,0.0042952085397392,-0.0121888151661183,-2.3497782945068204,0.0308865914151499,-0.0128049883950196,-0.0147563581234359,0.1113619864122994
0.0,0.0,22.313903358153933,2.121945301679428,4.0,47.0,34.0,MLI,1995,Mali,Low income,Sub-Saharan Africa,529401649.4,991328378.9,0.003483739367937,0.0035048836315607,-2.3440968939706073,0.0288749201302217,-0.0135966080758312,-0.0063629779187736,0.1712672981242995
0.0,0.0,22.38208322958342,2.143498784716992,4.0,47.0,35.0,MLI,1996,Mali,Low income,Sub-Saharan Africa,524706724.6,934860186.3,0.0026714639228952,0.0026509563718667,-2.3054260802595037,0.0256647581861987,-0.0159527824160429,-0.0046080783302347,0.1671651427016113
0.0,0.0,22.429243727037008,2.1662241456383278,5.0,47.0,36.0,MLI,1997,Mali,Low income,Sub-Saharan Africa,642627518.2,895731427.9,0.0020924743061142,0.0016735440819468,-2.290945909755349,0.0271145982814531,-0.0147496326081226,-0.00186589398334,0.2244745641394016
0.0,0.0,22.502230842144552,2.1915502827109,5.0,47.0,37.0,MLI,1998,Mali,Low income,Sub-Saharan Africa,639603126.9,911559254.1,0.0020133198709037,0.0013879683914208,-2.2702899201848004,0.0281563167983765,-0.0174868919705975,0.001852032824307,0.2330293124732563
0.0,0.0,22.55767447663161,2.21935197096505,5.0,47.0,38.0,MLI,1999,Mali,Low income,Sub-Saharan Africa,681012428.4,977631283.3,0.0016979537126605,0.0001060278145747,-2.210204402493686,0.0312702609826711,-0.0184455400372983,0.0074476527606413,0.2209976946133746
0.0,0.0,22.557065941849867,2.2484828583830323,5.0,47.0,39.0,MLI,2000,Mali,Low income,Sub-Saharan Africa,644739308.5,928197121.6,0.0013219573615093,-0.0002722080567343,-2.2279950273006737,0.0312945481265979,-0.0191110566034159,0.0088055173214758,0.253422392565567
0.0,0.0,22.70009419143647,2.2785529748741697,5.0,47.0,40.0,MLI,2001,Mali,Low income,Sub-Saharan Africa,877132746.5,1157124071.0,0.0015885038380993,-0.0020778110705488,-1.7338487703558496,0.0631762817919592,-0.0289072184582991,0.0078028083103849,0.2243417277312235
0.0,0.0,22.730684580427795,2.3096206612390224,5.0,47.0,41.0,MLI,2002,Mali,Low income,Sub-Saharan Africa,1049462475.0,1104668284.0,0.0015842704550954,-0.0018187797366319,-1.6856710814643283,0.0655461919234091,-0.0296704608378637,0.0055079335051748,0.2570887687001978
0.0,0.0,22.817953809115206,2.341410061504591,5.0,47.0,42.0,MLI,2003,Mali,Low income,Sub-Saharan Africa,1154685243.0,1473872726.0,0.0011006050549956,-0.0025886071009918,-1.5897021304336725,0.0656495927535973,-0.0290968351839192,-0.0020291379647726,0.3512524302669511
0.0,0.0,22.833433366795575,2.373789522516078,5.0,47.0,43.0,MLI,2004,Mali,Low income,Sub-Saharan Africa,1220024941.0,1634500719.0,0.0008251367385111,-0.0025834141033095,-1.574386425350374,0.0850242990706526,-0.0300093029113963,-0.0060622695528468,0.4850022885538782
0.0,0.0,22.896734673840463,2.4065417522063735,7.0,47.0,44.0,MLI,2005,Mali,Low income,Sub-Saharan Africa,1413791680.0,1922781218.0,0.0006491335625166,-0.0031891538674771,-1.5169155426063303,0.1113080786829486,-0.0317482114504556,-0.009804555723015,0.6132170026721803
0.0,0.0,22.942302383698586,2.43934613979142,7.0,47.0,45.0,MLI,2006,Mali,Low income,Sub-Saharan Africa,1865640023.0,2159810312.0,0.0005048048045581,-0.0038546595716289,-1.4722220238977997,0.1218407222846086,-0.030082050806997,-0.0148922351263279,0.6492146012056104
0.0,0.0,22.976642135157455,2.47222574759914,7.0,47.0,46.0,MLI,2007,Mali,Low income,Sub-Saharan Africa,1917811428.0,2630827631.0,0.0004759520545895,-0.0039596253336031,-1.4617560517799475,0.132027670881604,-0.0328030860576852,-0.0150577272146228,0.7281382806245124
0.0,0.0,23.023269439058236,2.5050879365927687,7.0,47.0,47.0,MLI,2008,Mali,Low income,Sub-Saharan Africa,2369022701.0,3779803474.0,0.0005958353716889,-0.0040644586608806,-1.3948609725491423,0.154812626775576,-0.0395477520810561,-0.0123245387762588,0.8245007417295493
0.0,1.0,23.070213350102986,2.5376659937911237,7.0,47.0,48.0,MLI,2009,Mali,Low income,Sub-Saharan Africa,2116109706.0,2811783537.0,0.0007396069393092,0.0063296420014214,-1.3246924688628303,0.1361518386237613,-0.0434995194969215,-0.0116937621698526,0.84975442756634
0.0,1.0,23.12198891329359,2.570151133963685,7.0,47.0,49.0,MLI,2010,Mali,Low income,Sub-Saharan Africa,2442195564.0,3762767250.0,0.0009416522237915,0.0049523395229841,-1.2227786396408682,0.1332052991712439,-0.0446371568230709,-0.0201791313047296,0.8793739851273872
0.0,1.0,23.153614837589785,2.602476216735634,7.0,47.0,50.0,MLI,2011,Mali,Low income,Sub-Saharan Africa,2804916883.0,3867825754.0,0.001165138310146,0.0041765434375009,-1.1632746799595488,0.1293989999774681,-0.0446231892947689,-0.0202195254009048,0.8748394461788618
0.0,1.0,23.145212288545178,2.6316760894492695,0.0,47.0,51.0,MLI,2012,Mali,Low income,Sub-Saharan Africa,3346608913.0,3965911340.0,0.0012258227088857,0.004300512608876,-1.1585877414607144,0.1247762183393126,-0.0282246538444222,-0.020932217077721,0.8836715788389274
1.0,1.0,23.167903565976772,2.660883915727628,5.0,47.0,52.0,MLI,2013,Mali,Low income,Sub-Saharan Africa,3303494040.0,5294984000.0,-0.0182551604708634,0.0038494751454503,-1.1360629850162265,0.1437540224016243,-0.0423078572193,-0.0231267490773698,0.8806582408742504
0.0,1.0,23.236353339554128,2.692490484795329,5.0,47.0,53.0,MLI,2014,Mali,Low income,Sub-Saharan Africa,3240763523.0,5484334534.0,0.0018089998655443,0.0043418842234286,-1.0150155462903625,0.1169404057395102,-0.0314341973378515,-0.0352651652865154,0.8665016312036447
0.0,0.0,23.2962416906528,2.72377976498751,5.0,47.0,54.0,MLI,2015,Mali,Low income,Sub-Saharan Africa,3151534393.0,5197182347.0,0.0018032552864652,-0.003260553469108,-1.0024445587270572,0.114564318317379,-0.0292471793824226,-0.0362496521605873,0.8585406552996155
0.0,0.0,23.353116223293185,2.755449893617009,5.0,47.0,55.0,MLI,2016,Mali,Low income,Sub-Saharan Africa,3291642790.0,5685145255.0,0.0018410237783418,-0.0031309679752595,-0.9982428962925156,0.1140429738809975,-0.0293888860408925,-0.0377056392416214,0.8588407760429461
0.0,0.0,23.40481126976884,2.7873322589396117,5.0,47.0,56.0,MLI,2017,Mali,Low income,Sub-Saharan Africa,3461471859.0,5599702406.0,0.0019094440210812,-0.0026235492517147,-0.9854662278501132,0.1089543187319517,-0.0292112439135088,-0.0389563285549043,0.8580198063779944
0.0,0.0,23.451184079545115,2.8185864913003957,5.0,47.0,57.0,MLI,2018,Mali,Low income,Sub-Saharan Africa,4195619517.0,6130932966.0,0.0022468368308852,-0.0025754919517889,-0.9741082441826208,0.1088857822864952,-0.0293811361821443,-0.0387016928049079,0.8502565903432083
0.0,1.0,22.212814969725617,4.631415710235544,7.0,46.0,34.0,MDA,1995,Moldova,Upper middle income,Europe & Central Asia,1054008823.0,1190117627.0,0.0075168685422495,-0.0121414580518633,-2.269998695014314,0.0235075900659505,0.0072410055698316,0.0649964258881693,0.3087640253194006
0.0,1.0,22.15224658177245,4.629413504490257,7.0,46.0,35.0,MDA,1996,Moldova,Upper middle income,Europe & Central Asia,937881521.7,1252852609.0,0.0063513848406361,-0.0126705337824158,-2.3652788421939337,0.0211750858954562,0.0058315263354045,0.0689287686686326,0.3649547061524471
0.0,0.0,22.16858305680373,4.626062831743341,7.0,46.0,36.0,MDA,1997,Moldova,Upper middle income,Europe & Central Asia,1026805411.0,1435213853.0,0.0048938469101796,0.0022704565160734,-2.3422583155912395,0.0280551196187402,0.0023755221187525,0.0642419063157561,0.4356190299905367
0.0,0.0,22.10092295373257,4.6260066580942745,7.0,46.0,37.0,MDA,1998,Moldova,Upper middle income,Europe & Central Asia,764754748.6,1219400372.0,0.0046128810795874,0.0030635390754112,-2.4160416244303,0.0249539768171726,0.0010568315759866,0.0732277181860567,0.4450806886869791
0.0,0.0,22.066660082988083,4.624784474961487,7.0,46.0,38.0,MDA,1999,Moldova,Upper middle income,Europe & Central Asia,612534634.5,763462400.9,0.0040648963322584,0.0023202893594863,-2.5029606899180923,0.0199100847709609,-0.0014651558201347,0.0734309744697581,0.4535619093348778
0.0,0.0,22.08751819287908,4.623446967420384,7.0,46.0,39.0,MDA,2000,Moldova,Upper middle income,Europe & Central Asia,639062444.7,986460019.0,0.0031965910311499,0.0024048718537864,-2.495957673352579,0.0250959783055669,-0.0029873428439813,0.0735783196776605,0.4927705651784311
0.0,0.0,22.14673005628814,4.6212107111303276,8.0,46.0,40.0,MDA,2001,Moldova,Upper middle income,Europe & Central Asia,741151801.5,1102297774.0,0.0029763289659402,0.0009934542779764,-2.4000625783907825,0.0120269450075155,0.0334714862233392,0.0655356896925387,0.5761021858092014
0.0,0.0,22.221837525533143,4.6188949096032195,8.0,46.0,41.0,MDA,2002,Moldova,Upper middle income,Europe & Central Asia,871854564.2,1285842260.0,0.0028564449202182,-0.0004611616907241,-2.320856662408571,0.0163009296522939,0.0159458903740685,0.0613309572764908,0.5662860766399797
0.0,0.0,22.285750851722856,4.616427171706741,8.0,46.0,42.0,MDA,2003,Moldova,Upper middle income,Europe & Central Asia,1056084948.0,1718305266.0,0.002222071599419,-0.0012787529470048,-2.2840773223939173,0.0192177918171349,0.0155442568330426,0.062627150394572,0.6019342726477132
0.0,0.0,22.357140844841357,4.61360441368201,8.0,46.0,43.0,MDA,2004,Moldova,Upper middle income,Europe & Central Asia,1330145600.0,2117707389.0,0.0017163666022482,-0.0016590899858962,-2.215738621251695,0.0166800477100599,0.0158441885738159,0.0621485570592756,0.698156129874524
0.0,0.0,22.429461507664637,4.610823061339357,9.0,46.0,44.0,MDA,2005,Moldova,Upper middle income,Europe & Central Asia,1528943361.0,2745091302.0,0.0009786926743908,-0.0020342998760284,-2.207131251194057,0.0087155967028159,0.0552141264348819,0.0583054880930117,0.8030924441654277
1.0,1.0,22.476345092098573,4.608043833106345,9.0,46.0,45.0,MDA,2006,Moldova,Upper middle income,Europe & Central Asia,1542451568.0,3132133146.0,-0.0147149118425255,0.002489724401083,-2.211965453785389,-0.0061586574976902,0.0592400399007393,0.0570893817341673,0.8869751064964554
1.0,0.0,22.50590389681593,4.605726650133197,9.0,46.0,46.0,MDA,2007,Moldova,Upper middle income,Europe & Central Asia,2006075563.0,4275302483.0,-0.0159263451669616,-0.0028190427377626,-2.1004025869867418,-0.0108092168823016,0.0594037521815672,0.0530279658974904,1.026539584332811
0.0,0.0,22.581011370521907,4.603823158754129,9.0,46.0,47.0,MDA,2008,Moldova,Upper middle income,Europe & Central Asia,2471503489.0,5667488225.0,0.0010003904058512,-0.0033791762762526,-2.003064600606881,-0.0061989603806219,0.0504978298800816,0.0399633723823117,1.0347163262202812
0.0,1.0,22.519135963832724,4.602560524882727,9.0,46.0,48.0,MDA,2009,Moldova,Upper middle income,Europe & Central Asia,2005634869.0,3997505755.0,0.000952409879439,0.0034042411068221,-2.1091733880842445,-0.0105515818794472,0.0567678995399949,0.0469941045195379,1.0923490057247522
0.0,0.0,22.587728756031698,4.602955583765827,9.0,46.0,49.0,MDA,2010,Moldova,Upper middle income,Europe & Central Asia,1941110605.0,4192539061.0,0.0010122505299776,-0.0032803874203143,-2.0103829357082916,-0.0060594476324482,0.0480237735174739,0.0387220142928518,1.0808602212887235
0.0,0.0,22.644280778086735,4.602377221090255,9.0,46.0,50.0,MDA,2011,Moldova,Upper middle income,Europe & Central Asia,2738068649.0,5559963077.0,0.0013664056118333,-0.0042250990277748,-1.7982000995868013,0.0154442425410086,0.028461511604054,0.0242974939923017,1.070450845585116
0.0,0.0,22.638365980470276,4.601897596403507,9.0,46.0,51.0,MDA,2012,Moldova,Upper middle income,Europe & Central Asia,2711403114.0,5676055632.0,0.0013703070876875,-0.0042526434636501,-1.7981482350475204,0.014909201897891,0.028380458649871,0.0243923617092776,1.0741634466754584
1.0,0.0,22.724946032251296,4.600933064553963,9.0,46.0,52.0,MDA,2013,Moldova,Upper middle income,Europe & Central Asia,3047744931.0,6039407692.0,-0.0234816475306658,-0.0048246729909923,-1.6625261166247822,0.0236551944152311,0.0161791794864043,0.0175145811700254,1.0479408520630242
1.0,1.0,22.77373263373,4.600323343902923,9.0,46.0,53.0,MDA,2014,Moldova,Upper middle income,Europe & Central Asia,2964287552.0,5895141394.0,-0.0234094433185096,0.0075087662405377,-1.6405063004461016,0.021675384904684,0.016583093128312,0.0140772061934435,1.0355265576283426
1.0,1.0,22.770344545059533,4.592652848273227,9.0,46.0,54.0,MDA,2015,Moldova,Upper middle income,Europe & Central Asia,2480197907.0,4457107088.0,-0.0235357210658092,0.0074293868490687,-1.638514415522437,0.0215744981571147,0.0164805916446253,0.0140971024137624,1.033322380685668
1.0,1.0,22.81348915259616,4.581022624587829,9.0,46.0,55.0,MDA,2016,Moldova,Upper middle income,Europe & Central Asia,2623048026.0,4480341975.0,-0.0237944536302997,0.0077646164183971,-1.6213680937920265,0.0210369537527384,0.0150966841945056,0.014008209288211,1.022453825055912
1.0,1.0,22.85933015018131,4.563403874699404,9.0,46.0,56.0,MDA,2017,Moldova,Upper middle income,Europe & Central Asia,3095306463.0,5336680940.0,-0.0241935314734979,0.0077147755814719,-1.601049421872869,0.0208347444806912,0.0144788726703202,0.0127166863240396,1.0158812628363585
1.0,1.0,22.901445494407,4.545997453039487,9.0,46.0,57.0,MDA,2018,Moldova,Upper middle income,Europe & Central Asia,3454064033.0,6385757543.0,-0.0241122142919055,0.0074974353001047,-1.5882786153188668,0.0231383823948592,0.0140830311135191,0.0118496571514615,1.0158445914404144
0.0,1.0,21.822054764346316,2.8319880695963078,-6.0,48.0,30.0,MOZ,1991,Mozambique,Low income,Sub-Saharan Africa,308366307.2,1599048009.0,0.0041594420507844,-0.0125431139324865,-2.717700802329264,0.0577002812740754,-0.0431089462648587,-0.0349771584259923,0.0143726835411925
0.0,1.0,21.758851719676525,2.8513635740236025,-6.0,48.0,31.0,MOZ,1992,Mozambique,Low income,Sub-Saharan Africa,256122499.3,1404544786.0,0.0044796035077256,-0.0118601926057201,-2.758353248045699,0.04764668364602,-0.0463151894966762,-0.034485931883693,0.0561459733171062
0.0,1.0,21.85958832864979,2.883022374998971,-6.0,48.0,32.0,MOZ,1993,Mozambique,Low income,Sub-Saharan Africa,237590627.5,1355075748.0,0.0045767658949474,-0.015908051879135,-2.7307101569254426,0.0224165987849251,-0.0502574487526889,-0.0373855269277491,0.1308443603689907
0.0,1.0,21.92287666025054,2.9506196677197942,5.0,48.0,33.0,MOZ,1994,Mozambique,Low income,Sub-Saharan Africa,310987138.1,1426671417.0,0.004281891346463,-0.0148745810528617,-2.6438523940361507,0.0271792103335951,-0.0083273557660071,-0.0343227263164956,0.1767899877138141
0.0,0.0,21.94522268948495,3.0104339424665048,5.0,48.0,34.0,MOZ,1995,Mozambique,Low income,Sub-Saharan Africa,347894398.4,1604625627.0,0.0035610138415118,0.0048449478480327,-2.645417685404578,0.0420156155885561,-0.0104549636637048,-0.0237916701121308,0.2283574543285755
0.0,0.0,22.051405543290162,3.0432196623371093,5.0,48.0,35.0,MOZ,1996,Mozambique,Low income,Sub-Saharan Africa,477693616.8,1578861445.0,0.0028995738167649,0.0042056710031833,-2.5623783109669342,0.0567088233359669,-0.0101814399256388,-0.021092517818778,0.282312121334997
0.0,0.0,22.158474216946374,3.070581914567642,5.0,48.0,36.0,MOZ,1997,Mozambique,Low income,Sub-Saharan Africa,522899848.3,1587332330.0,0.0023420867673759,0.0024885434128726,-2.4740449868041186,0.044321106696424,-0.0095190051437678,-0.012240468283332,0.3341233481631746
0.0,0.0,22.25315921921262,3.0933578729769473,5.0,48.0,37.0,MOZ,1998,Mozambique,Low income,Sub-Saharan Africa,551653721.2,1613701247.0,0.0022154727816735,0.0019565631740873,-2.387195424069649,0.0411035156230809,-0.0117664380125357,-0.0059477267742755,0.3184111477905038
0.0,0.0,22.36379252275502,3.115827376100391,5.0,48.0,38.0,MOZ,1999,Mozambique,Low income,Sub-Saharan Africa,558379997.0,2303130509.0,0.0015844295863678,0.0012031280030736,-2.3196669285741156,0.0376023026003399,-0.017796948293021,-0.0027614821437242,0.2791472817740764
0.0,0.0,22.375526418272447,3.137864027879261,5.0,48.0,39.0,MOZ,2000,Mozambique,Low income,Sub-Saharan Africa,669318463.0,2172718129.0,0.0012168306774817,0.0008404663323599,-2.321271704914433,0.0397395897351477,-0.0191556274795101,-0.0003582241723244,0.310541079671968
0.0,0.0,22.48963046736013,3.160123203589878,5.0,48.0,40.0,MOZ,2001,Mozambique,Low income,Sub-Saharan Africa,1058826571.0,1789716094.0,0.0011332043558113,0.0001768339722523,-2.1794081806159573,0.0472334342900891,-0.0187390503395898,0.0153789229190904,0.4292229618621206
0.0,1.0,22.578474805636883,3.1825589777478744,5.0,48.0,41.0,MOZ,2002,Mozambique,Low income,Sub-Saharan Africa,1277627022.0,3084832222.0,0.0014255541026626,0.0022457002684141,-2.008507175474634,0.0561098069665317,-0.0222789890247237,0.0147934736400822,0.4444284860985059
0.0,1.0,22.644997602472923,3.2052002469704073,5.0,48.0,42.0,MOZ,2003,Mozambique,Low income,Sub-Saharan Africa,1501824532.0,3117728293.0,0.0008926390469619,0.0058518661477602,-1.7757571906289145,0.0698864038658175,-0.0286112007385354,0.013667613298043,0.4516155473600959
0.0,1.0,22.721184342421473,3.2280310206753664,5.0,48.0,43.0,MOZ,2004,Mozambique,Low income,Sub-Saharan Africa,2093420471.0,3625530922.0,0.0007443686636998,0.0055900918100132,-1.6171641330179214,0.0883974813027738,-0.0326317907400768,-0.0012377471394322,0.5156804678248469
0.0,1.0,22.78552823476101,3.2511610774492925,5.0,48.0,44.0,MOZ,2005,Mozambique,Low income,Sub-Saharan Africa,2471453992.0,3914690847.0,0.0008252276062001,0.0051460206691834,-1.5419285442073285,0.099308109466101,-0.033040574504602,-0.0131645026218495,0.6324483651265875
0.0,1.0,22.878056130212556,3.2746471195697358,5.0,48.0,45.0,MOZ,2006,Mozambique,Low income,Sub-Saharan Africa,2666527629.0,3738336875.0,0.0007909185752574,0.0045964336946943,-1.4998447235203152,0.1022095591582087,-0.0340622375418846,-0.0151089706973866,0.6783944969541618
0.0,1.0,22.952511685609007,3.298441530548219,5.0,48.0,46.0,MOZ,2007,Mozambique,Low income,Sub-Saharan Africa,3061895143.0,4086680888.0,0.000492880371827,0.0052041789853487,-1.4492714887704632,0.1124853352445719,-0.0313642449083473,-0.0177835999328122,0.7225475103520026
0.0,1.0,23.023135609291742,3.3230979427571015,5.0,48.0,47.0,MOZ,2008,Mozambique,Low income,Sub-Saharan Africa,3533230752.0,4862589824.0,0.0006029411507038,0.0056389291870056,-1.3968333254866128,0.1112580435340566,-0.0353304471049761,-0.0138248460569486,0.7920303116043678
0.0,1.0,23.084401881493992,3.349007506869996,5.0,48.0,48.0,MOZ,2009,Mozambique,Low income,Sub-Saharan Africa,3431857368.0,4895152161.0,0.0009280115293225,0.0060621567796574,-1.2842822075116729,0.1193200694744995,-0.0385035453091087,-0.0126450740345011,0.8430811871299057
0.0,1.0,23.147398775398436,3.3757760972132496,5.0,48.0,49.0,MOZ,2010,Mozambique,Low income,Sub-Saharan Africa,3351471802.0,5074769220.0,0.0011030055190083,0.0041101986640657,-1.148725703528644,0.1206530167612507,-0.038504948501453,-0.0188944420964143,0.8376114955924753
0.0,1.0,23.218950623541534,3.4036376228503005,5.0,48.0,50.0,MOZ,2011,Mozambique,Low income,Sub-Saharan Africa,4587369287.0,7752211163.0,0.0013671406505186,0.0043472682352199,-1.0308965550842977,0.1250815169015993,-0.0327673460780641,-0.0338315727575681,0.8808530669838743
0.0,1.0,23.289021679880328,3.4323477303137744,5.0,48.0,51.0,MOZ,2012,Mozambique,Low income,Sub-Saharan Africa,5009344509.0,12669140465.0,0.0017178123887777,0.0040598953758537,-0.9909788254459758,0.11867849456657,-0.0315694315589315,-0.0336486994208811,0.8540383238540676
0.0,1.0,23.35634015031896,3.461253279589735,5.0,48.0,52.0,MOZ,2013,Mozambique,Low income,Sub-Saharan Africa,4814395426.0,13997781555.0,0.0016889716278268,0.0036917901017947,-0.9828367676311734,0.1161489290215377,-0.0314564975947503,-0.0365003601571971,0.8580418915727434
0.0,1.0,23.42771629895517,3.4902428295539893,5.0,48.0,53.0,MOZ,2014,Mozambique,Low income,Sub-Saharan Africa,5894893978.0,15024028377.0,0.0019496373682176,0.003588263556017,-0.9651005300852238,0.109017910959125,-0.031387504662811,-0.036640384643583,0.8509182066924115
0.0,1.0,23.492785417874163,3.51925343634175,5.0,48.0,54.0,MOZ,2015,Mozambique,Low income,Sub-Saharan Africa,5279638424.0,10728551022.0,0.002822090677973,0.0035164100519735,-0.9112375505305728,0.1107739914916575,-0.0308927516275168,-0.0376467221250941,0.8441420162877499
0.0,1.0,23.530314454000994,3.5485600797524324,5.0,48.0,55.0,MOZ,2016,Mozambique,Low income,Sub-Saharan Africa,4270264153.0,9053287501.0,0.0029707913858348,0.0034444360765657,-0.8999654823380441,0.1103280470842117,-0.0310095765609465,-0.0379040276072205,0.8417600435769889
0.0,1.0,23.56704473776645,3.578444672505449,5.0,48.0,56.0,MOZ,2017,Mozambique,Low income,Sub-Saharan Africa,5444267918.0,8582511320.0,0.0029998154150165,0.0022587549638824,-0.8727245478624273,0.1116688738996765,-0.0315282297192233,-0.0357722233927565,0.8496315518335704
0.0,1.0,23.60090315562728,3.6082536628968924,5.0,48.0,57.0,MOZ,2018,Mozambique,Low income,Sub-Saharan Africa,6837559087.0,11875190092.0,0.003257954803368,0.0017916861211913,-0.8622334892172235,0.1080126272570645,-0.0324374452977065,-0.0357281442813491,0.8518867613000108
1.0,1.0,22.03793745524721,4.358447586733939,-9.0,51.0,4.0,NPL,1965,Nepal,Lower middle income,South Asia,57094106.84,102375639.8,-0.0341944263758264,-0.0516686947232331,-2.373585257641064,-0.0251074234060283,-0.0763001100646554,-0.1197514937757801,-1.5950882152041626
0.0,1.0,22.105975874044947,4.379287747469274,-9.0,51.0,5.0,NPL,1966,Nepal,Lower middle income,South Asia,51187819.92,79406746.29,0.003713307823045,-0.0519923055280566,-2.381470915303099,-0.0244173917769368,-0.069098382950178,-0.1253440548562955,-1.6430582546091492
0.0,1.0,22.090136109740204,4.4004499346647865,-9.0,51.0,6.0,NPL,1967,Nepal,Lower middle income,South Asia,57881611.76,58537865.86,0.0035143553884692,-0.0518933558573732,-2.401642752702733,-0.0254011492030878,-0.0705572703637276,-0.1226013507087342,-1.6120878611945066
0.0,1.0,22.096868232492422,4.42197546489712,-9.0,51.0,7.0,NPL,1968,Nepal,Lower middle income,South Asia,52860114.37,57920043.86,0.0035047294888084,-0.0521112085748609,-2.3980360956267193,-0.0282754922502064,-0.0684314263939051,-0.1210334294522009,-1.6093919214639063
0.0,1.0,22.14053502421436,4.443640976320732,-9.0,51.0,8.0,NPL,1969,Nepal,Lower middle income,South Asia,55308641.98,80592592.59,0.0035039417761298,-0.0508500205099898,-2.3726784805840557,-0.0290121161375835,-0.055714414048276,-0.1232938288373668,-1.585825476225095
0.0,1.0,22.1659687487319,4.465521419068349,-9.0,51.0,9.0,NPL,1970,Nepal,Lower middle income,South Asia,42469135.8,71901234.57,0.0036804007388335,-0.0500227882498654,-2.437011684976283,-0.0469558886594952,-0.0567861792003559,-0.1086628162550804,-1.5304832073073231
0.0,1.0,22.15394289407818,4.48730453323151,-9.0,51.0,10.0,NPL,1971,Nepal,Lower middle income,South Asia,47703703.7,80592592.59,0.0036485070228357,-0.0471034274663812,-2.4932491988948113,-0.0574255387185528,-0.055323188941091,-0.1073324913387607,-1.453565061384778
0.0,1.0,22.18464473568899,4.50902111595373,-9.0,51.0,11.0,NPL,1972,Nepal,Lower middle income,South Asia,57975285.74,81086387.72,0.003606781778701,-0.0430375182920545,-2.492759090948595,-0.0651400963189477,-0.0516617797615715,-0.0970432849942692,-1.3955110013555578
0.0,0.0,22.17986798237635,4.530811219445606,-9.0,51.0,12.0,NPL,1973,Nepal,Lower middle income,South Asia,64260709.31,100827880.8,0.0042336943178912,0.0092585791118802,-2.6229175837110725,-0.0642378696165615,-0.0494674994163584,-0.0960533752774886,-1.1916215178051894
0.0,1.0,22.24127902789718,4.552656787997819,-9.0,51.0,13.0,NPL,1974,Nepal,Lower middle income,South Asia,66375047.55,128470911.0,0.0051262948812915,-0.0385895322630802,-2.5724988023467303,-0.046851179296496,-0.0278671359294161,-0.0733942190718627,-0.996471028109444
0.0,1.0,22.255738688340305,4.57468898991112,-9.0,51.0,14.0,NPL,1975,Nepal,Lower middle income,South Asia,140262466.7,210631428.3,0.0056290456213474,-0.0291175613271553,-2.5153083207321645,-0.0216526455953623,-0.0197418609991827,-0.0618518895118806,-0.9069560072794364
0.0,1.0,22.298784156507605,4.596577359169242,-9.0,51.0,15.0,NPL,1976,Nepal,Lower middle income,South Asia,156521017.2,205966282.2,0.0060274208656425,-0.0216372451135589,-2.4709467248338663,-0.0148777360004679,-0.0132125787643413,-0.0557123337995358,-0.8482905215812779
0.0,1.0,22.32850773581556,4.619002400295623,-9.0,51.0,16.0,NPL,1977,Nepal,Lower middle income,South Asia,162959992.0,197919992.0,0.0055253975183513,-0.0178299308108645,-2.441254416812792,-0.0211650513075935,-0.009821835732245,-0.0528114253952205,-0.770317671546063
0.0,1.0,22.371622218016366,4.642216333602008,-9.0,51.0,17.0,NPL,1978,Nepal,Lower middle income,South Asia,169586602.2,248201284.5,0.0046856569832658,-0.0140933052816948,-2.3346848638151054,-0.0232471043580503,-0.003340068771759,-0.0449793743986905,-0.7132307817902087
0.0,1.0,22.395034770657155,4.665586805938344,-9.0,51.0,18.0,NPL,1979,Nepal,Lower middle income,South Asia,218166658.3,295583341.7,0.0049229656568006,-0.0177449035180642,-2.300520440489783,-0.0261078906995517,-0.0007178695420471,-0.0318805291179625,-0.5806732278961003
0.0,1.0,22.371567616179398,4.6891709456137916,-9.0,51.0,19.0,NPL,1980,Nepal,Lower middle income,South Asia,224583341.7,364500008.3,0.0054325982805201,-0.0147775939476735,-2.339481990274256,-0.0480665867325262,0.0004752067760844,-0.0228548023422151,-0.4699832966859366
0.0,1.0,22.451690081940264,4.712639016188083,-2.0,51.0,20.0,NPL,1981,Nepal,Lower middle income,South Asia,293583341.7,446416683.3,0.0051578718270587,-0.0119175560689998,-2.2867753858153246,-0.0579184893690538,-0.0087968310694996,-0.0191830872644666,-0.4556372692075275
0.0,1.0,22.48878714419605,4.73595225230125,-2.0,51.0,21.0,NPL,1982,Nepal,Lower middle income,South Asia,277667558.5,450514044.4,0.0053074556464297,-0.0111713752750083,-2.282438043647649,-0.0834621006836133,-0.0097961654612941,-0.0159173767265387,-0.40930760267161
0.0,1.0,22.458560838850868,4.759667599124979,-2.0,51.0,22.0,NPL,1983,Nepal,Lower middle income,South Asia,250371505.2,521619390.4,0.005365430535154,-0.0123327530640077,-2.2947512819271783,-0.0869560573026399,-0.0095680921066002,-0.0154798619688675,-0.4027787357418158
0.0,1.0,22.550967990920018,4.783125698801401,-2.0,51.0,23.0,NPL,1984,Nepal,Lower middle income,South Asia,274961829.1,502021598.5,0.0063816841258995,-0.0092640252387985,-2.198174399471933,-0.1094654271099871,-0.0123045039118996,-0.0051529033957143,-0.3755565229700279
0.0,1.0,22.610602996103857,4.805835973801837,-2.0,51.0,24.0,NPL,1985,Nepal,Lower middle income,South Asia,302055495.9,523971554.7,0.0072761453764757,-0.0076496260607176,-2.1138236091384934,-0.1338902940761334,-0.0190149993228019,-0.0022590190905884,-0.3783499379183821
0.0,1.0,22.655247919091323,4.827928992097356,-2.0,51.0,25.0,NPL,1986,Nepal,Lower middle income,South Asia,332466751.7,578786925.8,0.0090360136915829,-0.0002859151461201,-1.9482939005730435,-0.1678626021648009,-0.0316389216905734,0.0021228305288173,-0.420519645139751
0.0,1.0,22.67206195031202,4.849103399671996,-2.0,51.0,26.0,NPL,1987,Nepal,Lower middle income,South Asia,349348712.9,618261968.8,0.0091253746953129,0.0014984265229326,-1.954129887645311,-0.1693339926685305,-0.032437714468035,0.0029241147934996,-0.3900268182060895
0.0,1.0,22.746211716808826,4.870148620533548,-2.0,51.0,27.0,NPL,1988,Nepal,Lower middle income,South Asia,399163908.4,780457946.0,0.0104078536071573,0.0038747050196975,-1.8236000403681705,-0.1998838537718306,-0.0412560810869909,0.0027186513821666,-0.3756003397005765
1.0,1.0,22.788597108720925,4.8923874824482425,-2.0,51.0,28.0,NPL,1989,Nepal,Lower middle income,South Asia,390158053.3,785537464.0,-0.0890147747813423,0.0080449428939904,-1.7146456095502418,-0.2213340357992175,-0.0424855218508523,0.0036770777462613,-0.4013671705384407
1.0,1.0,22.833905373792618,4.916584474631372,5.0,51.0,29.0,NPL,1990,Nepal,Lower middle income,South Asia,381884479.9,785781967.5,-0.0931989151758544,0.0104911773536801,-1.7204088199298893,-0.222998657939508,-0.0354340557241531,0.004812165410483,-0.3868179432177326
0.0,1.0,22.895641381648172,4.942466258877282,5.0,51.0,30.0,NPL,1991,Nepal,Lower middle income,South Asia,450607063.7,909166930.6,0.0132453269342373,0.0057516645035054,-1.789588217052176,-0.2112341299974675,-0.0437382040146869,0.0004720539238177,-0.3417313375375877
0.0,1.0,22.93588471214174,4.970672827298412,5.0,51.0,31.0,NPL,1992,Nepal,Lower middle income,South Asia,542824053.5,875325167.0,0.013790069818845,0.0065998009387072,-1.8005476079394815,-0.2167405996909859,-0.0434817541235732,-0.0031952366966644,-0.3034231096823188
0.0,1.0,22.97366063231313,4.997975495949465,5.0,51.0,32.0,NPL,1993,Nepal,Lower middle income,South Asia,674654166.7,1052504167.0,0.0136019421391316,0.008832154941251,-1.7805141284040416,-0.2199950281962902,-0.0428235190952149,0.0046792735022556,-0.247430166956929
0.0,1.0,23.052619701138322,5.023028068796459,5.0,51.0,33.0,NPL,1994,Nepal,Lower middle income,South Asia,772440816.3,1278518367.0,0.0134104587793334,0.014024602241776,-1.6987287324038212,-0.2130388485313273,-0.0431051160348989,0.0049568825640288,-0.1887695633426824
0.0,1.0,23.0867162687587,5.047047647624796,5.0,51.0,34.0,NPL,1995,Nepal,Lower middle income,South Asia,1099094803.0,1519145030.0,0.0135896110291587,0.0168374685674037,-1.6014588619842494,-0.2206965937040758,-0.0385751552229946,0.0111379080587342,-0.0694354049998992
0.0,1.0,23.138628071478728,5.069118015838458,5.0,51.0,35.0,NPL,1996,Nepal,Lower middle income,South Asia,1031715001.0,1611500000.0,0.018890122512536,0.0096311421452569,-1.3925365612229297,-0.2503728300880622,-0.0307431892154366,0.0080225500925259,0.0270938653840725
0.0,1.0,23.187881105077274,5.089901497907148,5.0,51.0,36.0,NPL,1997,Nepal,Lower middle income,South Asia,1294985096.0,1854725583.0,0.0139807726571321,0.0136589689027052,-1.3095301636578365,-0.2876716098703359,-0.0249391925515409,0.0172911867873211,0.0945024635169604
0.0,1.0,23.217599015823424,5.109556534650575,5.0,51.0,37.0,NPL,1998,Nepal,Lower middle income,South Asia,1108297014.0,1645665860.0,0.0133158148375543,0.014188823673659,-1.2926386871021196,-0.2998168231294042,-0.0224709308912004,0.0169001857640809,0.1057246587186689
0.0,1.0,23.260778931695565,5.128167544530877,6.0,51.0,38.0,NPL,1999,Nepal,Lower middle income,South Asia,1150110375.0,1495923473.0,0.0120265497833102,0.0129732017422285,-1.2156410162015228,-0.2919078044337115,-0.0163457717757993,0.0184099582976339,0.1280405988407226
0.0,1.0,23.32093285440394,5.1430357310147325,6.0,51.0,39.0,NPL,2000,Nepal,Lower middle income,South Asia,1279281888.0,1781598378.0,0.0080885881290196,0.0089811945297118,-1.219333516475758,-0.2921489120083789,-0.0162840510223,0.0176165048046933,0.1497576337701111
0.0,1.0,23.367815411108033,5.159209559729557,6.0,51.0,40.0,NPL,2001,Nepal,Lower middle income,South Asia,1355238095.0,1996693878.0,0.0083425836639303,0.0085988386132592,-1.22823503799911,-0.2939801534161835,-0.0165965494194493,0.0172806392063469,0.1647819854585355
0.0,1.0,23.36901612175555,5.17441532087648,-6.0,51.0,41.0,NPL,2002,Nepal,Lower middle income,South Asia,1073251679.0,1724111682.0,0.008692679840792,0.0065295178935842,-1.245682563478573,-0.3068464444901984,-0.0269260787956136,0.016250322180894,0.151976045980142
0.0,1.0,23.40770821213437,5.188519551176717,-6.0,51.0,42.0,NPL,2003,Nepal,Lower middle income,South Asia,993875698.0,1807224670.0,0.0074770311309861,0.005536629894564,-1.267962248490563,-0.3256306111425758,-0.0265078226813638,0.0139932475789992,0.1980462204678738
0.0,1.0,23.453470972186704,5.201203034689695,-6.0,51.0,43.0,NPL,2004,Nepal,Lower middle income,South Asia,1213488963.0,2143236207.0,0.0076699087611953,0.0059501122426194,-1.309286997343362,-0.3312701544883882,-0.0266063623678949,0.0109658842986294,0.2574144371655595
0.0,1.0,23.48767122932872,5.21239458100949,-6.0,51.0,44.0,NPL,2005,Nepal,Lower middle income,South Asia,1185691417.0,2396740062.0,0.0086748140999366,0.0063402098796821,-1.3150119832490248,-0.3545244919959329,-0.0258158167467982,0.0044414061714913,0.3179237495161264
0.0,1.0,23.520763730094412,5.222076644699668,6.0,51.0,45.0,NPL,2006,Nepal,Lower middle income,South Asia,1216071411.0,2832075349.0,0.0083866993683373,0.0063080323363348,-1.2974871276791082,-0.3558163289938481,-0.0227406614544037,-0.0016499300583443,0.3913500981325218
0.0,1.0,23.554310301388615,5.230438478993376,6.0,51.0,46.0,NPL,2007,Nepal,Lower middle income,South Asia,1327426849.0,3275658805.0,0.0084111144701114,0.0075936199715436,-1.282083824720755,-0.3927330225423722,-0.024666586440391,-0.0025682965919036,0.4681624467842951
0.0,1.0,23.613565884382552,5.237933884467578,6.0,51.0,47.0,NPL,2008,Nepal,Lower middle income,South Asia,1602782687.0,4172661317.0,0.0086397278637392,0.008534472255939,-1.214980177283491,-0.4363887396472264,-0.0245453088185444,-0.0053390238109476,0.5573907038300591
0.0,0.0,23.657899262472114,5.2446912078842365,6.0,51.0,48.0,NPL,2009,Nepal,Lower middle income,South Asia,1596506175.0,4455549991.0,0.0088555115779146,-0.0064825997232378,-1.1416046730232483,-0.4844952333819574,-0.0259303676612916,-0.0074938889285799,0.5765919403003943
0.0,0.0,23.70493946446793,5.250888312672575,6.0,51.0,49.0,NPL,2010,Nepal,Lower middle income,South Asia,1533460341.0,5825346141.0,0.0090776383599815,-0.0054752677438103,-1.108233529812622,-0.5102634682177746,-0.0263475130213048,-0.0118031629223516,0.6097035139974806
0.0,0.0,23.73858532307689,5.2553601299575865,6.0,51.0,50.0,NPL,2011,Nepal,Lower middle income,South Asia,1684085753.0,6146530703.0,0.009157598063639,-0.0072860660676312,-1.0877287009888164,-0.5112839309112459,-0.0267554446043925,-0.0153929794425444,0.6179111884651819
0.0,0.0,23.784228847954093,5.257920922614119,6.0,51.0,51.0,NPL,2012,Nepal,Lower middle income,South Asia,1899084545.0,6331144981.0,0.0093435161053749,-0.0283118289830922,-0.6803364339469937,-0.5077757353896484,-0.0557743696221027,-0.0325733139085247,0.7093693797227871
0.0,0.0,23.818873270998182,5.259919329783719,6.0,51.0,52.0,NPL,2013,Nepal,Lower middle income,South Asia,2059901303.0,7218389060.0,0.0098230765373166,-0.0282713657743255,-0.6248846949803413,-0.497403653863534,-0.0610363176085857,-0.034258984755668,0.7121223944352678
0.0,0.0,23.877250501909966,5.262900528958031,6.0,51.0,53.0,NPL,2014,Nepal,Lower middle income,South Asia,2301358066.0,8151238036.0,0.0098635533610339,-0.0310375216855247,-0.5739897078575755,-0.4789294083911779,-0.0647448039076721,-0.0329473383510372,0.7155896048863709
1.0,0.0,23.91624093159493,5.2683517104426825,6.0,51.0,54.0,NPL,2015,Nepal,Lower middle income,South Asia,2488355629.0,8879790220.0,-0.0960371970461015,-0.0325438462071013,-0.6422037216607905,-0.517141607859346,-0.0667420487926952,-0.0294977514219417,0.8972680365976599
1.0,0.0,23.920562716364664,5.273078687740643,6.0,51.0,55.0,NPL,2016,Nepal,Lower middle income,South Asia,2005968674.0,8322479253.0,-0.0961886293576461,-0.0331410716168936,-0.6500518654949188,-0.5212146895553409,-0.0673353393669594,-0.0290935332066944,0.8895512678556747
0.0,1.0,24.006531944602923,5.275072587328418,6.0,51.0,56.0,NPL,2017,Nepal,Lower middle income,South Asia,2263315184.0,10670300514.0,0.0098203359539481,0.0485968096263674,-0.4315424394661513,-0.4137584040549755,-0.0920534909147219,-0.0233473456100971,0.7535321462468624
0.0,1.0,24.079990341120876,5.277512590268266,7.0,51.0,57.0,NPL,2018,Nepal,Lower middle income,South Asia,2587877949.0,13453790806.0,0.0092794320141936,0.0499418202313746,-0.3079250489312394,-0.35551684178787,-0.0833560283017863,-0.00114240408721,0.8142454219473997
0.0,0.0,21.887685140311344,2.725269113741892,-8.0,49.0,0.0,NIC,1961,Nicaragua,Lower middle income,Latin America & Caribbean,57134379.42,59945532.24,0.0024362423417602,0.0077141388757616,-2.319682056562216,0.0741183557660463,-0.0482513565570394,-0.1145068406168333,-1.5355305049762822
0.0,0.0,21.991060872810763,2.7552377986728698,-8.0,49.0,1.0,NIC,1962,Nicaragua,Lower middle income,Latin America & Caribbean,71175903.95,77832506.02,0.0024588153059782,0.0078005068944623,-2.280341102245796,0.084325079913451,-0.0463400655122157,-0.1202125258875134,-1.5461011029185656
0.0,0.0,22.094208254452514,2.785345116742956,-8.0,49.0,2.0,NIC,1963,Nicaragua,Lower middle income,Latin America & Caribbean,85701581.77,89918283.96,0.0024426365558688,0.0080662770664099,-2.229509537724424,0.0901456810458015,-0.0435642639833687,-0.1248543911854581,-1.564735773750248
0.0,0.0,22.204841157898272,2.815656489324015,-8.0,49.0,3.0,NIC,1964,Nicaragua,Lower middle income,Latin America & Caribbean,100227288.4,105871525.8,0.002388947801656,0.0073780056859792,-2.100272119718307,0.0900111384050145,-0.0371072527723207,-0.1098696064328457,-1.5541163546978944
0.0,0.0,22.295825228304622,2.8462771474227653,-8.0,49.0,4.0,NIC,1965,Nicaragua,Lower middle income,Latin America & Caribbean,165339902.8,182869912.2,0.0022243813343656,0.0051609576848618,-1.9497041757114535,0.0864496486936874,-0.023447555868588,-0.0947939058431953,-1.4938214341383738
0.0,0.0,22.32830341931308,2.8772208272334616,-8.0,49.0,5.0,NIC,1966,Nicaragua,Lower middle income,Latin America & Caribbean,164627048.6,207159869.4,0.0017441968774249,0.0046513894474142,-1.9050995454441264,0.0899623117738555,-0.0233036818496762,-0.0868466052704138,-1.4644004086548927
0.0,0.0,22.395677109667627,2.90841882767342,-8.0,49.0,6.0,NIC,1967,Nicaragua,Lower middle income,Latin America & Caribbean,173891683.8,230288987.8,0.0007705873493544,0.0025779504193635,-1.7534449274568684,0.0785760718328977,-0.0177102002117029,-0.0783332598492076,-1.4183492692861686
0.0,0.0,22.40901733244237,2.939781666492278,-8.0,49.0,7.0,NIC,1968,Nicaragua,Lower middle income,Latin America & Caribbean,184888776.2,210576068.7,0.0006928624320571,0.0025296882221804,-1.727279525876793,0.0811074881196721,-0.0166512108386571,-0.079805475466467,-1.3825647384844852
0.0,0.0,22.469526219563345,2.971167602916199,-8.0,49.0,8.0,NIC,1969,Nicaragua,Lower middle income,Latin America & Caribbean,182894687.4,203851355.2,0.0003443395146743,0.0019892740738107,-1.7034582804714813,0.0790886099026499,-0.0116104666262307,-0.0779278512331466,-1.3364302731842252
0.0,0.0,22.48297366201944,3.002467477063508,-8.0,49.0,9.0,NIC,1970,Nicaragua,Lower middle income,Latin America & Caribbean,208130437.2,227279250.2,3.424688768068961e-05,0.0015574983873121,-1.77149204050766,0.0824781442291629,-0.0124306583706643,-0.0636890088799987,-1.2418100577325957
0.0,0.0,22.5154868966252,3.033654938838308,-8.0,49.0,10.0,NIC,1971,Nicaragua,Lower middle income,Latin America & Caribbean,217911327.6,236470381.1,0.0009747046865465,0.0012274708519174,-1.7569640973508105,0.0865211599797532,-0.0106319475173741,-0.0515702124216157,-1.1890887788580713
0.0,0.0,22.537451135780067,3.0627313578341844,-8.0,49.0,11.0,NIC,1972,Nicaragua,Lower middle income,Latin America & Caribbean,310040793.3,260426280.4,0.0008776539659398,-4.648890297592188e-05,-1.7367292552350344,0.1010531843071855,-0.0064711811112072,-0.0452801705803039,-1.0749231035739863
0.0,0.0,22.599646419703546,3.091721359213211,-8.0,49.0,12.0,NIC,1973,Nicaragua,Lower middle income,Latin America & Caribbean,308310584.5,413146202.2,0.0012357090039316,-0.0004150499809286,-1.7794065120224491,0.1002714941701188,0.0002911333315757,-0.0318347640046059,-0.9209546081240214
0.0,0.0,22.732361198571272,3.122495602732724,-8.0,49.0,13.0,NIC,1974,Nicaragua,Lower middle income,Latin America & Caribbean,442345369.7,648227312.1,0.0020913881375292,-0.0008235175861037,-1.3525411026770289,0.1066498820941851,-0.0040331859744137,-0.0121268017876798,-0.81685310173174
0.0,0.0,22.730827554210514,3.1530864635160842,-8.0,49.0,14.0,NIC,1975,Nicaragua,Lower middle income,Latin America & Caribbean,443524241.3,584238745.5,0.0023326733034745,-0.0004935033559308,-1.3709695229724697,0.1223045821312786,-0.0049950318954829,-0.011149306192944,-0.7620048850942263
0.0,0.0,22.781610536102225,3.1834719963740357,-8.0,49.0,15.0,NIC,1976,Nicaragua,Lower middle income,Latin America & Caribbean,606080024.8,584906471.6,0.0024623715851526,2.6490055017847844e-05,-1.3547347917419617,0.1290535536917544,-0.0050893331066009,-0.0092312880125501,-0.7263088589145829
1.0,0.0,22.861977626869184,3.213554729316197,-8.0,49.0,16.0,NIC,1977,Nicaragua,Lower middle income,Latin America & Caribbean,714673957.1,833487995.3,-0.0307213787710656,-0.0001409594355681,-1.3300257315492463,0.2065999193624231,-0.0154305563416005,-0.0161831192787432,-0.6794958340371915
1.0,0.0,22.780346654541166,3.2424657489405027,-8.0,49.0,17.0,NIC,1978,Nicaragua,Lower middle income,Latin America & Caribbean,732135141.8,664891167.7,-0.029959336349993,0.0005510121630922,-1.3779964496926551,0.2206941004541947,-0.014659239230692,-0.0166688726104542,-0.6234033221816284
1.0,0.0,22.472750420086278,3.2694371746096125,-3.0,49.0,18.0,NIC,1979,Nicaragua,Lower middle income,Latin America & Caribbean,658777311.7,441002913.4,0.0019993090514487,0.0060607797002273,-2.1728198309779008,0.125791033640318,-0.004060346625636,-0.0090887673084483,-0.5160632007090943
0.0,0.0,22.517835942632694,3.296828316946967,-3.0,49.0,19.0,NIC,1980,Nicaragua,Lower middle income,Latin America & Caribbean,519538167.5,927803481.9,0.0012687718711459,0.0044567072674981,-2.1773231779810573,0.1014182573024971,-0.0031942166934299,-0.0108590538209939,-0.4445111072961978
0.0,0.0,22.57008004163943,3.325102377128048,-5.0,49.0,20.0,NIC,1981,Nicaragua,Lower middle income,Latin America & Caribbean,552951119.6,1033954423.0,0.0010833927471873,0.0028433093112995,-2.138354114498881,0.1033284393469032,-0.0138836531425584,-0.0141922091284261,-0.4212376419655991
0.0,0.0,22.561882917658377,3.352540788471723,-5.0,49.0,21.0,NIC,1982,Nicaragua,Lower middle income,Latin America & Caribbean,392200153.4,639525498.6,0.0011894829605724,0.0028552161144333,-2.165266855125842,0.1003040262097403,-0.0122292965991448,-0.0110944279786378,-0.3953233034209166
1.0,0.0,22.606982581574794,3.378811963691839,-5.0,49.0,22.0,NIC,1983,Nicaragua,Lower middle income,Latin America & Caribbean,534109824.6,825726780.2,-0.0113736736562445,0.0015020533190887,-2.0339630523519903,0.1398865068772337,-0.0162577774036066,0.0003014453632378,-0.4096887186524603
1.0,0.0,22.591197714353452,3.4036606905574156,-1.0,49.0,23.0,NIC,1984,Nicaragua,Lower middle income,Latin America & Caribbean,512628153.9,918158454.6,-0.0128067212546642,0.0016903649113114,-2.0519847319359377,0.1318111216017747,-0.017615286260001,0.0025383906906614,-0.3766054934388566
1.0,0.0,22.549522736495867,3.427516578614109,-1.0,49.0,24.0,NIC,1985,Nicaragua,Lower middle income,Latin America & Caribbean,396280490.1,585751365.9,-0.0157667854089185,0.0024846869595162,-2.138324275832097,0.1143915319415044,-0.016107344786258,-0.0050353138184515,-0.3476762044167103
1.0,0.0,22.539297545217007,3.4508964608970825,-1.0,49.0,25.0,NIC,1986,Nicaragua,Lower middle income,Latin America & Caribbean,368698847.7,601158383.7,-0.0143757297584585,0.0023037399407905,-2.157499586138916,0.1108806125828371,-0.0157883356175543,-0.0057861681319928,-0.3373851551170148
1.0,0.0,22.532208951045828,3.473826939404418,-1.0,49.0,26.0,NIC,1987,Nicaragua,Lower middle income,Latin America & Caribbean,453312552.5,529939250.1,-0.0218678155287821,0.0017136653428613,-2.1763301785241356,0.1038650316208678,-0.0163288907641659,-0.0154598279016556,-0.2954987006521332
1.0,0.0,22.39925085639571,3.4967845161412967,-1.0,49.0,27.0,NIC,1988,Nicaragua,Lower middle income,Latin America & Caribbean,473058950.4,1533030883.0,-0.0202645801514448,0.0030692173675946,-2.254229749579926,0.0982990032249225,-0.0155730234831961,-0.0235964733230955,-0.2363420000063635
1.0,0.0,22.3817158496822,3.52021098578442,-1.0,49.0,28.0,NIC,1989,Nicaragua,Lower middle income,Latin America & Caribbean,329660035.5,660512092.0,-0.0220986686572437,0.0029609827563608,-2.2961280353544224,0.0868638494510779,-0.0159025286737853,-0.0232022907456518,-0.2206842274877886
1.0,0.0,22.381190714637416,3.5435642384448114,6.0,49.0,29.0,NIC,1990,Nicaragua,Lower middle income,Latin America & Caribbean,251842580.6,467806451.6,-0.0249754764444165,0.0028565228096716,-2.329561865535613,0.0845453748716365,-0.0278282326896614,-0.0198539625372091,-0.2148310426166055
0.0,0.0,22.37929610585329,3.5666181544538,6.0,49.0,30.0,NIC,1991,Nicaragua,Lower middle income,Latin America & Caribbean,324886597.9,781711340.2,0.0033811305238483,0.0030372366497463,-2.36363392838983,0.0586128149459716,-0.0292252437333719,-0.0224811757325273,-0.1864259966067744
0.0,0.0,22.38315212728664,3.5892239237589343,6.0,49.0,31.0,NIC,1992,Nicaragua,Lower middle income,Latin America & Caribbean,309280000.0,954960000.0,0.0038294299908713,0.0027255764954528,-2.345024703709576,0.0602216824113426,-0.0249061921195028,-0.0266033173896372,-0.1010677107062953
0.0,0.0,22.379215027813597,3.6111766056667856,6.0,49.0,32.0,NIC,1993,Nicaragua,Lower middle income,Latin America & Caribbean,358807189.5,840604575.2,0.0039596227722365,0.0035098586985117,-2.296505187563289,0.0566120419551939,-0.0217344239639985,-0.0294566502574089,0.0240011382547524
0.0,0.0,22.412047359388364,3.6324111011272215,6.0,49.0,33.0,NIC,1994,Nicaragua,Lower middle income,Latin America & Caribbean,507617767.9,1002161964.0,0.0039851035444098,0.003991775569372,-2.259583096365729,0.0564219922559515,-0.0200668834487098,-0.0274037737952114,0.0633810273777113
0.0,0.0,22.46948486498078,3.6527800569616127,8.0,49.0,34.0,NIC,1995,Nicaragua,Lower middle income,Latin America & Caribbean,666412217.8,1157042258.0,0.0035220853741843,0.0031632676601268,-2.237527889357563,0.0516848964658219,0.0082767960866569,-0.0171098638562388,0.1285799062661227
0.0,0.0,22.53099632526562,3.671353914828898,8.0,49.0,35.0,NIC,1996,Nicaragua,Lower middle income,Latin America & Caribbean,725843473.6,1362967813.0,0.0033666659105956,0.0011702466647231,-2.212356892826672,0.0541159098883729,0.0030374573109487,-0.0137599821993246,0.135201913720091
0.0,0.0,22.56989632331427,3.6880425159789025,8.0,49.0,36.0,NIC,1997,Nicaragua,Lower middle income,Latin America & Caribbean,852512885.4,1693914533.0,0.0037775789742777,0.000198303538541,-2.1484675909094264,0.0508075113936718,0.0052019360742062,-0.0035414630695422,0.2048076361586057
0.0,0.0,22.606340892901706,3.703328124034335,8.0,49.0,37.0,NIC,1998,Nicaragua,Lower middle income,Latin America & Caribbean,896218482.9,1746565268.0,0.0072099445055896,-0.0010479095808421,-2.0904217261194376,0.0418866536074542,0.0016494005318831,0.0022534999459554,0.2145867879493024
0.0,0.0,22.67433565754473,3.7176331736254684,8.0,49.0,38.0,NIC,1999,Nicaragua,Lower middle income,Latin America & Caribbean,899835239.3,2137009200.0,0.0093537259676068,-0.0015937342389424,-1.8036035093452931,0.0471988923573377,-0.0127225887322897,0.0058086631007823,0.1799139117108332
0.0,0.0,22.71453272310862,3.7313885073899558,8.0,49.0,39.0,NIC,2000,Nicaragua,Lower middle income,Latin America & Caribbean,1027444240.0,2104655848.0,0.0074543179543182,-0.0017828867087703,-1.7420536759645038,0.0481235362319358,-0.0138098586964904,0.0025731020507315,0.2229865633291542
0.0,0.0,22.743711292049596,3.744284639989191,8.0,49.0,40.0,NIC,2001,Nicaragua,Lower middle income,Latin America & Caribbean,1019075853.0,2083877017.0,0.00755461138467,-0.0026406806911134,-1.712151679696741,0.0497332171800198,-0.0135986060628621,0.0031761813795718,0.2653007077748605
0.0,0.0,22.751222401526633,3.7564132539066284,8.0,49.0,41.0,NIC,2002,Nicaragua,Lower middle income,Latin America & Caribbean,984522983.0,2050007301.0,0.0074800763768323,-0.0024581026038236,-1.6843369279953233,0.0509668267435523,-0.0140273130834516,0.0007530175392231,0.3032437613167667
0.0,0.0,22.776117265836117,3.7681988847472225,8.0,49.0,42.0,NIC,2003,Nicaragua,Lower middle income,Latin America & Caribbean,1101967322.0,2207131661.0,0.006193418553214,-0.0032509223815276,-1.638271569828922,0.0479205006430847,-0.0138452562172044,-0.0020441680544108,0.4067479651341018
0.0,0.0,22.827876072627976,3.780016980723942,8.0,49.0,43.0,NIC,2004,Nicaragua,Lower middle income,Latin America & Caribbean,1335841956.0,2556737616.0,0.0059311354475013,-0.003388051660041,-1.5749859793581018,0.063586250469416,-0.0140690327996499,-0.0083187498587522,0.5507516007176801
0.0,0.0,22.869808474734008,3.793053979262967,8.0,49.0,44.0,NIC,2005,Nicaragua,Lower middle income,Latin America & Caribbean,1541273560.0,2987684968.0,0.006192643083626,-0.004195677448851,-1.5370244568116231,0.0708075352617827,-0.0151609951827359,-0.013250976384854,0.6614343637638381
0.0,0.0,22.910501176674828,3.807318747719292,8.0,49.0,45.0,NIC,2006,Nicaragua,Lower middle income,Latin America & Caribbean,2114772341.0,3790567751.0,0.0061191712135019,-0.0045250970388823,-1.5156356393919932,0.0678800408374966,-0.0142109290089322,-0.0137321278520315,0.7184869759306552
0.0,0.0,22.960021566531033,3.821680902925533,9.0,49.0,46.0,NIC,2007,Nicaragua,Lower middle income,Latin America & Caribbean,2454433020.0,4451215795.0,0.0055508816939535,-0.0051363069823796,-1.5190562526059783,0.0776331304852001,0.0290337638592659,-0.0134431072345544,0.7875336241452027
0.0,0.0,22.993808058606398,3.836012225714584,9.0,49.0,47.0,NIC,2008,Nicaragua,Lower middle income,Latin America & Caribbean,2928943987.0,5295609531.0,0.0053607653726399,-0.0050121886006201,-1.4996813693619733,0.0718427391991575,0.0191961761624222,-0.0091611463552122,0.8687116359607664
0.0,0.0,22.96032583675402,3.8502573910021427,9.0,49.0,48.0,NIC,2009,Nicaragua,Lower middle income,Latin America & Caribbean,2820023106.0,4399317810.0,0.0053654592278273,-0.0049845413933425,-1.499871251924143,0.0724633707575194,0.0148783859559697,-0.0065687132559203,0.8996238951109863
0.0,0.0,23.00347771182894,3.864449069852783,9.0,49.0,49.0,NIC,2010,Nicaragua,Lower middle income,Latin America & Caribbean,3544353652.0,5246135011.0,0.0054042798701256,-0.0047159317616156,-1.4808506256538314,0.068656321951305,0.0128981416298323,-0.0070444475907521,0.9500472185958896
0.0,1.0,23.064737203905956,3.8785713992014825,9.0,49.0,50.0,NIC,2011,Nicaragua,Lower middle income,Latin America & Caribbean,4400107700.0,6530275932.0,0.0059127971065935,0.0079328010756785,-1.365476105733039,0.0787599914537381,0.0140392637119795,-0.0132789846692034,0.9790553519713836
0.0,1.0,23.12766747636128,3.8926046718376806,9.0,49.0,51.0,NIC,2012,Nicaragua,Lower middle income,Latin America & Caribbean,4999461750.0,7131030120.0,0.0077867409416433,0.0065020669176095,-1.2507115052215685,0.0841329082602815,0.0144256002753713,-0.0117469255379863,0.9211105437632668
0.0,1.0,23.175766953137856,3.9064975471608268,9.0,49.0,52.0,NIC,2013,Nicaragua,Lower middle income,Latin America & Caribbean,4965877905.0,7223504605.0,0.0084971238912907,0.0062307996764511,-1.1481567831317072,0.0881024747018606,0.0196059950686686,-0.0241843541429538,0.920216741203469
0.0,1.0,23.222515188012576,3.9202147229061053,9.0,49.0,53.0,NIC,2014,Nicaragua,Lower middle income,Latin America & Caribbean,5347156490.0,7329057911.0,0.0096356211057677,0.0062107727903269,-1.0773405985863729,0.089997163573002,0.0235221939005873,-0.0292037932281632,0.8957326472650505
0.0,1.0,23.269322976767718,3.9337914897488115,9.0,49.0,54.0,NIC,2015,Nicaragua,Lower middle income,Latin America & Caribbean,5113365846.0,7412965477.0,0.0096684575524724,0.0059626667472804,-1.0627567302170753,0.0861838934071921,0.0241523800009563,-0.0297326741267101,0.8912885874440207
0.0,1.0,23.3139474803094,3.947238379833982,6.0,49.0,55.0,NIC,2016,Nicaragua,Lower middle income,Latin America & Caribbean,5165902338.0,7298277151.0,0.0104410388531621,0.0031744233399133,-0.9852903439720914,0.0830860855193396,-0.0315069356790809,-0.0344746001789715,0.8818870119135782
0.0,1.0,23.359215214879427,3.960556878662624,6.0,49.0,56.0,NIC,2017,Nicaragua,Lower middle income,Latin America & Caribbean,5698946073.0,7587978453.0,0.0104885558067856,0.002474731879605,-0.9779061669447672,0.0786841148717324,-0.0316286808904718,-0.0365112874231966,0.8856457006897538
1.0,1.0,23.324999416800814,3.9737446994054966,6.0,49.0,57.0,NIC,2018,Nicaragua,Lower middle income,Latin America & Caribbean,5506692298.0,6735028773.0,-0.0865209029968425,0.0026013343644221,-1.025427140465359,0.0326750290041704,-0.0315457625373987,-0.0309280807989212,1.0648420466524318
0.0,0.0,25.360080028268964,2.3619322026686365,10.0,50.0,9.0,NOR,1970,Norway,High income,Europe & Central Asia,4506712960.0,4586652480.0,0.0007745457806227,-0.000135678600994,1.2160396290008753,0.0565417791992395,0.1308951912069586,0.0572960209293741,-1.966235332678262
0.0,0.0,25.415255714887063,2.3689451360278646,10.0,50.0,10.0,NOR,1971,Norway,High income,Europe & Central Asia,4897319973.0,5267648351.0,0.000878664632648,-3.380138787821853e-05,1.3166125423413764,0.0824026258233874,0.1431105504065875,0.0829727086806569,-1.789403666491505
0.0,0.0,25.467188760581664,2.3765931663723365,10.0,50.0,11.0,NOR,1972,Norway,High income,Europe & Central Asia,5877629702.0,5746182569.0,-7.388411893607156e-05,0.0013456844185119,1.3448920376366191,0.108407983674807,0.1417299427579925,0.0894269695635676,-1.6728451511252378
0.0,0.0,25.511523952656358,2.383588214092158,10.0,50.0,12.0,NOR,1973,Norway,High income,Europe & Central Asia,8189670124.0,8276214922.0,-0.0010424860172056,0.0041841150575263,1.355282853326707,0.1671925261848091,0.1151539708255305,0.0437072772786603,-1.3054599036720054
0.0,0.0,25.55000233105436,2.389791708340094,10.0,50.0,13.0,NOR,1974,Norway,High income,Europe & Central Asia,10509052837.0,11237070599.0,-0.0008414399397982,0.0092599304509899,1.3683018423238462,0.1443769782619193,0.1057966635977563,0.0471364605641145,-1.0869021739876876
0.0,0.0,25.598333380734214,2.395310597218609,10.0,50.0,14.0,NOR,1975,Norway,High income,Europe & Central Asia,11586982724.0,13488492223.0,-0.0006092014799941,0.0100378808048512,1.346936798284855,0.1292784357028898,0.106025879729245,0.0497709497423936,-1.0496777286043024
0.0,0.0,25.654958928702047,2.4000007365713047,10.0,50.0,15.0,NOR,1976,Norway,High income,Europe & Central Asia,12652982681.0,15656922936.0,-0.0004635274646731,0.0140854033960717,1.4055308913697082,0.1065158066219927,0.1050396039369159,0.0520496734678488,-0.9412924366313938
0.0,0.0,25.6957214758005,2.404227350088305,10.0,50.0,16.0,NOR,1977,Norway,High income,Europe & Central Asia,13926176388.0,17703766319.0,-0.0002247323569327,0.0216748340595706,1.5043182673878397,0.0807012801666633,0.0941064699868065,0.0587685516302025,-0.8042211951705382
0.0,0.0,25.733687774950543,2.408045235388964,10.0,50.0,17.0,NOR,1978,Norway,High income,Europe & Central Asia,16484939816.0,16416839937.0,0.0009862019478859,0.0270845490093315,1.5659557767786092,0.080545168623541,0.0921861733694068,0.0663350236250824,-0.7416460139388467
0.0,0.0,25.776481578577787,2.411450891563193,10.0,50.0,18.0,NOR,1979,Norway,High income,Europe & Central Asia,20451807824.0,19333543966.0,0.0039941062433995,0.0376247759314454,1.5972173815993065,0.0794671396579071,0.0969819981255077,0.0649917231549658,-0.5713445963510727
0.0,0.0,25.821118042464203,2.414663147481094,10.0,50.0,19.0,NOR,1980,Norway,High income,Europe & Central Asia,27018950437.0,23299927114.0,0.0037316911122712,0.0375242031252731,1.61098246061378,0.0774019471926604,0.1027776532348129,0.0758221284788518,-0.4660993010371891
0.0,0.0,25.83697503439406,2.418103943316292,10.0,50.0,20.0,NOR,1981,Norway,High income,Europe & Central Asia,26748497256.0,22306298458.0,0.0013967063820821,0.022183360716608,1.6640816626771562,0.0723642566536224,0.1065092234255813,0.0782944830826393,-0.3785785549210548
0.0,0.0,25.839323644778574,2.421776726332961,10.0,50.0,21.0,NOR,1982,Norway,High income,Europe & Central Asia,25341958475.0,22290517509.0,0.0013729188031253,0.0182025833274767,1.672191644213613,0.0709050494999635,0.1060109879958065,0.0776462490192689,-0.3610327320194166
0.0,0.0,25.878284263310874,2.4250873294625945,10.0,50.0,22.0,NOR,1983,Norway,High income,Europe & Central Asia,25115536429.0,20438709501.0,0.0012037356966774,0.0178966309248709,1.6918831544763984,0.0715488355628858,0.107861995192596,0.0783992258737111,-0.3554080493692855
0.0,0.0,25.93704875637971,2.4279093562027807,10.0,50.0,23.0,NOR,1984,Norway,High income,Europe & Central Asia,25803344973.0,20504441585.0,0.0002025834604544,0.0106719594750257,1.7451179555761536,0.0671989629358491,0.1111291410819068,0.0831203871480451,-0.3485553321062927
0.0,0.0,25.99109306769641,2.4309040710579803,10.0,50.0,24.0,NOR,1985,Norway,High income,Europe & Central Asia,27037523845.0,22448587912.0,0.0001823389558428,0.0103539223629119,1.7518134036597803,0.0676696230081432,0.1143234659629745,0.0857076187465803,-0.3391464841919666
0.0,0.0,26.030721323405473,2.434470957729863,10.0,50.0,25.0,NOR,1986,Norway,High income,Europe & Central Asia,26003083289.0,28849987153.0,-0.0019650547638269,0.0099231789385396,1.761385443034942,0.0662885670924918,0.116978893383734,0.0856407630728201,-0.3321569895328034
0.0,0.0,26.048103413303842,2.4391514531917506,10.0,50.0,26.0,NOR,1987,Norway,High income,Europe & Central Asia,29427235622.0,31705380334.0,-0.0040773778455649,0.0096998412133235,1.7453662394712468,0.0677538586583877,0.1187353064697658,0.0848487206911499,-0.2940959830289474
0.0,0.0,26.045543840939292,2.4445306807835747,10.0,50.0,27.0,NOR,1988,Norway,High income,Europe & Central Asia,32313794691.0,33175847783.0,-0.0064648935444005,0.0101781784566046,1.7426564487931275,0.0714237776280103,0.1241006929022685,0.0814693884907424,-0.2401634805488029
0.0,0.0,26.055873512927374,2.4486587562245132,10.0,50.0,28.0,NOR,1989,Norway,High income,Europe & Central Asia,37392425230.0,34084003186.0,-0.0065188066944919,0.0103203548188987,1.7347108965154163,0.0741134978482835,0.1304187082754242,0.0809989113311916,-0.2130341059267169
0.0,0.0,26.075014959741694,2.452100269744606,10.0,50.0,29.0,NOR,1990,Norway,High income,Europe & Central Asia,46392958129.0,39122961164.0,-0.0064418347552563,0.0109017088141231,1.7579493554360854,0.0833439183309062,0.1427296537072421,0.0840182828804182,-0.1549679120897489
0.0,0.0,26.10539571957968,2.456865306431464,10.0,50.0,30.0,NOR,1991,Norway,High income,Europe & Central Asia,47030187108.0,37780622869.0,-0.0081072749833011,0.0110112760030904,1.77047277713302,0.0821089029757184,0.1498366168050148,0.0811513354636215,-0.1234987216945626
0.0,0.0,26.140516688241537,2.4626371090614754,10.0,50.0,31.0,NOR,1992,Norway,High income,Europe & Central Asia,47881567302.0,39401882694.0,-0.0096525793457477,0.0104405607309907,1.7833288116040822,0.0863228066555865,0.1607585376302507,0.0763220665850606,-0.0482914192921045
0.0,0.0,26.168571149222213,2.4685894021433525,10.0,50.0,32.0,NOR,1993,Norway,High income,Europe & Central Asia,44244794970.0,36845547709.0,-0.0110387955426948,0.0107326409242259,1.7753034062051545,0.0827350911952089,0.1618237107491749,0.0736117184998433,0.0115886956259689
0.0,0.0,26.217889844855065,2.4742832844646028,10.0,50.0,33.0,NOR,1994,Norway,High income,Europe & Central Asia,46713188619.0,39271565405.0,-0.0130812958112833,0.0107537339442554,1.787729590712195,0.0780972103854519,0.1644315135699133,0.0722460245411508,0.0494591243809246
0.0,0.0,26.258605991058488,2.479474539220781,10.0,50.0,34.0,NOR,1995,Norway,High income,Europe & Central Asia,55671328451.0,46643515595.0,-0.0160328172113154,0.0097248897797137,1.803188235809348,0.0698827685477715,0.1736136112924445,0.0716545050893096,0.118924910857009
0.0,0.0,26.307660238562587,2.4845433563049135,10.0,50.0,35.0,NOR,1996,Norway,High income,Europe & Central Asia,64479983875.0,50313808180.0,-0.0169751161757216,0.0081895398135328,1.8118197740885889,0.0664371989379379,0.1744587193305894,0.0660634591167022,0.1580826338346288
0.0,0.0,26.359158403056917,2.489965555253401,10.0,50.0,36.0,NOR,1997,Norway,High income,Europe & Central Asia,64600757769.0,51824016739.0,-0.0172403044430042,0.006793797787754,1.7917438857995331,0.0674583594213708,0.1755650932037163,0.0684925907047905,0.1927008931400859
0.0,0.0,26.385062445602188,2.495919659197587,10.0,50.0,37.0,NOR,1998,Norway,High income,Europe & Central Asia,56686723834.0,53777153384.0,-0.0168263889748977,0.0069599308992002,1.8019572260190793,0.0677307061566031,0.1794815995129888,0.0690694640839667,0.2007987640088478
0.0,0.0,26.404990142483395,2.502767253687972,10.0,50.0,38.0,NOR,1999,Norway,High income,Europe & Central Asia,62333572674.0,50534029131.0,-0.0187909148013422,0.0053000259599078,1.9052837659503987,0.0614426272953664,0.180412778280221,0.0658007811076953,0.2119172192108078
0.0,0.0,26.436539791325114,2.50925770161411,10.0,50.0,39.0,NOR,2000,Norway,High income,Europe & Central Asia,78206389602.0,49207775682.0,-0.0207095223267263,0.003527807231066,1.9340459076174137,0.0624465995191207,0.1896322318949642,0.0625420219904693,0.256101745607097
0.0,0.0,26.457073024708308,2.514318170957683,10.0,50.0,40.0,NOR,2001,Norway,High income,Europe & Central Asia,78381841031.0,49088715148.0,-0.0202509110379934,0.002735850401144,1.9514469800368663,0.0590915106216216,0.2008332507704054,0.0628240068283336,0.2903627607719083
0.0,0.0,26.47143195591142,2.5197110790248174,10.0,50.0,41.0,NOR,2002,Norway,High income,Europe & Central Asia,79284551216.0,52991307397.0,-0.0140517855205511,0.0020056097654602,2.073499753015522,0.0491672831778277,0.1904290454619807,0.0678139821235974,0.2890742763635242
0.0,0.0,26.48049428730824,2.5255764055205194,10.0,50.0,42.0,NOR,2003,Norway,High income,Europe & Central Asia,91002514053.0,61127651761.0,-0.0152090994738826,-0.000184742847974,2.084629550496341,0.0435095169606227,0.2023389545895191,0.0645236630605183,0.3596510251440523
0.0,0.0,26.519420847419596,2.531485714929437,10.0,50.0,43.0,NOR,2004,Norway,High income,Europe & Central Asia,109052000000.0,73112835272.0,-0.0073737907919999,-0.0010702513386161,2.2710335601835805,0.0371609333854106,0.2069826623612911,0.0598148796710258,0.5146368145841753
0.0,0.0,26.545334924146573,2.538296444814817,10.0,50.0,44.0,NOR,2005,Norway,High income,Europe & Central Asia,134661000000.0,83779123011.0,-0.0065710897316512,-0.0016316038395982,2.3112349117510935,0.0393088686450515,0.2196782858797114,0.0515840231614252,0.6438919176325881
0.0,0.0,26.56905121939892,2.546350372128421,10.0,50.0,45.0,NOR,2006,Norway,High income,Europe & Central Asia,154507000000.0,94092432913.0,-0.0036963769509789,-0.0021864244295031,2.3584311369153164,0.0410770954625428,0.2072942453186486,0.0497456711081124,0.7114877879718445
0.0,0.0,26.59855324575433,2.5566977176692642,10.0,50.0,46.0,NOR,2007,Norway,High income,Europe & Central Asia,172966000000.0,116704000000.0,0.0029081997127918,-0.0024448271465399,2.4880801470609155,0.0391942352514531,0.1992529992727985,0.0697254397981483,0.8179116264320498
0.0,0.0,26.603304287676682,2.569161047369544,10.0,50.0,47.0,NOR,2008,Norway,High income,Europe & Central Asia,214876000000.0,132814000000.0,0.0031537155131108,-0.0017146522377954,2.473532777770388,0.0393237955439031,0.2118955887866625,0.0699708409830341,0.867329938987634
0.0,0.0,26.585885137134852,2.5817723207036685,10.0,50.0,48.0,NOR,2009,Norway,High income,Europe & Central Asia,154454000000.0,107292000000.0,0.0025318813268191,-0.0016193045053084,2.432248772353204,0.0358194306405531,0.2153577416406494,0.0627698723625537,0.8688375779319163
0.0,0.0,26.592879084222055,2.59422898182693,10.0,50.0,49.0,NOR,2010,Norway,High income,Europe & Central Asia,173069000000.0,121079000000.0,0.0028199829683102,-0.0016282088657245,2.440972076638623,0.0344751780442777,0.2094690897756267,0.0686376562232061,0.8942286272350396
0.0,0.0,26.602644526117405,2.607200876186549,10.0,50.0,50.0,NOR,2011,Norway,High income,Europe & Central Asia,208873000000.0,140067000000.0,0.0030899917489527,-0.0007214256180172,2.447825220934431,0.0325290151466389,0.2133576072178084,0.0697725506836556,0.9112295779088592
0.0,0.0,26.629316820789363,2.6203352857784235,10.0,50.0,51.0,NOR,2012,Norway,High income,Europe & Central Asia,211711000000.0,139534000000.0,0.0030586804859822,-0.0007654804788393,2.4482159783156883,0.0319335044310609,0.2114034235334049,0.0693031023960687,0.9137385259870306
0.0,0.0,26.639605356413497,2.6327581513847425,10.0,50.0,52.0,NOR,2013,Norway,High income,Europe & Central Asia,209676000000.0,147870000000.0,0.0035013125221261,-0.0007962229018563,2.4589909902490468,0.0300845847136388,0.2098933759647379,0.0693227545832785,0.9154886315916294
1.0,1.0,26.65910931730237,2.644076491806174,10.0,50.0,53.0,NOR,2014,Norway,High income,Europe & Central Asia,199328000000.0,147559000000.0,-0.0192087007327004,0.0029668343857834,2.4140648118300945,0.0366651156334431,0.2167678843400075,0.0693429465161178,0.9338021432201248
1.0,1.0,26.678590121437782,2.653800856285485,10.0,50.0,54.0,NOR,2015,Norway,High income,Europe & Central Asia,149733000000.0,123655000000.0,-0.0221096638508432,0.0024403994381478,2.418318096996816,0.0349629069561805,0.2212374175831566,0.0696537077647124,0.9335510853826052
1.0,1.0,26.689248460039703,2.662733703361727,10.0,50.0,55.0,NOR,2016,Norway,High income,Europe & Central Asia,133315000000.0,123078000000.0,-0.0221069696602257,0.0019210458573237,2.4208515186819373,0.031310954141643,0.2248121706281147,0.0697298485081161,0.9347939824458472
1.0,1.0,26.712214722429437,2.6708726865563177,10.0,50.0,56.0,NOR,2017,Norway,High income,Europe & Central Asia,147570000000.0,130071000000.0,-0.0233144770292847,0.0010138651655922,2.4326109836060796,0.027848691848693,0.2258615328072399,0.0690299304857046,0.9432712404394624
1.0,1.0,26.72334070858909,2.677514677303424,10.0,50.0,57.0,NOR,2018,Norway,High income,Europe & Central Asia,168092000000.0,139774000000.0,-0.0228147699089234,0.0008569690029339,2.4756622420925836,0.029790404459021,0.2435248160327749,0.0704861848676758,0.9892177477310192
0.0,1.0,23.61767738107361,4.108693799558367,-7.0,52.0,0.0,PAK,1961,Pakistan,Lower middle income,South Asia,255984880.3,577278454.4,0.0206520566280047,0.012803255968614,-0.5480170492764393,0.002446469789025,0.0822118302855614,-0.0400937181189822,-1.9291141154717215
0.0,1.0,23.6615302207895,4.134670958593879,1.0,52.0,1.0,PAK,1962,Pakistan,Lower middle income,South Asia,288744225.1,620327593.4,0.0170249339552134,0.011263020682098,-0.5847665674650221,0.0141041078206077,-0.0391954041537441,-0.0433307663594147,-2.0290368971295885
0.0,1.0,23.744849077695058,4.161139641821707,1.0,52.0,2.0,PAK,1963,Pakistan,Lower middle income,South Asia,378622427.6,732255354.9,0.0181008655212044,0.0134955000245178,-0.4953387894814458,0.0066683813002808,-0.0446177097124859,-0.0385365729660415,-2.036956793371856
0.0,1.0,23.81781843534931,4.188118894428192,1.0,52.0,3.0,PAK,1964,Pakistan,Lower middle income,South Asia,401931961.4,801763964.7,0.0199294052943983,0.016315128700441,-0.3542769991721105,-0.004470732800503,-0.0499969464596089,-0.0360597118568033,-2.114159218627179
0.0,1.0,23.916933782885337,4.215477644940155,1.0,52.0,4.0,PAK,1965,Pakistan,Lower middle income,South Asia,418311633.8,1007139857.0,0.0197685042830307,0.0161718889863586,-0.303178782591755,-0.0032470347391451,-0.0503244614561545,-0.0344622519008384,-2.089425045415143
0.0,1.0,23.973219138286456,4.243238219517285,1.0,52.0,5.0,PAK,1966,Pakistan,Lower middle income,South Asia,453170936.6,806173876.5,0.0195572040420312,0.0154212863850543,-0.2778838946418537,-0.0054267692808564,-0.0506033859372392,-0.0274891616143111,-2.083781908382747
0.0,1.0,24.02581740049327,4.271453013250646,1.0,52.0,6.0,PAK,1967,Pakistan,Lower middle income,South Asia,516589668.2,1013229735.0,0.017828342734013,0.0148078532560922,-0.302567860105106,-0.0059308477927272,-0.0462437584831562,-0.0225677102134917,-2.121057805743186
0.0,1.0,24.095653311825803,4.299943850510768,1.0,52.0,7.0,PAK,1968,Pakistan,Lower middle income,South Asia,605837883.2,932801344.0,0.0191270780844883,0.0180020845039695,-0.1072024866260451,0.0056050384833456,-0.0404466841428546,-0.0158675145225939,-1.9585155524392488
0.0,1.0,24.149268954003563,4.3285813813511576,1.0,52.0,8.0,PAK,1969,Pakistan,Lower middle income,South Asia,601007979.8,916841663.2,0.0186870433169445,0.0182903532987463,-0.0787338865336163,0.0035578670358867,-0.0413827614615239,-0.0127679129273728,-1.9283637813874424
0.0,1.0,24.256808249863816,4.357341918424209,0.0,52.0,9.0,PAK,1970,Pakistan,Lower middle income,South Asia,763754724.9,1037799244.0,0.0171254791789076,0.0155562116375612,-0.0481339763286995,0.0040528171280681,-0.0302399370206305,0.000373781054233,-1.8119155523911776
1.0,1.0,24.261481040834873,4.384900688496646,0.0,52.0,10.0,PAK,1971,Pakistan,Lower middle income,South Asia,823603527.9,1117807644.0,-0.1266222998572423,0.0171909557786401,-0.1083844600049594,-0.0132094698603622,-0.0320573676391106,0.0202295236671785,-1.6218620724678443
1.0,1.0,24.269582201688543,4.412571749742178,4.0,52.0,11.0,PAK,1972,Pakistan,Lower middle income,South Asia,675563974.5,814017565.0,-0.1277971827145972,0.0156231230929583,-0.1407521275537956,-0.0236599560165216,-0.0324874846582323,0.0231942410714168,-1.5314742239532242
1.0,0.0,24.33784126665887,4.441691036921146,8.0,52.0,12.0,PAK,1973,Pakistan,Lower middle income,South Asia,942116712.4,907783978.1,-0.1891086649442524,-0.0094160741957755,-0.1469971292126622,-0.0557996584362604,-0.0035753802219555,0.0102054040445057,-1.234622652971783
1.0,1.0,24.37263094372277,4.471097328512216,8.0,52.0,13.0,PAK,1974,Pakistan,Lower middle income,South Asia,1208080808.0,1535555556.0,-0.2596156046153021,0.0070302705710551,-0.1441408877782867,-0.1013488207360654,-0.007041020793369,0.049835680510889,-1.0549971943615906
1.0,1.0,24.41388243604992,4.500990522960396,8.0,52.0,14.0,PAK,1975,Pakistan,Lower middle income,South Asia,1312525253.0,2324848485.0,-0.2777692865092401,-0.0015224337439566,-0.2202805149331864,-0.1266354173538361,0.0102972432412012,0.0559085763241551,-0.981345276874068
1.0,1.0,24.464159014878785,4.531600470640488,8.0,52.0,15.0,PAK,1976,Pakistan,Lower middle income,South Asia,1402121212.0,2409494949.0,-0.2851209031624597,-0.0051366711497243,-0.1080160169985291,-0.139378243806888,-0.0149172542507918,0.0526807726308171,-0.9434580511013608
0.0,1.0,24.502876700435237,4.562960109778046,-7.0,52.0,16.0,PAK,1977,Pakistan,Lower middle income,South Asia,1413232323.0,2701111111.0,0.0370711663020079,-0.0159018745073982,0.0424998486315442,-0.0664163512596713,-0.0116121477145896,0.0132922410711779,-0.7837728816940083
0.0,1.0,24.5802870259963,4.594992203503256,-7.0,52.0,17.0,PAK,1978,Pakistan,Lower middle income,South Asia,1679696970.0,3292929293.0,0.0213101580488664,-0.0292748525267112,0.4600430843507344,-0.0363594629934628,-0.0212608164963869,0.0062327965789466,-0.7077638334577505
0.0,1.0,24.617182302500968,4.629632930209534,-7.0,52.0,18.0,PAK,1979,Pakistan,Lower middle income,South Asia,2174646465.0,4295858586.0,0.0071676530444719,-0.0459527029929862,0.5386090891995295,-0.0442166359957599,-0.0281703080278969,0.0063342252841276,-0.5828026679287202
0.0,1.0,24.71445150795231,4.670484426802342,-7.0,52.0,19.0,PAK,1980,Pakistan,Lower middle income,South Asia,2978282828.0,5512929293.0,0.006330198428353,-0.0549040109487569,0.5157588645897153,-0.0571862531049089,-0.028405216043069,0.0082299381210168,-0.5157492881685141
0.0,1.0,24.790678609193506,4.71226544720439,-7.0,52.0,20.0,PAK,1981,Pakistan,Lower middle income,South Asia,3606767677.0,6275656566.0,0.0040451027970061,-0.0530993434078847,0.5826915739872386,-0.0770624046974803,-0.030963782482875,0.0055499694031,-0.4479307850714549
0.0,1.0,24.854005335158032,4.749861190985111,-7.0,52.0,21.0,PAK,1982,Pakistan,Lower middle income,South Asia,3131090047.0,6492985782.0,0.0041277660055712,-0.0554266166743105,0.6487137230192673,-0.089937006166844,-0.0321936389211541,0.0087405871049381,-0.448240704855
0.0,1.0,24.919590605186787,4.784483198313953,-7.0,52.0,22.0,PAK,1983,Pakistan,Lower middle income,South Asia,3495669291.0,6458110236.0,0.0041791841296923,-0.0548996659439442,0.7075978147130156,-0.0812118868421536,-0.0320239069635842,0.013266542528657,-0.4491140851245163
0.0,1.0,24.969001582370435,4.815834114533412,-7.0,52.0,23.0,PAK,1984,Pakistan,Lower middle income,South Asia,3549643811.0,6843425349.0,0.0042805598988939,-0.0589492505989294,0.7409063107438804,-0.0882909392127748,-0.033071659666275,0.0147328825523958,-0.4359250636306432
0.0,1.0,25.042178757962294,4.847526948574038,-4.0,52.0,24.0,PAK,1985,Pakistan,Lower middle income,South Asia,3290831135.0,7040171504.0,0.0042515001220542,-0.055931870437306,0.7638751421407172,-0.0910464232926818,-0.0368923617866966,0.0166160869873898,-0.4432482087001021
0.0,1.0,25.09573519930462,4.881332667244011,-4.0,52.0,25.0,PAK,1986,Pakistan,Lower middle income,South Asia,3922380657.0,6415065096.0,0.0035668423570315,-0.0525313553594864,0.7785470325719035,-0.0962991222949036,-0.0383235555776643,0.0178717946904236,-0.4683849363405929
0.0,1.0,25.158262414972338,4.915427059562002,-4.0,52.0,26.0,PAK,1987,Pakistan,Lower middle income,South Asia,4605651034.0,6366035537.0,0.0035085586537548,-0.0473951087669455,0.7982371661377494,-0.0970104843590497,-0.0415104639554964,0.0215361383485839,-0.4283112255543617
0.0,1.0,25.23174778201698,4.949041917271511,8.0,52.0,27.0,PAK,1988,Pakistan,Lower middle income,South Asia,5331871262.0,7473483338.0,0.0035468778469902,-0.0416208198667748,0.8488760911755778,-0.0902753377032497,-0.0366496220955214,0.0216825568562882,-0.3742427856022607
0.0,1.0,25.280154719376547,4.981722539034617,8.0,52.0,28.0,PAK,1989,Pakistan,Lower middle income,South Asia,5652851126.0,8174710143.0,0.0038578025773789,-0.0383023972854512,0.9104615472476848,-0.0910350488865593,-0.0439746087562229,0.0211694669204905,-0.3123137307808466
0.0,1.0,25.323775227833792,5.015153024434119,8.0,52.0,29.0,PAK,1990,Pakistan,Lower middle income,South Asia,5917028935.0,8100453419.0,0.0057687672179796,-0.0415558385401907,1.0121899057026824,-0.0931926989401537,-0.0509501718785643,0.0230269678570776,-0.2896717442418235
0.0,1.0,25.373151229061904,5.048217559316237,8.0,52.0,30.0,PAK,1991,Pakistan,Lower middle income,South Asia,7725461182.0,8434875711.0,0.0067702519922759,-0.039946158185047,1.0973590365416337,-0.091201557225824,-0.0560077261626697,0.0245315879530383,-0.2750403566641274
0.0,1.0,25.447382825595742,5.076842979528703,8.0,52.0,31.0,PAK,1992,Pakistan,Lower middle income,South Asia,8442738387.0,9984113697.0,0.0070134087802329,-0.0426243637650693,1.1694232265284452,-0.0883837574943108,-0.0599638521270254,0.0203302018766865,-0.183167807746076
1.0,1.0,25.46480962265908,5.104568034757621,8.0,52.0,32.0,PAK,1993,Pakistan,Lower middle income,South Asia,8394305117.0,11552190707.0,-0.0606512622989497,-0.043043712416005,1.3156989583833432,-0.1106956615142424,-0.0666138925111492,0.0242398916759001,-0.163534147509256
1.0,1.0,25.501506587614273,5.133495000882818,8.0,52.0,33.0,PAK,1994,Pakistan,Lower middle income,South Asia,8449778027.0,9883122490.0,-0.0611845650377214,-0.0429266544209882,1.340292999838716,-0.1100704905071906,-0.070982693848126,0.0241535065188714,-0.109621468643217
1.0,1.0,25.549938227976586,5.162398118407235,8.0,52.0,34.0,PAK,1995,Pakistan,Lower middle income,South Asia,10132269179.0,11777213240.0,-0.0562831725232594,-0.0379229967277686,1.3568809370840689,-0.1094832836423052,-0.0892149862317205,0.0218029013891451,-0.026482933911181
0.0,1.0,25.597263968121695,5.1915050169335855,8.0,52.0,35.0,PAK,1996,Pakistan,Lower middle income,South Asia,10703072794.0,13567628711.0,0.0053479807323713,-0.0356701108733709,1.226571895892229,-0.0957198500227996,-0.0834285204623614,0.0133770324358708,0.0463942408377988
0.0,1.0,25.607354809716128,5.219787720494226,7.0,52.0,36.0,PAK,1997,Pakistan,Lower middle income,South Asia,10040500611.0,12967600154.0,0.0035534828620296,-0.0337728866996073,1.2185029373952636,-0.0966368392332524,-0.0987977147140032,0.0113964444363429,0.0947065584706071
0.0,1.0,25.632540014522984,5.247400577063093,7.0,52.0,37.0,PAK,1998,Pakistan,Lower middle income,South Asia,10252214044.0,10900343052.0,0.003262050727786,-0.0338357265072015,1.220285331325656,-0.0987203674481191,-0.0984581469493876,0.011185088518558,0.1017420937607611
0.0,1.0,25.66848756049434,5.274619948100159,-6.0,52.0,38.0,PAK,1999,Pakistan,Lower middle income,South Asia,9668690721.0,10684436463.0,0.0026760916161217,-0.0245564792279394,1.2492892589553974,-0.1049953886450806,-0.1002732419362884,0.0123057662905621,0.1284529133769489
0.0,1.0,25.710209350785824,5.302867546261193,-6.0,52.0,39.0,PAK,2000,Pakistan,Lower middle income,South Asia,9580014110.0,11769388548.0,0.0013474082493792,-0.0227255494903368,1.2960671325653628,-0.107505556649342,-0.1027303564979046,0.0157166953539356,0.1607264917730397
0.0,1.0,25.745131170771838,5.330829129748292,-6.0,52.0,40.0,PAK,2001,Pakistan,Lower middle income,South Asia,10322860873.0,12581363105.0,0.0010867913740622,-0.0231144874859013,1.3240555158140632,-0.1081492688853147,-0.0991102318659781,0.0189990923508273,0.1751378201599624
0.0,1.0,25.769905137676854,5.3553371604195705,-5.0,52.0,41.0,PAK,2002,Pakistan,Lower middle income,South Asia,11029069178.0,11619627152.0,0.000888393920156,-0.0225172959815343,1.3196088001342123,-0.1107364926262376,-0.1044601703924948,0.0170596464957451,0.1942149553570361
0.0,1.0,25.826073058346488,5.378876321865901,-5.0,52.0,42.0,PAK,2003,Pakistan,Lower middle income,South Asia,13669643162.0,14030211712.0,8.456570763821349e-05,-0.018735763049265,1.370154505143906,-0.1116897542718455,-0.108110587858629,0.0175807673858384,0.2909304702030019
0.0,1.0,25.898827826211505,5.403557233428092,-5.0,52.0,43.0,PAK,2004,Pakistan,Lower middle income,South Asia,15103000000.0,17697600000.0,-0.0020367384125768,-0.0098682974034275,1.459943392919631,-0.1289325826739366,-0.1307701285258002,-0.0048182395076222,0.4415008088357682
0.0,1.0,25.961976500922386,5.427594968494899,-5.0,52.0,44.0,PAK,2005,Pakistan,Lower middle income,South Asia,17790723345.0,25595408507.0,-0.0015841959308868,-0.0016696745376523,1.550577931068319,-0.1242411184866247,-0.1383066714774254,-0.0205804813902675,0.583811273787899
0.0,1.0,26.019295588898288,5.451415021281787,-5.0,52.0,45.0,PAK,2006,Pakistan,Lower middle income,South Asia,20313153771.0,33184884875.0,-0.0023112848580303,0.0001246352248946,1.5491953701339218,-0.1367862417095667,-0.1473169731267567,-0.029888301161992,0.6277130239232706
0.0,1.0,26.06648964529171,5.477835334039017,2.0,52.0,46.0,PAK,2007,Pakistan,Lower middle income,South Asia,21406517114.0,35286555607.0,-0.004212904379044,0.0008357542761256,1.5457722135335192,-0.1569229043616112,-0.1438641120808673,-0.0377756233419379,0.6888700508475839
0.0,1.0,26.08336010236109,5.50460690353101,5.0,52.0,47.0,PAK,2008,Pakistan,Lower middle income,South Asia,24013343672.0,45441542692.0,-0.0045229557277382,0.0008668661035318,1.5552651729174565,-0.1816918040882973,-0.132384880224026,-0.0408535285720107,0.7445938869939899
0.0,1.0,26.11128221555513,5.53001973447373,5.0,52.0,48.0,PAK,2009,Pakistan,Lower middle income,South Asia,23213002702.0,39220849369.0,-0.004309082477076,0.0010188403245403,1.5507350065086136,-0.1915346759302781,-0.130722746845593,-0.0447511430979068,0.7524769343755249
0.0,1.0,26.127221680517433,5.554727904630864,6.0,52.0,49.0,PAK,2010,Pakistan,Lower middle income,South Asia,24858636643.0,38066808316.0,-0.0042365596125117,0.0010488547213155,1.5565589310318344,-0.1918104453301178,-0.1208893669008506,-0.04469560177557,0.7846031328438584
0.0,1.0,26.154338044680934,5.5770969986076135,6.0,52.0,50.0,PAK,2011,Pakistan,Lower middle income,South Asia,31088962295.0,43534938844.0,-0.0043655374479501,0.0009963936221514,1.5591381505361277,-0.1896067905188566,-0.1192958919493233,-0.0422909170056751,0.7960547963878501
0.0,1.0,26.18880804280898,5.596158996725893,6.0,52.0,51.0,PAK,2012,Pakistan,Lower middle income,South Asia,29697611485.0,48633322391.0,-0.0043192224430514,0.0011000067147284,1.567364439057831,-0.1864503639986444,-0.1206071196408747,-0.0412582352000902,0.7989186582406448
0.0,1.0,26.231831973312193,5.6124312380843016,7.0,52.0,52.0,PAK,2013,Pakistan,Lower middle income,South Asia,31497982328.0,48401946136.0,-0.0042337230637618,0.0012778257123829,1.5699263761128397,-0.1838812718857571,-0.1254810918743069,-0.0412095733411167,0.8094603364777277
0.0,1.0,26.27751915827348,5.627434478649502,7.0,52.0,53.0,PAK,2014,Pakistan,Lower middle income,South Asia,30382086972.0,49596212908.0,-0.0041632981912039,0.0013071466613615,1.584258319776769,-0.1806160686128533,-0.1245163181599236,-0.039353898676184,0.8101562346347175
0.0,1.0,26.323744937836004,5.641459490292385,7.0,52.0,54.0,PAK,2015,Pakistan,Lower middle income,South Asia,29920081166.0,50134759860.0,-0.0039596586081425,0.0012388964396165,1.613968731731,-0.1782575685221448,-0.123415834986429,-0.0350151042902682,0.8129088613285507
0.0,1.0,26.37753938918835,5.65448112940598,7.0,52.0,55.0,PAK,2016,Pakistan,Lower middle income,South Asia,27400963629.0,50070595635.0,-0.0027774415001492,0.001332779010729,1.6427495203354006,-0.1766940660382324,-0.1344758878059715,-0.0333939160464803,0.8042200319622193
0.0,1.0,26.42091286149653,5.668622128617438,7.0,52.0,56.0,PAK,2017,Pakistan,Lower middle income,South Asia,27888160733.0,58514391836.0,-0.0028574585738227,0.001305987852395,1.7306018557916063,-0.1859060921006255,-0.150900567855351,-0.0248350381250547,0.7792987211202372
0.0,1.0,26.4806111951897,5.684859276988403,7.0,52.0,57.0,PAK,2018,Pakistan,Lower middle income,South Asia,30562205606.0,67821965005.0,-0.000441608805332,0.0007357978327325,1.9372849426583572,-0.1742280607214106,-0.1610497021322999,-0.0083031987285415,0.7361478038097092
0.0,0.0,21.948269963707517,2.7474140437555654,4.0,53.0,0.0,PAN,1961,Panama,High income,Latin America & Caribbean,282659200.0,321486400.0,0.0020707772133753,0.0074185174997645,-1.9887127971184784,0.1092799677828413,0.035181910398751,0.136192070800361,-1.3525202897856377
0.0,0.0,22.02749452263509,2.7775041504542015,4.0,53.0,1.0,PAN,1962,Panama,High income,Latin America & Caribbean,346803300.0,372814600.0,0.0021077427756452,0.0075897923068372,-1.938229092682329,0.1100902798577961,0.0348650817045235,0.1444831510805973,-1.3725834384114286
0.0,0.0,22.1094319463424,2.807845623514098,4.0,53.0,2.0,PAN,1963,Panama,High income,Latin America & Caribbean,380614200.0,434329900.0,0.0020514003993009,0.0073040404848556,-1.8742532350365424,0.1203701883987466,0.0343575212869093,0.1584819679854313,-1.387200089819114
0.0,0.0,22.152799150588958,2.8381741945467276,4.0,53.0,3.0,PAN,1964,Panama,High income,Latin America & Caribbean,407276600.0,441970400.0,0.0020308654825181,0.0074764303031804,-1.8699124316636309,0.1234824351090428,0.0350600608653347,0.1612005587177367,-1.3795582714164834
0.0,0.0,22.240443992581582,2.8682435426487096,4.0,53.0,4.0,PAN,1965,Panama,High income,Latin America & Caribbean,464078900.0,496433000.0,0.0020043160794473,0.0066404988449691,-1.7249448152619102,0.1291927173616852,0.0181087319123014,0.1555990501759794,-1.329958175428249
0.0,0.0,22.313521594387574,2.8980159189314714,4.0,53.0,5.0,PAN,1966,Panama,High income,Latin America & Caribbean,518176300.0,560299300.0,0.0018681910155854,0.0048359866663103,-1.6568669811104892,0.1283776510845668,0.0143699369336479,0.154529169405433,-1.3107200874854668
0.0,0.0,22.395589307376927,2.9274223236444348,4.0,53.0,6.0,PAN,1967,Panama,High income,Latin America & Caribbean,582900100.0,603791100.0,0.0012802392115815,0.0031415331091826,-1.50073166595459,0.113834306465605,-0.0051527742120586,0.1777478558757587,-1.26706349056961
0.0,0.0,22.463036612333454,2.9563937703037286,-7.0,53.0,7.0,PAN,1968,Panama,High income,Latin America & Caribbean,637577200.0,630826500.0,0.0015075450908955,0.0023022916387128,-1.4874867145799515,0.1123118854003456,0.0100627675309979,0.1791357581090303,-1.2151078621252729
0.0,0.0,22.544076261360544,2.9849710542746504,-7.0,53.0,8.0,PAN,1969,Panama,High income,Latin America & Caribbean,701141700.0,731327800.0,0.0020568688816291,0.0002688585250721,-1.3927067615012882,0.1153503582575506,0.0251598518747273,0.1730413228096654,-1.1943270007795217
0.0,0.0,22.611353772803284,3.0132468136052686,-7.0,53.0,9.0,PAN,1970,Panama,High income,Latin America & Caribbean,753693500.0,832024900.0,0.0023758703889708,-0.0011321090815558,-1.370149921923514,0.1135941082708619,0.0427715889498667,0.1539109515520992,-1.16322732036744
0.0,0.0,22.703168191111118,3.041276595195177,-7.0,53.0,10.0,PAN,1971,Panama,High income,Latin America & Caribbean,827859100.0,925391300.0,0.0055313309335542,-0.0021129739602423,-1.142988991976636,0.093382445713641,0.0835359574623718,0.1180999610815223,-1.2840753715492368
0.0,0.0,22.747977226846647,3.068936603188622,-7.0,53.0,11.0,PAN,1972,Panama,High income,Latin America & Caribbean,894452800.0,1030379300.0,0.0066719080169504,-0.001959890818132,-1.0788215317822507,0.1119000054021673,0.0859518137615509,0.1100328797652433,-1.1502036268595524
0.0,0.0,22.80023100694736,3.0960498286844227,-7.0,53.0,12.0,PAN,1973,Panama,High income,Latin America & Caribbean,1025310500.0,1152110300.0,0.0051830936100966,-0.0010023048982799,-1.1830657696589937,0.1152276344048484,0.0391233747460699,0.0969376174067906,-0.9637286860134736
0.0,0.0,22.82441929298019,3.1226066705948083,-7.0,53.0,13.0,PAN,1974,Panama,High income,Latin America & Caribbean,1479040900.0,1806463200.0,0.0017800536381813,-0.0005156289802285,-1.1984976820902735,0.1640442342729986,0.0062494489583026,0.1046978991867041,-0.7711686676246532
0.0,0.0,22.841678683516413,3.148607495044258,-7.0,53.0,14.0,PAN,1975,Panama,High income,Latin America & Caribbean,1680181200.0,1968574100.0,0.0024442643579308,-0.0001979093263747,-1.211938705372861,0.1696570265016346,-0.0021006355747284,0.1050236025252531,-0.7303379890215589
0.0,0.0,22.858186293619465,3.1739960842369115,-7.0,53.0,15.0,PAN,1976,Panama,High income,Latin America & Caribbean,1626595600.0,1920906000.0,0.002485999028193,0.0001065786505839,-1.2372988418243152,0.1725702910938223,-0.0052683047789618,0.103879011786151,-0.700546771291297
0.0,0.0,22.869067140921864,3.1987900580598123,-7.0,53.0,16.0,PAN,1977,Panama,High income,Latin America & Caribbean,1788323200.0,1963649700.0,0.0032454260372653,0.0014855106847543,-1.248521899758994,0.1885395621055533,-0.0086299469335832,0.1000793301189781,-0.6436688684204066
0.0,0.0,22.962490486436845,3.2230698691560087,-6.0,53.0,17.0,PAN,1978,Panama,High income,Latin America & Caribbean,1915103700.0,2167125500.0,0.0011601188784364,0.0022764085214426,-1.1679732719994176,0.2084803059378982,-0.0118000567889908,0.0984143639537509,-0.597604877065557
0.0,0.0,23.00664852052548,3.2470215915751925,-6.0,53.0,18.0,PAN,1979,Panama,High income,Latin America & Caribbean,2183808400.0,2701126300.0,0.0012237263926296,0.0035812751162021,-1.219048703855785,0.2132656490425978,-0.014584886460409,0.0962999720754868,-0.518748610290726
0.0,0.0,23.129613499892812,3.270791632074434,-6.0,53.0,19.0,PAN,1980,Panama,High income,Latin America & Caribbean,3000600900.0,3343857700.0,0.0013533568751923,0.0042039691999336,-0.9817854408768324,0.154962776406023,-0.0170885350670785,0.0538231329969641,-0.4110794839436513
0.0,0.0,23.21768673282997,3.294459858364328,-6.0,53.0,20.0,PAN,1981,Panama,High income,Latin America & Caribbean,3253003600.0,3730569700.0,0.0010776992439187,0.0025810701252322,-0.8985772091391989,0.1131724064143696,-0.0184212948281153,0.0370347939954558,-0.361069384790933
0.0,0.0,23.269790035279044,3.3180530989068435,-5.0,53.0,21.0,PAN,1982,Panama,High income,Latin America & Caribbean,3277786800.0,3460434900.0,0.0025891367092358,0.0022634179467909,-0.8021202218202853,0.0911920600876469,-0.0237493289891557,0.0361067424172267,-0.3009749567083008
0.0,0.0,23.223836518381646,3.3415699868661966,-5.0,53.0,22.0,PAN,1983,Panama,High income,Latin America & Caribbean,2792310500.0,2724782300.0,0.0010326493851693,0.0022349562713762,-0.8188898858855004,0.0936291384217925,-0.0236894507820227,0.0361957282566418,-0.2995571444816254
0.0,0.0,23.250570692141363,3.3649376108826137,-6.0,53.0,23.0,PAN,1984,Panama,High income,Latin America & Caribbean,2752048000.0,2929064300.0,0.0011395462341029,0.002276680034892,-0.8125505078446661,0.0918555135418413,-0.0132872429819483,0.0369640983101158,-0.3033978639495076
0.0,0.0,23.29881054917627,3.3879792970860048,-6.0,53.0,24.0,PAN,1985,Panama,High income,Latin America & Caribbean,2972609600.0,3180313400.0,0.0011072995171946,0.0023988721089419,-0.8069345935814812,0.0887694497428999,-0.0144354938638524,0.0361491957468545,-0.2964926885157485
0.0,0.0,23.3338667202525,3.410625045915927,-6.0,53.0,25.0,PAN,1986,Panama,High income,Latin America & Caribbean,3202394800.0,3413764500.0,0.0008551093855111,0.0024020844559474,-0.8013133695985807,0.0923921936235133,-0.0148888618165261,0.0340826881977129,-0.2846782385558121
1.0,0.0,23.31561053071003,3.4328713921980896,-8.0,53.0,26.0,PAN,1987,Panama,High income,Latin America & Caribbean,3233834800.0,3497613100.0,-0.0219829767855474,0.002540964508313,-0.8040860639278999,0.2616958974333078,-0.0405774625144209,0.0328424180104039,-0.2232136373959276
1.0,0.0,23.171972883974654,3.4547326234564384,-8.0,53.0,27.0,PAN,1988,Panama,High income,Latin America & Caribbean,2940126900.0,2824846900.0,0.000374455587156,0.0022921425648867,-0.9575282296581664,0.2740123293924871,-0.0360691728982307,0.030730180489406,-0.2264470170342964
1.0,0.0,23.18747457944467,3.4761652528776366,8.0,53.0,28.0,PAN,1989,Panama,High income,Latin America & Caribbean,3092916000.0,3393593400.0,-0.0009519210353992,0.0014867543422246,-0.9745063257841394,0.2598757221201003,-0.029927096871943,0.0307971799186573,-0.2173562872615376
0.0,0.0,23.26535180272628,3.4974703218033736,8.0,53.0,29.0,PAN,1990,Panama,High income,Latin America & Caribbean,3699099600.0,4137057400.0,0.0009401927055566,0.0017272623993937,-0.8867855383126565,0.0931894803501949,-0.0109389227825988,0.0346348683612507,-0.1727832834431812
0.0,0.0,23.355366217080995,3.5186973932710113,8.0,53.0,30.0,PAN,1991,Panama,High income,Latin America & Caribbean,4552713300.0,5369275600.0,0.0033960351228264,0.0022606320539591,-0.8837339152078804,0.0915927218212208,-0.0089344271557167,0.0322745612489267,-0.1594078190101709
0.0,0.0,23.434192927231656,3.5396351114227875,8.0,53.0,31.0,PAN,1992,Panama,High income,Latin America & Caribbean,5336629500.0,6315044100.0,0.008100999208651,0.0018806108407995,-0.8716747271921496,0.0931145396072889,-0.0021122901835496,0.0285323554049359,-0.1089338975010539
0.0,0.0,23.487314122129252,3.5604080694578513,8.0,53.0,32.0,PAN,1993,Panama,High income,Latin America & Caribbean,5626006400.0,6641440500.0,0.0146729789858487,0.0024188008887303,-0.8109947174419853,0.0951435899101252,0.0015014512330386,0.025217568513144,-0.0235549837215337
0.0,0.0,23.515416979693853,3.581014534497275,9.0,53.0,33.0,PAN,1994,Panama,High income,Latin America & Caribbean,6185029900.0,7264372200.0,0.0152866791354777,0.0026628242577719,-0.8152593692633795,0.095247955658596,0.0291597150935842,0.0257709633441283,0.0075044925349704
0.0,0.0,23.532782116761567,3.601411960118759,9.0,53.0,34.0,PAN,1995,Panama,High income,Latin America & Caribbean,6399816900.0,7664630500.0,0.012667059875159,0.0022090133864813,-0.8319620173642059,0.093148854697886,0.0331403644169982,0.0237075378457048,0.0458396632896207
0.0,0.0,23.57276891335287,3.6216386932129456,9.0,53.0,35.0,PAN,1996,Panama,High income,Latin America & Caribbean,7673646700.0,7558309100.0,0.0102723251411208,0.0013848888749961,-0.8354300572060728,0.0946655442592264,0.0346627197410711,0.0244231236100484,0.0758165013428697
0.0,0.0,23.635377358458047,3.6417457563337168,9.0,53.0,36.0,PAN,1997,Panama,High income,Latin America & Caribbean,8944359100.0,8629854000.0,0.0096690577018901,0.0007902033115684,-0.7643547794351541,0.0997164381478938,0.0562315356862331,0.0291339098340432,0.1852925378860272
0.0,0.0,23.70622251996603,3.6617160253008874,9.0,53.0,37.0,PAN,1998,Panama,High income,Latin America & Caribbean,8476358300.0,8934147100.0,0.0115199320943671,-0.0002333430812649,-0.6999847823328377,0.0984060154230781,0.0588544497532665,0.0297344825167204,0.2119699104403579
0.0,0.0,23.744646825586397,3.6815287210515533,9.0,53.0,38.0,PAN,1999,Panama,High income,Latin America & Caribbean,7437744600.0,7902775100.0,0.01738955609071,-0.0043644695950351,-0.6283370758505736,0.0754350854076801,0.0540765721289437,0.0418196425047814,0.2452211579647246
0.0,0.0,23.771438444970876,3.7011687766001233,9.0,53.0,39.0,PAN,2000,Panama,High income,Latin America & Caribbean,8252110300.0,8405006400.0,0.0248790664691265,-0.0177942693468125,-0.360914536931668,0.02987761262769,0.0431861506888422,0.0646592291167181,0.3669865949052346
0.0,0.0,23.7771647462721,3.720632850112795,9.0,53.0,40.0,PAN,2001,Panama,High income,Latin America & Caribbean,8417757100.0,8195266400.0,0.0230743196513042,-0.0183972059945392,-0.3654908363857259,0.0292049537683327,0.0444859897432033,0.0680017855317833,0.4030704007070221
0.0,0.0,23.79921141672887,3.739929512084408,9.0,53.0,41.0,PAN,2002,Panama,High income,Latin America & Caribbean,8042654200.0,8089552400.0,0.0225590365612872,-0.0192904094155801,-0.3351994557524199,0.0282557405324174,0.0437048551772554,0.0710493724636914,0.4230511929279252
0.0,0.0,23.84040610285521,3.759066527491213,9.0,53.0,42.0,PAN,2003,Panama,High income,Latin America & Caribbean,7908174700.0,8044255200.0,0.0142635661450897,-0.0279786016146686,-0.3043642131698056,0.0287262299225655,0.0465171807176151,0.0697762633549707,0.4865084888537
0.0,0.0,23.912932135544715,3.7781164320321188,9.0,53.0,43.0,PAN,2004,Panama,High income,Latin America & Caribbean,9147223700.0,9692055300.0,0.013549709419675,-0.0241649591145609,-0.2893990616556505,0.0336970868519654,0.0494691540287988,0.0686726025805891,0.5898150856813555
0.0,0.0,23.98237684602577,3.796968085178565,9.0,53.0,44.0,PAN,2005,Panama,High income,Latin America & Caribbean,11343421800.0,11798912400.0,0.0132899781672078,-0.0272362816494497,-0.1888052136358314,0.0448922750566317,0.0529593583555058,0.073464308623067,0.7358180013139033
0.0,0.0,24.065361059613487,3.8155085495343735,9.0,53.0,45.0,PAN,2006,Panama,High income,Latin America & Caribbean,12911451400.0,13486936400.0,0.0126898236389261,-0.0257507864911186,-0.1249841980539752,0.0338824934528982,0.0516230237017767,0.0883494813147581,0.838406267058024
0.0,0.0,24.178546747156403,3.8338476679165,9.0,53.0,46.0,PAN,2007,Panama,High income,Latin America & Caribbean,15632029200.0,16654324300.0,0.0125015940400838,-0.0260065013394013,-0.102088761593716,0.0312688441547631,0.0610226738999288,0.0889705248115627,0.8873477017732312
0.0,0.0,24.272543836601315,3.852054208299181,9.0,53.0,47.0,PAN,2008,Panama,High income,Latin America & Caribbean,20139437700.0,22194340800.0,0.0119783210161978,-0.0245783377455928,-0.0520917569876075,0.0392850308827686,0.0686815090522862,0.093912084115625,0.925807040320156
0.0,0.0,24.284897142535446,3.87009652034936,9.0,53.0,48.0,PAN,2009,Panama,High income,Latin America & Caribbean,19444070800.0,18642684400.0,0.0119909354606741,-0.0247485181434253,-0.050258965818868,0.0413732414071559,0.0694412892631592,0.0949998801734169,0.9371755686713674
0.0,1.0,24.341542029761136,3.887935099675735,9.0,53.0,49.0,PAN,2010,Panama,High income,Latin America & Caribbean,21169337600.0,22801278400.0,0.0118238995204905,0.0602947422594768,0.028716438990044,0.0438881783840276,0.0896016481976055,0.0862217853211359,0.9981985810873752
1.0,1.0,24.448723519626416,3.9056819857896867,9.0,53.0,50.0,PAN,2011,Panama,High income,Latin America & Caribbean,27745672000.0,28715326100.0,-0.0961079952083655,0.0522871057802545,-0.0331814231901764,-0.017903329533618,0.0879627078130056,0.0669444056014609,1.3342402758090834
1.0,1.0,24.542017942540667,3.9233271796197267,9.0,53.0,51.0,PAN,2012,Panama,High income,Latin America & Caribbean,31007035900.0,32720763400.0,-0.054394227204935,0.0193285286529987,0.1147657748463539,-0.0106610576081561,0.0764457485471286,-0.0034305924488845,1.1263569316924071
1.0,1.0,24.608778506093017,3.9407505908483755,9.0,53.0,52.0,PAN,2013,Panama,High income,Latin America & Caribbean,30311100700.0,32165330900.0,-0.0193428976739268,0.0038376461040412,0.3065234027932881,0.0125504127729052,0.0644280876732055,-0.0330208947403637,0.8938363436106557
1.0,1.0,24.658201064121506,3.961018992224172,9.0,53.0,53.0,PAN,2014,Panama,High income,Latin America & Caribbean,28227865800.0,30898187800.0,-0.0176309322470543,0.0029677344276132,0.3149729322893032,0.0137545171700907,0.0621786895933432,-0.0337607556973503,0.8937541927361073
1.0,1.0,24.713948440146268,3.9783227410915014,9.0,53.0,54.0,PAN,2015,Panama,High income,Latin America & Caribbean,26426478300.0,27433598900.0,-0.0148409278937627,0.0029180241845133,0.3223590932839611,0.0174618169680561,0.0611493887719921,-0.0372661741565885,0.8896615296135827
1.0,1.0,24.76229289949991,3.9956094288712745,9.0,53.0,55.0,PAN,2016,Panama,High income,Latin America & Caribbean,24944633900.0,25491123600.0,-0.0095129481028543,0.0028799575574733,0.3781068009509765,0.0233618138316898,0.0564071317699306,-0.0451095826489454,0.8547829366865219
1.0,1.0,24.81669726380395,4.012741435700295,9.0,53.0,56.0,PAN,2017,Panama,High income,Latin America & Caribbean,26677342700.0,27388495500.0,-0.0072293941227134,0.0026043093331629,0.4091008782052402,0.0243095008916001,0.0553178028329531,-0.0446900161600392,0.8530215930499473
1.0,1.0,24.852888681142648,4.028663421610124,9.0,53.0,57.0,PAN,2018,Panama,High income,Latin America & Caribbean,28506576357.0,29473747538.0,-0.0076090422279817,0.0017273460478183,0.4499624751691983,0.0222513641161477,0.0448059885776831,-0.0390585154117242,0.855025678316513
0.0,0.0,21.86649231522525,1.6026847305450775,-9.0,56.0,1.0,PRY,1962,Paraguay,Upper middle income,Latin America & Caribbean,45555555.56,52936507.94,0.0024206881262325,0.001798039525948,-2.456331502896734,-0.2237068858909429,-0.0736753849361095,0.0151097649837603,-1.5780749653654946
0.0,0.0,21.912519535776475,1.6271057308818322,-9.0,56.0,2.0,PRY,1963,Paraguay,Upper middle income,Latin America & Caribbean,44380952.38,49809523.81,0.0023568571105662,0.0018560599155304,-2.43114240359026,-0.2316921619070524,-0.0687333446362237,0.0232398064504983,-1.556979945516529
0.0,0.0,21.953781216358113,1.652117852671788,-9.0,56.0,3.0,PRY,1964,Paraguay,Upper middle income,Latin America & Caribbean,50047619.05,58539682.54,0.0023381229651676,0.001906152192767,-2.4085128316668176,-0.2103057418329081,-0.0683309983635029,0.0238778553300929,-1.5333978756890725
0.0,0.0,22.013633537776926,1.676918709205388,-9.0,56.0,4.0,PRY,1965,Paraguay,Upper middle income,Latin America & Caribbean,66349206.35,69873015.87,0.0023526844906281,0.0021044649690156,-2.3680525677172453,-0.2099625210818271,-0.0652247963444024,0.0340958505649666,-1.5437754713962866
0.0,0.0,22.033352860863992,1.7012796214967527,-9.0,56.0,5.0,PRY,1966,Paraguay,Upper middle income,Latin America & Caribbean,61714285.71,75206349.21,0.0023240592198042,0.0021505020649326,-2.378321467895848,-0.2089579769683271,-0.0653516726221998,0.0333794037174193,-1.5370215161404872
0.0,0.0,22.12090912221393,1.7250625110068971,-8.0,56.0,6.0,PRY,1967,Paraguay,Upper middle income,Latin America & Caribbean,60198412.7,76992063.49,0.0023285626124906,0.002185330622148,-2.281405927960316,-0.2188747660864919,-0.0396600329413499,0.0448609576597607,-1.5510771239346723
0.0,0.0,22.165185053856977,1.7482871939392592,-8.0,56.0,7.0,PRY,1968,Paraguay,Upper middle income,Latin America & Caribbean,63952380.95,86817460.32,0.0023184763667901,0.0021350968337648,-2.256515013236011,-0.2123115888563731,-0.0380402712520989,0.0441636044897047,-1.5577885095080786
0.0,0.0,22.21112498289376,1.7710720812065113,-8.0,56.0,8.0,PRY,1969,Paraguay,Upper middle income,Latin America & Caribbean,75531746.03,101253968.3,0.0022671032967851,0.0042713883823559,-2.1530955339620377,-0.1563551420048327,-0.0314013880764844,0.0285378503991377,-1.465735549507889
0.0,0.0,22.26517202668128,1.7935315368550253,-8.0,56.0,9.0,PRY,1970,Paraguay,Upper middle income,Latin America & Caribbean,88698412.7,95857142.86,0.0024744860058964,0.0030503505993422,-2.168983180582268,-0.2073414875632403,-0.0257573732183986,0.0300854888236704,-1.36587891097271
0.0,0.0,22.319074357958026,1.816100869418864,-8.0,56.0,10.0,PRY,1971,Paraguay,Upper middle income,Latin America & Caribbean,88888888.89,105952381.0,0.0023261608372421,0.0023281820509826,-2.1740444405753436,-0.2176679680880504,-0.0247216939205022,0.016408739921561,-1.3256624471658305
0.0,0.0,22.38328123800023,1.8393067468895024,-8.0,56.0,11.0,PRY,1972,Paraguay,Upper middle income,Latin America & Caribbean,105873015.9,106428571.4,0.0015355301022817,0.001907131143517,-2.045458904346708,-0.1903616196086532,-0.0223947762998016,0.0249418372959046,-1.1806290779045872
0.0,0.0,22.45376591658142,1.8635012507307958,-8.0,56.0,12.0,PRY,1973,Paraguay,Upper middle income,Latin America & Caribbean,148968254.0,142063492.1,0.001418493829755,0.0020637165717556,-2.103200125201795,-0.1282015812939027,-0.0251993258773036,0.0424575641415164,-0.9494503075923072
0.0,0.0,22.53425337563344,1.8883810555809806,-8.0,56.0,13.0,PRY,1974,Paraguay,Upper middle income,Latin America & Caribbean,206802695.1,228810749.5,0.0011957192489918,0.0004554011941658,-2.044775168095768,-0.0622253924207155,-0.0230561314730576,0.0558656398511804,-0.7909344020465243
0.0,0.0,22.6005320509253,1.9132172615767973,-8.0,56.0,14.0,PRY,1975,Paraguay,Upper middle income,Latin America & Caribbean,199642857.1,269849206.3,0.0010693417582528,-0.0008328896226082,-1.963858790721094,-0.0305029767401172,-0.0227635034246007,0.033102322204742,-0.7911725755323605
0.0,0.0,22.6730940744017,1.9378724678382633,-8.0,56.0,15.0,PRY,1976,Paraguay,Upper middle income,Latin America & Caribbean,249071428.6,306468254.0,0.001772634754238,-0.0026257571277192,-1.6868498841660453,0.0098373907326426,-0.0124503503786729,0.014008053147363,-0.7973268741904127
0.0,1.0,22.781895398111953,1.9625888087045664,-8.0,56.0,16.0,PRY,1977,Paraguay,Upper middle income,Latin America & Caribbean,407007936.5,469507936.5,0.002684432714926,0.0002055448357077,-1.3863029003057996,0.0369809785922434,-0.014308166327013,0.0239627048349104,-0.7062874736932332
0.0,1.0,22.895480567876156,1.9875222524773066,-8.0,56.0,17.0,PRY,1978,Paraguay,Upper middle income,Latin America & Caribbean,471531746.0,566103174.6,0.0014503372372258,-0.0037869330522953,-1.3141461338592193,0.0442600306319498,-0.0165007082096632,0.0383704486123569,-0.6740173276269086
0.0,1.0,23.007577664440117,2.012960704266676,-8.0,56.0,18.0,PRY,1979,Paraguay,Upper middle income,Latin America & Caribbean,548674603.2,736523809.5,0.0013026157910915,-0.0057769423824013,-1.2939479779538936,0.0542302905542839,-0.0225713071023676,0.0337265766173759,-0.5999461835173319
0.0,1.0,23.118332915808313,2.0392653004649866,-8.0,56.0,19.0,PRY,1980,Paraguay,Upper middle income,Latin America & Caribbean,615865079.4,891841269.8,0.0008368089999704,-0.0066175620982144,-1.1278847031099295,0.0370634875776196,-0.0222888977544575,0.0185111987760268,-0.5028682193157196
0.0,1.0,23.20607323325955,2.066523067480386,-8.0,56.0,20.0,PRY,1981,Paraguay,Upper middle income,Latin America & Caribbean,627833333.3,1011111111.0,0.0013836829360438,-0.0051172493406961,-0.9733148658560432,0.0189421376372234,-0.0257948864946789,0.0173530472984154,-0.4142477123127894
0.0,1.0,23.191998469662053,2.094365180653748,-8.0,56.0,21.0,PRY,1982,Paraguay,Upper middle income,Latin America & Caribbean,657801470.6,1070794118.0,0.0011991134989189,-0.004275860417954,-0.9912960852379102,0.0207999889940301,-0.0246821204399627,0.0186725595601194,-0.4066316626897094
0.0,1.0,23.16109980599559,2.1224463020325195,-8.0,56.0,22.0,PRY,1983,Paraguay,Upper middle income,Latin America & Caribbean,525092104.5,901287917.3,-0.0003924779333793,-0.0034064985597212,-1.052865459026125,0.02490333522833,-0.0246780752799164,0.0220985422644084,-0.4169216282607494
0.0,1.0,23.188876433163095,2.1506365341176616,-8.0,56.0,23.0,PRY,1984,Paraguay,Upper middle income,Latin America & Caribbean,827269915.1,1024424371.0,-0.000178636763482,-0.0042750155692369,-0.9923931471245316,0.0361843286893711,-0.0246930297813597,0.0210679637308375,-0.3839868093224421
0.0,1.0,23.233114688093615,2.178870803451519,-8.0,56.0,24.0,PRY,1985,Paraguay,Upper middle income,Latin America & Caribbean,888944749.0,890425801.6,0.0021695245001786,-0.0044002603583135,-0.8669620741899927,0.0345717411638254,-0.0232333323297793,0.0235060952950221,-0.3230349671549239
0.0,1.0,23.281569897791048,2.2071796154390344,-8.0,56.0,25.0,PRY,1986,Paraguay,Upper middle income,Latin America & Caribbean,1276819838.0,1223304161.0,0.0020404073098998,-0.0043752142843395,-0.8395972019074823,0.0507678190189393,-0.0212970858625887,0.0258952133637913,-0.3000606584893212
0.0,1.0,23.35465588853607,2.235412415056419,-8.0,56.0,26.0,PRY,1987,Paraguay,Upper middle income,Latin America & Caribbean,1444433946.0,1433992382.0,0.002143670987548,-0.0043338427018272,-0.8465560840961288,0.0591102947383768,-0.023403381477674,0.0237184348187951,-0.2683060422584202
0.0,1.0,23.41212610103941,2.2634569604750454,-8.0,56.0,27.0,PRY,1988,Paraguay,Upper middle income,Latin America & Caribbean,2059098946.0,1561507834.0,0.0027509759280092,-0.0050130393910641,-0.8319853486537867,0.0728031683279316,-0.0238276940911754,0.0251094158021259,-0.2286905355321034
0.0,1.0,23.47917899516108,2.291143598008054,2.0,56.0,28.0,PRY,1989,Paraguay,Upper middle income,Latin America & Caribbean,2468316706.0,1478470884.0,0.0052064888878493,-0.0052388802491329,-0.7897105309028838,0.0749875655488744,-0.0218574576075673,0.0224451260475375,-0.1868974321602516
0.0,0.0,23.519584418539335,2.318255030715601,2.0,56.0,29.0,PRY,1990,Paraguay,Upper middle income,Latin America & Caribbean,3035291402.0,2271653935.0,0.0094846347223146,0.0026747119131086,-0.7866192608373351,0.0741029014356755,-0.0168494280050885,0.0209120324177762,-0.1528557267143171
0.0,0.0,23.553924492209333,2.344812955139141,2.0,56.0,30.0,PRY,1991,Paraguay,Upper middle income,Latin America & Caribbean,3550997047.0,2674820829.0,0.0120774371940624,0.0027502192160288,-0.7731032329953599,0.0748120533180882,-0.0152989266538845,0.0220991834875189,-0.1447727563638111
0.0,0.0,23.570746485891334,2.3708292989675632,7.0,56.0,31.0,PRY,1992,Paraguay,Upper middle income,Latin America & Caribbean,3566831493.0,2838888199.0,0.0142083990265873,0.002222206646209,-0.7790165331792043,0.0734187537404139,-0.0108819350321572,0.0227828796812495,-0.0904112042100759
0.0,0.0,23.61893036549891,2.396153831004779,7.0,56.0,32.0,PRY,1993,Paraguay,Upper middle income,Latin America & Caribbean,4343942839.0,3891800193.0,0.0188598761864066,0.0023385477973067,-0.7590891771925368,0.0756408485793409,-0.0095821443838345,0.0224387096359039,-0.0445138092309486
0.0,0.0,23.670743742369133,2.420768977188807,7.0,56.0,33.0,PRY,1994,Paraguay,Upper middle income,Latin America & Caribbean,4787159383.0,4900392491.0,0.02067291361262,0.0024210952603736,-0.7155885032888971,0.0732779123404873,-0.0096790001542599,0.0209969769638521,-0.0173444049881082
0.0,0.0,23.736745039727797,2.444720255314566,7.0,56.0,34.0,PRY,1995,Paraguay,Upper middle income,Latin America & Caribbean,5598134199.0,5100987429.0,0.0173488390660619,0.0016415948447119,-0.6704152393617394,0.0819159650027519,-0.0117790481816597,0.0239023510019215,0.0460480900133898
0.0,0.0,23.752360335260466,2.4679721809900093,7.0,56.0,35.0,PRY,1996,Paraguay,Upper middle income,Latin America & Caribbean,5162446922.0,4923048705.0,0.0146174550573445,-0.0049201046249169,-0.5060563443072891,0.0722072666879075,-0.0175993752687713,0.0314999380123644,0.0454710162083341
0.0,0.0,23.793910219378077,2.4905146894633314,7.0,56.0,36.0,PRY,1997,Paraguay,Upper middle income,Latin America & Caribbean,4830120259.0,4729946872.0,0.0128676031556345,-0.010038551351332,-0.3699207535774574,0.0684518645899992,-0.0282247808254916,0.0385239254183532,0.1724742187965589
0.0,0.0,23.79459036560027,2.5123039234341284,6.0,56.0,37.0,PRY,1998,Paraguay,Upper middle income,Latin America & Caribbean,5059911870.0,4349322683.0,0.0120376761352138,-0.0122258139900348,-0.3656259890563678,0.0697116630983939,-0.0295826215645651,0.0379196049657841,0.1990587788280733
0.0,0.0,23.7808354012072,2.5331283317671267,7.0,56.0,38.0,PRY,1999,Paraguay,Upper middle income,Latin America & Caribbean,3781642164.0,3071972020.0,0.0096622510411358,-0.014581651193664,-0.373631901165202,0.0676213873467854,-0.0331904394693173,0.042454330252954,0.2347592510778805
0.0,0.0,23.75742202918188,2.5524743377387393,7.0,56.0,39.0,PRY,2000,Paraguay,Upper middle income,Latin America & Caribbean,3837259043.0,3127286332.0,0.0065282301538106,-0.0166113191399441,-0.3960034145256409,0.0685380688268902,-0.0371031597407468,0.0439338241347224,0.2937554266655965
0.0,0.0,23.749046505056533,2.5693519349561957,7.0,56.0,40.0,PRY,2001,Paraguay,Upper middle income,Latin America & Caribbean,3452915687.0,2715523960.0,0.0053217627611457,-0.0063435914626627,-0.6354118889211723,0.0894994038281683,-0.0319184373245958,0.0366625609920782,0.2522647364653375
0.0,0.0,23.748832438179384,2.583447082460867,7.0,56.0,41.0,PRY,2002,Paraguay,Upper middle income,Latin America & Caribbean,3416430255.0,2300391879.0,0.0052187109275219,-0.0065276335423563,-0.6452707966643694,0.0888144622845394,-0.03304127138578,0.0377583107638698,0.2666165002114621
0.0,0.0,23.79113249649925,2.5957459631364586,8.0,56.0,42.0,PRY,2003,Paraguay,Upper middle income,Latin America & Caribbean,3626068859.0,2613734808.0,0.0040625762799593,-0.0260044834813985,-0.3742905685315461,0.0657257362939358,-0.0143128008028291,0.0501208578555386,0.4288722880225006
0.0,0.0,23.83090515696296,2.607270353701741,8.0,56.0,43.0,PRY,2004,Paraguay,Upper middle income,Latin America & Caribbean,4397197655.0,3312407417.0,0.0044477807334476,-0.0280003295241629,-0.3725339543981522,0.0682282495591552,-0.0184688758202367,0.0502761912932293,0.54369350791361
0.0,0.0,23.85201566059296,2.618329989804217,8.0,56.0,44.0,PRY,2005,Paraguay,Upper middle income,Latin America & Caribbean,5110362043.0,4018871465.0,0.0041710186191378,-0.0304770154032666,-0.3267873253150972,0.0748597588496736,-0.0195981599036437,0.0452009204308394,0.6401292358025824
0.0,0.0,23.8989671563508,2.628747270281844,8.0,56.0,45.0,PRY,2006,Paraguay,Upper middle income,Latin America & Caribbean,6216897492.0,5162332824.0,0.0036226499380841,-0.0287129104916508,-0.285680496538764,0.0802694249595683,-0.0222597775813629,0.0475259027500011,0.7338356789404861
0.0,0.0,23.951764735996445,2.6385512865970857,8.0,56.0,46.0,PRY,2007,Paraguay,Upper middle income,Latin America & Caribbean,7745197916.0,6361555843.0,0.0036269360811849,-0.0295450356885259,-0.260413778155971,0.0794559260842486,-0.0240686405934165,0.0519415634354615,0.8024630855892639
0.0,0.0,24.014704718795493,2.648251209650872,8.0,56.0,47.0,PRY,2008,Paraguay,Upper middle income,Latin America & Caribbean,10446318050.0,9437298164.0,0.0032203829850842,-0.0224200321351631,-0.1831107587406721,0.0825124619324628,-0.0175215772429263,0.0683023743847706,0.885327272583042
0.0,0.0,24.01208992991151,2.6584706997881646,8.0,56.0,48.0,PRY,2009,Paraguay,Upper middle income,Latin America & Caribbean,8516698731.0,7320133400.0,0.0034080610573452,-0.0220282622189111,-0.1991391331909833,0.084329862637173,-0.0189784797633956,0.0667599667242115,0.8971489320903798
0.0,0.0,24.11730751676522,2.670169279467308,8.0,56.0,49.0,PRY,2010,Paraguay,Upper middle income,Latin America & Caribbean,11487694357.0,10663826786.0,0.0030425700078375,-0.0212063525556729,-0.1951098201739374,0.0704946035126737,-0.0160944418078075,0.0749843363154881,0.972932124586959
0.0,1.0,24.15927801511033,2.6834400838423385,8.0,56.0,50.0,PRY,2011,Paraguay,Upper middle income,Latin America & Caribbean,13583125547.0,12912863193.0,0.0029165335057369,0.0445525012314058,-0.0909457702797155,0.0731510242855631,-0.0048461061181343,0.0645798886774888,0.9506968970992016
0.0,1.0,24.15217239876432,2.6975087197406724,8.0,56.0,51.0,PRY,2012,Paraguay,Upper middle income,Latin America & Caribbean,12641839183.0,12233898499.0,0.0030436643143825,0.0458220455625274,-0.0917767551972956,0.0766345165007341,-0.0046836223028288,0.065856541171301,0.957080705768517
0.0,1.0,24.2318434357655,2.711892963557242,9.0,56.0,52.0,PRY,2013,Paraguay,Upper middle income,Latin America & Caribbean,14905195671.0,13343028125.0,0.0015452690995506,0.0466113177546825,-0.0546052928240309,0.0714211993521365,0.0758853795872623,0.0738133157502072,0.9673199578941484
0.0,1.0,24.28349843134386,2.726391084099965,9.0,56.0,53.0,PRY,2014,Paraguay,Upper middle income,Latin America & Caribbean,14319795162.0,13574782459.0,0.0015151622103893,0.0450885332235673,-0.0328616871034956,0.0682108152182092,0.0769671259184792,0.0741861261958559,0.9613529072171626
0.0,1.0,24.31264114445926,2.7409947661455543,9.0,56.0,54.0,PRY,2015,Paraguay,Upper middle income,Latin America & Caribbean,12577922818.0,11652991233.0,0.0015448597321558,0.0473811304406218,-0.0210546872538367,0.0660965190971519,0.0769230087931671,0.0728500026354196,0.9575042876823158
0.0,1.0,24.35443571386366,2.7555052299305416,9.0,56.0,55.0,PRY,2016,Paraguay,Upper middle income,Latin America & Caribbean,13404881409.0,11049252332.0,0.0015373129367304,0.0531034881514487,-0.0059112719904815,0.0640285803687503,0.0790689042810809,0.0710364730796429,0.9663589030413526
0.0,1.0,24.401415467437612,2.7697310059805047,9.0,56.0,56.0,PRY,2017,Paraguay,Upper middle income,Latin America & Caribbean,14884925311.0,12834286732.0,0.0006945107248403,0.0491503672557633,0.0264594744162976,0.0652136424158793,0.0759343523317865,0.0558308196686005,0.9730103839377304
0.0,1.0,24.432955319115788,2.7836309178065175,9.0,56.0,57.0,PRY,2018,Paraguay,Upper middle income,Latin America & Caribbean,14824374396.0,14165793924.0,-0.0001831144612906,0.0459738907414932,-0.1293595735833984,0.062880591013562,0.0757880370575087,0.0492875902555701,1.0898746151708414
0.0,1.0,26.10422253701525,4.836345596193117,9.0,54.0,34.0,POL,1995,Poland,High income,Europe & Central Asia,32643940184.0,29569691829.0,0.000716834702429,-0.0213585613950961,1.756782849101143,-0.0636658560636485,0.0465799081870166,0.0583081727760354,0.140775001980294
0.0,1.0,26.163581773187676,4.837106337649999,9.0,54.0,35.0,POL,1996,Poland,High income,Europe & Central Asia,35353288083.0,37618411780.0,-0.0010889001069402,-0.0188097055522083,1.7451495134740007,-0.0652147248798442,0.0489977250670223,0.0533585572641783,0.179168001766901
0.0,0.0,26.226077941612907,4.837760891286189,9.0,54.0,36.0,POL,1997,Poland,High income,Europe & Central Asia,37183635980.0,43365153210.0,-0.0027416243167647,0.0068887827620548,1.739474339198139,-0.0716547520222123,0.0467481430721665,0.0552760109798863,0.2334550835054999
0.0,0.0,26.271434895831888,4.838118424282588,9.0,54.0,37.0,POL,1998,Poland,High income,Europe & Central Asia,45328595270.0,53786614490.0,-0.0029431151219952,0.0070643743369439,1.756055963459203,-0.0734897204585052,0.0471911714575394,0.058605329180786,0.2555305137089388
0.0,0.0,26.31693578225045,4.838035397259797,9.0,54.0,38.0,POL,1999,Poland,High income,Europe & Central Asia,40963593630.0,51042724322.0,-0.0047643041774817,0.0054550127066763,1.7837069443923692,-0.0737959729683188,0.0465612787366461,0.0596967526844163,0.2870519859447661
0.0,0.0,26.36153509337991,4.827592043343853,9.0,54.0,39.0,POL,2000,Poland,High income,Europe & Central Asia,46824088402.0,58004291228.0,-0.0056020393451746,0.0048030277954786,1.7888486028297603,-0.0753666604910161,0.0448236787751849,0.0619550924657908,0.3156135032976342
0.0,0.0,26.37404126888514,4.827316171899346,9.0,54.0,40.0,POL,2001,Poland,High income,Europe & Central Asia,51902098244.0,59122352769.0,-0.0057201563538589,0.0047398702113599,1.783183582364933,-0.073902664540561,0.0406385936162937,0.0615116781235794,0.3404421275050155
0.0,0.0,26.394197931390504,4.826852982118753,10.0,54.0,41.0,POL,2002,Poland,High income,Europe & Central Asia,57159341603.0,64248499951.0,-0.0246769502712989,0.0041318552845719,1.848382985134124,-0.0899954518336113,0.1902787915517657,0.0517232308577323,0.343126445758886
0.0,0.0,26.428583798805196,4.826341312550911,10.0,54.0,42.0,POL,2003,Poland,High income,Europe & Central Asia,72646837616.0,78626922854.0,-0.0236247745290003,0.0024077865339625,1.9592306341053751,-0.0887795765923438,0.2037622707970443,0.0529582921902698,0.3926816945980439
0.0,0.0,26.47720896479423,4.825462341534495,10.0,54.0,43.0,POL,2004,Poland,High income,Europe & Central Asia,87290664313.0,94612868072.0,-0.0146649122901514,-0.0009436102357991,2.188077452018389,-0.0824201137997336,0.2230832838135659,0.0488503327299292,0.5131482291752517
0.0,0.0,26.511677408771224,4.825022851472656,10.0,54.0,44.0,POL,2005,Poland,High income,Europe & Central Asia,105993000000.0,109863000000.0,-0.0051821796800012,-0.0016226553961594,2.373608047603386,-0.082920327838462,0.2376776175071447,0.0425341549380493,0.6371025314971535
0.0,1.0,26.571180401104222,4.824421791095488,10.0,54.0,45.0,POL,2006,Poland,High income,Europe & Central Asia,130258000000.0,138507000000.0,8.216920360921832e-05,0.0022780946531826,2.452516292506579,-0.0858597141207068,0.2174920475092706,0.0431287658959709,0.7094761660146022
0.0,1.0,26.639416685304415,4.823878741229912,10.0,54.0,46.0,POL,2007,Poland,High income,Europe & Central Asia,165316000000.0,181659000000.0,0.0051601187796186,0.0044021919236624,2.5855285632823435,-0.0872945537772361,0.2145153185393506,0.0634619892601919,0.8072760619702272
0.0,1.0,26.680558106080483,4.824080407793872,10.0,54.0,47.0,POL,2008,Poland,High income,Europe & Central Asia,201758000000.0,229809000000.0,0.0052951842994065,0.0039733521649061,2.593584749098171,-0.0913442920780485,0.2129038094019024,0.0626668823286564,0.8486248933720477
0.0,1.0,26.708485927957064,4.824823337738756,10.0,54.0,48.0,POL,2009,Poland,High income,Europe & Central Asia,163148000000.0,167382000000.0,0.0052352518107614,0.0038845807820465,2.5883476077500727,-0.0930046146636937,0.211132410872948,0.0619577936887457,0.8581515483461621
0.0,1.0,26.73740877433836,4.821967246465757,10.0,54.0,49.0,POL,2010,Poland,High income,Europe & Central Asia,190729000000.0,202402000000.0,0.0050502856249836,0.0038134359588496,2.58591127841147,-0.0981908411008442,0.2077701010275274,0.0604999686712309,0.873544795891794
0.0,1.0,26.786602107667147,4.82266820643974,10.0,54.0,50.0,POL,2011,Poland,High income,Europe & Central Asia,223376000000.0,235449000000.0,0.0047027895058609,0.0025915805330214,2.678925945564264,-0.1009642906581063,0.1787789387493885,0.0726863223661636,0.9004709543411692
0.0,1.0,26.801935075690874,4.822698471565628,10.0,54.0,51.0,POL,2012,Poland,High income,Europe & Central Asia,219299000000.0,223205000000.0,0.0046643090737336,0.0026360157197359,2.69230572427564,-0.101791591003938,0.1741394210590153,0.0728677554040537,0.9058806718705452
0.0,1.0,26.810463201807444,4.822127527703626,10.0,54.0,52.0,POL,2013,Poland,High income,Europe & Central Asia,237157000000.0,231368000000.0,0.0046714695074917,0.0027208933961444,2.6985435361411216,-0.1029418011200488,0.1720889936443523,0.0724941338966027,0.907160900472035
0.0,1.0,26.84811551598334,4.821444382819362,10.0,54.0,53.0,POL,2014,Poland,High income,Europe & Central Asia,250578000000.0,248370000000.0,0.0048452185566484,0.0026834294647505,2.712808222592008,-0.103776436889037,0.1672149968238682,0.0732916369352624,0.9014867336745404
0.0,1.0,26.891015005165798,4.820777971407545,10.0,54.0,54.0,POL,2015,Poland,High income,Europe & Central Asia,226401000000.0,216475000000.0,0.0050338462157144,0.0021696176775168,2.728990458838252,-0.104438982746657,0.1723349469780154,0.0723513319186537,0.8914104987270474
0.0,1.0,26.92012332125255,4.820348119841867,10.0,54.0,55.0,POL,2016,Poland,High income,Europe & Central Asia,236187000000.0,222240000000.0,0.0048842527953633,0.0022454093292546,2.741313628244536,-0.1064829297024404,0.1710733552458387,0.0709838511090064,0.8972372923762636
0.0,1.0,26.970246251693045,4.82047292148888,10.0,54.0,56.0,POL,2017,Poland,High income,Europe & Central Asia,273121000000.0,258226000000.0,0.0051859928311553,0.0012717128704425,2.75356293002374,-0.1068390640207158,0.1744057009220277,0.0704456867516205,0.9097569726828276
0.0,1.0,27.027997963031012,4.820536241236961,10.0,54.0,57.0,POL,2018,Poland,High income,Europe & Central Asia,310584000000.0,298556000000.0,0.005053696587514,0.0011121927857071,2.800877502505367,-0.1071709777265449,0.1858491572938003,0.0722648001270424,0.9512886611656014
0.0,0.0,24.920185058208787,4.552487488511151,-9.0,55.0,9.0,PRT,1970,Portugal,High income,Europe & Central Asia,1549504881.0,1954344491.0,0.003541458267164,0.0015085642858011,0.5941867135164078,0.0031386086477933,0.0245258830924727,0.0128540517858613,-1.8890502048306437
0.0,0.0,24.984395272335977,4.548253517290137,-9.0,55.0,10.0,PRT,1971,Portugal,High income,Europe & Central Asia,1808141343.0,2302600707.0,0.0035561209208216,0.0012816858241256,0.6611377625325473,-0.0013208722437889,0.0268630273757404,0.0238391766647157,-1.7917413784265133
0.0,0.0,25.061501633478283,4.546710636697243,-9.0,55.0,11.0,PRT,1972,Portugal,High income,Europe & Central Asia,2398176427.0,2797946627.0,0.0030507666772938,0.0018536096483709,0.7653040748213773,-0.006352629713553,0.0145284750685152,0.0307212120642947,-1.6282913135604902
0.0,0.0,25.16766787255169,4.547019959323193,-9.0,55.0,12.0,PRT,1973,Portugal,High income,Europe & Central Asia,3160024530.0,3968323794.0,0.0020191940148628,0.003319097243905,0.8528920033112766,-0.0265264950472734,-0.0028985335525829,0.0233245371403842,-1.2457048368864123
0.0,0.0,25.179031652776295,4.560968739840033,-3.0,55.0,13.0,PRT,1974,Portugal,High income,Europe & Central Asia,3686495659.0,5759928966.0,0.0025735046700469,0.006375033260702,0.8165860530610366,-0.0253545878597811,-0.029037872885338,0.024018959316485,-1.0969645709241864
0.0,0.0,25.134581934498588,4.598972880196744,3.0,55.0,14.0,PRT,1975,Portugal,High income,Europe & Central Asia,3092305882.0,4943349020.0,0.0026008952622001,0.007262984127107,0.7943467249076103,-0.0242698228464254,-0.0405491801643033,0.0189869804269436,-1.0412766919008651
0.0,0.0,25.201307721963047,4.627413847221514,9.0,55.0,15.0,PRT,1976,Portugal,High income,Europe & Central Asia,2777320955.0,4891100796.0,0.0036871758060063,0.0077573288432382,0.8536663863183338,-0.0248482851649146,-0.0375031682922753,0.0177892115429852,-1.0016400078339205
0.0,0.0,25.255820502707838,4.63803139723061,9.0,55.0,16.0,PRT,1977,Portugal,High income,Europe & Central Asia,3094730225.0,5594295443.0,0.0038367977118701,0.0105522223643132,0.8833161000773181,-0.025236613135341,-0.0346376695052145,0.0136151248957695,-0.9324093173988368
0.0,0.0,25.283590970455784,4.648820962289839,9.0,55.0,17.0,PRT,1978,Portugal,High income,Europe & Central Asia,3702002737.0,5958549270.0,0.0042801023379081,0.0122354840632797,0.9618006796523688,-0.0274852696378668,-0.0310008645572372,0.0186124822574334,-0.918788000500881
0.0,0.0,25.3384457579638,4.65954089846341,9.0,55.0,18.0,PRT,1979,Portugal,High income,Europe & Central Asia,5643155738.0,7863475410.0,0.0050808894595849,0.0203736999151741,1.0207739448893454,-0.0326368885895654,-0.0182158110876677,0.0274161568660139,-0.8006113683063854
0.0,0.0,25.383321856418775,4.670355219653892,9.0,55.0,19.0,PRT,1980,Portugal,High income,Europe & Central Asia,7058033640.0,10783476171.0,0.0052465043665297,0.0232965050155189,1.0525565106526602,-0.0320723317864028,-0.0091375327319254,0.0329952834020906,-0.7059189861585121
0.0,0.0,25.399369676551522,4.6790260267165,9.0,55.0,20.0,PRT,1981,Portugal,High income,Europe & Central Asia,6501188925.0,11270547231.0,0.0046661543796415,0.0213889084291894,1.047258446073648,-0.0417882011808765,-0.0027593191932299,0.0408976152139932,-0.6439983582912577
0.0,0.0,25.420495470283196,4.68513934726485,10.0,55.0,21.0,PRT,1982,Portugal,High income,Europe & Central Asia,6314253280.0,10708695762.0,0.003630526228808,0.0204134389598223,1.0768138825025892,-0.0502045926828283,0.1047583048878189,0.0391684149364285,-0.6776357489451761
0.0,0.0,25.418770206615687,4.689778998045268,10.0,55.0,22.0,PRT,1983,Portugal,High income,Europe & Central Asia,6687714441.0,9363968512.0,0.0035447069994246,0.0202293784030243,1.0732031606495385,-0.0519680842276932,0.1054074870461467,0.0388123730681774,-0.6729665260403228
0.0,0.0,25.399788774379743,4.693624529067892,10.0,55.0,23.0,PRT,1984,Portugal,High income,Europe & Central Asia,7358490824.0,8884931526.0,0.0036126357243293,0.0213973265731593,1.0789171270186844,-0.0502969177111469,0.1093927080680174,0.0402015375205765,-0.6400992647166516
0.0,0.0,25.427475603507062,4.696359916570908,10.0,55.0,24.0,PRT,1985,Portugal,High income,Europe & Central Asia,7929289328.0,8751378986.0,0.0034931119330332,0.0224089811716398,1.1101902224756557,-0.0551785697500901,0.1130436786203697,0.0406733588371675,-0.6178938312155821
0.0,0.0,25.468050128295353,4.6972694535995565,10.0,55.0,25.0,PRT,1986,Portugal,High income,Europe & Central Asia,10071952821.0,10858608766.0,0.0031976254767645,0.0222496420667305,1.156327887663258,-0.0571076598655456,0.1204490865755262,0.04268383242844,-0.5925235960375331
0.0,0.0,25.52991457381176,4.696999999063549,10.0,55.0,26.0,PRT,1987,Portugal,High income,Europe & Central Asia,13172520279.0,15532868934.0,0.0032960091355469,0.0229559813185382,1.221082986557578,-0.056058624702976,0.1416202945426712,0.0425717598624802,-0.4959370411598744
0.0,0.0,25.602128191433007,4.6959604792046745,10.0,55.0,27.0,PRT,1988,Portugal,High income,Europe & Central Asia,15572504178.0,20038610028.0,0.0028794901885983,0.0229842030472349,1.2815842347793345,-0.0537133579860129,0.1456916292883715,0.0430036469074964,-0.4027097548229027
0.0,0.0,25.664551052907875,4.694501274781335,10.0,55.0,28.0,PRT,1989,Portugal,High income,Europe & Central Asia,17854164757.0,21452554113.0,0.0031191585423843,0.0226426213036548,1.3401591394987455,-0.048761974862001,0.1611754153472454,0.0445048602555316,-0.3232870047500394
0.0,0.0,25.703290709376528,4.692321790395397,10.0,55.0,29.0,PRT,1990,Portugal,High income,Europe & Central Asia,22960185628.0,28247582618.0,0.0034144360184161,0.023048683984812,1.425581446682569,-0.050835977179053,0.1529351868101223,0.0543564724575815,-0.2484921621226391
0.0,0.0,25.746047069586222,4.690016972190517,10.0,55.0,30.0,PRT,1991,Portugal,High income,Europe & Central Asia,23689342306.0,30177947829.0,0.0033198168260221,0.0221692028285767,1.5211572674870744,-0.0540766558001223,0.1357135535108715,0.0590635570933784,-0.1842109965279359
0.0,0.0,25.75688170983347,4.689239479457924,10.0,55.0,31.0,PRT,1992,Portugal,High income,Europe & Central Asia,26315596971.0,34266584497.0,0.0035757499743802,0.0201319376068066,1.5288383019924394,-0.0493847596784224,0.1542166676791101,0.0542088815759623,-0.1096002495567617
0.0,0.0,25.736238397506153,4.690462645568635,10.0,55.0,32.0,PRT,1993,Portugal,High income,Europe & Central Asia,22422442339.0,29049311807.0,0.0031869963278806,0.0208115658260057,1.4995486068457675,-0.0486029979693969,0.1666769445936571,0.0513708187044005,-0.0594761482473233
0.0,0.0,25.745842877051714,4.69315354003827,10.0,55.0,33.0,PRT,1994,Portugal,High income,Europe & Central Asia,25055310386.0,31944022947.0,0.0019048273501407,0.0206890626769162,1.5163121476030277,-0.0497283961368485,0.1685201078878259,0.0514935631383973,-0.0092134215735371
0.0,0.0,25.787776755011983,4.696615579846304,10.0,55.0,34.0,PRT,1995,Portugal,High income,Europe & Central Asia,31620944673.0,39151232586.0,-0.0011114709471725,0.0173911049011168,1.5609054911036493,-0.054931379439231,0.1854163879321779,0.0523184921123792,0.0857228257672745
0.0,0.0,25.822217212091235,4.7003755412076025,10.0,55.0,35.0,PRT,1996,Portugal,High income,Europe & Central Asia,32556406291.0,41278931635.0,-0.003359585557783,0.0156588894776099,1.578405917385478,-0.0595687162041652,0.1789184929204074,0.0474532383715126,0.1252066573152717
0.0,0.0,25.865286054983983,4.704840148114826,10.0,55.0,36.0,PRT,1997,Portugal,High income,Europe & Central Asia,31774839337.0,41132256146.0,-0.0083303691238295,0.0124657219501657,1.6007469515351895,-0.0662514998134451,0.1603248312659408,0.0442089180464447,0.1805746586334331
0.0,0.0,25.91224813308121,4.709894039619654,10.0,55.0,37.0,PRT,1998,Portugal,High income,Europe & Central Asia,33876548308.0,45239506901.0,-0.0108570241672028,0.0114395120043105,1.631741250929119,-0.0694362954801058,0.1513832001737054,0.0456016090315821,0.191836684380125
0.0,0.0,25.95057043624803,4.715550344731248,10.0,55.0,38.0,PRT,1999,Portugal,High income,Europe & Central Asia,33756675285.0,46950345046.0,-0.0149371045469757,0.008004685775703,1.6859617137999603,-0.07033300123438,0.1484804733023572,0.0419890143013638,0.2292726536289129
0.0,0.0,25.98802124932142,4.72257894361119,10.0,55.0,39.0,PRT,2000,Portugal,High income,Europe & Central Asia,33452144656.0,46550613708.0,-0.0168980698130608,0.0068853121205767,1.6852597389205726,-0.0733278629638192,0.1544836130049286,0.0406806101489326,0.2718765968941581
0.0,0.0,26.00727127468669,4.7296312498952116,10.0,55.0,40.0,PRT,2001,Portugal,High income,Europe & Central Asia,33364915450.0,45789575479.0,-0.0208947546181248,0.0062953337150966,1.7019639303415923,-0.0781627785059842,0.1713719358390021,0.0380635241116199,0.3156208441192065
0.0,0.0,26.0149512606964,4.7351079294333775,10.0,55.0,41.0,PRT,2002,Portugal,High income,Europe & Central Asia,36493691735.0,47495078930.0,-0.0213558422953178,0.0060904491778479,1.715598734333362,-0.0799184412476751,0.1826019823899886,0.0368975132631725,0.346453806156092
0.0,0.0,26.005601168432058,4.738862043487437,10.0,55.0,42.0,PRT,2003,Portugal,High income,Europe & Central Asia,45217764525.0,55799780174.0,-0.0227278200228993,0.0053117938796174,1.7088959189465962,-0.0771432055036364,0.1992289440940498,0.0372157978630601,0.4207410746904287
0.0,0.0,26.023331674028565,4.741253333365416,10.0,55.0,43.0,PRT,2004,Portugal,High income,Europe & Central Asia,52396449477.0,67301751547.0,-0.027075868745768,0.0020204361027314,1.7301307635775636,-0.0720393412033208,0.2157346575821425,0.0294847401064723,0.5557452683466363
0.0,0.0,26.03111760627737,4.743436579282675,10.0,55.0,44.0,PRT,2005,Portugal,High income,Europe & Central Asia,53424570458.0,70735904961.0,-0.0356633658477167,0.0001041977195089,1.755266884129875,-0.0714641765665218,0.2328971413203456,0.0213906922758075,0.6868808474741187
0.0,0.0,26.047241203606834,4.745239903604287,10.0,55.0,45.0,PRT,2006,Portugal,High income,Europe & Central Asia,63373039604.0,79723354569.0,-0.0374466138283906,-0.0006987108952294,1.7479035835516483,-0.0687097264883933,0.2423027729944066,0.0169351079319785,0.7478869587205305
0.0,0.0,26.071995860234466,4.747202947231785,10.0,55.0,46.0,PRT,2007,Portugal,High income,Europe & Central Asia,75020812081.0,93196905901.0,-0.0383652031563976,-0.0009911053100218,1.7527211736691932,-0.0672216724360293,0.2527672219089646,0.0108939540517635,0.8263958669735323
0.0,0.0,26.07518557989898,4.74864485981222,10.0,55.0,47.0,PRT,2008,Portugal,High income,Europe & Central Asia,82346807429.0,107513000000.0,-0.038090887326042,-0.0001799638542079,1.7621382267728032,-0.0684122626761304,0.2394991602260404,0.0094440826913424,0.8837960835832805
0.0,0.0,26.043466996994454,4.7482871227659365,10.0,55.0,48.0,PRT,2009,Portugal,High income,Europe & Central Asia,66778989702.0,83673807857.0,-0.0367519946909218,-3.3939043953582786e-05,1.7536643954712612,-0.0704468265123825,0.2351584304872584,0.0099304738107634,0.8983891724471018
0.0,0.0,26.060693333610573,4.748746223706173,10.0,55.0,49.0,PRT,2010,Portugal,High income,Europe & Central Asia,71598934533.0,89801905968.0,-0.037196154157355,-6.330414951451426e-05,1.7487840069434544,-0.0727586715858904,0.2328636471728423,0.009498412632401,0.9174546977065005
0.0,0.0,26.043584392573663,4.747275374728887,10.0,55.0,50.0,PRT,2011,Portugal,High income,Europe & Central Asia,84455064293.0,94725068832.0,-0.0363865362735645,7.818075586150917e-06,1.7435084687089524,-0.0731111223379047,0.2309943675978284,0.009695905261915,0.9285622713782118
0.0,0.0,26.002165901950764,4.7432211567901685,10.0,55.0,51.0,PRT,2012,Portugal,High income,Europe & Central Asia,81685225652.0,82755123140.0,-0.022962166556414,-1.8520761133699272e-05,1.734548227653098,-0.0738930731609147,0.2287793729677365,0.0102768579565966,0.9332794424829264
0.0,0.0,25.992895621630193,4.737567061416289,10.0,55.0,52.0,PRT,2013,Portugal,High income,Europe & Central Asia,89682537232.0,87194990738.0,-0.0201610709680919,4.2597940549667066e-05,1.7302647327873768,-0.0730604977346824,0.2259297237612531,0.0106215476684091,0.9399463947802592
0.0,0.0,26.00078848423774,4.732170790363661,10.0,55.0,53.0,PRT,2014,Portugal,High income,Europe & Central Asia,92457300369.0,92113305018.0,-0.0216942255100362,-9.140980974813426e-05,1.73454908341882,-0.0730054647027639,0.228435329726898,0.0104688456397334,0.937661278203415
0.0,0.0,26.018548603750617,4.7280293792400485,10.0,55.0,54.0,PRT,2015,Portugal,High income,Europe & Central Asia,80984130312.0,79509937177.0,-0.0251623527374882,-5.7257449839809795e-05,1.7361338572119651,-0.0713873414427734,0.2316876585689749,0.0102486433913334,0.9348602294241476
0.0,0.0,26.038543560069247,4.724874789361232,10.0,55.0,55.0,PRT,2016,Portugal,High income,Europe & Central Asia,83254740237.0,80804179611.0,-0.0339653327415893,-5.9385199130999425e-05,1.7400042499997157,-0.0700035120830723,0.2329011722128544,0.0103321686283575,0.9346625980608216
0.0,0.0,26.073003239849896,4.722435894965211,10.0,55.0,56.0,PRT,2017,Portugal,High income,Europe & Central Asia,94844484378.0,92464542115.0,-0.0360263401449289,-6.185540808889302e-05,1.7403799774985491,-0.0687611943699624,0.2365205935304598,0.009888741157075,0.9349965705420732
0.0,0.0,26.10110115812457,4.7208348550450205,10.0,55.0,57.0,PRT,2018,Portugal,High income,Europe & Central Asia,105740000000.0,104241000000.0,-0.036036724589212,-0.0001672340118033,1.7423054336417596,-0.0685970115136997,0.2373847925814282,0.0103648386505923,0.9389420780118568
0.0,1.0,23.106200425534382,2.9015114960853996,4.0,70.0,19.0,ZWE,1980,Zimbabwe,Lower middle income,Sub-Saharan Africa,1561474151.0,1772342262.0,0.0019734965421227,-0.0016519694091057,-1.036226184528053,0.1603302348960478,-0.0354357337652507,0.0488416078413643,-0.4092944431365961
0.0,1.0,23.224209434384377,2.9644392618501074,4.0,70.0,20.0,ZWE,1981,Zimbabwe,Lower middle income,Sub-Saharan Africa,1557022080.0,2076439449.0,0.0033143449259145,-0.0043965484742412,-0.8112662535609857,0.0792436466904654,-0.0259410203441447,-0.0047066278002121,-0.3178527323225744
0.0,1.0,23.250211405461954,3.003392659731583,4.0,70.0,21.0,ZWE,1982,Zimbabwe,Lower middle income,Sub-Saharan Africa,1446131890.0,1898465425.0,0.0032196168864219,-0.0035338552218693,-0.809783811983318,0.0776144825116712,-0.0259856444817129,-0.0072058206759019,-0.3085935907299624
0.0,1.0,23.26594011286964,3.0413852633624154,1.0,70.0,22.0,ZWE,1983,Zimbabwe,Lower middle income,Sub-Saharan Africa,1277291527.0,1512740982.0,0.0020927637946347,-0.0034380215004417,-0.8033713379706314,0.0765178647538311,-0.0262020640615826,-0.0095146685598725,-0.3072394767748339
0.0,1.0,23.24668226405962,3.076936116541237,1.0,70.0,23.0,ZWE,1984,Zimbabwe,Lower middle income,Sub-Saharan Africa,1306736254.0,1322234363.0,0.0020755196843593,-0.0034213639492128,-0.8192338555603266,0.0772932338126087,-0.025443684088879,-0.0087785931627337,-0.2950116418280523
0.0,1.0,23.31382103693131,3.1115243864159723,1.0,70.0,24.0,ZWE,1985,Zimbabwe,Lower middle income,Sub-Saharan Africa,1252436243.0,1241275948.0,0.0021824199606092,-0.0035762263116417,-0.8101935113023087,0.0752528707777399,-0.0260228801755032,-0.0118009444239551,-0.2868996525787849
0.0,1.0,23.334594067009206,3.1450051816574294,1.0,70.0,25.0,ZWE,1986,Zimbabwe,Lower middle income,Sub-Saharan Africa,1496041260.0,1338752892.0,0.0021730298408731,-0.0034613632616107,-0.8095412923702059,0.0764642499003829,-0.0257880517654507,-0.0116179816446451,-0.2771225888353408
0.0,1.0,23.346035732798466,3.178080110835944,-6.0,70.0,26.0,ZWE,1987,Zimbabwe,Lower middle income,Sub-Saharan Africa,1619777305.0,1434918067.0,0.0024521817708599,-0.003307915662444,-0.8195402446584048,0.0778063352553323,-0.017272993212294,-0.013045855969447,-0.2660246488060759
0.0,1.0,23.418843480478206,3.209718762250572,-6.0,70.0,27.0,ZWE,1988,Zimbabwe,Lower middle income,Sub-Saharan Africa,1856204058.0,1591902680.0,0.0032397057969925,-0.0040648601243338,-0.8080926312842736,0.078195079266032,-0.0175156289796452,-0.0141605173674455,-0.2283945285504942
0.0,1.0,23.469534374695517,3.238690920714099,-6.0,70.0,28.0,ZWE,1989,Zimbabwe,Lower middle income,Sub-Saharan Africa,1935204474.0,1800729748.0,0.0046316586173146,-0.0037554782626526,-0.8072246553429604,0.0770436555860988,-0.01803759598577,-0.0156052106617056,-0.205830686659188
0.0,1.0,23.53708603545735,3.265938074195103,-6.0,70.0,29.0,ZWE,1990,Zimbabwe,Lower middle income,Sub-Saharan Africa,2009607343.0,2003065404.0,0.0103415243235212,-0.0039695345565644,-0.7596900884303149,0.076563925059339,-0.0140520117439902,-0.0202454167907682,-0.180970877313759
0.0,1.0,23.590928011768295,3.2919870337898933,-6.0,70.0,30.0,ZWE,1991,Zimbabwe,Lower middle income,Sub-Saharan Africa,2065000000.0,2349000000.0,0.0160302020696402,-0.0039155801746243,-0.7484859520615622,0.0817805241927143,-0.0123400881723983,-0.0214284963701929,-0.1607249280515325
0.0,1.0,23.496446217934132,3.320214304090519,-6.0,70.0,31.0,ZWE,1992,Zimbabwe,Lower middle income,Sub-Saharan Africa,1839250000.0,2464500000.0,0.0150405397413761,-0.0032293750515251,-0.7953947214837503,0.0835520429816385,-0.01017699591553,-0.0215152218268652,-0.1118976341689479
0.0,1.0,23.506905910612016,3.334831091616657,-6.0,70.0,32.0,ZWE,1993,Zimbabwe,Lower middle income,Sub-Saharan Africa,2017500000.0,2131000000.0,0.0172557540757263,-0.0038260381079076,-0.7938311141628597,0.0851182066345201,-0.0106422417367123,-0.0226170351740151,-0.053705015675482
0.0,1.0,23.595239069553646,3.336014521782955,-6.0,70.0,33.0,ZWE,1994,Zimbabwe,Lower middle income,Sub-Saharan Africa,2385500000.0,2517750000.0,0.019492571483867,-0.0044653074472188,-0.7718908166033892,0.0809954234078901,-0.0115798956937075,-0.0233104643790523,-0.0219178202886253
0.0,0.0,23.596818079104715,3.3453016787377083,-6.0,70.0,34.0,ZWE,1995,Zimbabwe,Lower middle income,Sub-Saharan Africa,2720500000.0,2911500000.0,0.0165823615272773,0.0018917930230966,-0.8002488445369006,0.0856100450598175,-0.0121715209881665,-0.0353985157711172,0.0216714362253931
0.0,0.0,23.695401956030068,3.3619072507395167,-6.0,70.0,35.0,ZWE,1996,Zimbabwe,Lower middle income,Sub-Saharan Africa,3091750000.0,3075500000.0,0.0138527767879832,-0.0005354499993968,-0.705412175319844,0.0811055306536483,-0.0148282888320338,-0.0546098427259547,0.0719751496524182
0.0,0.0,23.721854912752192,3.380681350093651,-6.0,70.0,36.0,ZWE,1997,Zimbabwe,Lower middle income,Sub-Saharan Africa,3208250000.0,3807000000.0,0.010628483504239,-0.0015557190866583,-0.7089717354790889,0.0870403863415288,-0.0243722811382569,-0.0660615609193975,0.1247831810765709
0.0,0.0,23.75029864494831,3.400231597109022,-6.0,70.0,37.0,ZWE,1998,Zimbabwe,Lower middle income,Sub-Saharan Africa,2779500000.0,2890000000.0,0.0102902335576182,-0.0058386196352474,-0.6339416106645576,0.0798139049119202,-0.0261398002268593,-0.0924006609705201,0.114683688157589
0.0,0.0,23.742086809606516,3.4164149413604705,-3.0,70.0,38.0,ZWE,1999,Zimbabwe,Lower middle income,Sub-Saharan Africa,2566750000.0,2299500000.0,0.008216893103832,-0.0030859260114488,-0.7183300712673137,0.0861777069359292,-0.0314636684317746,-0.0767230009866438,0.1542992996882111
0.0,0.0,23.711017212287018,3.425588787918844,-3.0,70.0,39.0,ZWE,2000,Zimbabwe,Lower middle income,Sub-Saharan Africa,2554250000.0,2403500000.0,0.0064308720487038,-0.0032152033285428,-0.7797658868741602,0.0890572693599652,-0.0347565196896396,-0.0830002806045041,0.157588670834106
0.0,0.0,23.725310725504713,3.4322805787048805,-4.0,70.0,40.0,ZWE,2001,Zimbabwe,Lower middle income,Sub-Saharan Africa,2370500000.0,2233500000.0,0.0054924838536308,-0.0032163319722888,-0.7919799734197152,0.0901884504256846,-0.0393412469135415,-0.0856582246281555,0.1713310098756058
0.0,0.0,23.63216394393535,3.441902776424923,-4.0,70.0,41.0,ZWE,2002,Zimbabwe,Lower middle income,Sub-Saharan Africa,2020000000.0,2219250000.0,0.0043567426528037,-0.0026628972714459,-0.8812335187112205,0.0929153387757664,-0.0394706219297682,-0.0812914847577098,0.1617663680970824
0.0,0.0,23.445893704601065,3.4538001324872867,-4.0,70.0,42.0,ZWE,2003,Zimbabwe,Lower middle income,Sub-Saharan Africa,1856500000.0,2180750000.0,0.0020511375972997,-0.0023391477873169,-1.0072811688397867,0.098709581893905,-0.0352348725030344,-0.0769299684990092,0.2093202521903014
0.0,0.0,23.386063675522546,3.4646606189517075,-4.0,70.0,43.0,ZWE,2004,Zimbabwe,Lower middle income,Sub-Saharan Africa,2002250000.0,2414500000.0,0.0013930380575907,-0.0025317033456536,-1.079594667209668,0.0988464780413226,-0.0342697371428102,-0.0840339662935316,0.2779096189793623
0.0,0.0,23.32725713559135,3.474120583228487,-4.0,70.0,44.0,ZWE,2005,Zimbabwe,Lower middle income,Sub-Saharan Africa,1931750000.0,2447000000.0,0.0015024130186495,-0.0030811235862974,-1.1049076861309917,0.1006830524275753,-0.0333346797141813,-0.0928502646730692,0.3717527882473366
0.0,0.0,23.292028892009842,3.486303357026504,-4.0,70.0,45.0,ZWE,2006,Zimbabwe,Lower middle income,Sub-Saharan Africa,1958500000.0,2552500000.0,0.0013157902975649,-0.0038628990623628,-1.114655854114759,0.0986142588984773,-0.0327662649953054,-0.0991113329496899,0.4257117494116925
0.0,0.0,23.254811571609828,3.4994804099883177,-4.0,70.0,46.0,ZWE,2007,Zimbabwe,Lower middle income,Sub-Saharan Africa,2000500000.0,2456000000.0,0.0014418404938727,-0.0042443507104806,-1.103530857333151,0.1077196610495167,-0.0303686448398582,-0.108343664774626,0.5218614965490402
0.0,0.0,23.060389744997355,3.5115202832907424,-4.0,70.0,47.0,ZWE,2008,Zimbabwe,Lower middle income,Sub-Saharan Africa,1832000000.0,3006750000.0,0.0005934704227145,-0.004889658579824,-1.2766375796739011,0.1080543143462081,0.0073970241911463,-0.0749390083594693,0.7320747060142363
0.0,0.0,23.173893057637567,3.525591577287221,1.0,70.0,48.0,ZWE,2009,Zimbabwe,Lower middle income,Sub-Saharan Africa,1883500000.0,4090750000.0,0.0011308909095864,-0.0042640070550607,-1.0901870596136365,0.1144824176618292,-0.0296639015989521,-0.0939430851381473,0.7216274361748058
0.0,0.0,23.368242496282342,3.5417250093761883,1.0,70.0,49.0,ZWE,2010,Zimbabwe,Lower middle income,Sub-Saharan Africa,3571000000.0,6443500000.0,0.0019137380812919,-0.0035273131507158,-0.9075427229027055,0.10791625610417,-0.0232907734966591,-0.1069094312974007,0.8173344396447815
0.0,0.0,23.504696427592584,3.5594515236180553,1.0,70.0,50.0,ZWE,2011,Zimbabwe,Lower middle income,Sub-Saharan Africa,4910000000.0,7712750000.0,0.0030745400116832,-0.0034340007031348,-0.8482009295910017,0.1115589846359324,-0.0240782759010577,-0.1147111205886854,0.8150621049807576
0.0,0.0,23.6509146751189,3.57568217021339,1.0,70.0,51.0,ZWE,2012,Zimbabwe,Lower middle income,Sub-Saharan Africa,4308750000.0,8390500000.0,0.0037187703456271,-0.0039030776304601,-0.7778547504460877,0.1031829544416578,-0.0268919145075522,-0.1355567472761279,0.809572602517163
0.0,0.0,23.682381664210478,3.5897613873768064,4.0,70.0,52.0,ZWE,2013,Zimbabwe,Lower middle income,Sub-Saharan Africa,4199750000.0,7004000000.0,0.003448491590282,-0.0037494619506561,-0.7803501285345908,0.1022456562748776,-0.0282973810676074,-0.1303872248985931,0.8042059221523368
0.0,0.0,23.69711797565908,3.603478327701966,4.0,70.0,53.0,ZWE,2014,Zimbabwe,Lower middle income,Sub-Saharan Africa,4082500000.0,6581500000.0,0.0034668925935785,-0.0036137975893641,-0.7733387179945767,0.1010331950156211,-0.0285049559641831,-0.1357874191226855,0.8064343174274683
0.0,0.0,23.71715243879578,3.6168779205138093,4.0,70.0,54.0,ZWE,2015,Zimbabwe,Lower middle income,Sub-Saharan Africa,3827000000.0,7507750000.0,0.0035008031561225,-0.003476517442278,-0.7658939569897759,0.1017291046274316,-0.0272276083999548,-0.1354613455729408,0.8036161691317208
0.0,0.0,23.726121648846586,3.630759923372604,4.0,70.0,55.0,ZWE,2016,Zimbabwe,Lower middle income,Sub-Saharan Africa,4100250000.0,6430000000.0,0.0036739788631754,-0.0029334120544646,-0.7633233152925503,0.0997467401422306,-0.0271523748262687,-0.1343892978734299,0.8025203049702915
0.0,0.0,23.76611383266919,3.6451884617545005,4.0,70.0,56.0,ZWE,2017,Zimbabwe,Lower middle income,Sub-Saharan Africa,12584462151.0,15499601594.0,0.0040704688749279,-0.0066423207855325,-0.4406479096754646,0.0943071870385429,-0.0123299314534304,-0.139716712879258,0.9096569395366204
0.0,0.0,23.8149979617903,3.660062625536841,4.0,70.0,57.0,ZWE,2018,Zimbabwe,Lower middle income,Sub-Saharan Africa,8932843137.0,9691544118.0,0.0047097499464257,-0.0072787321829701,-0.4221579807531613,0.0870881064218259,-0.0131330235609881,-0.1676627211870474,0.9051341772402626
0.0,0.0,27.571918460333723,2.2041738018907338,5.0,57.0,31.0,RUS,1992,Russia,Upper middle income,Europe & Central Asia,286864000000.0,222111000000.0,0.0072449950490582,0.0023153749525768,2.8648162976126375,0.0314891181219881,-0.0251900867022711,0.1648381850884709,-0.2341611293142617
0.0,1.0,27.481243029034548,2.2038690271189014,3.0,57.0,32.0,RUS,1993,Russia,Upper middle income,Europe & Central Asia,166222000000.0,132674000000.0,0.0091150165079457,-0.0063765844181577,2.937334692583883,0.0358947240443511,-0.0183886324633767,0.1739758845539256,-0.1063247003535182
0.0,1.0,27.3469139791062,2.203822372935768,3.0,57.0,33.0,RUS,1994,Russia,Upper middle income,Europe & Central Asia,109667000000.0,91639498027.0,0.0080143842787124,-0.0077923336270381,2.9197994189721856,0.0222959423643416,-0.0192582197415133,0.1530642142930459,-0.0762603100892964
0.0,1.0,27.304595443153723,2.203785984590401,3.0,57.0,34.0,RUS,1995,Russia,Upper middle income,Europe & Central Asia,115849000000.0,102420000000.0,0.0075322516923562,-0.006533369109856,2.905832345610494,0.0172589213486149,-0.0211336869439189,0.1454688644803462,-0.0325344129784696
0.0,1.0,27.266322640808216,2.2023571129785506,3.0,57.0,35.0,RUS,1996,Russia,Upper middle income,Europe & Central Asia,102134000000.0,85589979710.0,0.0068645193738506,-0.0052464790286115,2.8824629291273185,0.0121627844704808,-0.0231661735568585,0.1390095303929315,-0.0030987968449716
0.0,1.0,27.280224574562013,2.2006615675571517,3.0,57.0,36.0,RUS,1997,Russia,Upper middle income,Europe & Central Asia,100138000000.0,91218668971.0,0.0063226386185303,-0.0037423712942525,2.842793992409853,0.0092817783111545,-0.0232754830598125,0.1357959449647975,0.0430549746744284
0.0,1.0,27.22576798535156,2.1988449231998644,3.0,57.0,37.0,RUS,1998,Russia,Upper middle income,Europe & Central Asia,84595569294.0,66522411128.0,0.0061872050413141,-0.0036997658214154,2.824964887253216,0.0048588841740623,-0.0240771161178848,0.1317422531936564,0.0488263596592575
0.0,0.0,27.287802372723863,2.1953121021652993,3.0,57.0,38.0,RUS,1999,Russia,Upper middle income,Europe & Central Asia,84670999188.0,51275385865.0,0.0057505422257222,0.0010615131760982,2.820423039812569,0.0068908713105897,-0.0233492782136155,0.1332525954003031,0.0733901738838815
0.0,0.0,27.38311344946772,2.191543549590844,6.0,57.0,39.0,RUS,2000,Russia,Upper middle income,Europe & Central Asia,114429000000.0,62417348027.0,0.0053085086893149,0.0006512348468633,2.7961793503568257,0.004558010152125,-0.0268569787677043,0.1310590375665055,0.1162567772196323
0.0,0.0,27.43285672151282,2.187357586402406,6.0,57.0,40.0,RUS,2001,Russia,Upper middle income,Europe & Central Asia,113116000000.0,74250942749.0,0.0052092622342467,0.0005004310638383,2.7905352492671653,0.0044952261301829,-0.0275399710495614,0.1290285613354334,0.1416653065642284
0.0,0.0,27.478785601001672,2.182726820109152,6.0,57.0,41.0,RUS,2002,Russia,Upper middle income,Europe & Central Asia,121649000000.0,84408293461.0,0.0051870918157435,-5.4063832208285195e-06,2.800718546394217,0.0053733556770032,-0.0271492170720188,0.13056366813568,0.1710895873195143
0.0,0.0,27.54924365443932,2.1781865715358375,6.0,57.0,42.0,RUS,2003,Russia,Upper middle income,Europe & Central Asia,151697000000.0,102760000000.0,0.0033954252793095,-0.0012515166227093,2.875666260781343,0.0169776764775878,-0.029753889571852,0.1250068570135973,0.3097420282245427
0.0,0.0,27.618768356519848,2.1741444953414955,6.0,57.0,43.0,RUS,2004,Russia,Upper middle income,Europe & Central Asia,203415000000.0,130993000000.0,0.0022534566115374,-0.0010831944069927,3.039678019160012,0.0299416452286669,-0.0350203057789684,0.088964795592179,0.591672270199827
0.0,0.0,27.680801266090572,2.170320200191363,6.0,57.0,44.0,RUS,2005,Russia,Upper middle income,Europe & Central Asia,268957000000.0,164341000000.0,0.0022988937739531,-0.0034338319902864,3.1521405033435776,0.0405660608848383,-0.031336227769366,0.0630522653072837,0.8029406855087137
0.0,1.0,27.759616596959184,2.167268586172264,6.0,57.0,45.0,RUS,2006,Russia,Upper middle income,Europe & Central Asia,333909000000.0,207915000000.0,0.0019385062981096,0.0049904500719893,3.2668540080161996,0.0491367484391781,-0.033141519130093,0.0639616859547898,0.9193964596676512
0.0,1.0,27.841192896433586,2.1655577658480327,4.0,57.0,46.0,RUS,2007,Russia,Upper middle income,Europe & Central Asia,392043000000.0,279983000000.0,0.001953705617052,0.005021961720671,3.296568791576867,0.0651620708830521,-0.0203148164518922,0.0580766255543191,0.9932537650372713
0.0,1.0,27.891891958103585,2.165171395567314,4.0,57.0,47.0,RUS,2008,Russia,Upper middle income,Europe & Central Asia,520004000000.0,366597000000.0,0.0018196826015192,0.0050298489694672,3.2959529065169244,0.0744071873497131,-0.0188153721324185,0.0647539277803483,1.0337285267438217
0.0,1.0,27.810680799746688,2.165472466141263,4.0,57.0,48.0,RUS,2009,Russia,Upper middle income,Europe & Central Asia,341584000000.0,250605000000.0,0.001823778165441,0.004675127251691,3.245299368835612,0.0647481000903831,-0.0218348442678243,0.0589867671264025,1.0436402141159904
0.0,1.0,27.854692527899804,2.1659214310174226,4.0,57.0,49.0,RUS,2010,Russia,Upper middle income,Europe & Central Asia,445513000000.0,322367000000.0,0.0018394398699752,0.0045822749385217,3.2438931902883836,0.0692122931990482,-0.0207746364847213,0.0592002745966286,1.0693548665911097
0.0,1.0,27.89679494583145,2.167101886419335,4.0,57.0,50.0,RUS,2011,Russia,Upper middle income,Europe & Central Asia,573991000000.0,408776000000.0,0.0018449401484347,0.0047901539507213,3.265682111995699,0.0689033005028431,-0.0197999447589915,0.0650802959407894,1.0804835834627384
0.0,1.0,27.936245911073456,2.169617643495131,4.0,57.0,51.0,RUS,2012,Russia,Upper middle income,Europe & Central Asia,594193000000.0,447048000000.0,0.0018548045954573,0.0048841040979784,3.28603128127993,0.064568005091046,-0.018373597637254,0.06826463018673,1.0889849456811649
0.0,1.0,27.95364794572771,2.172592678222192,4.0,57.0,52.0,RUS,2013,Russia,Upper middle income,Europe & Central Asia,592497000000.0,468622000000.0,0.0018845963792121,0.0049151262679573,3.292664190517598,0.0631152291677848,-0.018204086625073,0.0696152175059444,1.090366831944115
1.0,1.0,27.960986514635064,2.1755893526186854,4.0,57.0,53.0,RUS,2014,Russia,Upper middle income,Europe & Central Asia,558283000000.0,426062000000.0,-0.0154214622320006,0.004777596043769,3.289936208573457,0.0697667518485889,-0.0207113418721805,0.0711833721153436,1.1040252371641293
1.0,1.0,27.941061370990997,2.1783828733653037,4.0,57.0,54.0,RUS,2015,Russia,Upper middle income,Europe & Central Asia,391366000000.0,281640000000.0,-0.0154773575537313,0.004681654790266,3.275851203608714,0.0624616830128003,-0.021220057056096,0.0693912600796192,1.0982710429180926
1.0,1.0,27.942995720949362,2.180970383981761,4.0,57.0,55.0,RUS,2016,Russia,Upper middle income,Europe & Central Asia,330107000000.0,263830000000.0,-0.0154733057258099,0.0046621650199902,3.276073991337127,0.0622154056163172,-0.021404895739122,0.0695035717470442,1.097351763363388
1.0,1.0,27.96108716237525,2.182884209229602,4.0,57.0,56.0,RUS,2017,Russia,Upper middle income,Europe & Central Asia,410722000000.0,327207000000.0,-0.0155656774800612,0.0042746268760231,3.2853460915917876,0.0621701074376975,-0.0214993695753591,0.0710081636023899,1.0990438850135795
1.0,1.0,27.98877947276352,2.1836055653890667,4.0,57.0,57.0,RUS,2018,Russia,Upper middle income,Europe & Central Asia,510346000000.0,344520000000.0,-0.0155636616268368,0.0042830995494696,3.287051547555704,0.0616556225818156,-0.0216269543914963,0.0695188905333455,1.1010930779185488
0.0,0.0,25.027645647594824,0.4233459599108163,-10.0,58.0,7.0,SAU,1968,Saudi Arabia,High income,Middle East & North Africa,1998980667.0,1035019956.0,0.0007139974288741,0.0012102756635587,0.5611453142662708,0.0463606747187261,0.0388291889681898,-0.0344084667734338,-2.3127423554825746
0.0,0.0,25.08627191214009,0.4634726896364893,-10.0,58.0,8.0,SAU,1969,Saudi Arabia,High income,Middle East & North Africa,2161704511.0,1118868489.0,-0.0006349366294679,0.0011953297015533,0.613615581717621,0.0467897434063491,0.0368167100942683,-0.0223353817891778,-2.2823370004125945
0.0,0.0,25.547788396808702,0.5051304787706454,-10.0,58.0,9.0,SAU,1970,Saudi Arabia,High income,Middle East & North Africa,2731777778.0,1159555556.0,0.001815375673506,0.0011236152521821,1.1986530466003578,0.061637568767301,-0.0158898981028837,0.0185914424326056,-1.8989678457919912
0.0,0.0,25.73436768885431,0.5494830382963881,-10.0,58.0,10.0,SAU,1971,Saudi Arabia,High income,Middle East & North Africa,3878685816.0,1287323408.0,0.0024429097375089,0.0007629041411983,1.318479234929023,0.0855520514997208,-0.0118420979470857,0.048966135948267,-1.8344896614022697
0.0,0.0,25.940817734692,0.5971190116631292,-10.0,58.0,11.0,SAU,1972,Saudi Arabia,High income,Middle East & North Africa,5951621243.0,1765847084.0,0.0020407092692813,0.0005199163376434,1.4694504457301352,0.1005943983189052,0.0044459801286009,0.0746619807200239,-1.70942964235889
0.0,0.0,26.157302201564384,0.6472094489838284,-10.0,58.0,12.0,SAU,1973,Saudi Arabia,High income,Middle East & North Africa,14903189968.0,3126324499.0,0.001215945340926,0.0052789582352554,1.722913930125078,0.1610003608069359,0.1259439819241713,0.0623109178550658,-1.0645047702594304
0.0,0.0,26.307686530383013,0.6987721442474314,-10.0,58.0,13.0,SAU,1974,Saudi Arabia,High income,Middle East & North Africa,28581126761.0,5995492958.0,0.0019114690573434,0.0100832998389981,1.8568089330424036,0.1532476479154635,0.222870014101547,0.0752859006374952,-0.7297497872208556
0.0,0.0,26.214160325081004,0.7511843915611969,-10.0,58.0,14.0,SAU,1975,Saudi Arabia,High income,Middle East & North Africa,34300542527.0,10165134756.0,0.002028228632601,0.0112303687158944,1.8226113365968464,0.1523284453146822,0.2395599849577156,0.0816144687007922,-0.6459654704985797
0.0,0.0,26.378155642179696,0.8049436162325286,-10.0,58.0,15.0,SAU,1976,Saudi Arabia,High income,Middle East & North Africa,38230311615.0,15522379603.0,0.0042612275690924,0.0106367461014425,1.9038015662080845,0.1674503294931044,0.2195101061370986,0.0830767819079454,-0.5929007465081662
0.0,0.0,26.446687526854962,0.86058743591884,-10.0,58.0,16.0,SAU,1977,Saudi Arabia,High income,Middle East & North Africa,42599781848.0,24156717678.0,0.0060135858994332,0.0103012561045448,2.0424740107365755,0.1563065161928786,0.1886786413672672,0.1101624765797401,-0.5557117275599769
0.0,0.0,26.39307779203146,0.9177181977597733,-10.0,58.0,17.0,SAU,1978,Saudi Arabia,High income,Middle East & North Africa,39584805337.0,33389007172.0,0.0063255623763047,0.012011342254995,1.91810372097252,0.1764656243590572,0.1797991335308994,0.0911009650591599,-0.4697067364740326
0.0,0.0,26.505686957118964,0.9757910908851104,-10.0,58.0,18.0,SAU,1979,Saudi Arabia,High income,Middle East & North Africa,61361500126.0,38304743729.0,0.0167793542946532,0.0072527464232343,2.317354353949879,0.1554855461552549,0.1095083487792193,0.1320488620092209,-0.4871617224341359
0.0,1.0,26.560672616577314,1.0344034969860285,-10.0,58.0,19.0,SAU,1980,Saudi Arabia,High income,Middle East & North Africa,104410000000.0,44919924659.0,0.0216763625866659,-0.0075761190008112,2.5053529397792964,0.1796499811290441,0.0737720568153915,0.1742906233362306,-0.2962325466961454
0.0,1.0,26.57991531072137,1.0941802938724137,-10.0,58.0,20.0,SAU,1981,Saudi Arabia,High income,Middle East & North Africa,115769000000.0,55459144516.0,0.0227412394587683,0.0009081844855024,2.624772490004582,0.1697358907256371,0.0519547601326228,0.1811865568623321,-0.2461232505825404
0.0,1.0,26.347604591167062,1.15519338109382,-10.0,58.0,21.0,SAU,1982,Saudi Arabia,High income,Middle East & North Africa,77741454554.0,59945084420.0,0.0064331216981484,-0.0109106426738738,1.9345935562553944,0.2020758620716121,0.0287827361010215,0.1128431260370433,-0.1479523965180434
0.0,1.0,26.172641965409003,1.2160833959762003,-10.0,58.0,22.0,SAU,1983,Saudi Arabia,High income,Middle East & North Africa,49690593343.0,61584659913.0,0.005295917222729,-0.012766106128877,1.8346227008032692,0.1646254107306603,0.0195544862027209,0.0997366693165701,-0.1644348172279547
0.0,1.0,26.124906645726348,1.2755468817926143,-10.0,58.0,23.0,SAU,1984,Saudi Arabia,High income,Middle East & North Africa,41296821793.0,54097332577.0,0.0052069465004078,-0.0124794057343534,1.810407115455483,0.1437616369590649,0.0177377643062541,0.0993343945789053,-0.160894316783337
0.0,1.0,26.021823174699055,1.332912539909321,-10.0,58.0,24.0,SAU,1985,Saudi Arabia,High income,Middle East & North Africa,31243235781.0,38070679183.0,0.0053683086789244,-0.0166293851000735,1.7365601699979116,0.0722753923717825,0.0105197906296982,0.0951090184355293,-0.2048558256157046
0.0,1.0,26.178937318269217,1.389763141189955,-10.0,58.0,25.0,SAU,1986,Saudi Arabia,High income,Middle East & North Africa,23221442074.0,31120442884.0,0.0045296675976705,-0.015048465844779,1.7611214346182282,0.0711390166003823,0.0035158798483932,0.0971209175592939,-0.1989072396621412
0.0,1.0,26.110312687026724,1.446263297197877,-10.0,58.0,26.0,SAU,1987,Saudi Arabia,High income,Middle East & North Africa,26447263017.0,31821094793.0,0.0041980557718575,-0.0153159535184759,1.7302560251723769,0.0685382695627612,-0.0025703901051605,0.0939224978279973,-0.1689528747676028
0.0,1.0,26.233495924465842,1.4994728681864207,-10.0,58.0,27.0,SAU,1988,Saudi Arabia,High income,Middle East & North Africa,27645126836.0,31068624833.0,0.0040401689909233,-0.014963035548733,1.741727384104173,0.0683916091752061,-0.0086412676255118,0.0944294141414649,-0.1295033147346874
0.0,1.0,26.2284510207064,1.5500191208995249,-10.0,58.0,28.0,SAU,1989,Saudi Arabia,High income,Middle East & North Africa,32174632844.0,36304672897.0,0.0042329899444999,-0.014630310835736,1.731072991831632,0.0652764438566271,-0.0102241969059286,0.0934318058600853,-0.1121598070866482
0.0,1.0,26.369895780098304,1.5993617796822053,-10.0,58.0,29.0,SAU,1990,Saudi Arabia,High income,Middle East & North Africa,47445927904.0,36904405874.0,0.0052459630567868,-0.0162340693712495,1.812018867078404,0.0772269020313335,-0.014519453224859,0.1051238282442112,-0.0810517314516428
0.0,1.0,26.509724471771182,1.6470789757125919,-10.0,58.0,30.0,SAU,1991,Saudi Arabia,High income,Middle East & North Africa,50652603471.0,48117222964.0,0.0135920563729185,-0.0064579809187461,2.320061293592341,0.0409550006894062,-0.0037458036008614,0.1307070360214204,-0.145833398260694
0.0,1.0,26.548826319682508,1.69312574382627,-10.0,58.0,31.0,SAU,1992,Saudi Arabia,High income,Middle East & North Africa,53610680908.0,49331375167.0,0.0116155389363882,-0.0054247731742787,2.357945221995325,0.0366404818647538,-0.0093307572610791,0.1270965894304112,-0.0977633954226269
0.0,1.0,26.535095215685747,1.7374116255036478,-10.0,58.0,32.0,SAU,1993,Saudi Arabia,High income,Middle East & North Africa,45678237650.0,44483311081.0,0.0086471116733898,-0.0075581233084878,2.3147269493264084,0.0433723360605408,-0.0209891330793177,0.1125056758166973,-0.0572570000318035
0.0,1.0,26.54066564572273,1.7802107632303192,-10.0,58.0,33.0,SAU,1994,Saudi Arabia,High income,Middle East & North Africa,45960747664.0,35240587450.0,0.0073610394485979,-0.0079826119875971,2.3275832694686693,0.0349963365646497,-0.0271605288430258,0.1097483403209471,-0.0159784535285008
0.0,1.0,26.54278481008521,1.821631415800491,-10.0,58.0,34.0,SAU,1995,Saudi Arabia,High income,Middle East & North Africa,53521228304.0,39711615487.0,0.0064903278141706,-0.0068719260571078,2.3207024817280413,0.032090169300422,-0.0301975957393563,0.1046714660633396,0.0256342540245633
0.0,1.0,26.568816934898372,1.8615894545929499,-10.0,58.0,35.0,SAU,1996,Saudi Arabia,High income,Middle East & North Africa,63501201602.0,42253404539.0,0.0060746303617297,-0.0051850043846315,2.3617345575024857,0.0291498778926443,-0.0270462908414041,0.1040822335139369,0.0473991685454334
0.0,1.0,26.579795149361683,1.9001629757892429,-10.0,58.0,36.0,SAU,1997,Saudi Arabia,High income,Middle East & North Africa,64989052069.0,43199465955.0,0.0062161609543955,-0.0044849004285998,2.37635970702991,0.0209721945991652,-0.0207472050712599,0.1054346091444829,0.0721823707524347
0.0,1.0,26.608319316760387,1.9375253861152002,-10.0,58.0,37.0,SAU,1998,Saudi Arabia,High income,Middle East & North Africa,43493066667.0,38830933333.0,0.0062252406325472,-0.004126159199992,2.3906335657942006,0.0191284057924387,-0.0197872935470153,0.105274143141441,0.0646300379762963
0.0,1.0,26.56995891492652,1.9737131404437411,-10.0,58.0,38.0,SAU,1999,Saudi Arabia,High income,Middle East & North Africa,56061600000.0,37485333333.0,0.003582309852995,-0.0022256514160812,2.286818857524759,0.0253238913498867,-0.0237568413486685,0.0978990591814284,0.1270759379766343
0.0,1.0,26.624688054729585,2.018311464923823,-10.0,58.0,39.0,SAU,2000,Saudi Arabia,High income,Middle East & North Africa,82259466667.0,46926133333.0,0.0042777971957138,-0.0020653830270084,2.373821877072841,0.0221080517921093,-0.0169012033702932,0.1083352614286072,0.1415132644614418
0.0,1.0,26.612506610340375,2.0703218559704504,-10.0,58.0,40.0,SAU,2001,Saudi Arabia,High income,Middle East & North Africa,72980533333.0,44058400000.0,0.0042162254803935,-0.0016729390686876,2.360400103528755,0.0241834826033412,-0.0192974346562452,0.1069789989992557,0.1687188013824174
0.0,1.0,26.58390960012284,2.1200863786286153,-10.0,58.0,41.0,SAU,2002,Saudi Arabia,High income,Middle East & North Africa,77641333333.0,44830400000.0,0.0041695545910337,-0.0012304713349798,2.3396641545210146,0.0262214744357372,-0.0219384506669633,0.1075311904504327,0.204510306190623
0.0,0.0,26.6904479373345,2.1678290933586326,-10.0,58.0,42.0,SAU,2003,Saudi Arabia,High income,Middle East & North Africa,98956800000.0,51744266667.0,0.0039537096555478,0.0010106017796876,2.417494642426527,0.032252514251445,-0.0202540203299783,0.1172338316685259,0.2907523858509821
0.0,0.0,26.767023928025495,2.213744550172876,-10.0,58.0,43.0,SAU,2004,Saudi Arabia,High income,Middle East & North Africa,131921000000.0,62350400000.0,0.0046031115343659,0.0016148293796023,2.6116568457896667,0.0428702338951124,-0.0099170389496772,0.1281491263908572,0.5165199752023247
0.0,0.0,26.82126595905949,2.258018444646821,-10.0,58.0,44.0,SAU,2005,Saudi Arabia,High income,Middle East & North Africa,187389000000.0,81797389982.0,0.0059031205899912,-0.0001610379076132,2.718072334556618,0.0678482977915357,0.0016902985243515,0.1238263911994175,0.6890944256070105
0.0,0.0,26.848767273893667,2.300827202509536,-10.0,58.0,45.0,SAU,2006,Saudi Arabia,High income,Middle East & North Africa,225507000000.0,113495000000.0,0.0054426825685555,0.0001898527513382,2.7510131875204342,0.0762476683207312,0.0070436110032094,0.1251378564715569,0.7554279775066841
0.0,0.0,26.867069423852385,2.342321713428892,-10.0,58.0,46.0,SAU,2007,Saudi Arabia,High income,Middle East & North Africa,249318000000.0,145279000000.0,0.0052631590596695,0.0001745457296587,2.744511556987209,0.0783477125511737,0.0051192547614621,0.1238433797436693,0.8202084854726855
0.0,0.0,26.927692277761466,2.382609278649897,-10.0,58.0,47.0,SAU,2008,Saudi Arabia,High income,Middle East & North Africa,322854000000.0,176685000000.0,0.0052721665394242,0.0009380008883905,2.7473588588745272,0.0940919963887249,0.0136640003998533,0.1243014624312791,0.8684910692400389
0.0,0.0,26.906884690531694,2.4217582260172317,-10.0,58.0,48.0,SAU,2009,Saudi Arabia,High income,Middle East & North Africa,202056000000.0,162069000000.0,0.005333267391396,0.0009678751859282,2.7118508158064323,0.0886040594619504,0.0095912293246448,0.1273963056303327,0.8721962199866446
0.0,0.0,26.956051713900944,2.4118334077574004,-10.0,58.0,49.0,SAU,2010,Saudi Arabia,High income,Middle East & North Africa,261831000000.0,174203000000.0,0.0050617217254874,0.0010232719229654,2.72482659072053,0.0952664025221989,0.0149185238703026,0.1246984633701313,0.90419224913492
0.0,0.0,27.051332969322708,2.4572201240757234,-10.0,58.0,50.0,SAU,2011,Saudi Arabia,High income,Middle East & North Africa,376224000000.0,197978000000.0,0.0050523512976912,0.0019143186167494,2.74674363083817,0.1021443252183287,0.0159301838472798,0.125968919398573,0.9256844762197952
0.0,0.0,27.10403392814302,2.499246546904573,-10.0,58.0,51.0,SAU,2012,Saudi Arabia,High income,Middle East & North Africa,399419000000.0,215206000000.0,0.0046419640699904,0.0007335054509605,2.7911760213720833,0.0957426724925213,0.0178904200683284,0.1206910787288575,0.9428244047030386
0.0,0.0,27.13066878855564,2.5533614594345275,-10.0,58.0,52.0,SAU,2013,Saudi Arabia,High income,Middle East & North Africa,387745000000.0,229995000000.0,0.0025918046056091,-0.0014192260027328,2.9635534095227736,0.0669683107439295,-0.0037509450185011,0.0748723060475836,1.0017151937158828
0.0,0.0,27.166542992917613,2.5778657733271992,-10.0,58.0,53.0,SAU,2014,Saudi Arabia,High income,Middle East & North Africa,354973000000.0,259007000000.0,0.0018912663460368,-0.0024686669419857,3.0546970695453597,0.0348001059975585,-0.0088689114419725,0.0514235845165341,1.0317496883107633
0.0,0.0,27.206785947243656,2.629734328035643,-10.0,58.0,54.0,SAU,2015,Saudi Arabia,High income,Middle East & North Africa,218010000000.0,247307000000.0,0.0018946790138796,-0.0030285358207426,2.992546148679586,-0.0455277910950633,-0.0110210883162774,0.0488236681789054,0.9937390853570552
0.0,0.0,27.223353584265183,2.6671849820366766,-10.0,58.0,55.0,SAU,2016,Saudi Arabia,High income,Middle East & North Africa,200877000000.0,198365000000.0,0.0018868423202846,-0.0027645141934955,2.9782130089496386,-0.0660391965538872,-0.0105775211946314,0.0474126931259773,0.9839363358765604
0.0,0.0,27.215911650152645,2.6679328082918583,-10.0,58.0,56.0,SAU,2017,Saudi Arabia,High income,Middle East & North Africa,239893000000.0,201398000000.0,0.0019102059684354,-0.0026040846386625,2.9767529505305905,-0.0660708500601246,-0.0107129701874662,0.0472916693941735,0.9855007273235036
1.0,0.0,27.240742113004607,2.6423951251158764,-10.0,58.0,57.0,SAU,2018,Saudi Arabia,High income,Middle East & North Africa,314917000000.0,209069000000.0,-0.01526730809185,-0.0028914657812983,2.994202666566191,-0.0379565673290096,-0.0139353326247541,0.0478906296324489,1.0113995260720223
0.0,0.0,21.00853458717729,3.514172226101052,6.0,59.0,3.0,SLE,1964,Sierra Leone,Low income,Sub-Saharan Africa,108122255.1,109755521.8,0.001979167144184,0.0026699467847194,-2.5363402463297513,0.0714926488942662,0.0052853010997518,0.0637492342289812,-1.302790538523781
0.0,0.0,21.07787551899922,3.5322702036020845,6.0,59.0,4.0,SLE,1965,Sierra Leone,Low income,Sub-Saharan Africa,103739958.5,112419955.0,0.0019900458540367,0.0026838809425425,-2.5467995917423583,0.0671532078561221,0.0051813256363352,0.0625609096479564,-1.2909870972343538
0.0,0.0,21.094732636284284,3.5507211366198055,6.0,59.0,5.0,SLE,1966,Sierra Leone,Low income,Sub-Saharan Africa,104299958.3,118719952.5,0.0019937426791792,0.0027037042544914,-2.55350330282753,0.066443395630643,0.005553287969509,0.062337358539519,-1.2828707474755452
0.0,0.0,21.09509538558604,3.5695303547884873,-7.0,59.0,6.0,SLE,1967,Sierra Leone,Low income,Sub-Saharan Africa,94448134.3,109222915.5,0.0021186464973166,0.0036164663343325,-2.652817782363237,0.0682328693369074,-0.0168093348500812,0.0689639746012492,-1.2565997710136754
0.0,0.0,21.115093325346283,3.5885293019842264,1.0,59.0,7.0,SLE,1968,Sierra Leone,Low income,Sub-Saharan Africa,78120031.25,88560035.42,0.0018424963159618,0.0032410284550545,-2.6003540488177004,0.0568595784641808,-0.0001399655909548,0.0524132130467445,-1.2624075425884689
0.0,0.0,21.19690781810534,3.607431428944169,1.0,59.0,8.0,SLE,1969,Sierra Leone,Low income,Sub-Saharan Africa,112920045.2,102960041.2,0.0018827752251764,0.0034899800710964,-2.607866822095741,0.0563243372376101,0.000562884216863,0.0477105457220122,-1.2402040058310226
0.0,0.0,21.279597725639274,3.626384101618375,1.0,59.0,9.0,SLE,1970,Sierra Leone,Low income,Sub-Saharan Africa,134760053.9,127200050.9,0.0021169376753516,0.0038478118142486,-2.626228603183326,0.059226406818674,-0.0045306745467687,0.063562046312947,-1.1020437657609763
0.0,0.0,21.313669788763026,3.644989669933208,-6.0,59.0,10.0,SLE,1971,Sierra Leone,Low income,Sub-Saharan Africa,131184001.8,135877741.3,0.0024696431166457,0.004294514910155,-2.6926493426899887,0.0563566406185095,-0.0028649111910349,0.0789899048310655,-1.0320391482973863
0.0,0.0,21.3226318555083,3.6633371109235036,-6.0,59.0,11.0,SLE,1972,Sierra Leone,Low income,Sub-Saharan Africa,129248659.4,135117922.2,0.0024933678509368,0.0044975609686315,-2.7479892857691426,0.0470289774309228,-0.0046354791534267,0.0794754795586777,-0.9688503384644048
0.0,0.0,21.344947188815464,3.6818427706247916,-6.0,59.0,12.0,SLE,1973,Sierra Leone,Low income,Sub-Saharan Africa,141729814.2,134624948.9,0.0033607876046,0.0045730172099865,-2.901578000232475,0.0353723135075809,-0.0073963831238457,0.0756659319032154,-0.7762451633226681
0.0,0.0,21.37934695646215,3.7003330754990738,-6.0,59.0,13.0,SLE,1974,Sierra Leone,Low income,Sub-Saharan Africa,156290000.4,169499252.4,0.0082906177116409,0.0058877921038977,-2.9862126841294225,0.0291063811724768,-0.0177357598311653,0.0806847957647659,-0.6498302251571834
0.0,0.0,21.395901338992765,3.718721018073647,-6.0,59.0,14.0,SLE,1975,Sierra Leone,Low income,Sub-Saharan Africa,170571070.2,234175717.0,0.0099238242995803,0.0064808810277139,-3.020146415977973,0.0235964150790609,-0.0252020422483834,0.077533865944611,-0.5806601488929297
0.0,0.0,21.391399457080237,3.7367653845872746,-6.0,59.0,15.0,SLE,1976,Sierra Leone,Low income,Sub-Saharan Africa,128140613.2,172082240.0,0.010538574219638,0.0053517114116968,-3.049758210808109,0.018843392351428,-0.0247385038659019,0.0509917600734548,-0.531966104553906
0.0,0.0,21.391866106151046,3.7552586793345752,-6.0,59.0,16.0,SLE,1977,Sierra Leone,Low income,Sub-Saharan Africa,136415176.6,184910597.5,0.010871624022574,0.0056649161824212,-3.0638855516288483,0.0083848792318917,-0.0304416719331935,0.0492501263292859,-0.4613613933576845
0.0,0.0,21.415644468748404,3.774570544366817,-7.0,59.0,17.0,SLE,1978,Sierra Leone,Low income,Sub-Saharan Africa,190441625.9,230650213.9,0.0114796156350887,0.0066493936350095,-3.058188680455431,0.0080399770918319,-0.0298333758666609,0.0511968264049287,-0.4148693649322871
0.0,0.0,21.45976915309709,3.7940837854256224,-7.0,59.0,18.0,SLE,1979,Sierra Leone,Low income,Sub-Saharan Africa,220819890.8,300481565.2,0.012086739251972,0.0087267311057228,-3.191169973783356,0.0110344684371517,-0.0339311146101273,0.0487307326160423,-0.3101430063959779
0.0,0.0,21.507067764854416,3.814020898597238,-7.0,59.0,19.0,SLE,1980,Sierra Leone,Low income,Sub-Saharan Africa,251666984.2,420651552.7,0.0122624219002605,0.0072956179424644,-3.1415087465331304,0.0045077943980225,-0.0351065752423281,0.0388487368502511,-0.28326646824593
0.0,0.0,21.535474725091017,3.8342456712074533,-7.0,59.0,20.0,SLE,1981,Sierra Leone,Low income,Sub-Saharan Africa,256578379.8,443016133.2,0.0120983212461671,0.0050291651640312,-3.1002745398581566,0.0076451953073033,-0.0376243808914877,0.0307501555969163,-0.3003646239285708
0.0,0.0,21.58218420734251,3.854771584392574,-7.0,59.0,21.0,SLE,1982,Sierra Leone,Low income,Sub-Saharan Africa,204093165.9,335930246.6,0.0116539779259641,0.0048911249068639,-2.935715874743197,0.0090539270434547,-0.0324329052691622,0.0246280226989468,-0.346508732599305
0.0,0.0,21.560931953511922,3.876097450217841,-7.0,59.0,22.0,SLE,1983,Sierra Leone,Low income,Sub-Saharan Africa,110166390.0,219271957.7,0.0115609912645787,0.0034453724174552,-3.152710801494169,-0.0215669336955963,-0.0424336820615013,0.0240745628469485,-0.3318356196115388
0.0,0.0,21.60104682689933,3.8980038873975014,-7.0,59.0,23.0,SLE,1984,Sierra Leone,Low income,Sub-Saharan Africa,115540150.2,134903085.7,0.011596745663168,0.0028756413741411,-2.9460714418298335,-0.0188513152858386,-0.0389240952765872,0.0194840515235552,-0.3409769026821628
0.0,0.0,21.546470882036022,3.9201467484910246,-7.0,59.0,24.0,SLE,1985,Sierra Leone,Low income,Sub-Saharan Africa,127012171.2,142324303.1,0.0116349455637944,0.0009661472423118,-3.175925880581829,-0.0307029127655367,-0.0503698082061402,0.0204843066353165,-0.3154900108093967
0.0,0.0,21.558755584594685,3.94456610265559,-7.0,59.0,25.0,SLE,1986,Sierra Leone,Low income,Sub-Saharan Africa,58414118.82,73576932.64,0.0113943125793238,0.00057438517483,-3.211132212444234,-0.0472110343079724,-0.0539620717484624,0.0180763323243558,-0.334531074725393
0.0,0.0,21.62857329043674,3.9713834510045314,-7.0,59.0,26.0,SLE,1987,Sierra Leone,Low income,Sub-Saharan Africa,210997855.7,153071115.9,0.0114225162120381,0.0018542904223892,-2.790651058202503,-0.0057710590521542,-0.0467996170295079,0.0030442859851916,-0.1649287288275714
0.0,0.0,21.555142012226902,3.9983804095574658,-7.0,59.0,27.0,SLE,1988,Sierra Leone,Low income,Sub-Saharan Africa,303069447.0,151842283.3,0.0086226313154795,-0.0002031524698942,-3.1027988757706373,0.000964506841474,-0.0613824550985801,0.0126813448586451,-0.1379079711344523
0.0,0.0,21.56241549629576,4.023359891276093,-7.0,59.0,28.0,SLE,1989,Sierra Leone,Low income,Sub-Saharan Africa,223145470.0,164863825.6,0.0078704545705067,-0.0003146648042247,-3.087429900441819,0.0088727982410687,-0.0619120145319276,0.0120013242172797,-0.1151684000183057
0.0,0.0,21.595366576875723,4.062921281577102,-7.0,59.0,29.0,SLE,1990,Sierra Leone,Low income,Sub-Saharan Africa,225360854.7,220884011.5,0.0084611336109324,0.0005989080764804,-2.8843324581575747,-0.0004753507467418,-0.0487422774869215,0.0034188147493982,-0.0902489101369383
0.0,0.0,21.61861385919744,4.0746325237926255,-6.0,59.0,30.0,SLE,1991,Sierra Leone,Low income,Sub-Saharan Africa,243739503.8,226153231.5,0.009160550860174,0.0015612480083715,-2.832998483472907,0.0019352147441105,-0.0462760363533857,0.0005469141422752,-0.0739194712977303
0.0,0.0,21.40773343719261,4.055636472801486,-7.0,59.0,31.0,SLE,1992,Sierra Leone,Low income,Sub-Saharan Africa,214799716.5,223713664.4,0.0095935661742249,0.0008838409838898,-3.3072868974026366,0.0232370594890818,-0.0647980824915648,0.0379957422008212,-0.0263082667314238
0.0,0.0,21.421385318105234,4.053417212152144,-7.0,59.0,32.0,SLE,1993,Sierra Leone,Low income,Sub-Saharan Africa,186700713.2,219721601.0,0.0096599263019888,0.0011929144943928,-3.3554362258004975,0.0240092663039698,-0.0680566679421386,0.0387865055981341,0.0077483125737837
0.0,0.0,21.401719361542348,4.057252642765464,-7.0,59.0,33.0,SLE,1994,Sierra Leone,Low income,Sub-Saharan Africa,269102157.7,233877015.4,0.009598344037783,0.0017251826512011,-3.3646415540837085,0.0256262311998658,-0.0701155011855846,0.0365542113485555,0.0294831895062762
0.0,0.0,21.318340434126107,4.0587070955795586,-7.0,59.0,34.0,SLE,1995,Sierra Leone,Low income,Sub-Saharan Africa,161857005.1,230230821.4,0.0085331280226369,0.0012660109053885,-3.3812508194775166,0.0042554394719536,-0.0529696742063402,0.0175640446585484,0.05033362727677
0.0,0.0,21.335726628631186,4.063488692056533,4.0,59.0,35.0,SLE,1996,Sierra Leone,Low income,Sub-Saharan Africa,164283418.0,302762367.3,0.0070725902771908,0.0004769760609065,-3.3931701182531606,0.003970258970867,-0.0415139969071529,0.0076918485928461,0.0593712429129602
0.0,0.0,21.275158008687022,4.076385233586619,0.0,59.0,36.0,SLE,1997,Sierra Leone,Low income,Sub-Saharan Africa,112228128.3,128200896.0,0.0055002815819291,-0.0004365198676384,-3.4533011726611087,0.0047520232162943,-0.0498266101654161,-0.0001375748554544,0.1047334300908152
0.0,0.0,21.292850708600184,4.086226589128948,0.0,59.0,37.0,SLE,1998,Sierra Leone,Low income,Sub-Saharan Africa,94545470.82,143020226.2,0.0052391289194282,-0.0005872243272138,-3.476401110438253,0.0051023359296788,-0.0440406949923138,-0.0001509234751231,0.1019925223698075
0.0,0.0,21.27285935039507,4.091394570104227,0.0,59.0,38.0,SLE,1999,Sierra Leone,Low income,Sub-Saharan Africa,92562056.76,133350330.8,0.0046524600221974,-0.0009925387766669,-3.4994188560878934,0.0056100865403333,-0.0401532639202406,-0.0012778568727223,0.1056939416619943
0.0,0.0,21.33726718693495,4.11554861066355,0.0,59.0,39.0,SLE,2000,Sierra Leone,Low income,Sub-Saharan Africa,115313377.5,250500328.6,0.0038031127979352,-0.0013442495901943,-3.5232562822811753,0.0075624139988874,-0.0398645151995332,0.0022498541199142,0.1298136690952428
0.0,0.0,21.271709958696498,4.1746037990668885,2.0,59.0,40.0,SLE,2001,Sierra Leone,Low income,Sub-Saharan Africa,133738471.4,470552283.5,0.0035156092124547,-0.0013496576865012,-3.53957375506529,0.0070388328865848,-0.0438321204462642,-0.0008918783984359,0.1553271674323947
0.0,0.0,21.50612824379868,4.232300810529929,5.0,59.0,41.0,SLE,2002,Sierra Leone,Low income,Sub-Saharan Africa,167621820.3,584978280.5,0.0030553892544243,-0.0014738064957069,-3.4990332873009966,0.0334293151245139,-0.0175207195303702,0.0256624832666833,0.1883323416153651
0.0,0.0,21.59517449096715,4.272950711262139,5.0,59.0,42.0,SLE,2003,Sierra Leone,Low income,Sub-Saharan Africa,301792804.1,693376923.3,0.0023457126969554,-0.001131179347821,-3.032008580550161,0.0134917552530593,-0.0232522854139787,-0.0039216942212363,0.3633064846568508
0.0,0.0,21.65906853780128,4.30675686820612,5.0,59.0,43.0,SLE,2004,Sierra Leone,Low income,Sub-Saharan Africa,373227342.3,659802198.7,0.00206763740323,-0.0006698653818679,-3.015802247343492,0.015006469731332,-0.024535406825878,-0.0097415616457313,0.4507296469773402
0.0,0.0,21.703134184186023,4.333651596321554,5.0,59.0,44.0,SLE,2005,Sierra Leone,Low income,Sub-Saharan Africa,453725410.0,756501688.1,0.0019840493647627,-0.0011678602675951,-3.0041116758473345,0.009635225223156,-0.0192902764487097,-0.013782998201768,0.5188369246295026
0.0,0.0,21.74450560487227,4.355718289988001,5.0,59.0,45.0,SLE,2006,Sierra Leone,Low income,Sub-Saharan Africa,310411123.4,410502652.2,0.0018147188444704,-0.001831640611441,-3.026909715483917,0.0051069388676539,-0.0212128016126823,-0.0159176570062155,0.5412126452384164
0.0,0.0,21.822004882247224,4.377679432518081,7.0,59.0,46.0,SLE,2007,Sierra Leone,Low income,Sub-Saharan Africa,328699384.2,463532389.6,0.0017997685504932,-0.0021930661593358,-3.0392044757327135,0.0020412263288042,-0.0102400781832579,-0.0203485636901456,0.5799886533904522
0.0,0.0,21.874581062988383,4.402649654032918,7.0,59.0,47.0,SLE,2008,Sierra Leone,Low income,Sub-Saharan Africa,322797772.3,561030046.8,0.0018050110239481,-0.0020695140554627,-3.047002328999306,0.0014727700788791,-0.0128812349484141,-0.0213293254853074,0.6155813869598155
0.0,1.0,21.905963940595615,4.429583339754848,7.0,59.0,48.0,SLE,2009,Sierra Leone,Low income,Sub-Saharan Africa,316612969.4,595648221.2,0.0018249789726691,-0.000868272730714,-3.043858111602143,0.0024015915244344,-0.0163704002714379,-0.0207013619357291,0.6565582249511177
0.0,1.0,21.95804834925158,4.456798425710017,7.0,59.0,49.0,SLE,2010,Sierra Leone,Low income,Sub-Saharan Africa,421689973.1,769940174.8,0.0018419119979105,-0.0007063955081821,-3.048884653152726,0.0041791048822238,-0.01378757713006,-0.0191269663196632,0.6816657466529414
0.0,1.0,22.019284972330613,4.482896252126963,7.0,59.0,50.0,SLE,2011,Sierra Leone,Low income,Sub-Saharan Africa,466407643.6,1662053977.0,0.0018456312583156,-0.0017229825862656,-2.9683852068051424,-0.0032838782283984,-0.0229354130337435,-0.0167705714173047,0.7177190758992927
0.0,1.0,22.16062626777778,4.508222201333312,7.0,59.0,51.0,SLE,2012,Sierra Leone,Low income,Sub-Saharan Africa,1264681732.0,2013822439.0,0.0018117982852739,3.0947797561736896e-05,-2.540188163928042,0.0029734483277999,-0.0097913862722988,-0.0044324446665289,0.9939614567607457
0.0,1.0,22.34889484155508,4.532794774407211,7.0,59.0,52.0,SLE,2013,Sierra Leone,Low income,Sub-Saharan Africa,1420918920.0,2582762766.0,0.0017138757823884,0.0017405304106512,-2.2197850466767943,0.0010820715234931,-0.0076605894258712,0.0007237195479595,1.0373561628759405
0.0,1.0,22.393454855620984,4.556685357533965,7.0,59.0,53.0,SLE,2014,Sierra Leone,Low income,Sub-Saharan Africa,1553706126.0,2375354044.0,0.0017157765063243,0.0004656095105689,-2.149882717968005,-0.0067518198613307,-0.0065155050712954,0.0042013831537353,1.0387123313978233
0.0,0.0,22.162798519973347,4.579867297892499,7.0,59.0,54.0,SLE,2015,Sierra Leone,Low income,Sub-Saharan Africa,711755890.5,1764797912.0,0.0018478231443732,-0.0034064075993278,-2.526141958499486,0.0001971062531144,-0.0095841152025852,0.000298932925468,0.9712658475286198
0.0,0.0,22.22159063118708,4.603413032097024,7.0,59.0,55.0,SLE,2016,Sierra Leone,Low income,Sub-Saharan Africa,858631195.2,1761706026.0,0.0018357439746519,-0.0036274935225688,-2.4688070418318,-0.000391838030929,-0.0093588717436563,0.000481192086098,0.9338549514418276
0.0,0.0,22.26266165136215,4.627270927458625,7.0,59.0,56.0,SLE,2017,Sierra Leone,Low income,Sub-Saharan Africa,796390826.0,1591024699.0,0.0018921258295428,-0.0038167865636751,-2.4439830544635592,-0.0074379114872109,-0.0105831012135556,-0.0019015023270013,0.9192731337129588
1.0,0.0,22.29672101133118,4.650744030962849,7.0,59.0,57.0,SLE,2018,Sierra Leone,Low income,Sub-Saharan Africa,718218828.3,1670393269.0,-0.0215534283428156,-0.0024659132845638,-2.3271743549752855,-0.0186184535096081,-0.0101296967881134,0.0003967201211327,1.0110072665690288
0.0,0.0,24.945372558134842,2.6346181295018782,4.0,69.0,0.0,ZAF,1961,South Africa,Upper middle income,Sub-Saharan Africa,2337999065.0,1698199321.0,-0.0003765326147882,0.0010634700499796,0.7112207664095737,0.0519121754733387,-0.0256652858885569,0.3914123159356168,-1.9544223120473787
0.0,0.0,25.00531865192183,2.6643632997080524,4.0,69.0,1.0,ZAF,1962,South Africa,Upper middle income,Sub-Saharan Africa,2498999000.0,1755599298.0,-0.0001645543931865,0.0011409891287881,0.738557428833784,0.0506749925138803,-0.0259542559070853,0.3971060571472924,-1.954404248952441
1.0,0.0,25.076463825194974,2.6946735209125645,4.0,69.0,2.0,ZAF,1963,South Africa,Upper middle income,Sub-Saharan Africa,2696398921.0,2185399126.0,-0.0113886295100303,0.0012302782685824,0.824621083014437,0.0605723158632116,-0.0237571223110828,0.4117472292373908,-1.9651450991541557
1.0,0.0,25.152865530715363,2.7252138283839398,4.0,69.0,3.0,ZAF,1964,South Africa,Upper middle income,Sub-Saharan Africa,2846198862.0,2647398941.0,-0.0110466039685885,0.0011767116952131,0.8502874447799483,0.0640397505679707,-0.0243950683332063,0.4053010587237807,-1.9626653647707384
1.0,0.0,25.212292240942375,2.7559613358638675,4.0,69.0,4.0,ZAF,1965,South Africa,Upper middle income,Sub-Saharan Africa,2913398835.0,3035198786.0,-0.0063878505007949,0.0009163384794961,0.9402433489443812,0.0577746972423345,-0.020978025853663,0.346276480506508,-1.890820437025733
1.0,0.0,25.255719345670265,2.786944487746527,4.0,69.0,5.0,ZAF,1966,South Africa,Upper middle income,Sub-Saharan Africa,3123398751.0,2858798856.0,-0.0069864557430782,0.0008430483183257,0.9559982392234312,0.0591576022177021,-0.0213875847330063,0.3470172396906982,-1.894209479953404
1.0,0.0,25.325212973697013,2.8181427289098107,4.0,69.0,6.0,ZAF,1967,South Africa,Upper middle income,Sub-Saharan Africa,3385198646.0,3337598665.0,-0.0063921462685567,0.0011629755789124,1.100123969293242,0.0622560327911225,-0.0231280036019826,0.3184974532034212,-1.8730659524445936
1.0,0.0,25.365905203048978,2.8493155907050003,4.0,69.0,7.0,ZAF,1968,South Africa,Upper middle income,Sub-Saharan Africa,3760398496.0,3310998676.0,-0.0111444993582294,0.0015505680727162,1.2043805975887667,0.0612694233128004,-0.0206159659999254,0.2354420865613193,-1.8322228683797857
1.0,0.0,25.411986417628437,2.880201705000321,4.0,69.0,8.0,ZAF,1969,South Africa,Upper middle income,Sub-Saharan Africa,3859798456.0,3770198492.0,-0.0104773470292394,0.0016314518823846,1.2095183763751514,0.0655915367910701,-0.0219354190482123,0.2076880259757164,-1.8170368802915824
1.0,0.0,25.463141725786794,2.9105178735790744,4.0,69.0,9.0,ZAF,1970,South Africa,Upper middle income,Sub-Saharan Africa,3904598438.0,4537398185.0,-0.0157648828552335,0.0018787090286187,1.25715188684635,0.0695369507552177,-0.0237282526769247,0.1768811913828213,-1.7354093281198042
1.0,0.0,25.50504127273235,2.939804701681896,4.0,69.0,10.0,ZAF,1971,South Africa,Upper middle income,Sub-Saharan Africa,4325959814.0,5155078808.0,-0.0173212797316556,0.0019378523189666,1.312069841360163,0.0832393019425023,-0.0256489828588685,0.1660747032083167,-1.6271158213060388
1.0,0.0,25.521458453935992,2.968476486336355,4.0,69.0,11.0,ZAF,1972,South Africa,Upper middle income,Sub-Saharan Africa,5260658883.0,4735113337.0,-0.0164162675616454,0.0023544110388673,1.314790974628828,0.0986025082230256,-0.0292454422674408,0.1502952151129726,-1.513980772990133
1.0,0.0,25.56616075032617,2.9970694086902205,4.0,69.0,12.0,ZAF,1973,South Africa,Upper middle income,Sub-Saharan Africa,7213682653.0,6474445897.0,-0.0104799969439971,0.0056702094267471,1.3220290634977976,0.1085754861007548,-0.0212631805823724,0.0496966647770584,-1.1873099976117172
1.0,0.0,25.625476667026085,3.025269226527716,4.0,69.0,13.0,ZAF,1974,South Africa,Upper middle income,Sub-Saharan Africa,9997395055.0,10199020717.0,-0.0105040114684966,0.0105400479480074,1.3067291063232411,0.0788722020108384,-0.0203936761615087,0.0449796883310306,-1.004527385194616
1.0,0.0,25.64229010093993,3.0529675769378626,4.0,69.0,14.0,ZAF,1975,South Africa,Upper middle income,Sub-Saharan Africa,10231126641.0,11142543421.0,-0.0134561265999509,0.0110936772333223,1.2747796299527543,0.0801706065716366,-0.0266940536932851,0.037069865279116,-0.9721841598153764
1.0,0.0,25.66453676198761,3.080020823177978,4.0,69.0,15.0,ZAF,1976,South Africa,Upper middle income,Sub-Saharan Africa,9840552460.0,10274102569.0,-0.0151329494451742,0.0121270124874152,1.333430839232841,0.0826678890773918,-0.0246822240641735,0.0355191881659116,-0.8566186916254485
1.0,0.0,25.663600261642145,3.107061995746967,4.0,69.0,16.0,ZAF,1977,South Africa,Upper middle income,Sub-Saharan Africa,11914002979.0,9939452485.0,-0.0159140395243184,0.014297112046996,1.3342206688680034,0.0776066587091226,-0.0279413926668139,0.017192426427584,-0.7804591157797109
1.0,0.0,25.693301334056933,3.13436232862982,4.0,69.0,17.0,ZAF,1978,South Africa,Upper middle income,Sub-Saharan Africa,14669403667.0,11625352906.0,-0.0194040654806516,0.0211985512923572,1.450995864157829,0.0842123560948089,-0.0212427359313543,0.0277195505526137,-0.6635276060642907
1.0,0.0,25.730502027296122,3.1614296571604905,4.0,69.0,18.0,ZAF,1979,South Africa,Upper middle income,Sub-Saharan Africa,19695423997.0,14412907961.0,-0.0211187201230748,0.0369356034010874,1.5436644581249332,0.0834846483884259,-0.0294095989173882,0.0226267959546536,-0.4948145482494892
1.0,0.0,25.794607318160015,3.191858456115025,4.0,69.0,19.0,ZAF,1980,South Africa,Upper middle income,Sub-Saharan Africa,28496444685.0,22027800533.0,-0.0213227972102321,0.0388458016648774,1.545255227043611,0.0745976623655993,-0.0408998292541498,0.0204275461714103,-0.4230904912223986
1.0,0.0,25.84683092728019,3.225900660431941,4.0,69.0,20.0,ZAF,1981,South Africa,Upper middle income,Sub-Saharan Africa,23474809675.0,25138477562.0,-0.021676294157667,0.023917581552431,1.6404857682625968,0.0562073973969532,-0.0398951456515836,0.0384025379601257,-0.3160452520236275
1.0,0.0,25.842988692628122,3.260471590734181,4.0,69.0,21.0,ZAF,1982,South Africa,Upper middle income,Sub-Saharan Africa,20090880960.0,20405851452.0,-0.0216196895257339,0.0197285398310055,1.6376417765134037,0.0548926322633387,-0.040754006920481,0.0394307906735971,-0.3067417454796866
1.0,0.0,25.82435103396474,3.29540549001212,4.0,69.0,22.0,ZAF,1983,South Africa,Upper middle income,Sub-Saharan Africa,20941567184.0,17786554169.0,-0.0212928429325615,0.0193606652318328,1.6063311167031398,0.0569893569785644,-0.0376258197252128,0.0377219638707134,-0.2956480057510307
1.0,0.0,25.874086172304665,3.3300314250207714,4.0,69.0,23.0,ZAF,1984,South Africa,Upper middle income,Sub-Saharan Africa,19094719161.0,17732941000.0,-0.0209205710401762,0.0193803881292558,1.636262343649192,0.0556582473789176,-0.040579497884426,0.0378347631815868,-0.2840426563165213
1.0,0.0,25.861895556249376,3.3633791726466593,4.0,69.0,24.0,ZAF,1985,South Africa,Upper middle income,Sub-Saharan Africa,17986023085.0,12921130268.0,-0.0210557731229814,0.0196487784029137,1.6287130620841206,0.0522361270958738,-0.0408261955666121,0.0373025323051954,-0.2773140328511929
1.0,0.0,25.86207151242501,3.395349890695551,4.0,69.0,25.0,ZAF,1986,South Africa,Upper middle income,Sub-Saharan Africa,19987466259.0,14231748177.0,-0.0204323031633822,0.0192639325135886,1.625893469807698,0.0513375429409172,-0.0419781361148539,0.0374985380431312,-0.265644831151157
1.0,0.0,25.882861220174366,3.4265244017540137,4.0,69.0,26.0,ZAF,1987,South Africa,Upper middle income,Sub-Saharan Africa,25959795347.0,17453548150.0,-0.020082902745729,0.0172011705975124,1.627740375273481,0.0472339711685078,-0.0465471322064396,0.0355909649976353,-0.2317557526569815
1.0,0.0,25.924003450155418,3.456984668140157,4.0,69.0,27.0,ZAF,1988,South Africa,Upper middle income,Sub-Saharan Africa,26828616017.0,20846125831.0,-0.01881661519954,0.0171047965980755,1.6501444612471232,0.0438510120236872,-0.0518704505656167,0.040696788649536,-0.167346174580896
1.0,0.0,25.94767290410987,3.4863796254182007,4.0,69.0,28.0,ZAF,1989,South Africa,Upper middle income,Sub-Saharan Africa,25616574210.0,20522923715.0,-0.0192205636219255,0.0146591887123138,1.669048921297375,0.0435484234782225,-0.0575731507828394,0.0420454285565268,-0.1555555710386752
1.0,0.0,25.94448615310948,3.5141934292108767,5.0,69.0,29.0,ZAF,1990,South Africa,Upper middle income,Sub-Saharan Africa,27148931269.0,21016333111.0,-0.0213705076167246,0.0150634084934648,1.6742366506640072,0.0406997936840758,-0.0561929695843078,0.0449498659056794,-0.1206938011801414
1.0,0.0,25.934253594056063,3.5370400473195085,5.0,69.0,30.0,ZAF,1991,South Africa,Upper middle income,Sub-Saharan Africa,26149497613.0,21011728108.0,-0.0261186883979551,0.0162658348209562,1.691568861606208,0.0424378174099596,-0.0616416718412099,0.0461080184444011,-0.0966586551831314
1.0,0.0,25.91264964544984,3.5550031683063112,6.0,69.0,31.0,ZAF,1992,South Africa,Upper middle income,Sub-Saharan Africa,27855753864.0,22581586205.0,-0.0293165494641227,0.0163208435004663,1.651559649284614,0.0424308017435191,-0.0619337878403349,0.0379256835835781,-0.03411764783906
1.0,0.0,25.92491259873158,3.5749161282251944,8.0,69.0,32.0,ZAF,1993,South Africa,Upper middle income,Sub-Saharan Africa,29312901692.0,23232862325.0,-0.0290772494391306,0.0169279416032038,1.6112261088640945,0.04284030243405,-0.0736023091096147,0.0339510294561715,0.0143261418909807
1.0,0.0,25.956409814204065,3.59111287417757,9.0,69.0,33.0,ZAF,1994,South Africa,Upper middle income,Sub-Saharan Africa,30010718717.0,26964924504.0,-0.0119104154781288,0.0145617291959524,1.7271046522645386,0.0418437317408989,0.0304839236990386,0.0389376630673956,0.036047943153041
0.0,0.0,25.986939997550873,3.6032517278016942,9.0,69.0,34.0,ZAF,1995,South Africa,Upper middle income,Sub-Saharan Africa,34412207048.0,33385762947.0,-0.0021031523201536,0.0127246781779996,1.6878121191949909,0.0175142558603797,0.0464504044440944,0.0323740468472094,0.1454667671413585
0.0,0.0,26.029040329884847,3.616221669852344,9.0,69.0,35.0,ZAF,1996,South Africa,Upper middle income,Sub-Saharan Africa,35543985845.0,33339931231.0,-0.0036052069127365,0.0105499962250106,1.6912621565260688,0.0156082762505467,0.0503828948108505,0.0228570651390101,0.1787431587255082
0.0,0.0,26.054708453926274,3.6282015655351025,9.0,69.0,36.0,ZAF,1997,South Africa,Upper middle income,Sub-Saharan Africa,36601647323.0,34878325820.0,-0.0049372365019648,0.0088130331633868,1.6610431053140189,0.0142803351398526,0.0497177037720859,0.0169406987580543,0.2205318668779019
0.0,0.0,26.059697535603107,3.640325724216719,9.0,69.0,37.0,ZAF,1998,South Africa,Upper middle income,Sub-Saharan Africa,34450654127.0,32916543361.0,-0.0052889319416753,0.0089603036466254,1.6561233957090065,0.014612095607277,0.0494785860110104,0.0144544289160618,0.2324291381039311
0.0,0.0,26.083411806117383,3.651222702215434,9.0,69.0,38.0,ZAF,1999,South Africa,Upper middle income,Sub-Saharan Africa,33741638410.0,30286845829.0,-0.0069688097399251,0.0070552648863468,1.6697935113951892,0.0145181328783292,0.0467601101119681,0.0122778404630655,0.2658098347429466
0.0,0.0,26.124554868118327,3.6603692936828285,9.0,69.0,39.0,ZAF,2000,South Africa,Upper middle income,Sub-Saharan Africa,37034203153.0,33107016485.0,-0.0077628658325848,0.0055271788466254,1.6579904722306984,0.0137226924300825,0.043617902410466,0.0085544594276578,0.2977077458018702
0.0,0.0,26.15119818699076,3.6689642154223314,9.0,69.0,40.0,ZAF,2001,South Africa,Upper middle income,Sub-Saharan Africa,35694800702.0,30897364105.0,-0.0080778686595719,0.0054960459077936,1.649020627535601,0.0150179851005935,0.0390075516598275,0.0081636447796903,0.3243126658255746
0.0,1.0,26.187533987437458,3.6784345848868223,9.0,69.0,41.0,ZAF,2002,South Africa,Upper middle income,Sub-Saharan Africa,36701099078.0,32316210606.0,-0.0088088113010612,-0.0089817125489606,1.626700655599958,0.0119634342988689,0.0410307103712737,0.0075294363617634,0.3496327981456571
0.0,1.0,26.2165947342299,3.688400149765957,9.0,69.0,42.0,ZAF,2003,South Africa,Upper middle income,Sub-Saharan Africa,47117624127.0,42967056805.0,-0.0101617983325591,-0.0059061077884753,1.6173404564351093,0.0077527110161994,0.0429372819342171,0.0054912740373754,0.4104672652885063
0.0,1.0,26.261135393742673,3.698474377758038,9.0,69.0,43.0,ZAF,2004,South Africa,Upper middle income,Sub-Saharan Africa,58215305278.0,58544113474.0,-0.0123034189639986,-0.000412476531322,1.6408800568840969,0.0065969229554749,0.0465715159706288,-0.005983004624524,0.5435988420257908
0.0,1.0,26.31256108878345,3.70860047244294,9.0,69.0,44.0,ZAF,2005,South Africa,Upper middle income,Sub-Saharan Africa,68171982952.0,68831329348.0,-0.014206780257465,0.0008664540889327,1.6796732429082062,0.0070789720197622,0.0602695397081569,-0.0135581225368546,0.6684665884829153
0.0,1.0,26.36708597042993,3.718817721485403,9.0,69.0,45.0,ZAF,2006,South Africa,Upper middle income,Sub-Saharan Africa,79301796384.0,84077365460.0,-0.0121836548321336,0.0017166886608018,1.7057060286859878,0.0072974344325042,0.0663788435465199,-0.0138097677591786,0.7309002848605946
0.0,1.0,26.419301717403783,3.729368372610531,9.0,69.0,46.0,ZAF,2007,South Africa,Upper middle income,Sub-Saharan Africa,93124912620.0,97145854047.0,-0.0092875759400917,0.0016707014190582,1.8226051645182912,0.0043385035268501,0.0658854895060538,-0.0147515526814187,0.7947754481767554
0.0,1.0,26.450712753530212,3.740899327628932,9.0,69.0,47.0,ZAF,2008,South Africa,Upper middle income,Sub-Saharan Africa,101967000000.0,106599000000.0,-0.0083680776670493,0.0019108028841151,1.866666568333755,0.0091563531665738,0.072103397154676,-0.0081661510750371,0.8419363217819444
0.0,1.0,26.435214874269004,3.752838372861364,9.0,69.0,48.0,ZAF,2009,South Africa,Upper middle income,Sub-Saharan Africa,82381621006.0,81135290312.0,-0.0089569709900046,0.0016992533952168,1.851244055804158,0.0085760951909986,0.0757666574711926,-0.0109232430762044,0.869826155411025
0.0,1.0,26.46515943502986,3.7646674684026356,9.0,69.0,49.0,ZAF,2010,South Africa,Upper middle income,Sub-Saharan Africa,107611000000.0,102766000000.0,-0.0062662766107854,0.002119804411272,1.9364932266418884,0.0033643726402621,0.0674048849350897,-0.0036793553289026,0.8721068981984519
0.0,1.0,26.49635357873341,3.777030614407889,9.0,69.0,50.0,ZAF,2011,South Africa,Upper middle income,Sub-Saharan Africa,126913000000.0,123431000000.0,8.852320319307255e-05,0.0010416631574115,2.0898635681351316,-0.0024275513765437,0.0331451034516264,0.0137753019747272,0.8586142096829087
0.0,1.0,26.520031543738696,3.791778557781171,9.0,69.0,51.0,ZAF,2012,South Africa,Upper middle income,Sub-Saharan Africa,117893000000.0,123559000000.0,0.001148164659022,0.0014498131997121,2.1305895849702834,-0.0027050820682669,0.0250973188145922,0.0201073366663192,0.8608829524403581
0.0,1.0,26.544582427392125,3.8083050777614966,9.0,69.0,52.0,ZAF,2013,South Africa,Upper middle income,Sub-Saharan Africa,113769000000.0,122253000000.0,0.0012361005077374,0.0015627502101323,2.144052812543811,-0.0029686724914287,0.0255215049216684,0.0200049650235263,0.8529946005492822
0.0,1.0,26.55862320820305,3.8249195317613838,9.0,69.0,53.0,ZAF,2014,South Africa,Upper middle income,Sub-Saharan Africa,110550000000.0,116262000000.0,0.0019621783416868,0.0017785638769521,2.1600158294737524,-0.0030856268776132,0.0159589042005706,0.0242729584670806,0.8464513419308204
0.0,1.0,26.571754532601872,3.8450184158551672,9.0,69.0,54.0,ZAF,2015,South Africa,Upper middle income,Sub-Saharan Africa,96085897668.0,100591000000.0,0.0040908403272737,0.0017258381572149,2.205895508790768,-0.0074596696474047,-0.0039988369581381,0.0273969210245574,0.8452522081680239
0.0,1.0,26.57837787295745,3.8544236347339536,9.0,69.0,55.0,ZAF,2016,South Africa,Upper middle income,Sub-Saharan Africa,91109021409.0,89649913399.0,0.0053135851759495,0.001913749835313,2.2454250492698997,-0.0090084252155154,-0.01753568906142,0.0267122636335515,0.8406145247059897
0.0,1.0,26.58988968910844,3.860962009320419,9.0,69.0,56.0,ZAF,2017,South Africa,Upper middle income,Sub-Saharan Africa,104288000000.0,99923782384.0,0.0064229519236017,0.0015663803253037,2.2946194043827757,-0.0119041048872496,-0.0303017816030147,0.0364896548018058,0.8627973105684724
0.0,1.0,26.60499921990123,3.877785708706749,9.0,69.0,57.0,ZAF,2018,South Africa,Upper middle income,Sub-Saharan Africa,111435000000.0,109374000000.0,0.0064348459594032,0.0015910290946397,2.319212527973709,-0.0101801548707848,-0.0375284720781096,0.0410635776357022,0.8860282555195681
0.0,0.0,26.65935244305508,5.074353568298268,10.0,11.0,19.0,CHE,1980,Switzerland,High income,Europe & Central Asia,56770654055.0,59517921466.0,0.0313070486225055,0.014959204004067,2.538293732489972,-0.0632161847483172,0.2037377047808259,-0.0128818745201852,-0.5600975905413145
0.0,0.0,26.675238234065468,5.079824217830376,10.0,11.0,20.0,CHE,1981,Switzerland,High income,Europe & Central Asia,54152532329.0,53574921087.0,0.0312724920640044,0.0058425697694996,2.621370561121976,-0.058632538573898,0.2263080222499394,-0.0207705933906096,-0.42389360404022
0.0,0.0,26.662057190675572,5.085667134162087,10.0,11.0,21.0,CHE,1982,Switzerland,High income,Europe & Central Asia,51060349209.0,50418601192.0,0.0311213435290893,0.0045859452705669,2.6117339364976564,-0.0626285865472673,0.2216261955970742,-0.0223741157664718,-0.4172397749148906
0.0,0.0,26.66842724966097,5.089955013707667,10.0,11.0,22.0,CHE,1983,Switzerland,High income,Europe & Central Asia,49408192559.0,50567866228.0,0.0308141640299149,0.0045821242655325,2.6105764815714716,-0.0608975863593161,0.2240648925492716,-0.0233300193005836,-0.4163581523519022
0.0,0.0,26.698067323157854,5.093544106564668,10.0,11.0,23.0,CHE,1984,Switzerland,High income,Europe & Central Asia,51768415117.0,48699438226.0,0.0283691015698972,0.0047623158132564,2.6093904453511367,-0.0623574065162353,0.2220678225712782,-0.0224537189703468,-0.3968620332350312
0.0,0.0,26.73414568144607,5.097956509358828,10.0,11.0,24.0,CHE,1985,Switzerland,High income,Europe & Central Asia,53013588377.0,50189738716.0,0.0282868648126883,0.0055668270846463,2.626051403829264,-0.0601979401498265,0.2278019655587641,-0.0185584448276547,-0.3738289731527298
0.0,0.0,26.752560707987485,5.103158401498794,10.0,11.0,25.0,CHE,1986,Switzerland,High income,Europe & Central Asia,69923799544.0,68619330146.0,0.0254443873559301,0.0068143786602671,2.659491563802726,-0.0580635902829215,0.238873521934844,-0.0175596750469501,-0.3542406716431563
0.0,0.0,26.768292477769222,5.109437535006225,10.0,11.0,26.0,CHE,1987,Switzerland,High income,Europe & Central Asia,82090040907.0,79510329936.0,0.0262789911314483,0.0071296920551237,2.7150853756683384,-0.0280385591044227,0.259090643910049,-0.0088237909470194,-0.2846368609840196
0.0,0.0,26.800541040467504,5.116784941907386,10.0,11.0,27.0,CHE,1988,Switzerland,High income,Europe & Central Asia,91340876785.0,88624908768.0,0.0246828345454556,0.0067094006641121,2.753694018946341,-0.017487709799541,0.2633874740744636,-0.0033052656916616,-0.2179176434736018
0.0,0.0,26.84293888519436,5.124868278734675,10.0,11.0,28.0,CHE,1989,Switzerland,High income,Europe & Central Asia,93262377896.0,90759218779.0,0.0245360459696597,0.006842168318284,2.7563430103823325,-0.0153292189414998,0.2709294497213663,-0.0003206063625297,-0.210210742676035
0.0,0.0,26.87709367644134,5.135134985250074,10.0,11.0,29.0,CHE,1990,Switzerland,High income,Europe & Central Asia,109915000000.0,109363000000.0,0.0252893253867939,0.0062928919737926,2.7775169345307447,-0.0090444970104984,0.2870951604674652,-0.0020011228717136,-0.1723801987278252
0.0,0.0,26.86789343347812,5.147631222114551,10.0,11.0,30.0,CHE,1991,Switzerland,High income,Europe & Central Asia,107068000000.0,103278000000.0,0.0260481961739839,0.0064936892415485,2.7630408515521303,-0.0066081948543277,0.2867089897411694,-0.0008270834730031,-0.1556884577657386
0.0,0.0,26.867455762908342,5.158654409098709,10.0,11.0,31.0,CHE,1992,Switzerland,High income,Europe & Central Asia,114018000000.0,106791000000.0,0.024349320889588,0.0041170013548379,2.793031071071551,-0.0097469489912642,0.2738908347829188,0.0025341339052244,-0.0581039394777425
0.0,0.0,26.86619531763471,5.1677595404891,10.0,11.0,32.0,CHE,1993,Switzerland,High income,Europe & Central Asia,111111000000.0,100339000000.0,0.0206553218135736,0.0049720901426029,2.808870308007458,-0.0211864695707268,0.2526567504169709,0.0009016315575227,0.0234004773894169
0.0,0.0,26.878813714239058,5.175729101182995,10.0,11.0,33.0,CHE,1994,Switzerland,High income,Europe & Central Asia,120745000000.0,108769000000.0,0.0206155908334184,0.0053651229263113,2.838853026468745,-0.0259623667496113,0.237294668580149,0.0017636071791308,0.0754987559818178
0.0,0.0,26.883609916957262,5.1824095004118425,10.0,11.0,34.0,CHE,1995,Switzerland,High income,Europe & Central Asia,141204000000.0,127841000000.0,0.0210754330507067,0.0044637177680952,2.834625754298184,-0.0272362209002357,0.23288210979556,0.0061617738617895,0.1309786423199531
0.0,0.0,26.888311773285448,5.186856626744046,10.0,11.0,35.0,CHE,1996,Switzerland,High income,Europe & Central Asia,139537000000.0,128303000000.0,0.0197641371806092,0.0034634121292665,2.8236354922351103,-0.0282654128498677,0.2317929099669242,0.0096940804207078,0.1716417718278653
0.0,0.0,26.910673330392903,5.189296327118194,10.0,11.0,36.0,CHE,1997,Switzerland,High income,Europe & Central Asia,137060000000.0,123739000000.0,0.0181059247216181,0.002379316628917,2.7990402327700177,-0.0326061753786335,0.2269128449710876,0.0134457629257242,0.2140915799465417
0.0,0.0,26.940522425021527,5.1922984997802235,10.0,11.0,37.0,CHE,1998,Switzerland,High income,Europe & Central Asia,139575000000.0,128123000000.0,0.0175620051473913,0.0022380919228715,2.798554316820282,-0.0345534253756621,0.2269029344014856,0.0134300073053029,0.2264940886599551
0.0,0.0,26.95701359785413,5.1970985400204865,10.0,11.0,38.0,CHE,1999,Switzerland,High income,Europe & Central Asia,139348000000.0,128193000000.0,0.0165862000361478,0.001628616655029,2.786339580936079,-0.0357584274819745,0.2252811690490356,0.015075096507454,0.2408613346125442
0.0,0.0,26.995837136391565,5.202748927747728,10.0,11.0,39.0,CHE,2000,Switzerland,High income,Europe & Central Asia,143622000000.0,129833000000.0,0.0154970455797234,0.0009924474563398,2.771542544957183,-0.038529202160562,0.2229771886921878,0.0140073034204871,0.270474376478848
0.0,0.0,27.011470062266174,5.20910753363323,10.0,11.0,40.0,CHE,2001,Switzerland,High income,Europe & Central Asia,143872000000.0,131361000000.0,0.0152525201401989,0.0001024671231555,2.75504182394457,-0.0385460710322809,0.2243237225666226,0.0127975199085927,0.2974281279530774
0.0,0.0,27.010737705252165,5.21670311936124,10.0,11.0,41.0,CHE,2002,Switzerland,High income,Europe & Central Asia,150196000000.0,133687000000.0,0.0151213440520197,-5.844882716625202e-05,2.7494968587579036,-0.0383469137879622,0.2253332172939418,0.0098727818424956,0.3171635518604927
0.0,0.0,27.010414107737695,5.224153236048234,10.0,11.0,42.0,CHE,2003,Switzerland,High income,Europe & Central Asia,172785000000.0,154297000000.0,0.0115817613738836,-0.0010834591073,2.755203439570733,-0.0366613624813654,0.2398713202605356,0.0028449925818077,0.3993499677681531
0.0,0.0,27.0370729076448,5.231058442868621,10.0,11.0,43.0,CHE,2004,Switzerland,High income,Europe & Central Asia,207207000000.0,178599000000.0,0.0053970725352043,-0.0011867328866937,2.809195559813786,-0.0485588222224097,0.2455921516019368,-0.0048881340229696,0.5655896459586973
0.0,0.0,27.0641981687021,5.237495431141555,10.0,11.0,44.0,CHE,2005,Switzerland,High income,Europe & Central Asia,225264000000.0,202479000000.0,0.0056111762190394,-0.0021216031307225,2.8114087888993375,-0.0581146465078165,0.2322947430507584,-0.0109661524085452,0.6809338263894351
0.0,0.0,27.104127083983492,5.243802015326976,10.0,11.0,45.0,CHE,2006,Switzerland,High income,Europe & Central Asia,250006000000.0,219210000000.0,0.0051091797948574,-0.002645985987433,2.856467326325556,-0.0628724016998966,0.2249094773993145,-0.0046695031669156,0.7604310190601958
0.0,0.0,27.142543895826318,5.25276992571367,10.0,11.0,46.0,CHE,2007,Switzerland,High income,Europe & Central Asia,302065000000.0,254101000000.0,0.0038030031912888,-0.00405860529624,3.057972205842132,-0.0944264917507972,0.1675459349419553,0.0124786997753501,0.8961391370180236
0.0,0.0,27.170235668392078,5.2654912400160745,10.0,11.0,47.0,CHE,2008,Switzerland,High income,Europe & Central Asia,358112000000.0,304332000000.0,0.0040428645846894,-0.0048405058859198,3.18325868915449,-0.0761503384135598,0.1332637357344342,0.0137552509837899,0.9721542154449676
0.0,0.0,27.14699482714355,5.278001220143486,10.0,11.0,48.0,CHE,2009,Switzerland,High income,Europe & Central Asia,321497000000.0,286896000000.0,0.0037060028781615,-0.0047651548073806,3.099678219780383,-0.0438263063978617,0.1725127622362925,0.0118977454259293,0.9581542751977682
0.0,0.0,27.178913984742884,5.288431960022239,10.0,11.0,49.0,CHE,2010,Switzerland,High income,Europe & Central Asia,388281000000.0,330730000000.0,0.0040614968499114,-0.0048198080337019,3.235562005244233,-0.0250271026526973,0.1373501780370482,0.0181491071016296,1.040430207147922
0.0,0.0,27.19688180420608,5.299565908794682,10.0,11.0,50.0,CHE,2011,Switzerland,High income,Europe & Central Asia,475707000000.0,423135000000.0,0.0041001783748091,-0.0048205884703536,3.2541897019024866,-0.0196172889798237,0.1376680491825787,0.019367698232987,1.0619076523785107
0.0,0.0,27.20860616745529,5.310199236718107,10.0,11.0,51.0,CHE,2012,Switzerland,High income,Europe & Central Asia,465238000000.0,402767000000.0,0.0041201391095342,-0.0048115876556949,3.2573699983202045,-0.0184136147436857,0.1376788596899836,0.0192705646312678,1.0678473958593404
0.0,0.0,27.2263691771086,5.321713219684795,10.0,11.0,52.0,CHE,2013,Switzerland,High income,Europe & Central Asia,508971000000.0,435221000000.0,0.0041800049958448,-0.0049190981088547,3.2602631758443223,-0.0202686857759285,0.1346896213714113,0.0200853577314085,1.0689179039332246
0.0,0.0,27.249595236270114,5.333929419581811,10.0,11.0,53.0,CHE,2014,Switzerland,High income,Europe & Central Asia,474700000000.0,398696000000.0,0.0041672254220745,-0.0049450720732137,3.2600197587843978,-0.0222198379570768,0.1346420830525051,0.019951106965092,1.0707949559302632
0.0,0.0,27.265907811818398,5.345327952015689,10.0,11.0,54.0,CHE,2015,Switzerland,High income,Europe & Central Asia,443048000000.0,370031000000.0,0.004199045951405,-0.0048813858739549,3.261583908407387,-0.0237213433787364,0.1350412979923736,0.0199111906625868,1.0697880287683326
0.0,0.0,27.28638343260032,5.3562634494563515,10.0,11.0,55.0,CHE,2016,Switzerland,High income,Europe & Central Asia,459636000000.0,390368000000.0,0.0041685553416467,-0.0049221839802139,3.2622107775304867,-0.0249772964346269,0.1351018682881964,0.019848287845067,1.070490733938839
0.0,0.0,27.29991923310854,5.365595008335872,10.0,11.0,56.0,CHE,2017,Switzerland,High income,Europe & Central Asia,461255000000.0,398165000000.0,0.004197577528639,-0.0048303026628489,3.2615545431784625,-0.0260041470281622,0.1353114019637721,0.0194554262569622,1.0724303160207596
0.0,0.0,27.32812252389403,5.372961348058787,10.0,11.0,57.0,CHE,2018,Switzerland,High income,Europe & Central Asia,489601000000.0,413214000000.0,0.0041807867678033,-0.0047933554440895,3.260300091108303,-0.0278088787505079,0.1358018742193117,0.0190808084839412,1.075654926700313
0.0,0.0,21.70866347572523,3.2658487102148515,2.0,60.0,0.0,SYR,1961,Syria,Low income,Middle East & North Africa,166354553.1,211572011.2,0.0021342723651687,0.0064385083279513,-2.0482246518732157,0.1076851146186802,-0.0023718835574801,0.1593909778532365,-1.3572657746753385
0.0,0.0,21.927970052625838,3.295288556450857,-3.0,60.0,1.0,SYR,1962,Syria,Low income,Middle East & North Africa,232483197.8,239475799.5,0.0022474563755477,0.0073166404123897,-1.9398256895111845,0.1159973193383915,0.0054409539041322,0.1966727342204191,-1.3315967611340054
0.0,0.0,21.83746808127221,3.325306678310119,-8.0,60.0,2.0,SYR,1963,Syria,Low income,Middle East & North Africa,233218638.7,254143979.1,0.0025045551769633,0.0073117917452788,-2.048554935156229,0.1181622583397662,-0.0173825119901007,0.2204231240584065,-1.2946488132399945
0.0,0.0,21.926132259958194,3.3558729915535443,-8.0,60.0,3.0,SYR,1964,Syria,Low income,Middle East & North Africa,223808507.9,257291282.7,0.0024722335541367,0.0076126832033837,-2.002180351240501,0.1213042146454914,-0.0158290114940934,0.2296513145920831,-1.2944562686026628
0.0,0.0,21.948865626356575,3.386924534451044,-8.0,60.0,4.0,SYR,1965,Syria,Low income,Middle East & North Africa,250836076.5,250835033.3,0.0024772432527375,0.007612230832803,-2.0035676677950676,0.1205062180470291,-0.015195703144807,0.2297487897226876,-1.2797839923248526
0.0,0.0,21.869182977412198,3.4183967187618034,-8.0,60.0,5.0,SYR,1966,Syria,Low income,Middle East & North Africa,237017340.4,308588670.2,0.0024027253770314,0.007660221125498,-2.035240132605043,0.1148993387153237,-0.0169853736576721,0.222032572183158,-1.2720451571530396
0.0,0.0,21.94852712707501,3.4501823766920925,-8.0,60.0,6.0,SYR,1967,Syria,Low income,Middle East & North Africa,248911547.3,302663381.1,0.002138075965273,0.0076857256738635,-2.0040922191829824,0.1176490440255907,-0.0165839896275246,0.2270934515085036,-1.2612528659751538
0.0,0.0,21.98513944354047,3.482226066792434,-8.0,60.0,7.0,SYR,1968,Syria,Low income,Middle East & North Africa,304528181.0,359837643.3,0.0021250093144306,0.0078883203761521,-1.9784819621621976,0.1172628419211732,-0.0136772307870013,0.238421362782995,-1.253968373154665
0.0,0.0,22.15714055404617,3.5145516535465813,-8.0,60.0,8.0,SYR,1969,Syria,Low income,Middle East & North Africa,384128066.7,486948413.5,0.0021679849226302,0.0075731841520181,-1.8642596029785232,0.1263164747857946,-0.0108655598939099,0.2538975933911593,-1.2784917245617926
0.0,0.0,22.139008631110595,3.5472794363627544,-9.0,60.0,9.0,SYR,1970,Syria,Low income,Middle East & North Africa,374567201.8,450739691.5,0.0021679067990857,0.0075072227442507,-1.9633103286109528,0.1197105155820638,-0.0146574868726209,0.2700356058086057,-1.208410642038198
0.0,0.0,22.224780874125926,3.580796708492477,-9.0,60.0,10.0,SYR,1971,Syria,Low income,Middle East & North Africa,449256625.7,578539108.0,0.0021547288576957,0.0067429451163797,-1.8478125156884568,0.1146977666875718,0.0020282584152774,0.2436508060129778,-1.131242486712225
0.0,0.0,22.453196226560706,3.6147582552958193,-9.0,60.0,11.0,SYR,1972,Syria,Low income,Middle East & North Africa,555039787.8,725132626.0,0.0013734530279644,0.0009091153023998,-1.6145928188778194,0.1074352666614138,0.0145968380302729,0.1937306338255034,-0.9946704950292786
0.0,0.0,22.342601425382092,3.6485064067185045,-9.0,60.0,12.0,SYR,1973,Syria,Low income,Middle East & North Africa,714520367.9,834756898.8,0.0016132578128831,0.002128833503764,-1.8880446726216016,0.1203808186535102,0.0170817542832833,0.2054484144471559,-0.8221223737792618
0.0,1.0,22.572090981112442,3.6821860836548796,-9.0,60.0,13.0,SYR,1974,Syria,Low income,Middle East & North Africa,1242591990.0,1741126669.0,0.0031873155112374,0.0036883449470887,-1.700959094496636,0.1206677532278541,0.0438560258536921,0.1843721691959105,-0.6618107177748408
0.0,1.0,22.723537230599295,3.716141298521814,-9.0,60.0,14.0,SYR,1975,Syria,Low income,Middle East & North Africa,1461385482.0,2318859794.0,0.0302014194235261,0.0138600645230838,-1.1484835144221035,0.0389807557638655,0.1541648225363803,0.1217365738960636,-0.6703336422185695
0.0,1.0,22.839135183822233,3.7503576736298205,-9.0,60.0,15.0,SYR,1976,Syria,Low income,Middle East & North Africa,1490583513.0,2617783266.0,0.0337881527816239,0.0095493372362113,-1.1048183911285707,0.0448812065353153,0.1620029585107582,0.1147846096006947,-0.6500495422927871
0.0,1.0,22.82097612277198,3.7847065464323286,-9.0,60.0,16.0,SYR,1977,Syria,Low income,Middle East & North Africa,1398290598.0,3129344729.0,0.0363792072896801,0.0081565044605779,-1.1497077100913122,0.0464257611114466,0.171396281595086,0.1078943566135158,-0.599974472266255
0.0,1.0,22.91576425835907,3.818999348816132,-9.0,60.0,17.0,SYR,1978,Syria,Low income,Middle East & North Africa,1376861397.0,2896334479.0,0.0393110887371729,0.0051592424999311,-1.06799916245869,0.0633233062822862,0.185213685301346,0.125210759239823,-0.5467872073520835
0.0,0.0,22.92460495217242,3.8529510258886237,-9.0,60.0,18.0,SYR,1979,Syria,Low income,Middle East & North Africa,1900127389.0,3575286624.0,0.0364059511754832,-0.0008091466303798,-1.1576497130497858,0.0685226406739734,0.2042963433775399,0.1253260727130644,-0.455127331772689
0.0,1.0,23.060080477153054,3.8865252559220185,-9.0,60.0,19.0,SYR,1980,Syria,Low income,Middle East & North Africa,2380891720.0,4628789809.0,0.0429838427955509,0.0054050569422731,-1.0551948240393505,0.0283288541087539,0.1988435038042924,0.1160303557222315,-0.4162297975262078
0.0,1.0,23.134773613956444,3.9197403477894555,-9.0,60.0,20.0,SYR,1981,Syria,Low income,Middle East & North Africa,2427631113.0,5116427206.0,0.0539420448276327,-0.0025410287286538,-0.9190418435517416,0.0188332138868782,0.1341117104801161,0.0743398737909776,-0.3402616175883324
0.0,1.0,23.16228261428743,3.952911442349056,-9.0,60.0,21.0,SYR,1982,Syria,Low income,Middle East & North Africa,2268031466.0,4063358923.0,0.059820462428571,-0.0026683114574893,-0.8852788549119335,0.011778061756875,0.1094385011784703,0.0594876306363103,-0.3323898143893423
0.0,1.0,23.185220907875276,3.9870362857239043,-9.0,60.0,22.0,SYR,1983,Syria,Low income,Middle East & North Africa,2331285399.0,4691609868.0,0.0463972447561551,-0.003879768558066,-0.8578045543144424,0.0121379716687091,0.1026837812692746,0.0499133190504117,-0.3288176053756615
0.0,1.0,23.106062648377023,4.02211257617735,-9.0,60.0,23.0,SYR,1984,Syria,Low income,Middle East & North Africa,2174468579.0,4200952492.0,0.017320793282541,0.0070423369235033,-1.0288862256198434,0.023976942839728,0.1870259974860434,0.0887845263035456,-0.3544758741175472
0.0,1.0,23.19545359243383,4.057288848817974,-9.0,60.0,24.0,SYR,1985,Syria,Low income,Middle East & North Africa,1960935036.0,4173565121.0,0.0294950318632698,-0.0036738932251034,-0.867018192202932,0.0210430654812798,0.0992546211276574,0.0476757507988123,-0.3074739926330147
1.0,1.0,23.11258349450718,4.092169673699046,-9.0,60.0,25.0,SYR,1986,Syria,Low income,Middle East & North Africa,1497286368.0,2957326806.0,-0.1375540076928678,0.007653614176186,-0.9919423372241712,-0.0162759635378843,0.1534461147468741,0.0921494201225007,-0.3938940588234895
1.0,1.0,23.129266381466902,4.126657105197442,-9.0,60.0,26.0,SYR,1987,Syria,Low income,Middle East & North Africa,1778676863.0,3286057265.0,-0.1826090567497988,0.0028473743057382,-0.9854923220169224,-0.0352338679880781,0.1212122288087564,0.0916393675578406,-0.3602804094624592
0.0,1.0,23.294875223099424,4.1606112387697936,-9.0,60.0,27.0,SYR,1988,Syria,Low income,Middle East & North Africa,1774447445.0,2749847766.0,0.0360326525953508,-0.0036034695278391,-0.8395551379796735,0.009143553639335,0.0376307477276601,0.029696562770634,-0.2297702697098055
0.0,1.0,23.148145315736812,4.19373397245945,-9.0,60.0,28.0,SYR,1989,Syria,Low income,Middle East & North Africa,2962782879.0,2965896087.0,0.0212251437697953,-0.0013632004627875,-0.957301956015818,0.0461212670060839,0.1397120121958169,0.0622288239218978,-0.228877633311082
0.0,1.0,23.184858617812935,4.2260611810778865,-9.0,60.0,29.0,SYR,1990,Syria,Low income,Middle East & North Africa,3488165298.0,3440367130.0,0.0295353987411151,-0.0029711563108538,-0.9362578722503196,0.0399240582466406,0.0926802791660352,0.0467924885815771,-0.2205132095537438
0.0,1.0,23.258726622920168,4.2574888493347025,-9.0,60.0,30.0,SYR,1991,Syria,Low income,Middle East & North Africa,3168250000.0,4163791667.0,0.0422228816789594,-0.0041278622083971,-0.905328237246256,0.0244494525209392,-0.0005894800437918,0.0295196168860029,-0.2254523201213294
0.0,1.0,23.38070343074806,4.288193224670567,-9.0,60.0,31.0,SYR,1992,Syria,Low income,Middle East & North Africa,3479921417.0,4987517654.0,0.0508026624710479,-0.0044704813503701,-0.930621090876478,0.0208122169753761,-0.031943472926523,0.0350835182491399,-0.2196911463893225
0.0,1.0,23.440394869784782,4.318371823482962,-9.0,60.0,32.0,SYR,1993,Syria,Low income,Middle East & North Africa,3816418531.0,5602184892.0,0.0555854424001283,-0.0055416490048796,-0.9241298813097508,0.0199754012511872,-0.0445669265571945,0.0318791740927981,-0.1694522405786857
0.0,1.0,23.510042466083007,4.347862107561122,-9.0,60.0,33.0,SYR,1994,Syria,Low income,Middle East & North Africa,3346540000.0,4594640000.0,0.067965789859407,-0.006066834765537,-0.8490197406397471,0.0217188170152353,-0.060765090829291,0.0287684691049399,-0.1113343141867915
0.0,1.0,23.577949584088334,4.376187509490247,-9.0,60.0,34.0,SYR,1995,Syria,Low income,Middle East & North Africa,3537504990.0,4323552894.0,0.0632499910680236,-0.0052264820813753,-0.835174341100743,0.0331570767306495,-0.0670611458819142,0.0280789748759603,-0.0631721434831342
0.0,1.0,23.67167277261391,4.403272295541219,-9.0,60.0,35.0,SYR,1996,Syria,Low income,Middle East & North Africa,4388662675.0,5252195609.0,0.0579995589730227,-0.0026377424585218,-0.7333225134590812,0.0334869032361466,-0.0749326172804382,0.0305045999190736,0.0041074048884286
0.0,1.0,23.720689620690074,4.429521840985287,-9.0,60.0,36.0,SYR,1997,Syria,Low income,Middle East & North Africa,4702704280.0,4903093385.0,0.0433808162991788,-0.0006231123670723,-0.7113170365327469,0.052118372077245,-0.048209122528494,0.0297761734998959,0.1159408954005112
0.0,1.0,23.786339753686622,4.4553169571431885,-9.0,60.0,37.0,SYR,1998,Syria,Low income,Middle East & North Africa,4640692308.0,4696403846.0,0.0466760747306022,0.0217974776953637,-0.3672380817869032,-0.0058333993585339,-0.0327451019831769,0.0467591546348495,0.1707957096922555
0.0,1.0,23.75015853790195,4.480757793183988,-9.0,60.0,38.0,SYR,1999,Syria,Low income,Middle East & North Africa,5129922481.0,5078313953.0,0.0265504559026296,0.00932045340046,-0.5981820780398784,0.0258674925655391,-0.0415354822374284,0.0393594937851352,0.1511620864516081
0.0,1.0,23.756892241440152,4.505698393162321,-6.0,60.0,39.0,SYR,2000,Syria,Low income,Middle East & North Africa,6839334310.0,5523717815.0,0.0196016326236372,0.0270870614313132,-0.3384131834322879,0.0080327228412403,-0.0193430983841658,0.043154913014762,0.3205652477324188
0.0,1.0,23.767310651864314,4.530244564634966,-6.0,60.0,40.0,SYR,2001,Syria,Low income,Middle East & North Africa,7464741326.0,6168564305.0,0.0169180987419209,0.0317700703114227,-0.3026836024941344,0.0004017343793132,-0.0176926153384998,0.0482270257246718,0.3709416969853868
0.0,1.0,23.8060969623015,4.55440553058317,-6.0,60.0,41.0,SYR,2002,Syria,Low income,Middle East & North Africa,8216795445.0,6591622611.0,0.0163807514056853,0.0324997558945624,-0.2616548300659889,-0.0110233619180723,-0.0123403571130659,0.0528956740932622,0.4085260531518029
0.0,0.0,23.875664395837212,4.579252813685647,-6.0,60.0,42.0,SYR,2003,Syria,Low income,Middle East & North Africa,7030359683.0,6404206462.0,0.0098579724862594,-0.0158953175102432,-0.2683850935236235,-0.006937038829689,-0.0009281191700179,0.0591495262407857,0.4568576234042964
1.0,0.0,23.94241571165952,4.6040732725985105,-6.0,60.0,43.0,SYR,2004,Syria,Low income,Middle East & North Africa,10147425743.0,9449227723.0,-0.1068983655584447,-0.0143687891757265,-0.32101085010262,-0.0288957943588268,-0.004159985772959,0.0686196905691808,0.743961604313004
1.0,0.0,24.00271160023476,4.629765323584028,-6.0,60.0,44.0,SYR,2005,Syria,Low income,Middle East & North Africa,11844406130.0,11281149425.0,-0.0906829681767991,-0.0076616298754762,-0.2333306913324613,-0.0287999123766041,-0.005199036228823,0.0772879550410517,0.9019890077835072
1.0,0.0,24.051941625321017,4.672249077650353,-6.0,60.0,45.0,SYR,2006,Syria,Low income,Middle East & North Africa,13167057674.0,11878533724.0,-0.0872670825939966,-0.0081591359544751,-0.1502639718431228,-0.0192127463681828,-0.0049018047761435,0.0926818208722393,1.0160777116531707
1.0,0.0,24.107135922786036,4.733767260362692,-6.0,60.0,46.0,SYR,2007,Syria,Low income,Middle East & North Africa,15617340809.0,15289807769.0,-0.0863588452009193,-0.0090169906322421,-0.094926980439756,-0.078432568184431,-0.011464117263544,0.0946294108803196,1.0749158848705045
1.0,0.0,24.150929555885508,4.769162621043139,-6.0,60.0,47.0,SYR,2008,Syria,Low income,Middle East & North Africa,19741840053.0,19270827060.0,-0.0836825222093825,-0.0081814038990894,-0.0752448986761412,-0.0846936844911887,-0.0168801320867111,0.0964854024778558,1.0864728149608325
1.0,0.0,24.20836833458589,4.784773001184456,-6.0,60.0,48.0,SYR,2009,Syria,Low income,Middle East & North Africa,15724551096.0,16712093143.0,-0.0791091247741946,-0.0079008562649622,-0.0517219873117026,-0.0900186473497414,-0.018679434548363,0.0973780386242332,1.0747508844098577
1.0,0.0,24.258984505255462,4.807566130533629,-6.0,60.0,49.0,SYR,2010,Syria,Low income,Middle East & North Africa,19747456812.0,19548915139.0,-0.0772580270531209,-0.0087575374750849,-0.0584882514029,-0.1235945592963555,-0.0186590664532159,0.0934011324139414,1.0701882507118197
1.0,0.0,24.287085963019052,4.825012449242444,-6.0,60.0,50.0,SYR,2011,Syria,Low income,Middle East & North Africa,13081933251.0,21157918970.0,-0.0776448528701038,-0.0111660553135521,-0.1235003092434748,-0.2107833447643688,-0.0178670877749736,0.0706449628388216,1.023780027513076
1.0,0.0,23.981389031997207,4.819826611322578,-9.0,60.0,51.0,SYR,2012,Syria,Low income,Middle East & North Africa,3331967972.0,11943881866.0,-0.0921318026832235,-0.0215636613544535,-0.3657183468270038,-0.2773094456679354,-0.0334792320646321,0.0456180078422628,1.0078814665094482
1.0,0.0,23.67622045575602,4.770618950275264,-9.0,60.0,52.0,SYR,2013,Syria,Low income,Middle East & North Africa,1661482225.0,7888121085.0,-0.0855007221111596,-0.004703091378167,-1.1407025558826476,-0.4326535085201833,-0.0254255294682493,0.0158816426798056,0.8292106418020198
1.0,1.0,23.56740576009757,4.704154872878421,-9.0,60.0,53.0,SYR,2014,Syria,Low income,Middle East & North Africa,1508537236.0,10159432249.0,-0.0757650415066411,0.0081395760281905,-1.2799734343042717,-0.455170242813729,-0.0242052682027635,0.0030571469316328,0.7795778173797444
1.0,1.0,23.524709180297965,4.661373646505224,-9.0,60.0,54.0,SYR,2015,Syria,Low income,Middle East & North Africa,2353296642.0,6058999272.0,-0.0779071940052568,0.0045776158286088,-0.98091090503927,0.0050412085189237,-0.0205682084349525,-0.0358281853189381,0.9692175984925666
1.0,1.0,23.45850964593971,4.649421497513435,-9.0,60.0,55.0,SYR,2016,Syria,Low income,Middle East & North Africa,2731227397.0,5723436973.0,-0.0667184927829044,0.0045901002312573,-0.9969988216501195,0.0307632360609032,-0.017058591918719,-0.0411415071629329,0.9673674145315674
1.0,1.0,23.4512505444915,4.651026661574424,-9.0,60.0,56.0,SYR,2017,Syria,Low income,Middle East & North Africa,3165874598.0,6828054268.0,-0.0668108645371557,0.0042302306752672,-1.0135181469466463,0.01076044596952,-0.01712433346332,-0.0371088613515315,0.9547097222578896
1.0,1.0,23.465086150359863,4.669230984909573,-9.0,60.0,57.0,SYR,2018,Syria,Low income,Middle East & North Africa,3206830228.0,7683752902.0,-0.0668088486839313,0.0042905003802118,-1.0270915209132423,-0.0098318045446093,-0.0179828617714178,-0.0338657976693221,0.9527081135501894
0.0,0.0,23.34339895583181,3.3835903981151247,-6.0,63.0,29.0,TZA,1990,Tanzania,Lower middle income,Sub-Saharan Africa,537502279.4,1595096446.0,0.0034069720647212,0.0013434308678467,-0.8815634877247259,0.0824154878484558,-0.0135997105622378,-0.0175412968374843,-0.1882174891550282
0.0,0.0,23.363907100974988,3.408935708431227,-6.0,63.0,30.0,TZA,1991,Tanzania,Lower middle income,Sub-Saharan Africa,508648082.9,1667354019.0,0.0067538138945474,0.0018832679423829,-0.8843743702185333,0.0834953803541999,-0.0123390626925872,-0.0179340141276468,-0.1752484456427281
0.0,0.0,23.369733316884886,3.4339066470469346,-5.0,63.0,31.0,TZA,1992,Tanzania,Lower middle income,Sub-Saharan Africa,572500411.4,1810820837.0,0.0075151944333349,0.001448778680237,-0.916007136262815,0.0898279848783493,-0.0213937018743463,-0.0192085769780264,-0.1175346442861194
0.0,0.0,23.38171920638043,3.465280419708051,-5.0,63.0,32.0,TZA,1993,Tanzania,Lower middle income,Sub-Saharan Africa,765667146.1,2031247910.0,0.0089007646887238,0.0019866619825022,-0.9282392366670148,0.0933171439541839,-0.0220492479603807,-0.0191982761901121,-0.065299736009404
0.0,0.0,23.39727421515608,3.5036984052666615,-5.0,63.0,33.0,TZA,1994,Tanzania,Lower middle income,Sub-Saharan Africa,929865169.6,1967855656.0,0.0079809384106958,0.0023215367946845,-0.942256241451671,0.0917082533744333,-0.0223097516231517,-0.0194259995426308,-0.046148598025881
0.0,0.0,23.432350890803754,3.5351636866569143,-1.0,63.0,34.0,TZA,1995,Tanzania,Lower middle income,Sub-Saharan Africa,1265179894.0,2181321247.0,0.0077368697242833,0.0017844591784973,-0.9275737364572584,0.0882457666096609,-0.0215197118767181,-0.0293251650263665,-0.0049558689138944
0.0,0.0,23.476792248817798,3.55350014657444,-1.0,63.0,35.0,TZA,1996,Tanzania,Lower middle income,Sub-Saharan Africa,1295157276.0,2075112791.0,0.0083253591479699,0.0009272334604727,-0.9103337109889992,0.0900018130027031,-0.0214995722571803,-0.0384716888834887,0.0297418761079605
0.0,0.0,23.51143787945254,3.573727581410381,-1.0,63.0,36.0,TZA,1997,Tanzania,Lower middle income,Sub-Saharan Africa,1246175398.0,1973944758.0,0.0089249789120389,0.0001302398216527,-0.8698623690763161,0.0956135720026336,-0.029121846486534,-0.048547999009405,0.1005798153002329
0.0,0.0,23.547851884376513,3.6000537308294067,-1.0,63.0,37.0,TZA,1998,Tanzania,Lower middle income,Sub-Saharan Africa,1230116907.0,1952293754.0,0.0088422083947405,-0.0003153021006968,-0.8658958086857198,0.0986003247934447,-0.0306705335694644,-0.0511097679500173,0.1044547599479752
0.0,0.0,23.595344671682735,3.6268313942682333,-1.0,63.0,38.0,TZA,1999,Tanzania,Lower middle income,Sub-Saharan Africa,1291630219.0,1887255247.0,0.0073558246552011,-0.0002279524801995,-0.8635590067531941,0.097471953586549,-0.032235132894978,-0.0538026510498271,0.123134959601072
0.0,0.0,23.6395604333215,3.655246637705009,-1.0,63.0,39.0,TZA,2000,Tanzania,Lower middle income,Sub-Saharan Africa,1445863126.0,1761905478.0,0.007746731687381,-0.0017153821475573,-0.8432274692503726,0.0889685363658986,-0.0385414618732669,-0.0709889668734996,0.1558903121680273
0.0,0.0,23.6984971211502,3.6822618449592226,-1.0,63.0,40.0,TZA,2001,Tanzania,Lower middle income,Sub-Saharan Africa,1876854721.0,1925151110.0,0.0138386432480433,-0.002526213418224,-0.8066649465126917,0.0719039429703346,-0.0394077176314238,-0.0785340907260301,0.1983779974991304
0.0,0.0,23.767026371685933,3.7081469171568373,-1.0,63.0,41.0,TZA,2002,Tanzania,Lower middle income,Sub-Saharan Africa,2017946247.0,1867597428.0,0.0217582971378204,-0.0190379641376479,-0.5404006998551172,0.003851923191781,-0.0421858917543958,-0.1764094708302674,0.3103062036400861
0.0,0.0,23.831622295830563,3.734599481184199,-1.0,63.0,42.0,TZA,2003,Tanzania,Lower middle income,Sub-Saharan Africa,2295888514.0,2335832405.0,0.0147804989747167,-0.0204982516874684,-0.4893405429274632,-0.0006396670310803,-0.0416932445252693,-0.195272591793858,0.4079253139913429
0.0,0.0,23.903978441993306,3.761732090681402,-1.0,63.0,43.0,TZA,2004,Tanzania,Lower middle income,Sub-Saharan Africa,2675290129.0,2928490610.0,0.014528462118355,-0.0180473927653907,-0.4532863330209002,-0.0012240896986602,-0.0441606633434566,-0.1890703700785786,0.4944920248510853
0.0,0.0,23.97607879332399,3.7894834849115795,-1.0,63.0,44.0,TZA,2005,Tanzania,Lower middle income,Sub-Saharan Africa,3124155526.0,3674644589.0,0.0144260127054827,-0.0201755107914324,-0.3926439438898444,0.0091675587771785,-0.0491744614933364,-0.2142644722356634,0.6153187959415702
0.0,0.0,24.039356095013396,3.817489047185901,-1.0,63.0,45.0,TZA,2006,Tanzania,Lower middle income,Sub-Saharan Africa,3428845589.0,4534527045.0,0.0143429397844066,-0.0168764518545342,-0.3504306984431349,0.0169517857506704,-0.0478793320656349,-0.2175739071668021,0.7044304853465919
0.0,0.0,24.104849177924812,3.845402378371642,-1.0,63.0,46.0,TZA,2007,Tanzania,Lower middle income,Sub-Saharan Africa,4335060982.0,6170713086.0,0.0140038213539111,-0.01733589282661,-0.3520970752979576,0.0157779081163273,-0.049591112568193,-0.2413557726052524,0.7540167261074392
0.0,0.0,24.16015537001771,3.8724309683666744,-1.0,63.0,47.0,TZA,2008,Tanzania,Lower middle income,Sub-Saharan Africa,5439934817.0,8261916291.0,0.0140350384210318,-0.0168744766288604,-0.3394412281668655,0.0214037123259237,-0.0529294656096624,-0.2381118133639665,0.7781457392985808
0.0,0.0,24.211505162686574,3.897100338011533,-1.0,63.0,48.0,TZA,2009,Tanzania,Lower middle income,Sub-Saharan Africa,5349218508.0,7449615764.0,0.0137521745259847,-0.0163673662295968,-0.3231726596405047,0.0232812303135491,-0.0526560872083372,-0.237006318362861,0.7770760858092016
0.0,0.0,24.272943791231672,3.922545190167451,-1.0,63.0,49.0,TZA,2010,Tanzania,Lower middle income,Sub-Saharan Africa,6276937179.0,8974145682.0,0.0139437575971367,-0.0160737439029754,-0.3066307745038207,0.0254890762663461,-0.0516376368652151,-0.2318170506021218,0.7979401849073646
0.0,0.0,24.346864617769317,3.950543693236233,-1.0,63.0,50.0,TZA,2011,Tanzania,Lower middle income,Sub-Saharan Africa,7497823535.0,11967748810.0,0.0139850345226822,-0.0224640019020914,-0.2785173814741156,0.0293963132534651,-0.0511048898469135,-0.2239124080146663,0.8145947016159978
0.0,0.0,24.390882972655273,3.979343130628114,-1.0,63.0,51.0,TZA,2012,Tanzania,Lower middle income,Sub-Saharan Africa,8870630510.0,12686872212.0,0.0113237971860735,-0.0199131247027386,-0.2285336579144024,0.0282224128593048,-0.0514039400933467,-0.2075817158953617,0.8424113802530677
0.0,0.0,24.456498278863982,4.009488704430879,-1.0,63.0,52.0,TZA,2013,Tanzania,Lower middle income,Sub-Saharan Africa,8679120270.0,13520661956.0,0.0088921013236214,-0.0181832660015968,-0.187839847845056,0.0288941698626667,-0.0457633899488715,-0.1903647053992358,0.8709162113598087
0.0,0.0,24.52165343985864,4.040292736055542,-1.0,63.0,53.0,TZA,2014,Tanzania,Lower middle income,Sub-Saharan Africa,9032206214.0,13639784608.0,0.0064565178584067,-0.016560847897553,-0.2495714847307503,0.0115588757796248,-0.0452795349992917,-0.1977202749925172,0.9519600910900556
0.0,0.0,24.58143656677514,4.0729108402038765,3.0,63.0,54.0,TZA,2015,Tanzania,Lower middle income,Sub-Saharan Africa,8110109049.0,11214705082.0,0.0002939920235947,-0.003928372043108,0.2409462972856251,0.0218918224181991,-0.0472353933397993,-0.1250822031195859,0.775243692959886
0.0,0.0,24.647852538738128,4.106983793387302,3.0,63.0,55.0,TZA,2016,Tanzania,Lower middle income,Sub-Saharan Africa,8138103521.0,9492226418.0,-0.002835009347746,-0.0007714820598171,0.3310391101270807,0.0209287860769387,-0.0546482907172309,-0.1202573035065265,0.7565069340642109
0.0,0.0,24.71350618895435,4.14039809554831,3.0,63.0,56.0,TZA,2017,Tanzania,Lower middle income,Sub-Saharan Africa,8344707045.0,9295988101.0,-0.0034379295212679,-0.0003757465012622,0.3527665411891495,0.0235602830098224,-0.0545765194156609,-0.1216586951756561,0.7661440527756819
0.0,0.0,24.76652518567449,4.171955306915651,3.0,63.0,57.0,TZA,2018,Tanzania,Lower middle income,Sub-Saharan Africa,8401858983.0,10205640648.0,-0.003932103675399,-0.0007623072628352,0.3977912847034034,0.0241589890261068,-0.0545126139477911,-0.1314214581118079,0.7503785455070808
0.0,0.0,24.968072587610205,3.6332444544655798,9.0,62.0,0.0,TUR,1961,Turkey,Upper middle income,Europe & Central Asia,411111111.1,544444444.4,0.0012219802470199,0.0001808520994525,0.3778266856887914,0.0072799296921283,-0.0788829496376585,-0.0654580075708892,-2.519905747193579
0.0,0.0,25.022290173614188,3.660243767282727,9.0,62.0,1.0,TUR,1962,Turkey,Upper middle income,Europe & Central Asia,500000000.0,711111111.1,0.0015073467612285,0.0004057927156406,0.4029166320637057,0.0068762196208149,-0.0770830657965415,-0.0663315255930334,-2.5166385943213285
0.0,0.0,25.109075992731377,3.686981971281476,9.0,62.0,2.0,TUR,1963,Turkey,Upper middle income,Europe & Central Asia,433333333.3,722222222.2,-2.4584315894624295e-05,0.0003536542616439,0.4407969503271321,-0.0003517040136843,-0.0844251374626235,-0.0709272130190198,-2.5277060130095217
0.0,0.0,25.162228597113657,3.7131993760442583,9.0,62.0,3.0,TUR,1964,Turkey,Upper middle income,Europe & Central Asia,500000000.0,611111111.1,0.0026232989597956,0.0002169275845075,0.4698733211093368,-0.0098869044396129,-0.0840128151002631,-0.072543056854998,-2.5208166715863194
0.0,0.0,25.190072624562113,3.7383116502319798,8.0,62.0,4.0,TUR,1965,Turkey,Upper middle income,Europe & Central Asia,544444444.4,644444444.4,0.0031991040190096,-6.08584341536676e-05,0.5090157068397816,-0.0113020183664488,-0.0904146434290556,-0.0731939378847041,-2.473734385844742
0.0,0.0,25.29634805687642,3.7637225187352614,8.0,62.0,5.0,TUR,1966,Turkey,Upper middle income,Europe & Central Asia,577777777.8,800000000.0,0.0020411277506676,-0.0007862963800802,0.6702980403037313,-0.0220127387625678,-0.1100362156768303,-0.098189434329457,-2.4600886565108575
0.0,0.0,25.34258544603892,3.789687795832007,8.0,62.0,6.0,TUR,1967,Turkey,Upper middle income,Europe & Central Asia,644444444.4,777777777.8,0.0022622161877859,-0.0002490419937573,0.788059029068051,-0.0242739011105841,-0.1019728599195891,-0.1227048312805868,-2.399299228778559
0.0,0.0,25.408170990953355,3.814953353379946,8.0,62.0,7.0,TUR,1968,Turkey,Upper middle income,Europe & Central Asia,644444444.4,888888888.9,0.0029816212853782,-0.0010569622033235,0.98419411573204,-0.0438990343257586,-0.0952374429535859,-0.1104016448989405,-2.23624906144814
0.0,0.0,25.448172704536837,3.839451725711418,8.0,62.0,8.0,TUR,1969,Turkey,Upper middle income,Europe & Central Asia,700000000.0,922222222.2,0.0026749704299122,-0.0007245732829878,0.9382606009073908,-0.0531923788767777,-0.0916815286464339,-0.1212350127026531,-2.2783822818766515
0.0,0.0,25.479989046056822,3.8629440439107743,8.0,62.0,9.0,TUR,1970,Turkey,Upper middle income,Europe & Central Asia,790909090.9,1136363636.0,0.0050197388420533,0.0003429231311512,1.041777601614089,-0.0941883813598576,-0.0504137603428765,-0.0532211244986867,-2.035399269936206
0.0,0.0,25.534164813728076,3.886682502211962,-2.0,62.0,10.0,TUR,1971,Turkey,Upper middle income,Europe & Central Asia,860000000.0,1333333333.0,0.0052489605980703,0.0013890300003987,1.0972562312056056,-0.1220054573664508,-0.0424679495260042,-0.0177872601550287,-1.918350310996978
0.0,0.0,25.60579499506321,3.910689554377328,-2.0,62.0,11.0,TUR,1972,Turkey,Upper middle income,Europe & Central Asia,1242857143.0,1764285714.0,0.0043706181041533,0.0012115819905605,1.076481610482941,-0.1503669423093019,-0.0455126039012319,-0.0014785744065078,-1.8398028536122817
0.0,0.0,25.637896710308866,3.9338211116078368,9.0,62.0,12.0,TUR,1973,Turkey,Upper middle income,Europe & Central Asia,1828571429.0,2364285714.0,0.0025450805656276,0.0036643097336167,1.1260868185454311,-0.1263953254461178,-0.0522985721290224,-0.0149199252936004,-1.5135138301391424
1.0,0.0,25.692335804764245,3.9559669394759,9.0,62.0,13.0,TUR,1974,Turkey,Upper middle income,Europe & Central Asia,2028571429.0,3992857143.0,-0.0587710875757447,0.0083402876752963,1.3187363339278793,-0.1329016569998026,-0.0754495322676051,-0.0126997190229468,-1.3145251760004055
1.0,0.0,25.7616200540417,3.976712383061304,9.0,62.0,14.0,TUR,1975,Turkey,Upper middle income,Europe & Central Asia,2035714286.0,5171428571.0,-0.062216236173606,0.0156630619461466,1.4791954193745969,-0.1378468450122746,-0.0819806168199181,-0.0127794636005288,-1.2020573697793913
1.0,0.0,25.86111511076906,3.9971308442546913,9.0,62.0,15.0,TUR,1976,Turkey,Upper middle income,Europe & Central Asia,2500000000.0,5487500000.0,-0.0492755359507446,0.0141203568195823,1.4252001229866735,-0.1144092175784599,-0.0960323929679889,-0.0300436225872311,-1.2212898868732154
1.0,0.0,25.894613095628895,4.0177594285639024,9.0,62.0,16.0,TUR,1977,Turkey,Upper middle income,Europe & Central Asia,2238888889.0,6283333333.0,-0.0432752756107912,0.0181068251962961,1.4519045950938096,-0.1051572573275496,-0.0912542245606299,-0.0331357948504245,-1.125276263144415
1.0,0.0,25.909528106829022,4.037941138423079,9.0,62.0,17.0,TUR,1978,Turkey,Upper middle income,Europe & Central Asia,2733333333.0,4804166667.0,-0.045736388991125,0.0193554118179787,1.4722867404217372,-0.1053079702870601,-0.0892988841692215,-0.0284838921037098,-1.0639870089983356
0.0,1.0,25.903266900676403,4.0575689203376495,9.0,62.0,18.0,TUR,1979,Turkey,Upper middle income,Europe & Central Asia,2883870968.0,5270967742.0,0.0059084680945747,-0.0622896804860132,1.376047111739568,-0.0755051617067034,-0.0546797868362899,-0.0260574744559256,-0.8395197199540761
0.0,1.0,25.878491975192162,4.077551648381107,-5.0,62.0,19.0,TUR,1980,Turkey,Upper middle income,Europe & Central Asia,3552631579.0,8209210526.0,0.0069241541919854,-0.0795929103425938,1.410150874492582,-0.0522212318027143,-0.0495640117293747,-0.0200043800753647,-0.5852355400582895
0.0,1.0,25.925914459413637,4.097444922800158,-5.0,62.0,20.0,TUR,1981,Turkey,Upper middle income,Europe & Central Asia,5863063063.0,9185585586.0,0.0071845185227963,-0.0436630240967763,1.6217176438040302,-0.0388458296496771,-0.0380442745514289,0.0311961845453188,-0.330332664745936
0.0,1.0,25.96092514361897,4.118822731333308,-5.0,62.0,21.0,TUR,1982,Turkey,Upper middle income,Europe & Central Asia,7636809816.0,9666257669.0,0.0071182778772159,-0.0273705358385122,1.6618251308921603,-0.0342118238951985,-0.042503439813092,0.0311372929742244,-0.3078177763761786
0.0,1.0,26.009439769547754,4.142324278861286,7.0,62.0,22.0,TUR,1983,Turkey,Upper middle income,Europe & Central Asia,7708888889.0,10233333333.0,0.0057605331316528,-0.0251523004568471,1.6499860772569193,-0.0342794313416164,-0.0756766073311749,0.027282349178205,-0.3369864200318205
0.0,1.0,26.07440333167782,4.165313293766855,7.0,62.0,23.0,TUR,1984,Turkey,Upper middle income,Europe & Central Asia,9354223433.0,11791825613.0,0.0051308455342552,-0.0244657624620621,1.6519575707365377,-0.035895509138,-0.0758217649165802,0.0285411597564421,-0.3142787593798226
0.0,1.0,26.115942931762778,4.187517135335927,7.0,62.0,24.0,TUR,1985,Turkey,Upper middle income,Europe & Central Asia,10663601533.0,12751532567.0,0.0053778743469357,-0.0239438033647584,1.6538774485647731,-0.0364337128168737,-0.0744489846682561,0.029770774770429,-0.3032563500758125
0.0,1.0,26.183714807991578,4.208806344320496,7.0,62.0,25.0,TUR,1986,Turkey,Upper middle income,Europe & Central Asia,10073925926.0,12184888889.0,0.0048968395582168,-0.024213347236247,1.6614133881139208,-0.0373162816157222,-0.0745041318032928,0.0309764425232593,-0.2936218592150602
0.0,1.0,26.27433604121275,4.229183331294977,7.0,62.0,26.0,TUR,1987,Turkey,Upper middle income,Europe & Central Asia,13584947491.0,15482730455.0,0.0045071596892891,-0.0240635550019577,1.6650329862698217,-0.0341789104522733,-0.0756340217058385,0.0304599361896966,-0.2578309122091449
0.0,1.0,26.297281253543545,4.249154451009095,7.0,62.0,27.0,TUR,1988,Turkey,Upper middle income,Europe & Central Asia,16951828411.0,15951195499.0,0.0042654889587153,-0.0244539197959219,1.670981752171638,-0.0301834854525036,-0.0770014814590564,0.0346427884723824,-0.20728646263218
0.0,1.0,26.300176598762892,4.26875527662364,9.0,62.0,28.0,TUR,1989,Turkey,Upper middle income,Europe & Central Asia,17357728558.0,19048020735.0,0.0021585759649736,-0.0239347774461352,1.6878130659326114,-0.0274776285890452,0.0054516986887061,0.0397669517259477,-0.2275125164558908
0.0,1.0,26.38879246614808,4.287476122324155,9.0,62.0,29.0,TUR,1990,Turkey,Upper middle income,Europe & Central Asia,20135262553.0,26482062093.0,0.003545619091277,-0.0238530152477615,1.7364161051902454,-0.0302767939551561,0.0050395565204254,0.0439206767192651,-0.207829142680491
0.0,1.0,26.39597035603175,4.3050701080075635,9.0,62.0,30.0,TUR,1991,Turkey,Upper middle income,Europe & Central Asia,20904913710.0,25124448706.0,0.0038753540556305,-0.0251838158643584,1.7489671468771315,-0.0284230051285482,0.0065936403091918,0.044342102830121,-0.1813585705023891
0.0,1.0,26.445101042710064,4.322118015778667,9.0,62.0,31.0,TUR,1992,Turkey,Upper middle income,Europe & Central Asia,22898733993.0,27596929569.0,0.006287724153677,-0.0195276050790434,1.8919310296023697,-0.0267010549446826,-0.0029185771568035,0.0510740967328593,-0.1225786519019509
0.0,1.0,26.51882802421099,4.339368724250279,8.0,62.0,32.0,TUR,1993,Turkey,Upper middle income,Europe & Central Asia,24669695039.0,34898334092.0,0.0104482684743775,-0.0096182233233873,2.171609844141712,-0.0299925190747622,-0.0662070177618889,0.0634239875951791,-0.0536533214472998
0.0,1.0,26.47102053892494,4.356753735681168,8.0,62.0,33.0,TUR,1994,Turkey,Upper middle income,Europe & Central Asia,27909720018.0,26631422878.0,0.0084551399339584,-0.0140572463578169,2.0284871786448284,-0.0274779828540217,-0.0637617282049743,0.0561960722777284,0.0336120703148934
0.0,1.0,26.546853006032784,4.373120871198952,8.0,62.0,34.0,TUR,1995,Turkey,Upper middle income,Europe & Central Asia,43006009379.0,41468208092.0,0.0082631426705392,-0.0075276926553806,2.2246906547288483,-0.0252993664716544,-0.0563600963584704,0.0643396045970301,0.0714203255432859
0.0,1.0,26.61805427178893,4.388191312068646,8.0,62.0,35.0,TUR,1996,Turkey,Upper middle income,Europe & Central Asia,48967049936.0,50297738468.0,0.0084823360641722,-0.0057160094228927,2.3652734991956064,-0.0281701179838358,-0.0478782445323504,0.0717581755242383,0.0814419771446386
0.0,1.0,26.691098333868844,4.402643524730887,7.0,62.0,36.0,TUR,1997,Turkey,Upper middle income,Europe & Central Asia,56559938761.0,56251261318.0,0.0070733164091354,-0.0048990801068831,2.3768810003738094,-0.0266650334281234,-0.055274920717451,0.0727359612206873,0.1330638984320613
0.0,1.0,26.714855376242543,4.416569580603951,7.0,62.0,37.0,TUR,1998,Turkey,Upper middle income,Europe & Central Asia,57013676915.0,54441094414.0,0.0067485999776029,-0.0045977592116436,2.376931503138324,-0.026828488772274,-0.0548446934511239,0.0713418972706304,0.1459390139175818
0.0,1.0,26.681680194005466,4.429934771161714,7.0,62.0,38.0,TUR,1999,Turkey,Upper middle income,Europe & Central Asia,48333647259.0,48346453175.0,0.0062801092110245,-0.0035611573074743,2.3480479463361297,-0.0273505340684256,-0.0559937750973363,0.0672516072599722,0.1583789528181393
0.0,1.0,26.748713849041753,4.442764535956308,7.0,62.0,39.0,TUR,2000,Turkey,Upper middle income,Europe & Central Asia,54766754849.0,61657012663.0,0.0051800889757995,-0.0025302660593794,2.364713071136952,-0.0253953110639024,-0.0563999828100749,0.072848511659896,0.2066433897406283
0.0,1.0,26.689494623986132,4.4552073216744414,7.0,62.0,40.0,TUR,2001,Turkey,Upper middle income,Europe & Central Asia,55193312761.0,45792581438.0,0.0051993050003381,-0.0021422840331905,2.3311925015019868,-0.0266469425597642,-0.0613804510499419,0.0694015737077919,0.2332163427583362
0.0,1.0,26.75197799808106,4.467266036955721,7.0,62.0,41.0,TUR,2002,Turkey,Upper middle income,Europe & Central Asia,60832867533.0,54987639146.0,0.005443030205724,-0.0021112474845558,2.3699119705862386,-0.0263645588931581,-0.0588329735380269,0.0739797870769865,0.256862442039993
0.0,1.0,26.80801123343261,4.478875478649855,7.0,62.0,42.0,TUR,2003,Turkey,Upper middle income,Europe & Central Asia,73154313089.0,73087556675.0,0.004547641898049,-0.0002684677842813,2.483497495350791,-0.0242924640002918,-0.0595238278037596,0.0839192442902437,0.3593232343177746
0.0,1.0,26.90146303100276,4.49003030415847,7.0,62.0,43.0,TUR,2004,Turkey,Upper middle income,Europe & Central Asia,97840598666.0,103109000000.0,0.005308376114632,-0.0010617290596139,2.6144666170847635,-0.0193996549600585,-0.0720071537495392,0.0829660335706516,0.5521685832987077
0.0,1.0,26.98757035543075,4.500716722278685,7.0,62.0,44.0,TUR,2005,Turkey,Upper middle income,Europe & Central Asia,112433000000.0,122961000000.0,0.0061336028093424,0.0008590150467369,2.6463340708758727,-0.0260150495890147,-0.0741419465605942,0.0630005946352306,0.6862826699621141
0.0,1.0,27.05474277549779,4.5109882742698835,7.0,62.0,45.0,TUR,2006,Turkey,Upper middle income,Europe & Central Asia,126909000000.0,147025000000.0,0.0053117242412457,0.001286178728321,2.6548172871676567,-0.0285235993887138,-0.0747970828720279,0.0631352779275517,0.7458907283211167
0.0,1.0,27.103947539517808,4.512596836923591,7.0,62.0,46.0,TUR,2007,Turkey,Upper middle income,Europe & Central Asia,152036000000.0,177062000000.0,0.0048183544861216,0.0019763944762359,2.6643779527399354,-0.0296529614085911,-0.0730446484486432,0.0654612666053115,0.8167340111999538
0.0,1.0,27.112064189207867,4.525252870535955,7.0,62.0,47.0,TUR,2008,Turkey,Upper middle income,Europe & Central Asia,185490000000.0,208121000000.0,0.0046437133363268,0.0010604118254544,2.6719436659669045,-0.0353074012827749,-0.0696776123184476,0.0640017337435537,0.866074310589482
0.0,1.0,27.062631702051103,4.5390558976879705,7.0,62.0,48.0,TUR,2009,Turkey,Upper middle income,Europe & Central Asia,155351000000.0,152235000000.0,0.0053153071342443,0.0007928084303627,2.6031291312903435,-0.0274084109242038,-0.0768025746900776,0.0680270642731834,0.8573107183583839
0.0,1.0,27.143539227947837,4.554250207067545,7.0,62.0,49.0,TUR,2010,Turkey,Upper middle income,Europe & Central Asia,168951000000.0,198402000000.0,0.00296116315445,0.003269576605885,2.8644028766545166,-0.0772264254234234,-0.0518250185032965,0.046343308468633,0.973680223472418
0.0,1.0,27.249700665432794,4.568927948664561,9.0,62.0,50.0,TUR,2011,Turkey,Upper middle income,Europe & Central Asia,198304000000.0,254619000000.0,0.0020885846284798,0.006216925978924,2.911578168172358,-0.1036265937940127,0.0022766007136296,0.0328146858117504,1.0401376095839483
0.0,1.0,27.296473825409226,4.581675128911786,9.0,62.0,51.0,TUR,2012,Turkey,Upper middle income,Europe & Central Asia,221029000000.0,251096000000.0,0.002092486104334,0.006266733677124,2.910294883153988,-0.1053749238443083,0.0023246511027966,0.0331408569715825,1.0427412939295575
0.0,1.0,27.377923384221152,4.594519276391934,9.0,62.0,52.0,TUR,2013,Turkey,Upper middle income,Europe & Central Asia,234800000000.0,275806000000.0,0.0020892333163043,0.006320591585044,2.908424587440964,-0.1055971074324761,0.0023282867719326,0.0331574317198776,1.0423793846076048
0.0,1.0,27.426139790414812,4.6080101654261405,3.0,62.0,53.0,TUR,2014,Turkey,Upper middle income,Europe & Central Asia,243288000000.0,268468000000.0,0.0027531480005862,0.0043338383891002,2.990121523532695,-0.1031766829007451,-0.0299300899055224,0.0325452656092496,1.0167740937155911
0.0,1.0,27.48520543660795,4.621351323402637,3.0,62.0,54.0,TUR,2015,Turkey,Upper middle income,Europe & Central Asia,218795000000.0,230162000000.0,0.0027645272797771,0.0042936134508159,2.996949153791724,-0.1039243478620993,-0.0300929086915139,0.0329350460966817,1.0104960123755655
0.0,1.0,27.51789608988159,4.634805582383607,-4.0,62.0,55.0,TUR,2016,Turkey,Upper middle income,Europe & Central Asia,205793000000.0,219777000000.0,0.002818178350585,0.004244800359092,2.9923878171644427,-0.1035369950956337,-0.0268044840130285,0.0330737712972414,1.0112380083782413
0.0,1.0,27.590234537447806,4.647773139259412,-4.0,62.0,56.0,TUR,2017,Turkey,Upper middle income,Europe & Central Asia,229268000000.0,255674000000.0,0.0028638730484543,0.0038815530588602,2.9992794392757256,-0.1038818722720607,-0.0269493612254761,0.0329027000132712,1.0053247645421748
1.0,1.0,27.6195981212381,4.661309169885863,-4.0,62.0,57.0,TUR,2018,Turkey,Upper middle income,Europe & Central Asia,250129000000.0,245158000000.0,-0.0249967833003139,0.0038330106762667,3.0127365399323756,-0.1101329748873386,-0.0296243859725007,0.0353922009260787,1.0299530392268872
1.0,1.0,23.090116104378474,2.127541648767016,-9.0,61.0,31.0,TKM,1992,Turkmenistan,Upper middle income,Europe & Central Asia,2148362352.0,1222206142.0,-0.0419746321206332,0.0060617801349058,-1.1425231867386534,0.1942592897472162,0.0997870430071321,0.0777367803367975,-0.2357577342737657
1.0,1.0,23.10500471858097,2.149534999649235,-9.0,61.0,32.0,TKM,1993,Turkmenistan,Upper middle income,Europe & Central Asia,2692664772.0,1951162672.0,-0.0398603979345323,0.0035257747598051,-1.108378720741852,0.1959406876405807,0.0748664836528682,0.0607310845397265,-0.1805705075029995
1.0,1.0,22.915055821822538,2.1702141723613586,-9.0,61.0,33.0,TKM,1994,Turkmenistan,Upper middle income,Europe & Central Asia,2175805363.0,2184704662.0,-0.0378138041937933,0.0059878584037891,-1.340771074221628,0.1894128021291684,0.1050468670236907,0.0885541154330654,-0.1767034193354983
1.0,1.0,22.84033183442395,2.188159336476428,-9.0,61.0,34.0,TKM,1995,Turkmenistan,Upper middle income,Europe & Central Asia,2084399936.0,2090200051.0,-0.0462208775464844,0.0092552723972815,-1.4337026021155426,0.1583647295616306,0.0733964487129166,0.0632612438267796,-0.1392013278033462
0.0,1.0,22.905182733281936,2.2053367691313457,-9.0,61.0,35.0,TKM,1996,Turkmenistan,Upper middle income,Europe & Central Asia,1774094537.0,1853898097.0,0.0039657548659374,0.0044257149240474,-1.4155063027208272,0.0875791282489963,0.0791522669487267,0.0568205657690989,-0.0864110841174867
0.0,1.0,22.784144402362625,2.222292139461626,-9.0,61.0,36.0,TKM,1997,Turkmenistan,Upper middle income,Europe & Central Asia,956099906.4,1584677699.0,0.0029296366471579,0.0045192303814321,-1.5744937592365926,0.0577650576653947,0.0358238647181546,0.0340486093821762,-0.0445639165850471
0.0,1.0,22.85273719708289,2.239161180422826,-9.0,61.0,37.0,TKM,1998,Turkmenistan,Upper middle income,Europe & Central Asia,774538535.2,1735264218.0,0.0030586439788101,0.0045062595768482,-1.525012223208592,0.0585287081120347,0.0294533858958835,0.0323649124525224,-0.0319690527924925
0.0,1.0,23.00545827978902,2.2575074127503356,-9.0,61.0,38.0,TKM,1999,Turkmenistan,Upper middle income,Europe & Central Asia,874285023.0,1342892020.0,0.0007902078295126,0.0036096213735864,-1.4168946118752654,0.0670447499653225,0.0288272944960894,0.0280146236185657,-0.0061782005656108
0.0,1.0,23.05870577271412,2.2774548567504103,-9.0,61.0,39.0,TKM,2000,Turkmenistan,Upper middle income,Europe & Central Asia,1604433018.0,1404226471.0,0.0012828501434297,0.0050904469515817,-1.3182012498035134,0.0826748398347246,0.0230468702457595,0.0125053877105393,0.0765869343615626
0.0,1.0,23.101227241147747,2.297488177058342,-9.0,61.0,40.0,TKM,2001,Turkmenistan,Upper middle income,Europe & Central Asia,1466653726.0,1431359919.0,0.0015252694050513,0.004138383772639,-1.2585649344863443,0.0808816444747701,0.0125272136479571,0.0010692821099921,0.1099544419618037
0.0,1.0,23.10379573896268,2.3174056706611648,-9.0,61.0,41.0,TKM,2002,Turkmenistan,Upper middle income,Europe & Central Asia,1580055401.0,1262466238.0,0.0016325821935811,0.0044288781112526,-1.2540906062390489,0.0822585204152848,0.0124744011624469,-0.0025675552214988,0.1327752935974281
0.0,1.0,23.1359611271811,2.337004920508266,-9.0,61.0,42.0,TKM,2003,Turkmenistan,Upper middle income,Europe & Central Asia,1949045099.0,1828801996.0,0.0017593890135679,0.004714954976059,-1.2115793212066173,0.0807517986185372,0.0044604753942489,-0.0134792439596221,0.2014073451847035
0.0,1.0,23.184755171668854,2.356192722141724,-9.0,61.0,43.0,TKM,2004,Turkmenistan,Upper middle income,Europe & Central Asia,2030569708.0,2025937934.0,0.0018096213469226,0.0047724884887652,-1.2091771800492572,0.082681490668635,-0.0013132750691158,-0.0223060932424954,0.2758362763639461
0.0,1.0,23.307273952568135,2.3750066053020196,-9.0,61.0,44.0,TKM,2005,Turkmenistan,Upper middle income,Europe & Central Asia,2486842105.0,1887023593.0,0.0021700995917751,0.0047571582727615,-1.171119466328957,0.092047508996619,-0.0155738166767588,-0.0310560379761143,0.3657981030731833
0.0,1.0,23.41139347346025,2.3936059522561473,-9.0,61.0,45.0,TKM,2006,Turkmenistan,Upper middle income,Europe & Central Asia,3608775982.0,1781062356.0,0.0022300711010341,0.0054034561473937,-1.1445099401363186,0.0977914137176099,-0.0177951936865813,-0.0374249466231136,0.4312241104766164
0.0,1.0,23.51628757561303,2.4122648693010493,-9.0,61.0,46.0,TKM,2007,Turkmenistan,Upper middle income,Europe & Central Asia,4657598499.0,2469512195.0,0.0033678395097544,0.0054385603430111,-1.065237008724525,0.1111763758510624,-0.0205793026730776,-0.0388793929389227,0.5305590907769758
0.0,1.0,23.65343741373261,2.4313385014601034,-9.0,61.0,47.0,TKM,2008,Turkmenistan,Upper middle income,Europe & Central Asia,11056875730.0,7197896377.0,0.0044663029314048,0.0068918797134497,-0.8117722390873334,0.1427420554819035,-0.0166813877623616,-0.0180307991956921,0.750329308946144
0.0,1.0,23.712649274474533,2.4510792074351206,-9.0,61.0,48.0,TKM,2009,Turkmenistan,Upper middle income,Europe & Central Asia,9517543860.0,11697894737.0,0.0045184967774609,0.0065948837641927,-0.7510582947637648,0.1468757952837018,-0.0166207852790163,-0.0091697160617441,0.8046011604966077
0.0,1.0,23.800660151683893,2.471552786692821,-9.0,61.0,49.0,TKM,2010,Turkmenistan,Upper middle income,Europe & Central Asia,10366666667.0,11508070175.0,0.0041094993653757,0.0399741883392428,-0.2863257019868226,0.1048531975979926,-0.0318986495710266,0.0407750696612935,0.934490967441322
0.0,1.0,23.93780998921233,2.4927241682088983,-9.0,61.0,50.0,TKM,2011,Turkmenistan,Upper middle income,Europe & Central Asia,17480701754.0,14986666667.0,0.0043086676032922,0.0460548558374164,-0.2018060447272104,0.1049801706139166,-0.0384086259531408,0.0526042005153992,0.942609717506908
0.0,1.0,24.043070499501752,2.514501813018961,-9.0,61.0,51.0,TKM,2012,Turkmenistan,Upper middle income,Europe & Central Asia,20688070175.0,17758245614.0,0.0038676755215813,0.0405075073759135,-0.1096426630039286,0.1013432518660439,-0.0236600316440001,0.0684971215895556,0.9722603581845808
0.0,1.0,24.140197211171976,2.536769716324567,-8.0,61.0,52.0,TKM,2013,Turkmenistan,Upper middle income,Europe & Central Asia,19535789474.0,19110175439.0,0.0042473463620461,0.0407041191653035,-0.0858854589299855,0.0943819015919818,-0.0333939725051973,0.0673327369946944,0.9730436526660732
0.0,1.0,24.238230951151177,2.5594001041815146,-8.0,61.0,53.0,TKM,2014,Turkmenistan,Upper middle income,Europe & Central Asia,20360701754.0,19287017544.0,0.0037339407579401,0.0401330170023996,-0.0460252519487033,0.090665701841221,-0.0355398574684147,0.0689947684483973,0.9330841571550398
0.0,1.0,24.30120574948323,2.582261142348217,-8.0,61.0,54.0,TKM,2015,Turkmenistan,Upper middle income,Europe & Central Asia,12771714286.0,16333428571.0,0.0037146087330043,0.0365605377084648,-0.0182820778032163,0.0825326536889226,-0.0371587342501336,0.0636867437852758,0.9209908035925638
0.0,1.0,24.361359671968096,2.605206355231953,-8.0,61.0,55.0,TKM,2016,Turkmenistan,Upper middle income,Europe & Central Asia,8011714286.0,14430000000.0,0.0036981238878968,0.0352020795844037,-0.0171860501473722,0.0686989897475212,-0.0430950551365878,0.0585804763681283,0.9338424336428454
0.0,1.0,24.424334471590456,2.628059426635677,-8.0,61.0,56.0,TKM,2017,Turkmenistan,Upper middle income,Europe & Central Asia,8521428571.0,11797714286.0,0.0020504459437341,0.0315519852314621,0.0002245439237511,0.0691096774976709,-0.0440353952526142,0.0327129563065126,0.9599433373320118
0.0,1.0,24.484488393853283,2.6506187177468807,-8.0,61.0,57.0,TKM,2018,Turkmenistan,Upper middle income,Europe & Central Asia,12188857143.0,8560857143.0,0.0018186483660086,0.0283155378238445,0.0199680084762883,0.0630429864923799,-0.0494613737464002,0.0181446322030922,0.9809416740007544
0.0,0.0,22.329397384575646,4.240378352045858,3.0,64.0,21.0,UGA,1982,Uganda,Low income,Sub-Saharan Africa,182500000.0,381500000.0,0.0062012338510062,0.0035301321653871,-2.3692794717031127,0.016283405401488,-0.0300246069250174,0.0388749832182426,-0.4656319706615537
0.0,0.0,22.38525355153145,4.265170058049889,3.0,64.0,22.0,UGA,1983,Uganda,Low income,Sub-Saharan Africa,194000000.0,305666666.7,0.005982787542513,0.0023120120857923,-2.279035338771672,0.0134070266253323,-0.0311123432153195,0.0304047900589724,-0.4634614376781253
0.0,0.0,22.38180083082697,4.291935576466843,3.0,64.0,23.0,UGA,1984,Uganda,Low income,Sub-Saharan Africa,458913258.9,517947171.1,0.006055265447578,0.0023408648269245,-2.2504135129092484,0.0288157931937548,-0.0261133792101054,0.0338534696234967,-0.39998786122325
0.0,0.0,22.348178067950432,4.320016053468666,0.0,64.0,24.0,UGA,1985,Uganda,Low income,Sub-Saharan Africa,483554233.9,528247560.9,0.0061686907379998,0.0024945233257937,-2.236561341536756,0.0292596413331705,-0.0154638080497593,0.0304348770894727,-0.3487792627233093
0.0,0.0,22.352071348732423,4.349134519810905,-7.0,64.0,25.0,UGA,1986,Uganda,Low income,Sub-Saharan Africa,502571961.5,597834914.5,0.0063090394069548,0.0018718368819388,-2.240395628286104,0.0301827787140176,-0.0129441061535875,0.0352134211585076,-0.3433223830307514
0.0,0.0,22.390925675457453,4.38010860104785,-7.0,64.0,26.0,UGA,1987,Uganda,Low income,Sub-Saharan Africa,517053674.0,1131228162.0,0.0066404519722131,0.0027736735850362,-2.2017491728244174,0.0217397501580348,-0.0144954907401709,0.0075515393433905,-0.320115768590541
0.0,0.0,22.47035656720232,4.411958233801526,-7.0,64.0,27.0,UGA,1988,Uganda,Low income,Sub-Saharan Africa,492900000.0,1157116667.0,0.0065171206748234,0.0026921030736531,-2.2027583739753713,0.0201106553513312,-0.0143350764357878,0.0016028378987559,-0.2903481990592359
0.0,0.0,22.532034199005224,4.444230804230058,-7.0,64.0,28.0,UGA,1989,Uganda,Low income,Sub-Saharan Africa,419712425.6,954685691.9,0.0069326765378032,0.0007651037243701,-2.18313954732346,0.0057060491519096,-0.0148168728226957,-0.0007835908490912,-0.3119019851558398
0.0,0.0,22.594766153215744,4.4765754038832615,-7.0,64.0,29.0,UGA,1990,Uganda,Low income,Sub-Saharan Africa,311669538.7,833711479.4,0.0074654497590431,-0.0023975978241469,-2.140450601100557,-0.0279674318266351,-0.0177786540767811,0.002273210461936,-0.3479939626760742
0.0,0.0,22.648819542231795,4.509383995848821,-7.0,64.0,30.0,UGA,1991,Uganda,Low income,Sub-Saharan Africa,247948158.2,728713354.6,0.0082205092516169,-0.0056748927982925,-2.0130275113188745,-0.0886197365649202,-0.0290378608301853,0.0042061722840753,-0.4428994562492531
0.0,0.0,22.682431835298708,4.5434487464807365,-7.0,64.0,31.0,UGA,1992,Uganda,Low income,Sub-Saharan Africa,250344412.1,694106643.6,0.0097609194468365,-0.0066970574473238,-1.946811220828931,-0.1006956728781238,-0.030661795328841,0.0113488540129065,-0.4136312010740399
0.0,0.0,22.762409548791013,4.577986611260958,-4.0,64.0,32.0,UGA,1993,Uganda,Low income,Sub-Saharan Africa,227444247.5,682002410.0,0.0096408631725836,-0.0045592548303376,-1.833910419679487,-0.0979579875125186,-0.034244553399013,0.0276830104390563,-0.3346506957316654
0.0,0.0,22.82447910959213,4.611545943580651,-4.0,64.0,33.0,UGA,1994,Uganda,Low income,Sub-Saharan Africa,348784843.4,762125448.5,0.0095675772405747,-0.0063672757775175,-1.8082347150107667,-0.1024481118312791,-0.035343910292014,0.0305702609868479,-0.3236435096541503
0.0,0.0,22.93354195747457,4.638862088588941,-4.0,64.0,34.0,UGA,1995,Uganda,Low income,Sub-Saharan Africa,678725716.6,1199003460.0,0.0090042821582035,-0.0060854570486225,-1.6812383125627377,-0.0742487445127826,-0.036581683633359,0.0332959798671936,-0.2112008779789474
0.0,0.0,23.02038103661298,4.665876647279115,-4.0,64.0,35.0,UGA,1996,Uganda,Low income,Sub-Saharan Africa,722999697.9,1415906250.0,0.0083540397486297,-0.0062288950659139,-1.6047050209624458,-0.0631839966163843,-0.0371183662106569,0.0132366910723365,-0.1482297094162934
0.0,0.0,23.070123146202512,4.6948659516969,-4.0,64.0,36.0,UGA,1997,Uganda,Low income,Sub-Saharan Africa,837552441.5,1303961977.0,0.0057271751304063,-0.0124330460141452,-1.5594135849832238,-0.2201730750165452,-0.0328437607800959,0.0013006668671361,0.0575189714288655
0.0,0.0,23.11801066967951,4.724605915637531,-4.0,64.0,37.0,UGA,1998,Uganda,Low income,Sub-Saharan Africa,634713533.0,1343623399.0,0.0066063741695683,-0.011309033683649,-1.510689835857167,-0.2906313869654712,-0.0319026299809472,-0.0165265205701508,0.0542814872943727
0.0,0.0,23.195471108067764,4.757006607985282,-4.0,64.0,38.0,UGA,1999,Uganda,Low income,Sub-Saharan Africa,734918410.3,1426046617.0,0.0084090995029206,-0.0121538513350125,-1.3607312479782867,-0.3147675119922795,-0.0328123086437552,-0.0280402890644789,0.0556544555426048
0.0,0.0,23.22640670326295,4.788448444163969,-4.0,64.0,39.0,UGA,2000,Uganda,Low income,Sub-Saharan Africa,659668069.2,1368560402.0,0.0072386278333696,-0.0133128861542375,-1.3063697830388148,-0.3329515008148499,-0.0274704874846861,-0.0361825497662855,0.0771083270156332
0.0,0.0,23.276944492999103,4.8190391303922775,-4.0,64.0,40.0,UGA,2001,Uganda,Low income,Sub-Saharan Africa,672714062.0,1390734599.0,0.0075136383855245,-0.0127469052035753,-1.2860096200140316,-0.3233038874068125,-0.0286462267233284,-0.03390262587876,0.1102677493642137
0.0,0.0,23.36066675296581,4.850355005989572,-4.0,64.0,41.0,UGA,2002,Uganda,Low income,Sub-Saharan Africa,692819583.9,1548626997.0,0.0079464484647189,-0.0087605036191876,-1.2560518470466129,-0.2905096988308183,-0.0311821934940116,-0.0336081292225075,0.1307030512076399
0.0,0.0,23.423390428348156,4.881937242797923,-4.0,64.0,42.0,UGA,2003,Uganda,Low income,Sub-Saharan Africa,752307732.5,1664868876.0,0.0074338031390466,-0.0079237422249985,-1.257146056019465,-0.3019599819716801,-0.0313262224972636,-0.0363298594069005,0.173707206753836
0.0,0.0,23.489245894487233,4.911931694884811,-4.0,64.0,43.0,UGA,2004,Uganda,Low income,Sub-Saharan Africa,1008067266.0,1807281866.0,0.0081646249729836,-0.0081691500220239,-1.2814679340331974,-0.3138789909773181,-0.0310255232952319,-0.0406124891475501,0.2184818925983667
0.0,0.0,23.55064729799443,4.941280906555964,-1.0,64.0,44.0,UGA,2005,Uganda,Low income,Sub-Saharan Africa,1310093926.0,2292674584.0,0.008384693613406,-0.006481342249699,-1.276015174448166,-0.3265928688485798,-0.025838500066307,-0.0386226908272338,0.302656296397237
0.0,0.0,23.653066190820486,4.970555500465655,-1.0,64.0,45.0,UGA,2006,Uganda,Low income,Sub-Saharan Africa,1524126930.0,2829448599.0,0.0086292256495829,-0.0034407086078486,-1.1318456593497646,-0.2969839321456471,-0.027005765293494,-0.0483788180042274,0.4133262860748338
0.0,0.0,23.73383871790104,4.999966165483197,-1.0,64.0,46.0,UGA,2007,Uganda,Low income,Sub-Saharan Africa,1990712068.0,3577000118.0,0.0088874606308026,-0.0044647175360734,-1.0816225252007918,-0.3121357792310646,-0.0274048514946222,-0.047814917783349,0.495743486066293
0.0,0.0,23.817340837074102,5.029411026996557,-1.0,64.0,47.0,UGA,2008,Uganda,Low income,Sub-Saharan Africa,3506150678.0,4617770608.0,0.009695159002839,-0.0213542219756095,-0.5273742806907915,-0.1877485723355755,-0.0440827881503695,-0.1137172352355516,0.7140788626889962
0.0,0.0,23.88314278492345,5.058823944058952,-1.0,64.0,48.0,UGA,2009,Uganda,Low income,Sub-Saharan Africa,4677180751.0,7148939024.0,0.0099804076524109,-0.02305166997279,-0.4831610209054628,-0.1787326110533871,-0.0474852214145609,-0.112832372001099,0.7297406538046981
0.0,0.0,23.937987077588915,5.084715779919851,-1.0,64.0,49.0,UGA,2010,Uganda,Low income,Sub-Saharan Africa,3687465343.0,6520260385.0,0.0100606702490956,-0.0232009078423839,-0.4701271319397175,-0.1838292098296054,-0.0470658557292273,-0.1250917458647659,0.7452554151114557
0.0,0.0,24.02775150349898,5.114035271554407,-1.0,64.0,50.0,UGA,2011,Uganda,Low income,Sub-Saharan Africa,3583112055.0,7497355183.0,0.0100892062190253,-0.0217814106311743,-0.4343719604429676,-0.1860225474489537,-0.0435834553947535,-0.1584251500987583,0.7655928516358455
0.0,0.0,24.06540806711026,5.143077532390812,-1.0,64.0,51.0,UGA,2012,Uganda,Low income,Sub-Saharan Africa,4230158431.0,7648498556.0,0.0098632165506706,-0.0221593231329662,-0.4153919702587124,-0.1812858350860728,-0.0440791464593904,-0.1768482614632509,0.7770454114918591
0.0,0.0,24.100648811335496,5.171773048510706,-1.0,64.0,52.0,UGA,2013,Uganda,Low income,Sub-Saharan Africa,4774874142.0,7690477050.0,0.010133221546389,-0.0217607497655025,-0.4049666408836125,-0.1822119741305731,-0.0431043552211855,-0.1822680770374385,0.7785836938514671
0.0,0.0,24.150450914038153,5.201287498927869,-1.0,64.0,53.0,UGA,2014,Uganda,Low income,Sub-Saharan Africa,4874969924.0,6870189627.0,0.0100835884065071,-0.0223156703004707,-0.3894177565374233,-0.1829243766039109,-0.0435503075603013,-0.1787030281663245,0.7680542522055489
0.0,0.0,24.20102862115056,5.232020428300881,-1.0,64.0,54.0,UGA,2015,Uganda,Low income,Sub-Saharan Africa,4170603009.0,8035899288.0,0.0097855218127676,-0.0223316875168307,-0.367089607053332,-0.1856147041770757,-0.0432005215867393,-0.1758277428330469,0.7471366225689456
0.0,0.0,24.24773089568394,5.265239677128766,-1.0,64.0,55.0,UGA,2016,Uganda,Low income,Sub-Saharan Africa,3629227691.0,5485150866.0,0.010408167582211,-0.0269685755385474,-0.3918327729435725,-0.2139349140625549,-0.0422601066511292,-0.1504971273926492,0.7280532054933163
0.0,0.0,24.27856466653824,5.30014563624401,-1.0,64.0,56.0,UGA,2017,Uganda,Low income,Sub-Saharan Africa,5122376577.0,6202981526.0,0.0104236094191609,-0.0243418220227176,-0.3554479613877976,-0.2124552011977147,-0.0426671596007774,-0.1393959893347804,0.7439230312928916
0.0,0.0,24.33969667754772,5.33411974625491,-1.0,64.0,57.0,UGA,2018,Uganda,Low income,Sub-Saharan Africa,4967717827.0,7096219372.0,0.0105513383560496,-0.0282997723221687,-0.3353935288764221,-0.2167505109888343,-0.0410209827877484,-0.1391912708235506,0.750350409215225
0.0,0.0,25.612426289047733,4.503297362588073,6.0,65.0,31.0,UKR,1992,Ukraine,Lower middle income,Europe & Central Asia,17732031955.0,16259872205.0,0.007067715156166,0.01967383021861,1.2998566139863907,-1.251152037691532e-05,-0.0553495239738631,0.016343334308391,-0.1257653969734676
1.0,0.0,25.45928005784575,4.503802837681483,5.0,65.0,32.0,UKR,1993,Ukraine,Lower middle income,Europe & Central Asia,16988495839.0,17193933995.0,-0.0608650072262078,0.020343872283092,1.3681297247569684,-0.0124880281436792,-0.062684264499283,0.0189327939638345,-0.112880043239072
1.0,0.0,25.199208827116305,4.498552645160618,7.0,65.0,33.0,UKR,1994,Ukraine,Lower middle income,Europe & Central Asia,18596691884.0,20260571957.0,-0.0636202178412102,0.0145648106841302,1.1996348439091038,0.0120636865509064,-0.0452195112746314,0.0081346547175673,0.0998051468349424
1.0,0.0,25.06910014176985,4.4906394957304965,7.0,65.0,34.0,UKR,1995,Ukraine,Lower middle income,Europe & Central Asia,22695828945.0,24182357363.0,-0.0566820691382084,0.0113133120485351,1.1249585792937344,0.0201928793540633,-0.0390174862334843,-0.0052653758954987,0.1828977048158257
1.0,0.0,24.963739626106268,4.482097837006948,7.0,65.0,35.0,UKR,1996,Ukraine,Lower middle income,Europe & Central Asia,20341967259.0,21479456607.0,-0.0499701129988012,0.0091464137244154,1.022654676205588,0.0275865481359176,-0.0306629711666282,-0.0169544786914859,0.2467350421798519
0.0,0.0,24.933280418644422,4.473486645489886,7.0,65.0,36.0,UKR,1997,Ukraine,Lower middle income,Europe & Central Asia,20357121609.0,21891238831.0,0.0020057662619207,0.0067844565343423,0.8585298359509163,0.0403769889158656,-0.0310551958619079,-0.0320905327966556,0.32037103238262
0.0,0.0,24.914097599194506,4.465437425022151,7.0,65.0,37.0,UKR,1998,Ukraine,Lower middle income,Europe & Central Asia,17543687391.0,18496110212.0,0.0017503471232244,0.006160263885816,0.8393384633132698,0.0423005804938096,-0.0301611233527728,-0.0346010871466961,0.335017408841498
0.0,0.0,24.912095596525955,4.457400307927418,7.0,65.0,38.0,UKR,1999,Ukraine,Lower middle income,Europe & Central Asia,16960000576.0,15237000520.0,0.0011960337901624,0.0034572972349385,0.8233174815821221,0.0430516830668541,-0.0283237991498573,-0.0406710165600214,0.3616591925685478
0.0,0.0,24.969420663143676,4.448965154992413,6.0,65.0,39.0,UKR,2000,Ukraine,Lower middle income,Europe & Central Asia,19521222712.0,17948312140.0,0.0003434923334516,0.0031244260295905,0.8594071934333432,0.0433873114369443,-0.0280315729974397,-0.0333311132121202,0.380286060901142
0.0,0.0,25.053761811616386,4.439847131663402,6.0,65.0,40.0,UKR,2001,Ukraine,Lower middle income,Europe & Central Asia,19909904879.0,19370637181.0,5.694233987553001e-05,0.0035148559063441,0.9014332073291336,0.040486485245151,-0.0295910507233965,-0.0280487725320348,0.4017651522891687
0.0,0.0,25.10578149059352,4.431078166469534,6.0,65.0,41.0,UKR,2002,Ukraine,Lower middle income,Europe & Central Asia,22030272452.0,20165301669.0,-0.0014522271880321,0.0032728174311877,0.9294293823625274,0.0385200194141118,-0.0361956517009068,-0.0218871429459391,0.4047777955131172
0.0,0.0,25.196687530615392,4.423610640669633,6.0,65.0,42.0,UKR,2003,Ukraine,Lower middle income,Europe & Central Asia,27327869172.0,26029649588.0,-0.0020774059275462,0.0023484495863199,0.9692152568006152,0.0387966933610402,-0.0390772269208625,-0.0146731148244751,0.4615274570127461
0.0,0.0,25.308187334968054,4.416639736691731,6.0,65.0,43.0,UKR,2004,Ukraine,Lower middle income,Europe & Central Asia,39456100771.0,34473773266.0,-0.0008586229143729,0.0026186710891215,1.149420379234183,0.0339300841775688,-0.0605327005105807,-0.0060072033587965,0.584878788608318
0.0,0.0,25.338435857512835,4.40832598248094,6.0,65.0,44.0,UKR,2005,Ukraine,Lower middle income,Europe & Central Asia,42593471772.0,41868945655.0,-0.0004314590921646,0.0026687813380075,1.27488371985292,0.0345842712870607,-0.0606830903342294,-0.0103853166140709,0.7551388406703509
1.0,1.0,25.411425154864528,4.401890982981947,7.0,65.0,45.0,UKR,2006,Ukraine,Lower middle income,Europe & Central Asia,48355049505.0,51424950495.0,-0.01131016870348,-0.0027573092238616,1.3411747893573307,0.0266748264518766,-0.0838983795314515,-0.0096924759449398,0.8604697356634967
0.0,1.0,25.49037628503659,4.397365853141825,7.0,65.0,46.0,UKR,2007,Ukraine,Lower middle income,Europe & Central Asia,61412079208.0,69542970297.0,-0.0015417958089204,-0.0034724816790456,1.41800784517762,0.0347123340635434,-0.0697995416597586,-0.0238665926282508,0.9714039478786224
0.0,1.0,25.512564279995523,4.392193118278222,7.0,65.0,47.0,UKR,2008,Ukraine,Lower middle income,Europe & Central Asia,81376308304.0,95770805896.0,-0.0014267112819361,-0.0042680666274488,1.4539841754703404,0.0383499598668025,-0.0607104490852623,-0.022697037466201,1.0657030180438167
1.0,1.0,25.34844451139276,4.388009937463991,7.0,65.0,48.0,UKR,2009,Ukraine,Lower middle income,Europe & Central Asia,52180910869.0,54148248546.0,-0.0147996838788692,-0.0031602930257108,1.3544903521313918,0.0332718988896126,-0.0698048387526895,-0.0171123205664875,1.0886468483885678
0.0,1.0,25.388542863666622,4.384405969685003,6.0,65.0,49.0,UKR,2010,Ukraine,Lower middle income,Europe & Central Asia,65600892379.0,69578265846.0,-0.0002408566164724,-0.0010380873256695,1.364858132399315,0.0398040326596503,-0.0531922638121197,-0.0188191656636768,1.0796287998593508
0.0,1.0,25.44156826037546,4.381211834939717,6.0,65.0,50.0,UKR,2011,Ukraine,Lower middle income,Europe & Central Asia,83661340362.0,93809110766.0,-0.0006204063213088,-0.0040852636430614,1.4132343774663028,0.0393944036769683,-0.055019109101432,-0.0218504876959339,1.117683238114747
0.0,1.0,25.44309418124336,4.379097713819795,6.0,65.0,51.0,UKR,2012,Ukraine,Lower middle income,Europe & Central Asia,86517143161.0,100864000000.0,-0.0007939917216342,-0.0039662991030486,1.4164399765365974,0.0378893904296381,-0.0553380270788134,-0.0216637723644529,1.1241786356047785
0.0,1.0,25.44353991733932,4.377293752611248,6.0,65.0,52.0,UKR,2013,Ukraine,Lower middle income,Europe & Central Asia,81719004129.0,97353058927.0,-0.0005380435177822,-0.0039403708038131,1.416060494794506,0.0376094292079979,-0.0555032587622947,-0.0216470182723947,1.1247046796568465
1.0,1.0,25.33730656310269,4.373992844653735,4.0,65.0,53.0,UKR,2014,Ukraine,Lower middle income,Europe & Central Asia,64873485476.0,69553942786.0,-0.0155274896905726,-0.0029974516893889,1.336577342406167,0.0309685099767,-0.0591922299390881,-0.018615019010769,1.1228494889186014
1.0,1.0,25.23446549939488,4.369906318368126,4.0,65.0,54.0,UKR,2015,Ukraine,Lower middle income,Europe & Central Asia,47880176691.0,50257229466.0,-0.0096413046132232,0.003336419019184,1.030209553358149,0.0281364296606034,-0.03591483848179,-0.0218914855774336,0.9833465341393302
1.0,1.0,25.25858216024741,4.366228834451699,4.0,65.0,55.0,UKR,2016,Ukraine,Lower middle income,Europe & Central Asia,46023154799.0,52487083453.0,-0.0094512609682058,0.000836560351018,1.071329644429696,0.027910447884434,-0.0400674169162891,-0.0210511345440131,1.001265428435975
1.0,1.0,25.281907714757608,4.362240445575094,4.0,65.0,56.0,UKR,2017,Ukraine,Lower middle income,Europe & Central Asia,53943461809.0,62669875998.0,-0.0120054605174437,-0.0001716674875179,1.1764790715578823,0.0286505224714804,-0.0505345465618634,-0.0221620349210435,1.0520654536338976
1.0,1.0,25.31619669399294,4.357056318614971,4.0,65.0,57.0,UKR,2018,Ukraine,Lower middle income,Europe & Central Asia,59208892251.0,70634825282.0,-0.0152876835524308,9.046958421587944e-05,1.2393364772749684,0.029702390481375,-0.0547817687810481,-0.019745746653061,1.072142006720984
0.0,0.0,23.49312375242517,2.6836604034087794,8.0,66.0,0.0,URY,1961,Uruguay,High income,Latin America & Caribbean,219799542.8,228591524.5,0.0066675053954585,-0.0094664785752314,-0.8475118634401654,0.0356052395728583,-0.0596801834358909,-0.0407344526643416,-1.9770330970780785
0.0,0.0,23.477252986969514,2.695785450932339,8.0,66.0,1.0,URY,1962,Uruguay,High income,Latin America & Caribbean,193918025.6,246804759.8,0.0060245578747668,-0.0089671637063287,-0.8582783314605017,0.0323695666801984,-0.0637742792450074,-0.0352546786571824,-1.9514317111409285
0.0,0.0,23.47895612437008,2.7074657163242564,8.0,66.0,2.0,URY,1963,Uruguay,High income,Latin America & Caribbean,185026101.9,185026101.9,0.0054383791405947,-0.0095013357778008,-0.8566220175405818,0.0285503353083778,-0.0649559133096459,-0.0365135046546574,-1.9372089170010836
0.0,0.0,23.50306828341268,2.7186139464185155,8.0,66.0,3.0,URY,1964,Uruguay,High income,Latin America & Caribbean,235904694.5,224109459.8,0.0058058269712451,-0.0091752172023574,-0.8416843863167167,0.0361828028695584,-0.0647567601467433,-0.0347785530546883,-1.9303891860125564
0.0,0.0,23.51347003765291,2.729107919526869,8.0,66.0,4.0,URY,1965,Uruguay,High income,Latin America & Caribbean,347846052.3,216973280.1,0.0058392446267445,-0.0087692241312209,-0.8392866468731439,0.0326188353791431,-0.0651755610613344,-0.0311730086384282,-1.9125595980173424
0.0,0.0,23.543638905547585,2.7389346485595842,8.0,66.0,5.0,URY,1966,Uruguay,High income,Latin America & Caribbean,309880934.0,207824339.0,0.0057882656080228,-0.0079069473698529,-0.8272070108425467,0.0366118095117431,-0.0627689689476939,-0.0259882265271529,-1.8979088754487945
0.0,0.0,23.506385181847893,2.747990353473946,8.0,66.0,6.0,URY,1967,Uruguay,High income,Latin America & Caribbean,233416696.4,210551387.4,0.004933836280619,-0.0082861435104369,-0.8464838586036335,0.0332250799046909,-0.0647063432099605,-0.0284752671588525,-1.8842525597480184
0.0,0.0,23.52509811508021,2.756129445326344,8.0,66.0,7.0,URY,1968,Uruguay,High income,Latin America & Caribbean,241962440.5,194518824.7,0.0050923003937689,-0.0083592579210479,-0.8439476470202608,0.0346828923225333,-0.0636919096522533,-0.0260747593035749,-1.8695789737222264
0.0,0.0,23.58209017662822,2.763135974840181,8.0,66.0,8.0,URY,1969,Uruguay,High income,Latin America & Caribbean,268548387.1,243145161.3,0.0053448691871105,-0.0081152170612707,-0.8420901959395365,0.0365377728578649,-0.0621619732411307,-0.0314900259292707,-1.8540788989043624
0.0,0.0,23.605154277375544,2.769185827078875,8.0,66.0,9.0,URY,1970,Uruguay,High income,Latin America & Caribbean,296774193.5,325000000.0,0.0053400528345652,-0.0080498058443243,-0.8696259024523699,0.0357388048999734,-0.0563995520924118,-0.0469975950821583,-1.7854283505426694
0.0,0.0,23.602633988834274,2.774779641048427,3.0,66.0,10.0,URY,1971,Uruguay,High income,Latin America & Caribbean,288709677.4,320967741.9,0.0053508998381218,-0.0071468599348333,-0.8777749241834368,0.0354883069314398,-0.0562468237515882,-0.0480861566683426,-1.7157802654193168
0.0,0.0,23.58935045343071,2.780174719415996,-3.0,66.0,11.0,URY,1972,Uruguay,High income,Latin America & Caribbean,337963958.7,326095659.1,0.0051980623237704,-0.0064061698955368,-0.8796830274067015,0.0349236687619255,-0.0470251681725614,-0.0499408946282534,-1.5933121487910926
0.0,0.0,23.592098669786807,2.785649061010915,-8.0,66.0,12.0,URY,1973,Uruguay,High income,Latin America & Caribbean,412996156.8,376829826.7,0.0074695500660916,-0.0043335697024684,-0.8022391275728071,0.037396547013119,0.0218746957653077,-0.036964120498524,-1.17097929537206
0.0,0.0,23.620640883579473,2.7915569230676334,-8.0,66.0,13.0,URY,1974,Uruguay,High income,Latin America & Caribbean,588256717.0,690867043.6,0.0056799397105032,-0.0026635811862446,-0.657827146651896,0.0511475780565472,-0.0130028740734618,-0.0124583270605883,-0.8341199406539676
0.0,0.0,23.67982366001299,2.79797509168618,-8.0,66.0,14.0,URY,1975,Uruguay,High income,Latin America & Caribbean,593738352.6,717495341.0,0.0078050919088009,-0.0020656693791723,-0.551128588856477,0.0581939033345288,-0.0183354135204208,-0.0168050771860849,-0.712909465574773
0.0,0.0,23.718423701509142,2.8045930729506274,-8.0,66.0,15.0,URY,1976,Uruguay,High income,Latin America & Caribbean,717274791.8,736320969.0,0.0092867338454452,-0.0007570463591873,-0.5375826359620202,0.0586684957303939,-0.019632325142673,-0.0186214183439792,-0.6565804818879852
1.0,1.0,23.73287341154087,2.810822866562304,-8.0,66.0,16.0,URY,1977,Uruguay,High income,Latin America & Caribbean,818672883.8,932324246.8,-0.104301337134222,-0.0024224270946405,-0.5763542095951795,0.2291552587023104,-0.0429244071648658,-0.021525562751189,-0.5863934250081186
0.0,1.0,23.785219012875064,2.816393921376998,-7.0,66.0,17.0,URY,1978,Uruguay,High income,Latin America & Caribbean,925434421.7,1038743774.0,0.0128270030955718,0.0066964532236556,-0.3424834589811421,0.0634007473649389,-0.0089560430179423,-0.0284983406882954,-0.6623663876099333
0.0,1.0,23.84536461862003,2.8212316136603524,-7.0,66.0,18.0,URY,1979,Uruguay,High income,Latin America & Caribbean,1208815650.0,1520042526.0,0.0193641817452184,0.0048312593341396,-0.2757690741019007,0.0714171197926589,-0.0115957054535378,-0.0309278954795481,-0.5476621260848329
0.0,1.0,23.902155084402956,2.8253220109938564,-7.0,66.0,19.0,URY,1980,Uruguay,High income,Latin America & Caribbean,1527803803.0,2096775971.0,0.0146713678574571,0.0033406216355518,-0.3018582995637395,0.072845080905769,-0.0140260362935784,-0.0334186612371343,-0.4910555363459982
0.0,1.0,23.91763032116349,2.829140315230361,-7.0,66.0,20.0,URY,1981,Uruguay,High income,Latin America & Caribbean,1679796170.0,2102640519.0,0.0151333430574818,0.0037108719429403,-0.3135228832579242,0.0759908853522232,-0.0139125027027113,-0.0330891267912937,-0.4429963788775317
0.0,1.0,23.81495651016483,2.833264429221935,-7.0,66.0,21.0,URY,1982,Uruguay,High income,Latin America & Caribbean,1314939846.0,1587083734.0,0.014040097311399,0.0061866297084519,-0.4387826097888544,0.0647074508007868,-0.011816872538753,-0.0294885074492222,-0.4821441919973427
0.0,1.0,23.70654245726982,2.8377196342854556,-7.0,66.0,22.0,URY,1983,Uruguay,High income,Latin America & Caribbean,1310717316.0,1204334440.0,0.010085628053143,-0.0035339341035234,-0.6193015880483043,0.067682574890586,-0.0105475191508011,-0.0127357086833851,-0.3510330378155469
0.0,1.0,23.695050502491437,2.842296304093754,-7.0,66.0,23.0,URY,1984,Uruguay,High income,Latin America & Caribbean,1289223521.0,1036760496.0,0.0101584222602915,-0.0036497563859644,-0.6348871966637132,0.0678520671298478,-0.0107730760878916,-0.0125804966603886,-0.3355035484500161
0.0,1.0,23.709609366302427,2.847130249591293,9.0,66.0,24.0,URY,1985,Uruguay,High income,Latin America & Caribbean,1266123611.0,998457827.5,0.0095722760347783,-0.0033289077415624,-0.6533136107424102,0.0668254638514794,0.0096759978877947,-0.0129703500012252,-0.3395212266101425
0.0,1.0,23.794040660471623,2.852356148757706,9.0,66.0,25.0,URY,1986,Uruguay,High income,Latin America & Caribbean,1541476815.0,1191819539.0,0.0121792454571934,0.0072470242213001,-0.4721210975281021,0.0638105625261466,0.013823982510715,-0.0307161896372638,-0.4662641348415957
0.0,1.0,23.870938155201937,2.8579625174573247,9.0,66.0,26.0,URY,1987,Uruguay,High income,Latin America & Caribbean,1594966345.0,1414997206.0,0.0133807318453917,0.0086740302648938,-0.4001755574904858,0.0701326385674682,0.0164353734132089,-0.0369131109097166,-0.4185290673952429
0.0,1.0,23.88563894177461,2.8638681976127485,9.0,66.0,27.0,URY,1988,Uruguay,High income,Latin America & Caribbean,1811733104.0,1456747009.0,0.013534034805795,0.0086485836056516,-0.4221589942944476,0.0696756958564497,0.0168799317512417,-0.0377745494423873,-0.3865646149280765
0.0,1.0,23.896617466882798,2.8698134074131385,10.0,66.0,28.0,URY,1989,Uruguay,High income,Latin America & Caribbean,1982636217.0,1493668481.0,0.0152848211214706,0.0097947818148556,-0.4768358768255722,0.0729981099875046,0.0664946629814599,-0.0407039471869527,-0.3630295419097053
0.0,0.0,23.89958653858573,2.8756764522007843,10.0,66.0,29.0,URY,1990,Uruguay,High income,Latin America & Caribbean,2188206936.0,1682744698.0,0.0168785368325257,-0.0046716551281023,-0.5316705533572763,0.0701436336317866,0.0700583274099386,-0.0451562059326464,-0.2827861598776179
0.0,0.0,23.934362856444807,2.8814422302904745,10.0,66.0,30.0,URY,1991,Uruguay,High income,Latin America & Caribbean,2318969025.0,2001561708.0,0.0221121254687547,0.0010195183697749,-0.5087454076506336,0.0742734898705135,0.0756214181925578,-0.0442412375686411,-0.2582553126372059
0.0,0.0,24.010690256225118,2.8869829166991687,10.0,66.0,31.0,URY,1992,Uruguay,High income,Latin America & Caribbean,2633269109.0,2527397075.0,0.0248829727851132,0.0016653070764232,-0.4605991097140279,0.0802083567656526,0.0802461334618706,-0.0487303265652625,-0.1843050285225171
0.0,0.0,24.03691872400972,2.8922697383689386,10.0,66.0,32.0,URY,1993,Uruguay,High income,Latin America & Caribbean,2869311094.0,2934260606.0,0.0253705963466759,0.0080403270760302,-0.4680848404054424,0.0768814327967711,0.0814806887511924,-0.0535420092116016,-0.1195234793771388
0.0,0.0,24.107203292230764,2.897480220581142,10.0,66.0,33.0,URY,1994,Uruguay,High income,Latin America & Caribbean,3454168853.0,3561674786.0,0.025933733010162,0.0151935230600828,-0.4880654974620997,0.075692838535479,0.0828873514837092,-0.0562703903630266,-0.107299943387038
0.0,0.0,24.09262150311641,2.9027003788361374,10.0,66.0,34.0,URY,1995,Uruguay,High income,Latin America & Caribbean,3665940936.0,3686020003.0,0.0196290031115181,0.0115062188799937,-0.4498876090377217,0.0716918182536803,0.0855837253312023,-0.0751657737794509,-0.048698769827569
0.0,0.0,24.146900933330592,2.9079801353594226,10.0,66.0,35.0,URY,1996,Uruguay,High income,Latin America & Caribbean,4035386466.0,4074053358.0,0.0136054800650052,0.0006950274351202,-0.4095464332831989,0.0686694308881822,0.08716038540918,-0.0957395712615619,0.0255373951188064
0.0,0.0,24.228920300272772,2.9132746658551514,10.0,66.0,36.0,URY,1997,Uruguay,High income,Latin America & Caribbean,4184600575.0,4853524480.0,0.0112352924007205,-0.0095469081001849,-0.3633960480905429,0.0593311767871437,0.0897358862864,-0.1418605106752193,0.0851111217614936
0.0,0.0,24.27311793583497,2.9182061086454993,10.0,66.0,37.0,URY,1998,Uruguay,High income,Latin America & Caribbean,4168339942.0,4879194086.0,0.0104527906027145,-0.0094379493793199,-0.3405451819327621,0.0591952895503957,0.0944492254611154,-0.1530224649413526,0.0954909176550834
0.0,0.0,24.253535320383225,2.922744644350901,10.0,66.0,38.0,URY,1999,Uruguay,High income,Latin America & Caribbean,3621012840.0,4386374776.0,0.0084233570232789,-0.0153399288557018,-0.354581892415096,0.0545534418845158,0.0874522937607288,-0.1698620529222801,0.1316266224742812
0.0,0.0,24.234047351046296,2.9264840926926605,10.0,66.0,39.0,URY,2000,Uruguay,High income,Latin America & Caribbean,3811052356.0,4568223557.0,0.0050736780234161,-0.0231269387587653,-0.3383132428330254,0.0487463618320253,0.0867757872165426,-0.1945339425354303,0.1939562462824898
0.0,0.0,24.19484768619858,2.928944166394107,10.0,66.0,40.0,URY,2001,Uruguay,High income,Latin America & Caribbean,3511965703.0,4076272834.0,0.0040826048643341,-0.0233185037093881,-0.3531861429920874,0.0480225403716614,0.0892347944322357,-0.2049157692728561,0.2229240370371004
0.0,0.0,24.114374807956153,2.930352961717629,10.0,66.0,41.0,URY,2002,Uruguay,High income,Latin America & Caribbean,2805891109.0,2640670228.0,0.0045772587582341,-0.0319229226409319,-0.4328703372123212,0.0466369423232298,0.0878065960522885,-0.2130783665205396,0.3167200400574269
0.0,0.0,24.12239539603634,2.931059968534422,10.0,66.0,42.0,URY,2003,Uruguay,High income,Latin America & Caribbean,3304410121.0,2930315875.0,0.0028813467915273,-0.0395491479662174,-0.426193561816527,0.0468937569347674,0.0908255825299974,-0.2300569580074203,0.3913338829243628
0.0,0.0,24.171225181653643,2.931657743955695,10.0,66.0,43.0,URY,2004,Uruguay,High income,Latin America & Caribbean,4394994712.0,4018907625.0,0.0021036505544077,-0.0380613787228625,-0.3742151741672158,0.0486198579201171,0.0906706343064527,-0.2278461048830687,0.4431236560367449
0.0,0.0,24.243174910604214,2.9324563534002266,10.0,66.0,44.0,URY,2005,Uruguay,High income,Latin America & Caribbean,5279006692.0,4943843929.0,0.0015635085620036,-0.0342250537869556,-0.334707951798645,0.0567485146892092,0.0961521551588688,-0.2247255822624278,0.5589572890512546
0.0,0.0,24.28334303408249,2.9335924274272833,10.0,66.0,45.0,URY,2006,Uruguay,High income,Latin America & Caribbean,5981157818.0,6252911447.0,0.0013465830818886,-0.035983595404877,-0.2840900114049942,0.0613157743563817,0.09754999372786,-0.2194907082080077,0.6341877947913026
0.0,0.0,24.346707530474816,2.93530762655376,10.0,66.0,46.0,URY,2007,Uruguay,High income,Latin America & Caribbean,6922888127.0,7167879856.0,0.0012863123291174,-0.0391067410069696,-0.2767965241508315,0.0673163889618699,0.1046922124434735,-0.2279606049180735,0.6989054141873946
0.0,0.0,24.41601103727585,2.9374369738217596,10.0,66.0,47.0,URY,2008,Uruguay,High income,Latin America & Caribbean,9399061015.0,10893438975.0,5.5785934805117085e-05,-0.0354772386742848,-0.2626130541609818,0.0813591168059877,0.1116641914107804,-0.195082621277993,0.8439600170559132
0.0,0.0,24.457570304025854,2.9398307073735483,10.0,66.0,48.0,URY,2009,Uruguay,High income,Latin America & Caribbean,8863697957.0,8600719067.0,-0.0004227841274598,-0.0306520643544652,-0.182749117190187,0.0780832186771385,0.1152771406417979,-0.1805205135244496,0.8277208604893702
0.0,0.0,24.53270940557388,2.942392006599498,10.0,66.0,49.0,URY,2010,Uruguay,High income,Latin America & Caribbean,11050981364.0,10636951485.0,-0.0018834330158271,-0.0242039716410519,-0.5659420903245334,0.0719705285201816,0.1162489586969071,-0.1549508091958185,1.2883937452092096
0.0,0.0,24.58304250288903,2.944873421624753,10.0,66.0,50.0,URY,2011,Uruguay,High income,Latin America & Caribbean,13301545753.0,13504292327.0,-0.0042730587079498,-0.0114282489593869,0.2205149589220627,0.0559537573673471,0.1146566365531669,-0.1089247750370602,0.7382896603819824
0.0,0.0,24.61781273798434,2.94744793770684,10.0,66.0,51.0,URY,2012,Uruguay,High income,Latin America & Caribbean,14056802469.0,15804109317.0,-0.0066757445944128,-0.0065713190588338,0.2900526656232393,0.0516313453637464,0.1108300967876288,-0.1045968823091204,0.7109497696043208
0.0,0.0,24.66314491727406,2.9504224618506307,10.0,66.0,52.0,URY,2013,Uruguay,High income,Latin America & Caribbean,14324258530.0,16171486174.0,-0.0071874625276096,-0.0057345899226158,0.297257560946365,0.051424276070346,0.1096630279259549,-0.105936485118022,0.7098363523585707
0.0,0.0,24.695019397583117,2.9537043329020807,10.0,66.0,53.0,URY,2014,Uruguay,High income,Latin America & Caribbean,14477839205.0,15709177870.0,-0.0071759396097363,-0.0057623797363855,0.3006518362009671,0.0512097589683234,0.1095561941464356,-0.1056403959453754,0.7116407323663869
0.0,0.0,24.6987199547238,2.957179169819941,10.0,66.0,54.0,URY,2015,Uruguay,High income,Latin America & Caribbean,12965298329.0,13180179646.0,-0.0071570329540093,-0.005722535829673,0.3018917192096541,0.0512220814271372,0.1100441638299487,-0.1050803092372692,0.7114565471822671
0.0,0.0,24.715476753727067,2.9605185824342293,10.0,66.0,55.0,URY,2016,Uruguay,High income,Latin America & Caribbean,15480528867.0,12380729778.0,-0.0072105964407389,-0.0057112443815634,0.3126081438685437,0.0510074236108077,0.1110111066510329,-0.1076674482527476,0.7142476526036401
0.0,0.0,24.731623234603315,2.963224073988114,10.0,66.0,56.0,URY,2017,Uruguay,High income,Latin America & Caribbean,16856823032.0,13291661436.0,-0.0074812762839795,-0.0055689541464383,0.3345013362226318,0.0512251749415401,0.1118722465532246,-0.1055938552873363,0.706114032829384
0.0,0.0,24.73639092292853,2.9650215169076715,10.0,66.0,57.0,URY,2018,Uruguay,High income,Latin America & Caribbean,17265046237.0,13963983638.0,-0.0074829540544255,-0.005442266787716,0.3388262222337657,0.0511281881376872,0.1124187855097522,-0.1103246983379434,0.709103090843924
0.0,0.0,24.05054956289726,4.0226850987153435,-9.0,67.0,36.0,UZB,1997,Uzbekistan,Lower middle income,Europe & Central Asia,3997132075.0,4436573585.0,0.0520954636691241,-0.0045509360965726,-0.4184696464599869,-0.0130147326600345,-0.0658653144452109,-0.1397958826723296,0.0841642349314668
0.0,0.0,24.092650738922362,4.038385503573974,-9.0,67.0,37.0,UZB,1998,Uzbekistan,Lower middle income,Europe & Central Asia,3382144369.0,3425539797.0,0.0500588093184651,-0.0064615196092655,-0.3881367358087838,-0.0079372999703882,-0.05630949531234,-0.1571296627401769,0.1037350812406332
0.0,0.0,24.13475191494895,4.05241874864824,-9.0,67.0,38.0,UZB,1999,Uzbekistan,Lower middle income,Europe & Central Asia,3104709564.0,3149229782.0,0.0329908669871279,-0.0098056372399056,-0.368889227039799,-0.009510546462589,-0.0404614998322252,-0.1693282638491877,0.1716648495436216
0.0,0.0,24.172384829758496,4.040514814808232,-9.0,67.0,39.0,UZB,2000,Uzbekistan,Lower middle income,Europe & Central Asia,3393714865.0,2668346084.0,0.023116790594336,-0.0161498181941917,-0.3156359141204481,-0.0010045171883368,-0.0291454763653541,-0.195162335965283,0.2279096733934493
0.0,0.0,24.213179671099866,4.05279782458343,-9.0,67.0,40.0,UZB,2001,Uzbekistan,Lower middle income,Europe & Central Asia,3383383875.0,3089918748.0,0.019938064068896,-0.0116912165431453,-0.3031494038653148,-0.0009096238462664,-0.0283458064230484,-0.2202927131737422,0.2443620152391021
0.0,0.0,24.25214543054242,4.0650655715813055,-9.0,67.0,41.0,UZB,2002,Uzbekistan,Lower middle income,Europe & Central Asia,2995507327.0,2715882345.0,0.0194003429851754,-0.0158897485156586,-0.2940194420999047,-0.0015066830374538,-0.0222729548746485,-0.234641998361524,0.2782287903735586
0.0,0.0,24.293600447527016,4.077324174894314,-9.0,67.0,42.0,UZB,2003,Uzbekistan,Lower middle income,Europe & Central Asia,3875170383.0,3265492001.0,0.0104059331476679,-0.0219918843868319,-0.2536647649529601,0.0066789504426867,-0.0228211114366755,-0.2460692520446134,0.3462042059263998
0.0,0.0,24.365446583558633,4.089674995914088,-9.0,67.0,43.0,UZB,2004,Uzbekistan,Lower middle income,Europe & Central Asia,5027333203.0,4187143838.0,0.0100909145982959,-0.0283798327588638,-0.2448483529067319,0.0156892607971999,-0.0217524968900446,-0.2507693962303892,0.4791258286428523
1.0,0.0,24.43263790038672,4.102192371784377,-9.0,67.0,44.0,UZB,2005,Uzbekistan,Lower middle income,Europe & Central Asia,5409530613.0,4537802577.0,-0.0799721589366547,-0.0164937065126234,-0.3776607144768812,-0.0248740434485237,-0.0345435388279186,-0.2364866839559293,0.8835101020052935
1.0,0.0,24.504506538671432,4.115084853532116,-9.0,67.0,45.0,UZB,2006,Uzbekistan,Lower middle income,Europe & Central Asia,6328126538.0,5365211006.0,-0.0784811393345159,-0.0243561647711319,-0.1639385984100301,-0.0376123441031003,-0.0388536601912952,-0.225446922626257,0.8753153721829622
1.0,0.0,24.59501434463808,4.1287977557154525,-9.0,67.0,46.0,UZB,2007,Uzbekistan,Lower middle income,Europe & Central Asia,8851137335.0,7751706398.0,-0.0173609380620237,-0.0026220751106212,0.4227724304607239,0.0104586531840005,-0.0540666035465141,-0.1271494344152944,0.6564507915149207
1.0,0.0,24.68145953737592,4.14418467674673,-9.0,67.0,47.0,UZB,2008,Uzbekistan,Lower middle income,Europe & Central Asia,12165067486.0,11400016682.0,-0.0152407212793109,-0.0014004025613071,0.4190894523799418,0.0124144989192536,-0.0526488670810016,-0.130766850455871,0.6907563024091596
1.0,0.0,24.75889207222002,4.16027449240099,-9.0,67.0,48.0,UZB,2009,Uzbekistan,Lower middle income,Europe & Central Asia,11677571267.0,11457877212.0,-0.0120520202124877,-0.0018519181639808,0.4594963093327788,0.0144769248370287,-0.0514050395426797,-0.1465858944658057,0.6695508102677716
0.0,0.0,24.83211621356041,4.176239435577309,-9.0,67.0,49.0,UZB,2010,Uzbekistan,Lower middle income,Europe & Central Asia,12090928285.0,12428121727.0,-0.003847332727826,-0.0014759497182747,0.4789449304954111,0.0198249400904106,-0.0411082595596369,-0.1456523861919624,0.6573245174511182
0.0,0.0,24.904670707276274,4.191731684596307,-9.0,67.0,50.0,UZB,2011,Uzbekistan,Lower middle income,Europe & Central Asia,14254614639.0,15626794596.0,-0.0036794675528319,-0.0013381875172731,0.5279246443461696,0.0177402616609038,-0.0389311058406874,-0.1409772216981693,0.6763157479589531
0.0,0.0,24.973286326556956,4.206858287563232,-9.0,67.0,51.0,UZB,2012,Uzbekistan,Lower middle income,Europe & Central Asia,13019734006.0,16849481582.0,-0.0038071932484789,-0.0011253417357848,0.6232921909084881,0.0174686414856026,-0.0521464000842649,-0.1286837049804202,0.7125398580528229
0.0,0.0,25.04371264029351,4.222554084804966,-9.0,67.0,52.0,UZB,2013,Uzbekistan,Lower middle income,Europe & Central Asia,13644942280.0,17367231964.0,-0.0038418717666035,-0.000684842472098,0.6900532473937897,0.0161647374252211,-0.0593759740189182,-0.1181981489730762,0.732239978513736
0.0,0.0,25.110191513108354,4.239200123112261,-9.0,67.0,53.0,UZB,2014,Uzbekistan,Lower middle income,Europe & Central Asia,12972030799.0,16420970314.0,-0.0052115733597116,-0.0003924388088535,0.7373636976749698,0.0157915126529368,-0.0891363163639887,-0.1215851794666111,0.7468164207108532
0.0,0.0,25.17989268643843,4.245486570389647,-9.0,67.0,54.0,UZB,2015,Uzbekistan,Lower middle income,Europe & Central Asia,11872252205.0,14638435989.0,-0.0048885676361226,-0.0005451724951137,0.7696175110211831,0.015998370773479,-0.0977350202532406,-0.1167200116354657,0.750014037496097
0.0,0.0,25.23752130282522,4.2627632123012305,-9.0,67.0,55.0,UZB,2016,Uzbekistan,Lower middle income,Europe & Central Asia,10623491739.0,14522253346.0,-0.0043692855342132,-0.0006160789308907,0.853565858131208,0.0197448599135906,-0.1310017408317531,-0.109190342110548,0.7719458098904101
0.0,0.0,25.280535529126503,4.279714270345681,-9.0,67.0,56.0,UZB,2017,Uzbekistan,Lower middle income,Europe & Central Asia,12880673501.0,16784675095.0,-0.0044096765051872,-0.0001584704677274,0.8961919872845849,0.0228945977874909,-0.141293314374915,-0.110561455838582,0.7892731999178241
0.0,0.0,25.33269693235317,4.296987228298786,-9.0,67.0,57.0,UZB,2018,Uzbekistan,Lower middle income,Europe & Central Asia,14190894258.0,23455563381.0,-0.0009457975376326,-0.0002583335758058,1.0598322299998866,0.0303408864723861,-0.1703436670139813,-0.1064850331622235,0.8527367449492353
0.0,0.0,23.897888416321596,3.269731036311429,0.0,68.0,29.0,YEM,1990,Yemen,Low income,Middle East & North Africa,1412103555.0,2081089267.0,0.017245680759752,-0.0031213745039681,-0.4752886971730978,0.0734398738306181,-0.0275186543481062,-0.0623421954464944,-0.2326540057311899
0.0,0.0,23.958922308385954,3.3080391170266634,0.0,68.0,30.0,YEM,1991,Yemen,Low income,Middle East & North Africa,2591910791.0,4435970025.0,0.0222592549299587,0.0058489030159181,-0.4334181090581384,0.0857642631420958,-0.0234458514035042,-0.0634575288424443,-0.2041479193729647
0.0,0.0,24.037803709415293,3.3460653709269517,0.0,68.0,31.0,YEM,1992,Yemen,Low income,Middle East & North Africa,2911541724.0,5376769359.0,0.0250609646611304,0.0031613379301433,-0.3949145778832856,0.0922976468485746,-0.020377766497074,-0.0689876392850926,-0.13350363545684
0.0,0.0,24.07704332990774,3.3836708446261734,-2.0,68.0,32.0,YEM,1993,Yemen,Low income,Middle East & North Africa,4331455787.0,8306411324.0,0.0272157525625709,0.009936519829507,-0.3893375207118112,0.0931132389066192,-0.0148366183788069,-0.0821741472837981,-0.0908048396098723
0.0,0.0,24.14209998981057,3.420583045897528,-2.0,68.0,33.0,YEM,1994,Yemen,Low income,Middle East & North Africa,11145349759.0,8178018318.0,0.0268849967919675,0.0170421572929151,-0.3506407512597233,0.1010655689800554,-0.0149456865128556,-0.0699724335478256,-0.0345526710347368
0.0,0.0,24.197244884823952,3.456520345000335,-2.0,68.0,34.0,YEM,1995,Yemen,Low income,Middle East & North Africa,5820589262.0,5369135802.0,0.0196477142029812,0.0173062485388398,-0.3035926815980764,0.0977974458170361,-0.0153948553456523,-0.0924455030687599,0.0016141691591516
0.0,0.0,24.24255249018476,3.490183702803991,-2.0,68.0,35.0,YEM,1996,Yemen,Low income,Middle East & North Africa,2501418937.0,3081326093.0,0.0152399725831343,0.0069452436194196,-0.3227061388171866,0.0688610028099405,-0.0180489546567252,-0.1370062108259973,0.0168058157412361
0.0,0.0,24.293541302605036,3.522059377341515,-2.0,68.0,36.0,YEM,1997,Yemen,Low income,Middle East & North Africa,2481221964.0,2999400000.0,0.0120374869055285,-0.003327774001482,-0.3064988604802992,0.0516425434583442,-0.0267411442855687,-0.2095379792501883,0.0665681470330609
0.0,0.0,24.35187336531278,3.5535640645413125,-2.0,68.0,37.0,YEM,1998,Yemen,Low income,Middle East & North Africa,1678128720.0,2915690398.0,0.0125158631380834,-0.0080802943579539,-0.3109928305379491,0.0463875336444388,-0.0271383179396185,-0.2361127671329663,0.0685858076761345
0.0,0.0,24.388933385234942,3.584702017786134,-2.0,68.0,38.0,YEM,1999,Yemen,Low income,Middle East & North Africa,2661491559.0,2839122707.0,0.0116054670691377,0.0006835798199175,-0.3178168253748923,0.0585871997589973,-0.0242628386664236,-0.2346640290625168,0.1050613295276681
0.0,0.0,24.44891700724206,3.615476307089539,-2.0,68.0,39.0,YEM,2000,Yemen,Low income,Middle East & North Africa,4008099080.0,3293865080.0,0.0106954393616069,0.0105967593303651,-0.2689994656162988,0.053364636052203,-0.0154624983258423,-0.2184299378039466,0.1393422654211496
0.0,0.0,24.486247915372985,3.645691988289864,-2.0,68.0,40.0,YEM,2001,Yemen,Low income,Middle East & North Africa,3536920742.0,3448100633.0,0.0086456258745919,0.0111873364338564,-0.1847360440308398,0.0530887919045341,-0.0238229830914702,-0.2251276414068515,0.2066603045262302
0.0,0.0,24.52484566053615,3.675354207695401,-2.0,68.0,41.0,YEM,2002,Yemen,Low income,Middle East & North Africa,3956694759.0,4034554609.0,0.0110729617051107,0.0080518847957392,-0.3759538173960217,0.0454448975593694,-0.0290369394598493,-0.2285069614706784,0.4446845715540882
0.0,0.0,24.561634555610052,3.704737805618392,-2.0,68.0,42.0,YEM,2003,Yemen,Low income,Middle East & North Africa,4291615936.0,4468821029.0,0.0100482638413458,0.0131256287618285,0.3005432264442921,0.0281600260346976,-0.0524465910924484,-0.1666828797209645,0.3384209006613986
0.0,0.0,24.600592699681236,3.7340747119627746,-2.0,68.0,43.0,YEM,2004,Yemen,Low income,Middle East & North Africa,5045391417.0,4918042643.0,0.0019252166771397,0.0088995178100343,0.3960338457014346,0.0196867256405095,-0.0578299516067029,-0.1623709453365871,0.4090964048089073
0.0,0.0,24.655002738695046,3.765041388086003,-2.0,68.0,44.0,YEM,2005,Yemen,Low income,Middle East & North Africa,6842678646.0,6002694868.0,-0.0009078921491574,0.0060577560771404,0.4076223130162191,0.0150843444545302,-0.0519990535226835,-0.1727539615404435,0.5121238114693206
0.0,0.0,24.686214633611097,3.797547876934215,-2.0,68.0,45.0,YEM,2006,Yemen,Low income,Middle East & North Africa,7865176600.0,7781119959.0,-0.0028211665990922,-0.000746067843513,0.4024355604970603,0.0147051349411256,-0.0524627711898918,-0.1821807745970242,0.5609675977067441
0.0,0.0,24.719053758035,3.82993600399262,-2.0,68.0,46.0,YEM,2007,Yemen,Low income,Middle East & North Africa,7773281008.0,9357357854.0,-0.003209997586849,-0.0009376452351089,0.3848741502416613,0.0146477815732398,-0.0541216946837018,-0.1915276023732648,0.612120649437876
0.0,0.0,24.75487996125398,3.862059285080961,-2.0,68.0,47.0,YEM,2008,Yemen,Low income,Middle East & North Africa,10182247997.0,11681401144.0,-0.0036997727400026,-0.0008338041761378,0.3943239276515015,0.015786632784599,-0.0535274810711644,-0.2058644326598595,0.6268550587273259
0.0,0.0,24.79281359181589,3.894028635896011,-2.0,68.0,48.0,YEM,2009,Yemen,Low income,Middle East & North Africa,7118191039.0,9988338906.0,-0.0037264327854745,-0.0007921545258008,0.3923968678231708,0.0159323789282943,-0.0519618653532017,-0.207806977409499,0.6399201504868158
0.0,0.0,24.867014410736342,3.9254142750002368,-2.0,68.0,49.0,YEM,2010,Yemen,Low income,Middle East & North Africa,9270503495.0,10629004000.0,-0.0035246034673766,-0.0011284744188943,0.4745460771780743,0.0142481084933125,-0.0417532302401319,-0.1929141634507898,0.6576871379152817
0.0,0.0,24.731024032776354,3.9559117218660775,-2.0,68.0,50.0,YEM,2011,Yemen,Low income,Middle East & North Africa,9929334000.0,10707767722.0,-0.0036727870308682,-0.0016374825454859,0.3381218414690142,0.0164473037349104,-0.053221897795096,-0.1908984755197271,0.6734760257065525
0.0,0.0,24.754672102055917,3.98628901247941,3.0,68.0,51.0,YEM,2012,Yemen,Low income,Middle East & North Africa,8802086894.0,12920749767.0,-0.0042402769310232,-0.0013270257367203,0.3465459472384055,0.0198239188351054,-0.0529399360257995,-0.1942352980241285,0.6662362114997294
0.0,0.0,24.80178008135596,4.016745281254255,3.0,68.0,52.0,YEM,2013,Yemen,Low income,Middle East & North Africa,9036683925.0,12186114206.0,-0.0048775207721084,-0.0011891707077439,0.3648987349032676,0.0186018103350256,-0.0520532179543756,-0.1967490867929206,0.6652653246789016
0.0,0.0,24.7998913965849,4.047428519115187,0.0,68.0,53.0,YEM,2014,Yemen,Low income,Middle East & North Africa,9287266913.0,11567517016.0,-0.0048727400707941,-0.0015178164742724,0.3788507076320379,0.0156071949639151,-0.0577959907480345,-0.2024917312245516,0.6661172496117448
0.0,0.0,24.47146307321604,4.077831106545338,0.0,68.0,54.0,YEM,2015,Yemen,Low income,Middle East & North Africa,3841895933.0,9047502113.0,0.0069026336921012,-0.0250696986943311,-0.3047681024023864,-0.0291751879520067,-0.0648461108091708,-0.3362773620237274,0.7618802421386927
0.0,0.0,24.37302163414696,4.107852491140516,0.0,68.0,55.0,YEM,2016,Yemen,Low income,Middle East & North Africa,1506137718.0,8227926016.0,0.0093677828557249,-0.029543584774549,-0.4801533714178999,-0.0457211857157571,-0.0740391681261761,-0.4157137343147011,0.6806463146878242
0.0,0.0,24.320972310480258,4.137974769858354,0.0,68.0,56.0,YEM,2017,Yemen,Low income,Middle East & North Africa,2600541607.0,8933538625.0,0.009533258892096,-0.0250829842578332,-0.4280352809459514,-0.0369292173391615,-0.07629008192091,-0.37899350599983,0.6924376302908176
0.0,1.0,24.32846861867588,4.167578559451929,0.0,68.0,57.0,YEM,2018,Yemen,Low income,Middle East & North Africa,1891857549.0,10224406925.0,0.0091432666750981,0.0575030856833737,-0.3609004050751895,-0.0362130876711904,-0.1046600766826364,-0.3352561437080478,0.7303604088671313
0.0,1.0,23.106200425534382,2.9015114960853996,4.0,70.0,19.0,ZWE,1980,Zimbabwe,Lower middle income,Sub-Saharan Africa,1561474151.0,1772342262.0,0.0019734965421227,-0.0016519694091057,-1.036226184528053,0.1603302348960478,-0.0354357337652507,0.0488416078413643,-0.4092944431365961
0.0,1.0,23.224209434384377,2.9644392618501074,4.0,70.0,20.0,ZWE,1981,Zimbabwe,Lower middle income,Sub-Saharan Africa,1557022080.0,2076439449.0,0.0033143449259145,-0.0043965484742412,-0.8112662535609857,0.0792436466904654,-0.0259410203441447,-0.0047066278002121,-0.3178527323225744
0.0,1.0,23.250211405461954,3.003392659731583,4.0,70.0,21.0,ZWE,1982,Zimbabwe,Lower middle income,Sub-Saharan Africa,1446131890.0,1898465425.0,0.0032196168864219,-0.0035338552218693,-0.809783811983318,0.0776144825116712,-0.0259856444817129,-0.0072058206759019,-0.3085935907299624
0.0,1.0,23.26594011286964,3.0413852633624154,1.0,70.0,22.0,ZWE,1983,Zimbabwe,Lower middle income,Sub-Saharan Africa,1277291527.0,1512740982.0,0.0020927637946347,-0.0034380215004417,-0.8033713379706314,0.0765178647538311,-0.0262020640615826,-0.0095146685598725,-0.3072394767748339
0.0,1.0,23.24668226405962,3.076936116541237,1.0,70.0,23.0,ZWE,1984,Zimbabwe,Lower middle income,Sub-Saharan Africa,1306736254.0,1322234363.0,0.0020755196843593,-0.0034213639492128,-0.8192338555603266,0.0772932338126087,-0.025443684088879,-0.0087785931627337,-0.2950116418280523
0.0,1.0,23.31382103693131,3.1115243864159723,1.0,70.0,24.0,ZWE,1985,Zimbabwe,Lower middle income,Sub-Saharan Africa,1252436243.0,1241275948.0,0.0021824199606092,-0.0035762263116417,-0.8101935113023087,0.0752528707777399,-0.0260228801755032,-0.0118009444239551,-0.2868996525787849
0.0,1.0,23.334594067009206,3.1450051816574294,1.0,70.0,25.0,ZWE,1986,Zimbabwe,Lower middle income,Sub-Saharan Africa,1496041260.0,1338752892.0,0.0021730298408731,-0.0034613632616107,-0.8095412923702059,0.0764642499003829,-0.0257880517654507,-0.0116179816446451,-0.2771225888353408
0.0,1.0,23.346035732798466,3.178080110835944,-6.0,70.0,26.0,ZWE,1987,Zimbabwe,Lower middle income,Sub-Saharan Africa,1619777305.0,1434918067.0,0.0024521817708599,-0.003307915662444,-0.8195402446584048,0.0778063352553323,-0.017272993212294,-0.013045855969447,-0.2660246488060759
0.0,1.0,23.418843480478206,3.209718762250572,-6.0,70.0,27.0,ZWE,1988,Zimbabwe,Lower middle income,Sub-Saharan Africa,1856204058.0,1591902680.0,0.0032397057969925,-0.0040648601243338,-0.8080926312842736,0.078195079266032,-0.0175156289796452,-0.0141605173674455,-0.2283945285504942
0.0,1.0,23.469534374695517,3.238690920714099,-6.0,70.0,28.0,ZWE,1989,Zimbabwe,Lower middle income,Sub-Saharan Africa,1935204474.0,1800729748.0,0.0046316586173146,-0.0037554782626526,-0.8072246553429604,0.0770436555860988,-0.01803759598577,-0.0156052106617056,-0.205830686659188
0.0,1.0,23.53708603545735,3.265938074195103,-6.0,70.0,29.0,ZWE,1990,Zimbabwe,Lower middle income,Sub-Saharan Africa,2009607343.0,2003065404.0,0.0103415243235212,-0.0039695345565644,-0.7596900884303149,0.076563925059339,-0.0140520117439902,-0.0202454167907682,-0.180970877313759
0.0,1.0,23.590928011768295,3.2919870337898933,-6.0,70.0,30.0,ZWE,1991,Zimbabwe,Lower middle income,Sub-Saharan Africa,2065000000.0,2349000000.0,0.0160302020696402,-0.0039155801746243,-0.7484859520615622,0.0817805241927143,-0.0123400881723983,-0.0214284963701929,-0.1607249280515325
0.0,1.0,23.496446217934132,3.320214304090519,-6.0,70.0,31.0,ZWE,1992,Zimbabwe,Lower middle income,Sub-Saharan Africa,1839250000.0,2464500000.0,0.0150405397413761,-0.0032293750515251,-0.7953947214837503,0.0835520429816385,-0.01017699591553,-0.0215152218268652,-0.1118976341689479
0.0,1.0,23.506905910612016,3.334831091616657,-6.0,70.0,32.0,ZWE,1993,Zimbabwe,Lower middle income,Sub-Saharan Africa,2017500000.0,2131000000.0,0.0172557540757263,-0.0038260381079076,-0.7938311141628597,0.0851182066345201,-0.0106422417367123,-0.0226170351740151,-0.053705015675482
0.0,1.0,23.595239069553646,3.336014521782955,-6.0,70.0,33.0,ZWE,1994,Zimbabwe,Lower middle income,Sub-Saharan Africa,2385500000.0,2517750000.0,0.019492571483867,-0.0044653074472188,-0.7718908166033892,0.0809954234078901,-0.0115798956937075,-0.0233104643790523,-0.0219178202886253
0.0,0.0,23.596818079104715,3.3453016787377083,-6.0,70.0,34.0,ZWE,1995,Zimbabwe,Lower middle income,Sub-Saharan Africa,2720500000.0,2911500000.0,0.0165823615272773,0.0018917930230966,-0.8002488445369006,0.0856100450598175,-0.0121715209881665,-0.0353985157711172,0.0216714362253931
0.0,0.0,23.695401956030068,3.3619072507395167,-6.0,70.0,35.0,ZWE,1996,Zimbabwe,Lower middle income,Sub-Saharan Africa,3091750000.0,3075500000.0,0.0138527767879832,-0.0005354499993968,-0.705412175319844,0.0811055306536483,-0.0148282888320338,-0.0546098427259547,0.0719751496524182
0.0,0.0,23.721854912752192,3.380681350093651,-6.0,70.0,36.0,ZWE,1997,Zimbabwe,Lower middle income,Sub-Saharan Africa,3208250000.0,3807000000.0,0.010628483504239,-0.0015557190866583,-0.7089717354790889,0.0870403863415288,-0.0243722811382569,-0.0660615609193975,0.1247831810765709
0.0,0.0,23.75029864494831,3.400231597109022,-6.0,70.0,37.0,ZWE,1998,Zimbabwe,Lower middle income,Sub-Saharan Africa,2779500000.0,2890000000.0,0.0102902335576182,-0.0058386196352474,-0.6339416106645576,0.0798139049119202,-0.0261398002268593,-0.0924006609705201,0.114683688157589
0.0,0.0,23.742086809606516,3.4164149413604705,-3.0,70.0,38.0,ZWE,1999,Zimbabwe,Lower middle income,Sub-Saharan Africa,2566750000.0,2299500000.0,0.008216893103832,-0.0030859260114488,-0.7183300712673137,0.0861777069359292,-0.0314636684317746,-0.0767230009866438,0.1542992996882111
0.0,0.0,23.711017212287018,3.425588787918844,-3.0,70.0,39.0,ZWE,2000,Zimbabwe,Lower middle income,Sub-Saharan Africa,2554250000.0,2403500000.0,0.0064308720487038,-0.0032152033285428,-0.7797658868741602,0.0890572693599652,-0.0347565196896396,-0.0830002806045041,0.157588670834106
0.0,0.0,23.725310725504713,3.4322805787048805,-4.0,70.0,40.0,ZWE,2001,Zimbabwe,Lower middle income,Sub-Saharan Africa,2370500000.0,2233500000.0,0.0054924838536308,-0.0032163319722888,-0.7919799734197152,0.0901884504256846,-0.0393412469135415,-0.0856582246281555,0.1713310098756058
1.0,0.0,23.63216394393535,3.441902776424923,-4.0,70.0,41.0,ZWE,2002,Zimbabwe,Lower middle income,Sub-Saharan Africa,2020000000.0,2219250000.0,-0.0442308293099387,-0.0025809894940624,-0.9018010565232064,0.1397053176793413,-0.0453633396695277,-0.0805233642704533,0.1933212841620422
1.0,0.0,23.445893704601065,3.4538001324872867,-4.0,70.0,42.0,ZWE,2003,Zimbabwe,Lower middle income,Sub-Saharan Africa,1856500000.0,2180750000.0,-0.0261421887695776,-0.0022597627251992,-1.0131916500830735,0.1257511006287945,-0.0390695484437288,-0.0764975820630222,0.2253151523738541
1.0,0.0,23.386063675522546,3.4646606189517075,-4.0,70.0,43.0,ZWE,2004,Zimbabwe,Lower middle income,Sub-Saharan Africa,2002250000.0,2414500000.0,-0.0211889772197694,-0.0024255127887974,-1.0846792514432535,0.1248006002249541,-0.0380650247122085,-0.083730584029089,0.2922792690209361
1.0,0.0,23.32725713559135,3.474120583228487,-4.0,70.0,44.0,ZWE,2005,Zimbabwe,Lower middle income,Sub-Saharan Africa,1931750000.0,2447000000.0,-0.0210717003448862,-0.0029192731520511,-1.114499305352508,0.1261988197096477,-0.0372311398397699,-0.0925068407536142,0.3845018547321189
1.0,0.0,23.292028892009842,3.486303357026504,-4.0,70.0,45.0,ZWE,2006,Zimbabwe,Lower middle income,Sub-Saharan Africa,1958500000.0,2552500000.0,-0.0204059752293978,-0.0037146167290727,-1.1245901038997663,0.1244720286272268,-0.0365685175712082,-0.098705215011381,0.4374657627091335
1.0,0.0,23.254811571609828,3.4994804099883177,-4.0,70.0,46.0,ZWE,2007,Zimbabwe,Lower middle income,Sub-Saharan Africa,2000500000.0,2456000000.0,-0.0204087982441527,-0.0040960683771905,-1.1138623527812288,0.1336702314347548,-0.0340232214506179,-0.1080145495426663,0.5323579982319928
1.0,0.0,23.060389744997355,3.5115202832907424,-4.0,70.0,47.0,ZWE,2008,Zimbabwe,Lower middle income,Sub-Saharan Africa,1832000000.0,3006750000.0,-0.0128594755542387,-0.004839910375452,-1.277938002219322,0.1241689979634718,0.004904491077613,-0.0751769962910827,0.7332949682267542
1.0,0.0,23.173893057637567,3.525591577287221,1.0,70.0,48.0,ZWE,2009,Zimbabwe,Lower middle income,Sub-Saharan Africa,1883500000.0,4090750000.0,-0.0174593645281813,-0.0041075908119479,-1.0966178122042078,0.1368636023204067,-0.0320015137534042,-0.0943155244192501,0.725101542630304
1.0,0.0,23.368242496282342,3.5417250093761883,1.0,70.0,49.0,ZWE,2010,Zimbabwe,Lower middle income,Sub-Saharan Africa,3571000000.0,6443500000.0,-0.0212804236742478,-0.0033743005273545,-0.9185287631870108,0.1325683141241721,-0.0263750832412852,-0.1063069779690792,0.8241265004996197
1.0,0.0,23.504696427592584,3.5594515236180553,1.0,70.0,50.0,ZWE,2011,Zimbabwe,Lower middle income,Sub-Saharan Africa,4910000000.0,7712750000.0,-0.0307899412231689,-0.0032888444592704,-0.8697277340049703,0.1387496102765628,-0.027470924778102,-0.1129353400066113,0.8396695500821056
1.0,0.0,23.6509146751189,3.57568217021339,1.0,70.0,51.0,ZWE,2012,Zimbabwe,Lower middle income,Sub-Saharan Africa,4308750000.0,8390500000.0,-0.0371313621826342,-0.0037579213865957,-0.8063357367221118,0.1306697483144135,-0.0302956924176894,-0.1338216517228798,0.8478755266037683
1.0,0.0,23.682381664210478,3.5897613873768064,4.0,70.0,52.0,ZWE,2013,Zimbabwe,Lower middle income,Sub-Saharan Africa,4199750000.0,7004000000.0,-0.0370610827444589,-0.0036315417083141,-0.8076806315833692,0.1302460192542358,-0.0306875693533459,-0.1286640513444964,0.8429745744724548
1.0,0.0,23.69711797565908,3.603478327701966,4.0,70.0,53.0,ZWE,2014,Zimbabwe,Lower middle income,Sub-Saharan Africa,4082500000.0,6581500000.0,-0.0372044528875531,-0.0035008802499548,-0.8007936975806003,0.1290124276237414,-0.0308808411364122,-0.1340642455685891,0.8455010475918833
1.0,0.0,23.71715243879578,3.6168779205138093,4.0,70.0,54.0,ZWE,2015,Zimbabwe,Lower middle income,Sub-Saharan Africa,3827000000.0,7507750000.0,-0.0380042025525328,-0.0033636001028687,-0.7938125096703281,0.1289897359487339,-0.0296391133642344,-0.1337392572409541,0.8447354389191671
1.0,0.0,23.726121648846586,3.630759923372604,4.0,70.0,55.0,ZWE,2016,Zimbabwe,Lower middle income,Sub-Saharan Africa,4100250000.0,6430000000.0,-0.0394658827191034,-0.0028204947150553,-0.7924502972602686,0.1257117413765578,-0.0295674708238122,-0.1326542261418451,0.8477690976391702
1.0,0.0,23.76611383266919,3.6451884617545005,4.0,70.0,56.0,ZWE,2017,Zimbabwe,Lower middle income,Sub-Saharan Africa,12584462151.0,15499601594.0,-0.0454727984166617,-0.0071105203207781,-0.4747526833986381,0.1196487332051166,-0.0154668718092985,-0.1392903396428435,0.9641566726752108
1.0,0.0,23.8149979617903,3.660062625536841,4.0,70.0,57.0,ZWE,2018,Zimbabwe,Lower middle income,Sub-Saharan Africa,8932843137.0,9691544118.0,-0.0529877154377425,-0.0074457409043273,-0.4626025235284794,0.1078633387628834,-0.016101568324166,-0.1680875823942832,0.9790758393861646
