sanction_shap,neighbor_shap,log_rgdp_shap,log_pop_shap,polity2_shap,country_id_shap,year_id_shap
0.0049125578193666905,0.003470630586474827,-2.2690005105062117,-0.029341478797729414,-0.02565754274097996,-0.09961641764467248,-0.4130636609142455
0.004940109060081863,0.0036122939549345728,-2.2343989371287862,-0.0194745239471286,-0.026172219621950068,-0.10118870359973693,-0.3937677020345615
0.004874061289597125,0.0029386056167412518,-2.18819744361047,-0.005951529463558873,-0.02477461049298416,-0.10305087768297584,-0.379753469509057
0.004857938755755846,0.0029628063086407706,-2.1867999896786605,-0.007351000759057611,-0.026043668206868455,-0.10291597231470705,-0.381044184926219
0.004846665837675509,0.002891858994808125,-2.192253384868996,-0.01191916279332498,-0.027037422103384463,-0.10127324614228043,-0.3751139008984527
0.004869673119160511,0.002878797909794026,-2.1820080053540623,-0.015210845787720032,-0.034718642514382954,-0.10622507917188269,-0.3686732636130757
0.004855883762746878,0.0017189178949231826,-2.1634610262554697,-0.019908304962916592,-0.03559969191393426,-0.11200897059128488,-0.3800586889045869
0.005324236364757269,0.0012235916415122177,-2.0851007895102165,-0.03071836009808482,-0.07252565609098804,-0.13134421799747906,-0.2382694447792916
0.005393118649843749,0.0011139587654663242,-1.975288172930386,-0.030365973520744428,-0.058360589402750226,-0.13416570796839497,-0.041290029108034663
0.005835719176804482,0.0009504603478576871,-1.987379079645164,-0.0630341512356796,-0.0663062976355212,-0.1299111425017458,-0.0648312168156926
0.006624709498380205,0.0008022613564657805,-1.9658345837572906,-0.08149666117235202,-0.0413148983702448,-0.12097425869156313,-0.06277210977230624
0.007981642279894889,1.930710974774065e-05,-2.128400795000843,-0.10776315902290837,-0.036887203965794146,-0.12209240804214082,0.06572827860517173
0.008480652954234998,-0.0011707477517746577,-2.098263429125216,-0.06318285613628381,-0.014439349815780746,-0.09646523308751818,0.24319545507870627
0.008459739152097478,0.000386021664094432,-2.0596450969125915,-0.05455846056705213,-0.008667434394187344,-0.08806372737394129,0.28955862978444286
0.008632201610954026,0.0015855019950375927,-2.0202574625280394,-0.035004838673113506,-0.007579230338295016,-0.08040084237249462,0.3279763559492162
0.008405588341426238,0.0019451825996163483,-1.9505142756401246,-0.016296115708300585,-0.00827987067701355,-0.0746298704400549,0.3172212249263602
0.006955098602317079,0.0014448159739895348,-1.917849342476369,-0.002393331254485612,-0.03222737840440229,-0.07896032150954432,0.32462481698971507
0.0048540811345197,0.0014130960646843,-2.0069211576054844,-0.009283437967825166,-0.012076649951619136,-0.07276042662937224,0.40999784251099647
0.0044234990843537375,0.0012760461182779671,-1.964815935900519,-0.004356626130226933,-0.014633122246011241,-0.0692737310580023,0.3823439870052484
0.004330042428587454,0.0009804408185568711,-1.9091648318877892,-0.0021511773352719554,-0.01847522924728809,-0.06923809570336603,0.37513907705395033
0.003342051476645022,0.0011463217402189292,-1.8344384518778933,0.004009932856032262,-0.022671701792884448,-0.06693119664165945,0.3558985671275286
0.0032348209708289726,0.0005786920276527663,-1.5062020117341781,-0.01304889686943073,-0.02474520414691091,-0.05750745722118493,0.2883988649486239
0.002276765961046378,0.00023020011074638863,-1.3027031508126803,-0.02896573675650674,-0.013315018108647346,-0.04228608120256749,0.2540756822178326
0.0007636778753687986,-0.00023971061825870342,-1.2278860124366435,-0.017714751235216947,-0.020570552372166335,-0.036687790587178436,0.37215571513290036
0.000675276666046608,-0.0008591339181458898,-1.2575312776187815,-0.021646310850011626,-0.023526234710986107,-0.03305814610169456,0.4728188175570286
0.0005629165718171825,-0.0018119092910263057,-1.2875323320879453,-0.01221258614961122,0.13182254511740457,-0.03876974668932916,0.6218233256421375
0.000563542119413774,-0.002070794295341316,-1.2430178956192266,0.0036138574864776336,0.11428248357819508,-0.03242220753308378,0.77497556483876
0.0005737129016578247,-0.0030168727137907967,-1.2304141499251902,-0.011102694536195966,0.0922860988710197,-0.024897766009132183,0.8967256241250385
0.0012451048785320248,-0.0013014767240832285,-1.165087018584723,-0.014725487836438612,0.053104651475648725,-0.016389067064971778,1.0446784806782998
0.0012178646790841413,-0.0008369482377709378,-1.1653404878375064,-0.015000537779731846,0.049987979858411094,-0.018242140756001814,1.0495832374247516
0.0015075064176909244,-0.0005073408967840501,-1.149150707197163,-0.018288206998045974,0.04520868746561041,-0.023826458264642622,1.0751553205214326
0.001559428701877421,-0.0001310934744796563,-1.1172335678909087,-0.01809416087522256,0.04464403086387031,-0.028739299021288488,1.098767836944788
0.0018007375041640384,0.00015467297873176681,-1.0886899232428695,-0.017996693397448353,0.04357549549154097,-0.02911225872412737,1.0721804230852583
0.002007274162881203,-0.000834714179431832,-1.0856608958285807,-0.01843186595985498,0.04377272280648732,-0.032612441063641764,1.0609443334790756
0.002741167990897457,-0.0009330960227614081,-1.0585169843826354,-0.018020894786295677,0.04374515762144142,-0.0348914921022459,1.0402290013303324
-0.02470289414214983,-0.0008764879199705293,-1.067456842738002,-0.02611644105805068,0.04518811251545522,-0.032920156116187343,1.073030438188391
-0.027473873517157604,-0.0001565582306390589,-0.9949422380273314,-0.029143178080225533,0.046267000494850524,-0.036164413816368327,1.1064287487666764
-0.030851458129719588,0.0002988974904305704,-0.9516488743919037,-0.0286805420993236,0.0470676719831927,-0.03734581106345139,1.1236412156734241
-0.03224051809653543,0.00031241509441423795,-0.9206282538441651,-0.014631823231661643,0.047754745690367514,-0.034982152946978554,1.1378741625493172
0.004340102510784138,-0.001381735356125091,-0.6688980618133954,-0.0640501513517249,0.007798626915179197,0.02316295942871521,-2.141927237292667
0.02140539951298197,-0.0026812835685420732,-0.1090800297683333,-0.020153566066743643,-0.0013697632302246607,0.010475109856219349,-1.864677321882904
0.020893823019346364,-0.0032503904313336404,-0.032654073992290526,-0.019760449842556836,-0.000314906321956933,0.0032316216892882155,-1.9066133806420367
0.020129151466190428,-0.0030542360696224,0.014593617904154423,-0.022436634714925192,0.010778314782846497,0.0032936674965949406,-1.9418887752623826
0.01631972525553647,-0.0032094802689552355,-0.02419263886906161,-0.027772295441620482,0.01172897250110767,0.003339852244197271,-1.849118828918768
0.014933039472535867,-0.0025000983543395396,0.06598536744011477,-0.02849643101538753,0.009624158886906004,0.0031659111946161916,-1.9023106950359354
0.01386003819238406,-0.0018803067273073955,0.07250892577581014,-0.02378100134528002,0.0073851223222631815,0.0038302701275736008,-1.859201313595276
0.010516114013595817,-0.0012913060181837385,0.11951112983407407,-0.018351376762921482,0.002595213298404145,0.005588684692719551,-1.8006190848373012
0.0064288917520260455,-0.00013185788020193422,0.17215987603380462,-0.01745776756772394,-0.0036281059409200376,0.006726031564329589,-1.6636802833605544
0.0073556297139323315,-0.0002469105949027187,0.08924434936586276,-0.014539051244969951,-0.007626921906667906,0.007459710337443738,-1.5610485564494585
0.005054928842891283,5.2618147824649945e-05,0.18666208037370097,-0.020421001572636537,-0.014858204635746445,0.00010063566279346851,-1.4384699477035912
0.004712365883823209,0.0019610354982087953,0.19536098920596773,-0.014409309476102247,-0.011372406815411953,0.005420590182291289,-1.2103617766500323
0.0014938826453959988,0.0022272179008966967,0.23072295823265904,-0.0066555012556855885,0.004647767548777148,0.028270523582957438,-0.6849367933215728
0.00044420870886846016,0.002941708389862009,-1.4671953420247172,-0.0035607770456616804,-0.006173069796980726,0.035400628757346245,-1.2080581061089601
0.0013550515446884514,0.0023260102830993043,0.6334296253967066,0.02730453772133043,0.015382491229572364,0.0803723354022748,-0.586946010685009
0.0011735712516577285,0.0037721656549413824,0.6552575769140245,0.034249249543398134,0.0175634195181449,0.08262097169602596,-0.49168290592876424
0.0012077482291248138,0.003866520302305433,0.7047933465888243,0.04386805695869509,0.019895811745493076,0.08516522685674816,-0.4258411648422886
0.0015711009151828088,0.008144590032293423,0.7648851339885638,0.03489283022594642,0.01853487868775503,0.0768645190328444,-0.31250164691324744
0.0011953303950434228,0.00880841811411042,0.7523086373716559,0.017543488512255796,0.006172543040478169,0.060687028542066854,-0.21459528395091226
0.0012078479177648237,0.007849676221107332,0.7934743861334805,0.012147489818578175,0.002317990715439486,0.05953979311269388,-0.18591515322802077
0.0011503263355008735,0.008152739021722416,0.8410325070541509,0.01114714764374683,0.000541376636792194,0.05186507522633773,-0.19002944198009128
0.00112188476860849,0.007573809213957724,0.8485714174187774,0.010304962539269671,-0.001554816206181911,0.05216170004667344,-0.1878631740985792
0.0010767885510421125,0.007340583099437147,0.85547651974412,0.011663115171704713,-0.0019413468931857576,0.052311143975415676,-0.1891710637429683
0.0010598857018644784,0.007545993000336381,0.8581583975185815,0.012835083633714004,-0.0022111870308554864,0.0531191863541765,-0.18630474578826964
0.001078353292796395,0.008044665288563768,0.8622561554405755,0.014156032956707462,-0.0026164693172287395,0.05363099172378657,-0.17611856256194722
0.001535389218389419,0.008544036870677498,0.8425671248740325,0.01310304584890113,-0.00726365296589453,0.0502496316716527,-0.1476694262831744
0.0015805232675678252,0.0065316078869620715,0.8270206385787869,0.011732327737444304,-0.010439896572471071,0.040283772410556064,-0.10722654856921371
0.002105841747617184,0.006812478790187528,0.8683969671785615,0.013744342180959256,-0.03399219514424482,0.03762757310347167,-0.09907686178008342
0.0030923092524421723,0.007069997178894599,0.8751609271922829,0.013476852002673739,-0.03540313951084379,0.030687062070770283,-0.0793425852805896
0.004567298534819156,0.005925443026149038,0.8697745499055127,0.01414138987983531,-0.03644105080577814,0.029399658578753367,-0.07037131899731493
-0.04287490245182274,0.004368389126451454,0.9041758394334991,0.023976923324235695,-0.04501104063301396,0.01760874365208475,-0.04421685498038548
-0.041857639177638406,0.004486291147829759,0.8858365797969769,0.025074920623200093,-0.04687732537063815,0.015412606856043754,-0.014667260225515715
-0.04330017524437722,0.004924631498053771,0.8849092152118793,0.026412044439257817,-0.048764608787895576,0.012500951240465567,0.007525457406436214
0.004958116503580082,0.0044698594270814775,0.7975305239703805,0.011458896027623565,-0.04838640418993996,0.011988062710550602,0.06940907987040214
0.004060180703532387,0.0042663204520153805,0.7721851116408719,0.012163702818527395,-0.04936278402217062,0.011903316489007188,0.09644666494888458
0.002686411097108212,0.003626709036357932,0.7492709414855985,0.013442390399204298,-0.050755898121020784,0.014196585773925696,0.11919537335949078
0.0023165733385238575,0.002424014869511616,0.7884958970442318,0.011672395614689855,-0.053239405102088445,0.013620108300220186,0.09158277093672626
0.0020374492250439936,-0.008779196826951729,0.8186302291520179,0.011367790279508037,-0.0562200152211931,0.012508886616615821,0.07507781337513873
0.0013838945930865567,-0.009532072803577492,0.852817387478549,0.009523585740106037,-0.06195711380672417,0.005663105267451144,0.08237942117699318
0.0012790935123053644,-0.009828518637050625,0.8743251652768199,0.009670398370491785,-0.06319410547790294,0.0009400924038720753,0.09299397519017792
0.0009101277855112161,-0.010881962446668954,0.9170194654296211,0.008477326087549584,-0.0692650159175281,-0.0019123679411907335,0.1132657286091234
0.00016466547168762612,-0.009872207417086536,0.9442643943858481,0.007996891542811769,-0.08170921407242088,-0.008312268968960741,0.1801348695471066
-0.0005984809480637329,-0.007423563535299223,0.9282381981757932,0.00790406521814605,-0.07511676387281663,-0.009342828809611093,0.29572261405715594
-0.0012240849403964984,-0.0047609001889668155,0.96572639703469,0.009945768216331122,-0.07265399167593853,-0.00930429276024125,0.42254860432490216
-0.0010775951879821006,-0.004505555073451007,0.9833245136374141,0.008584753060862075,-0.06171220570823073,-0.008371560796414833,0.5743403079969442
-0.000833317520224167,0.004884149280478436,1.1039549820505905,0.009402695011377237,-0.04530833937425797,-0.007877672373393681,0.8177835087371412
-0.0008008678893571379,0.011580880931917599,1.1536386442908289,0.009719512365242353,-0.03496456990873169,-0.0018701127379259685,0.9866738759344169
-0.0008031694527192816,0.011652627259839869,1.1504697568475168,0.009577177931166758,-0.03489786814570461,-0.0009379016838077232,1.0007956055545566
-0.00024534541178928334,0.011709501537674518,1.161204009501759,0.01083657748640925,-0.03584673772866457,3.8005941218171435e-05,1.0257765127590863
-0.0004385813268884136,0.013006408098924666,1.1758942183682672,0.012729482618850423,-0.0360840872757233,-0.002324545543988431,1.036962727680925
-0.0008202281528006017,0.010838107361527337,1.2307749059428703,0.010785293602325845,-0.041653786821840955,-0.0017344627433786865,1.0257862484318798
-0.0008476773752738858,0.01075013247386918,1.2401698719114564,0.009602201498437135,-0.04289150041722315,-0.0019346877696292248,1.0223938974094469
-0.0012216095612267905,0.007295353283127782,1.2577307569851286,0.009660248027509302,-0.045886463066718945,-0.0026729652667603432,1.0136665354374408
-0.001150302240188035,0.006709288634841032,1.2640191137146264,0.009655088664992689,-0.04700362952853757,-0.003193113103414489,1.0094574977383912
-0.001054118176124448,0.0048615713813511445,1.2659286157621235,0.009137908528416214,-0.04932317741579149,-0.004276477976232187,1.0014555532811653
-0.0010716019156091832,0.004130972124378037,1.266606137441079,0.009256814276521225,-0.0518126375338843,-0.005798370369438944,1.0027751676275851
-0.0011177430704943933,0.0036683866340467726,1.2745711453580755,0.008022324683360858,-0.055947984565955115,-0.006662289129827581,1.0000374387716464
-0.06824518555554587,0.013049993897778656,-0.06384473411573663,0.048865860873262223,-0.03746632216548102,0.022833605860175205,0.22741482060818768
-0.034365269155561595,0.012052258547255034,0.02988988283288415,0.03423752043283691,-0.041405230181660375,0.044207789987007876,0.41856156851126336
0.00281935067577669,0.011861641724416045,0.12890381482859786,0.008944365231269538,-0.04003203156418442,0.04248032801903489,0.4930704748757529
0.0015188303482018672,0.009057021758205185,0.3326553835735609,0.02440158305057179,-0.033392833804560255,0.022802476841690105,0.5189990488882856
0.0005301752621896107,0.008156863157130411,0.4207188759074757,0.03135816980210171,-0.034897824680722195,0.029510827141757394,0.6903934434612427
0.0007643466431307392,0.004933885785662811,0.5536000429123247,0.05401532780567411,-0.0339800866695614,0.04194711667497641,0.861249652430807
0.0007740102820950453,-0.00047255252933223993,0.6188565231573275,0.07118221321850395,-0.03148086752143676,0.03593151481921219,0.920339478631003
0.000771889502502774,-0.00046869868783225733,0.6172852452000348,0.0719049260797029,-0.031585725075010104,0.03555649416054958,0.9350175073870903
0.0007708210862452604,-0.0003893136772516831,0.6102138668405018,0.07319090596792242,-0.03130585558998496,0.030891180210728876,0.9463579310048381
0.0007576296613898167,-0.00048341344903116634,0.6073797422929457,0.07048091443061485,-0.03159660354489379,0.026361708321123875,0.9568295581308542
0.0007522440403536331,-0.0005004716315644711,0.6099233003879666,0.06799981987583698,-0.03177725023377017,0.02514606577005686,0.9553635963067596
0.0007388703978613197,-0.0005446444002321,0.6042153275129255,0.06508502767596266,-0.03181832714913729,0.021372977180407808,0.9511231318004781
0.00020931793794563792,-0.007241522863401195,0.7442056473324536,0.04860468676237669,-0.03425016976371803,-0.00843063928554835,1.0138692502597935
0.00022729046750073474,-0.008352224561601807,0.7404338318190352,0.04550785897000547,-0.03469164076872695,-0.012378269775575032,1.0117898716853615
0.0007573082148433605,-0.0007292884993503635,0.6002501206082135,0.06380907534833259,-0.03239424183121738,0.018750477148116736,0.944038345311838
0.0007587348678287685,-0.0007031246069065241,0.5971002714153716,0.06401266310301806,-0.032703583914892434,0.018490143064200264,0.9475266923721574
0.0007560433662997749,-0.0007297691014859974,0.5971057981730017,0.06445265876526349,-0.03284398031873537,0.01794201086170867,0.9508571618438091
0.001306190144045177,-0.005837808849355309,1.0676653690188855,-0.06321378591973556,-0.01875142682785262,-0.11974822525674025,-2.320870078131332
0.0012895127287084662,-0.005828204662724635,1.0729675181581635,-0.060739847878223056,-0.01903468072439786,-0.11808249931168421,-2.3097342829596172
0.0011752201418368704,-0.006235401718562122,1.051060675808324,-0.061627537131184455,-0.018026939467237976,-0.11479965354667188,-2.298572305254879
0.001222903580838515,-0.0059642587301438335,1.0688946153427974,-0.06645527216287397,-0.01903052083875466,-0.12295257930803924,-2.3139666536063968
0.0012904886674343934,-0.005462259157515707,1.0755861583875106,-0.07415270668771073,-0.023420723805951935,-0.1305197414074414,-2.312325572635374
0.0016301419383141463,-0.004611210059395146,1.0737369420806693,-0.07410064565148194,-0.013527496614435145,-0.1223850483706817,-2.2547934785383146
0.0015458423171289073,-0.0040466400522986955,1.0869685973208736,-0.0765825546340621,-0.014841544018161831,-0.1275595372372569,-2.252163830876476
0.0018952581099886986,-0.004323044534569497,1.128148556252769,-0.07238212564412166,-0.021899475547346572,-0.13255185463362323,-2.197673778651877
0.001284443923929906,-0.004293985450467576,1.1516555013515606,-0.06048784077651491,-0.02567699941519449,-0.13150926415594688,-2.1424712661646566
0.0009317084477366569,-0.004250635014133684,1.1465659412848035,-0.06609845869970331,-0.04179893398697537,-0.1367945288577982,-2.01827013643801
0.001052294804575008,-0.003512604673934581,1.1712718213337066,-0.05753467645942629,-0.04781512297736795,-0.13037990889162457,-1.9125006724369065
0.000866637067191366,-0.0039981074535639744,1.169011230349749,-0.04922805205245854,-0.04524124178407486,-0.1317527263672195,-1.8508337891840763
9.975887638434731e-05,-0.002624951730707962,1.2435584905263777,-0.05710697390217981,-0.04595587566545088,-0.17522974282106904,-1.5380867465495631
0.001368303928910279,-0.006030958903724372,1.289729685151074,-0.03987150220588523,-0.05463140107341419,-0.31335941704672404,-1.20725947543898
0.0016427663624493903,-0.00935665957129244,1.2587080767971282,-0.041366258317802315,-0.059071742548456666,-0.38414334675029366,-1.1633647459113157
0.0038155303865155302,-0.010130021021581543,1.2656344250519234,-0.039252160066320825,0.006818727174577815,-0.4058538919752284,-1.0484956977053328
-0.019576063340372856,-0.014096908091544508,1.293356743536882,-0.026497433651437998,-0.007249104401879406,-0.40042139051905284,-0.9951834269357327
-0.0180280115143496,-0.014392089959015324,1.257986601113682,-0.029293225565022372,-0.007832642611771697,-0.42357093513177096,-0.9221037840995374
-0.02201108080684627,-0.016514012707429134,1.2560288525526428,-0.04437900257413016,-0.024307214507505642,-0.4799139335925267,-0.799489574165613
-0.02831288866596247,-0.010765050334498615,1.3010202456869275,-0.06496424187228796,-0.02921040284922668,-0.5156798505561925,-0.6049882341836292
-0.029638587948359968,-0.005272409591057425,1.3636825931071075,-0.06402120030333966,-0.06981896145709321,-0.5136759112837549,-0.5449087026889853
-0.02706073034902534,0.003523862534567348,1.355176176637595,-0.059607075349895434,-0.07204155499070887,-0.5076601678831792,-0.5304722307503809
-0.02844336200446187,0.0032313284603430314,1.3624742890468675,-0.06328549697867594,-0.06443665609991091,-0.48321566860588383,-0.5407562869133604
-0.02843874016509865,0.0027971511058268615,1.363185579124893,-0.06197482965760374,-0.06484839669224383,-0.4809367639799026,-0.5384046915067152
-0.027243067410473474,0.002674299034699904,1.3641924562229721,-0.044581500755280404,-0.06140939661234694,-0.4728763620031284,-0.5187882918884775
-0.027235337052739814,0.0026506021328038627,1.4063118647296304,-0.040512168988365,-0.06494607023635117,-0.44759708394724557,-0.49518914408270476
-0.02748370282339741,0.003462348280832942,1.4388538360069574,-0.046407934364792576,-0.06480769990065983,-0.4176327105738643,-0.46284500483438323
-0.028336231989772743,0.0036460735360586104,1.406386192855139,-0.05097837278722175,-0.06759192197742844,-0.4100860807528368,-0.40976096763875464
-0.03070255988682529,-0.005593025481960072,1.343049985586782,-0.04650961322758944,-0.06546324395178887,-0.4503425454800397,-0.40742933931498504
0.007657446577898773,0.0035499123956947995,1.3287708545297139,-0.04307329782141269,-0.057305025175539696,-0.4411562375982582,-0.3543862374562512
0.00975426587656925,0.003433305323948273,1.4325839673183525,-0.004701568039702073,-0.05304489495350128,-0.36932970487026134,-0.2849930231970648
0.009636421088387342,0.003016769171780988,1.6370976974436722,-0.006531848814248816,-0.049290920291573455,-0.2590557881682437,-0.1258153848146835
0.008672495163727225,0.00279709859633744,1.7252451184202673,-0.01801223592695406,-0.03848716746110812,-0.2276275709513368,-0.062000642805098
0.008918366153792922,0.0042149044711046755,1.860687224537325,-0.03766154486114709,-0.03509401515956,-0.1955133998932594,-0.0032376182390565413
0.008352966446633827,0.00294403058985644,1.763864584493652,-0.026525440139217364,-0.035802068277058154,-0.2100946935280686,0.027542727219392157
0.007897948969470082,0.0038518986848807752,1.8434109770214604,-0.04147541774179935,-0.035502329027862496,-0.18564749160909838,0.06882879692011472
0.006061980904598112,0.004505836482194718,1.883946279536001,-0.050061984695128355,-0.034815434429021574,-0.16306747169291075,0.13543484754531074
0.006232434969318755,0.004455974425157745,1.8966560295190154,-0.05371886163346374,-0.03716541832132297,-0.15991876016560158,0.15495264080155455
0.005657622719137344,0.004394746037135224,1.8558921157545785,-0.05330434662786162,-0.030790798061586473,-0.16184973754499826,0.1528099666055914
0.005191896230579186,0.004269919929322438,1.8452277984766312,-0.05377675723140953,-0.030630237838218027,-0.1623750305450954,0.16541084863228045
0.005153252702637612,0.0029644721563915313,1.7832886976441853,-0.05720523283340295,-0.03504702159857191,-0.18330383558242513,0.14711086509786372
0.00481545266949192,0.0020648105522917755,1.5587878892500617,-0.03794013323758348,-0.04648654760255725,-0.258307697195293,0.11810973324626374
0.0034308304257177876,0.0017714504387982572,1.6928628483833201,-0.05800463187534202,-0.04283279875765747,-0.205003254781021,0.20340383363272593
0.0010147199340738312,0.00111286230504132,1.867314236622127,-0.06383907392506209,-0.0661839839396993,-0.1655646106806622,0.46682807525546
0.0016203374680750495,-0.0005081622974881841,2.0151899177776715,-0.06840736607044844,-0.07207234671945958,-0.16148244470666273,0.63359319661024
0.0011313464398338908,-0.000946509446183823,2.0274281476741027,-0.0698652201197405,-0.07480027851962753,-0.18663452461213154,0.7068493377566569
0.0008517397112281141,-0.001948041278250524,1.9900806827518969,-0.07658038847704339,-0.06831564957509763,-0.2128073753114359,0.7792709390197902
0.0009282397004116736,-0.00239196035418495,1.949754099153806,-0.06576497253326406,-0.06471440608174878,-0.19714171724161572,0.8642884364279665
0.0009328632251840568,-0.0023128909264954886,1.91877982821068,-0.06744998695929784,-0.06378775675184899,-0.2059150636999088,0.8691645946890927
0.0009418253923374628,-0.0023686228300230467,1.9419499052607216,-0.05875403965062245,-0.06066095212697865,-0.19848977229860099,0.9002808884424338
0.0011208118541408325,0.0006652661102270868,1.9625758478868036,-0.049235173873712706,-0.05614703067963935,-0.19853043947458354,0.932979266398466
0.0011746882665310235,0.0003478448009408569,1.9519492614384657,-0.047945666454492164,-0.05755866776103272,-0.19940852511791102,0.9351737811803223
0.0011333860855880415,0.0005130136586714412,2.019549734938487,-0.053933534237511876,-0.046797112146113484,-0.2087739259533064,0.9624688567564286
0.0011723946072667263,0.0003337721331227363,1.951437732260744,-0.04678057341522668,-0.05783119074350307,-0.20039633875261226,0.9357100424559157
0.0004892907470523491,0.0004817419867471308,1.992807781806827,-0.05616563128901539,-0.009039648868652127,-0.2087444056982759,0.9628180432795757
0.0005228048003292232,0.00034053813026464454,1.9403414864410928,-0.048470197249822045,-0.007362520516936492,-0.19730569951331284,0.9423600719963484
0.000677227251656676,0.0005396221524171019,2.0323015369323207,-0.05557731537097606,-0.006989231705699384,-0.20213197019228613,0.9824372801595563
0.000535626368894966,0.00031399414103102096,1.9434747941345663,-0.04760289853359061,-0.007502835852300005,-0.19739562046288833,0.9504721107943536
0.009028851814623939,0.00018755704412819134,-2.095433079484051,-0.06912632469063212,-0.017755975337611536,-0.070673797133934,0.27353511472359
0.00842075418846327,0.00262100326396209,-2.2975150056123885,-0.04250542745431221,-0.012588771405368585,-0.06332364102243222,0.28552899696083317
0.008746999404414462,-0.0002848343592026911,-2.123802669157047,-0.05155355117563748,-0.014221386518709186,-0.0647799616383192,0.3381228215946976
0.008535098987777687,-0.0034071350278813014,-2.0853747641010845,-0.02284871641322485,-0.01728853618055679,-0.06705837150498933,0.3842136761353137
0.007259131159919006,-0.003987391350901517,-2.1115232690365575,-0.01540203497411919,-0.03574397812086279,-0.06942908551103145,0.41347430767271426
0.005149165585029678,-0.0038264310798890176,-2.149686238827549,-0.014797031870091938,-0.03638252413747126,-0.06714265316993516,0.4513333933390531
0.004484483534174903,-0.0032963694943843685,-2.1289767386273555,-0.012977954984266734,-0.011090746796380793,-0.06305737696001446,0.45334512741131094
0.004388212008386145,-0.0031790022228248356,-2.124208712035225,-0.010416902961256243,-0.00870337241993447,-0.06372099985928081,0.46000701552162104
0.0035929883131207326,-0.005395603242005955,-2.0966881663546832,-0.012917312790380508,-0.009402847930177254,-0.06569693681011826,0.483703793320976
0.0034523566211550447,-0.005394538590098363,-2.035653376557066,-0.004447242172920804,-0.00590819313867627,-0.06509954111349348,0.5137624099579022
0.003182298421321185,-0.005012229230193459,-1.97035859746842,0.0030697182365502468,-0.009428718068828858,-0.06515493539012596,0.4604043980184745
0.0023408303568608715,-0.003321631931186888,-1.9368291129822732,0.004637396619850046,-0.017792638755108923,-0.06294282109431615,0.48244638565714376
0.0017709758450669627,-0.00048432574889429843,-1.785941958899366,-0.0004932279067035247,-0.022754862898116048,-0.05307551763345885,0.5207243651655529
0.001205519892479316,0.001252810538128773,-1.3139470672765852,-0.01831764249596805,-0.03439819934351462,-0.03138301794354911,0.5412274876617504
0.0011436761334506942,0.0007824249272259049,-1.2668207546103063,-0.0164658174596043,-0.03361306251015528,-0.029135363307346084,0.6991799642392068
0.0010613168839766103,0.00010707626638159539,-1.2108152995076862,-0.01586131709842501,-0.0320867067919452,-0.022454477357386933,0.8496004554639681
0.0018119442927016977,0.00019635292844211326,-1.1385919146998011,-0.02686761243460624,-0.02900533803154844,-0.023492950864757417,1.0321265493250722
0.0017631506866541552,4.549860261289531e-06,-1.165889079755153,-0.028613227017976327,-0.02816955524791858,-0.026994578001045454,1.0539042988544973
0.0019161226638466176,-0.0005275492050255211,-1.1484431395309849,-0.02035062318277428,-0.02741212887022411,-0.030052938320507545,1.0948823585201024
0.0018832743713157098,-0.0011546225226828231,-1.1369861479742251,-0.02009415585036025,-0.027749151906258575,-0.035430625263771665,1.1148687627650768
0.001933828788823033,-0.0013972906590541641,-1.128218795395259,-0.019235572672123155,-0.02825832282283298,-0.03539960590610401,1.1222083959514502
0.0019306725887401602,-0.0014005713360045675,-1.1220120554323048,-0.01913898871018442,-0.028409344821362207,-0.03535456493396247,1.121115682667053
-0.017765390944584607,-0.0012245066392712926,-1.1048439252239537,-0.02218353794402679,-0.0295245046718645,-0.032059711638707356,1.1266907063019564
-0.019027204146945146,-0.001220147487908256,-1.0976125367332168,-0.024712757348764366,-0.029459531635994476,-0.03200363540022512,1.1223338085121974
-0.01920550028953961,-0.0012022433633543741,-1.093576800792783,-0.025058717675050426,-0.02914489119473282,-0.03251547584325698,1.122338517091312
-0.027465289013944055,-0.0010975050644867876,-1.0017148904392876,-0.01826365381302572,-0.028303268529327297,-0.032034556928965924,1.083876808617279
-0.029879450610620178,0.0006933613227121794,-0.8966775585635786,-0.015349752465356272,-0.0194909775681859,-0.033624568541370393,1.1464973111324124
0.03263099353910991,-0.003245082945094344,-0.8822811199308138,-0.018931504160071243,-0.027552199360206326,-0.1086518190452924,-0.22409972442860324
0.025188069566020942,-0.002953817419426678,-0.9844985489393314,-0.019854852166538234,-0.042264500794538216,-0.07739274887995967,-0.17211186581159396
0.008927018117208356,-0.003157949077280874,-1.4650233533754369,-0.032584769314790936,-0.055024169972878074,-0.08978505997148688,-0.33240747624458294
0.008168339084551945,-0.0030463042054504406,-1.3797129922462756,-0.014009330184011525,-0.0434653692420299,-0.0675123451807874,-0.17682363480791663
0.00699160183570882,-0.0024531566448514545,-1.3178789737465892,-0.003315011362011831,-0.04104839125063475,-0.061694197260791464,-0.05818883529881074
0.0046189684451614366,-0.0019655482833017077,-1.2465488929965587,0.0077345389344143185,-0.04427226627599333,-0.04928803166754768,0.08607344145149122
0.004315480569385285,-0.0019630727145432143,-1.211104152815734,0.010016779380095011,-0.05451603648618289,-0.041157842930439975,0.12213241515543737
0.00443538716834132,-0.0013905232995893907,-1.1736155079494035,0.006907890253740739,-0.05223375086783509,-0.03768566686357304,0.10855289462957389
0.006511341878425393,-0.001617086225293095,-1.0217332061347486,0.006727701479047852,-0.04597885031846914,-0.03589019747827733,0.07398215563338445
0.00635370209011362,-0.003061029172985084,-0.957950828110511,0.009523332436073083,-0.03967192878532015,-0.045486003422862575,0.10727420369530774
0.006188631303684684,-0.0034428188102958892,-0.9406986518757986,0.009998954504699405,-0.04156949613911934,-0.04709247385173748,0.1204011817080986
0.005409217901741035,-0.0033571416124543283,-0.8924929289724073,0.01726969737412009,-0.04152972997426428,-0.028559885779636335,0.17526171346391153
0.0055713466964827625,0.0017124602065078402,-0.8249263666784094,0.027035552305925036,-0.04576577809586401,-0.014039467196389792,0.3185524494381288
0.007371188894954869,0.00988376455401829,-0.3968057340390017,0.005316666616279046,-0.05822284819274975,-0.029490088231244445,0.5498497555365524
0.008356515911892919,-0.004565310970077643,-0.1661022398733433,-0.012374097868518945,-0.052166418929298755,-0.029054349017949264,0.853661295366205
0.0059966793711907366,-0.00764733028628142,-0.05457892287788325,-0.014949011920753564,-0.053037074489214305,-0.0387328523426097,0.8216471041259719
0.006502003315681963,-0.009293556019219884,-0.07421711966117002,-0.03250930833168346,-0.04580949579624569,-0.03268309665414467,0.995137565038455
0.0027482903047655275,-0.006009170505472936,-0.26272938922644234,-0.05051043869507564,-0.039114093471943716,-0.01975878088906479,1.2952195517903629
0.002408286091724526,-0.0012418684444838823,0.30175353627853513,-0.08075713498918653,-0.029500190984338613,-0.012385134504909983,0.9690657235551905
0.00239442583874758,-0.0012694462157898424,0.3018113941651646,-0.07820298583873157,-0.029847425876689475,-0.015521545632883006,0.9876964820957039
0.0014186392279615216,-0.0012789404040078791,0.35041234868221277,-0.08143120560974307,-0.027882701360178414,-0.013801302354123536,1.0011925609356414
0.0014088406449381684,-0.0012479114234426184,0.3544906601084777,-0.08214042156763365,-0.027506732724562718,-0.014044194213388058,1.0001052835281141
-0.016668105970791092,-0.0011748800077626836,0.3662904110367755,-0.08596002604784668,-0.029317038140161674,-0.01322121404816098,1.0133392227330107
-0.016679020310488905,-0.0011367619548243201,0.3658053391321825,-0.08634162088485692,-0.029543650804005835,-0.014290899094282616,1.0114291506334483
-0.01667879015212512,-0.0011304666787734696,0.36400144246432165,-0.08750713990805004,-0.029489734941059196,-0.01433201824821095,1.011190782520232
-0.016694859863155973,-0.0011005756830656252,0.36351394676943927,-0.0881650645529679,-0.029934625947615517,-0.01487095127463461,1.0133062056083333
-0.01670666209547016,-0.0011029257386348215,0.36184147103024455,-0.08742117698568855,-0.030315586294846427,-0.01596054342917714,1.0128417866084638
0.010939762653346504,-0.0002876792809706986,-0.05610951907199961,-0.03086880764560979,-0.018633544831321167,-0.03647608365393731,-1.579723255275599
0.012588692172683002,-0.0010143804056762249,-0.09707882829394959,-0.037778958207192535,-0.01659369189120218,-0.04390917759521565,-1.394478006781517
0.03061383479991967,-0.005921323276836777,-0.03306353236201241,-0.030932062598970595,-0.026362959656735657,-0.06458117722695418,-0.9663474789388203
0.03786839955088377,-0.004699986681587155,0.01700783771907134,-0.030791159257986245,-0.01989129973322585,-0.06883876537804133,-0.8863275887373092
0.042692291574143316,-0.00568200234167253,0.04742833853788254,-0.03795424375755257,-0.02397642849874207,-0.07363780639181565,-0.8455082268590134
0.04555468765228982,-0.009939095553616547,0.08495967473724397,-0.040517112039237184,-0.024551293575739423,-0.07942349261915814,-0.7536523692843198
0.037348938628591295,-0.013185244691534405,0.16483946427601925,-0.03503010925709603,-0.0420647126897178,-0.08080519489176759,-0.6225173062326209
0.037445894064973846,-0.012060446104933375,0.12409106965024398,-0.03604608278486891,-0.045534140363629745,-0.07725426704943007,-0.4996455833709719
0.036938024669529806,-0.012498055852008258,0.04781185006119545,-0.034719021516451065,-0.04746772711715167,-0.07564316572670413,-0.4172434724744886
0.03750774970194454,-0.013262275230603632,-0.05476854086436788,-0.032815499410992294,-0.043630365315143735,-0.07716056277432934,-0.44982569962173896
0.03608437880683871,-0.013076320682650936,-0.011474996695035706,-0.03751871265338692,-0.026119198448787313,-0.07838279936961928,-0.4125117241363795
0.03182467165351981,-0.02296111984802706,0.1396172946406796,-0.0568654734417734,-0.031104937998197777,-0.07897630719979024,-0.3589536396776092
0.0435692392167429,-0.025801149221650832,0.03313128845888904,-0.0459727634677933,-0.010110592794566881,-0.08146100925440147,-0.4286180530076519
0.04134886770267248,-0.026168784954504393,0.03526637946985265,-0.04372661431108656,-0.007393253548148496,-0.08356479700838135,-0.42769511641789876
0.00981844487689391,-0.014049454135074873,0.2272090310070691,-0.0778850505167006,-0.018885119689883524,-0.17247621197255475,-0.46576400213533314
0.0068354130264344365,-0.016317206298038962,0.25448015298943144,-0.08150708626802777,-0.029551298135874888,-0.1731401126066928,-0.4241265414504795
0.0032771217675639877,-0.016677237859929035,0.27808595966806315,-0.0798956956934045,-0.03420670633866545,-0.16325401034156112,-0.3597825189192346
0.0035148559610811135,-0.01632387844503609,0.2921233279675894,-0.07150002014306918,-0.03439656712071054,-0.15684734115779342,-0.3381811506325957
0.004537666932582045,-0.01656004560369754,0.2936841701793348,-0.06642980166330066,-0.034472003661470726,-0.15224133061391718,-0.3227730930221878
0.005891445829084346,-0.01578461592272299,0.2985525276956058,-0.06671874186857826,-0.024661081627783996,-0.14705476708723556,-0.29698386645836355
0.008101262916521742,-0.011407423208696543,0.30542131519270943,-0.06805192937491258,-0.029730831406260875,-0.1349659978252096,-0.20498230810591203
0.008146677721856049,-0.012743749857420739,0.38064764201037116,-0.06142582077162518,-0.030130075553704214,-0.13807863185058464,-0.12735891047134532
0.00821941368870642,-0.016008641146969288,0.4472042733747645,-0.04634856778854302,-0.029357182605052566,-0.13428047888049574,-0.06595535373846406
0.008037372517627064,-0.015471551201293307,0.5520757042757003,-0.04241366877809152,-0.03459599348302698,-0.1253743088601517,0.020664027654572186
0.00666201531772821,-0.01549718918075762,0.6074984599199699,-0.03840154259139303,-0.0362311637710381,-0.12276875033526993,0.08555096104397872
0.004504332666261083,-0.015119542628536336,0.57835250310166,-0.0382800928957342,-0.036609368017633336,-0.12029237809021354,0.12365995555950317
0.004072236977469475,-0.015096425408857883,0.5777249084523375,-0.03929343398167634,-0.037347331059288606,-0.11755191052131389,0.13570743057891424
0.0039047353858333456,-0.014965479615668962,0.5866014416927455,-0.03542352975655401,-0.03794377222582527,-0.11708847229582361,0.14680675815911834
0.003096186250207753,-0.014701083802176001,0.5788681086453769,-0.03298792440345738,-0.03817342181693973,-0.1169189416154658,0.16266248088807378
0.0027831370901968784,-0.013754611580352996,0.6301973945304785,-0.0339325445642909,-0.036406262695938975,-0.11909043241038984,0.13062162218535991
0.0023534140380221825,-0.014023559592619217,0.6683786488863939,-0.032763163796905304,-0.03756784082226192,-0.12134939592272483,0.13136614530062266
0.0008903000198418968,-0.014554732695247813,0.6745053284338447,-0.037013527442993216,-0.04068605606257565,-0.10815808881670091,0.1997451755597818
0.00021092599115517068,-0.010482692555885291,0.7079698261893455,-0.04101515125084203,-0.04748824910500568,-0.10370795080922932,0.3133328726753836
-8.20233571659784e-05,-0.008559786236867113,0.7823398287978356,-0.0384080323843852,-0.04778920361729606,-0.10717816170795647,0.44907687447693706
-0.00019863882812827624,-0.007755627767625313,0.8492318544006486,-0.040928595832993866,-0.050683727259457245,-0.11198103220646914,0.5896340482804645
0.00012394398965619204,-0.0053181204704622455,0.9592541158712152,-0.06169169377508823,-0.06571159477989233,-0.12042336449007769,0.7862987310147448
0.00019960867822708118,0.0049407904639729855,1.0426576896458233,-0.058652781723655234,-0.05300179269487153,-0.10601163609308212,0.9610236639023563
0.00012488245069837878,-0.012451554408397486,1.0445736322565584,-0.05213684672052464,-0.03358338584175439,-0.10163931850496663,0.9463626463335711
0.0008201293143730046,-0.010884846580669164,1.0786204380258326,-0.03929797560326308,-0.03702214426291541,-0.09840337780766042,0.977972941151025
0.0006605468771312729,-0.010673669415024166,1.1605909101976641,-0.018907902078622967,-0.04951113429668183,-0.10005902817929338,0.9814699699290014
0.00024101336603759714,-0.007863544565545,1.204689616196407,-0.004027627250501896,-0.05254351767253523,-0.0983009378867469,1.0030161658063494
0.00019865853992562655,-0.005598504101623618,1.2280409036590227,0.00045346248740881515,-0.05678358623579973,-0.09836136503975057,1.013424583349642
-7.277050692081606e-05,-0.004112075496857037,1.2537110963467182,0.004260235639982134,-0.07035878333696217,-0.09889325512852928,1.0103461455995397
-0.00018213691200657403,-0.0015093062612829141,1.315489192438136,0.010423459344377661,-0.10641539071508979,-0.09771896997858856,1.0134377929252751
-0.001692560070936841,-0.0013514891826656732,1.3445170415696215,0.012526402304422195,-0.1273837311202951,-0.09962468489834272,1.0146591482454077
-0.0016971333429905634,-0.0015492122776352222,1.3496274759086933,0.012500883821027611,-0.1309340626133525,-0.09932983493735303,1.0169352893526784
-0.0014302402743183445,-0.0014833939171307183,1.3989714476923205,0.016621706244901856,-0.12796884597415178,-0.09912098217260566,1.0337939864915995
0.10097359088905168,0.0043773816136883645,-0.2710447669674987,-0.023888495371001177,-0.011743454270943822,-0.005432978813087267,-0.24088637841843172
0.10037172289349292,-0.015053556555485256,-0.3177755327841724,-0.005701023455285688,-0.01330096635307614,-0.004102214353389335,-0.15901517166985718
0.09129472135990517,-0.004632432964920624,-0.4873329448880454,0.002146039961295376,0.006091013920588578,-0.003339259700111223,-0.13812326617919315
0.07962746974010551,-0.005643309223000569,-0.5888240382109814,0.006780098367616811,-0.02388337340825701,0.0037319045515690104,-0.03780716449122173
0.06990126372032536,-0.001575737917898862,-0.5458601368877078,0.014851854527493557,-0.02900511191352345,0.0037265798098955983,0.015061959998071991
0.050041669969528385,0.0009954444636383207,-0.30158689955464857,0.01685470328026584,-0.024193589968194484,0.026206548924550824,0.17443750036424557
0.042682345536935555,-0.0202826356396994,-0.24426698503278696,0.013055025431531123,-0.02492770445158189,0.03602504176582989,0.18667115504406714
0.04174638538225041,0.00920264122261113,-0.17616868724120552,0.010399176748118102,-0.02321901897132399,0.04564211096517933,0.20941232276358113
0.03184277732921736,0.009544826056724107,-0.1163804429922969,0.008034451316410288,-0.01911665221788107,0.048196688642201495,0.2146473125433915
0.028678132442074674,0.009677198867752188,-0.10772239861402741,0.010242760086376701,-0.018463829778051513,0.04816714510932559,0.23161744607648801
0.024634984803998856,0.00990256401421137,-0.09532865095575795,0.0102885761184267,-0.016639079262465,0.051627218643083374,0.25694412334616756
0.015328918809128044,0.00902948868707552,-0.016642919911480626,0.015278312387400428,-0.019491771419017277,0.06876492545071439,0.3912342002759432
0.011696845562093742,0.0083986335425545,0.03511606473830146,0.013164715341259847,-0.02632353469840218,0.06965148175354278,0.5339965585089803
0.011003726534829134,0.002305969930740572,0.03799048823600038,0.007516471835814389,-0.03588541422067,0.0578350720044606,0.6393801569065406
-0.07036538428945631,0.0010113344707106675,0.015090259543203288,-0.02052112369324033,-0.05057996318691815,0.03614337174005899,1.0351989749306458
-0.05458639123998455,0.00986909624025439,-0.12501800264650323,0.006699833506664727,-0.03816774691909733,0.051730892388928806,1.2993771212068324
-0.022123501256398732,0.000750275472367921,0.5045865423877666,0.06557034889717349,-0.02844435252468659,0.07524002314054114,1.0435994147517977
-0.022001065482490825,-0.0010119830277977126,0.4941065240206643,0.06590715623714442,-0.028934063573219163,0.07207098174247213,1.0706194644182059
-0.02205404913996223,0.0007689288216868633,0.4989313327730052,0.06453287507289758,-0.028930119623088515,0.07031630980477233,1.0745783078572824
-0.02264895500902319,0.0003011713285544709,0.5135891488482194,0.0615820408980738,-0.029355033849298766,0.06505696435197772,1.0732557608003475
-0.02274720682769165,0.0002671908956732228,0.5172279167903701,0.05983162311341366,-0.029474872663289166,0.06528020333537063,1.0754699963580936
-0.022397388012279217,0.00025045160365118487,0.512838972152599,0.060151334078338795,-0.02982875402205014,0.0619687139111468,1.0842096882235415
-0.022417540543918035,0.00010615701903563965,0.5210213190401097,0.059695214463634745,-0.030667119030873276,0.06137675108384218,1.0780782359031167
-0.02234483150002725,0.0002449551237062827,0.5052639532890157,0.06011215103205873,-0.02956323172712999,0.06136951524888388,1.0852806917973798
-0.02202195235156207,-0.0006857884629999021,0.48574140894877427,0.060070855754157396,-0.029531296389562492,0.06197603532137632,1.0997703679848105
-0.022360775933025115,0.00028805838643804356,0.5046524258403136,0.060099110781461365,-0.03001394367031155,0.0612499017496105,1.0864484261093992
-0.02244802861829278,0.00013396234962998718,0.5136965633408547,0.059579026509571455,-0.03057473422968649,0.05941472426142271,1.0780300464493258
0.0025146759891367886,-0.00045998135499557616,-1.8810108969211814,-0.17027291544018364,0.008139879032560462,-0.06265590618956388,-1.8009756506264558
0.002485630714098652,-0.0005401819609079478,-1.8178275220820808,-0.18479089062157045,-0.0007886595727051454,-0.06356274717984041,-1.7734990641121033
0.0023440055627209568,-0.0009687475763594046,-1.7523693316285214,-0.1926350252608427,-0.004082802225101765,-0.0641643690137005,-1.7481078123507041
0.0023922341060460773,-0.0009732897496004387,-1.731500045131812,-0.17291027107818518,-0.014870597696306566,-0.063555096797541,-1.698108475912212
0.0023060114991528408,-0.0008661430477930546,-1.661294845132231,-0.14694752561062957,-0.018997311988273202,-0.06321088821647669,-1.6807000893208874
0.0019998579643975885,-0.0019362265212321235,-1.4090543358318046,-0.12619612715186126,-0.019333552552989092,-0.06294413537264415,-1.7434638805328098
0.0016856843216916525,-0.001302508778180657,-1.1277679156248759,-0.09267365247317842,-0.015483775621226535,-0.03209865273551191,-1.8791812263836563
0.0016032526715544129,-0.0013905214296344014,-1.0808026706923954,-0.07937874911864402,-0.014983313327046959,-0.02880190742661683,-1.8767339825166975
0.0013482385031784872,-0.001292651089496024,-1.0966990090788988,-0.0786083739548268,-0.016931803393779712,-0.030315214450427046,-1.853784721919612
0.0011381802161570416,-0.0009241194951020973,-1.111294017419258,-0.09960474944416507,-0.03403587922340119,-0.0408318746001546,-1.733234893011034
0.0011670044655144034,-0.0008756967943261721,-1.0704993734747925,-0.10534853038442465,-0.014772065219939604,-0.05031100518401109,-1.6147637876065595
0.0010766407181546976,-0.0015280169867402133,-1.0456085818921281,-0.09787617138535054,-0.01640650406699416,-0.0524223424849868,-1.5372164146854506
0.0010310017548026838,-0.002072829839782809,-1.0971783418654173,-0.07640430417618216,-0.019874393123162037,-0.05472247585651449,-1.3314878377035058
-0.0004791115155865901,0.003247155576306685,-1.0883330058714016,-0.035730796202613414,-0.04488809068904983,-0.05810988358140484,-0.9593918961276076
-0.00018129853793312433,0.002798309559252367,-1.0413717453979607,-0.020391468581440492,-0.04697674091245947,-0.05286216399649339,-0.8717102044046695
7.463389299776585e-05,0.0021898327714596245,-0.8071413842613585,-0.02849146179833406,-0.029801377110593646,-0.03794240810305778,-0.7377028818587869
0.0002161401405186016,0.0006296440794214206,-0.7178943344757284,-0.02886421107459427,-0.02907929740808465,-0.03746775924847967,-0.6385064502552454
0.0001781306044381217,-0.0018262775590822552,-0.7185236863030868,-0.029185409194004194,-0.03217289589682486,-0.037363694178632625,-0.5667697358490279
0.0003402242565882312,-0.002673124081941104,-0.7787936073527498,-0.030240572362261436,-0.03298341946345222,-0.038119130371129364,-0.43831323604508027
0.0005741491144270967,-0.0025240509722737545,-0.8487473123124148,-0.03376882276248659,-0.032688767312613894,-0.040160431778565445,-0.36380618837240153
0.0005190834176068373,-0.002181429526550817,-0.8611422511593066,-0.03496164771672282,-0.032669933790517504,-0.04160691050431545,-0.34643225330563865
0.000741083821106224,-0.0021128779985108165,-0.9293289998906188,-0.03090313089167698,-0.03191138260316173,-0.04257052632911798,-0.34796097690923616
-0.00048785711954788273,-0.0012369323044567162,-1.0333888987297923,-0.018277513483537185,-0.031182412469109674,-0.04826120845571963,-0.39170290233345734
-0.0005001977618968361,-0.001221693905658256,-1.0313717210369289,-0.01826004324490558,-0.031012543818227385,-0.04720574801421788,-0.3875557856140314
5.130596712244127e-05,-0.0010562348264942262,-1.1911184578372955,-0.010304587618442215,0.008131382761850912,-0.05960490998606949,-0.47507931322965086
2.008186770382951e-06,-0.0010818976982980147,-1.2400344487541788,-0.014167182364221136,0.007452216303722869,-0.06809121616183555,-0.4855911678754304
0.0003987609215620832,-0.001235359339012509,-1.2327258146000073,-0.012837790032018237,0.012171992895942044,-0.061330503596459696,-0.4386814501496665
-0.00036296492236506444,-0.0013872180595895275,-1.1185599828743804,-0.02371785463439112,0.014789860008117937,-0.048417019478705026,-0.33133006956345906
0.0008793011381573215,-0.0023704162159918904,-1.0265991149533467,-0.03510233088801165,0.014356172313853244,-0.04386425263818926,-0.2812131508559638
0.001657654641283668,0.0017934660486546552,-0.967537873027001,-0.0348455528972334,0.017272790098294483,-0.042419917196802576,-0.263901368069612
0.008078871334189462,0.0023399968435246937,-0.9021939459526414,-0.0350658098396181,0.027713582722849812,-0.04026405932613551,-0.22477528326257587
0.009444632102100493,0.0022013651269517614,-0.9319780612606922,-0.034567495326030095,0.031671506849481904,-0.03921082251884338,-0.15240410813092664
0.009412028157051732,0.0020997005520158856,-0.940376674180548,-0.03384406236384027,0.034905205280129865,-0.038895589870516833,-0.10967478049200521
0.009621305550856211,0.0022659453146151114,-0.9262512649839466,-0.033679640936043115,0.03704608299140383,-0.038433881831722444,-0.0898573704051651
0.009229184322185346,0.002367808857081944,-0.935973504905111,-0.03916691462618052,0.038575001360814445,-0.037588602733994,-0.05645256959932428
0.007039562537036415,0.0022838876065972434,-0.9196201889442439,-0.04796040756811499,0.046694782761424934,-0.03363545229942651,-0.007790775900862447
0.01180743928427348,0.0027452033067542005,-0.8469590979384023,-0.06922163238586374,0.06187297873099608,-0.027085391342290745,0.06400032104299165
0.009768342005079625,0.0029345483162283932,-0.8294136146203355,-0.08776188623319824,0.06304206467011862,-0.023466651378193412,0.07923763702081764
0.00964700222027834,0.002902829103059656,-0.8355092090560691,-0.09474430970191346,0.06339612925007952,-0.023015816682402976,0.07689998686303443
0.006209535245062631,0.002534775706208503,-0.8353921721757,-0.11281600474143504,0.06845092226603308,-0.02757231446078142,0.0881632427214302
0.006323804267677222,0.0024801452887634576,-0.836026387285936,-0.11889007868740178,0.07643449815699689,-0.026613854502165496,0.10129100233068988
0.005507009941678253,0.00233015698293561,-0.8137631019967252,-0.12586515097258102,0.09234130877312086,-0.023881816694767785,0.11705594636132302
0.003355924069924388,0.0010270570220390822,-0.8226020993312962,-0.10398843817244058,-0.0061520057544110565,-0.008987092156094832,0.11654208319377568
0.002740241088098263,-0.0007168941411317329,-0.8643479226346554,-0.11220415272301125,-0.010516099174069697,-0.0018968111050108945,0.20004244840030735
0.0030533711242823917,-0.0034067824059315134,-0.8589668662684452,-0.10321431643598437,-0.014385381368232638,0.0018981511564924213,0.2829334429961766
0.003050232018812481,-0.0065774439036692355,-0.6544326072036167,-0.09685238031652883,-0.030146483676836998,-0.011319232857402148,0.5205813742227813
0.004083573628860888,-0.009023325034437209,-0.5531722449557427,-0.06734141027417423,-0.034851099797981774,-0.02936300628113419,0.7148111714352978
0.0038672607377241213,-0.011741226106275184,-0.46610425630870106,-0.04580488129442424,-0.028200598462241707,-0.029292456137885555,0.8794799361148418
0.004080451491348019,-0.008981473795518178,-0.4320404360236211,-0.024612416775755354,-0.06338263971533539,-0.028198624495486702,0.8561561776329619
0.004266037692257978,-0.008473375737015619,-0.37241463047258366,-0.023534311398750972,-0.054254978115336104,-0.026436549652990655,0.8961852218848779
-0.04243276971956801,-0.008300246094599431,-0.3339182847125564,-0.0008032509640718738,-0.04725543629203656,-0.019418900765920694,1.00714159490267
-0.04169488382629,-0.006070788799552337,-0.30545796811752424,0.006433329823611836,-0.04463025474018099,-0.016743840967608444,1.0219486640058262
-0.04268623842544347,-0.002713760609353745,-0.3801399973435212,0.00790316864552024,-0.042440481541409336,-0.014566905076198084,1.115352735420151
-0.04150463933770922,-0.0035480340940845004,-0.2707272860222717,0.009009872555052631,-0.043600082947108515,-0.013370606683755636,1.0143013476810854
-0.03436816594661463,-0.003712137457569474,-0.24219902039691452,0.008994122168710884,-0.043735402626430595,-0.013320159253852392,0.9850971743158262
-0.03284675959292561,-0.003347228218015448,-0.22886444490472216,0.007563992154495281,-0.04484320508341544,-0.013862184056553001,0.9758318418855673
-0.029527544345409638,-0.002900448590152081,-0.2094059759226984,0.00762653996701615,-0.046662961249053864,-0.013359505643004798,0.9817851967347498
-0.0289517265679736,-0.0028851181273073638,-0.19844416116150942,0.0064377321161665614,-0.04503064350829359,-0.008317105634034415,0.9955527911774683
0.0016005443541284407,-0.005548949317710441,1.1467784542116244,-0.06847227129133972,-0.02789917479224207,-0.10009536610213154,-2.4379322460310138
0.001629244748294613,-0.00556695154111989,1.1532941286128773,-0.06536503403486744,-0.02941102472322145,-0.09971096840025495,-2.4352923958392427
0.001646190435415142,-0.005444552122294571,1.1526609025739885,-0.06555380381629275,-0.026492973526982808,-0.0992400493810387,-2.424715851800666
0.001981290976003883,-0.005412967520637073,1.1464279258527004,-0.06277597385522923,-0.03215951958082785,-0.09515002437740883,-2.4135324095473893
0.0019835274370835106,-0.005257434263001919,1.154775054745911,-0.0622703781987745,-0.015109116401920922,-0.09696509574538414,-2.397809005794573
0.0019332115494779662,-0.004822916455227252,1.1879263566442095,-0.052602401361713964,-0.015316679840981607,-0.0914198030097318,-2.352797839253496
0.001994714259405823,-0.0044607912160986,1.216231621858217,-0.03702391623954234,-0.012951159717372384,-0.09096836480465541,-2.3347894953581
0.0022799672724380807,-0.0036767641124370726,1.2933609315497598,-0.014640734988673266,-0.016913946708977647,-0.08780442207919689,-2.257580685143769
0.0021176644856636434,-0.0028934924017859917,1.3911455878204315,-0.017934031698777598,-0.01913028312712306,-0.08347570057190185,-2.2650398665790465
0.002300539645848488,-0.0007947726568675521,1.5073119674851827,-0.007087456682902624,-0.0341194153237676,-0.08004466215074484,-2.114772737814511
0.0025571625483700178,-0.00028076262311285346,1.6398024727247704,0.007742595571569781,-0.036059365970445935,-0.06590009514395963,-2.058606761343974
0.0019064232199979972,-0.0007048914736866552,1.7167081578100667,0.01956461130463858,-0.03180768977687376,-0.062427334006943516,-1.9818702373112886
0.0017097423958120053,-0.0014512571757153594,1.893324454870575,0.020552654135203012,-0.024510442663741513,-0.05527615888951357,-1.6961072236907098
0.0024675695890808854,-0.0011664910935403994,2.0088020124236627,0.03948437005604583,-0.014748706223587251,-0.04892440692923523,-1.2347507661977142
0.003600443104370695,0.0005493293015218258,2.0277649802153386,0.05572116793968546,-0.015090579567675294,-0.05059214931998711,-1.1350870148878065
0.004082681649442668,-0.0003082310572162996,2.12649905763271,0.0561881977025739,-0.013036367380386616,-0.04848941785387187,-1.1832366140673327
0.003633090151537906,-0.002659779636977256,2.189795727810113,0.04945314142235413,-0.014804770765539437,-0.040836204960667755,-1.2343882400706019
-0.02248480571427976,-0.0035120851222142195,2.1931831532275035,0.050622552374276,-0.01670320690204175,-0.03944054854230071,-1.166814020954641
-0.02258984930130117,-0.004429199361199953,2.2611798448406053,0.021419803312637136,-0.03772231782213985,-0.03885515741690973,-0.9212049130390605
-0.022615107607125786,-0.0030961177716388017,2.3160292167831584,-0.022856595204363877,-0.05281760151881787,-0.04788347884930437,-0.7230860826107102
-0.022917440356096195,-0.003588957775184206,2.313000629640329,-0.029989595780516184,-0.054458337881121574,-0.050405772480638975,-0.6907700992408443
0.0033434809987730497,-0.0033830908794747513,2.3005310821977036,-0.044133744717803874,-0.052528840090195386,-0.04941225883129009,-0.6887155059030673
0.003327200436251029,-0.003339693110265859,2.298275959282679,-0.046647170389026826,-0.05305346199063592,-0.04924641861818835,-0.6876817064687365
0.0032569317203090514,-0.0033412571174369844,2.3013708903352494,-0.048446936176823094,-0.05306081169994664,-0.0513929363563434,-0.6864516926416879
0.00320389248789517,-0.003400618190777519,2.2675196681969574,-0.04988870989211397,-0.07827559198484928,-0.0529085903680685,-0.709012065870867
0.003214425639369614,-0.003402396659960869,2.2693195504157355,-0.04996075920695006,-0.07847324117661858,-0.05436582358643509,-0.6992595705113392
0.003412439005895537,-0.0036061710383219364,2.252870258266456,-0.05291221555248657,-0.07845351093482504,-0.05317744836690147,-0.6556636025541511
0.003209036798771817,-0.004001145714439548,2.221905799915662,-0.06072003852223206,-0.06962215780551882,-0.05909860202369084,-0.6002911976262465
0.003659027991398173,-0.004163655519875926,2.2515427631685005,-0.055310315378914864,-0.06591555044017419,-0.05599951724089644,-0.5626373915981091
0.004548467140168242,0.0030739894263854,2.236073426956836,-0.05660011515892641,-0.06648971059352952,-0.05543887508733016,-0.5324063142213715
0.006063831317998099,0.003045340605438338,2.235134491317869,-0.05539752582945983,-0.06600851527846197,-0.056021494800678064,-0.5131042159124349
0.007570880306763933,0.002152495971663346,2.3681446047010795,-0.047863702386882916,-0.05081178939783443,-0.05721714515451289,-0.27504783191659443
0.007161123823188333,0.001895382138490553,2.4812368520443893,-0.045618115545867935,-0.03175567875233487,-0.055093471153405564,-0.11282808159002829
0.007459827064047358,0.0011169118383505855,2.551641426097598,-0.041801658501203355,-0.021998984276567168,-0.04533408763203583,-0.019056564584979268
0.007213311636364711,0.0011619649605587585,2.5701409656267344,-0.04157897385677695,-0.018491450712106356,-0.03910447083374717,0.0399763224133621
0.006404515981833321,0.0005586651874809791,2.551688531359862,-0.0412644663550119,-0.019357660402904563,-0.03651671137347229,0.07065554667747737
0.005001656340117988,0.0005178040293929432,2.5188382018379856,-0.04187039892660822,-0.018466086870974268,-0.03418694099786046,0.10964664528593196
0.004711463758984854,0.0004362709822842185,2.511189851842898,-0.044285251754928694,-0.018777242407033764,-0.03415145451014569,0.12008012911447911
0.0042676334133245975,-0.00020668501467312032,2.5307618241588785,-0.05880008832867958,-0.01794262320529367,-0.0374248041599613,0.12358726569211233
0.0033814284622737992,-0.002371341451628183,2.5784317111242845,-0.07497568200739996,-0.015086340520762473,-0.0415156186738259,0.13381145880344913
0.0032875362326016517,-0.0023756098892950554,2.570997281812062,-0.07503453650652833,-0.015136272028762299,-0.041469138005487155,0.14128714196506595
0.0033217619252188415,-0.003073436952837741,2.579821610272843,-0.07708328213397067,-0.01517558654386277,-0.045059495630454624,0.15406982557900525
0.002791517581250333,-0.0096215437613923,2.5833549073691966,-0.08444532382617348,-0.0152895206571189,-0.04616624273487248,0.2355985905187768
0.001497232462321539,-0.02032651878806365,2.6863694086346253,-0.12309596124187525,-0.013764195579884416,-0.04545780392877146,0.43950115149766095
0.0013242926437357877,-0.02594622732853305,2.762663606356162,-0.13955618181706353,-0.012024949799399701,-0.04140211003214101,0.6109703849064906
0.0013042392427437158,-0.02974907897698195,2.87453104748518,-0.1408083015499227,-0.012452082802398732,-0.036761401118039175,0.8409767732858787
0.001086199652048553,-0.030398481991943168,2.9083082666748896,-0.12759527499037027,-0.008694472037966385,-0.03026323231492734,1.0042586629168715
0.0011563698048805177,-0.030194568812912787,2.8504681861430354,-0.12524368142670295,-0.007146340483425349,-0.027735193715349264,1.073810498821311
0.001166619384828003,-0.03135036641546278,2.8373353349012334,-0.12456668480895924,-0.0058115254418446005,-0.02691281977019642,1.0840448976947221
0.0011590394060284393,0.014188609199516412,2.8740934931003848,-0.1076239310869527,-0.003715008200621415,-0.028109815366296465,1.1237250742164364
0.0011943575927000258,0.013537268039225354,2.884957385680367,-0.106498957461588,-0.0031888216641631105,-0.02497822423893405,1.1336707524150487
0.001201479513329569,0.01347274568054813,2.8874620675695426,-0.1066559079364686,-0.0030378037580133625,-0.02465141429316976,1.1382673087933615
0.0011938979047456744,0.013471015010132873,2.888645906337707,-0.10599225930268323,-0.003044350444174084,-0.02412369384751129,1.1392161020354923
0.0011981606351670298,0.012923405300387547,2.8847590632168405,-0.10890124241168973,-0.002974158964143553,-0.02408756844171617,1.137099147739957
0.001194052388148964,0.012422336176429394,2.872348926442628,-0.1175063916402823,-0.00332696854481521,-0.025351584910602288,1.132342715535796
0.0011940210686407194,0.012295612082736319,2.860892849541476,-0.11965460902318627,-0.003102331699773403,-0.027608633610822452,1.1312516746322854
0.0011975921155364627,0.012383518981848977,2.86444989275006,-0.11951049666365847,-0.003339408901411575,-0.02595845495945157,1.132874073560975
0.0011975921155364627,0.012378072973685938,2.869826458935285,-0.11841500483940122,-0.003761879187176957,-0.025708652350497112,1.1328500377550654
0.04938396923897772,0.00691637397636499,-0.10902853070257446,-0.007241909801994436,-0.02562145584021482,-0.017836779636378513,-0.4575800241823129
0.04198343188889774,0.006498349274301254,0.04058911397822131,-0.007742447459695,-0.022890528377702623,-0.019398624334993442,-0.3467707289179275
0.03918012742501143,0.00573554542854118,0.06435631612568489,-0.007799484732338239,-0.02332838108113665,-0.020851677416286043,-0.33184134023528045
0.03916858980101182,0.0057155710398571515,0.066371466005515,-0.008489574640949571,-0.023327995827033713,-0.020327517650104435,-0.3283855188010911
0.03804871091518667,0.004679636344686482,0.0841653458521993,-0.007537285071099201,-0.02407066951748067,-0.01889231409646212,-0.33009744118974327
0.03793981593590933,0.004677985090916666,0.08440833019734809,-0.007452581536343254,-0.02440690494711097,-0.019099621860638027,-0.3297710396427945
0.03833013722854193,0.005292062337028511,0.060609097001734065,-0.007544915130257821,-0.025620578277043202,-0.018067910423825665,-0.3456838457945928
0.036852602070446695,0.005759332373709725,0.12318554398611778,-0.00990132329494917,-0.030475595704972415,-0.01599492647393719,-0.2792925699358854
0.042906321924342634,0.019411689618431805,0.05899248342198595,0.011925641329521154,-0.004250404276017334,-0.011250452572498392,-0.28202017374767036
0.04527796961922447,0.019251110374288782,0.04952940690163427,0.012024591203676492,-0.007881819337278705,-0.009429524163709768,-0.2693393552377562
0.052574144439176476,0.0064276535687497844,-0.28033806998708954,-0.01200366525116395,-0.013334211307252814,-0.010320185434325353,-0.38986503480386403
0.06774387895658689,0.006015552450328016,-0.07252852018343628,-8.58725523878194e-05,-0.02469630474700783,-0.016212849886428227,-0.2618965379102144
0.07388443428220616,0.006356699000184942,-0.13111667915912525,0.0010400761953515054,-0.004061781003112464,-0.014997040634379807,-0.1835511704745246
0.07356992785280204,0.01694888503849502,-0.17321417515033288,0.0017863245255375466,0.007254131525051808,-0.01105206522352776,-0.1668179551361997
0.07443672190496746,0.018945572211832417,-0.19851065198107457,0.002416434105501227,0.011332071069519755,-0.008073908454500935,-0.15847742820881155
0.07175787999727574,0.021270634432723003,-0.21718207251907898,0.0009394470415652284,0.011662310977923076,-0.004889471240756596,-0.12724953500384337
0.05625539615021522,0.01591643732804429,-0.1787592930894193,-0.0020359215583308637,0.002911126940311754,-0.0006587301183064809,-0.06581560718480366
0.03467457976419591,0.01159635978352022,-0.17798760555016427,-0.005168059971373044,0.003471865561797443,0.018614744435288915,0.11129174133150034
0.029483627582681585,0.010368030827925092,-0.13855774477300722,-0.006306387551275456,0.0006022216298330343,0.024039339911816,0.11593817617040131
0.029816259859622326,0.00965400341155234,-0.17586200083685147,-0.006942329474169296,-0.00031397742707233275,0.02729621006623967,0.14991002872739864
0.022982988459135524,0.008801848417298735,-0.15925901767715284,-0.008017198971787213,0.00168996017851924,0.030371684153553655,0.19584402555365327
0.020415534139720602,0.008400348220725152,-0.16327799673298757,-0.006177072800220486,0.04441381075921941,0.027969467834583716,0.17830839025492437
0.01613045913808108,0.01118725026725702,-0.1424892406759582,-0.0060054891161150994,0.045421507243957576,0.029483180402712663,0.1891232342995777
0.009052844260674457,0.01159010369594334,-0.06742745453930203,0.0007278395451421972,0.043800953984519386,0.04854530337884737,0.3404547662707612
0.006467651228502826,0.0042800791465686635,-0.032757893974908435,0.008129926199953057,0.054071404824134736,0.05911197682684665,0.5268112694279278
0.005781886632100223,-0.003116022573646902,-0.03817693319575609,0.016111128845855062,0.06955889939670423,0.04944709411835805,0.7001325992179057
0.006150873012109598,-0.00492881911844975,0.04205966676648534,0.026327337296628846,0.0840619997024693,0.040664028883461004,0.7901293348354651
0.0019154814705842622,0.004578140415858135,0.33602021365565043,0.07382406260742004,0.0692555139163896,0.05833869849039558,0.9429090500664643
0.0008562291924781984,0.0005582999922487667,0.4110974541794558,0.08353446261834031,0.041787499089086515,0.06586072176759294,1.0374206340426675
0.0017932114176436266,0.00023873560575481153,0.35019739613989714,0.08088186893405,0.04971211027667749,0.057445941760146245,1.0418408027510597
0.0011110127086544391,0.0006607921764084239,0.3705448046028512,0.08194308709163024,0.04300033533696318,0.058136722792289215,1.0686713764209927
0.0008575086076837393,0.0006190545299328997,0.3898989604386772,0.07954236451013451,0.04051744794530883,0.05685162117531183,1.0841795389950124
0.0008556523576482949,0.0005998173194083184,0.38912855163478294,0.07760783660390673,0.040344684775542435,0.056827469325094686,1.0885064187080244
0.0008357580308450981,-0.0011032576485983134,0.3777022987615948,0.07736286446237822,0.04038915129020267,0.05367319167827981,1.1050104241497003
0.000876640078523605,-0.0010740861954973411,0.37975930980742134,0.07668499246963148,0.04026442994931594,0.054103219439249665,1.103255925175757
0.0008871470476049945,-0.0010335708958747179,0.37707137489612486,0.07528911424617064,0.04014788362768849,0.05309150973979545,1.101886555210989
0.0008878904590058607,-0.0010482541704913172,0.37900041833381426,0.07457960039707497,0.0400635535464321,0.05260053449550273,1.1030259034757384
0.0010285544188441595,-0.0010036805127640544,0.38231726280967754,0.07295901786491822,0.03937941217146505,0.05375639243328217,1.1006726873516535
0.0010283666916566163,-0.0007426511364367179,0.38259141645206945,0.0723463388637388,0.039552888787934906,0.052158842388243386,1.0970714335304288
0.011651898264553765,0.0011140058121283393,-1.8724374428264094,0.002426754705216068,-0.033020499547844154,0.021301961798384037,0.181614405850903
0.01175576488817668,0.0004398936193765626,-2.0735896890182115,-0.008424468877867936,-0.013773921086627235,0.020936062841164144,0.346042242217322
0.009655364826458727,0.0018764195308452261,-2.0584052940736117,-0.00015921623613832423,-0.016443511362289585,0.021065843169413154,0.3738520046401402
0.008270873834433198,0.0015185533090965235,-2.0373904116866557,0.0051239622418085785,-0.015081658139650875,0.022978659000211604,0.419946843221402
0.005974542930067953,0.001451774170415118,-2.0778389452647597,0.009869559110392459,-0.06364160719903222,0.021009630190445234,0.41824991982020854
0.0046711715612062325,0.0014514707604579074,-2.0324993169029737,0.01701563041993792,-0.01091511939013505,0.024588601603847102,0.4170351900567516
0.004539997700811588,0.001073012073110659,-1.9531503328093598,0.0215303231968504,-0.014478514324785759,0.02430258315226456,0.37012929388750604
0.003801080345916303,0.0009089481726708448,-1.9249753772188616,0.0188345722851265,-0.022054547004450992,0.023781694449603413,0.373347327266081
0.0042095818772419635,0.00016722743865832504,-1.558539214914965,0.021159157820066346,-0.031364313590096296,0.02733821425169509,0.28639234688606524
0.0038421648279723442,0.0002932770752602871,-1.329856160208109,0.030445985290034873,-0.03760629910246613,0.027409953956092966,0.25168808199857184
0.001851252736973781,-0.00031539095941148843,-1.2462047863212449,0.03419436376692279,-0.03836088873648454,0.03349102522715571,0.36007571973279723
0.0017148894516485626,-0.0009590123345227083,-1.2699342627135433,0.0349962194714477,-0.03899117582257612,0.03477947884216536,0.46701102157364915
0.001711408392638742,-0.001715511641374653,-1.2963159111747349,0.03702019660811154,-0.04091051531471404,0.03554755334432295,0.5050915256854535
0.0017442168839866784,-0.001614097409406343,-1.235058128430719,0.037284484461442065,-0.030266241910366132,0.046238515157690285,0.6773983275352355
0.003106541624749847,-0.001977163288455836,-1.1234618020173703,0.034480391690621476,-0.025159959140685088,0.040906062618231556,0.7399017081561227
0.0038342993779560846,-0.002648196286007956,-0.9421826124119379,0.033739010189724604,-0.02359881734376541,0.033335674617717026,0.9568947104372583
0.0038320930438802687,-0.0026135018170748863,-0.934803921177525,0.031856694014461714,-0.024387665654006685,0.02914112701770739,0.9838464620294445
0.004575515002686594,-0.002490468312051583,-0.8683397400636941,0.030895804411904218,-0.02598759209960634,0.029391024394420914,1.0370228041197067
0.004565524348038317,-0.0021254781798800675,-0.8594976635471197,0.03570180753264683,-0.026572182123815215,0.029856062563109513,1.0630003446008152
0.004644083747491039,-0.0012300516775133306,-0.7603007540965808,0.04514285195676726,-0.02665518191292415,0.04520501899395625,1.1259675008844496
0.005363021632234605,0.00033071509130819487,-0.6728642305317104,0.047513068954700324,-0.026874958002304456,0.0647119678979934,1.15814965810881
0.0063673702911607325,0.0006333290365827754,-0.6137681172112005,0.049343623781600385,-0.0280093451874238,0.07410123609806779,1.1493129740950632
0.007051826495952569,0.00017801708708494628,-0.5783411263617625,0.04725411239845351,-0.03081135498879327,0.08119912517797122,1.137978825175334
0.007700852356258582,0.00020649788608258842,-0.5220865341402926,0.04277091565764242,-0.03353808558907854,0.08348044499262189,1.1062811137198065
0.008131033852323666,-0.00260979325648413,-0.4067809889775425,0.02930207405020289,-0.05912947354349706,0.07272495399672387,1.0985889069908057
0.009122689921049667,-0.007629225857198205,-0.4230679465685572,0.004722611981846556,-0.08221222860751537,0.06717400187780874,1.0350760933666048
0.0022099987672646797,-0.0004173234747285652,-1.6028709263899963,0.024184638287564075,-0.004069808995305068,-0.0992176203293916,-1.6289447084935627
0.002045885984425219,-0.00035003572006767883,-1.598359290976212,0.024559931961117783,-0.016175811239295807,-0.09741387871415737,-1.5584716125778673
0.002057627726575381,0.00014119003732256368,-1.7004705596347636,0.021032807856289353,-0.014159575138459458,-0.09453467104409789,-1.5745806790385204
0.0018188360063808489,-0.0003893354100612011,-1.6394022927349081,0.021335598447234816,-0.015280600136028956,-0.09086362120020462,-1.5070488453352553
0.0015482199158144184,-8.096922262344368e-05,-1.6287348188348199,0.02102657331759595,-0.017441746909618007,-0.09399626558069311,-1.46254564568206
0.0013628162854416542,0.00031111372833696036,-1.6722405584611109,0.02487631248277115,-0.01949694481547926,-0.09374444776346263,-1.3870745802108682
0.0013128323276752317,-0.0004225486452680988,-1.5771576793857291,0.018344140578241665,-0.02203464506482958,-0.09480878288185529,-1.3342680093737995
0.001257268656889061,-0.0015454153099559195,-1.4938673965626101,0.011335880829865846,-0.037680280703648816,-0.07892131004362656,-1.2899886324555145
0.0011645858071403215,-0.0030923085898465876,-1.3771837447148179,-0.0011735220840007352,-0.03464738912607302,-0.060779645184730335,-1.1938162862406836
0.000352045871383012,-0.0034696501395788033,-1.1569138230066633,0.007428728558365203,-0.05121420453782174,-0.060480587394282845,-0.9586333617642229
-0.0004464322947815391,-0.0031529542045165065,-1.1598503441232857,0.02658527601370461,-0.05599664927989672,-0.06459314117685465,-0.8838347538694515
-0.00038192203688738034,-0.0031401622250205466,-1.172111303417703,0.033217132554035626,-0.05762827807372884,-0.06660808021021852,-0.8556225846400839
-0.00019616066719584045,-0.002400724084894745,-1.1537660319276228,0.0394847662780086,-0.06332489669142696,-0.07234081061325282,-0.7938984277312955
0.00012262066515665387,-0.0016703884258171145,-1.065898931709128,0.033726839610616385,-0.06223773879853127,-0.06516039966937676,-0.71056031343808
0.0006874770761811064,-2.1135907875078203e-05,-0.8509477550998075,0.013904726191012854,-0.04083609282743099,-0.037143804298625877,-0.4571141463056417
0.000537083199686808,0.000552325536745615,-0.933358723174904,0.013896483607546035,-0.044443271966637575,-0.03493013740770358,-0.3808796656542195
-0.0003818517329131126,0.0012993100213781656,-0.8081217811446803,0.009855749749491053,-0.03590804309436547,-0.03327849768137206,-0.3413173752134408
0.0010989598821285838,0.001422660214194432,-0.7930188094058409,0.013061545324707966,-0.025625843682874187,-0.03356745901025779,-0.3573108165185986
0.0008720142044129678,0.0014659599468954383,-0.7807832175804925,0.014237893722453092,-0.025556381500287276,-0.03240923629667204,-0.36320391142038533
-0.003516391117500347,0.0013714944812198363,-0.7129558839378877,0.0101543268861701,0.028077268266201657,-0.02613536004671106,-0.33260804478381606
-0.0036351066324923752,0.0011713270285272032,-0.6903883344371644,0.01085755959876138,0.02907408490153177,-0.02574783184143011,-0.34308118945555305
-0.0008844509159299595,0.0011207968124762517,-0.6463315059610947,0.011659517365144843,0.023657261336365035,-0.02521474081218458,-0.3767479264198052
-0.0007869127533208369,0.0014436991310983929,-0.6939652441981072,0.011121645009892666,0.024543268070905497,-0.02478041508876921,-0.3222497538487584
0.0021074157533040073,0.0023803940754209612,-0.7559422922084409,0.012318989970328688,-0.023844619809816732,-0.02626169461728663,-0.29781865964070997
0.0028665795078352055,0.0024333370324782526,-0.7597195997612421,0.012950542954696866,-0.024033268434450063,-0.02644712521499989,-0.2812646511302731
0.0035634732614641773,0.0018907599129692977,-0.8342672014932332,0.01628900390167258,-0.028735217703790398,-0.030247015281994628,-0.2560189777793558
0.010366837318473628,0.0018767907880939698,-0.8450394592002058,0.015252854567309829,-0.02946557986971231,-0.029969292975915243,-0.24198502100970923
-0.09362403431563308,0.004966041087566066,-0.8665336183511615,0.11248055614229208,-0.026707112095416628,-0.034370084903480536,-0.23631700069865222
-0.08066238445418529,0.004863423849355112,-0.884101660580455,0.11464204355346436,-0.026196799629064346,-0.03734002522237394,-0.17534433612798628
-0.0796029299142873,0.0050422026251281315,-0.8715651384589446,0.12435036910430812,-0.02754324902293895,-0.0325665313935644,-0.14100994388560423
-0.062289170665472356,0.001818883852912199,-0.8696135573086552,0.12655433057736165,-0.029812603275064204,-0.030934530318030135,-0.08655794431774116
-0.055781005861071896,0.0016990574925138812,-0.8754442021184018,0.11427508451252483,-0.03284161502331314,-0.025919086937172774,-0.0421638907260779
-0.04625606751517075,0.0017328113745071236,-0.8841371405533693,0.0882589952951369,-0.041619724793207566,-0.024294848188242336,0.03719288529795116
-0.1077913619833479,0.0019312164403362108,-0.9079316272561748,0.07759608380503061,-0.048581935727360304,-0.017868379860786026,0.008143108960830672
0.010013502871723102,0.0016342115503150778,-0.8125712767789236,0.01990367952985289,-0.04238484270759698,-0.009252914604663685,0.07460040042178512
0.006781313258354214,0.0013364244079518053,-0.8036065658788953,0.01154139699704445,-0.046058349576700616,-0.006736440016874849,0.0816681384133741
0.00842272731848151,0.0010351086231324847,-0.7696527855258236,0.040609079754147834,-0.05168253098001478,-0.0021966879912452926,0.1112620173220547
0.006966471507790604,0.000664838012629338,-0.7016863966393365,0.04323417830564625,-0.054888332615413656,0.002531817691877153,0.10987639224544579
0.0038095634108538975,-0.000341267751470092,-0.6877759771887543,0.04289083417935371,-0.06468482233412703,0.008801359407269083,0.16764164495536843
0.0035369439906676277,-0.002419053953523917,-0.5237288648916668,0.02356999449350609,-0.06297602815600255,0.012905717760053411,0.35365208942981163
0.004489049997483534,-0.003354872574335102,-0.4816264484768633,0.024102783811634172,-0.07341203106727776,0.004172475622166179,0.47706433752609456
0.003884034440010027,0.006102315633887813,-0.4378705365705323,0.02207165873044251,-0.09389155382804933,-0.024065588945663595,0.6210500747243426
0.0036574115589318233,0.00809686652340238,-0.3973621232074203,0.013807579289597464,-0.10260096289423079,-0.039634563056016946,0.749046641862775
0.003652120178074827,0.005396118158363385,-0.41935811298769854,0.012924192641325535,-0.1049677502153296,-0.043164104260588705,0.8397195945859056
0.00976012175946148,0.004882283371221147,-0.39691734201607787,-0.003750676581825266,-0.10577765723890424,-0.04329520369979892,0.8508812571336147
0.010433750781229748,0.0034991743287701095,-0.35225983305810754,-0.006257497198475286,-0.09777177357102228,-0.042007777362692275,0.8981945371281314
0.010468755322273851,-0.0005963364317572813,-0.29654119800671597,-0.007072513009941403,-0.08995407130432002,-0.03885473906271082,0.925046029051437
0.010432321705183245,-0.0012544231896657067,-0.28563957574342747,-0.007175920145651124,-0.08807367945581952,-0.03950924678546401,0.9357630298610009
0.011347016732609693,-0.003027008141267272,-0.2766812143852657,-0.007560065036972782,-0.08665609412267906,-0.03780499741355994,0.9436253813896817
0.011462618497625466,-0.005999427328077623,-0.2674197689845982,-0.005511893224447383,-0.08762254932629195,-0.036589626620605095,0.9457277858072263
0.010091507476042316,-0.006377504386114772,-0.22880214997949977,-0.004691446304344645,-0.08792192258981761,-0.03613814601968826,0.913523661567248
0.01009527113868939,-0.006370066017719161,-0.22256471145088497,-0.005251354473586898,-0.087552595006173,-0.03550439643369219,0.9119572452457533
0.009832558547981735,-0.007309297143406085,-0.2008202434040164,-0.0032386953412872634,-0.08624815088296688,-0.035191858453715794,0.9146480430548413
0.00925874860423841,-0.0072399469457614385,-0.18966069137936825,-0.0028253554475430975,-0.08797415497363126,-0.035359193766126666,0.9177593091653328
0.0024927553224631752,-0.0036800390949969144,-2.7404249087454695,-0.13730543734677705,-0.013594532482371248,-0.057524737517216706,-1.6570242332956073
0.0024637100474250405,-0.0035999170293080796,-2.747786610982709,-0.13757508197390164,-0.013893641025547706,-0.05761389540577129,-1.6558975884979725
0.0024495256649746527,-0.0035962424216475306,-2.746236727244894,-0.13448161060764288,-0.013608169352972222,-0.05768886678856182,-1.649143740854805
0.0024073981642140606,-0.0036080163406201505,-2.7520560102621516,-0.13412163477091563,-0.013217580175186585,-0.05734114962990679,-1.6381247482720969
0.0023039534129687235,-0.0036571561183424313,-2.749476928596277,-0.1284507498953241,-0.01301213634495567,-0.05720819136069834,-1.6125878954932908
0.0020445064915368856,-0.0033614253219830924,-2.735988111666363,-0.11165419933307767,-0.012699809393619406,-0.05500547852435714,-1.5670940518782328
0.0019265825368308005,-0.003151231446392893,-2.67747491774943,-0.09075130624347778,-0.012663984246802604,-0.05459461191944273,-1.5393389560751833
0.0018169578299236837,-0.003211156745444736,-2.690945288568115,-0.08719413754576892,-0.01390001775956661,-0.054920486948509706,-1.5116081059380448
0.0015471033573742734,-0.0026955107962546533,-2.69730050522229,-0.08798959556094087,-0.015837791599224337,-0.05552918031554796,-1.475378608542257
0.0013370450703528338,-0.0024845816304938204,-2.748727876645993,-0.08824213911069852,-0.01866769762399088,-0.0570180133307803,-1.397967590020361
0.0012953518168968192,-0.002681001670800722,-2.783447414771517,-0.08837285116603467,-0.021046819030433987,-0.056154919287686136,-1.3467612083148648
0.0012937075071898175,-0.002836130436264782,-2.8071826087396468,-0.08478669091838402,-0.020851777573485806,-0.05572267404290711,-1.3081659322791275
0.0012583941214169192,-0.006701027470895136,-2.877831056116212,-0.07306289347969207,-0.019397041894918792,-0.05911997385377807,-1.1215758486194725
0.001643431072074724,-0.004138242312674132,-2.9095045010699896,-0.042902057412502075,-0.015533358753926875,-0.0595144013695383,-0.8178045046397763
0.0018326880630512336,-0.0033612490029323234,-2.847114909943152,-0.025952204189429794,-0.013723082611723217,-0.05458117111280501,-0.6749138162866036
0.0019219446065657931,-0.0014034283337036328,-2.8658463214284975,-0.021150937241713023,-0.013997133816544464,-0.05750248743351988,-0.6523352142972103
0.0019651122627760264,-0.0011249622637566998,-2.869401514123743,-0.0008059759736326503,-0.014157908879621204,-0.0553015571428902,-0.5884029179811173
0.0018238860117768315,-0.0009028636320834236,-2.807143949912106,0.020248026799563643,-0.01220405517102398,-0.04888376682338863,-0.4454835308003059
0.0020506489324755833,-8.407589217601025e-05,-2.8321639111011576,0.0313247316914068,-0.011989655914715298,-0.04252750750363708,-0.2618957433052173
0.002097318413481114,0.0003251119745719569,-2.882312055450108,0.03409411865327244,-0.014080661453933076,-0.040408393284628016,-0.16233489281196406
0.002145634629224385,0.0004898792102208168,-2.896363619568462,0.03285033889175894,-0.014432709130163864,-0.041007798072572654,-0.1443904668965636
0.002096268639270449,0.0005065442094479213,-2.892668740025248,0.03283042106687575,-0.014326271851424866,-0.040876993065018546,-0.14468679785861366
0.0020742083973590494,0.0004927760667253669,-2.9009799104000105,0.03137021268368495,-0.014433555600611814,-0.0405786116855794,-0.1438564875963992
0.0020654130282779844,0.00047852448507232115,-2.8997812143917403,0.031604042633959537,-0.014428333984862166,-0.039824639866249345,-0.14733116061993415
0.0020629554903550708,0.0004905289077263468,-2.8889486950565524,0.03631882228886832,-0.01343222965331611,-0.04058699622694144,-0.14272147606166577
0.002072556253349995,0.0005053746019081419,-2.8819004805175945,0.046442183659682876,-0.013008852425288757,-0.04068536088925123,-0.13752110449438076
0.00212086559744597,0.000715749160337542,-2.8810618583540277,0.03389459466536257,-0.010651816027122852,-0.029006264511891113,-0.0698742590165563
0.002147392545572311,0.0005712082076761063,-2.893917697624418,0.010101896142107492,-0.007656051420012897,-0.02665313673610376,-0.019354379538912878
0.002345063925236904,0.0006103576744757144,-2.893976210517604,0.0036066322516642795,-0.009521054029830311,-0.02609604934943088,-0.009130901331579337
0.003328177482893489,0.0010461862709852414,-2.8950120870522045,-0.00862919634766517,-0.006967823515032527,-0.02707193846437368,0.011349835280254406
0.004778263662763732,0.0010453185722532608,-2.897274276589624,-0.010908587571083412,0.005280278719916029,-0.026244837299617973,0.022152624122349373
0.0053620346654728234,-0.0014811395044620065,-2.9504111895513407,-0.012701827703710405,0.0006650833127216358,-0.02524607088059577,0.07027183541786954
0.005352303184380099,-0.0018307115413235954,-3.017825759849114,-0.03086824494686754,-0.036707621268171675,-0.03290976481326065,0.0459884467008832
0.005412407485940694,-0.00265928918772596,-3.0316031725586807,-0.036078077461170636,-0.037910109873507805,-0.03252168622609326,0.04965881916901149
0.005166797914885174,-0.0028806795913697346,-3.0402502184175457,-0.0370635901865596,-0.04409924525970848,-0.032962916475106976,0.07225161906189127
0.0043004603617108235,-0.0031088042667529645,-3.0691479457117716,-0.037345456452203156,-0.0441580838252632,-0.03231887246835574,0.0919911637803515
0.0029252618939512305,-0.002790875972264227,-3.0963048774818236,-0.03661391408232049,-0.04944687792066899,-0.03026543421922757,0.12311092226198116
0.0026295730804400115,-0.002770371299432689,-3.1107768128016224,-0.0381167391373746,-0.05054550735283093,-0.029319464776057704,0.12829948947780703
0.0025671884424576506,0.0006465375811904448,-3.1404179323985097,-0.04143986237363211,-0.05272000663824968,-0.02908447895618116,0.12565690902012125
0.002179604931951407,0.0002861941178799014,-3.1513752316959347,-0.047488562187883866,-0.052405602571310335,-0.03067656281299703,0.13447270703455041
0.0021333307464285697,0.0004744904530363,-3.1679443444860396,-0.054671601203732045,-0.05363814562905321,-0.03404309486300418,0.14180631640022148
0.0018956021264681603,0.00034287983499575107,-3.129783044035465,-0.05882873232113364,-0.05029907332979649,-0.03304969403647952,0.17171023367511073
0.0013868548153102758,-0.0002837694045276182,-3.1704673480030463,-0.058077662611388796,-0.07424975988513932,-0.029057415290593032,0.23687720045453928
0.0010595018389625331,-0.000928646280234678,-3.1912568885611856,-0.0537202946050938,-0.08616816840296819,-0.022614168592379583,0.3477587094944613
0.0009741420495342796,-0.0017029769341360315,-3.2094232339716506,-0.042648324268958475,-0.08812387668000714,-0.01993007169715007,0.4348488868235382
0.0009099245289713326,0.0026290295455961344,-3.192871474073079,-0.030139929814254778,-0.09190155640395253,-0.021806702617913495,0.5471765643878228
0.0008852286232584176,0.0011860643266604323,-3.129056728628827,-0.017138083687969576,-0.10720856374820059,-0.03187781087591969,0.7010215129421493
0.001199845063753066,0.0019060005174096762,-3.151132140705744,-0.00036558210569832296,-0.10617815282314606,-0.030438151905182044,0.8085675821543481
0.0009447040716001143,0.00043404043508803007,-3.072305920937367,-0.00710554574925112,-0.1346680414244061,-0.038364013941024566,0.8125718043374367
0.0009826152186379533,0.00024100343575437906,-3.0636056235281317,-0.014584975533399396,-0.14097911481344408,-0.042962919229822295,0.8432871108993745
0.0010714438652426076,-0.001191791462817683,-3.0157474976724035,-0.01237205961150742,-0.15252441440251743,-0.045488537866769076,0.8671007404091217
0.0010778216236705862,-0.002525174053114435,-2.946013431150972,-0.009109077782121921,-0.1477731291663536,-0.043134537340365244,0.9066543761499202
0.0010571219542900973,0.00341104943163838,-3.2195665518227283,0.004328369857351703,-0.0004174617184881233,-0.03191263337380784,0.927102971912302
0.0011883869831744668,0.0034046045669102495,-3.2062469541349192,0.005159248622737241,0.0018646656754602129,-0.031671762353699666,0.9412157767617283
0.0011934772576563755,0.0032439581804729815,-3.209297759188331,0.003973598991663015,0.00039131864483274805,-0.03198285218302077,0.9421048182056857
0.0009531067680582351,0.0040853502242987096,-3.1611359043768927,0.0060319024810797555,0.046449895773442586,-0.03866945100630403,0.9758363543208423
0.000956677814953978,0.004680298810635319,-3.108442375998205,0.0036174797582515655,0.04546122009318329,-0.03793854095123952,0.9902192335802018
0.000956677814953978,0.0047979151170079275,-3.0757828919121875,0.0007248426645057024,0.05019661232823508,-0.03861496361212024,0.9841032018553891
0.02070792274195199,-0.001143983383780692,0.008157773579473619,0.0033601524643534445,-0.013001953709450368,-0.016298216717232514,-2.052526870311331
0.021119451673693772,-0.0009941985950644146,-0.0025939628333670694,0.0047832754135718,-0.012810096273183596,-0.01671481799208115,-2.0084616394998873
0.020971596767478833,-0.000752014866888949,0.03988650904390976,0.004906164330514248,-0.013540315816828472,-0.016482304097866936,-2.0471059949803134
0.019491051103654445,-0.0008158012549608532,0.056528847128247725,0.004920195906174368,-0.015479718624728944,-0.01645154064273013,-2.0505510325772742
0.01832274806697989,-0.0008251967004842593,0.06058891837855039,0.003578955017330465,-0.01561490878330544,-0.01737677088196522,-2.027666944232252
0.0142355331603815,-0.000585245577631291,0.10307697909118925,0.00016475621667867184,-0.014423921067884996,-0.01637129800419575,-1.982815374300188
0.013008235759521715,-0.0004397505873306734,0.11820247128952625,-0.0009024672712027103,-0.016513862274337508,-0.016560631489569228,-1.9526289589615295
0.01136163271670552,-0.0004917092169817822,0.10227571538645767,-0.0010088485921805144,-0.01811950740287952,-0.01841895484442151,-1.880692050862014
0.00769415245102513,0.0005057013261856556,0.1236455858088031,-0.004131189916394476,-0.022415713953846058,-0.018455778709701654,-1.7730472999696472
0.005311204284697852,0.002073923456967765,0.2560722905727979,-0.003488931087937603,-0.023431110916926498,-0.022647821649092358,-1.6511012005001955
0.006076822124815183,0.0025716160002767804,0.21430192187705607,-0.008386556681730715,-0.01864728201617713,-0.027248384101827453,-1.5201098713853396
0.00541471160369286,0.0024216710950114534,0.23359882458471434,0.0007214670318575629,-0.021204770752607006,-0.029242080230457174,-1.4744496168079626
0.005343982334891948,0.00100497044062366,0.23578361841657963,0.011243854721525826,-0.014814117377762646,-0.032734864582660554,-1.2105730359276645
-0.059634162549263674,-0.0006664301301243741,0.20490927695989936,0.09384058460871547,-0.042270124015398716,-0.043924041374027396,-0.8285427109437684
-0.07185557763718266,-0.0014080791740626072,0.08702600227631603,0.11664384195506397,-0.04609861009738799,-0.03491573152578399,-0.7889896669117187
-0.07328727647257716,-0.00027363438212018784,-0.010697770116628962,0.13050374462938336,-0.037818660785801136,-0.03177866483075238,-0.7567849795273489
-0.06516811828158915,-0.012819697198158822,0.13420708699253744,0.11451217603768375,-0.03299506933050276,-0.04012009854261975,-0.6760950617156876
-0.038555620318290115,8.06459998185187e-05,0.3840283711541867,0.05717296368263754,-0.014233213051723672,-0.12378217041444103,-0.6932410847031905
-0.015384162283174888,-0.0050785136030118095,0.5016202874281868,0.04615458149791373,-0.008499024547434876,-0.1218078791719528,-0.5208400170403086
-0.014477310350138757,-0.011767278411653991,0.4933558474856317,0.05085323896126715,-0.015506939064579218,-0.08966806413024665,-0.3955512078902488
0.002481815852303959,-0.008027567871779618,0.5332180273395665,0.0408701044679737,-0.014734400503565469,-0.09594212328454423,-0.3500897540777598
6.25118888171997e-05,-0.01090456824109794,0.3979819094430354,0.015120266519994036,-0.013914316702841763,-0.1131719434915055,-0.4161672416523448
3.4043104931356504e-05,-0.011087669202961798,0.38293642666804767,0.016235790337356382,-0.015854214820617343,-0.11462473900065476,-0.4181812418918605
2.6976145221316316e-05,-0.01065998239546894,0.39172803078506485,0.01631696837446232,-0.0162164403752811,-0.11474191085160432,-0.4138210566972777
7.262405241439268e-06,-0.010722988072640573,0.3951744594012453,0.01665832161268251,-0.016231521797873818,-0.11432080999866079,-0.4093665497941327
-7.620738673117977e-05,-0.009522990743492499,0.4225275476936206,0.01707014428395864,-0.01659156369179651,-0.11095020770488673,-0.39195265411526614
0.001683618665556961,-0.011034227593699139,0.497039390942563,0.019839190193379947,-0.021029939347192,-0.12199678930378202,-0.33000885006146596
0.001912486646499026,-0.015937006266808853,0.6304888427537216,0.02338012428394311,-0.03337828866253584,-0.13231668241794947,-0.2431080649555371
-0.02095519010717022,-0.019009069840697532,0.7197555143413752,0.035817438575329125,-0.015264162008891144,-0.14018290299446654,-0.21151307512538686
0.0030061138971810755,0.015821755530919333,0.7409768703906415,0.023956650033164762,-0.014276318371077743,-0.12034050988749709,-0.14216971984301444
0.004456203727004778,0.015062215657185914,0.7527600433252145,0.02463924928186215,-0.013685981662973872,-0.11492733254781781,-0.127244793725039
0.005079266697333335,0.0123514509142833,0.7591164207615487,0.02406899512049211,-0.013365966934262905,-0.10197328824754638,-0.04968253511910877
0.004859377184501818,0.009695363704707683,0.810675893624541,0.020216815973013894,-0.014416675419894083,-0.10418404348573647,-0.052071881796657386
0.0046713726846919325,0.006243510416792028,0.8801434208791137,0.021429162989168218,-0.01890964498535264,-0.09043668499237202,-0.0070090988438157534
0.004155746183785586,0.007295045939354456,0.9339998989535573,0.018210284403498783,-0.030746952164500952,-0.08677230077832192,0.03292527660501968
0.003110216693861568,0.006145035208075908,0.9756845710861713,0.014624813943388555,-0.045696263851155904,-0.0744843965210075,0.08024112994501145
0.001709934185785747,0.006270859618816228,0.965458392803911,0.012904201865815522,-0.05013250383912112,-0.07529887419609091,0.1187701877710428
0.0013668545220928785,0.0057696336434197235,1.0025839942222727,0.011604626954226508,-0.0534916682526557,-0.06544884319068361,0.13958984004704864
0.001293356367354694,0.005738216074755772,0.9998530856356247,0.011387231250795554,-0.054025987316340306,-0.06694361332770998,0.1442834061152716
-0.0009448718059542856,0.005553007854936783,1.0081797124658776,0.009866053642814327,0.01601884577005517,-0.06509516238171778,0.175350775930816
-0.0019610517899706715,0.005489410358554081,1.0181278026206673,0.008960819688081963,0.015233671171749412,-0.06291726561581651,0.18517068991385116
-0.002245040937382759,0.00452005803301747,1.0181400229091617,0.009059035628895299,0.016071095808947455,-0.05954241402665181,0.19672535391283275
-0.005122778693085522,0.004027622869804601,1.0764540762428725,0.0038268969865706036,0.03206616666499813,-0.06402108566637814,0.2722145784533204
-0.00649056439221192,0.0025653320761706852,1.1074849771814603,-0.001864678729207247,0.04428941065867643,-0.0630675899940714,0.3980056187066602
-0.007249742858332275,0.0021458225164154004,1.1934942065787633,-0.007355555256829752,0.05777552923772528,-0.06022573967315565,0.5636066654410185
-0.018869077404966135,0.0004631905294832583,1.308845443422358,-0.014412969963285673,0.21140541123605439,-0.0642464040366915,0.7506886867858769
-0.015193872738454947,-0.0014503660926188594,1.3446051332570248,-0.010914135223319112,0.1885750937344108,-0.06509511436790365,0.8719591449764037
-0.012498322409355077,-0.003098943169148067,1.4081395388741724,-0.003161666621922638,0.1862520509600742,-0.06368549095776091,0.9869216520260305
-0.013700770400186389,-0.002800963667212983,1.3430615971140223,-0.002907370231477896,0.16580344340533304,-0.06476337999461433,0.9746643883474149
-0.015989641234679282,-0.002847946593771129,1.4617952637287959,-0.00027496312062625045,0.21158125641178543,-0.0642076963414107,1.035108363655546
-0.02255069928323335,0.0012061361989966343,1.495321011395415,0.0038420913851640076,0.23018946638656343,-0.06873585330323795,1.0654389016115957
-0.022394049574306445,0.0012022941034513625,1.498712441279605,0.004029640502133494,0.2298548274408811,-0.06833630859769615,1.070810233758413
-0.022160090427650044,0.0012686722349639053,1.502746957283285,0.0020213654073932036,0.22712594218879995,-0.0684580518775178,1.0702680316448376
-0.021879292052542517,0.001264954556764476,1.503226379673452,0.0033945575829347355,0.22431610358724052,-0.06813127447154022,1.0719924238028316
-0.021399323253476,0.0012377961383780696,1.5136015027617937,0.003048248041199832,0.21619875902184843,-0.06838946817818362,1.0698863381475785
-0.021399354572984242,0.0012511652413208013,1.5146366874084605,0.003124059038219612,0.21610862339649972,-0.06851084105273436,1.068973513220356
-0.021165276910468944,0.0013067194560690363,1.5315843084806677,0.002430293721991115,0.20141993037612205,-0.06899486225513413,1.0806531463142781
-0.021166571426789734,0.0013030223039553102,1.5400191590912242,0.0023966979039592036,0.20138147570794035,-0.06824662851422114,1.0850065355494614
-0.021385671363209617,-0.00705305752112885,0.9607992558922059,-0.022365898374035378,-0.025687028641028876,-0.07731778348985308,-2.2417942170033913
-0.020729223724024998,-0.007421963243478078,0.9263789347799205,-0.017514646991899526,-0.023777285913232797,-0.07918402765607421,-2.223919871412711
-0.021982968832657032,-0.00695213337944503,0.9659630419748404,-0.022814987025445228,-0.026456227078590966,-0.07701773251448615,-2.2371160807295474
-0.021420638910152223,-0.007072060759061076,1.0220207321156358,-0.015964784417352627,-0.028642784369054392,-0.06937045836639402,-2.2579922354130257
-0.02438022698549463,0.02528539053034351,1.1451259475537554,0.027531020574889552,-0.03884617113711564,-0.06961803355764552,-2.2376006770105072
-0.025304322339401664,-0.005751387997336342,1.1679921293964308,0.05620240390199744,-0.022721981438160843,-0.06637346776036195,-2.233812660054007
-0.02420887957143902,-0.005766313753582307,1.141522299889429,0.047818193798603185,-0.024322409866863924,-0.06711302490174444,-2.2062504936384806
-0.022163054600689805,-0.005520772736989595,1.1341857199625058,0.02447638683079387,-0.026871251332648907,-0.06720249404804894,-2.1605633000074485
-0.021850547092953764,-0.005067029922745484,1.1757346772681863,0.013289703750778889,-0.04725283503272429,-0.06841737307357462,-2.1589532350681147
-0.017933615366690428,-0.004352351216556587,1.221511673580434,0.007782715880087559,-0.0600247467702208,-0.06966900536359664,-2.04868649619431
-0.01843098043938179,0.010783414402413587,1.2462267486288672,-0.007990130201958233,-0.0601615766886834,-0.06713925914298484,-1.9697057068584225
-0.017024887833818468,0.011397613728608147,1.2607726332302176,-0.0155208566694096,-0.05771919099568648,-0.06547074024859598,-1.92888332875166
0.0016993455394768476,0.00462731239712962,1.4188060745097968,-0.006421688718878397,-0.040784111254382284,-0.04947959460251593,-1.5657081524546108
0.004209420336527275,-0.0016779882870730572,1.4881994135535026,-0.031197255750947478,-0.02821319555854127,-0.05420222143058364,-1.1675802481074093
0.006228141430933273,-0.006472637505976309,1.6170891997449652,-0.05854886732539667,-0.02990658152922344,-0.051031819725073306,-1.0933855533446304
0.006203613470589994,-0.0046079331973408215,1.5934725119237327,-0.061694982355314704,-0.020886075244339563,-0.060877817357240994,-1.067599930164507
0.006466979619210151,-0.0061002356207587915,1.7236715930988433,-0.05887428108846372,-0.025747165399351495,-0.05347807817539415,-0.9748608249905
0.005328589737566182,-0.0076788718282585185,1.81496027838505,-0.05566136385786788,-0.02568569104942054,-0.04863542816000927,-0.9411478273277989
0.00631792922416248,-0.00922484714752125,1.9506283949755312,-0.04746248063626968,-0.037615777268386115,-0.04104073407998512,-0.6690608720481478
0.006871685557244257,-0.005745467304428076,2.0903213338674895,-0.04169619337961546,-0.05843172323231408,-0.03856243569759336,-0.4196015946251871
0.007693210036064569,-0.004701183279120843,2.1236252515423266,-0.04489057912021786,-0.060276456036039296,-0.03727905418192174,-0.4315514025420018
0.006559654310161202,-0.005402683901892758,2.163740428448024,-0.05006060192807123,-0.05813264483940853,-0.03782163532635254,-0.48334426130786984
0.006509352728449581,-0.005333050303456635,2.166950770056991,-0.051505127614588975,-0.05920027245629406,-0.03977955588605566,-0.4837452575123161
0.006568298310630001,-0.004455289542051213,2.271372793414358,-0.05303691044834015,-0.04962580005084324,-0.03173800851279309,-0.583889863014169
0.006917650147914967,-0.003778832320853023,2.3600855855416243,-0.049720130123765846,-0.043402958831296634,-0.023624615221800517,-0.6556855023179053
0.007019196375617637,-0.0036286462963035686,2.3758538328569787,-0.03328677692435095,-0.04465508007253963,-0.025133530186595122,-0.6336654735840783
0.007308875968007929,-0.003807568559162107,2.3685175717828706,-0.026699484697204404,-0.0460658461413303,-0.024522256944540098,-0.5817678282826187
0.007258204088685762,-0.003798052982080291,2.3914157876278157,-0.009524056175891915,-0.04247327077956363,-0.02436687957834533,-0.48931090284930023
0.007528414783837385,-0.003976601697990812,2.4079321572854626,-0.01757229142245279,-0.04099073877061439,-0.022782664375442463,-0.46989156113069674
0.008162454338046033,-0.004480777498196736,2.4135471989548893,-0.019515750676238577,-0.040832052309613516,-0.023988762281588794,-0.44604891137915414
0.00990816743199958,-0.004450280705570337,2.4355916824598953,-0.020885308741043294,-0.03915598009883698,-0.023240643054827547,-0.42741684761495286
0.009842343332508456,-0.0029442512941553075,2.708002166422642,-0.056098307888751094,-0.025617197794302594,-0.03370416345593704,-0.21263401583128802
-0.07199393306074264,-0.004999644545015994,2.968281597790607,-0.09100090276129127,-0.022615571895063656,-0.030238562767893832,-0.15298809861216373
-0.07566536066501389,-0.004933446114274692,3.0299504566513904,-0.09683242955804815,-0.0224273775005394,-0.023908262499193252,-0.09035102332723138
0.013508745060281597,-0.004872307008822951,2.9541299785558457,-0.07472256140680911,-0.02124776530726742,-0.0201633840554455,0.021993215307770285
0.014703194024902033,-0.0017132572480695646,3.0181286690756517,-0.06212023743007422,-0.01751645379812844,-0.018719878122349102,0.10057681310449999
0.01256367279188709,-0.0016334957097130696,3.0189830078280773,-0.06076559638185748,-0.017573209805635204,-0.01654757815778293,0.1575934648153182
0.012015317246085632,-0.001697295236611511,3.03391900751444,-0.05565882555601319,-0.01719639327380501,-0.015899339846272717,0.17704282736270166
0.010387311777993385,-0.0009137454788640049,3.0747735211313643,-0.04807720587039929,-0.01685733871841781,-0.015507524347091784,0.1946667868970947
0.008690953774618872,-0.0003887498608757321,3.1941257226189035,-0.02894074976904059,-0.015459061212366378,-0.011433322539303726,0.290040869961071
0.008503329080966964,-0.0004036630846206168,3.2935805300490224,0.00442039573503586,-0.015823364806409487,-0.01083006652377238,0.35612571951047733
0.008051914011831952,0.0012743686043284958,3.392299001310104,0.029094703529139204,-0.014534595980569278,-0.010062511787696892,0.4297753204188195
0.00594136391468653,0.0033997480500441318,3.4812493765079577,0.07335806123852619,-0.015936576271171506,-0.007891658349476345,0.5191339674125397
0.004207059372389329,0.0042793130967602264,3.547840780200201,0.10057900781114547,-0.02367133320826889,-0.009105156179553412,0.6672582699080201
0.0027383723956735224,0.0068958334486722474,3.5810692320487907,0.1071763361227197,-0.022750877368123562,-0.011129108664128784,0.773505165777958
0.00260569789136793,-0.0011283744975287982,3.794372836420325,0.0499366398021985,-0.024958524533257715,-0.010395700407222073,0.9338328815797671
0.002264246974774533,-0.008206013561868605,3.9281831052720033,0.029126635607539766,-0.025539201832972123,-0.012101065476588624,1.055677910583309
0.0018460115098571997,-0.008254708888662378,3.9806598461179825,0.027175946660561737,-0.023469254086219343,-0.012814251173518745,1.145894995253592
0.0012248449981885929,0.0028281218556837724,4.1658429659172524,0.0537602631605829,-0.024209660666922185,-0.013356242821009216,1.2297194669992162
0.0003282582165083024,0.0024922149265054388,4.254665126560216,0.07593413370521841,-0.025463079762748766,-0.013800158975917933,1.2888671621244698
-0.000998176411466135,-0.0014017485833545122,4.337426268603059,0.09625971641707813,-0.023804444611462305,-0.01431573802185698,1.344817657458387
-0.0010479597994603948,-0.002497949964240053,4.382486610889089,0.10708386731247235,-0.023644050256966333,-0.01430775605153703,1.3751785060836084
-0.0009447828493102936,-0.0024688805921656734,4.40231304976282,0.11357561625480085,-0.023582285218583816,-0.014348837555771713,1.3867929599974664
-0.0010118006151914184,-0.0013634553307326298,4.398757808952648,0.11011225585014545,-0.02398777841628116,-0.01567274725039494,1.3909876292912369
-0.0010336623908343623,-0.0014211703201431594,4.392819248037559,0.1075436229130162,-0.024016772804319717,-0.015654468578674325,1.3877241602923833
-0.001064145577031179,-0.001489070646525899,4.395201988415169,0.1090215064443815,-0.024038404033672727,-0.015642389167467796,1.3885610092776766
-0.007321342614346044,-0.0013146480460540756,4.446638672579676,0.11903451777415974,-0.025908284405381555,-0.01554711942839703,1.4281710729461854
-0.007321342614346044,-0.001320094054217115,4.454643074020516,0.1198590930637502,-0.026206224861428883,-0.01563084483844226,1.437744445858078
0.0180482297138308,-0.0010408973816707994,0.029642007094427346,0.00681571100663359,-0.05133252813324697,-0.013757776033800757,-2.134377952628031
0.017336324398573293,-0.0009573259309703484,0.04206979189844095,0.005697048991133094,-0.05155473762236008,-0.014986557999224919,-2.125372181272733
0.01678014090762653,-0.0008355730696666578,0.0525955760296888,0.0039870101720888545,-0.053091567450764834,-0.015530717129764535,-2.1307582811715173
0.01619349174434734,-0.0008558360765534193,0.04658624339672964,0.005986780791942044,-0.056904041913885726,-0.01572667118946423,-2.118088927536814
0.014903192940261633,-0.00029373340950106935,-0.015392726443150628,0.007261057447876114,-0.055973948113580446,-0.01660684239641005,-2.0451304325479467
0.009751480548716914,0.0005895059990631298,0.09183424378030271,0.002805314860503013,-0.0614843765249439,-0.018147710644931408,-2.077769663025177
0.00975872537749173,0.0007347603769342285,0.09740135266446065,-0.0023007710632761227,-0.06072635735675338,-0.01860461446918631,-2.0560724434942665
0.006593462576953554,0.00256993903854326,-0.16974776437907124,-0.003725338997951572,-0.053836453554356095,-0.02287207601751703,-1.7228574771128076
0.0012761949664931754,-0.0012795354272211274,0.33098252953776214,-0.023660822036087922,-0.036879385587840874,-0.04680550915471163,-2.026726522731014
-2.04089230224185e-05,-0.0007030305620809102,0.3657414600772108,-0.012004324373462084,-0.01926453232658992,-0.05989507647254299,-1.8687414346542455
-0.00036205924538978984,0.00017485264798055753,0.38428280093645545,-0.005862656907656245,-0.015257472125088458,-0.06471162454418164,-1.7595497732687126
-0.0004766457830948236,-0.0012730383422845195,0.4199280234596457,0.0035988246371556985,-0.01979153397527806,-0.06996832238315592,-1.703182136525124
-0.0011179281806714004,-0.011015917535308528,0.45667857005660695,-0.014634030811420834,-0.035441789520947516,-0.15436568220625754,-1.5182235621870117
-0.0006022484219848436,-0.018547147812469224,0.5108171112401106,0.01896014270238128,-0.025551458409378745,-0.264012062501419,-1.1710585811239522
-0.0001346357026198832,-0.019205318354221776,0.494419940891036,0.012819196754535354,-0.026818950915422402,-0.27857746030974706,-1.1310901761847736
-0.00015352740263730922,-0.017308785244679013,0.5550915316828868,0.01382594871984759,-0.025409769113504944,-0.2702525841450023,-1.0369883196130518
4.7971880540918126e-05,-0.015274156411508862,0.5884970037175528,0.011369375216970694,-0.024541947980346358,-0.2565684036985083,-0.9439415275901886
-0.00010704769075341251,0.002926666065594179,0.624993117053918,0.01300007627750453,-0.023023219569453905,-0.22510520238037576,-0.8292741109547442
0.00020732202008375616,-0.010244561279783758,0.6495592815763843,0.0143294647306155,-0.02412922683512911,-0.19721246775968568,-0.605411264749998
0.001286959769687431,-0.014763924853641253,0.714456260945591,0.01625123403653132,-0.018464518364691845,-0.16478193183697612,-0.42677555270837636
0.0015368678530878787,-0.013576818958112039,0.7510915709069587,0.014233258087762388,-0.016143651089669586,-0.17246322044581971,-0.4348025601272337
0.0014854027358658154,0.005922665986176383,0.7667386051067847,0.013159210478481858,-0.016230296948245557,-0.18247728799220478,-0.4110503484064814
0.0014448378058895034,0.005429800829606218,0.7770688614869407,0.014011273757616608,-0.016103351535220724,-0.18423298523639883,-0.41441151788703984
0.0012385622224656793,0.0036578112705048654,0.8082376760335578,0.010940788903930182,-0.017349528293124403,-0.1802043663558007,-0.42786943353853263
0.0011783185745404578,0.0030336453503742138,0.8270403626895149,0.009221831627631032,-0.017553975574403587,-0.17830388180350526,-0.434872071782271
0.0010127692067127558,0.003835387859053795,0.8758177966657724,0.00860730524265079,-0.022248234805354587,-0.17341025314280373,-0.43653873258667436
0.0012221524251065424,-0.017075157036811346,0.8460393017068994,0.008992949957222671,-0.01990238053058333,-0.1615187377232524,-0.4350017131683081
0.00129140942001854,-0.015548388660733848,0.8936173304550733,0.006825430930615112,-0.023300519140962005,-0.14352010136565493,-0.348816260203952
0.0015276943785989918,-0.015701513165658904,0.9120065628918536,0.006995773546719719,-0.02474214593203821,-0.14264511416940634,-0.3356268347724026
0.00246087217177407,0.007487670419011575,0.961446783104168,0.003719779540860115,-0.026873890896618274,-0.1256988335652515,-0.2619298346180097
0.0034467969555381996,0.0060823092263414275,0.9756572321552602,0.00530724856977729,0.00451309634146675,-0.11955976134936161,-0.2525956234166815
0.004094467967096951,0.0060540254269953134,1.015448193150404,0.005805582202657257,0.0019979297507253225,-0.08839715159877562,-0.13125178274679536
0.002372737342168949,0.006232514181971734,1.0728818150767638,0.009178697077183266,0.009207916649215825,-0.0685517451031436,-0.0639126274706339
0.0017556291141377657,0.006670345701405945,1.1244703329455359,0.007639503052846239,0.012825751232728227,-0.06083175720361326,-0.00046035832337184093
0.0035110410406158747,0.004536158167302633,1.2318286642247047,-5.94423547707208e-05,-0.06643275456514393,-0.07238125516676304,0.055556202970952755
0.0026570941324350317,0.0035839180335799645,1.2266105462145593,-0.0016044714968787431,-0.07270936531147551,-0.0703228543825848,0.09004364986346668
0.0008656777955468915,0.0032877587425862373,1.2196869041079956,-0.0027532950541468825,-0.07562334298448113,-0.07012735718855272,0.13703450006643242
0.0005114219596270484,0.0032755509246626888,1.2163015792071237,-0.0025002505604603507,-0.0801325965635306,-0.0726785592201102,0.15247606975229872
0.0006002023909693146,0.0035018064768185496,1.176099821689734,-0.0030154799668095887,-0.08118127865526754,-0.07162218088457244,0.14600574716754888
-0.00020452672539121496,0.003473923690240868,1.1813876921229722,-0.006888917566260874,-0.08222805651237548,-0.07151552510504232,0.16502641378625685
-0.00043466856358837,0.0030950688492147964,1.2006604615526129,-0.00823926643427157,-0.0878022387138593,-0.07372508336066726,0.18232845677917456
-0.000702931212293918,0.0036803734225201927,1.2045534251480905,-0.010662641641364769,-0.08668087095466338,-0.0758971936820566,0.20038652457475004
-0.0013894913936833369,0.002486555207268626,1.1912939303570522,-0.011021140275406712,-0.08856429244133045,-0.0728518795352861,0.25945359502382725
-0.0018013599085219835,0.002284443849428603,1.2140033762240852,-0.010337047267633353,-0.09158537307048563,-0.06316968104414561,0.3963789432891822
-0.001931497494138232,0.0006936981495516205,1.3364413006549132,-0.006063242721138938,-0.0973991839206386,-0.04249989901965198,0.5883088475205961
-0.0023160989845507365,-0.0011236083153178123,1.3993392768918471,-0.0057617491624704035,-0.12632828554118788,-0.04273620920060182,0.7243938913760084
-0.002926441286707333,-0.002569045079834777,1.383388707316028,-0.0025987815305880827,-0.13239174194743455,-0.04131544115563897,0.8217510720535134
-0.0029201619634980883,-0.003319815716616286,1.3652214554560553,-0.0018465636540806122,-0.12516400190550164,-0.0382691168452016,0.9260389517300647
-0.0026644655503333483,-0.0033142873920293772,1.3567114532771456,-0.00269157936601154,-0.1241594193699151,-0.03862514314126361,0.9364605331878763
-0.009931307098069435,-0.0033912939649063663,1.3874924878383483,-0.015322822734373125,-0.15414532196200967,-0.039526843471497805,0.9917956984127211
-0.010002863147061423,0.0015572497027929134,1.4536908551102443,-0.018025207735028304,-0.1310545422594145,-0.04059486251972826,1.0382828576587206
-0.011055950035047262,0.0014992236125886292,1.4616507894062334,-0.020729959094541395,-0.1284563021296991,-0.040595497430372544,1.0461589111656542
-0.011051603960893448,0.0014330655457313836,1.5198460664395517,-0.021652317235257026,-0.11767431344469298,-0.04193161549063012,1.0603264811484083
-0.012905815600820802,0.0013382259826338174,1.533922568815206,-0.021616473647209554,-0.11855153433956275,-0.04199542640690886,1.0619521934486058
-0.01479896842584923,0.0012661375377563107,1.579170176239459,-0.021514110197642378,-0.12332668515086684,-0.047199152049801706,1.04476720052548
-0.014980118353011395,0.0009953337266949763,1.6115655859643432,-0.020726535142854594,-0.11976265356292382,-0.054118715794441614,1.0352518864856959
-0.015155774905726505,0.0010363280457419378,1.6160759392377992,-0.01993929362275921,-0.12385092695818797,-0.054453204012479585,1.0376382031082458
-0.0161310110084941,0.001072349125205333,1.6446771317636155,-0.020608668990621637,-0.12792204644972957,-0.05657561153191739,1.030225080992797
0.00021784159830891766,-0.0009975992015639494,-1.3060974039363376,-0.024085382557769677,-0.04855226227547648,-0.0035135809345599868,0.4847564060326905
-0.006085246967618416,-0.0011297381892664661,-1.2536060855631128,-0.015355515545974883,-0.045665318757617056,0.009846457413140518,0.6592775235653583
-0.005419141680673345,-0.0015209579921648237,-1.1935007760173115,0.021267202849222032,-0.0338813366571767,0.016765613120447314,0.8741439006900287
-0.010890761792132202,-0.0006025885541227367,-1.124936833280965,0.02336691540340279,-0.02178127457029036,0.023815303995379365,1.0603181979305984
-0.01045889389830364,-0.00035140980285730544,-1.1120195302148375,0.018705558134808797,-0.01737302187258233,0.021971983185107027,1.0685258879394854
-0.010249115170232467,-0.00035682168635179946,-1.0699198142716306,0.019239616299603694,-0.010959576135060767,0.016538167638224806,1.101089736795266
-0.010706009211426948,2.3060175567075485e-05,-1.0446624216163882,0.019642774951675896,-0.008603318063301472,0.009942113152734017,1.1316683493518087
-0.013509908296936067,-0.0006711640243659929,-0.8934125872893377,0.030621985891216032,-0.022793150206955885,0.0021565648836371688,1.0888021819284457
-0.013442139484810909,-0.00042138109152939986,-0.9259627201885103,0.025217309605603217,-0.01428805350662517,0.007550869408159668,1.0783278510811334
-0.015580909823122071,-0.001179260894518852,-0.8450080081411326,0.037158723445492495,-0.02579578088165779,0.00033278448561648694,1.0977023179101189
-0.01362480285823909,-0.001514295618625538,-0.8638151198186623,0.03661558627316544,-0.025027853624861072,0.000599411154522809,1.1059059602309644
-0.010746501689972703,7.356418596798746e-05,-1.0406008445281247,0.023718091431162696,-0.005557594054045102,0.0066182616297106355,1.1461612420538514
-0.010085165473316417,0.00030206634360104755,-1.0834846252287205,0.015658815558690888,-0.010874135638966234,0.005864753777824533,1.133278069408371
-0.010637798871873251,0.00031445250745850605,-1.095623130981405,0.016712044283325938,-0.011107793273739723,0.003620868200445392,1.1416170469478615
0.0018461519823855228,7.930524069741079e-05,-1.7217543881070716,0.04485705459995542,0.06859353488656755,-0.09204498078277021,-1.8133951836473898
0.001834618174047718,-1.537021490290321e-05,-1.6549817019415456,0.038329693283256965,0.05793663070264438,-0.10258885697572503,-1.80578820346209
0.0016957227446616956,-0.0006259718410149016,-1.5725989915637324,0.038778027269445285,0.05833204298081939,-0.10482367418948463,-1.7862980541149853
0.001643335443062304,-0.0006346223417925129,-1.550463922989008,0.03661833712580117,0.06006236917508891,-0.10646695828149494,-1.7785034983415215
0.0013714941064741104,-0.0023511008674592924,-1.4036442309755144,0.03326090944759758,0.051789305307891165,-0.10664517611485447,-1.7958440271966511
0.0012503552683556423,-0.002195729715544804,-1.2250370586417112,0.023309743012538065,0.039664414014849374,-0.06866813509760186,-1.8719758459529752
0.001014685640939858,-0.0013661660083326417,-1.0864439727582218,0.021327055668440436,0.0286111189057921,-0.03328952935412777,-1.950323779031427
0.000931466418673981,-0.0018427256582853298,-1.0777714574104873,0.021843097386559703,0.03397514305660082,-0.026611073616025993,-1.929818396758072
0.0007392387018453879,-0.001730382767687456,-1.1017903433846696,0.019788534583857997,0.04087599233774545,-0.0271981171739729,-1.8849317144955786
0.0006628818026820683,-0.0012417733362989091,-1.0859878147737811,0.02217135580718056,0.0583472163092242,-0.034317005288674006,-1.7098366458905465
0.0005619907265214427,-0.0010036814913811827,-1.0747770858587269,0.01801295047493914,0.06531399912172851,-0.04410661121657979,-1.6072408338136717
0.0006114296978263979,-0.0014501401501407281,-1.0492595548012746,0.01495480193066645,0.06886138735373824,-0.04159505121641818,-1.5389622219784544
0.0006110726169736081,-0.002384043761255074,-1.0674851221055193,0.01304726705606054,0.06181379655907311,-0.042255410854286066,-1.3776793351156351
0.0006338003023339221,-0.0019245574155368793,-0.8119821259942586,0.007835273476181775,0.03849884620118602,-0.043064078990640665,-0.9749982096111107
0.030148464782330922,-0.0017310159974223084,-0.7646518798759625,-0.02449636001696247,0.03551558489823179,-0.04290669745721872,-0.8785271209900442
0.03360695330765034,-0.0018352640825830596,-0.7142518890444681,-0.025262461563611668,0.03677076233021041,-0.0415736772833457,-0.8562767820801056
0.03916627738401828,0.002691232953348251,-0.6290040491056041,-0.02063932392655386,0.043070725485611035,-0.04148489439844822,-0.7351391025673719
0.04072158694766872,-0.0020015560663468766,-0.6194301079043765,-0.020616849940585654,0.04268880863529043,-0.040300859371419175,-0.6669124895096544
0.04139813399555942,-0.0030261821083844044,-0.6955269757556137,-0.017370458986086485,0.04773352355934298,-0.03622853965778877,-0.5368814483190444
0.041448261658670986,0.0008391926746447123,-0.7999398642718742,-0.00507941884498393,0.05461302181116942,-0.033555527860189255,-0.434151815409449
0.04117189479338316,0.0009660638998732664,-0.8233046608460719,-0.0015235166607443671,0.055330481207705416,-0.03388221678323633,-0.4071622577097147
0.03976881976078935,0.0009513241711031564,-0.832988585111307,-0.008921656625142434,0.0538290051396561,-0.034968254752059336,-0.3955894492953338
0.04095929642747291,-0.0026176208991132276,-0.8270881164983536,-0.009711979773665572,0.05398086078955747,-0.03429615698691565,-0.4000416520025847
0.041479559591069776,-0.002693004312332368,-0.8047204989481885,-0.009098509300778441,0.055967239991607576,-0.0331559178675327,-0.41711150116936957
0.03658568732017929,-0.002776085760147851,-0.7993744250905931,-0.007300039735197072,0.057518388536878316,-0.03349633709489156,-0.4117970019582641
0.03542314893368291,-0.0032847768470733443,-0.7470806694067592,-0.005735454086032055,0.062098217916504966,-0.028216052168180517,-0.41556191678927223
0.03575551403929904,-0.003478504856993095,-0.7588750851252608,-0.0036282723852931547,0.06862215131493692,-0.02616951361031497,-0.3854071048620512
0.036008239379109144,-0.002738677367349507,-0.7888176186134208,-0.00020248697763897123,0.0748996211761154,-0.02507931453052483,-0.36048868601690154
0.039503200803184334,-0.005005532522914478,-0.7642248500284996,0.00013507077542435436,0.07828878032433016,-0.023627956781997063,-0.37350628630354454
0.05247025784152215,-0.005317543571787169,-0.7402749976677571,0.00023857884574420975,0.08439466374998433,-0.022391450724094375,-0.3865718388240198
0.0660498161386653,0.00190121764883845,-0.7339587380233796,-0.0006240495064570966,0.08864340008409617,-0.021052507379032095,-0.36342652265136144
0.07040500271341645,0.0009783702146325495,-0.6417690140565337,-0.003246273298045941,0.09206500225000552,-0.01906740249523963,-0.3090570952655014
0.07383150799959595,-0.00039573260350884727,-0.5126499320263559,-0.0009809779284053659,0.09657086265074287,-0.015855919701192493,-0.2195781939444236
0.07395438407895925,0.0020899380001399076,-0.4877247592342894,0.00020492046297526496,0.09624621830749687,-0.012388768206645834,-0.19316823992617424
0.07314444260355091,0.007826388352936227,-0.3981762691437726,0.0017152753642888541,0.09842200273108516,-0.005541407567390039,-0.11363343195747377
0.05709691971056962,0.008531521361044188,-0.3719264259981512,-0.0013418215202899964,0.09697978913065954,0.004686618811788931,-0.0315482092828593
0.03273927306801846,0.008416674323690403,-0.2955131952113364,-0.0029027354190594807,0.09109521023261455,0.02131111269782542,0.08977261214766194
0.028266629951163903,0.008179058781968179,-0.2781401734824005,-0.003908091362747737,0.08834162967727713,0.02641408635749561,0.12220572603517714
0.0288859352078344,0.007873144115365696,-0.2893517210313076,-0.0035871456845112427,0.0883564206145616,0.025981386356043735,0.14618713139299475
0.022035923476117873,0.0065159326087535835,-0.25959357768915964,-0.005363202558482929,0.09075828652913447,0.029127744077654474,0.18290530003003722
0.01981256565147687,0.006495397929867415,-0.23480913793086466,-0.0054145441236429625,0.09007061332457304,0.029891717208837845,0.19116947596111916
0.015512608065488835,0.009609225271401641,-0.21349962044553028,-0.006820009287004346,0.09044759304084656,0.03282977609622573,0.2041308220192776
0.008618413947319367,0.0065516523798081665,-0.16126869997004514,-0.005375292315653261,0.09133994503984252,0.04288747884089751,0.3503831879220771
0.0056945378061343714,-0.0008796570487115395,-0.12572562936196038,-0.00843576324241824,0.10034635901450181,0.04226392118844867,0.5174531648059493
0.0055378485421229235,-0.013259145334327887,-0.11300096039748532,-0.005025463308600148,0.11422592745457663,0.03330829531259116,0.6370759372960506
0.00517456589316138,-0.01714376808894404,-0.05605874095099431,-0.009311934787044687,0.1213625555693516,0.014723924156507839,0.7631779384859418
0.005092992401947937,-0.0117491092582664,-0.04671234978014751,-0.018205708481315794,0.12132353358711298,0.007073065818783672,0.8816815888391332
0.002116024288601952,-0.006103797455429387,-0.27862204067614327,-0.03139255183914798,0.10519996259719415,0.0063521978924901265,1.2185139468802864
0.0035195261523498435,-0.011865457184890425,-0.0948092135782246,-0.027099485098952436,0.11386302153344242,-0.0007781099366081091,0.9831819809548256
0.0012914456308237982,-0.0014866535987402675,0.17667054668771356,-0.051568779162027574,0.08839044248562607,0.0028810103091795767,0.9423166689769366
-0.01235506172806456,-0.00020317575501907812,0.20301195770531044,-0.05404575003386856,0.08668531696880158,-0.0051704522066490675,0.9763301673048237
-0.012400177296506044,-0.0002941263111928044,0.20377334424283333,-0.05311536389532016,0.08662565383678555,-0.0058532106100611285,0.9834347628859821
-0.012339272990316966,-0.00027395962190889813,0.20576408512045688,-0.05359453713784094,0.08649069217736727,-0.0058206692240668515,0.9837141771934088
-0.012327473002164267,-0.00028322850410945877,0.2109678269856705,-0.053758626309305634,0.08589494425836591,-0.005419767893970004,0.9804698170695106
-0.012865065891675458,0.0011552817493086706,0.2331173253879037,-0.05393651441483102,0.08643170565552824,-0.007155800080955603,0.9594788854395072
-0.01295223062931991,0.0010335099198912326,0.24871345263260755,-0.05435796538039559,0.0863228055863835,-0.008510934859301465,0.9495475149322105
-0.012886687393959026,0.0007722306656443499,0.2839846597708255,-0.0548165803030432,0.09005902981897118,-0.014022317391466727,0.9167058170351038
-0.01282165199980424,0.0006991234306002895,0.2961485571022933,-0.05564396529013787,0.09100631324635752,-0.015415362209304293,0.9058231379220715
-0.025461099616049896,0.0005294215416356958,-1.9533900206542825,0.00023215991127659925,0.0036577648729310304,-0.09419842979953663,-1.7522988020458197
0.0034634680776481058,0.00024200918400330603,-1.6740323602427574,0.04220188123341654,-0.014158130064871825,-0.08384072728734099,-1.642474474105102
0.0032210335116863117,-0.00038499561818925614,-1.5999898408127566,0.04490671112359693,-0.007683912676629652,-0.08389100124618096,-1.6268759102793617
0.003596008310311862,-0.0004390156000869764,-1.590358594445865,0.05262195380997873,-0.009795395817031222,-0.08117918104230579,-1.6007116269994204
0.0036310183946190425,0.0001306216344625792,-1.7123820167465247,0.05179415097092762,-0.00364345436904255,-0.08400271498278428,-1.622478103558419
0.0033372898979741536,-0.0004281462159865194,-1.6250209154828619,0.04625832117369701,-0.020122581770537506,-0.08274262749871306,-1.5417222871982075
0.0031949979096289804,-0.0010085083096921573,-1.5368041329572277,0.040269780560953504,-0.020709677530191855,-0.08383910652436208,-1.544447454446141
0.002949894257955112,-0.001079198818637151,-1.5399693304025437,0.03583095336184606,-0.022068182131307405,-0.08397475248160605,-1.5156762042191798
0.0025640617069201174,-0.0011398606771955587,-1.1483332593820381,0.023889313208714014,-0.016292348881948436,-0.011650170135937101,-1.711086856568086
0.0022574918505090585,-0.0012191171043079599,-1.0536614767587682,0.025312246299527098,-0.02001913422681462,-0.015379524166803686,-1.6224650699285639
0.002208690445006648,-0.0009672395309646975,-1.032455180542592,0.021389148010509333,-0.023183207901181113,-0.02775212333652649,-1.542486267896785
0.0022469987249350313,-0.0013363419175482214,-1.0017938809510882,0.017092443404479615,-0.025184242089873465,-0.030490866603781988,-1.4823242241892851
0.0037100023627635566,-0.001205331635118597,-0.9858176153490585,0.014273523937142176,-0.022665226929813924,-0.01608777547906994,-1.3422658892115804
0.011437466222208554,-0.0004519762643334039,-0.7942748682705608,0.00012822473153839957,-0.032006176899462696,-0.0054538605547277234,-0.8922839182168016
0.01773533551736314,-0.00021830920016966424,-0.7062160956318432,-0.010105954585567886,-0.029464878846865758,-0.0012952093305529057,-0.776648768942272
0.018021573715958448,-0.00015590980274767663,-0.6940590555869532,-0.01548924198750454,-0.027244932161829237,-0.0015902603036183358,-0.7291089564501799
0.01926036975179603,-0.00019794632038696013,-0.6687467378111709,-0.025713241267420868,-0.029968351376389014,-0.004290405562582284,-0.6246624223530778
0.020204128706524424,0.0006767203552663483,-0.6615141607815657,-0.028581632726645417,-0.0268935814826015,-0.0021546478642130856,-0.5582845294201915
0.020268511614759777,0.0012906497492464965,-0.7140441896981232,-0.024514539000388007,-0.027507488780234787,-0.002695516843993588,-0.4357919922803639
0.023146215061038814,0.0015527608927046663,-0.7261956143926666,-0.019412192001647198,-0.023760056067646078,-0.0018638858551599357,-0.3683166995845528
0.027156705502117757,0.0013700235269044475,-0.7109366156951058,-0.01833344984557777,-0.023568254836785943,-0.0015415098007543078,-0.35609804416829194
0.02668392038669459,0.0013188421715779036,-0.707897346920216,-0.01641774107205804,-0.023875220549850053,-0.0013323397265354998,-0.36043125960710776
0.026795251140919924,0.0011632127707495946,-0.6986537644724784,-0.015508359405069626,-0.02448519892664475,-0.00043650865568004027,-0.3682920495099099
0.02679277995291506,0.001135176608523242,-0.7027408751992317,-0.02003230462594089,-0.024433048302533792,-0.000409747615706245,-0.35972939787613856
0.026774172260799655,0.0011612114042380242,-0.707566282032692,-0.020744835129039567,-0.02434202719490976,-0.0005317542231694262,-0.3541679021433406
0.029190153005730197,0.001145507713623033,-0.6955780788960254,-0.02116226992610503,-0.024687527598711588,-0.00012280270702586335,-0.3575907518674105
0.03086271616459324,0.001022728807340887,-0.6600124562333082,-0.01784002372156221,-0.02624312537602889,0.001261562276946328,-0.3754688376664475
0.03157011512065219,0.0009152456612235425,-0.6811424690466799,-0.018531123817993374,-0.026255353322242766,-0.00011710124300434085,-0.3391144776547796
0.033625458798643766,0.000993750036550565,-0.6244483196632876,-0.02123177156879863,-0.027829118633587075,-0.002290903923988879,-0.3724314310928271
0.04413486211152182,0.0015762494297857667,-0.6978769396519479,-0.026005602049422177,-0.022948564407092368,-0.001423086950513581,-0.29925511228640295
0.0586586943905518,-0.00442654580264854,-0.6856019788197101,-0.02585290908283516,-0.01935114119150148,-0.0015092737465646714,-0.28773830370286985
0.07821883110996039,-0.003791503066121302,-0.5214681875536576,-0.017311037371495842,-0.017486025214040846,-0.0015387910076395054,-0.2502895856256038
0.07543834644142812,-0.004622552276387694,-0.43814505387699715,-0.01586554892877734,-0.017344131411990222,0.00041433221513950767,-0.18057811817611188
0.07889741846393984,-0.01868148694723053,-0.3670882561926498,-0.015898816237788153,-0.01689499506243903,0.0041765826605295675,-0.13780761762519947
0.07485586279272118,0.010471201945513655,-0.3030414416657972,-0.01510979478146222,-0.013847754991442142,0.010030908970885563,-0.09124314245602114
0.05831283835702712,0.01093603844127929,-0.27010604504002445,-0.006331806851814311,0.004872938360752881,0.01783607784810201,-0.012912265576793635
0.034291637640505024,0.018545858500196816,-0.22689142259111725,-0.004328991063704569,0.005025742295250305,0.03581230898193411,0.11797468758694463
0.02953358317964807,0.0099762478247974,-0.15224590237705143,-0.0006507991132405766,0.0018775252667013649,0.0418868130230619,0.1339108380364299
0.029036111067923448,0.01283561426293328,-0.13570466707965242,0.0032339382878222847,0.0011212776065743111,0.04713729858421523,0.1477404933716711
0.021480628769634618,0.01333558744727971,-0.09875818010319694,0.007200097289220437,0.0009316904922409424,0.05153923500027093,0.18822984545180488
0.019516671953825813,0.013373422215592241,-0.08839823261299061,0.007761909356926831,-0.0007119424878848341,0.052854942386530934,0.2096605113962399
0.01644242307225852,0.013124521124778755,-0.09246409747408457,0.005859777613045878,-0.0009637457729311801,0.05481560184549768,0.24630335909196066
0.009062723110144786,0.012252370979745774,-0.03433775660238907,0.0008266249401794123,-0.004151172627323976,0.06065802288751009,0.3709978314450484
0.00738295241058911,0.006452482711983177,-0.06777373818410892,-0.006286604349603802,0.00041340042931022205,0.05839531872346375,0.5648862636204832
0.007575833612498203,-0.0007732162496248215,0.034446401748745976,-0.009668005261826733,-0.003985475176458482,0.05337465985987705,0.6204021153460231
0.0026019766113277282,0.001913881624908522,0.26520906718587,-0.026706193543942804,-0.0003695511070447635,0.04474237206614013,0.6434791648992058
0.0014690077291540592,0.00197270023203728,0.33189691205088523,-0.050068415665680335,-0.0006597597876448933,0.036274482294806946,0.7744933456536067
0.0015152243565310403,-0.0006285336684018504,0.31759995869824,-0.0605839631022525,-5.4301516289166185e-05,0.033258060458164485,0.8739173267191657
0.0015221077432291531,-0.0005034966215448438,0.3070051506253073,-0.059993092611360196,0.0007523284629794911,0.031875243817765235,0.8883711283447258
0.001659356812288478,-0.0008704727566111288,0.3196477713007457,-0.05970041199397624,0.0012278196343998673,0.028246395599363885,0.8912789154145937
-0.017352579508375276,-0.0010091901674957188,0.33853455017134465,-0.06133866833753644,0.0005248747502478528,0.024692972286627726,0.9194077559470589
-0.01736357864177607,-0.0010464832654090725,0.35750793348287535,-0.06156751383823396,-0.00024400501604073882,0.025143202626358812,0.9089480403912837
-0.01730610695315357,-0.0009115416795314563,0.3829505357684249,-0.06317221542151834,-0.0009479780937638341,0.02584198604337912,0.884922916075218
-0.01728409676591431,-0.001206886566906311,0.4294757320844176,-0.06657125829560095,-0.0024386520877420566,0.02042998380042245,0.8544311881106804
-0.017281242969760816,-0.001436789428162003,0.4355764394052226,-0.06661002031620337,-0.002771456802384008,0.0192994635716862,0.8469201261320005
-0.01753220735766487,-0.0013262882162706948,0.46711522331603195,-0.06687782321880423,-0.01736057781642884,0.01989003790449853,0.8297881549810362
-0.01754510399924871,-0.001377894977490291,0.46629647635556226,-0.06670763318301337,-0.017531442644462044,0.01958572887028248,0.8309763891707669
-0.01750300098354744,-0.0014177641118449812,0.468053928843685,-0.06517939108414283,-0.017590806890539764,0.019094160709521555,0.826640012466233
0.020994668774939777,-0.002773011316959637,-0.1337870519371424,0.030740660136533933,0.008103262084634574,0.004587016586423684,-1.9076278857967166
0.020952786305830178,-0.00328543293532659,-0.11365666465738038,0.028544306450994896,0.008236256851904374,0.004339690346203636,-1.9071526814665096
0.02181675961153817,-0.00331942024905996,-0.025769490381091335,0.028041477125192078,0.00481112240997526,0.0036833523347993735,-1.989192737861317
0.020855737282634373,-0.002757478370266111,0.018340817315000767,0.02598608567566382,0.008646900353143944,0.0038935897026383215,-2.0285273419612384
0.02005847558348873,-0.0023497955344299265,0.028323111318187467,0.021373825118838684,0.006080455857564511,0.004712754460330995,-1.998919458705112
0.016553667279916306,-0.0007072196369919281,0.04286852674625455,0.01911633977171257,0.004689066090565871,0.0059822854335366115,-1.9376836781039404
0.015281823731881946,-0.0019319273094895307,0.055680968136305506,0.018593507760976444,0.0031560337699889284,0.0059556406789638226,-1.9120407576830125
0.01376326544772404,-0.000701539779972636,-0.026956349832584922,0.017155505891920157,-0.0019074096064610887,0.006036979330670062,-1.7983236501816051
0.01058436595304994,-0.0013678464194149956,0.09448059882336465,0.015271419751598412,-0.007406435247870864,0.006918030606715111,-1.819911195828033
0.006401909532455021,-0.0001946311061627625,0.12039859495662443,0.01655844318069914,-0.013651941897946676,0.008447335336984904,-1.691172738375342
0.005852919424263077,0.00019092957880875012,0.1552593505041387,0.01674008161207255,-0.01582720668394927,0.006878967614073972,-1.596450855982276
0.005414928615783533,-3.7855379149504255e-05,0.19219994468104,0.015362394792224853,-0.02010628117428125,0.0034396523793229342,-1.5145522113884085
0.0062576974243702625,-0.0002527930391153329,0.14704212299110764,0.01759249324902105,-0.020174754253570612,0.008408561471938664,-1.2784555702563547
0.009861001244361074,-0.0003012426160514478,0.15319567018303135,0.03204237041249763,-0.024691127158109435,0.016672614043104664,-0.8825646342680215
0.010379799265181636,0.004255258421192986,0.23234449096580206,0.032821723373438756,-0.027743625425032413,0.02233370638571808,-0.7637845934832643
0.006911383688113478,0.0021303437967291295,0.5247018988446077,-0.01218208867774132,-0.02074701773150639,0.051424081808906584,-0.7911627991301549
0.006663969160552601,0.003607674692571138,0.6517804212956165,-0.028654481309335584,-0.022860330177737462,0.06410038736012201,-0.6695735354835524
0.006618199243506528,0.0047576836781982245,0.6490052115585252,-0.024723983248845265,-0.02259949115959292,0.06217589683904211,-0.597334235598631
0.007237402479615264,0.00787207542725598,0.6863269600876984,-0.005107212286822903,-0.016143827595804877,0.06391545229939535,-0.40880680375310063
0.007219948139696396,0.009483654395566452,0.8039803320001468,0.008327985684049162,-0.025131221682531325,0.06270841721190817,-0.25756605734573984
0.007424722030907744,0.008953482983457689,0.8638302765277764,0.007249910010380634,-0.02645626885691186,0.05434789906546344,-0.22289304679099992
0.0073693529693163165,0.009018063811448575,0.8711520653720849,0.007092141611347478,-0.026718211510186163,0.05421397852156334,-0.22678437711835636
0.007350088717786579,0.008448493664478068,0.88170549652681,0.00611232913674314,-0.027268065090141833,0.05427644432401895,-0.22525371506599648
0.007342228430350812,0.007656339420902519,0.8996680006063985,-0.0013878247844932854,-0.027787853191157848,0.052284768101450864,-0.23665722299958
0.00723807734855031,0.006698902426699141,0.9656779646506655,0.0009404354278424124,-0.029671588878846335,0.05089940978717417,-0.27615545449588447
0.007054584287544002,0.0067414043221898645,0.9974732832466665,0.004429375710151408,-0.030610215202971934,0.04367163782153929,-0.27941593232316364
0.006312323428851823,0.005795695086347815,0.9998799034885535,0.0026389125633610126,-0.031181194744169548,0.03307668508788381,-0.2642134078214057
0.005279622773518707,0.0039908437495345455,1.0068591510420917,0.0042733950775302775,-0.03318825787519956,0.02008800400515744,-0.2259049075188635
0.005544636944258441,0.004099751689084775,1.0199856926377784,0.0030635213430305237,-0.03502580781614275,0.018261281396895448,-0.21742790874410592
0.006529922771062866,0.00439468520675067,1.0593776851729828,-0.0024083929188293118,-0.04087208357249109,0.002831847449205931,-0.19821381967590196
0.008116475772774806,0.003101002225196419,1.056916600229505,-0.0020885628008463124,-0.04280543572029943,-0.0004038455305241309,-0.18769426326971667
0.008660365708008788,0.0029251825561367913,1.061674738197198,-0.005068646684199088,-0.05181615294252207,-0.013797466993856904,-0.10388485431978134
0.008589048388178191,0.0022161383177060666,1.0801088269581334,-0.01021966640631678,-0.05691411117652114,-0.013505639442853618,-0.06114594868556117
0.008187772862570617,0.0033303745325364113,1.113069058066478,-0.0117927312281231,-0.0646771189973545,-0.015953448358501317,-0.012270452287764763
0.006630490176559223,0.003762515760553343,1.1220934041263662,-0.012174281925991542,-0.0786800785214324,-0.01841354577172848,0.028665918873527114
0.005043877261599696,0.0033802039768942183,1.1190351956064233,-0.01403939796234957,-0.08462560914840465,-0.018826182756932295,0.0642293668898931
0.003013066201002403,0.003041476709862246,1.1961873307760613,-0.01810243277150752,-0.0968494789367207,-0.021133958015069464,0.11559007879453488
0.0025043601875471694,0.002706354837613804,1.2214334197630334,-0.018066042405149405,-0.10860495797057397,-0.02850987303094327,0.13515894320540167
0.002237806890693754,-0.008805044182961349,1.2548518160702502,-0.015458973511588245,-0.10889515445306093,-0.025244194129256662,0.13277406502787611
0.001844783297262261,-0.008648708898726192,1.2828855343479963,-0.014678216603220013,-0.11043344482236007,-0.03124999902269864,0.16016860276072095
0.0018436080147019595,-0.00788788973842061,1.3157321735134795,-0.015476448037119495,-0.1059597117492123,-0.038941610785943985,0.17990405990021585
0.0015437048186188517,-0.008378499891408347,1.3251098178093963,-0.014193988300582536,-0.10991639854830608,-0.041749680647033056,0.18583324703925524
0.00035363823729530616,-0.005140701599204462,1.3488861389664337,-0.009283412427735014,-0.11705545223565643,-0.045534001190762084,0.24975142861123653
-0.0009128589729265287,-0.0026197133614490127,1.4321873466881363,-0.0072473791094586305,-0.14544869364126403,-0.03239036001670986,0.4477835383596147
-0.0017586133907988176,-0.00014802968511325081,1.4928974577743612,-0.007909524922956013,-0.1563940130960764,-0.022358540532554913,0.6047232186251572
-0.0017172195287118877,0.0009675401440986785,1.453841108023431,-0.006724463352442664,-0.1533483078630173,-0.01993977242903817,0.6922119559589728
-0.0013822171709383204,0.0017294791075564047,1.4598510958659139,-0.008735245916831886,-0.1416811003841347,-0.017612109419470747,0.7938446017006048
-0.0014585927236678447,0.0021723019632078873,1.5141817836443057,-0.01097934445872847,-0.11093310979009897,-0.015335967400513982,0.9359449406550621
-0.0015916370576457273,0.002104824589170536,1.5522608753394505,-0.013416779733511418,-0.10297886686122103,-0.01824094231703189,0.9493940205258248
-0.0010783415768738096,0.001943731481756838,1.558978486335899,-0.013749283946770063,-0.11079799436521456,-0.01873046062162477,0.9685212268412798
-0.0005236084158206334,0.001943748776511079,1.5932195441747692,-0.0143951325277501,-0.11435148230794227,-0.02549897382274542,0.9630617403083659
-0.00046035937086140206,0.0015717091148596662,1.6248269380499945,-0.013696868414453176,-0.11277803399188696,-0.03163735845352775,0.9598269135570461
-0.011369936629328071,0.0013374197902523647,1.6540165888785137,-0.018308247617257495,-0.13064515330146906,-0.03181744265108413,0.9815625755188018
-0.012891771395345813,0.0012853190475109163,1.6969904153640476,-0.021180516625754944,-0.12948163603727858,-0.035312573634815145,0.963975085738639
-0.013877067782097177,0.0011778198966286369,1.7318404870931856,-0.020144833361072673,-0.13148720014625334,-0.04394132057136804,0.9580786073028722
-0.014482440500618,0.0011769708411190653,1.752494327792064,-0.020237270296606005,-0.12993418966540324,-0.04651986398254786,0.9507508298909222
-0.0189207546193029,0.0009941767009331096,1.8481680695284108,-0.028091919085366346,-0.13608787131935013,-0.05944203000189294,0.9522690788988396
-0.019120967933875334,0.0009385616746463252,1.8832981199674255,-0.02869197704572865,-0.13620987106613075,-0.06875248570361277,0.9534470220714982
0.005366224135817304,0.0004268334001816734,-2.9770188175086347,0.04967802633268582,-0.0001402530155526096,0.020189440203551717,0.08592320705638058
0.0054404200900091135,0.0008302705515928735,-2.919177731067769,0.08695426861431592,0.010692868497923318,0.026638807389548987,0.1197189981205502
0.005190523853101565,0.0010701431069131476,-2.9185696389212845,0.10668740483133499,0.012611769413240347,0.029826060278381743,0.16188402547516745
0.004266231915479309,0.001091672501186326,-2.918287622684658,0.11469464525726114,0.010499596103643,0.033886478568323206,0.2053509881444556
0.0028916703517012973,0.000957282240541946,-2.8707987078236523,0.11834958891822397,-0.018214381176433758,0.03465233726854179,0.28425834746515094
0.0026025109649258638,0.0009262075142968584,-2.8649501447337786,0.11823400919261443,-0.019232779915092296,0.03620117888423374,0.29976502134324073
0.002536886078195357,0.0008929791157669155,-2.867283358604778,0.11906090502781957,-0.01973603668110183,0.03646913600173453,0.3016084304159544
0.0021314270326374626,0.0007196012530118006,-2.9184051986806554,0.11497811014138765,-0.01950194989306598,0.03736201016041968,0.2969837035807593
0.0020978668901350584,0.0008625721078262486,-2.8553548634606343,0.09592947088360165,-0.05924503694286559,0.02566025752031199,0.32748065190938186
0.0018422136579152302,0.00021482341536763536,-2.7571195884455175,0.0710456180563009,-0.08985173162161841,0.010877219190847214,0.38842110772213057
0.0012685463268176313,-0.00045927829214195085,-2.863352368948361,0.07114221441637979,-0.06969250477322214,0.016042934453618374,0.4172854017757074
0.0010353732062583377,-0.0010072724856126359,-2.824710351459825,0.05784240296886211,-0.10529796927204058,0.003252641256570916,0.532462925564383
0.0009677256007645792,-0.001574128815645834,-2.8724498409231973,0.05439029963926522,-0.1106053251876177,-6.601961381485443e-05,0.5899333975426825
0.0008846574175931346,-0.001813590865475054,-2.972413378085465,0.047152962779066984,-0.11594049895363441,-0.004150441080561265,0.6302600007789305
0.0008393213830982487,-0.002202323132934836,-3.0265447860113994,0.037170821187011704,-0.12343473986466236,-0.015543198148207225,0.7068960158329569
0.0010475680428017574,-0.0031060191101354587,-3.2467210430043973,0.04035908117992416,-0.1104748580703595,-0.003790301329862241,0.7322765053064776
-0.011170599775565771,-0.0029102872861354583,-3.170313442440896,0.041316549914862076,-0.13112948785198622,-0.010668547166100318,0.7977754806734302
-0.010710667761236612,-0.002460613947677213,-3.1382732052942504,0.03928523129025622,-0.14060154311650822,-0.01422416700169217,0.8341835402736901
-0.013651200869740202,-0.002192359942787189,-3.073378093821926,0.03928296963868109,-0.1695353752011153,-0.022122432905061537,0.8564299917419447
-0.020203324765070443,-0.0024775061402321995,-1.3045200926599894,0.07658561845647868,-0.028834971161055937,-0.027330344741904104,-0.1905457634568374
-0.017544328811100834,-0.0019058845087773489,-1.143869664621572,0.08987835422254166,-0.02654567533025678,-0.0033570684173632437,-0.036301477763768845
-0.024727354567142746,-0.00319592388692938,-0.9481058445191637,0.09904551779708391,-0.02211126608375963,0.00867053517498834,0.0539313973549326
-0.023835984173712414,-0.0037298224738348345,-0.9281271146560669,0.08832731958996629,-0.02349963791353893,0.008384456214713062,0.08059705703105945
0.0013371522876835437,0.0008197072247957274,-0.9901512078628993,0.051490602463429416,-0.018532392535201697,0.00948563098097765,0.08121762662512236
0.0015143185528610388,0.0008103283752397762,-0.9438569921314096,0.06076382694205388,0.10949619875506053,0.0073397494797184295,0.14063909027865415
0.0017482254190378504,0.0008391659796821048,-0.9265957786450457,0.05895716650167774,0.11629592335361986,0.008406213450311643,0.1535987890826277
0.0022812597453916584,0.0011540551608985726,-0.8757041198937784,0.05997563443051932,0.12317678674397992,0.014221699447290069,0.17669077898279506
0.0020051073297158556,0.00048482570785085105,-0.7633642176022124,0.06834903882568114,0.16840819527982717,0.029505328083709922,0.29924344874985853
0.0021393659692258682,-0.0009419493678823315,-0.7200137471694252,0.07556970636321615,0.2101657667429267,0.03510427389236434,0.43480562313683635
0.002641341485171663,-0.0029440426439303145,-0.6620573355330923,0.0714368961456758,0.2260256976642693,0.03905455646672271,0.49516543251145023
0.0034761582093907365,-0.01243888293807252,-0.3720486533056769,0.035209208421137374,0.18366483528674943,0.05025589981948796,0.7574359194349485
0.003539639640483846,-0.019827739581998967,-0.2831278280895745,0.028969816402548074,0.17485291302172704,0.058591805759795376,0.8963489980682492
0.0036779261543861993,-0.011675546844786094,-0.36581056841034265,0.035814779360327786,0.1706022948680436,0.056224604739966044,1.0291841747683426
0.0027651407690333476,-0.002054039707580502,-0.6049422270389433,0.049245954957562114,0.08992381398541362,0.05674643002169598,1.008067585065299
0.0027833438452971827,-0.0025763341789347147,-0.5457551682242221,0.048715661374246856,0.08172014803982262,0.05963989763115165,1.0668911130926988
0.0029355300997610688,-0.006495744117331828,-0.38755049593886476,0.04184343335285803,0.11229768067997672,0.05775782400420019,1.115733542889161
0.003915850854001458,-0.00854461641745717,-0.34961009737173165,0.03625609991098653,0.13786345344702586,0.060454261895383964,1.1164662584886507
0.003961916577909383,-0.010699803120859459,-0.3358144748419256,0.03214463417628625,0.14521190863340377,0.06094229188686658,1.113328680607711
0.004117855864253454,0.018417214748604138,-0.29389102386045074,0.026320405052420594,0.14936251649706458,0.06080253692969315,1.1056236872001148
0.003897287216292058,0.021164357722199906,-0.2789610253987965,0.02420030409293178,0.15332483936888205,0.06235792569606096,1.10392786492295
0.0038865464347923864,0.021105612720671935,-0.26875417755840353,0.023916075518044727,0.1517119364076723,0.06148927848437351,1.0907873997252637
0.003911680373803595,0.020480844060213776,-0.2216849773030759,0.023497730834578227,0.1425157191968131,0.06062485951666242,1.0589082491038109
0.003634514385245115,0.02055190605791091,-0.19450059400111855,0.0234480318598682,0.11941454515669644,0.058973397173300184,1.055620752838917
0.003370083305337651,-0.013724225391075578,-3.6197193515703243,-0.026811658244851055,-0.008215035874597156,-0.030142138155906224,-1.9464753841858553
0.003270834056166047,-0.012719016291088096,-3.6140068542456114,-0.015393287487373852,-0.007183876543798185,-0.028779953701828988,-1.925752448969146
0.003190449624196306,-0.01245726847834273,-3.6277432375974183,-0.021516053960031287,-0.0035974084203283367,-0.029765785671715596,-1.869865478894648
0.00300244017372261,-0.011762796007578655,-3.6406602088452495,-0.02042336559947325,-0.0001472236880653554,-0.029349490460733256,-1.8249130438607506
0.0028542370184351843,-0.010325008737798088,-3.671925565956329,-0.018260443496766258,0.007530352543127769,-0.02922629888475943,-1.7199478368655836
0.002858614108515944,-0.010004440191241998,-3.6923894218715594,-0.019715692168314654,0.009494947968901385,-0.028031714088753844,-1.6502797291561215
0.0025558438594384374,-0.010093023472219579,-3.705136145582771,-0.02029467033215024,0.010624176423603035,-0.028582940169921155,-1.601240601277663
0.0026325431233634334,-0.008244530607574992,-3.5580952881580807,-0.014518084529038001,0.015433687889699135,-0.022819071125566387,-1.3206395061871838
0.004651821290340515,-0.0073197392562045745,-3.7818142957570275,-0.018698218346928256,0.012495981774410686,-0.01641090022500997,-1.1570845852146037
0.005296793867778559,-0.0063029414335547,-3.2022923777823267,-0.05544263238325179,0.01805962730827628,-0.025274146525565026,-0.8362071677081264
0.0053837845042992395,-0.006545242845549673,-3.2320118905064295,-0.05758081935516625,0.01929004030250408,-0.02601539093115613,-0.8181826079109948
0.005510652792949275,-0.007289404789519449,-3.259017027132139,-0.06157114648836941,0.02009736090892361,-0.026307484983619914,-0.7765027547138855
0.00476884775865,-0.004690822354763277,-3.138680351429804,-0.07931608302034014,0.01781973484271862,-0.020827757815817527,-0.6424072263566502
0.0047271202814989114,-0.00473825557508713,-3.2006674719737567,-0.08475200173028798,0.016707007032815923,-0.016025737600225243,-0.5054463604434607
0.004676316350321399,-0.003708126746615709,-3.2746733701199315,-0.09069203320142732,0.011365386544749874,-0.016351613591156212,-0.41443025835007014
0.004776494446427335,-0.003948946807536351,-3.3179988387197157,-0.09198640850231976,-0.02803363076643967,-0.011263676046631043,-0.3354290912020697
0.004761557027507954,-0.004020404320365323,-3.325814576655587,-0.09367871965860061,-0.029312550148716688,-0.011046093656323069,-0.33977481541654514
0.004753185820752901,-0.004071055496251025,-3.3291319419080057,-0.09474274116505765,-0.029262354381392904,-0.011998002718300566,-0.33916631716854756
0.004752793419983868,-0.0042058133159055475,-3.3382485166357267,-0.10426291156734277,-0.031928626982262114,-0.012407044586741068,-0.3453145168193282
0.0047302513773026895,-0.004217420913262644,-3.344806556724499,-0.11029780517340107,-0.028800350684742435,-0.01195042447942669,-0.3402849958468253
0.004745121094381392,-0.0043167723136354405,-3.3505070062682853,-0.11223660025322194,-0.029716528703920612,-0.011863691979616394,-0.34168818219403535
0.004805304288710429,-0.0038883810798197335,-3.3080251384588792,-0.08760392748126086,-0.01740780160612901,-0.021419166216909216,-0.23618189187684668
0.004845852326360401,-0.0036740946606608825,-3.222280154607397,-0.0656518022060416,-0.011382643624777158,-0.027217579502232386,-0.11404900811260141
0.005073701100117896,-0.0035929043550714,-3.1660516663228493,-0.05458314201926066,-0.005528402629817739,-0.026965179564129478,-0.06496755143972834
0.006056073995773481,-0.0030417283634937265,-3.077055225398828,-0.05826377070631435,0.0678439597452062,-0.04047174270331264,-0.03130735493901194
0.007719878947361014,-0.003161900871849641,-3.075993692164974,-0.05746211933292403,0.07006933005632315,-0.04211229035294619,-0.016011923727384733
0.00835580110696219,-0.0029636112185703494,-3.1196817045150484,-0.054460441455454575,0.0761254746365708,-0.042717323639594094,0.04039632712117693
0.008365875462517805,-0.0024193278188333204,-3.141267231428667,-0.055510029217258915,0.07798119008318603,-0.042668094922879714,0.06607941650329804
0.008732684547292717,-0.0004947951715248342,-3.199572498982958,-0.053637173506751866,-0.027481969818739738,-0.024074483464702832,0.1033654086837066
0.008547287117544511,-0.00019407669316666575,-3.2180420011708217,-0.0503145584783544,-0.02424612452183193,-0.02284111931474602,0.1381405979071492
0.00712242348348019,-0.0005870329586132983,-3.2392921294852695,-0.05141636882679166,-0.014737804473839966,-0.022941496919980188,0.1714335854403062
0.004998237041028401,-0.0009735606445216557,-3.3135279889023375,-0.04623915151695608,-0.05380034127183098,-0.017659147086427088,0.1871889390305915
0.004540396418258824,-0.0010347576280260841,-3.3242848783618477,-0.04507567899355304,-0.054594214313697105,-0.01696308626216194,0.19808255877094955
0.004423680248465759,-0.0010035216968561902,-3.336521245296388,-0.04144959135854784,-0.056228561091622845,-0.016847086741125686,0.19476852217198928
0.0036899571567839003,-0.0010933956630561768,-3.35170198491463,-0.041447935463985196,-0.05687741160091577,-0.015825224774676752,0.20894872212944857
0.0034958073443471507,-0.0011989135137347065,-3.3595479394621703,-0.04433451170695577,-0.0611585053155383,-0.013699618606365286,0.22231447470180254
0.00322236792412459,-0.0012549087078488762,-3.357194744041179,-0.04277790288645842,-0.06388249226687422,-0.011397404354444364,0.24029747554228875
0.00230818068173786,-0.0017433768852651854,-3.3632551976121925,-0.036338628266353055,-0.07005064770871665,-0.007995035022614175,0.304519557212773
0.0019739114739346347,-0.002052541584657966,-3.3348406639612094,-0.023099119099523998,-0.0693360599438212,-0.007262192544292164,0.41552776067500563
0.0018642908401492165,-0.0028068816424025186,-3.363989409766666,-0.01785110005905406,-0.07199179849826547,-0.006057723519022467,0.49615196821822055
0.0018674169756032369,-0.0031796615927650812,-3.4189188443903658,-0.016836891919048108,-0.07046119809940672,-0.007036483578226437,0.5821700432132889
0.0017479575418681038,-0.003288896502803136,-3.392694204130254,-0.017884189986744174,-0.0877794050053943,-0.012882170503334693,0.7174180359339346
0.0016380107226286458,-0.003962183240585809,-3.4130303589521436,-0.018971893899359236,-0.09228311730832267,-0.012456766063145603,0.8027593787599775
0.0015111453684921164,-0.003468894146593225,-3.3833219030574786,-0.02650718651300068,-0.10133453216977224,-0.01534124947376868,0.8130187289657016
0.0014204095667783032,-0.003021110735935807,-3.3888673621728223,-0.027998892597149744,-0.10337270540825565,-0.01846301874221656,0.8238200390459763
0.0014155176491748023,-0.003856721391004862,-3.4250355787038353,-0.022043480502837776,-0.10355918001105559,-0.01765003835121606,0.8495283869517233
0.0014180010972474318,-0.0029874647148812146,-3.41051163130918,-0.02207743315869217,-0.10100780704643532,-0.018343972160251496,0.8399303747404443
0.0014159413710790585,-0.0028185801223128545,-3.4109463719052853,-0.02232246030405375,-0.10041105962658481,-0.018813628923910402,0.839608658823914
0.0015465991141951057,-0.0027607940037984472,-3.3975570538372497,-0.01978741796906313,-0.10049993753647318,-0.018628464412290133,0.8532673461042135
0.0015516893886770126,-0.0028027959259760227,-3.399642902493276,-0.02066366624147164,-0.10017197435672084,-0.018669152201174422,0.8510151895729111
0.0015530731016904394,-0.002807926592743694,-3.395891381422812,-0.019321498121289908,-0.09975377100495372,-0.018620951102986293,0.8532818491756143
0.0018388448019767516,-0.003152743467611692,-3.2565057432257776,-0.017268371665850192,0.020693588287198743,-0.014741962338194697,0.9613698137984097
0.0021526166789125997,-0.0031576387154699376,-3.2143135773961404,-0.01298882899447297,0.02991140831801065,-0.014378150603355117,0.9929679290688302
0.008621041564105933,-0.0004902051052326441,-1.5444782931622472,-0.02600405941407368,-0.04863008810739047,-0.03770325672163673,-0.3690284697640455
0.00880060929694113,0.0011918554657237507,-1.8829445692259226,0.015425432208326779,-0.026562748693323784,-0.0058920682148276525,0.23647938905113236
0.008885881288172985,0.0014848338365484963,-1.9418231773872883,0.013418701145832927,-0.007272881301051309,-0.0045922904648559824,0.3084427392854833
0.00860327420143598,0.0017648592806610661,-1.9622927899013989,0.014899618457242199,-0.012069329150766927,-0.00412561689512079,0.3245248588863459
0.00714283115245749,0.001036334576753234,-1.9165238717675641,0.02102439276329098,-0.020100655981887386,-0.011163557932077715,0.3050983440140685
0.005080587304161932,0.0009611076491870304,-1.9176085249789692,0.020693240698987213,-0.029511691189451652,-0.009463867617515973,0.32932521580412405
0.004286812691674427,0.000707159760583981,-1.8479142307538774,0.01876160259090488,-0.03513884254197181,-0.008147301530213062,0.2993766372172943
0.0042755851685183305,6.238715233335379e-05,-1.7708822433347,0.014659061099332026,-0.03417779259119967,-0.007878900321920604,0.26628118979196175
0.0036606302934001425,-0.0004731838057565574,-1.5731623408868116,0.020526670974712932,-0.031482650564182604,-0.006347156530903165,0.2731735872665287
0.003306801100172579,7.955878718688878e-05,-1.3798553560074696,0.024727266955995364,-0.03666746661969519,-0.0018431299345657317,0.2395211641177754
0.0029860136001236782,0.00011897561313882178,-1.2856716543999298,0.028998082661815756,-0.03929458074886377,-0.0015677732414716662,0.24515526040781838
0.001592993348831858,-0.000380070680013243,-1.2302635345222606,0.031734530762074165,-0.03804350510271068,0.0069238172443280965,0.36672011268881144
0.0008029213739469644,-0.0011026393922306497,-1.2477006085470352,0.03368043252280936,-0.028656354754048676,0.012538056001813819,0.47501253405830646
0.0007121081355353555,-0.0017803363572311938,-1.2855971043608327,0.033669594169849514,-0.03002762872571929,0.013612467790556929,0.5327492044740557
-0.013591605320055654,-0.0016543316013999958,-1.2241974967183054,0.030310224021750983,-0.02816082155230258,0.024421238274148754,0.7092916308793421
-0.023212304715276327,-0.0018766700028072984,-1.1094820966039898,0.02441323428584208,-0.027945192739787805,0.0344645095615026,0.7938862678625893
-0.03130779927364877,-0.0015947734771673244,-1.045902929020321,0.011858002833398083,-0.027077879471845156,0.026359307922158504,0.9766259983326255
-0.022016519834461915,-0.0016818554928303869,-1.0775731361253584,0.014165491288472176,-0.027658413137416935,0.022366463101419036,1.0047416896448735
-0.0337262843067128,-0.0017957029158262342,-0.945133278623394,0.017194044098459305,-0.024067107573390315,0.016932542206848842,1.08951971245128
-0.03764742432941399,-0.001869564713823639,-0.8719247119461518,0.0270911601555251,-0.022090067347550774,0.01728037329756579,1.1304813327236405
-0.04177057506036427,-0.0017994571390220983,-0.8589020512016927,0.022726455757788696,-0.0214590363090646,0.017681825760302684,1.1553552253118309
-0.04225599159089884,-0.0017951514660246332,-0.8149756753568143,0.02808188400901517,-0.017793178716238006,0.023148521695469684,1.1816056507285737
0.005114443471506709,0.0009975211166143205,-0.7933601856100041,0.045471791741201965,-0.01839955852483805,0.026169602620681277,1.113592621434143
0.005169006399980307,0.00048399061283012313,-0.7722361023507143,0.04583004438643617,-0.01869149307928694,0.02813082366745008,1.1215762678049008
0.005338395373789916,0.0004916335758739991,-0.7676213446045685,0.04568321471542245,-0.018317543937332682,0.029004796739877867,1.1169228405704097
0.006880844181784349,-0.00328545781878877,-0.6813267889241148,0.03828615831846368,-0.02032014455875486,0.042587861755898335,1.1346169238026145
0.006992456401462766,-0.0029520783510139374,-0.6499155629390119,0.035745204304371614,-0.020707030481522427,0.04631434822764206,1.1389408881541805
0.0020927223259793663,-0.001875245197255247,-0.9623729359004409,0.021741865255973283,-0.008344411637187531,0.02137292202356861,-1.896694763114733
0.002088150302798496,-0.0018870947123445481,-0.9596163181343493,0.022566355975339465,-0.00824098368129083,0.02370919885686575,-1.9009590799369944
0.0020588675521542674,-0.0018229957630216897,-0.9374920883238527,0.023988882559891563,-0.008613619549808611,0.02622359304173234,-1.8904909234778482
0.002505871393927649,-0.0017465117964895376,-0.8900635189994502,0.02150699495242626,0.05571865397075002,0.015173587228509207,-1.9440261657913587
0.0023964626264040053,-0.001752022177558035,-0.9000787309686173,0.017642057861439128,0.055623131332232456,0.012511191904923372,-1.9350583541333268
0.0016472701057268153,-0.001739105638675248,-0.9790673685217202,0.02093483773115463,-0.011614765606081294,0.024426380815783282,-1.847957229226411
0.0014850260537492839,-0.0016481640038793076,-0.983346885016684,0.019569005181127037,-0.012379370461551574,0.02121664453019047,-1.834930807922879
0.001375911669336191,-0.0016629116321769492,-1.006539242788028,0.01810591820997763,-0.01379390712028451,0.020887886380864955,-1.8084082063596136
0.001216350896307512,-0.0015966592067993034,-1.015836034471069,0.01643857317565891,-0.014981142058889263,0.014635876423389586,-1.7817712117397093
0.0011047818142154537,-0.0013401891316691325,-1.0125296865409414,0.018752416411820128,-0.019740246846083692,-0.0027299959128895645,-1.6696036254578057
0.004302420864117212,-0.0010900493256032885,-0.969440573482171,0.00624496766252241,-0.017405815760980638,-0.011894280602467585,-1.63153342653887
0.004223668139203805,-0.002022813026425924,-0.9832694786644035,-0.0022296935947112386,-0.016151785931309566,-0.031738291378869604,-1.5035558359931191
0.00670597135465661,-0.0016478644323896082,-1.0165025884981231,-0.0027510395878526813,-0.017016566568274005,-0.02599616803916645,-1.3493805489340838
0.02713916736058148,-0.0009694072519446262,-0.8211117358865001,-0.021487150524667622,-0.031469641457573784,-0.006547713327632925,-0.9177095991954437
0.01572030908573068,-0.0012874521617878502,-1.1571602109892414,-0.03129989173979313,-0.06349194089575762,-0.04142770159115454,-0.9302676180814048
0.016084032055628143,-0.0012659070094526164,-1.1803475002909867,-0.025648610197917393,-0.06612873074786123,-0.04275307466233646,-0.8932013605782129
0.016268219116348525,-0.0008865308934623026,-1.1942672969999237,-0.03198907111705051,-0.07169526963881427,-0.04679993491191289,-0.843184464132004
0.021939009564401903,0.0001033013670327669,-0.9892505352055169,-0.03507943487179133,-0.05413678387083018,-0.024835392332685734,-0.6829438551374865
0.018303053253273843,0.00030069147731749153,-1.2149285227767064,-0.037753034783020015,-0.04488687269140123,-0.0471942074012675,-0.6369207417140967
0.018248022144720086,7.481210913538676e-05,-1.2967390232286922,-0.03321909312902198,-0.04631227477471537,-0.0482776959615447,-0.5568543817957764
0.01070410109152359,-0.00011603212137844754,-1.3408756505276966,-0.030297003460948817,-0.0473634883802148,-0.05002909984679661,-0.5439447203270087
0.006361998785341107,-0.00018297135785010234,-1.4283631663836318,-0.035239157898186844,-0.0776510936723802,-0.06465002492549415,-0.5842249885957946
0.005986041881097113,-0.0002544196640448192,-1.4358732183186045,-0.03443043265824685,-0.07789748526105751,-0.06221736914544589,-0.5775403030626882
0.006324925741972144,-0.00024247180566602477,-1.4026454917321165,-0.028928920300049277,-0.07709053964021668,-0.05250727451207688,-0.5622232691799938
0.007151864297490101,-0.0002355601232286374,-1.3525452357915566,-0.026041655510594956,-0.07574283888551507,-0.04527671585678578,-0.535327860493714
0.009988711219265797,4.183162163494598e-05,-1.1029313371144605,-0.011296307024502603,-0.058639698413445684,-0.012355061269620589,-0.41133083747348465
0.020624693802391503,0.0007323107983799365,-0.9800356330435345,-0.0032007523408205886,-0.04319029295066033,-0.005799101425929064,-0.3106007746672853
0.023409845235224092,0.0005047055057728685,-0.9510834435785775,0.0018427561116595838,-0.04068744082807174,-0.0037888243056043948,-0.2831897940423333
0.022015049710096046,0.000795163504080508,-0.893504903796174,0.006335987870807232,-0.03392065185728384,-0.0015553128557405324,-0.2586083542066627
0.02264063676972318,0.0006897497303313229,-0.8951171901533346,0.008309159096010571,-0.03029033532390452,-0.0033978436092849604,-0.24024292680071208
0.029714272434004648,0.000699831980868373,-0.8886717676361914,0.009859521546288604,-0.03228443526210475,-0.0033173957556003816,-0.22568783486471997
0.03282942958841901,0.0006716311377211611,-0.8973969478931575,0.010216834289122994,-0.03421311435618355,-0.003069156981465508,-0.16108996453613833
0.03492550876744934,0.0007898810536096394,-0.876044765525264,0.010283377135272328,-0.03313443969273353,-0.0030568802276494493,-0.1168019988064818
0.036149212435958214,0.0010775802553713095,-0.8734055252948448,0.013491056895107947,-0.03317115276292272,-0.0023155014885739254,-0.09117575102150602
0.04938087051186342,0.0017148883711297527,-0.768875072595318,0.013170558318996054,-0.03160875177868388,0.009293438858850502,-0.011224904265577103
0.04104459724937661,0.0016190357167591414,-0.7459231262302796,0.02179246679943573,-0.024873629237030938,0.01638698285097012,0.037615321188819065
0.026726014466877304,0.0013870262078342487,-0.7645816879448034,0.02813735084317618,-0.031586666742827896,0.021405384761749035,0.08692996887939254
0.025192156651578475,0.0006863030425326704,-0.6893992099578782,0.03201186942357807,-0.03984920075118201,0.025651552004449418,0.0952712179506027
0.026062735133083107,0.00043156460212966243,-0.6710181636881956,0.0322721021553326,-0.04181340008059809,0.02823298105375179,0.08961765994236218
0.019592514750141725,-1.556839687473014e-05,-0.6524308643024003,0.029469990834099596,-0.04418937107649571,0.02980019134689574,0.10107936805284212
0.01768680321539242,-0.00016268264988410474,-0.5122488528251496,0.0141381457032408,-0.030087120915013907,0.03275762241833088,0.1669379674031751
0.016731643721641813,-0.002418425203842221,-0.41288565386628867,-0.0014266342570174086,-0.028883897922939095,0.029647584434390653,0.2407044006043577
0.010539394944986367,-0.004653163263191401,-0.33886568709347953,-0.005811617353284117,-0.037314196360995096,0.04655498842622095,0.3468049942608194
0.008647405764745644,-0.00646471063740582,-0.30670709081240294,-0.0059767726153751415,-0.020026750689365925,0.0543684801164871,0.45954281340511616
0.008480838632028451,-0.014825509127504152,-0.20803159421180642,-0.00515315316839904,-0.018682344838030523,0.06117792104462914,0.5906224468479863
0.008268980929720594,-0.015180338084831359,-0.12208681205042932,-0.008291421128871372,-0.00703134637912807,0.05464139572421774,0.7571918409446673
0.008858130223813515,-0.013668175429187274,-0.14036894887771892,-0.009497600483256187,-0.0014886243010812444,0.05440020295924207,0.8600565813276813
0.009303139891429252,-0.011861908527102168,-0.15981245627247584,-0.015302895979006723,-0.0007680054124686567,0.054630948160317376,0.9275045422307008
0.008080711738453036,-0.011865665594018816,-0.14352668515192862,-0.01815123094753849,0.0005331507327269072,0.052191446487319076,0.9213786452411274
0.00786422459185812,-0.0112923664880506,-0.13165276447772659,-0.01911424116766028,-0.0001475648208832454,0.05293319780863867,0.9340548062869238
0.006784932990467521,-0.010749861126441159,-0.11316590722362269,-0.027770057858378445,-0.0027454500613571992,0.04462236479822728,1.0078671445443455
0.007136420137209139,-0.00859247719115469,-0.04401496542515515,-0.030279683739655124,0.0009195609233624306,0.04703861390165861,0.9850369921351261
0.0024159172868963054,-0.0023993657974452458,0.24978365369488756,-0.05788658161813942,0.0010724148246323616,0.03995735981862223,0.9378519668633204
0.0015232826659342604,-0.0014336384398588896,0.29700717607899085,-0.060550100971819426,0.0017478251586329145,0.03868753683850389,0.9290599642076333
0.0015590433910241657,-0.0014357516293950062,0.29871427664969,-0.059444466834144324,0.001637571551317592,0.038265750214091586,0.926745622195434
0.0015537988333108104,-0.0014328314913151896,0.2999490637855117,-0.06083027738888759,0.0015878440564254402,0.038434389359769526,0.9267800583832015
0.0015636960366157385,-0.001598372214795602,0.30915581988401014,-0.06209654276093361,0.0008194096032997158,0.037865302549300484,0.9237053421919954
-0.017526884096479855,-0.0019055694174824787,0.3518645731419487,-0.06780902828280787,-0.0005636411506086565,0.03720638670701456,0.9124014779859834
0.005102636570305559,-0.0022690369235641994,0.3129531934573232,-0.006112443063129794,-0.0007359373779465735,-0.010545382319506412,-2.312527942595819
0.002390575388377853,-0.0020426123194970044,0.3473078376899843,0.006228788005841655,-0.0004974194485971251,-0.009986057109199272,-2.3066860593725673
0.0014292357727544627,-0.0019823241829457225,0.387902033091438,0.016760903923628934,0.0020139973748765348,-0.009157611229163547,-2.295036024272685
0.0016450239203604352,-0.00245938877224888,0.4625225147680776,0.02589482712092708,0.006693605452927188,-0.005437639052228192,-2.2724493286912444
0.0009646547520181404,-0.002043863985209118,0.5890179377943289,0.031162508634439933,0.009824095050473821,-0.006655429728739164,-2.2552950895747945
0.0010713475419437577,-0.001705933547824155,0.6282088250079911,0.03411256855726643,0.006867200891278105,-0.007241980622942018,-2.2233879592223387
0.0010259371749746704,-0.0015556203752140549,0.6478645491507059,0.0339168928982023,0.002587919452438604,-0.010775851859921222,-2.181495050177047
0.0009830520975666296,-0.0017734722284652796,0.6864171048491629,0.034952198475094946,-0.0022886938309976965,-0.012321219706346665,-2.106109474113549
0.0002570932799305252,-0.0038245830180718993,0.7595274209057755,0.02677555029957866,-0.007301555507104976,-0.014971141731505164,-2.063610558665967
0.00022309567886307256,-0.00540223156096993,0.8370069676040942,0.004140864866993162,-0.02631742114447869,-0.0168712567248477,-1.9247916550916986
-0.00028529340269391033,-0.005605473163405707,0.9396617707444594,-0.01105201063385925,-0.03538715458682138,-0.013265182274215635,-1.823215005863052
0.0008909126102561074,-0.005596379776694704,0.9851060333289584,-0.02445698558265134,-0.04194850543233323,-0.013020565698303134,-1.765200854045718
0.0012827229922367004,-0.0030795963243298945,1.0900260858747852,-0.03008673068771894,-0.031005918040246487,0.003288003138073025,-1.4083829750140062
0.0028298584147407177,-0.004064161681234839,1.0643170961677262,-0.04298300559362121,-0.0322217890555437,0.036745500268124176,-1.062890252046522
0.004145808402993019,-0.005750248465245111,1.0837332952665155,-0.04591205611037209,-0.03250216734215863,0.04023342908486048,-0.9961669514297641
0.004934566473296134,-0.006586416539368568,1.1324306626262355,-0.05715299389895835,-0.03413784378326161,0.0430928221069877,-0.9322569251127987
0.004819980527805021,-0.012198707512348026,1.1609251491239385,-0.05176361715089597,-0.03475409475188852,0.039268737304949716,-0.8462050979030464
0.004785897819907672,-0.014560799501205198,1.1980745405052413,-0.05898404763728612,-0.038023653427962115,0.03536520199895406,-0.7509080815796851
0.004004682728369006,0.007078628304665142,1.2710261899438295,-0.0492627129446589,-0.038946279119202,0.03547341742146633,-0.5239849477218292
0.0036080576847121125,0.0034193398022866086,1.3129638022807752,-0.02786107913317641,-0.039694181353908,0.02495695385226238,-0.32844017148007004
0.004003348697821397,0.0012157270409377508,1.261995562912891,-0.02395555674743493,-0.03630027089227423,0.02080694720741937,-0.305578660114537
0.003965103101459971,0.0011189211649138896,1.251643376256079,-0.023106213113360953,-0.036068996499135704,0.020655379146658177,-0.3056922643893409
0.003965958235263565,0.0023505862177193196,1.2333157158424986,-0.021686211564214936,-0.034118324791527786,0.02197509614007469,-0.31224138401663165
0.003955163843549987,0.0016111761145635585,1.2598517331099888,-0.021452214512393528,-0.03629564072188463,0.019518542585550507,-0.3018044743185679
0.004213728012172222,0.0015620538200394186,1.3317686856242108,-0.023674211866265324,-0.04397229225119249,0.018985764325651664,-0.26945770767910343
0.0003475236758527542,0.0014789536232032367,1.3964833236305019,-0.01854159211703938,0.11790840861348274,0.017825111232209628,-0.30519643878822844
0.0003529163683538193,0.0016221407107940631,1.2728114501627148,-0.013372907245086102,0.11884438442555899,0.01642914585621714,-0.29985243032054876
0.0003111537181323993,0.0018804067628568953,1.3583764328134287,-0.014677137835546783,0.12575154295157823,0.015316661433917392,-0.20332726200835977
0.00010906860258304122,0.002010013971703237,1.3798977515000597,-0.014845698676459825,0.1251127091159396,0.017380891280645693,-0.19114846885595874
0.0012863980374604733,0.0019208772879790862,1.3858296695282974,-0.01390128562388721,0.13535129516841313,0.01743806295413562,-0.16092742798574433
0.001530540934647594,0.0021353092423603104,1.4012827593935118,-0.014577653879961345,0.13878848640111666,0.017146445736507945,-0.13906231397982813
0.0010204702524094725,0.003293352407987693,1.398376399841617,-0.012021396486740365,0.15364635168559745,0.011990693008493092,-0.04377389420886339
0.00012623378345735326,0.0037934151684039766,1.386951422775875,-0.011847359696776133,0.15442685002234788,0.00960165863985113,-0.01266174847988138
-0.0007682645647295702,0.0042612161586752665,1.4074905931085282,-0.011343375556320695,0.16120167295815707,0.0072755489281128025,0.029968618481317363
-0.0031395934860411943,0.005319860627601788,1.4539198099946333,-0.006033153931056625,0.18942911074058502,0.009120366381327329,0.13015560359061792
-0.005449436983205675,0.0055498851901954116,1.451193678041624,-0.002694424139482135,0.19646321668791783,0.011361873784872911,0.18081182284112388
-0.008548261520248386,0.005656037324310649,1.425836234796132,0.0009117148404338681,0.19287456633730404,0.013576029689650243,0.22483545451170406
-0.006512543423768556,0.005088673807945013,1.4684230235254845,0.006105478874341534,0.1862329746003425,0.009045537004606311,0.24443406333901455
-0.006355755228477169,0.003916501134768168,1.4953038791306639,0.007807361190050189,0.18631953324148473,0.010097268533976366,0.24296225662712187
-0.006204756659376371,0.00303808016012938,1.5190987893644954,0.011234862054845952,0.18497890998553274,0.01181933575049755,0.2376615299147163
-0.00801357215191211,0.0029941665494116324,1.5327461806548044,0.01262390688721909,0.18878934182104998,0.0129321081536438,0.24641231247128287
-0.008686010229934397,0.002434112675798935,1.5356294663951817,0.012039702705915874,0.19335431677284992,0.012413909026223125,0.2625057382616032
-0.011562516256301255,0.0010523419015445803,1.5289527431353043,0.009246049598243978,0.20884999638254723,0.011569521428306752,0.3491293800000413
-0.018165085300322847,-0.00017523623063982422,1.6454944776865785,-0.0010371547662158943,0.2458034369440361,-0.0006101750077995206,0.5989773818550859
-0.020603522433819146,-0.0019112743758419133,1.6871495859554742,-0.0022669212050427804,0.2632730496419326,-0.017531005949210997,0.749182601828041
-0.0206099850863666,-0.002420586402856749,1.6663152455467034,-0.0030928106699521507,0.23313897204936548,-0.018980211231857266,0.8319582981549374
-0.01949602664444092,-0.0029482954812843003,1.6542293233192926,-0.003518024571539006,0.21640442958775646,-0.02025599590957268,0.9096431299568398
-0.019484921441178495,-0.0034165917272428715,1.6206684800168882,-0.004422538690100189,0.19606197368297906,-0.0216384644369327,0.97973627107462
-0.019853864377659746,-0.0034031272991468576,1.5908506225218388,-0.004272224835166127,0.20565818748328246,-0.02241987230560254,0.9877170400074
-0.01986155517980748,-0.0032895689832599657,1.5586850592967565,-0.00436161100127189,0.22423060194590377,-0.02286999942096271,1.000382199997626
-0.02023491387168935,-0.003191290075840641,1.523695874256537,-0.005066601024369913,0.23514010659964962,-0.02424922295358225,1.0106220282654328
-0.013275329097649438,-0.003452566453603059,1.4772146877433325,-0.0029514183171359502,0.21712820898991445,-0.02038467965517151,1.0084406911570103
0.0285831850864465,-0.0030856535864070005,1.4882311610984011,-0.013140466275040551,0.23055803001629718,-0.03274263291853716,1.0321514816411033
0.03415796272389303,-0.003046834839548157,1.5197802819360622,-0.014579420766480401,0.24492527164383274,-0.027989320522978357,1.0471778560571872
0.03054789422609381,-0.0006170751136699152,1.5037323869972494,-0.014544949104176683,0.24159563533469605,-0.02753737334245993,1.0497910280391656
0.02353875817831077,-0.0005822820027477644,1.4608061572826352,-0.01252711174537622,0.22402260792088305,-0.030941989137338085,1.0331770867462302
0.031132150236540996,-0.0006183078393914583,1.5046044360111872,-0.014613583888340744,0.24330630935127126,-0.02779951224812387,1.0544557806985122
0.0342363966650895,-0.00045671651406824654,1.5282374821786446,-0.014686896914821536,0.2536607262233502,-0.02695091721012086,1.0651484668597089
0.0022162194308125716,-0.0018797684605488,-1.0435982227602456,0.010677169964626615,-0.03778723393218628,-0.061831535027255136,-1.9871946944985353
0.0025889229394848307,-0.001879045838337348,-1.0595403457106856,0.0014994652843270213,-0.03888077300095955,-0.06333788994715653,-1.9971377137266562
0.0050596570308828765,-0.0018775252755640908,-1.017622470039742,-0.004910743211064181,-0.03636928037355589,-0.05938269845765973,-1.9737366154023468
0.005112114927667821,-0.0018706606735320861,-1.0030792497616756,-0.00015713093279354744,-0.03512631538857132,-0.05253867032377428,-1.9544267272504559
0.005007171733309748,-0.0018734667679464628,-1.0053629789489604,0.003714665027481388,-0.03347978900605917,-0.04818967978266526,-1.9383395141058575
0.00496235248104269,-0.0017845577519483827,-1.0085826227830275,0.005472444839393099,-0.019025066958034544,-0.04601497567226193,-1.9321191165464375
0.005346778247582978,-0.001701130914439005,-0.9718282545092689,0.0077614048703294365,-0.019575906529489723,-0.03949539561309048,-1.9721586752657918
0.007037708562652281,-0.0017217066642003867,-0.9123103826871466,0.009907159630931858,-0.02151974940434579,-0.034084893755064544,-2.0153981825426763
0.007634260069785052,-0.0016413830406153656,-0.9052646206223715,0.00974188793911827,-0.021677652020488845,-0.03246538391754584,-2.0063948532004123
0.00751887333896668,-0.0014332933492996612,-0.8620726329387234,0.011350318705751223,-0.022479034100316573,-0.02118075183387788,-1.8387845222782395
0.00763889558539402,-0.0011657854192593786,-0.842636825419123,0.010107205149627482,-0.023880738828974814,-0.02077546849519677,-1.7445210517884595
0.009522698441332996,-0.0011667227304550517,-0.8119501763780308,0.008359955937669923,-0.024422550950420764,-0.016501855131320933,-1.699625309418465
0.00962038905882612,-0.0008292360944717665,-0.8338114732493022,0.014774811976330599,-0.02096089304747449,-0.008004413663616134,-1.5039887139546253
0.026775180679656715,-0.00014833514792018634,-0.6159881012738637,-9.356577863746347e-05,-0.023159149071572408,0.004183477934884404,-0.957498878132845
0.032391179794782995,-1.683990610758193e-05,-0.5692493995176054,-0.00988528031008971,-0.02539737284847179,0.006601010696978575,-0.8545495942765762
0.03551475937646745,-0.000990023141371057,-0.4487952600143909,-0.015104889555399997,-0.023330082317173,0.012736646636425139,-0.780658044963016
0.03859686647876601,-0.0008010153963647765,-0.39719266476029136,-0.013951490239545842,-0.02598060864570965,0.009709688860546576,-0.7124261189937021
0.041590162076184795,0.0002426610709236235,-0.3667294722285105,-0.01893967895907558,-0.028523911608907944,0.01095896657066434,-0.7027605291583451
0.04927826674492601,-6.986012510159697e-05,-0.4088805701018936,-0.01763845374369535,-0.03190309478489531,0.010327762729648145,-0.6035459745012417
0.051055415625033136,-0.00048332660132260907,-0.416213252567427,-0.013788680206664326,-0.036020752066675536,0.0134856268487308,-0.49045107161522683
0.043694919765523664,-0.000700167354897359,-0.43210138043293894,-0.009237855139678782,-0.03596654558200816,0.013291888442033972,-0.47122616175397236
0.03877828832974935,-0.00057228028633376,-0.502250872104463,-0.007831375756854043,-0.027928235801706787,0.00967267655568374,-0.5091614162509647
0.03730145816200257,-9.338023506622266e-05,-0.5458432568096718,-0.006638865204363762,-0.028215814643525988,0.00872183655103672,-0.5067733432515747
0.038368507678883744,-0.00030302689631670084,-0.5242879895160252,-0.007094612278828723,-0.026468932793852477,0.008739172294699206,-0.5001501381287745
0.03721487181938769,-4.882856747679678e-05,-0.554935407709416,-0.0065050363746561165,-0.03323670676345325,0.009052034651485755,-0.49308229248703433
0.03620619381983562,-0.00010965221897848227,-0.5497976739268249,-0.004555206509688052,-0.02718761375077771,0.008401737740203221,-0.49072929080069333
0.03793796087342839,-0.0006034629685862849,-0.5950324605416712,-0.004077378412493276,-0.019241667621671406,0.009315650512669586,-0.4787819877318678
0.0410915543278723,-0.0006085351684835727,-0.4949945751497281,-0.004840905854192223,-0.031030051599481193,0.013341698086026973,-0.39371630893717274
0.042859537582262325,0.0006473506603794759,-0.47418506875541677,-0.007092044963369545,-0.02849504308667514,0.014116112939743332,-0.3831166445935248
0.05794025566726023,0.0016648038674892823,-0.37907167669908265,-0.010687791829765068,-0.026760340910485687,0.014971842406168763,-0.3362349251760733
0.07370481610666074,0.0024788082304300903,-0.3476612099880588,-0.013092831504254863,-0.022720943095972473,0.015489587819139335,-0.331562394620647
0.07770149545670782,0.0024125151981234916,-0.3101715944044001,-0.013834632303257825,-0.01614149820008522,0.015598879986535408,-0.2412021053643926
0.07572347688262493,0.01187727184024624,-0.29650726705605235,-0.014360154851912683,-0.014557104415281732,0.01635582729249132,-0.19217105081575744
0.07735984666198245,0.014038425152127117,-0.3168650394771852,-0.014791300350438661,-0.013957244898967694,0.016591755479008687,-0.17628675750030945
0.07467183080891968,0.016815099305602536,-0.2895721818143769,-0.017635042523130535,-0.010531349552875798,0.019414226560110267,-0.10507266051165061
0.058587466899836,0.010216057446478424,-0.2602088242126035,-0.018351615351228735,0.006206262276459908,0.0239447293682403,-0.04837993815303643
0.03317508617752301,0.013206455405787828,-0.19815068537910258,-0.016153075332915108,0.003331852133880141,0.03463855907471221,0.05522848992133579
0.028855550257815926,0.01308880720830771,-0.15985202242131838,-0.014238983919696543,0.0001605248278304206,0.044955707381825194,0.0954951492916972
0.02844226406756013,0.01279662099112293,-0.14456872550901614,-0.013185242372290075,-0.00027270326440646456,0.047774156458053676,0.10410962646609029
0.021131714289419706,0.011045524830698563,-0.12003044078567283,-0.012370306008598937,0.0002478423751643392,0.0526678302969221,0.15058678431724598
0.019254424496012848,0.010783141237197298,-0.10988107476185537,-0.003954596641128754,-0.0012317858306487063,0.057831650896128496,0.19498377553148724
0.01607952876652842,0.015791961015628703,-0.049841252159611896,-0.006893178745909041,-0.0019179508473538907,0.056128638264593154,0.20489323170545334
0.008241841553316073,0.008646967631927478,0.006759204477528461,-0.010623054160445377,-0.003286000922019742,0.06838447440231345,0.3537887212265308
0.007661654975772841,0.0020416840996687687,0.012191183567762125,-0.013214373831348901,-0.0015608156452853455,0.07004893258445573,0.5086334242261188
0.0073293380451065595,-0.0054738106086332445,0.047510804974104606,-0.017621048959789873,-0.003777275589157369,0.06863705181601164,0.6153720570064242
0.002773567131672964,0.002764405740664573,-0.4810703668297345,-0.0266083773125877,-0.000435385386621169,0.059989345806312655,1.3021955130599379
0.0015306239283955376,0.0005496068085239558,0.33645140612073515,-0.05123282657782031,-0.0009577771902805551,0.05270373866381458,0.7632821908550936
0.001578039245141381,-0.001598350832884346,0.3222578783011718,-0.064205709578441,8.318831472130104e-05,0.0474740136278491,0.8617244320161105
0.0015849226318394938,-0.0015908348165021293,0.31246590126616225,-0.06573113909163011,0.0008301044541053088,0.04686719951067569,0.8768929349549635
0.0015749739917098812,-0.001539459240618926,0.30305611320233533,-0.06572735838346916,0.0016074198908133063,0.04222186429055311,0.8992129296565159
0.0015544535216849798,-0.0013606125088799338,0.3004642202976156,-0.058478412031572426,0.001845430994674075,0.03864730525383638,0.9172214120780496
0.0015626527164443798,-0.0014135527788318202,0.29932893457247944,-0.05525092011815751,0.002029199053633667,0.0389861997929918,0.9241721420509337
0.0017797863442834422,-0.0017561610541817084,0.32084150255700655,-0.055578377200985615,0.0021812917835265446,0.03819106776593182,0.9044378703347016
0.0017725766205549396,-0.0018328027724676987,0.34998807807542054,-0.06108582096660171,0.0011576697125046601,0.03864544014456799,0.8850221740735934
0.0017699689805518708,-0.0017008673917552869,0.3732218653048025,-0.06297272967378248,0.00034742902019931754,0.03755645197974065,0.8654451966678152
0.0017730766249075165,-0.0015893735563362345,0.3976179935545199,-0.06523132211327824,-0.00046693313226773913,0.03578972140363538,0.8457741521063908
0.0017650190088635475,-0.002180597958541787,0.40347653684283197,-0.06536421152145859,-0.0010444358538985261,0.032535656338817706,0.8456789892750254
0.0017664050733228465,-0.0021323316286387616,0.4199685240275043,-0.06589316885311396,-0.001492206006115485,0.030834975460850372,0.8329340406671044
0.0018330359291998226,0.0005265368832294544,-2.4148675950040293,0.062169614272500194,-0.018947569196128774,-0.0002459479296818204,-0.23715679809768314
0.002432586351787807,0.0006127989347005202,-2.238587966374138,0.048077056829912514,-0.02362173109295098,2.6663542691142254e-05,-0.03593496736691606
0.002762345102537431,-0.00044218092837211255,-2.1075191466834466,0.035846705817757264,-0.030339925444250362,-0.004874884024924521,0.14686913766675647
0.0032209820054242234,-0.00041524800545754496,-2.1108990736444757,0.035101019461163355,-0.030939098777819467,-0.005936689713744599,0.1524907612021144
0.004266622886091971,-0.0003687067535225187,-2.0988737772984076,0.033302662616524516,-0.031196679739937595,-0.006829800474949732,0.17579553998820047
0.005624835762814833,-0.00031928318569748567,-2.073391790507484,0.03362389249027235,-0.032236606287023135,-0.008301832963067917,0.18658370177962905
0.006196875072161352,-0.00021585682696486925,-2.083575723355454,0.02082386033534354,-0.043549983087093076,-0.00765572374663981,0.2604629008808704
0.005891531123182176,0.0011951260899287876,-2.06862036368547,0.016335170838455027,-0.05114098000911564,-0.010513469051844719,0.29143452963932875
0.005941907377681024,0.0014361694047526701,-2.0642834407981216,0.016332432197466027,-0.05512149477676963,-0.011389280980072011,0.3082095748160352
0.005679350626225181,0.0017243347999107862,-2.0612692406473943,0.015765326215686642,-0.05895254690194317,-0.010531475630480739,0.33922442373865264
0.00466204735142269,0.001403386905235087,-2.060832248772084,0.015168196049791522,-0.0622111107602254,-0.012714230894887074,0.35440249584852945
0.0033041518438358076,0.0013146494293359338,-2.080246084777152,0.015793453381217716,-0.06540607723836996,-0.009034566732043812,0.3750954345858228
0.002950293977393874,0.001284698780287342,-2.078313457023075,0.015677754419185334,-0.06792174873263282,-0.00834427089441123,0.3773869337345781
0.002874869374563634,0.001145506615594265,-2.0469361620818596,0.014714056041155863,-0.07681715559001442,-0.010583396388896046,0.3594807862838929
0.0024923748541654813,0.001075016744724639,-2.0444544689807915,0.011032850651947933,-0.07992024741119443,-0.010479950704187918,0.3766861508484699
0.0024241705299479365,0.0007169203393876671,-2.029859410307403,0.00981549362379009,-0.08530242922922865,-0.011412404109327656,0.3714869454686942
0.0021644148661622074,0.000627608414007179,-2.025924887917333,0.006887380690735074,-0.0948710867329325,-0.010500772823441348,0.3795881518165808
0.001610923034452949,7.239330229187981e-05,-2.055244020292407,0.0062678841543843304,-0.0982853212132716,-0.00866333803180307,0.42556951970361817
0.001363698086874017,-0.0006206497701409842,-2.0980953071537356,0.005648962962772384,-0.10756349264810418,-0.008494528988935992,0.5045743698215777
0.0011133212411300036,-0.001365563876726764,-2.012304494159738,0.00807691797095167,-0.109042088740637,-0.008587895931597605,0.597297106233602
0.0005402060564896237,-0.001254926680767259,-1.8393747904605107,0.0010728363575958637,-0.09305257402929458,-0.0033598678097367237,0.8558056825043528
0.00042712215127535145,-0.0009324734767857212,-1.543259451247237,0.011347164581479517,-0.07574973706530548,0.008298574441712284,0.9195442748539456
0.0030642905982145906,-0.0024214504855247757,-1.285298703913392,-0.0002624981628836891,-0.05499297596269171,0.0004177899532411311,1.0227442433553222
-0.027380371221998094,-0.0024427630440539074,-1.3440001299888984,-0.017893987588210546,-0.06737343666454297,-0.005194082333956442,1.076203939071822
-0.02931824412646577,-0.002377641490747605,-1.2695656782229092,-0.020688750375908744,-0.04695393071341854,-0.007375894390182725,1.1066934620484195
-0.029111307286534868,-0.001783136883652073,-1.2225020461414569,-0.019485511524484484,-0.04959544601869287,-0.007658041044260508,1.1304337150198338
-0.02925547815734851,-0.0017114033588242863,-1.2188659097793635,-0.01927610231693296,-0.04894413175580196,-0.007120135408257194,1.1397412378394844
-0.02961580598734649,0.0011236590640146295,-1.2098927414709455,-0.018839954917264073,-0.026414142986401046,-0.003743946877038956,1.1566760761143626
-0.03078416447554267,-0.0015737403843390613,-1.190788745097281,-0.01506957041013671,-0.027219648795753504,-0.003979269534902195,1.1541094145413713
0.0039925979711525365,-0.0013501821798977257,-1.1899619373118424,0.008853598949781792,-0.025575288352283985,-0.005076731176641645,1.1157152703068751
0.004040875390503316,-0.0011435863767800297,-1.1653585756351783,0.009666604653491093,-0.026294056928836847,-0.00492316208696781,1.114370865670394
0.00421563467841731,-0.0012317894383451948,-1.110122195827795,0.01255830688346556,-0.02656926425446728,-0.002195820978313922,1.103299677064215
0.00600961647246196,0.0007741095257194793,-1.0460250353765754,0.011987095989301633,-0.026618870818139212,0.0022279539557970986,1.0322688080700475
0.015107910384801753,0.0003478080984902821,-1.0746685950018802,-0.0322897554877092,-0.04524867390867487,-0.008068943514311125,-0.2359653482211294
0.009433456162877243,-0.00022516930373553284,-1.1999169202894868,-0.038996895011191086,-0.049409475015950784,-0.010736570888078077,-0.28417816068589435
0.016894736436888103,0.00039648085469153207,-1.097684951566679,-0.03320785714692996,-0.0437079911367174,-0.008302752689482648,-0.2188419653156629
-0.16363507923275258,0.0005244680535922187,-1.0808998328914916,-0.09434029466116428,-0.03377079068336123,-0.009378233332454584,-0.32486073958290673
-0.09000520198076344,-0.00031448965553651,-1.32992513922288,-0.0679267552272531,-0.05767602013466786,-0.02873589707356983,-0.3675964048185807
-0.0797520414005976,0.00010643030496274849,-1.4094363339539435,-0.06596661995833734,-0.062056168845691685,-0.029806507242700907,-0.3634200117453068
-0.0792917601114781,-3.226771436094447e-06,-1.4456739414617454,-0.06505497697083287,-0.02397624215965021,-0.026858788355188845,-0.3274276291770567
0.010334311103999707,0.00017939523925468795,-1.4901103546185215,-0.06096998872097877,-0.037934239692032516,-0.021957374996921953,-0.1723217114144208
0.008777563912534387,-0.00042862572862772854,-1.4564870872147566,-0.08894852343648774,-0.03484836129133482,-0.01677755581779695,-0.09745083482473561
0.004923265557041646,-0.0008089321337728455,-1.4021410509498493,-0.10892064065102047,-0.03767224565509327,-0.00884678865685142,0.014422396819749193
0.004398673947025979,-0.000891290552026681,-1.365739083296466,-0.11885323282731942,-0.03748943566785124,-0.004571356820522012,0.04413538510005578
0.005027031915036024,-0.0007846212272986637,-1.2884584056139243,-0.09466089444885573,-0.04091344546500312,5.114784936986153e-05,0.02815337361030459
0.005310398637444139,-0.0008315989763627973,-1.238426438926418,-0.08988472761060723,-0.05158893320425995,0.0015221959839723312,0.03551987892747174
0.004988547847149495,-0.00015231112816127388,-1.2369518882920862,-0.08832251320254365,-0.053416497291336115,0.0018906670427922723,0.05230988212534027
0.004599654481806117,-0.00020840505334393365,-1.2326496763115724,-0.08880181931625346,-0.05452298838236122,0.0025737082250519767,0.07429475467766068
0.0037207545169738753,-0.0004001835717583163,-1.183085519037138,-0.08903763522898016,-0.054036476097375316,0.007136858092138371,0.17160974654855796
0.00324502916388719,-0.00106134752594404,-1.2452718845256854,-0.07921906373945939,-0.05451395966406538,0.009314454889612423,0.2876901656349726
0.0034912343621811806,-0.0018712360864887845,-1.2630978437445135,-0.08113758203253915,-0.03765465446370443,0.011827280659446838,0.34515345827408955
0.0033430458307193546,-0.0021274828740805015,-1.2204595597120258,-0.06926071668548339,-0.033289267314941376,0.018406280890975516,0.5189804384240115
0.0036367962765383316,-0.00325911811155933,-1.2052727947460364,-0.078357747691933,-0.027623446274244033,0.012427843285555929,0.6227368672409094
0.003753460737535469,-0.007907247987874315,-1.0882949246834945,-0.15918231241930747,-0.02346480335783278,0.0066924892577117714,0.8428589489249324
0.0037514579471057655,-0.007880080118410562,-1.0873396173075662,-0.16732519088226477,-0.02294827451889522,0.003493157860751971,0.8630999849644045
0.0037616133287192333,-0.00801620791118048,-1.0351168249522953,-0.1620832390770837,-0.03331373398058959,0.0028552055585308435,0.9411009897258463
0.0036345729497619227,0.0026712093490754295,-1.0294708118743017,-0.15399627516079628,-0.03420891116462021,0.0034862797869578354,0.971431003290047
0.0036370563978345566,0.002557561494538263,-1.0312758166808753,-0.1545413112880033,-0.03417410566973713,0.0035094258192395976,0.9796994239258389
0.0033268786491615237,0.001961607288610031,-0.9938355934483107,-0.16695904389939537,-0.03327777910784749,0.007617902223972621,0.9978594164494363
0.003330035777862472,0.0019611857934648904,-0.9860412330596702,-0.16802698017366158,-0.033264754317339704,0.008435622516312316,1.0029986470031533
0.0031289272473711736,0.0008813279657478532,-0.961908529257935,-0.1724339099040716,-0.03135261079568018,0.013679415283083071,1.0125204444410443
0.003293850864417354,0.0009272495513426483,-0.9673116272601463,-0.1719183128617661,-0.02388545553114817,0.014105461488790848,1.0080974124732769
0.0032950963880949767,0.0009552685569409462,-0.9645163754866233,-0.17085732049519284,-0.023829057242902674,0.014096032302853417,1.0132123556648398
0.003605846029098585,0.0002190802745298499,-0.9345881902644908,-0.16793072909050213,-0.024066870821946102,0.017509505619713546,1.024109292783632
0.006379262338976875,0.03221785418417408,1.1757226431638328,0.12070881119209464,0.001629412513924757,0.033437326448630844,-2.115054822258991
0.0063097474457456245,0.03223503887140543,1.186981044676356,0.12004531064546863,-0.0003714749588909206,0.032748816410271775,-2.1229079955077177
0.006164740989981609,0.031796045603272836,1.2389769632292944,0.12267882088720673,-0.0050175587932783676,0.033113423671640184,-2.1611555367678164
0.006635057256146633,0.03279845061127113,1.2584903938182972,0.12548609097219363,-0.005478768842652,0.0348806112924085,-2.1709981303943224
0.0062086182642596185,0.032266536106771916,1.2505779094859306,0.12939869233964565,-0.007026286153190704,0.03008431743465669,-2.1412703446989862
0.006260605194205243,0.028280730541068683,1.2414899232222054,0.12845237627338923,-0.009890320528243197,0.025138434236796407,-2.1138290146054
0.005980359692615339,0.03229840372863221,1.212884744988631,0.12115787672700755,-0.06993195571842345,0.014345670495171827,-2.204959967537463
0.004277483495916307,0.028456506531377355,1.2140854801746759,0.07838183761334573,-0.058510159275141554,0.010416647426275788,-2.1713574865782816
0.003386356926914171,0.027671716519245302,1.2309634877032722,0.06261624596078694,-0.05610881346211111,0.007012174208603515,-2.1715400204078508
0.0015360926476346245,0.016131769503618675,1.2376003464229033,0.012470572399870686,-0.036171393780719555,0.0005333829934865955,-2.0623420413481397
0.001388500889563143,0.00873671028573239,1.233142554297003,-0.00853374078035618,-0.03236225756419066,-0.00177598651566439,-1.9925046672773397
0.0010983964086718142,0.009614465964604801,1.220877791950042,-0.014910257175640476,-0.03217661544058951,-0.0002299337974462233,-1.942824126826216
0.0011106650713459904,0.000871204544349138,1.3034496172867684,-0.007714400507553459,-0.043697774157081204,0.014409196171339633,-1.601633418394168
-0.029692846960036,-0.008011708315570513,1.398927930049999,-0.04999302905022444,-0.06309992716229573,0.02896146862225669,-1.1997315604098013
-0.036336993286960016,-0.010690822539681616,1.4381613374006,-0.07041600118346443,-0.07323337535340124,0.03042898766418892,-1.127453129196382
-0.03765903051683532,-0.010672937273298802,1.4606176667325526,-0.0786941650565545,-0.07264357820886488,0.0330794422543461,-1.0682439861246331
-0.039023094301133314,0.0073692840288334775,1.514908989898443,-0.07009298107480555,-0.060679013409288614,0.041781812692773826,-0.9807046042023323
-0.03937674789897829,0.00683053120219012,1.5515683505117541,-0.06551150156916358,-0.05975556465289932,0.03792909577964178,-0.9035366591024666
-0.04339816295049118,0.007901905404256586,1.6009567898912882,-0.04674516463803623,-0.05933276816749596,0.04281872068791458,-0.6262350007845289
-0.04535629048225696,0.004085494359248349,1.7175835069583703,-0.03306319645448785,-0.06640552769978061,0.03433478122389774,-0.3883652219824337
-0.04811125847106797,0.0011542716071866552,1.7623483319666957,-0.02820573612801007,-0.07446243069628188,0.024975971017252352,-0.3351798261339523
-0.048706174503392895,0.0010203694426368668,1.8097070066171006,-0.027068165185731345,-0.07717664625676986,0.019528685610069728,-0.35828719855940183
-0.05069223673599308,0.0001469296156682097,1.8911167108601064,-0.0257541750092507,-0.08439387873120134,0.010841604699240589,-0.3786000590984122
-0.05112729437613212,1.5244521577758072e-05,1.9178859728069213,-0.024230536669195557,-0.08462712530084089,0.00402101467787263,-0.3885646133510018
-0.050786894910023146,0.00025286442589611123,1.9565562107636725,-0.022068734166104755,-0.08437272752856252,-0.001689664689906142,-0.3886814683967973
-0.05265562997034761,0.002197625562203481,2.043099978614383,-0.012335275861723402,-0.08975379293288163,-0.00050911922318907,-0.4006092698984677
-0.0530522729382752,0.002247206066749416,2.0394326307705164,-0.006804863596228698,-0.0924345173644481,-0.0013879755010114015,-0.36806416486120475
-0.05449610293813817,0.003655359486292019,2.082676512095804,0.0023260468004459235,-0.09757003666248555,-0.00014371979675840025,-0.30426865301369066
-0.05769154078269208,-0.012272506264830957,2.1116265727135155,-0.00724204247748662,-0.09813980821021606,-0.003928285043598504,-0.35392187843409584
-0.0633728847952761,-0.01451040068015693,2.1611696074101063,-0.008558672632288449,-0.09843812080247312,-0.004427671876154179,-0.3607425090905727
-0.07309254785766069,0.004301958762908599,2.2002593882830146,-0.0016088500758442339,-0.0957868733519886,-0.004920956320533431,-0.34335250560516434
-0.07696244806387088,0.00599266189957743,2.3173713633603583,-0.025156918704961263,-0.07461541768759536,-0.010438890456246255,-0.17194995483435835
-0.07836590874840714,-0.01761010132693909,2.4086166174881654,-0.041209067370407096,-0.05226476471210788,-0.010685469981927516,-0.0399419333650959
-0.08073095156536905,-0.01942485920465839,2.462066825888582,-0.04491105593873014,-0.04198159778621091,-0.012895035186302748,0.025485434495484387
-0.07422897545104447,-0.019119659995975924,2.5121558254483367,-0.04364105953321548,-0.03421553778666798,-0.010325157879337582,0.045719983764660646
-0.06481884947110174,0.00468877175120503,2.615413895620223,-0.03194676304495834,-0.024815484340931036,-0.0017863294325964334,-0.03680669852672369
-0.04965963387420965,0.004589717442190789,2.567561651875685,-0.024520127326513527,-0.022926249838766125,-0.00046371192726341016,0.027082625941650867
-0.04582434150228452,0.004437439666491915,2.52876059897339,-0.023042205426460363,0.028341952310548698,0.004245912218514811,0.055827667381947194
-0.044779146138707225,0.0037300921200875384,2.5289377262333668,-0.021759846967221212,0.028279589976924705,0.004849849476914537,0.0650339751363831
-0.039901921062348404,0.0035811798852283263,2.505834299846902,-0.01756637904559178,0.02911729210095641,0.0054104504186401545,0.08857101467713088
-0.03826254254545996,0.0026687435945953165,2.493272499699528,-0.016393482081269763,0.02959637421515072,0.0062792035219494165,0.10302608944015668
-0.03511937702647146,0.002517491027591533,2.486330685073678,-0.012198784155422944,0.0321470337795218,0.00716911768227093,0.12661698559998094
-0.025448959847290484,0.0008806045362710267,2.50102506875596,0.03468568111920833,0.03565068288991219,0.011438312098011974,0.253105204950968
-0.01948669815548508,-0.0023152151067498956,2.6486940223722786,0.0697964294365448,0.035870744305323034,0.0117742656442007,0.5628561723993994
-0.01801949322050852,-0.004031025655138992,2.7299053036578145,0.08323112869462133,0.03611812206828598,0.017100417685762443,0.7525777124784777
-0.016761709330081996,-0.005431794559750918,2.9131533441234163,0.10497447753343898,0.03810792264881229,0.019366334223169034,0.9490390393409336
-0.016040545996236596,-0.00808946398516538,2.9675177593026074,0.07652733612636474,0.03610470823890109,0.022284613739442686,1.0768207615049066
-0.016273780381667453,-0.008806639258987541,2.9576662044329765,0.07417864597282432,0.029629445954434487,0.020975624624483085,1.130609708611192
0.001869660954569374,-0.00936083643347242,3.0332992234858094,0.10350605489770903,0.027093839908687186,0.020429620932794098,1.134613515099985
0.0018007745538174843,-0.008176817307312583,3.0848411508063873,0.15033259506619442,0.029422160318657447,0.019261703682983834,1.1674209699441
0.0017223382819271382,-0.007889858925423892,3.094374762292849,0.16119123824153553,0.03051059466316951,0.01974205314980594,1.1880931338574956
0.0017178776918500456,-0.007872096256074866,3.1026207627849067,0.1678319691812054,0.0303846804488065,0.019203604656366863,1.1946757779889798
0.0017488504928622399,-0.007866826194050726,3.115682731109338,0.16665953667512082,0.0302535178859942,0.01900468340575811,1.1850654969953893
0.0017629048774874556,-0.007866640403427539,3.1307747128382952,0.1631268158291713,0.03032685580517389,0.019063162511199994,1.1777664978890634
0.0018822823591622979,0.004749482827745457,3.1449563983064306,0.14594591771879792,0.03063005696088886,0.01941882293953003,1.1680003124107905
0.001882209280309727,0.0046719374546234154,3.1574229739279076,0.14585809865692892,0.030666765712483713,0.01963383698875078,1.1628426542653314
0.0018953572256985977,0.00453543620855537,3.1785984023486713,0.14261843104511882,0.030557262913449127,0.018647377783400632,1.1706873331766496
0.001863910539118746,0.0044843032282667426,3.197259652153899,0.14479073428128333,0.030971888787706375,0.018775048578442362,1.1554525551165469
0.0016111631235807859,-0.0020539442123749104,0.4948658472354355,-0.012906461419477487,0.0024415795061472545,-0.0039346076394790085,-2.208406032954382
0.0010633642748367283,-0.0016512509868782184,0.5947035999115011,-0.016062070598549492,-0.0031182075607272186,-0.008667505691346236,-2.1738101775874066
0.0006030964820142945,-0.001726410609543868,0.6196181228038827,-0.013204320599205602,-0.0038953670798035564,-0.008916652004641255,-2.1063663907533012
0.0009151565181008989,-0.0012277417769476604,0.6453854369871931,-0.01638900007292036,-0.013528339029501455,-0.007141780578297442,-1.9583794680471043
-0.0003244961273388604,-0.0010010972886242285,0.668639531135589,-0.02005536897010896,-0.020305431353913713,-0.01000873832428153,-1.8548360369288186
0.00010221070941026629,-0.004731930750367329,0.8172388332730502,-0.010429325861694722,-0.033333431004575,-0.005091282313787269,-1.7439322467755918
0.0009538854080341825,-0.0031891712780346727,0.9720313536754497,-0.025781295032848806,-0.02824946234375534,0.015916847300262695,-1.4096852347015882
0.0031578383795285493,-0.002077288743079384,1.0404589644522715,-0.03167593632270605,-0.024023895933747652,0.059426796815896216,-1.0281188291349117
0.003604845878467797,-0.0014629009474978168,1.0444023075040876,-0.030697800399063023,-0.020570417998791172,0.06416042273111604,-0.9609565077517118
0.003974270087108396,0.0007710740407860604,1.1104285026129002,-0.03493193491182532,-0.01674426644525556,0.06256066313227428,-0.8941684852968887
0.004798077053817606,0.003555981421608612,1.167135590393661,-0.03627172391747055,-0.017550919439326913,0.05532200340354317,-0.7990342088419208
0.004666039625181821,0.005164668752620222,1.2133991102057244,-0.04018576114937361,-0.016935590030712058,0.04796260846336122,-0.6967338050908607
0.004406938772747109,0.007611890523620152,1.236137227504356,-0.03871420236959492,-0.02649616236424094,0.042582942305731834,-0.5094243708190767
0.003866735355422077,0.003268642435771884,1.431051466779766,-0.030933177561141424,-0.04752119806332061,0.03944063829936618,-0.2866521757153177
0.004352640404780993,0.0009536857012958721,1.477986915677058,-0.030335682427770128,-0.051556114853006804,0.036394655309569986,-0.23687678549978952
0.004331800928301512,0.000995258041517526,1.503066358091097,-0.03114006913399684,-0.05464805475515794,0.0380085650222324,-0.23408363640088503
0.004295384230245834,0.001058062798806134,1.5200481575441998,-0.031158011668098916,-0.05485250960083614,0.03826306821547188,-0.23323073237275221
0.005346584156763017,0.0009958772809166795,1.5622052179485042,-0.03126846050846449,-0.05840685240065477,0.03401650597321249,-0.247179448994678
0.005057693062735056,0.0014264248452409473,1.5787758439261839,-0.02978805315110758,-0.06102276906871948,0.03014300390005039,-0.249786980257137
0.0052713283000224535,0.0009085185082166298,1.6091515592862526,-0.030620443496117047,-0.06373888654321462,0.027112978910535802,-0.2403543729931964
0.00560044371159474,0.0008997637842272304,1.598165588750912,-0.02790040067080371,-0.06486069405114889,0.026127412527518448,-0.20016459888784668
0.006404704909598056,0.0010485154640606368,1.5924695693126918,-0.023935352260416924,-0.06689271298280772,0.0250925815288683,-0.14736671639308158
0.006731273455212267,0.0009496000589173133,1.6258088093339451,-0.020681818135197316,-0.06226549705336561,0.024674784164459,-0.15498691694471986
0.007880378581157664,0.001089501843786779,1.6476184279397397,-0.02111041149077173,-0.06028880625967179,0.02203685040274964,-0.15362773737277868
0.010283382042921056,0.0010510772647788354,1.6754891000194392,-0.018171559458117943,-0.06173478598214419,0.01871268258674935,-0.1478377801471408
0.011676509728531759,0.0014101453008218752,1.775958382146175,-0.011859516122866488,-0.05693213730591106,0.0068206986765023195,-0.07270849184790797
0.011438742146075145,0.0017915247013238485,1.8653504210523777,-0.012782826023033215,-0.05418249636396826,0.011375787882999304,-0.04069861825237617
0.01224335526186096,0.0029363281167101834,1.9855512972237184,-0.018154654051250683,-0.05194832941398527,0.013994171598004949,0.0035069485934515823
0.011355910644672224,0.0038521225706130134,2.0637691516381445,-0.02408341226153044,-0.051487118253130494,0.01858733546020017,0.06008978968671231
0.010502567145135812,0.0034417444837773663,2.066552963795828,-0.026704336107384923,-0.051995837360292,0.017783444163992402,0.09385429033438758
0.007871929595697226,0.0029689641336704533,2.143903460480435,-0.0315595161634066,-0.055371184312973006,0.013628126248609568,0.16685643459399022
0.007342443232134356,0.002646041213450092,1.957828714645999,-0.022043610535127933,-0.05553819061785688,0.014392644714456549,0.11963784723909464
-0.05074837956049371,0.0026003120816830124,1.9874970085351833,-0.029906564630389987,-0.04607148580505397,0.015192455145859395,0.115458726302831
-0.04255338163384719,0.003137610404030702,2.009549336012599,-0.02987145885847852,-0.04552050166940911,0.02049189940757186,0.1585195610670532
0.005919471325913234,0.0025351206919430047,1.989820219143926,-0.026718484949084784,-0.04469501667659012,0.020552816344976636,0.17594859378443878
0.0056622805175715095,0.0020853287774131035,2.0520206471794,-0.028923048535643654,-0.050181031725456945,0.020516421514213862,0.2137985258250889
0.004097453056999333,0.0013831233655424817,2.1429222546347293,-0.03731203134863191,-0.0586721703331359,0.01135139054329729,0.32174666958637493
0.002769669649415192,-0.0005052280731710917,2.2231829935555023,-0.031935135724026495,-0.07280712413045634,-0.003731218756300186,0.5172083104675036
0.002889074443242217,-0.001375250375178298,2.2305588788492536,-0.029473684563694466,-0.07964228895151358,-0.016614190319816473,0.6159333418072555
0.0026876594712927884,-0.001518105577065012,2.204583134423763,-0.020966951923174895,-0.08815249648439501,-0.021601463942227457,0.7100632957758882
0.0027307378863400157,-0.001969385798180422,2.1884309140101936,-0.015584558860881276,-0.08466864316525427,-0.020670800830144685,0.8050668282090826
0.0027387261403166545,-0.0027422013155017355,2.231089088354548,-0.01849228263993148,-0.06843390699380841,-0.018984677832964852,0.9092852111154562
0.003032050653214477,-0.009618366867323987,2.4272290745376006,-0.050885267128352056,-0.040911844399162255,-0.0030021830194544765,1.0019057775119682
0.00272639231117835,-0.015878911457222925,2.6400112469018637,-0.08496285801871062,-0.012228781308168341,0.013094562916605875,1.1069974568765668
-0.01921795291903664,-0.014950519107637273,2.6423724513646176,-0.08960970684859941,-0.01295422769649406,0.013049077132076245,1.141371174276101
-0.019226926509076706,-0.01491535913037947,2.638390249374391,-0.09053618008966895,-0.012879990090649709,0.01311878595914688,1.1461097166872618
-0.019203691100552627,-0.014691513851326974,2.63803213237528,-0.0879595336105923,-0.012723879564835684,0.013182222362431835,1.1473184574410087
-0.016919979204191013,-0.013916688421168244,2.5911585210708217,-0.07783729121290828,0.031283376160974714,0.01641477015125647,1.1530850760828353
-0.0169918051853332,-0.011719343404429866,2.596364324458283,-0.06590842486508106,0.031182320057346877,0.01620714849543824,1.156439914656474
-0.016991679907300224,-0.011724474071197534,2.5949861839282797,-0.06620893417844206,0.031163297582031693,0.016253356450775792,1.1556511355464023
-0.01705977661116572,-0.01177464791549357,2.600591166793639,-0.06171252102155838,0.031006624993645447,0.01584085278141464,1.1583340681921428
-0.017759846073922628,-0.011781184982780146,2.6010584638034513,-0.059909613326249604,0.030456731340903556,0.015445488868850395,1.157732821792196
0.0007516397146847065,-0.002816662152084843,0.33082504349322284,-0.027505900847873896,-0.018053874612370985,-0.011477330950538907,-2.338097025522542
0.0006833816789864117,-0.003173290750548562,0.38727035856178393,-0.02990113368946077,-0.01136701692742344,-0.012077987829414544,-2.4011074709200266
-3.940355600884055e-05,-0.0027515624779421415,0.4529625186704261,-0.033703618763344885,-0.0073994985848871144,-0.01541887013495982,-2.4373997438481276
0.0007141541673580969,-0.002641787656359475,0.5384898456453868,-0.028139985964734125,0.0017224364848573543,-0.013930597298340893,-2.3848865915423287
-0.00018862293739507546,-0.0026622509158201893,0.6121917810541675,-0.025326190716573466,0.008718833743417777,-0.013492789789056655,-2.3064356507514
-0.0012612193340285761,-0.007555721278285096,0.7655039086904746,-0.02111701534649333,0.00018829850045223542,-0.01022801545173421,-2.235776897544107
-0.0018604222678498855,-0.00779603762587847,0.8749616945150178,-0.014947646920248884,-0.009248549709094351,-0.004496095003643147,-2.2354571349764285
0.0005441560072268397,-0.007660796988541757,1.0030262156080834,8.533306936063727e-05,-0.022248325738712466,0.01015302344094223,-2.124925691531817
0.00013265004521470557,-0.007671398506626361,1.0318311762919266,0.006069828216635288,-0.022790656606798958,0.007776507944810857,-2.105333485799885
-0.0001885453626113217,-0.006961605689172568,1.086154562145794,0.02247442060616298,-0.04297044056453094,0.010759847212806031,-1.9902301207120108
-4.2347146947942726e-05,0.01436796848523831,1.1502364496970598,0.03622935809378912,-0.04437774491289321,0.017646421655550564,-1.91155319624301
0.0003230068065862766,0.01601744905953658,1.1905207206131299,0.043912552204137444,-0.04536008133516331,0.016649932836115714,-1.8947477869949776
-1.3849716922557621e-05,0.0015485078571101172,1.303532735012201,0.047737946080544436,-0.02895989682976649,0.02633171929082973,-1.553698440411857
0.0022810096452969926,6.765887289454821e-08,1.4427198020592735,0.08323965678252397,0.026414494219447932,0.055742508779615806,-1.0046734649473368
0.003381551657615939,-0.0014838869438153737,1.4880415256814232,0.10658213489403201,0.0393609326449696,0.06490943220153787,-0.8532523353621361
0.003723840417185457,-0.00043935901343018573,1.5525705384920157,0.1064517810107739,0.04323281842378098,0.06348380296368608,-0.815023247250956
0.003465540094045599,-0.004614825755338896,1.5155507377254098,0.06789408955637516,0.03657011595877074,0.0639830488101241,-0.7883463917846846
0.0017809027456708235,-0.00792350564926748,1.4726319334179176,0.06118196594955042,0.020938706187249342,0.0619097318045602,-0.6912255679204761
-0.018776608896192336,0.006919845797626018,1.4858693724504997,0.05398332627004517,-0.047754866225054954,0.062164864972364724,-0.4889454302844302
-0.015450295720587374,-0.010841344977246007,1.4230380256666897,0.0355871265533762,-0.045642818663909915,0.05436412951725795,-0.27327789809807634
-0.013515930905134903,-0.007309863814554022,1.267713201886626,0.04389108418139273,-0.039283022381596325,0.048589630618281,-0.2813403347992694
0.0013744920805721168,-0.003184030468662704,1.4933608484109566,0.01533199065224406,-0.04712232206599512,0.052656365286185926,-0.21022081788125146
0.002416607706845058,-0.0024607294174610593,1.553105574298363,0.015809383192527834,-0.053218185602282156,0.04873288036444933,-0.22172399406341425
-0.015868712815801107,-0.0034541334810673585,1.5034760658371182,0.013785899260633833,-0.05745548776554111,0.051580326248745666,-0.21553213132301574
-0.0160562336317431,-0.00337600444863218,1.5145941670251493,0.014502490375096155,-0.05751037128903123,0.0494045308374419,-0.21300706502179556
-0.0150397983093205,-0.006037749835064476,1.4537405154823146,0.012240722149838927,-0.05624627174508081,0.04534382014457778,-0.21230534104008908
-0.015567243416974338,-0.0065132001250764225,1.4198851287210916,0.008476930566643403,-0.058106026220440365,0.04416415937597778,-0.19024974116672644
-0.016001561222404363,-0.0074335065644640305,1.3597846778174794,0.007538081227076512,-0.05748007916856553,0.042512688578012346,-0.14850458602346217
-0.018562013818216604,-0.007815588661766753,1.397423290442601,0.004808433847451637,-0.061985973555685386,0.04273905266891329,-0.14645652919578225
-0.031365434172535164,-0.00730886386869769,1.4953020107116561,0.003445604293682076,-0.06709679037308462,0.04032554793571255,-0.13200861212383277
-0.047451329340170066,-0.006089721363433776,1.5971504891082822,0.004381026635496043,-0.0775705572988973,0.026499071577095693,-0.13692592674839607
-0.05473125968910678,-0.007678654675142127,1.5828356312567828,0.0016041041450926296,-0.08800355067294756,0.014731507609102806,-0.08101675836176576
-0.05631405215280121,-0.01104121627740217,1.552009976562346,-0.004214791806272281,-0.09364194823359279,0.01020639473312221,-0.06352121630720248
-0.059919230151269175,-0.011931552766700628,1.5571420729855778,-0.00599242476334314,-0.09787480477288084,0.009061522874059492,-0.040296001537905184
-0.05553339525659728,-0.01259684158140826,1.5513715972536508,-0.003275385857070989,-0.11323943271179969,0.007696630306181218,0.011806794451680116
-0.04992850994556241,-0.012055702213546009,1.521943888659846,-0.0033173353200738544,-0.11631587712170964,0.007889557583322658,0.053500379740621655
-0.044022063490042944,-0.010894501546048856,1.4750268978139394,-0.007917383340466289,-0.10543291263038955,0.009195145435742957,0.10642197278036805
-0.04106617095401669,-0.011382480123783175,1.4763966672435669,-0.00859172611704324,-0.1117743444039251,0.010141703952138037,0.11894436176115432
-0.0456480558331785,-0.010583240782297474,1.5252171450204135,-0.021467992814852746,-0.110950868636518,0.01244854590123274,0.14258496652825736
-0.049762634234729305,-0.01017717342171344,1.5538517918529406,-0.037999687809146164,-0.11244641244999991,0.01063752962182678,0.1588553734208514
-0.04760724190007351,-0.010141791451100952,1.5539074905627572,-0.036621529875254494,-0.1146526166741566,0.012559065727071012,0.17095638634461188
-0.04094189595633306,-0.010382540436034312,1.5863055856974568,-0.03200861540024299,-0.11075249183157779,0.016145667896500602,0.1907765860066119
-0.027326988245060087,0.0018999190176788804,1.6771367395453716,-0.02465640073830554,-0.10041294646261885,0.02741944029418137,0.2833217100107655
-0.019364007518017284,0.0008325277643872704,1.8569311459896845,-0.026712420099327894,-0.13173884326144247,0.03012684837780632,0.5147847345468181
-0.018991108259128277,-0.001084593245020537,1.9221861990326692,-0.024424496483130217,-0.14571159916583867,0.021754803911444437,0.6715751467448968
-0.020945453136008693,-0.0013861188870103582,1.9417346264518789,-0.02932338387591783,-0.1380212916930746,0.011601220386690208,0.7634372143946478
-0.023101355121924433,-0.0015870044208414532,1.9840002914425847,-0.04001801361380401,-0.13089905898538687,0.0018493371043343107,0.8574144191833567
-0.02344852318225106,-0.0018905310050126303,1.932214958393341,-0.03949921437811574,-0.12932104008985498,0.0005591053092155354,0.9280084428764286
-0.023344037491816336,-0.0017728194299252381,1.93683983013403,-0.03728797724544045,-0.12963924622998493,0.0016284470460696903,0.9327479915999976
-0.02471799574894705,-0.0017374477654962608,1.939183651158772,-0.038737612455676536,-0.12783276696405088,-0.00013918329795858725,0.948083434863835
-0.024726785472037056,-0.001699489725325324,1.9459117999467652,-0.04103144025984063,-0.12588888307895618,-0.004071899270384123,0.9545223380631693
-0.02367783128269149,-0.001694414356368261,1.9202130463895732,-0.039632286918346554,-0.1296284014299441,-0.0007539136188634668,0.9645944989459596
-0.02345129648393892,-0.0016897035207002066,1.9156569943139856,-0.04113975238293417,-0.13142681496023284,0.0004953064206916269,0.9659115793374562
-0.02483448669407956,0.0008923486441395547,1.9225886601709725,-0.04113409731570412,-0.1302132857122299,-0.001230474834113976,0.9680334155314856
-0.024847004792095728,0.0008632322688769502,1.9210623124356239,-0.04126903588980733,-0.13091729583251588,-0.0009959462277812471,0.970205817828166
-0.025439968483606364,0.0012759513653704893,2.0192122137688346,-0.04642709303936305,-0.1173729629785849,-0.005943650002645344,0.967359220975644
-0.025018828550363192,0.0012199510282907583,2.0405583868484745,-0.04760560572753996,-0.11905693208215526,-0.006422445606288539,0.9623907802545378
-0.025463589990759823,0.0010824852445935169,2.0236538712098935,-0.046788313860527314,-0.12415394157480206,-0.005859576192617901,0.974620006112772
0.001799100318208598,-0.002072624594557454,-0.8209356236653357,0.05335739188201932,0.021808753392512335,0.023911146556454134,-1.7511828756372128
0.0017755565648213904,-0.0018344947914784647,-0.7818042313995456,0.06374135107062714,0.018026829365899506,0.05007662032602027,-1.6223662272069828
0.0014832011835881965,-0.0019274838999502443,-0.7710842699864634,0.061866606038137435,0.011389232883604066,0.052732804628081324,-1.5597224574746562
0.0012567356169859475,-0.0017708327490982823,-0.8134675089011251,0.061436995338621334,0.006590938831780193,0.06534049803771105,-1.3447181064123752
0.0021486358947548183,0.003794175446135216,-0.6451777139357189,0.042029015782586915,-0.01399408798182169,0.02842262673138458,-0.9175828464625314
0.004373543424734284,0.00685623840199074,-0.4270431883847743,0.04625493711158221,-0.014982700358751459,0.044913360994011386,-0.7277369559848665
0.011909921241631614,0.006693037872500827,-0.2739094547897642,0.04958681951063362,-0.01757309507516101,0.04639445334399108,-0.7720544880839323
0.016323504878190995,0.003604687499961209,-0.21347738351264384,0.04853436823241164,-0.022753624849714067,0.04361961663378105,-0.692235066494079
0.01471963945837738,-0.00879979959899226,-0.03309253530307163,0.049465088891135635,-0.022410026047095213,0.03551096611605959,-0.618417158337292
0.005876918885207456,-0.010906417426398262,0.06330103861455928,0.06357439440511378,0.04870926927215605,0.03719970153035294,-0.3768910210031129
0.0035027696426676268,-0.012606796645642574,0.13836935372745662,0.22124609261509287,0.07753427202196018,0.03745680118923253,-0.1971642855512808
0.002212826966825881,-0.012144909756745138,0.1474106707796317,0.2318827411186839,0.08163513393507264,0.03744066130185815,-0.16131798702239322
0.0009150330170830018,0.011625466203146653,0.030119825027574123,0.21000004055200466,0.07446893771209147,0.03837665030536444,-0.2119868679322189
0.005628433386169562,0.0023282331745087437,0.05840172548050764,0.21815916478053746,0.08226100177076222,0.038956101459065015,-0.17151326457963587
0.004421659945285461,-0.009158785025880656,0.05311992119730973,0.21757490270997168,0.08204271331329162,0.03868726615676968,-0.1753416405157665
0.004901636585689545,-0.009208491554834159,0.05447047544046025,0.21640267224226545,0.08160973889028962,0.03871753641071297,-0.17554753023360334
-0.0014850361671304945,-0.00917908152501074,0.025577028144580016,0.21085830930352464,0.08066978987355104,0.03847540352965342,-0.19031046515043465
-0.00016002389707930477,-0.02082465283854787,0.15540162569989494,0.21237442244225893,0.0801064907552198,0.03643863685732701,-0.11958379248572006
-0.012019045946600193,-0.02037235103494886,0.10757802205380851,0.1856286566922658,0.06897746678353156,0.0360036083776468,-0.10146237431592395
-0.10252654650806078,-0.013903222342403631,-0.049815594409739386,0.09951840853372226,0.0608078730572648,0.03477382136419992,-0.19883561875274863
-0.03915327606341625,-0.011195318442366906,0.7503348149390721,0.02419970422429385,-0.01331067386592962,0.07537659475079306,-0.13547677138921732
-0.7149162988584167,-0.006631731140756641,-1.4596195690162215,-0.2919861653580189,-0.09132429635254669,-0.019527549328368903,-1.072038310975753
-0.8250877270935659,-0.02945773644996999,-1.4321015881421695,-0.41366684063019354,-0.11637419117990537,0.005767061542330889,-1.1522596779881844
-0.7484157200917436,-0.051243306998105094,-1.351199974124962,-0.44815048977121563,-0.16394052282558694,0.004907576496286203,-1.1973497267740705
-0.753711109302519,-0.07218665524278768,-1.5164372945442137,-0.4638418409145517,-0.17135716164528628,0.00916108523525014,-1.3733018604600586
-0.7255842721339497,-0.07225548340473363,-1.8280600946217704,-0.4182537928386522,-0.25029792669008705,0.0014456629550318697,-1.452178272521214
-0.3583541649526656,-0.045680154015055624,-2.562886560708209,-0.1703635992368731,-0.24130977899235692,0.030020175533160696,-1.4655853331105135
-0.054460890558495026,-0.028360816287768084,0.3536837630895886,0.005738634442154017,-0.0906029436978457,0.06954934390549752,-0.08785474739335326
-0.049965427398995316,-0.011048130150788673,0.8023774486162611,-7.056652931779329e-05,-0.048760684174213115,0.04711086236506577,0.13277430422286443
-0.04720586897583135,-0.009658759444843588,0.8614666466036235,-0.0007541137204461516,-0.05295632682683433,0.046587275742126684,0.10594624989202837
-0.03562328770255328,-0.017309497593056247,0.9904792581728238,-0.0036728167623334344,-0.07351676788104758,0.037566399361267704,0.11333197205962837
-0.034319864737032496,-0.017410825501707448,0.9839344612937369,-0.002320809544035678,-0.0753545609952074,0.03791181543689161,0.12443104642893321
-0.03197964252328931,-0.012115202974612604,0.8711736236169942,0.005055448657486407,-0.06506184149179253,0.04127168016094234,0.13934865276374345
0.00019756529744053842,0.010499792844069704,1.1075574996599227,0.00814111557462674,-0.03953477070011607,0.025654992328052493,1.0651927936022172
0.00019491748165119507,0.012715668567344528,1.1257971027272653,0.009216518059621943,-0.04152856373977918,0.024124026561299392,1.0691520034204793
0.00015832583641077377,0.011445910444564885,1.20933765014614,0.006672928507108261,-0.05740719013493986,0.025643325429708767,1.046693858402706
-0.00019473109509211042,0.008622169899260259,1.260727145675997,0.0013418625189534359,-0.06506433397134416,0.026800292233805083,1.0182953537367228
-0.00018916696426194514,0.010905758920895143,1.2708102537627726,-0.001007261070775737,-0.05018217621077531,0.026535336129508424,1.019484348861011
-0.00018339097803861344,0.00907885247376235,1.2802622869074793,-0.005650711648416104,-0.05849274062187363,0.026882111825520354,1.0079885354688256
-0.0007891784216049319,0.000981327061897973,1.3044393751506578,-0.009420673436894417,-0.10319425914273317,0.026349424228579055,0.9586693495710377
-0.0007446686906902858,0.0010440655454798347,1.3001624310074509,-0.009514026429045249,-0.10113473290106441,0.026458675681100812,0.962755311146376
-0.0005337383276915128,0.0015217517644162803,1.3250216416924152,-0.009775290681649729,-0.11930595988973046,0.025951231192823606,0.9605460673121352
0.012511839307140732,-0.002483256831966709,0.1881868066875986,-0.005678149149048876,0.10455257926292061,0.027697788517185993,-1.6134735377788991
0.012312984314437352,-0.002170328002354621,0.188646345253186,-0.001995362901982713,0.11029563724084909,0.03157440295622163,-1.4989381839585292
0.014113337109168293,-0.0018658300461211641,0.24408609135780215,-0.00013857368656743953,0.11649972202995279,0.03500304486670556,-1.442451014453173
0.016790529474841345,0.0005648847675964798,0.21115920471117194,0.004510533910298163,0.1035290293008906,0.04101349421514867,-1.1534780292314173
0.04826896158316475,0.0007858741486886428,0.23819593866620564,-0.03310886192216106,0.05840986800617722,0.0455462948412723,-0.8815522282605017
0.021593200329549138,0.0012833277685577549,0.4877309971901033,-0.020787001008570914,0.053364344441036694,0.07745430316571907,-0.8925894294817471
0.018094294479315674,0.0014676491312767936,0.5323150714015626,-0.0212934851287825,0.04693922683086379,0.07734171945755967,-0.8477053422583046
0.0064051347816827245,0.0030081313601433147,0.6397782718485817,-0.018501017295614847,0.04293693188669887,0.08689982275027228,-0.7266718505852869
0.0062577092866750285,0.004500027737593389,0.6438599193861553,-0.013878057702042956,0.043181456396467276,0.08676066828536892,-0.6452319541969329
0.0065476988448515995,0.007800711787040485,0.6106798737121405,-0.0027843732204113282,0.057530924354392804,0.08411099483639156,-0.4771423184241131
0.006732141694817168,0.008000143307832799,0.6378982111548809,0.014629286716606264,0.07519925353398262,0.0871811668403257,-0.31135721653741527
0.006830840254014578,0.007140994894099128,0.6606433170045559,0.012932984787977527,0.07568925419092062,0.09127202511547455,-0.2701332477311344
0.00678448046352333,0.007905474620050857,0.7139345996435249,0.014255130947212273,0.07439492983122228,0.09587834201916266,-0.2577526741908354
0.006775771318468463,0.006557411090464658,0.6995650880335391,0.01693661725876732,0.07514167169156524,0.0954986369561131,-0.2573218356151272
0.0067442249910306985,0.007367172287803237,0.7912277059357766,0.012616246804376634,0.07872416990638795,0.08871028927565422,-0.2443307096803191
0.00670852903736379,0.008437428388335503,0.8337069345520962,0.013790795070125409,0.08386564304455592,0.08415581411594741,-0.23426071520370081
0.0067223496975946425,0.008466341616171935,0.8339508843740118,0.015190254334240585,0.08536847097238308,0.08447942357758742,-0.22312994234767494
0.006804270124660306,0.009644275812724618,0.851021279426282,0.016680334634695607,0.09968212122749388,0.07773902118318739,-0.17711535937353035
0.006825819909762389,0.007658347257537059,0.8383777074370473,0.016417506707045428,0.11798652611660168,0.07085053830612299,-0.11076334330465486
0.007013671396159299,0.007541719768825607,0.8627437879821835,0.016246313162061092,0.12827248566219965,0.07042669007649169,-0.08374206590147185
0.008048518606618576,0.007440650484950218,0.8854361985795933,0.017484379359395327,0.14365604835555607,0.06672075027529976,-0.0452999498047781
0.009637473360792344,0.006050691866637142,0.8886555603809201,0.018472600966043515,0.15345875466862108,0.06421167366524257,-0.025176693417907965
0.009736350708860347,0.0043533292740763905,0.9093225337103207,0.013662434048753818,0.18166405043374512,0.05533564628991925,0.055255045010671466
0.00962734000388065,0.003112356480353859,0.9482176726273825,0.013561687950656307,0.19216289348443263,0.0527443623191186,0.05434035012329795
0.007915238093520054,0.0032153384608826995,1.0202256301762123,0.010410569044718918,0.20689105670224314,0.04351361314632702,0.08101425193930399
0.0034007917101989264,0.005889984062375602,1.1307188639553118,0.009906018704918034,0.23908889005374145,0.04535504155032988,0.14210223765752814
0.0007309256138379766,0.005833436122865351,1.1585437518839241,0.006877547980812561,0.2599621309781439,0.04035473918406078,0.18126361302006233
-0.0038527145485475933,0.007416248007047608,1.2035707823856427,0.004592448540129893,0.2889330266745339,0.04211666544835947,0.2541374412362671
-0.004516835773039134,0.007422259701306373,1.3662590832791808,-0.012655515407155123,0.33242268024341093,0.03874010478345573,0.2912208925638347
0.014316322101097104,0.007449980713390642,1.4717894813656875,-0.011692443844333674,0.3274748882513016,0.04674653014469704,0.31189953046274993
0.03004524257403724,0.008200906589816597,1.5472296967470132,-0.013774707701084013,0.29941998432335265,0.053536388011941424,0.3383684611445664
0.03336656429728068,0.007745626215747912,1.5546327813193417,-0.011101007521363332,0.294704671971676,0.056602729216671054,0.35274089558861677
0.03871172998882586,0.008487820012780208,1.5745063178049674,-0.010662461059198042,0.28900844680647303,0.06171804305309793,0.3721539773651331
0.04911768807261726,0.006114316337164848,1.5384670418543953,-0.003912467174657151,0.2909625012999777,0.058735328550824875,0.4515349956453678
0.05444693438465618,0.0021956674775948245,1.683372391877102,-9.092823246691586e-05,0.32729032694884463,0.06263821379214358,0.6698348755667611
0.0704975043792895,-0.0008846270377416353,1.8146006713160892,0.0008556977043260571,0.37651527611800123,0.07387889936455976,0.8721291407821207
0.07328852102971567,-0.0013879567959240154,1.7837800256797922,0.0016348206178651988,0.37578690261376135,0.0737360886221643,0.9536073536228113
0.07439523968502043,-0.002260942837786204,1.753228685096558,0.0037114040786518096,0.37248081048712395,0.07558993616523206,1.0352492361275152
0.07466982514395043,-0.0027272181834784985,1.7279015453767197,0.005050438541729728,0.3517823821981347,0.0769517319892921,1.1093793620924943
0.07413224732509127,-0.0026374298073334117,1.7042284092927946,0.0062470488408572465,0.3467012671188766,0.07749925707277998,1.1171479690079082
0.07548299274666365,-0.0026224341952692004,1.698648487621838,0.006726288555579366,0.34789700070295865,0.07737219901817903,1.1333154480303982
0.07511173037136298,-0.002617134156799521,1.6893070053018144,0.006710894793753535,0.34738220339864545,0.07710041519470727,1.1441095252667537
0.07524334093723056,-0.0025879166066992616,1.6860382883897143,0.006844692240270338,0.34502258510786055,0.07719890863256705,1.1490600837794027
0.07611884178094505,-0.002583343120949907,1.6869125450406937,0.007452881970890973,0.3457432612178126,0.07726719886082069,1.1495562498505456
0.07274494080404734,-0.002668417345328061,1.6948836605956028,0.008760210351475112,0.34345932395506906,0.07605221421164383,1.148119298191814
-0.013802255908381151,-0.0027662975179899305,1.764508760300004,0.015537924122526511,0.2648154070153445,0.07364813365018225,1.093326589497337
-0.012918963874726772,-0.0027639306471239746,1.7852474728234833,0.017517140806713204,0.2653722683997034,0.07295703625555994,1.0942308773614515
-0.007232194109887213,-0.0025959909532808894,1.9302830670144153,0.0323060072704738,0.2883084430082344,0.07227362078702096,1.104992551389017
-0.0010049458607330908,-0.002220154031023768,2.0685890393062647,0.03365430168298545,0.29140431800288585,0.06376550784035034,1.1262042857460688
0.007378269717937136,0.010775817257525747,1.2308122192481017,0.03990621028183737,-0.04550456442857382,0.03364115719205783,0.05640346126916487
0.0060289586015464846,0.010401235469579696,1.3674480742499342,0.052817772006202426,-0.04943323876905257,0.04254758640086538,0.12257842700358525
0.003797552436872739,0.010202047187900385,1.3767663240522592,0.05467312744848807,-0.05172495883292296,0.0457461190094796,0.1752188192625129
0.0033994679880701532,0.010741454287146231,1.397211154947982,0.054797964121406736,-0.05310682829344655,0.04693758533935344,0.2022256027616706
0.0024496940944341056,0.010166202337833687,1.418042046877024,0.05502325561112875,-0.05333812954149699,0.04876367328187846,0.21780673296653544
0.0024948576813974195,0.009201265538237266,1.4900785522801117,0.0498439853819333,-0.05333502068310525,0.052828309219709664,0.262340525082383
0.002120717179815252,0.00915719674315084,1.4828419573812845,0.0509057812580498,-0.055599954880127214,0.05375313251646258,0.2727302797433184
0.0012424303772391987,0.009101102817968176,1.4785219105000627,0.050441991124786076,-0.05812882580053076,0.05431070176649843,0.2875904906409512
-6.145068758779203e-05,0.007074744347843906,1.4526796127196957,0.04410002231904765,-0.06675602074512345,0.0544731027429528,0.3361540171892947
-0.00022419460770363407,-0.006945354315779472,1.4931478171997632,0.019557445612497858,-0.11086340273769008,0.04359591743784959,0.47116328478489444
-0.0017149211987177039,-0.0007054825129841662,1.5199715564927394,0.00890125591571077,-0.14994284206945738,0.03501444842051585,0.5953689239831151
-0.0017623149765577507,-0.0001234004918321162,1.4715917069208524,0.008515156719259469,-0.15727845206907395,0.03444083537511174,0.6820586181933469
-0.0017151816785529147,0.000861847467088651,1.4294980012412601,0.004940734351319692,-0.15757743768861415,0.033931098263971095,0.766219618621367
-0.0014236780556937227,0.0015766531221474821,1.423272357103747,-0.004505329214688321,-0.14934459523190163,0.030707577768219068,0.8651389976116434
-0.0014247415298394514,0.0015842414959412014,1.436726053182239,-0.0034125771891919724,-0.14238692512704704,0.031547435673329814,0.8878637828019841
-0.0014317759536604838,0.0017480105605123652,1.480724555817346,0.0008151495572226801,-0.12596556092922948,0.03188983739292678,0.9259663570024491
-0.001589377699363715,0.0015171017276357662,1.5330973285865739,0.014422851984844765,-0.11052905355636813,0.03189773572970192,0.9582178163742685
-0.0015025396589570647,0.0014507913028818974,1.5531648388102697,0.015975624187226395,-0.10638223770543362,0.03215984692476956,0.9689961688514019
-0.0010986432872214472,0.0013339337151143877,1.5679538711123282,0.01684318602344812,-0.11239028069296336,0.03254355853866288,0.9731682039678926
-0.012055722276057938,0.0011123679040641531,1.6523036438693943,0.01583832864029973,-0.1357749869946752,0.031951077117156335,0.987518666093498
-0.012117881445513873,0.0008092969654811997,1.6822068102322703,0.015948519065792213,-0.13367399701724192,0.030420295908118816,0.9782042267830954
-0.013831727400070267,0.0008537753134872466,1.7317244421789648,0.015512615310050168,-0.1322356625289225,0.028546812076865293,0.9621776702826258
-0.014880049844190578,0.0008045669642884657,1.7785742005278113,0.020236504878347966,-0.13690407834909457,0.029248804893792068,0.9706007342023703
-0.01538600082833166,0.0007607698596299492,1.8120267202478595,0.023838212963666547,-0.1341658424298001,0.02949807064255992,0.971468465995175
0.005263394591785917,-0.010454128541928037,0.8214615300830674,0.0010875613701321202,-0.04295042113445465,0.060874139916352286,-0.001369627476473398
0.0052764586695207925,-0.01036987861057798,0.7938651466648983,0.0025522731361106352,-0.04322100671341719,0.05796389268304558,0.025343318650303266
-0.043425438610420544,-0.011877701051443573,0.7681611412144985,0.012805643049431477,-0.048001417643959106,0.06007437630013692,-0.014431950456388057
-0.040405726511378526,-0.009120305594882718,0.5067991222071728,0.004347863660984172,-0.033779684892547415,0.07124254471071352,-0.1036913455675437
0.004203927996491406,0.0027479528108426718,0.417598248088471,-0.013728531166595974,-0.03323023786003371,0.06523470071041891,-0.04133746603524234
0.0028412936707368263,0.0024062576092803594,0.4475923870151883,-0.015094872985531064,-0.035603204278643635,0.06695753630870495,0.03223203588864074
0.002545855486310278,0.002634449215823407,0.39631594160424755,-0.01788186891120249,-0.03561593768569167,0.06689934307470531,0.026293644107328193
0.0024491175272331523,0.00231433270140939,0.44149530801287645,-0.020048415834584707,-0.03711430861971196,0.06570360345762775,0.04717534808336642
0.002041818124243355,0.0038946333590977743,0.6665111973701251,-0.015911175112313828,-0.05063227057322256,0.05010948636040129,0.1556344045385916
0.001940083246261233,0.004021084764948283,0.6897804347476484,-0.016894450377168534,-0.05102245295959201,0.04970523143385926,0.1685477169852827
0.0017020564340024323,0.0034505868767491887,0.6998759173544464,-0.01553547088524414,-0.050886836485598747,0.050840899049230656,0.18682993235767104
0.0010990002825300826,0.0012228509807044826,0.7541308616292203,-0.017383471424894038,-0.05150104502328121,0.05197345196296504,0.20037591720411074
-0.0005179721773077549,0.001314500318556345,0.8533330604443898,-0.016531313481834533,-0.061895664165885565,0.053056770330051004,0.3158603024791352
-0.0005960951591275113,-0.00555182058148238,0.9218949543173531,-0.0117617653174669,-0.0678523598493167,0.04547366170413221,0.4312648788222384
-0.0007842447609262258,-0.006585342584600313,0.992548690566804,-0.007809704570513097,-0.07513332772160987,0.041636908154750615,0.5848043316872509
-0.0005505464646706752,0.0037423086525503212,1.1184904213713378,-0.005806949448796087,-0.06634620664556175,0.03828031852056794,0.8151745676839351
-0.0005578750454908688,0.011058175766883624,1.1488845374923962,-0.004807578760203089,-0.05658805671217254,0.0322042494565566,0.9738905760017729
-0.0005620613134676152,0.011287851090604603,1.1457997763872305,-0.004277906533920678,-0.05656484784115549,0.03202272368849526,0.9855518826966772
-0.0007466755159324993,-0.014473644480064867,1.1886684424727936,-0.005237530032840046,-0.0667677346609781,0.03605310350268683,0.9713173370148754
-0.001116112411478534,-0.012771418169413217,1.2377700649498287,-0.006714179564181116,-0.07381485565720061,0.037369393099662966,0.96499340305899
-0.0010949763180990557,-0.010324546426156688,1.2604158486721675,-0.0074900664989122154,-0.07778683082690172,0.0385171895650061,0.9723572280054912
-0.001132719837022033,-0.005889645417917942,1.2861334715386568,-0.008984008720754035,-0.09063372914862021,0.039664537327421735,0.9645427671662771
-0.0012955843997212405,0.0021064246655832586,1.2881478097778796,-0.011088804028677268,-0.09845000403148557,0.03975813630234346,0.9647473057004502
-0.001225680531404908,0.0011408710508461534,1.2925947981447268,-0.011062245341453223,-0.10475706352043046,0.039682277551065064,0.9509985722028418
-0.001497648282560829,0.001264405151515685,1.3023463257663568,-0.010788151958158515,-0.11006833536888094,0.04001046110125036,0.9428818461926117
-0.0013365859983077773,0.0015789576129809407,1.3246233925622937,-0.011655144313686614,-0.12804962568480366,0.039313731932533895,0.9446317695031896
-0.002448791989824904,0.0017920274499574815,1.35605432235948,-0.012194126061675078,-0.15126525239873417,0.0349864494799615,0.9350973180970419
-0.14803180221156323,-0.0031858190370279414,-0.24073916134993675,-0.07346009023736763,-0.01457513002268177,0.016495930535265036,-2.038389171894487
-0.14552708533894623,-0.0028186116737512774,-0.21719927181687768,-0.06670871410681276,-0.012985786046939013,0.01749630955379666,-2.007807840760167
-0.1365476911919203,-0.0022313461180432023,-0.19683134355824375,-0.0568801373417251,-0.014831298096208586,0.019713898806057988,-2.020990976910772
-0.1279530437285885,-0.002102001027249175,-0.16603493771762337,-0.05805209089608529,-0.01446592611318092,0.02066498777454449,-2.0477685534073378
-0.12033627771748372,-0.002134424134259706,-0.13520323536718898,-0.051357989922937185,-0.01447579271925426,0.01962676248450994,-2.0277571239781107
-0.08824761365773492,-0.0005211595648197075,-0.19909451824020538,-0.010685853333182808,-0.008425286410672257,0.0156552813867431,-1.80773450429106
-0.06888683146060445,0.0010296565153111068,-0.24494978897291186,0.006699401528178667,-0.006737641751797716,0.016757364483045534,-1.6610414222868926
-0.01756293019032881,-0.0014692058340711393,0.4893884253856188,0.045238572977660305,-0.004816615698161335,0.027602407320182352,-1.9418983970538963
-0.01604938661365838,-0.0016378204824269902,0.5342171528072097,0.046845974451365416,-0.005747800004096551,0.031611672269419085,-1.8989344541005058
-0.01743323789641116,-0.000556835556116255,0.6094357033445109,0.03308629701614941,-0.011516538654823258,0.03889515619838749,-1.8279138275388398
-0.01648380822768305,-0.000550579946966287,0.6872768651994566,0.022094639783499275,-0.012042261143664253,0.04415261569062721,-1.7133722216938645
-0.017316199996771163,-0.0009192987365745721,0.7134384487506487,0.007576022478905611,-0.00796959238179195,0.04175061282513331,-1.6407232327737467
-0.01927405122499524,-0.0013773633196025013,0.90539646488165,-0.01989845671403714,-0.03171291323493481,0.054081818387872925,-1.289370956484102
-0.03241195455776852,-0.0015475089188343174,1.015872039416522,-0.03322921923546865,-0.026523857082906842,0.08130589365948253,-0.9524073493507579
-0.037098269361591045,-0.0023199186971326765,1.0925186046599153,-0.04172303747377641,-0.025285955529363663,0.08424275746754807,-0.9239853641171385
-0.037668334151148966,1.2110110771246799e-05,1.178088648996553,-0.03111006541365413,-0.025404167999273627,0.07995103685415468,-0.8755206579640155
-0.039773090157815265,0.0037694799328852114,1.2738158337301424,-0.0167725832994075,-0.02604612734992954,0.07401067219903959,-0.7698583244769258
-0.04044870013760916,0.006632039198763771,1.3859989213777177,-0.008509344149262138,-0.024744578819942395,0.06710436115188168,-0.6488808070932292
-0.04227203344860879,0.00938261770269022,1.495951855347432,-0.004009002902023753,-0.04083063338296551,0.07215565839028672,-0.48773691246617973
-0.04171911917614454,0.004932018388012554,1.5452809350769918,0.010976851530218719,-0.05515203835354933,0.06528247604702773,-0.2715081009685702
-0.04058345869071687,0.0026238092945663903,1.59248266160212,0.011112856519085005,-0.0536990340407469,0.06019957276529,-0.2359344032454673
-0.04032144953972224,0.0028340688598534167,1.6255996299017894,0.005968739048394082,-0.05880745144460868,0.06463718269233253,-0.230748209032864
-0.04377750435044517,0.002028153260940972,1.718061726450355,-0.012297110863615568,-0.06756492858624415,0.07628214793420567,-0.2479168614535532
-0.046894456462924686,0.001957000604918747,1.7388561088823258,-0.011155767143458027,-0.07017786891387501,0.0764789578987754,-0.24002258461867468
-0.04582719872955657,0.0018965556379415087,1.7610013672339668,-0.0074382203969657985,-0.06780744306692676,0.07711825372616574,-0.24533982925923103
-0.043672651219234526,0.002032027622662615,1.8136876915619538,-0.00036870199312895655,-0.06190484226048726,0.0789576449789602,-0.2652939172207894
-0.04568997263540915,0.0017760295800820804,1.918181307797233,0.00983901209525521,-0.05017479749620731,0.08172526472585363,-0.24538305433969498
-0.04998494823903422,0.0020168097676705977,2.0259014051052424,0.022418318325052602,-0.04535376542080537,0.0825737840460941,-0.20131424990542313
-0.05422178155304235,0.0034265312133244063,2.1358108791608013,0.033418214235722964,-0.048349466236323135,0.0743940727071899,-0.21030113253906957
-0.06053662079697607,0.005072962546087865,2.186505289205446,0.04319118021302171,-0.056661554417531075,0.06121746624492249,-0.22250392323503299
-0.07213843147079395,0.004999832151162324,2.2738947061409203,0.04948273486595623,-0.06445943972811753,0.05827373575719178,-0.2759486678735987
-0.07382099683235599,0.006705816442974453,2.45660520849293,0.07403453541685485,-0.047933605054266144,0.04607706610636091,-0.09694797405977876
-0.07356542748869385,0.007716714246680359,2.559658224252688,0.07129365601573683,-0.03292961038230677,0.043863655164846256,0.04221163442123309
-0.07345018867954041,0.0069773956023058544,2.654762002995537,0.12080702788285606,-0.029248959628710786,0.041298449544532836,0.13517623399786247
-0.06763274022029014,0.006800454027475246,2.7971756763907925,0.18485718828351086,-0.020770059418074534,0.04138031423869163,0.13666533602306669
-0.05801781462567296,0.005675554958870419,2.8642523325888916,0.20363303254095716,-0.016718727043099995,0.04366009397149643,0.08385750378683529
-0.04384172365439913,0.0055742556202596555,2.809849536449617,0.2099231404714752,-0.018408086025739505,0.04182669962658495,0.14374919122541874
-0.04121159476549316,0.005728662410168476,2.75304770928438,0.2011833111481987,-0.012918876067525273,0.04315728280720318,0.15947128934834556
-0.04016768226583693,0.005099355055209738,2.765931252689983,0.21040907674787834,-0.011156215045866575,0.042990239967648225,0.17425657791500201
-0.03529801804793665,0.004945992904275713,2.747441305509774,0.21808795424788707,-0.010978882822131938,0.04302628972627239,0.1997781361461188
-0.03370390482863322,0.003943026186343474,2.7370942418245066,0.21889752417655092,-0.01156631039946615,0.043858644695812986,0.21310878976527978
-0.030731356013216884,0.003789970749434149,2.72639782222791,0.2243911894523319,-0.011684193069550123,0.04459676001809444,0.23414592519344377
-0.022714357018840635,0.0025858106270317404,2.724168913550592,0.24338154178160248,-0.012701349423664498,0.046916319669300974,0.3403210013555748
-0.019379580507087407,-0.0011319791728858677,2.8321845538102317,0.21423269187778227,-0.014192995807773725,0.04029898533933272,0.583568555693182
-0.018944590159011683,-0.0028581811846570744,2.882572709657928,0.19911138982475163,-0.01511732641139434,0.03566093616328877,0.7350092960771649
-0.018695108114986307,-0.003349244836808074,2.965132647960065,0.18751825415566617,-0.01665894153169611,0.03509990002514217,0.9288126348758705
-0.018171396791287875,-0.004996771161827589,3.041328454046637,0.17258543450387823,-0.010487017303020625,0.03630936991653444,1.0347408973586376
-0.018522546120234837,-0.005856903975395895,3.016278230199525,0.1723149895234796,-0.00826325728806669,0.03754554902341222,1.0987680532685407
-0.018532154246145988,-0.005931432477180756,3.0037893380662495,0.17344080672719625,-0.0071973105715590225,0.037726538245515154,1.1111842712548567
-0.018417983056352602,-0.007181415102916326,3.0403025254498814,0.17009938694762408,-0.00567330036068182,0.039704372389317226,1.1365659024623926
-0.018392960233171447,-0.007287653636171476,3.066992217008255,0.17500981673235066,-0.00424732161393222,0.03868789175184404,1.1564315946259327
-0.018406947029357114,-0.007519948969789441,3.124220427745554,0.19412973433647626,-0.0034508847945853792,0.03711988427245636,1.179499924848343
-0.018371353051679272,-0.007652156070341832,3.151778793558149,0.19644437354376357,-0.0035286181954024315,0.037355374352882394,1.184479017134865
-0.01838577413774716,-0.007654702006261648,3.1560486220511517,0.19812827154715398,-0.0036771751956258592,0.037325502591851654,1.1853647768172428
-0.018400317779124035,-0.007601098747448278,3.1611350007646455,0.19855535961767976,-0.0038161406022034134,0.03732923061821198,1.1853306891787576
-0.018400025463713755,-0.007492466970829175,3.1625275247142803,0.19742557757635731,-0.0042473278922627545,0.03609231868305587,1.1831200661818513
-0.018416095174744594,-0.007543276395493134,3.165902177603591,0.19798453289323964,-0.0045663038902088535,0.03473052501866263,1.182077618979276
-0.018416095174744594,-0.007432448068285327,3.166459028004665,0.19828104229571475,-0.005384951691772864,0.03470049291049313,1.1834411920336778
0.07590287980700772,-0.016941016180610495,-0.15946070705835944,-0.017321082025036266,-0.031168308978961484,0.044202511362549324,-0.23459415756912483
0.007819312030767925,-0.010493188466528032,0.3514327984416494,0.014053364277614987,-0.02162267425343652,0.08674908844435975,-0.15011315924470459
0.00788674657990713,-0.025314159018141366,0.2831940297786109,0.01240315384884253,-0.022565320879042665,0.08286841032247089,-0.1989330619156894
0.007561887939611162,-0.01350894232090356,0.33071317824462915,0.015647700241587154,-0.02523004228233049,0.08114189870818393,-0.12643970425220036
0.00648694105361994,-0.008969039021007808,0.39036194354274684,0.018797179356768202,-0.026283028288381822,0.08011427085495147,-0.033041413232058454
0.004934118367815442,-0.008747904684637136,0.3917207914014142,0.018183243501195344,-0.03081872177283135,0.08070634021063966,0.031888851596614254
0.00437673543031211,-0.009286132881053316,0.4531446337593085,0.013145881265835642,-0.036940493077403096,0.08088181054958533,0.07054316974979563
0.004256835649885089,-0.009211533048910061,0.4072753331764591,0.010192760977549956,-0.036098539483202775,0.08106570339699488,0.056686965991482194
0.0034833224987618912,-0.006921757190939819,0.5131350431788806,-0.0025478318505371624,-0.04329654166325433,0.07260578929073098,0.12141191902298684
0.0033049171313421833,-0.006948502162545669,0.504614025295867,-0.003981332351901468,-0.04328417972594813,0.07228549784810435,0.13058926980663452
0.0030379213337339626,-0.009087459764404159,0.5761750497286011,-0.014497723476030804,-0.047319008981229996,0.06457537934798706,0.1754063822862106
0.002078305012326907,0.0036971204955110614,0.6407628319556192,-0.02476308838193956,-0.050833659475187254,0.06001536354524653,0.2682742009058925
0.0017837753687644268,0.002052167961663123,0.6251237690771348,-0.029948151378283897,-0.05173842069302139,0.06417453683723788,0.37085562931838284
0.0015229159551501889,0.00010256799324307655,0.7174187883826002,-0.02248436281610161,-0.05190566651732018,0.06228467644946011,0.4293275461765065
-8.681213644203521e-05,-0.002499066129994696,0.8259202019961437,-0.02499119925020689,-0.05877069480313069,0.048874349384071196,0.5868056539253812
0.0004842129374888364,-0.013648694408012732,0.9807804062812528,-0.01807648120752213,-0.057419712833007806,0.05014620096694627,0.8116439331967502
0.0005258111433444384,-0.024057570850025165,1.0073133269694499,-0.023641588077139196,-0.05122726837194252,0.04265268866374691,0.9493437367023347
8.166330596165008e-05,-0.02596223346988361,0.9142775820985567,-0.029991323337014694,-0.04887373535443144,0.0461870005840253,0.9400684755141582
0.0002569588021912986,-0.024228667847853432,0.8910156517193695,-0.03034529590833214,-0.04814111722637059,0.046028132076358336,0.9650392876247479
0.0005579694749725995,-0.024786222170469115,0.9856267810551602,-0.025591110338320962,-0.050937433173961544,0.040057171214253944,1.0040673125709862
0.0006368555583337693,-0.021035662238634976,1.0646972833224513,-0.019262785459914354,-0.05583031485900113,0.03725397903092956,1.0433356569151089
0.0006122151792901561,-0.02035976066515557,1.0781940056714439,-0.015164771075100867,-0.05669730379240556,0.03601173551592453,1.0495495720412795
0.0006185843202097147,-0.02021982669462735,1.0748642865807039,-0.012547907169465182,-0.056786896291874084,0.03605426729877029,1.0501631848315593
0.0006514808700712184,-0.020434916763336423,1.0752841685573558,-0.012251881450085529,-0.05672514834581778,0.03616619917673296,1.04858064597469
0.0006075104042504129,-0.019114083106216855,1.0819187833017343,-0.011176253529207756,-0.05930403054818745,0.03523647681858404,1.0379857548661564
0.0006584543532876167,-0.022810275188019404,1.0660030712497652,-0.011917844944051568,-0.05715460516363463,0.036529091854284115,1.04334124575191
0.0007165338687974398,0.016400262836673875,1.103722878165889,-0.006877478972790853,-0.05857684243459156,0.03566896740999599,1.07695258150651
0.006145771023967726,0.00048722104978105783,-2.048647016708863,0.019563607593029043,-0.04872338642459293,0.01299459764057781,0.25518535123353414
0.0058980381599218505,-0.0036894254728561506,-2.11122064499201,0.0159155759701626,-0.045125448272619,0.011718257432499988,0.2981338289744619
0.005885103157045597,-0.0024983086219225554,-2.1795521894429313,0.017553793473317893,-0.04855611636793888,0.012720863960237895,0.3163657513785894
0.005336432706934924,-0.0020420374331589254,-2.3956657419256193,0.027329347011844227,-0.06223279988875455,0.013507512322565744,0.3086844539365565
0.00470229120845204,0.00023692877264260763,-2.2218579113302614,0.016266739865107308,-0.04706255957969083,0.011147944945925645,0.3731443293673053
0.003340968719479326,0.0005579410632294282,-2.220950168623167,0.012958724005620717,-0.04828737020141245,0.009511421350282255,0.4138913837164473
0.0029483784588524554,0.0004986555705595857,-2.2298100791591287,0.011823307423576297,-0.049506662441871296,0.010079599117969228,0.42236520148331114
0.0028348404348558166,0.0004950613576611685,-2.2330951955438865,0.011979894549669988,-0.05307687236224054,0.009481003519168191,0.41629858226505806
0.0024617866152780547,0.00036298286817320263,-2.241362372342368,0.01150067844192294,-0.054227109368048046,0.009192440588365708,0.4268879021071603
0.0024118616995904424,0.0004272835290801465,-2.2297665689506965,0.011404856966205943,-0.05847554301544097,0.009113944527161072,0.4294587080294462
0.0021520234758749604,0.00036188877520647317,-2.2408697615284425,0.012375829397324355,-0.05914654767702879,0.010539244116878671,0.43649041681862033
0.0015985498045168736,0.0004702338560794061,-2.2257228683826704,0.012397687732290212,-0.06974217594615534,0.012812940103930368,0.5011208395238941
0.0014119264096290078,-0.00025574894754050133,-2.2468152254159452,0.013798262219345665,-0.07885858667289848,0.012766703512306497,0.5832968668617333
0.001217292972510703,-0.0009727645176973633,-2.220953069585032,0.017447734905434043,-0.012070484284101929,0.02380292267500183,0.7076794373860701
0.0010276554648810088,-0.001016424101153243,-2.1298918105048936,0.02261179812808672,-0.0035643199517867907,0.0336697126845547,0.9323013124163817
0.001032690499176097,-0.0006027340613789673,-2.0107416903167805,0.03196912847483544,0.005221818759427562,0.044207199753753805,1.1071631684035999
0.0010743153669235473,-0.0009818527575224572,-1.9228930581062633,0.04274466004091371,0.01178690542704634,0.04968079027455924,1.2462460301269984
0.0010682091826455901,-0.0005571678923215554,-1.892528445101798,0.042716528369837845,-0.001139715660457281,0.052524176819435206,1.2676776165077321
0.0010386947264155086,0.00019054700078513027,-1.896099103767119,0.040669655742972766,0.009734418351442769,0.05708271717653709,1.3021177396549772
0.0009985204319892644,0.0017129513108599045,-1.7696244840532034,0.05560854637689446,0.07093850859271292,0.07038206914735513,1.3294157074467954
0.001004898190417243,0.002000272533215269,-1.7511409191725675,0.05979765953293412,0.07770650383698735,0.07216647117484738,1.3547548206775784
0.0009411942653874991,0.001646818915691216,-1.5599581946268308,0.05215279640394959,0.05514067914986445,0.0579700693333896,1.2880760567214857
0.0008947631419205426,0.0008137795751249931,-1.4206338221664438,0.03991957826651655,0.031343255679025725,0.0469285399084187,1.2049101218822211
0.0005341865251529586,-0.001531696112306173,-1.3147267070920619,0.022424832464752718,-0.0025154485895292162,0.027386764077520512,1.1306290733807403
0.0012438902965032053,-0.0012480165638301133,-1.2662138234625309,0.02220407842729474,-0.008413116387076506,0.021440018066934335,1.1148301186238225
0.0006502244493136356,0.001435209745498964,-1.2703054692467879,0.0179245931262173,0.002274209264352548,0.02161794365083652,1.1067576356747402
0.0006708893969776797,0.001379213422161647,-1.2619316718447975,0.014810645628122022,0.0018464441919884005,0.021512999417120118,1.1021609580244196
-0.09036755030315194,-0.00445921069646012,-0.942719465344943,0.08823894495664028,0.0022237421091064785,0.020114414127373047,-0.08715396790988025
-0.04260835950065999,-0.004484749134030857,-0.9257801004702167,0.117163933733171,0.005064931551792422,0.02470159785329805,-0.0036273273613586787
-0.027862845554565172,-0.004815329897488447,-0.9358118159509591,0.10014119525006998,0.008098448378501223,0.029531735771667945,0.07726216688789975
-0.027730934648162408,-0.004699115984865903,-0.9176019649204973,0.09358625191059702,0.005840609129094453,0.032067853683952,0.08567065926927785
0.0021912684954351965,0.0013040153835152748,-0.9424024743871542,0.05336301689810544,0.008582867109397496,0.03217181400698581,0.09710551911473907
0.006129811594823907,0.001534890827483915,-0.8829825103736926,0.04673224474762282,0.013033666547627424,0.033913439847423316,0.11438220114471777
0.006192262929321671,0.0012478623737991084,-0.8287616130465779,0.04918926058768426,0.010319256320155403,0.03862968243159426,0.1402325216856283
0.006323328831431658,0.0010130997400745513,-0.784282743242241,0.05382212442671147,0.007416435645343742,0.04257103559663539,0.16075238493613253
0.003724894527971881,-0.0016352055050580679,-0.7377319093589061,0.05738404097242346,-0.0050684770411486176,0.048397610916546895,0.1995047693596512
0.004057567455066077,-0.006033761701898865,-0.532485632073407,0.04846973214045503,-0.014097743395970707,0.07077311419288611,0.3961018013735251
0.004639831948827902,-0.015251326407184952,-0.34819875948971213,0.02334013988002909,-0.027897004680999864,0.08397163432228492,0.5657491119636603
0.004655005644267032,0.018956112764384855,-0.11082934371408494,0.021272743732920412,-0.010022936727653602,0.09541511967228718,0.7701097799241854
0.00527880670890611,0.015922013586198446,-0.12268182210523587,0.022270854810353406,-0.0019794432484976448,0.09567925236962764,0.8888284004448473
0.004315227893171854,0.017451546052205155,-0.17230826994375123,0.022745805409617976,0.0018117782757722206,0.0915260251507397,0.9633094302448278
0.004426058876150394,0.02503742623960931,-0.37588241116500465,0.021937845758181293,-0.015712217687762115,0.06746928760311512,0.9435487685441339
0.004522862916078545,0.02398490408528532,-0.38424761102567045,0.02573121298806444,-0.01335883705124033,0.06822400402050786,0.9944033715349008
0.004458425208054373,0.024251985192083828,-0.3768711429971134,0.029029972947017826,-0.01224485254139562,0.06975839720801122,1.0080292013512864
0.004930146543268199,0.02357427678251583,-0.29555831503692986,0.026939426720588085,-0.005049781406054469,0.07830909342914152,0.9969157924684651
0.004760803919918958,0.022737551911568,-0.2568843836116447,0.028482714077826994,0.00010541059462191847,0.08392667497929857,1.013588846419572
0.004611913900601868,0.019450904288902473,-0.23301187384124075,0.02574445751561686,0.0019295562663129693,0.0870706255217159,1.0102730269444846
0.004421866872183964,0.018986882079997335,-0.22213615075154347,0.025339800765929302,0.0032967310791202414,0.0886381446230678,1.0120940648227252
0.004421988710493516,0.017258319031914073,-0.20998229051446604,0.023614591174229774,0.0049904055357886295,0.08921876586113242,1.016914467617451
0.005352132889882625,0.016721376984515233,-0.21201323004833378,0.022911212284903865,0.005265456644761871,0.08801140617315828,1.0238750926075035
0.005426503897331694,0.013429674694871965,-0.27102439851274135,0.022972265279820665,0.005499351440678424,0.08880413412775286,1.0897216015878974
0.007107474074890326,-0.0003542080777155953,-1.4365751027307418,-0.0034632906473070543,-0.04520796011943124,0.031002042521193533,-0.35149548022818417
0.009316996600572627,0.0052611166862186025,-0.06315455989452949,-0.002838203050825942,-0.04040592273313023,0.1023249543326135,0.6458536573962099
0.00841063257334552,0.01122258475628114,-0.0605971167445823,-0.002536135812457765,-0.0487492238872375,0.09440550908162237,0.7670956186087975
0.007839019759632462,0.009710135550153624,-0.07634390500506624,0.001038141042974001,-0.05158520254178788,0.09719211923505391,0.8503109566664372
0.0075751780109631515,0.01014128101390233,-0.10267804073416442,-0.0033834762456530754,-0.0543778277387283,0.0918921783854774,0.9489928131311878
0.00793700359616538,0.0069543297314361326,-0.04128055671701804,-0.015018751278438687,-0.042241995349992956,0.08056642451886407,0.9823570304897068
0.0029270594099820766,0.004947699569475368,-0.5559134843319561,-0.023021067917019952,-0.032770529038136716,0.0834768291493229,1.5723500370721677
0.0030455829805645057,0.00022321689058223641,0.19793499601525902,-0.03993992588457394,-0.021902386451421715,0.07979920567927355,0.9915841649712163
0.0026843048099781043,0.0005906795484725833,0.23668733194137984,-0.0418208437227873,-0.022491273751354488,0.07620055300979443,0.9785582825755251
0.0015684973445737231,-0.0006601377989169952,0.28302500106239187,-0.04753543894372088,-0.01951595715413351,0.07273017449678375,0.96657923376612
0.0015739604934672915,-0.0006387349733546126,0.28536448472438586,-0.04722646152269297,-0.019543092393325624,0.0718805269218707,0.9647806895227461
0.0015790507679491993,-0.0006313107505132407,0.2854051231766287,-0.047251770539481694,-0.01955848832966726,0.07232107349028653,0.9643276949578949
0.0015758513556571535,-0.0006189296950977685,0.28573348900675544,-0.0468376713753952,-0.01952435908233331,0.07250018539575752,0.9633628071677518
0.001579422402552896,-0.0006057956330703612,0.28445400886074024,-0.04673880949488625,-0.019627859969428497,0.07205046666089042,0.9650799399462981
-0.01745413103754335,-0.0007654652898019508,0.2939356361183961,-0.05011244433993802,-0.021368369378461875,0.07170454524549967,0.9802516014549431
0.0019327229669967442,0.018965144189240668,-3.544201889288735,0.028886466742250233,0.0034327699076716137,0.027447653818742677,-1.8146239508003876
0.0018249699296765745,0.011552634709636562,-3.4404445342475825,0.018798346249300227,-0.0051637481877444555,0.02040638590831675,-1.7653282490168671
0.0017055228948503012,0.011827837992937114,-3.471807977381006,0.019805623853090107,-0.005188914863385336,0.020565771331689863,-1.7409047262379589
0.0014163770930686608,0.01077113952151649,-3.4864441307268423,0.01890762358811844,-0.006887615018733793,0.02089445994408362,-1.7088498050484424
0.001219152666731526,0.008601606266424809,-3.5424798222349287,0.02189220841194448,-0.012419288678707341,0.025959570465161275,-1.5957198241927446
0.0012222282059084785,0.009609597679718277,-3.4549973705425074,0.027028012366296306,-0.01856586364218861,0.028663926530190224,-1.475273278277168
0.0012116286878308552,0.009794459611378441,-3.4207606759833955,0.024694036245901094,-0.02042953357699992,0.027445956496227258,-1.3942874172984059
0.0012564008893563626,0.010459540370174304,-3.0853882951874363,0.010741293524094316,-0.011154761138282072,-0.001210454695503068,-1.0942854937855078
0.0017439129050748352,0.007021472838068107,-3.0909697245847223,0.017534931881244255,-0.013500511117419029,0.006776770881897128,-0.8060610088241835
0.002633595752939145,0.010041491626103226,-3.123895336656462,0.01978533003940415,-0.008012207557071726,0.02702963983660229,-0.706625393118388
0.00701009929705318,0.012627728421511828,-3.0313953016602704,0.016457870166614562,-0.010113387585390377,0.026628237219791698,-0.6355038000921422
0.007508561603960648,0.01241056088295949,-3.0426207174799007,0.022374628220854356,-0.011025893279183172,0.025433877013829192,-0.5851690934167831
0.0074506847020800815,0.015960701024987707,-2.9219850308296347,0.03724470646040507,-0.006248518307070362,0.028020504565177483,-0.43951265491875735
0.0076772637949358334,0.01593014317302635,-2.9044162954066177,0.07192339162017103,-0.006193732827934232,0.03637341001640849,-0.2348904316254596
0.00761563393324535,0.014507386053684703,-2.9615190588346505,0.09722751885902242,-0.010108096431978245,0.040491231890601095,-0.11456984367082973
0.007754957377192197,0.015461377033949352,-2.975892879232477,0.09704358743285241,-0.010513916369621124,0.041350685313618255,-0.09286743298073025
0.0019408901295634082,-0.002083082322724505,-2.9237456853727375,0.0012920790358959384,0.2942228549565369,0.06985588241292594,0.9767229796396835
0.001978606238046578,-0.002738447089371129,-2.87436164922182,-0.002981764400267758,0.3325569957974905,0.08210756188621463,1.0739854080277351
0.001961095927148145,-0.0027299584656023997,-2.8065421700078232,0.0008639596431698874,0.3612489231037329,0.0897440387143237,1.170088164244418
0.0018149278389620815,-0.0031656872375271095,-2.7143529157780164,0.0029832975513844518,0.39932220790891126,0.09181019106036356,1.2152569303883316
0.0019036255845655363,-0.003023219092427721,-2.6099250432453247,0.005831730912129262,0.39632075418436463,0.06775756097421637,1.2304505632363603
0.0018915925063332911,-0.002747485770987008,-2.5824723059667853,0.0037703944240329106,0.39323799914467306,0.05467425912381467,1.2357533443845397
0.001704746819372283,-0.002735751456305517,-2.590981517188645,0.0008579559661561033,0.38536944070149826,0.05245767820583479,1.2282040785389194
0.0017096978249648818,-0.00273524773606167,-2.6008874001546634,-0.001976379938404074,0.3794490874734445,0.05182733302426387,1.2239532406066442
0.0017133123796233675,-0.0022918108440691458,-2.578529205428258,-0.005364853950768046,0.35571267141556284,0.03891528526113548,1.2103065298073614
0.0017133300860991817,-0.002300943541553953,-2.581560119650777,-0.0073842890032441285,0.34217215432213166,0.03736116475953778,1.2014277811727563
0.0017168790761385004,-0.002346118046607106,-2.579350988835189,-0.010913066464600777,0.348812616268824,0.03877197394467208,1.2126442018762373
0.0017169626849669356,-0.002273479160874187,-2.5778389793995222,-0.011084224817546146,0.3492314581953694,0.03871988309250582,1.2151819395633252
-0.022428186828970045,0.009074506473734771,0.25131398479311595,-0.02637358703636487,-0.03190279511808486,0.0006365057896933603,-0.048286727052042046
-0.02116762608803318,0.0021347757985531227,0.3045808930378275,-0.029750642724030173,-0.03534321335665253,-0.0004811306027638467,-0.012425616486038061
-0.02056331402012774,0.0020084110751579696,0.28777900269904383,-0.0318965729669817,-0.0343677648908899,-0.0005099950211254201,-0.005246311663252109
-0.01759833931268395,0.0018345570026800677,0.27078496446317807,-0.030346913820654717,-0.03352543131749737,0.0017581477971736021,0.01352692081243336
-0.01370769501453711,0.0018616997527548937,0.5554183320851395,-0.029707016510441855,-0.048125593377714736,0.03580324664176165,0.20647371805658082
-0.011259254979886998,0.0016875001546429878,0.6157549360538498,-0.01991607727440616,-0.05300993910479455,0.057456693960844185,0.3495082326253685
-0.011107760224862605,0.0005611005279191442,0.6499502048448201,-0.012875612780304049,-0.04834380094601483,0.0646829196444997,0.4655494453700882
-0.011016057304807893,0.0001044514973997487,0.62681751457484,-0.007592728888801663,-0.043350485461505286,0.069118706227126,0.575991693155933
-0.011038067460921192,-0.0014740151268418074,0.609669175951317,-0.0013885590982222148,-0.036549076949319984,0.0715652151826859,0.6992904349977932
-0.011356689922660774,-0.0017629877585377406,0.5610070609864856,0.00574696727500781,-0.03174529222423734,0.06870735691833951,0.796474590530692
-0.011402070244402873,-0.0017925691828727438,0.5535238125340349,0.007429310325782244,-0.032038075795085656,0.06730403704695027,0.8113399292306145
-0.011309117295152174,-0.0017352131981558864,0.5438102369952618,0.006970339941003273,-0.03179054209257102,0.06440208911702056,0.8282502568304922
-0.030354947264176455,-0.008716612273789321,-0.07397034143409814,-0.012067234729437383,-0.04654509311607508,0.06897048984310551,1.0422426870223245
-0.011155465928617265,-0.0017594617745952984,0.5327942216316565,0.0020927413319301548,-0.030754556730346605,0.05971278507456924,0.8478809637476753
-0.01119834272918003,3.994212681192598e-05,0.475749093205627,0.001721055586406344,-0.03141973687697452,0.05926976202793548,0.8952857751628245
-0.010727132003864192,-0.00030424359972788367,0.35697902842417634,0.0021452292757639254,-0.030393629238468715,0.056346485087200554,1.0078712078919685
-0.01074167564524107,-0.0003135035191593237,0.3558947136360514,0.0022620766892625815,-0.030404449801768547,0.057004578890031216,1.0082152055878721
-0.010741550367208091,-0.00030719587826304786,0.34877586604552346,0.0015328278310415204,-0.030798186614532125,0.05753699476911642,1.006296700084045
-0.011248983335193601,7.350963484844507e-05,0.4736975923231924,0.0025841698854483825,-0.031390083314136154,0.059532737015840234,0.8961986062934514
-0.011227564906620734,0.0010507469967104808,0.5057345181797939,0.0021822213546314807,-0.031306555993574146,0.058481169318290914,0.8672256925284827
0.06092953080001423,-0.0073011213452930605,-0.7883821209563432,0.013808467356866045,0.09691798454536699,0.028233225058334904,-0.04204424753392668
0.05301725310862709,-0.0058993632165893865,-0.7026884487364977,0.02131596427625877,0.12610002104736148,0.03448620255458652,0.014185286189982299
0.03647629085222853,-0.004652442537572238,-0.6129160329075468,0.02932370477631623,0.17314099541840552,0.04100037726152906,0.12416293136422327
0.034562706320876914,-0.0018100068131887588,-0.4695712482412718,4.8820788800780705e-05,0.107007174417354,0.055820309114854395,0.12485792039023032
0.03295621629777657,-0.001009233017282289,-0.4976395725086506,0.002787777640346468,0.11435299888327667,0.057153678018826086,0.1468998298928088
0.02523439688461023,-0.00025547367888313226,-0.44344125753556346,-0.0013740627286133848,0.11046921976108463,0.06538287968686012,0.17672154553870206
0.02346433473708511,0.0013447379015279796,-0.38214184301728166,0.0020227694794059557,0.10735673329434618,0.08007071721652127,0.21615906276685468
0.02046498123570259,0.002971425929805313,-0.30993089055539386,0.004778376869805281,0.1039602985177188,0.08717104466602847,0.2311072215037478
0.012527215396353548,-0.0035991144179167334,-0.21361240194982847,0.016089259988420104,0.09809559935895497,0.11385200119112965,0.3772035601023629
0.010045105150682502,-0.007171719079737254,-0.19479750093816942,0.019668380132025952,0.10909135702663685,0.1253678825668289,0.5661690735293845
0.009424933605417537,-0.020279176815405815,-0.13073490487641462,0.01648781848016327,0.12512515405575328,0.1190201653648347,0.6585292133822733
0.009033872468555656,0.02491124980189176,-0.0513351080884105,0.020183269851730398,0.16636111751760407,0.11258082434046535,0.8373648212383911
0.008660206933846736,0.02603697983883965,-0.043766982552111366,0.025576586094399285,0.1839815120292933,0.11069594322132205,0.9997155287980339
0.008572587621042273,0.026692537246819505,-0.00769369527598978,0.026280062217152456,0.1808634389277024,0.10401445250845949,1.0467579233643154
0.009280265558581852,0.02615313701677311,-0.11686941341992484,0.015214249321037042,0.1869288863806152,0.10690327565067712,1.034011033205885
0.009170413094614476,0.026548967383348533,-0.11409484433345962,0.016952713488350403,0.18772988498550455,0.10764564929953828,1.0524611820627994
0.00872341754951633,0.028406697054606952,-0.08895141971950372,0.02101865414578156,0.19986917342684793,0.11012194407933527,1.0763990190204813
0.008756120532699327,0.02872915220140579,-0.09242286346625726,0.02019180615211626,0.19688276983025746,0.10513779641243617,1.1105268304738947
-0.06993833398132358,0.028922431462183033,-0.10888535774674411,-0.017495204419327,0.1973210962198303,0.1002454943985982,1.319898296723452
-0.06881220990168017,0.026985059854707096,-0.07225667978882824,-0.01536886316988867,0.18884708131534855,0.09864920321238667,1.3017250026485456
0.009252371359664087,0.02527782390872256,-0.07076175334930815,0.029184381466639393,0.17108208308246073,0.09779667346802905,1.1537828219460144
0.00923791684052064,0.025092023276396494,-0.03567742239863223,0.02292810522894184,0.16688192131795151,0.09839554445193387,1.1134407929600363
0.00871637785349562,0.023895396149683154,-0.05340216375045549,0.02429955370429841,0.16359469426691786,0.09763037682316227,1.1410251148016206
0.002826498576205811,0.0041347913933098245,0.22221229961745576,0.05252973709578748,0.09975466967851658,0.07895052785902709,1.0406911691367562
0.0018352305625420993,-0.0014129501830487774,-2.5009324704342553,-0.08863157640436319,-0.030420974847398707,-0.03262720754093809,-1.5762598496482656
0.0017284332695589773,-0.0014704545544319068,-2.488380149694169,-0.08876837242654224,-0.037442734886255574,-0.03424373697122313,-1.5883568561557486
0.0014408346732737024,-0.001407219854229126,-2.5066484049473847,-0.08754100548932732,-0.03798496315671547,-0.03292293427889266,-1.5516825896284798
0.0012327506046453365,-0.0011100375975944229,-2.544061885765948,-0.09346201256424334,-0.03883684150743358,-0.030409802505344995,-1.4641891897419743
0.0012279691810155818,-0.0010684999867286602,-2.5808231343820216,-0.08907263714583637,-0.040389596357050056,-0.02968093203914829,-1.4076268781922947
0.0012740083134567418,-0.0011503107251329863,-2.558088550123267,-0.08474525710656793,-0.039677104761136235,-0.031733526368288446,-1.3618825457969066
0.0013002833551644672,-0.0007327925082325959,-2.6695416470892677,-0.06507705707887113,-0.036340153694628306,-0.025081338819937304,-1.1819286268268905
0.001849826970635627,-0.0002055030605035094,-2.7643230692157985,-0.0063294996078649265,-0.030288087897542133,-0.003444065248780946,-0.8497823490205838
0.002028046573499367,-0.00010135135122781011,-2.664962449151624,0.019480712675640693,-0.02071272668866739,0.0043528665927829,-0.7779877032664799
0.0019252054232141303,-0.0001997919951471695,-2.538258179729371,0.019668333624846768,-0.00623533831766858,0.006478371234396729,-0.8925459561899368
0.0019385256473231493,0.001805259210478377,-2.5258453892743606,0.01938224018359437,-0.004880590512625853,0.006400860472554246,-0.8403992222134282
0.0017904524958449563,0.0023311066260237197,-2.4291645341499484,0.03382342937654782,-0.0028781867747646366,0.014528876670240755,-0.6593207752678575
0.0018613655463514411,0.0027234396169397005,-2.3657271519719574,0.03239609866099061,-0.010841800227585881,0.02219995224183822,-0.42165080219110695
0.0017967882001987934,0.002429521427161014,-2.3835106487773943,0.027816723114535126,-0.014511134538711836,0.02383206629762604,-0.29451558291233626
0.0018731737617942487,0.0022012372611793425,-2.3973361561039632,0.025536995499883385,-0.015167670229401081,0.023742221300455467,-0.27573530720919975
0.0018293776675882625,0.002144376410593981,-2.4130729267896447,0.02614414131891079,-0.016023309102997273,0.024905879350299337,-0.276053204651513
0.001909530752731554,0.0020942459266363998,-2.4091661606270436,0.02708442237165968,-0.015924816056704767,0.02464196723792899,-0.2719196560007133
0.0019069763364314488,0.002079161478638955,-2.409058055463058,0.030832676864729167,-0.016193942052136343,0.02315665892940945,-0.26873302439155816
0.0018945939354230972,0.002243222634623352,-2.350827187669992,0.036919684101187795,-0.014248537864136922,0.022227271167594265,-0.2465900409858622
0.0019130177719333633,0.0023565482628209425,-2.339389713787182,0.037754718236660385,-0.014676305098228497,0.021681591283985648,-0.24389619757186662
0.0025298521611701766,0.0009841254329806752,-2.2023057275262223,0.024960813104854422,-0.02073962029997752,0.022325094269991713,-0.05392959242745538
0.0028562934801400074,0.00037931974870331026,-2.0679207000818196,0.011487151639861854,-0.03262610824373003,0.019551814760118538,0.12368349117182144
0.0033378022903645496,0.00039703596266761474,-2.060123745857126,0.007406999622781405,-0.034479886741885804,0.019868780202281,0.12538555810468385
0.0043211055360327195,0.00035006098095931353,-2.0555034555369622,0.00880803293877149,-0.034695808643867516,0.018865837575242385,0.1545436447382692
0.005573716038023365,0.00028317109761316026,-1.9948238480077838,-0.0061751049457362235,-0.0385532457149549,0.021603252029021146,0.1528157280562045
0.0061197196675533165,-0.0026263574271939228,-1.9868202362978677,-0.016178538149487918,-0.020626255036225002,0.021079820980983356,0.2354039805241933
0.005834038149330705,-0.004116262982883584,-1.9809974924793148,-0.0213254660020493,-0.014524064837849883,0.019160911797787714,0.26931145881561486
0.0059094838354239445,-0.004878989152902325,-1.9716876034236046,-0.022476770478443167,-0.01263976252528932,0.017343391397400446,0.28122522694572155
0.005625884109209225,0.001692020957324566,-1.9868234697273892,-0.027000142503885324,-0.015167374808862162,0.01807864797330273,0.3040880705396229
0.004670964230318619,0.0012502148487322157,-1.9693638101634872,-0.03323592449710752,-0.017409477966879968,0.020032048058723693,0.323714868461812
0.0032896012877889286,0.0009107613329132416,-1.9758050765561201,-0.034276927510085514,-0.022656294578183172,0.019127293667806813,0.3452535114438566
0.0029230945192370546,0.0008502458100939421,-1.951893642275103,-0.032941478629878944,-0.02745894953499412,0.018144555003513536,0.3371226741349161
0.0026043007370357826,8.496659125439973e-05,-1.7994142304741927,-0.032171417527410144,-0.030518773260186576,0.018526194402413106,0.2491877517771478
0.002156782324879748,-4.3711749357393834e-05,-1.8012191320558026,-0.033044511542650055,-0.029307205099309012,0.018553777101095924,0.2672579281646896
0.0018873053639711659,0.0002676274452742611,-1.3591063858715193,-0.06500069989212529,-0.031172336453093148,0.018541498010026882,0.16221126017594692
0.001649215920759754,0.0003272767024882865,-1.3488399585539639,-0.07165025409772408,-0.031152624705603992,0.018204917660247243,0.1777565486492098
0.0006435447471274904,-0.00019211539077024169,-1.315959297867599,-0.07508609954943252,-0.031134157700069137,0.019691486264193807,0.2872733599879946
0.0005205286322003483,-0.0009216727557517204,-1.3386037767770005,-0.0646967981150009,-0.0318720340184756,0.018571270698297986,0.39238939385896915
-0.00022111987290168063,-0.0017861199816048732,-1.3521238969643197,-0.031789464409423616,-0.018790241758287963,0.017316160317104316,0.47208417099287625
-0.00021227325047068954,-0.0018803979254837279,-1.3194402702477521,-0.02188187936955497,-0.020135582674067738,0.010833150079953476,0.6179071772478931
-8.047779215603746e-05,-0.002420602351967872,-1.2918468690920373,-0.0026111223743042395,-0.02182757523624263,0.0056376983714009725,0.7817328730595475
0.0007153297418483897,-0.002421354482937144,-1.232701631314027,-0.007501960455135158,-0.02121201642141848,-0.008629658926104,0.9617971163123509
0.0007718067416843625,0.0018602425419589124,-1.2422787193037201,-0.012039511123897492,-0.021172828424161655,-0.0075514020096742055,0.9672914312148819
0.0009830598663134148,0.0018715126935125543,-1.144017876844106,-0.007578947249466395,-0.021064571501149657,-0.0020093655168084506,0.9982941188363021
0.001239571261418998,0.0012185639338250331,-1.1012376419938266,-0.008719653903187756,-0.01959029478025321,0.0010932638055989657,1.007776178932539
0.0013162018927886797,0.0010059117216370266,-1.0946140830414233,-0.006818344651357053,-0.04299143163153198,-0.0003005381709743261,1.0084595733454493
-0.01347015103198401,0.001325276933481587,-1.0493917132922315,0.0100365367965621,-0.02781000280771891,0.003542942353640532,1.0384707109395455
0.0013426215440823408,0.0015155586627574533,-0.9287265987103953,0.01858753668776873,-0.02276153034164567,0.013710189439516214,1.0748354192737763
0.001611420523733374,-0.002162003616836482,-0.8948526915769714,0.022687587387691537,-0.021644516545211743,0.015887519358445183,1.0758268056961122
0.0016136353513773807,-0.0021305430118841056,-0.8829011555927295,0.02532683521906123,-0.021541104576173597,0.018793715765783398,1.0767258453767232
0.0016521454948937673,-0.0018398542973594,-0.8234208596147554,0.03370756258012425,-0.02216380943194426,0.025185635939333612,1.1065101858104414
0.0017526021576396251,-0.0015650365732377666,-0.7954012629753102,0.036190223117435874,-0.022202552480866524,0.0297851038253234,1.1147969161209519
0.008644475114254696,-0.006437132868043056,-1.9937209108894869,-0.004988972209183466,0.029297619428640207,0.015505075111639514,0.3788028674204305
0.0071575001016198235,-0.005814127023105194,-2.0443740498905068,-0.008548478263349066,0.027186897963647375,0.01707369813945255,0.41473256667181074
0.0050630981123294646,0.001402016081490906,-2.0615123665626562,-0.0037474525688151188,0.027065882274671205,0.017638606093773313,0.4625919689218153
0.00455796020606827,0.0013461742025418903,-2.1124304397438958,-0.007746854615281293,0.02091016605099372,0.01869568926639464,0.46803430749844577
0.004451015601647746,0.0008541251841479038,-2.1564060614847547,-0.011623277065401501,0.009607201788976573,0.019134557284719553,0.45427128409650974
0.003708210711351118,0.0011769445414996729,-2.1351653092423812,-0.009222090331547278,0.020653621436410297,0.01827093368700834,0.48358529926350435
0.0027329351948436496,0.0011165555241799982,-2.0801208355180028,-0.008894916303373305,0.0828889030605093,0.017473193967264152,0.5218427046141847
0.0025188466906660113,0.001080659203087007,-2.0314655662690555,0.0006953334860913515,0.0782234141763807,0.017328324628768675,0.5266387583970303
0.0016685158746710307,0.0004978302570046423,-2.02982012755171,0.004354219114990301,0.08099271619449583,0.021449528488610616,0.5560188122059648
0.0014723696710730136,-0.0002318483431312358,-2.016716618952679,0.007197406246786566,0.09654103036094315,0.022497336647696944,0.6157627399390021
0.0009871356656907723,-0.001501122359826468,-1.9679018828631347,-0.000435223662305607,0.19673092119986813,0.02397641088537251,0.7641802707065724
-0.015838378027926602,-0.0012190442900482238,-1.8713979898766835,-0.010260515660178781,0.15595597691678212,0.025674060517655604,0.9835255081876825
-0.012755907063814291,0.0008442129214595404,-1.7803791669855091,-0.008909542989372585,0.15289342053780974,0.03246722613369387,1.10814366467446
0.0008792487182512644,-0.00018947248782062137,-1.5218128083356548,-0.008051455248652998,0.09036592736552787,0.021376972058762083,1.0645299284812064
0.0009219221610036055,-0.002040174510197759,-1.7944452149440993,-0.009253474788085378,0.12455184459893322,0.031453080211531995,1.1870447458454954
0.0012293191218045662,-7.800510374788208e-05,-1.5094647545059052,-0.011482825528740588,0.08939676610171658,0.024053225905632806,1.1255238384200805
0.002135780290518376,-0.0016250507930443195,-1.3033972681723252,-0.005864322325857517,0.05935503316008447,0.021242542597818156,1.1003790349455365
0.0021382637385910083,-0.001367321337172997,-1.302913446743517,-0.0062409960906788286,0.05858575046680832,0.02178388961832021,1.109105592940947
-0.016788873046766597,-0.0017426300003359214,-1.2583451471649791,-0.009595179030505298,0.05327238940199634,0.020920467152951837,1.111160217115198
-0.017021656136930446,0.0012136124707919434,-1.2672199541517049,-0.009970012268300764,0.053025914658896306,0.021759734067491026,1.1114425120923341
-0.017100299531042463,0.001219872666704484,-1.2666389062206687,-0.010268854599817596,0.05216752146205367,0.021714156220612176,1.1086132427975723
-0.017115911328977832,0.0012215977769156065,-1.2679185798962735,-0.00989736361950418,0.052210431226278345,0.021822990867630742,1.1093835677693435
-0.01720023291679196,0.0012352143017971828,-1.2610419109579734,-0.007968173810190283,0.04989732407144501,0.02196669198603844,1.1053776160825148
-0.016986521832463884,0.0011748786986495894,-1.2581603664664727,-0.006387499531384288,0.05027362163664123,0.021754861422168845,1.105620259843619
0.005630190520168532,0.00173266673415749,-2.0391010353237666,0.04460769494806117,-0.015307875709003074,0.05797278981716718,0.23598188551537447
0.00603975775113205,0.0007833860123867614,-2.1461565417565467,0.037429746595871526,-0.032781395532848916,0.05256983718282653,0.27917419571522384
0.0059313755561375674,-0.0032530981965514343,-2.0503327630515455,0.034799985369791425,-0.02631333868876613,0.05870459546036707,0.334436999015106
0.006004714602062375,-0.003545054061905322,-2.0505842287540017,0.039765322311049955,-0.008876934012954061,0.05146892730932219,0.34067768859994646
0.005717987270110714,-6.041457075574988e-05,-2.0856999248874515,0.039269917251116934,-0.009770928528815859,0.05229149027455583,0.36814176236127233
0.00470380571922792,0.0005908649655377593,-2.068982750001382,0.031444168144387025,-0.007821348280331096,0.05652492981724662,0.3985701333284422
0.003338057356732171,0.0012889145313862464,-2.0614688607455314,0.02626552133118956,-0.009348101210342219,0.052861470508647236,0.4351907169540649
0.0029662401516596555,0.001233117084402396,-2.0318511859937494,0.020707559844076358,-0.01288887903751528,0.05289936155844276,0.4168338799092776
0.0028600528722530633,0.0011698245308208656,-1.9612457815727102,0.02073820895100708,-0.012931545300228746,0.05673446036395253,0.392817985393454
0.002466688593427057,0.0008852420967283264,-1.9598662685603703,0.02124467340255704,-0.012441779934710953,0.05777149853042543,0.4068497225086612
0.0023994142147776734,0.0005423555158457374,-1.9201772103985308,0.01962895614408593,-0.021364335702577245,0.05905442183703925,0.3980951794776355
0.001962313222671573,-0.0009220766112876751,-1.5443662202415542,0.0328487539395268,-0.0278899969293119,0.04525859033153099,0.3068911180081447
0.0005312475333284944,-0.001418766912372993,-1.288167634112771,0.042293596119115776,-0.028525458618136462,0.030534258185102487,0.36009065145228825
0.0003961336815477589,0.000643932456905977,-1.276442125362592,0.04228892186774281,-0.032542896490193804,0.027503820350878273,0.4465786609368514
0.0003349461888509412,0.002020066465579826,-1.323001323737888,0.0410696333389751,-0.034098158521549383,0.02567100533974637,0.5053986797100761
0.000410625917194935,0.001877231661647777,-1.3020257777203534,0.03230985982255054,-0.03364088175392644,0.018217984506707374,0.6384854493612956
0.00034526466162782216,0.0021120997376100404,-1.285914794512771,0.026028061210761105,-0.03018245216638444,0.0125588131444554,0.7741333706336462
0.00076667908664367,0.0021809185223631467,-1.2296135430182213,0.015851828044310668,-0.026669448442839506,0.0022314635398260965,0.953537302320579
0.0008525338945949835,0.0018437032707220445,-1.2048846523460564,0.0170964722240137,-0.026711739463155748,0.002999102387169526,0.9699035424711381
0.001461487614332064,0.0015360779955312142,-1.0943167644467842,0.019843281475349053,-0.02663454278983487,0.009562162280362002,0.9609465409574262
0.0011548343435307073,0.0017493844053858248,-0.9255741589832664,0.044013483013975625,-0.02433504764339444,0.024819582532274436,1.060178633995732
0.0015639354822056858,0.0017295643521259558,-0.883752132220715,0.04859279277494689,-0.02323806373882698,0.029028657306535168,1.0669429608849383
0.0015352304073815858,0.0016267998517737574,-0.8299018814336946,0.05752102647911255,-0.02421799528802994,0.033844367315628864,1.0944128767607078
0.001574138662593377,0.0010503338539497946,-0.7913398446790425,0.058069130003613904,-0.02456243644944156,0.037009741785336066,1.1112026427950799
0.002594383209231442,-0.00230365872863022,-0.7135955389063673,0.05207699970166077,-0.02514760166505315,0.04018851921614671,1.1191284612724404
0.0026791187172245834,-0.0023000348839886486,-0.7043567966902353,0.04857892362867029,-0.026051091960727142,0.041412394211701,1.1078141912716035
0.002663281425936448,-0.0013607269993216777,-0.6666460543828947,0.04591277509645423,-0.02945921260905022,0.04346378714728868,1.1168673807841005
0.0027150816979803426,-0.0015852666425367633,-0.6648840694321164,0.04379309574997429,-0.02960822595649991,0.044604863611150056,1.1183059895767504
-0.02618660571701505,-0.008011356434555077,-2.186460124170927,0.001901059255862394,-0.07212862313007161,-0.07130754931403724,-1.774511653941855
0.003587196459826629,-0.007339647277859665,-2.194763935609696,0.007442870470572452,-0.0682583503899562,-0.07862443808391632,-1.7743646860856976
0.003459624201614815,-0.009284724552905833,-2.2223130165149683,0.0013387825195977847,-0.07247795396978134,-0.07737775338761636,-1.7739208747274922
0.0032169062313238232,-0.007528736867047885,-2.2362237941164205,-0.004051606955738063,-0.07256541018266184,-0.07884889828074408,-1.7502912226033556
0.002825604811399468,-0.01036161000036271,-2.2016762816731608,-0.002853983059423189,-0.06724862347410077,-0.07684733025255469,-1.6869799133046586
0.002460678099251499,-0.011279235599399078,-2.263364380081039,-0.008553852993677457,-0.06906919577081846,-0.07409662902237292,-1.6196608478416712
0.0024638560604845236,-0.008310642548216772,-2.309347700905328,-0.010827983189659041,-0.06936952025049234,-0.07267647592002688,-1.567006726418484
0.002505950131083306,-0.006720158434348289,-2.303182535881301,-0.014636764091165325,-0.0629328244921276,-0.07205100255146339,-1.5266662929915886
0.002490463275525688,0.0012454389821346737,-2.4055206119791586,-0.017075426226404816,-0.06154795651279618,-0.0660057077347979,-1.36647773115681
0.0038780917888046372,-0.006346470666546324,-2.4257386963787844,-0.01187806509256508,-0.02509653677133056,-0.055000271786593426,-1.0650470611040797
0.004451659794349847,-0.005100060273739502,-2.3869261663157433,-0.00623835705824682,-0.014928140445634591,-0.04317198975148864,-0.9635985743462963
0.004550535263145664,-0.005113554564741231,-2.3856074189625347,-0.007611104100094883,-0.013830470192471904,-0.04062177317583592,-0.9423197211000042
0.004929111162366577,-0.0063641745706993725,-2.3707155156600965,-0.00839676729531858,-0.01099495660289439,-0.04128639349013807,-0.8888301135284569
0.004861290321667685,-0.005890719566477106,-2.2581884904378797,0.0007917258341407782,-0.014726382828899674,-0.027996830184283908,-0.7487193776401531
0.00489067908053318,-0.004078290967124552,-2.214906584291605,-0.007220742654022686,-0.022837146295898007,-0.004644728492671504,-0.5521743422557354
0.004981940270397895,-0.006257314572713825,-2.2724019476273547,-0.011455441800383184,-0.028690054544737376,0.003514609131714691,-0.42357422148635887
0.004928120171110383,-0.003596956131417546,-2.162491849851893,-0.014178796918975028,-0.024543645107602517,0.009758368301338865,-0.4063648460178302
0.004900214220677937,-0.004061283543756005,-2.1442757709311744,-0.01233905174406616,-0.0253316993780258,0.01091680724064832,-0.39913717067695353
0.004892057364459918,-0.003305399329972658,-2.1581713740136776,-0.011065201994108497,-0.025386834543090615,0.010900744419986967,-0.3881967931836018
0.00475679680667238,-0.0007095922080938739,-1.9017032482631435,-0.03207230743494184,-0.03291431391387652,0.017032464703910812,-0.3762484457161054
0.005473312769347061,0.000628025269606306,-1.665862270721628,-0.032247229023846864,-0.045131021281821726,0.023031964439655574,-0.42379863570817355
0.0060537430184254,-0.001488767109772412,-1.4537488598813844,-0.032404852133055335,-0.055113586242052,0.022834460269358755,-0.46446468104777094
0.006308591137933934,-0.0015616129730341552,-1.4622083479950154,-0.03223017322717859,-0.05981335356125435,0.02441661398808911,-0.42626817601644074
0.0066256874701688525,-0.0007868299085721189,-1.4406447771729591,-0.03473242110952117,-0.05782127487102913,0.026352373380425394,-0.3995381797373584
-0.056435987751352654,-0.0022357545024045402,-1.3709832960912922,-0.05328952959318043,-0.048862308430465747,0.02519707768362026,-0.4130601661255343
-0.06406853892440106,-0.0027236734203503945,-1.3692030136150617,-0.0542447670753167,-0.03495039334637863,0.02310496875089273,-0.41424992711539843
0.01009788208562519,-0.002167140155826677,-1.4409334882396154,-0.03365896218256991,-0.04497923686351909,0.026581499718698807,-0.37795757979726324
0.01077218002952188,-0.001648508427343878,-1.4780837627282317,-0.03376051492400209,-0.045627014044049015,0.029578918124279267,-0.3282364255912518
0.011279776844982776,-0.002055566350250789,-1.4833703713197188,-0.03805158900923727,-0.043594136553933634,0.03094052852671094,-0.2986862924168242
0.011447665929257736,-0.002977372831221452,-1.4540498647328328,-0.0371897115787761,-0.04361417630975153,0.02646643721796503,-0.26818493680786665
0.012175904016983138,-0.002753169165910028,-1.3748529942680259,-0.0360407491311332,-0.03888101850884642,0.021043670034659127,-0.16134548302114327
0.016792221289742264,-0.0017671183558053316,-1.1658243244294613,-0.03779625445102382,-0.033389737351839734,0.011953707840076544,-0.039756016982107456
0.011766204843419129,-0.0017096201250601034,-1.1313350196378735,-0.049879546480024156,-0.03774266827770371,0.015562098403104564,0.018011906874883882
0.010971563392034435,-0.0025598453344600554,-1.1097238552600326,-0.05373558021309764,-0.0363777243564403,0.015639823166638176,0.044387882222366865
0.011457410683370244,-0.003296706346739201,-1.0705051406893378,-0.05039470264686121,-0.029371839521425264,0.016182408382313808,0.06110711633217676
0.007796777254040881,-0.003535677294662969,-1.0654882137387325,-0.0451916631142308,-0.02764180876893207,0.017059448681602044,0.08567706369769036
0.007018758128764189,-0.0040154522109331955,-1.050730410661356,-0.042780194329528794,-0.027935074477556773,0.017824761948754878,0.10373709649862146
0.007288925593503223,-0.003227815065989941,-1.0519917700017538,-0.044058207434067354,-0.04746800093190319,0.017456796838956075,0.10216940798129141
0.004648753246019537,-0.0023191594892434638,-1.0692524237996492,-0.03825788977183576,-0.051156611247112724,0.014389793660078438,0.1626403108688598
0.004684870230621547,-0.0009360310536345894,-1.1099809202705286,-0.03559630710234152,-0.0539897260144904,0.015072539112344345,0.24625478142324128
0.00557437910828369,0.00041469344645157053,-1.1251450998542587,-0.03140456162866148,-0.05475158073195624,0.013486908085268583,0.2924756313152129
0.005195551543805449,0.0002179873525528963,-1.101740659179098,-0.02607489593165041,-0.03393619804767466,0.012581620461677698,0.4445689703588477
0.0050680529691265195,0.0006330336506279502,-1.0453116048580058,-0.061291792453340634,-0.034028193703790996,0.014114308606112333,0.6031727350079178
0.005738799672005514,0.0018856290019894305,-0.887968613413248,-0.1424251565072024,-0.03464322800580652,0.0062572288616012176,0.8439050710607553
0.006105557241886811,-0.0029680390978032265,-0.8244573075794834,-0.14351095806479763,-0.03489398815720868,-1.0216763588944487e-05,0.8483172258980833
0.006408821157310789,-0.0030907616685646668,-0.737349733421965,-0.125552355128777,-0.03506187881895126,-0.000788038007804627,0.9221352209182427
0.006617334240816695,-0.0035472431131183505,-0.7194781240968742,-0.12378425608884581,-0.03590301566847644,-0.0030351412616093157,0.9374603822035976
0.007233633268620023,-0.007894594934768014,-0.574769637873826,-0.08744767262290509,-0.05228017458219716,0.01443854775798229,0.9504627753764703
0.00809762322682673,-0.010643842795536373,-0.5114758415011927,-0.05336077794296236,-0.06543921473774528,0.024507602957008243,0.9482736654817473
0.008252937035676255,-0.015903536273440714,-0.44034533811443577,-0.03130679284902592,-0.07181703963709876,0.04186863257423454,0.9408470860719022
-0.07666172094431181,-0.016293238700101693,-0.4588026770910672,-0.04541284595305368,-0.07494222410961238,0.0438328555624069,1.082044875665371
-0.07781631782113929,-0.01628282509976319,-0.45311399263700874,-0.04481925659634326,-0.07544954946678145,0.04405637375844974,1.0776729834016032
0.008593886357134988,0.018578143945517708,-0.2507102846188101,-0.022367794192022075,-0.0649607067624609,0.07319452084194793,0.9703376439273657
0.009117140266113523,0.017255819049189478,-0.2323342084744107,-0.02096248414530119,-0.05563712346045827,0.07688680324115844,0.9881922299259559
0.0025269541507416276,-0.0007678419816731061,-2.111812212139847,0.01590191273901034,-0.07211948320828626,-0.05600148694274097,-1.8400158497563415
0.002498685601524397,-0.00028602724809081125,-2.0710815883695024,0.033278271716951996,-0.07249159414134183,-0.061920774928175354,-1.8286573060341431
0.002484181348092499,-3.912239673044141e-05,-2.048212065487215,0.045581356719863714,-0.07049889640251523,-0.07286387244993243,-1.8231223174262208
0.0024480154891589855,5.2987301774517484e-05,-1.9903134419340909,0.04293190009869707,-0.06397891262158759,-0.06857350376045812,-1.785136306070027
0.002340451127658373,-0.00011158882492794423,-1.8075289621044088,0.04756168874448956,-0.04543021899705832,-0.05541934380188865,-1.6744052610517957
0.002090569329142563,-1.7787470510499063e-05,-1.7530380536719616,0.04999225493606071,-0.045442423191368396,-0.05258126107109427,-1.620833050574574
0.0018578594894503276,-0.0007084054151044301,-1.6311774604569655,0.050622148362510284,-0.044015028516079496,-0.04112872505434332,-1.5504019115356817
0.0017422459403478269,-0.0007786402336811067,-1.6484507072236656,0.05753247859811065,-0.04514257825395216,-0.04171304672662449,-1.509606067313526
0.0014546372561307088,-0.0004587160965046546,-1.638090859767494,0.04990252792602681,-0.04872444097022814,-0.042273437972429655,-1.4745530323445162
0.0012645423898014852,-0.00017636000167585905,-1.7164967168259513,0.052390385634899575,-0.05007135696481802,-0.038271774653829714,-1.3888583470495643
0.0012506711827867955,-0.00021281571298609796,-1.6727288227746322,0.049489658453629085,-0.04910754063797431,-0.031098942412455196,-1.3411932878917754
0.001233835322694675,-0.0018041873836201823,-1.5748589368330832,0.060444093844531664,-0.04500899806521832,-0.02128362195350553,-1.2548254422553127
0.0012347439647955236,-0.0023604489822657117,-1.3678937082593856,0.052214075555778165,-0.042476837936254834,0.019320466825194952,-1.1386826956941953
0.0008713210905688708,-0.0016923005210721762,-1.1589534900616811,0.04348760438275869,-0.06002053668885245,0.01834530429108373,-0.9038109053249371
3.372408457240874e-06,-0.001901861037970999,-1.2046161175021504,0.04021059538477645,-0.06519992647715928,0.018478300880956183,-0.854529610473486
0.00010532263776649102,-0.0012787729131661573,-1.214262775256389,0.03960078857630385,-0.06692826982309703,0.022372550469407722,-0.8225571885568712
-0.012183006931898091,-0.00044435870466766786,-1.1749382095875953,0.08156270629110333,-0.07380227296328762,0.02475183721397416,-0.7454273071602888
-0.011227110333913992,0.00023538883364751924,-1.2233080142458195,0.08168022267635609,-0.07260634098632068,0.023319232262417628,-0.6886381967196101
-0.019156545390574257,0.0016042697896716481,-2.116037641235891,0.05803747511100803,-0.022591818932213414,0.012254385568831294,-0.5307497038288818
0.001755408211464303,0.0008997915115490759,-1.9989893512643067,0.05204642537669559,-0.02316350329233935,0.024054769509736056,-0.3603104536410803
0.0016018909178934081,9.569275725773328e-05,-1.7886563591472155,0.05360671852797167,-0.03351014099086812,0.02471632574549916,-0.3905609872843997
0.001497509958806205,0.00016923622085988492,-1.8809524522933523,0.051205449225611224,-0.027335201665397907,0.022256267142088483,-0.37103639794215626
-0.014229889832984302,-0.0006749332442327937,-1.648130814055816,0.06776270418311085,-0.04201678398000589,0.026869161476092085,-0.41297748270988677
-0.015965340286155483,-0.0008040801266909485,-1.665495123818076,0.06528823180199031,-0.03986982939864562,0.025484059169930417,-0.40157449272000556
-0.014387492900085284,0.00036555712472475464,-1.8810145754319798,0.06726304686932015,-0.03420951580437758,0.021464756340765095,-0.3512728359105046
-0.01633147792012388,0.000728656457990312,-1.9722080144740213,0.06076336351565901,-0.03189313011880351,0.02148472043049437,-0.3343592923715077
-0.02478671514058914,1.5781076581914235e-05,-1.9109580885133133,0.0499755354803798,-0.04545411094183412,0.025413405868535636,-0.2163740408129077
-0.02844495631677994,0.0004237811026382693,-1.913045933192945,0.05429299674128624,-0.04524312863969153,0.03811641902496227,0.028105124425725516
-0.030758448532871904,0.0005696972953524611,-1.954344075237048,0.042968027433464895,-0.04176052290643109,0.03548546682045794,0.024018127428282413
-0.0380708464018374,0.0008430716277205625,-1.9421109269223404,0.03637611412831244,-0.035515692089003646,0.024024803462780398,0.009727219748127031
0.00550780901595482,0.0005685910921806468,-1.93566539738693,0.020921440550194324,-0.031023992216342156,0.028196099206582146,0.06685968151925807
0.006091446420019058,0.0006691940063666649,-1.9212000638969138,0.014021779797223882,-0.02278542295687289,0.028122534744444264,0.17686184801448
0.005855047007433941,0.0012293837018613712,-1.920444814653519,0.012861210783834055,-0.019666756813489544,0.029282496805824492,0.22432697754362463
0.0060120364709394004,0.001387328610698056,-1.904510002886882,0.013575836028442652,-0.02187534700048355,0.028843612467259114,0.2351090499749509
0.004769214317295746,0.0013137019747700705,-1.8010918376168148,0.017810607426772877,0.11394355483468924,0.023319982804566836,0.2940367936211073
0.0038977715930726634,0.0007088527273520261,-1.7272824444775332,0.020168308557037735,0.10792609296606112,0.027327153377827294,0.26759210934232625
0.0022913135543566284,-0.0003693281949973614,-1.6147398089716487,0.0228123695271983,0.0687974224143388,0.028438935853530103,0.2588016455397215
0.006928171328540048,-0.0005480288912770549,-1.511027121197451,0.01906025045662067,0.04071600223703914,0.030948140209259206,0.24757233342164783
0.007663784742419785,-0.00024263754469763376,-1.3315278860738553,0.02878973749575141,0.00250645311342308,0.02704210515658264,0.18046210519819922
0.005688813800653147,-0.00038856981524987256,-1.318604373554228,0.027683770838161776,0.0005750815895565943,0.02661914091747948,0.20797809996949138
0.005428550659581347,0.00012052497600638102,-1.2986430838064011,0.02876089734587157,0.0031134301643576047,0.026729905352678402,0.229745435977648
0.004944557555422144,0.00012302863257214746,-1.2929623522111078,0.029668555745040275,0.003996283228622326,0.02465747160469067,0.25623045222000784
0.002860727695245164,-0.0004161576898413955,-1.2678096416151285,0.028955618688780393,7.382309504856174e-05,0.02240333031939689,0.36747502178664904
0.002669581375843226,-0.0011210918252717444,-1.3018639646764438,0.027901646140063026,-0.0021102425991400358,0.02018274353171925,0.4673968438272398
0.002719434889139727,-0.001998198015070362,-1.3330613506828317,0.02775079331657104,-0.0032438669225891333,0.018698062360738708,0.5195529672396824
0.002759895052801611,-0.0020099154902244224,-1.3094537486797657,0.026468200663552936,-0.00775964782056476,0.014451214043159286,0.6617652610592568
0.0027194245954760806,-0.0025392959208065747,-1.2974581251473967,0.028510126945826626,0.10146953064574485,0.011161743387090453,0.8472883794965406
0.0032533302914665137,-0.002961257723395933,-1.266630494416397,0.011336782218718724,0.05819426656662914,0.0032249228279341087,0.9777812183178066
0.0032636791934529995,-0.002869398942540548,-1.2786873349372927,0.01016478191755502,0.053122427360214226,0.004760420977533914,0.989805946791721
0.0036343033556863412,-0.0026106501400585858,-1.2478622206071037,0.017217562231705185,0.050382736118462924,0.013115761373175128,1.0442301061814054
0.003739016281014345,0.0017231295331377166,-1.228057632555539,0.019121993457055928,0.05013171055075951,0.017740705234964408,1.0720057994623542
0.005413473154806468,0.0016355015135643605,-1.126362123380231,0.01916820620061729,0.04909688042443993,0.020036570817405962,1.0241884043622314
0.005648348533539287,0.0019451279427538546,-1.0306405219580437,0.026921111795209066,0.048518120152936585,0.022820938986493695,1.055729215538511
0.006224885020134047,0.0019268964235528638,-0.9749093760617571,0.02970131877097858,0.04879541622753603,0.021226176057396778,1.0608737338827214
0.006679368100699081,0.001945341225927255,-0.9543863305899006,0.03027300833607657,0.0489174413934202,0.021463089447939485,1.059770076468516
0.0072323153478722705,0.0016896654276285332,-0.8916665292305883,0.028605862422211758,-0.021341377026940188,0.02018056920360409,1.0699235008085402
0.007416537027745531,0.0016443893167516978,-0.8522610564915158,0.032296538547777726,-0.02195225740204485,0.015317722214753984,1.0888267829702634
-0.056208822859901184,0.0011780945978862585,-0.9096248634234102,-0.006383893276571813,-0.02197390586116084,0.020188149141820228,1.1906208477529545
-0.0012585122296820887,-0.0037953103741644486,1.0764739567750712,0.016689292892495985,0.16812406299555216,0.05155246202023049,-1.8520045862249914
-0.0014112569330581321,-0.001569706479332923,1.137948234058426,0.042446911600630445,0.1950704454230007,0.054635878089020415,-1.6930481828465005
-0.0010362885836201774,-0.0014208369142469288,1.174154211992137,0.05604882213766467,0.2093212745673202,0.044313477053828126,-1.6474315011707195
-0.0011119983442727272,-0.0022292550820596714,1.2170271205264207,0.06757043653471835,0.14768901498869683,0.05826833936109837,-1.3552388380557983
0.00023403210807907015,0.001456394116788137,1.249685788122196,0.08436566753177756,0.09923666369313891,0.08560797640986809,-0.9957325019891498
0.0004205638609223754,0.002698293665549951,1.2574804996057893,0.09774969504378565,0.08325522768464028,0.08252078944950415,-0.9215763970639177
0.0020374535258149387,0.0029259796411476215,1.333204200225737,0.11581982402204098,0.08628569570772968,0.08189503584330526,-0.8230760340738275
0.001859667005303825,0.005416538622187284,1.3788796337621667,0.11195306550298968,0.0860618895622252,0.07978955504451546,-0.7325205612430613
0.0006660706334497842,0.006783723289384491,1.3984738388136913,0.0996722664635098,0.07830898561654855,0.08058129617168958,-0.7110379767779047
-0.0010212059609554154,0.008663420117353013,1.4186258444606379,0.06077899824602641,0.0833931115537171,0.08110480932924095,-0.5259174671403279
-0.0034505352339287386,0.0034574261635148098,1.4711309695073247,0.016602280487686607,0.10374155029257401,0.07005654418445159,-0.3453584266752734
-0.00270499429776622,0.0005268237563116663,1.5079614990096306,0.01373083446465518,0.10929404824800906,0.06484730764532129,-0.2808245967020928
-0.002756178329920849,0.0005113213859031143,1.5087344903920568,0.014581586928106696,0.10949454197323388,0.06467792002820613,-0.2777025073521119
-0.0021550545665217176,0.0009291715799845762,1.5189648023593805,0.011544627830666575,0.10654522945718972,0.067074671641236,-0.27961592122870915
-0.0016615093341234193,0.0011450210240456548,1.5612529029709616,0.013704450373270748,0.10373760908671628,0.07379602978968708,-0.2771302207895041
-0.000524187762184372,0.00043543881231471236,1.6156147915076147,0.014712342077283003,0.11039389575394881,0.08502660030275128,-0.2892394393472846
-0.0003214791857513994,0.00033155648213859196,1.6780238578383448,0.014885716957084068,0.12250294176508594,0.08961380828631005,-0.2795187517940314
-0.0002689138640702552,0.00042420058070184437,1.6569664420090637,0.015049388643609989,0.1268275489469061,0.08866347125866735,-0.24800317018308185
0.0006689859558729077,0.0010044742320670613,1.6359330975997193,0.011698423755650736,0.1329065397225992,0.08888764330920632,-0.19203102961832955
0.0009180426646745363,0.001034807067736775,1.6359250759569737,0.010952063097657908,0.1342560996241169,0.08935840425037693,-0.18693120414852257
0.0020472270493539675,0.001450490363389536,1.641920311730975,0.009345372119105987,0.1404413468809886,0.08995860166136861,-0.16723878212570245
0.004223265906701561,0.0008913559664571661,1.6504013587716437,0.008154856019458367,0.14389681579708472,0.08775766632910859,-0.1448556075288986
0.004902584749158778,0.00113679550930586,1.6316101158473844,0.005126123245786575,0.14054205792513189,0.08209411676781998,-0.07489371455470041
0.0048419310834339445,0.0018073728454028157,1.6212709316387748,0.004320903876900612,0.1362919929151925,0.07919874350831083,-0.04705057976206661
0.005918574586798439,0.002000655856132582,1.643675404237588,0.001492879491490412,0.13360631167048495,0.07717790076757314,-0.01479847516433737
0.004387394392447532,0.003002257187885508,1.663335274372981,-0.005675919746255494,0.14386677440109855,0.0775879646741015,0.046842385562025704
0.0030696475909918856,0.002603998640292529,1.6706696492137934,-0.007717332371539278,0.14943323511365456,0.08033634603049389,0.08561253725101096
0.001694920323088076,0.002571952164305855,1.6517466585136302,-0.007179761313373331,0.151498852628799,0.0795373606064382,0.12117872912563923
0.00035176994006315214,0.0027709090625659977,1.6550545093997235,-0.010744392854667478,0.15631261228423038,0.08030535228338294,0.14322040421368068
-1.020395705254158e-05,0.002482770554841321,1.70546872034491,-0.01678277048642635,0.15285146617274897,0.07758976262028483,0.13896000298756112
-0.0009466680308076709,0.002327602150528324,1.7296186831753098,-0.019485416398137227,0.14178928938311153,0.07633185298294745,0.15365749729740535
-0.0016149696782526844,0.0022805983220418515,1.732435484080227,-0.020220134931050262,0.14504146394049625,0.07295909941407794,0.16636188726469409
-0.000215597877445065,0.0018898385692679306,1.7532212079822396,-0.024549167104746052,0.14291229036722233,0.07545591191813258,0.16664857115115717
-0.0033956356535832727,0.0006214011111523667,1.7470732242677003,-0.028841317692173057,0.15393642167807417,0.07473542366701252,0.2486896948846774
-0.0070822083414238905,-0.0005361489387091874,1.9074232163537352,-0.043682927201286935,0.19278406826966515,0.06432328860548572,0.5199516874199029
-0.007085981460178695,-0.002491640473219499,1.9751919118981696,-0.04503911567120183,0.2078693680962544,0.05190786311835902,0.6864703624120332
-0.0068544672452103775,-0.0027990637789180386,1.9711116046060233,-0.051233539711417635,0.2008905686396481,0.04812159231407494,0.7841510940877878
-0.0016754281688678503,-0.002858286045802966,2.0324777332633435,-0.06600629545534382,0.19730972336715008,0.049687384075765464,0.881556910043642
-0.0013655605974152566,-0.0032250199207893714,1.995182827530639,-0.060601049378910435,0.19505076951062356,0.04870108569996054,0.9496439331688625
-0.003548512376406969,-0.003272386085707447,1.9359891103952227,-0.05548236023461939,0.18646297395415762,0.0477654432551322,0.9477681644932598
-0.0015535511540565425,-0.003214574213256801,1.9597511079712173,-0.06366669307630643,0.1911387378148729,0.04817024619735958,0.973280208246924
-0.0013445046736729424,-0.0032076860901516092,1.9632420342561094,-0.05829621052247244,0.19723622477087296,0.04888819108024268,0.9913656183397114
-0.0011645190790000267,-0.0031195067583978642,1.9773330405882028,-0.05918220703944774,0.20172883281769394,0.047808116742115624,1.0034063709973455
-0.0006880803048062072,-0.003098248986253243,1.9907429751626047,-0.0628563845567089,0.20059175856267386,0.04894401515265517,1.0045257208850022
-0.006157689794470365,0.0024963872395715584,1.9749170490766363,-0.058914639085810364,0.20485994571671384,0.049562894967085123,1.0236613764941453
-0.00603529038860701,0.002042938866986,1.9894848034786887,-0.06172874750205398,0.2069007869816218,0.04863990288598181,1.0226360258850158
-0.006035165110574035,0.00205138347089392,1.9915597961571097,-0.06176584383906081,0.20767486861066603,0.0483833816808639,1.0238432704795684
-0.006395229782903213,0.0018499033370032686,1.9987492556991082,-0.0688829019105109,0.20986199808584333,0.04935267687395017,1.032734558641021
-0.0076697108467813635,0.001610799682963964,2.0142345486732562,-0.06995783713450483,0.21048643583122867,0.04954735822786339,1.0413344536264746
0.0121192345826257,0.009644956416944805,-0.6047349183106768,0.01446265111430214,0.014569103317261441,0.0025228335891760638,-2.0920094054835405
0.01871026435020222,0.008824135190739862,-0.38683456474704314,0.028367110657933806,-0.011666288165459712,0.007655568212206753,-1.9320465613355993
0.023531176890429925,0.007229909706473078,-0.2133805467194846,0.02047029970632875,-0.010616778728634126,0.012043260459520056,-1.8397090314869657
0.022903920289977158,0.008619299787022746,-0.14382189069843987,0.02014279402983004,-0.013664057665686992,0.018388437671949975,-1.9000010746612002
0.022848866407080837,0.007423733753382733,-0.07747796637291063,0.01852798368478415,-0.013207822458567222,0.022323845751531946,-1.9243284938919925
0.01946571053443246,0.0060845122722798265,-0.027905993436797293,0.013738237767202024,-0.01385136344686352,0.02393103768847694,-1.920578538266856
0.018171059651976997,0.004954370318491172,-0.005525997465769855,0.01008779713250407,-0.015148028911429245,0.0239755881884989,-1.9128185435392384
0.01752466773067998,0.003740409771608917,-0.019864844295456693,0.004694557684098639,-0.01965483171657783,0.022539133193426094,-1.8562476404469446
0.01424289313489367,0.0025284054138897103,0.014376845325249445,-0.002570211624722632,-0.02693361246069989,0.01679834934645998,-1.8237128671544587
0.010131132825266946,-0.0028834796303502446,0.027183777530175996,-0.017294970710661644,-0.028874169074126627,0.012600674419731252,-1.7199575770161946
-0.07494842118837841,-0.003832953478865209,-0.01433366223244865,-0.04211655409457153,-0.03167113941020157,0.014171230557363973,-1.4982496806164427
-0.08037249846407503,-0.004532766045595963,-0.0483135730331068,-0.05471126742655669,-0.02785229687358745,0.01313559756412978,-1.4750195476012888
-0.09129515159934287,-0.0006467932947639413,-0.009615246419594284,-0.06443869736312541,-0.016984121625563946,0.02547356651633331,-1.2046602775635964
-0.18020824178793676,-0.007139678992612306,-0.10107992879654047,-0.07830372185481142,-0.0017174462219489597,0.02857420812040246,-0.8947818444763542
-0.21561187038383703,-0.012801863877475705,-0.101616415260579,-0.10946199084658693,0.0007757424351827909,0.032751663095237034,-0.8762114011124319
-0.20636158656257628,-0.016018489243135526,0.020022908737273998,-0.10286369749879237,0.0017377367760835721,0.02398407598686404,-0.8274306086109653
0.032249138204051696,-0.020243768804467127,0.14465869924754438,-0.03443401530570254,-0.012602112500284915,0.02324967962518636,-0.7097953856689626
0.008195098705524186,-0.014940488335894307,0.5174806233889897,-0.02433278433314434,-0.01723250805289036,0.05717057511152583,-0.6078109077592372
0.0041539568858287934,-0.017302528515211572,0.5530937194431794,-0.019302150639338538,-0.014789902656949735,0.04840511078177897,-0.43713593702405246
0.0025800857570123675,-0.022032003164638266,0.49272091256802203,-0.012600380177265273,-0.016330780507522336,0.033265339315718796,-0.34857278876249626
0.004916943107544745,-0.018523494705374247,0.5661119784288005,-0.028021543885140665,-0.019581383524494757,0.03141247970888707,-0.2980543496139245
0.004884312767688086,-0.02081797827322732,0.6698944074522354,-0.0386181243419236,-0.025622309866141123,0.05065898730313279,-0.2715004949152348
0.004883953589059566,-0.024138904886298072,0.7918847700396927,-0.0479953335074042,-0.0284593162731548,0.06871785658087794,-0.24825289346863763
0.004904598984400327,-0.02341514652191053,0.7970202442564881,-0.05328269136908988,-0.02950316074084219,0.06787878384694195,-0.25111453129142863
0.004896813654243146,-0.025032923564272235,0.799517670897552,-0.05579759602808924,-0.033591562050958645,0.06885157079179978,-0.252150102514738
0.004930142014708384,-0.024960006524554535,0.7942252973601365,-0.06828380415676027,-0.033790478447998304,0.0665342610194438,-0.2517707277519717
0.005003005602155269,-0.024424166825389972,0.7722177463083187,-0.06673688336644659,-0.036030589220518265,0.06459543672283699,-0.218883959760712
0.004775770205796063,-0.01628343962967268,0.8414947185867026,-0.058642292580362444,-0.004250916892698686,0.064127376467859,-0.25058001504825
0.004942599873446694,-0.016613081498450442,0.8610602127028555,-0.0598811442747806,-0.008989674357488013,0.05767251436388914,-0.248193507643697
0.005906164949453551,-0.016044889257041367,0.9095043294819614,-0.05717212520944013,-0.015822110513844745,0.052237630604769617,-0.2480966292078645
0.007391496757727134,-0.015075473176207591,0.934327408502397,-0.05446270752600337,-0.02306620856769972,0.05166703837196343,-0.24996645390458586
0.008331290162783481,-0.01659624908925096,0.9847907837389772,-0.038684689949049715,-0.035129914488056795,0.04176816932256876,-0.15222419460697184
-0.06248935246538207,-0.017757136915573422,1.1150977272674356,-0.05162400612352452,-0.038751614802283084,0.03660679621789297,-0.15231830443395805
-0.06404407410285096,-0.024964989737466352,1.1588324767470795,-0.05037462717907278,-0.044369420246204425,0.033284996168699274,-0.10404798020222909
-0.059790533686416826,-0.02702863936139732,1.1716297295050346,-0.05059494263399024,-0.057760648021463426,0.028232227815514974,-0.05629236301581255
0.0062991521792038875,-0.025956352611045876,1.037589171160154,-0.035699345646984654,-0.059322152710523185,0.027890862197763,0.016894052928564492
0.003997626697917861,-0.025424768805787826,1.0289882624362419,-0.0335294425451477,-0.06810906836218289,0.028969944971870432,0.05365378632274702
0.003077905755327098,-0.025225679993327615,1.032944620138246,-0.033973731378847793,-0.06955352787652544,0.02930746058236464,0.06836545687278243
0.0027753487750492257,-0.02359766336453067,1.0584768346627864,-0.033243152884835626,-0.09128021629174093,0.02865162179187918,0.07686138955651887
0.0016085736299082268,-0.023444684392714226,1.1297098925454858,-0.02765339151359226,-0.1136127631536392,0.03329838000989809,0.10960729190610012
0.0013881390783578873,-0.025322629942291324,1.180492444742648,-0.025710082340448692,-0.12079953489142722,0.03482837376802873,0.1236550307572457
0.0011630669923292701,-0.02569780459936168,1.1886997780444089,-0.025636161448683553,-0.1273785814781869,0.037322234605107855,0.13924088276502655
-0.00010090595203524758,-0.02270549189719445,1.2038615780546458,-0.023164552646770448,-0.13676275878015706,0.039237393458135164,0.2113638537310439
-0.00026188778817663483,-0.016892717586187263,1.2329716432072002,-0.020358892822785572,-0.14935283093572907,0.040152688486530405,0.3396854182100255
-0.0008011593777534859,-0.006597479237426663,1.365446530425208,-0.012691817319101092,-0.14850526040402898,0.03526632092754296,0.5264836334419941
-0.0010310609985872924,0.000253514031601325,1.4463099891089417,-0.005955622404851584,-0.1617388658055415,0.03158955028014002,0.6681603192642166
-0.0016721205840620438,0.0008160074458798418,1.4183026772048148,-0.006842380907282367,-0.15265537009929062,0.029319229253841048,0.7647685579816529
-0.0017797045448173655,0.0014030887342327148,1.3984473379699336,-0.011192167818074666,-0.14268275494608157,0.025688703703191484,0.8532382013399148
-0.001785416388970044,0.0015774296077587062,1.392045497331812,-0.009441912491531196,-0.14202446171604677,0.02593420302105609,0.8587937096184607
-0.00171975476237918,0.0015196620083696459,1.3797069686187613,-0.00975579027567974,-0.13862922789863827,0.026255054573140445,0.8781946969793326
-0.0016742271500399533,0.0015403069756684878,1.3745312769505729,-0.008006423271610653,-0.13762189942399383,0.02648378168018211,0.8897154897377284
-0.0014107425835239733,0.0016474987350978366,1.3924232068478104,-0.007807796084246479,-0.13262630947006473,0.025763416709248844,0.9054755882850264
-0.0014192820838162328,0.0018977360057211513,1.409882194862561,-0.008251203161557957,-0.1270831425139745,0.026317888218320207,0.9153970952046981
-0.0014089321207583826,0.0019967594938696607,1.4626936427205015,-0.010376612430265676,-0.11249555156021296,0.027104766218643002,0.9350581389765247
-0.0015765449666192714,0.001749983962245444,1.5036797744984256,-0.011808816538605486,-0.1053625780039317,0.027169392913238985,0.9423346493581627
-0.0010666891733088686,0.0016465937787932027,1.537665788471549,-0.011705112822967805,-0.10811735810849576,0.026626652562572697,0.9508021826791335
-0.00010190563833536786,0.001427341506927805,1.624555022684761,-0.010190714488117304,-0.11546551803173696,0.024662705006778217,0.936300484938901
0.0004429629022258205,0.0014675508821365426,1.6897505220709266,-0.009291184089816912,-0.11734270309658668,0.02584942597957851,0.9224674721935714
0.0024015938974001833,-0.0004362861387741943,-1.8768064899339587,0.047438415065474505,0.055265456745819126,0.08419171531398101,-1.6894834785708253
0.002371653782922885,-0.0003061292604504991,-1.8488294369878902,0.06605849178272903,0.05504477456289931,0.0871833856144673,-1.6803224163161945
0.0023667755962240005,-1.0912851303156298e-05,-1.793471593516188,0.06810015866908332,0.05271347186848865,0.09555806385154156,-1.6637817665888086
0.0023202428685952952,-3.4682070258927004e-06,-1.7963835400262242,0.07009607613328858,0.05253065024336478,0.0989427306921973,-1.6548189200311227
0.002232625399301085,-0.0004681028128367278,-1.6568561104620638,0.07925868794927149,0.022357943595087984,0.1311903565083914,-1.5702681142071275
0.0019851438466776134,-0.0006429550774552612,-1.5749796123682518,0.08142006185770327,0.009884078091002285,0.1327907333948389,-1.5190103054955302
0.0018559794676058477,-0.0015528646580392057,-1.438341306108357,0.08594558646841884,0.0021963087243287768,0.15761704012689703,-1.4495053748403761
0.0018069060271805617,-0.001672152512472623,-1.4398374091097705,0.0837880262940969,-0.010716312732194687,0.1577115628980678,-1.3889698563875879
0.001493516818827806,-0.002688487690712297,-1.26309184333301,0.07135555310039841,0.004733671820357113,0.1470805501370509,-1.3577562001372723
0.0013169679927045217,-0.0021140516552997234,-1.1209304090630408,0.06236233854013046,0.01033235172160901,0.11280593177980339,-1.3563945773165293
0.0011088554241465841,-0.0020207164426509034,-0.9705391770336875,0.061403825807563074,0.008320454968137244,0.09600833353068584,-1.4127987880972461
0.0011215421322982439,-0.002139345321032701,-0.9126121202627762,0.06346809293868838,0.0062226537758670675,0.10196147764524782,-1.3135781645010884
0.0011290239692871827,-0.0017864759750747235,-1.013370627489415,0.055801011204644355,-0.0038314419706657454,0.11374025332043568,-1.1399411830455477
0.0010658735547380736,-0.0010699658799759606,-1.097691841334562,0.051448869963908635,-0.045163287729878404,0.0956394423103492,-0.8486263832436007
0.0008338807883077326,-0.0005609001454711482,-1.1328598428858283,0.047722088952597795,-0.05306316896561197,0.08745767230854713,-0.8085871509607646
0.0009253725860554189,-0.0005196318356143505,-1.147340771144228,0.04422598849973827,-0.055556143240214066,0.0887077967860555,-0.7822160148038089
0.0011627701965294935,8.522302890535391e-05,-1.148039232783953,0.04746539977383681,-0.061127636301222484,0.08461376029757925,-0.7209109872446106
0.0006921160509780596,0.000722839744561578,-1.115153100554208,0.05088299979951367,-0.03486698631803981,0.0900846228886896,-0.6395715723697522
0.0006703113376034451,0.0011504201542977624,-1.1881352978414976,0.05284320026766538,-0.03581323932687439,0.08523496275781765,-0.533842409827375
0.0007062834888801084,0.0014734128100679362,-0.9676304296066792,0.044547523972380904,-0.033429069951451854,0.04599741106912872,-0.33326020684681895
0.00035674665277977307,0.0009184080665563994,-0.8998595149015026,0.04327484026839298,-0.031190065257952537,0.0439291292061008,-0.3172949679611053
0.0005974421365938875,0.0011890919384629532,-0.8486000603055813,0.045090031926244535,-0.03299115515914401,0.041689487532254516,-0.3018822380246734
0.00022973076706443585,0.0010293084560493706,-0.8663811825839141,0.04607689387741716,-0.03428286952811739,0.04160248503729773,-0.29673717998819993
0.00019500713986312908,0.0010724603797615927,-0.8568287712301363,0.046907746756494596,-0.026826256340340783,0.04093667237122668,-0.29733703035121517
8.389928066200798e-05,0.0011024638734611755,-0.8525064638241924,0.04748440037330926,-0.0263626685523256,0.04200589407337747,-0.29986054202502155
0.00010247313117479233,0.001140761121954304,-0.8485938509894315,0.0488545665924694,-0.025705510363613453,0.042001217290543943,-0.2931235248171975
-0.010915735123371403,0.004364105262323161,-0.8515181761395053,0.1381649411894599,-0.047329207356349684,0.04377883190667372,-0.24436847093557565
-0.0030422810418515257,0.0010372896048348723,-0.9709763260384032,0.1302440673090454,-0.052574261574115835,0.04446887494154544,-0.21645637846400745
-0.006213189778868566,0.0011540544373593207,-0.9625181119969191,0.12428456172552892,-0.02101750467041501,0.04554500111327288,-0.2190547376010133
0.0013578003459364966,0.0013899375820977014,-0.9151870473962491,0.04847639828214655,-0.006563080315430152,0.04199951011011999,-0.20459519605676682
0.008441897508510517,0.0013574683396119149,-0.895053377655066,0.049029218032758885,-0.0019306339405381855,0.043216095520042554,-0.19666185689519333
0.01154310054036463,0.0013475320641211524,-0.891990659557541,0.04764478331071436,0.0012473748084793604,0.04136242726017528,-0.12454867112827547
0.02212278813863532,0.001708132987555642,-0.8202066494608429,0.040373106279077066,0.007900083139628988,0.03663178935650728,-0.051689052281887256
0.023963408419513766,0.0019477419701076637,-0.7840567025727484,0.0390772851114351,0.048497461924238885,0.03676532597837102,-0.028578956827881807
0.022917518333515633,0.002212790846709911,-0.7818857934210998,0.04452991712839067,0.05530826472699174,0.037984256162768675,0.017032060203431246
0.0184699991738408,0.00188300437370576,-0.7698583118726063,0.04779664280460105,0.07402532940592245,0.0365679715759838,0.05170055422300584
0.01357730848911942,0.0016799858917285059,-0.6511733244476287,0.06265989546308688,0.14494289563818355,0.0416815031389186,0.15545961555256704
0.013961398378483392,0.0013044175379418226,-0.5874461857311629,0.072279139977531,0.15712636979924896,0.04355349171884888,0.18558791979924572
0.01963811330380177,0.001110904781343831,-0.5610346226388373,0.06557783488483744,0.15799818794406817,0.04592677576890152,0.18462675601075426
0.027231826950891297,0.0004975217375275142,-0.4570471626507871,0.03817734393634422,0.10896691503567638,0.07030449005800841,0.23448895043130197
0.024749817862587065,0.0003255098797810307,-0.45372064701404674,0.04163459821190564,0.11366936742361261,0.07199037875809791,0.25690821353795673
0.02167917584637146,-0.001276545546472712,-0.4145712212432101,0.028548719683340534,0.08970462370839219,0.0822167564733974,0.27431815849415825
0.013842185772196702,-0.0027570314101040944,-0.35884587515715555,0.019446021528243578,0.09495223696948348,0.09506465571364535,0.37462648799116754
0.010690637286437963,-0.006184634357875547,-0.2679849288234326,0.013926562854130459,0.10363074459871521,0.10317223310032993,0.5209283187029644
0.010448317060029935,-0.016346802948699262,-0.17525608120965264,0.00892388511542346,0.07698356963308871,0.10445204259890446,0.6627428387084258
0.011010755369548835,-0.01837595462009794,-0.13735016840218142,0.008373357438940248,0.08813934770396073,0.08990155626643978,0.8162819716909111
0.010853835712417518,-0.01637614103624626,-0.13388066433847629,0.014287442068476283,0.0984408818205069,0.08539147572378367,0.9052162782924288
0.009894181901661607,-0.01625310978293885,-0.1165604172701106,0.015184276657208236,0.09860420732006421,0.08722389370317636,0.9688728981901462
0.009621137017828399,-0.015749720582509355,-0.11953703851124643,0.01557910083656174,0.09912248794417094,0.08767664975007766,0.9799523233587195
0.00950873296801852,0.015987314702649774,-0.09809834244590417,0.018481007632216252,0.10880569360235871,0.092328471532143,1.0368350098766175
-0.07021831012567296,0.014680073763025842,-0.10044902458649575,-0.010201276175126799,0.10004962159039887,0.08122569546414109,1.3112751627285584
-0.038753854651654596,0.0006010968961035945,0.21494773449770704,0.03444397793454636,0.06018389958183162,0.07781374197188874,1.1373627731597218
-0.019312354420283805,-0.0002026174839323665,0.31627088661378217,0.04780606987590369,0.043514898700137875,0.06878725284633004,1.0483283142038777
-0.019318376871414245,-0.00019001085742582533,0.31797639270256867,0.04780767654705738,0.043349096624193915,0.06825043241161687,1.047317239779218
-0.018000859444195192,-0.00018942890875966632,0.3220745757147929,0.04967094042444872,0.042740755489016485,0.06753312959446545,1.0431329701306231
-0.01749605459105697,0.0011194563273864329,0.34515943439881236,0.051546888147336184,0.04225184222649657,0.06691925194943374,1.0197465668696692
-0.016970004186516462,0.0011120930000368325,0.372319130002196,0.05241711080898258,0.0410016902855691,0.0679927702277576,0.9949449295473397
-0.016955101729634162,0.0008369305900304343,0.39778158007638753,0.05140410276459909,0.040547355940628096,0.07023145850540059,0.966746094539951
0.002545657249552525,-0.0012741116744020475,-2.176811515779058,-0.14519266377440265,-0.06556168691555143,0.005076686311154359,-1.863118588551864
0.0025272739920517324,-0.000998569318908291,-2.14552894578775,-0.15182186470149495,-0.06392614114875028,0.016817081905550677,-1.8395118468253118
0.002480741264423029,-0.0010108416073777219,-2.1416265365336047,-0.1453313742303552,-0.06353962849862979,0.019107250172074066,-1.8264287527901473
0.0023772965131776927,-0.0009343370832061984,-2.127067534661831,-0.13981499166461764,-0.06285657961923283,0.02097195194254489,-1.8107204021313088
0.0021054207072998517,-0.0008291752885534248,-2.1370654742638493,-0.138864007787706,-0.0640414048840092,0.020040054555337024,-1.7904568630923985
0.0019603786543250313,-0.000569418192601012,-2.0492805325155503,-0.10539395538606494,-0.06763907631289216,0.01839289832197799,-1.7355749618840683
0.0018480214065804922,-0.0006207882795121812,-2.068107261411228,-0.11029670104760012,-0.06780637747539826,0.016218578103407107,-1.7137445072657957
0.001560304861687166,0.00022296335701645954,-2.0472892371898372,-0.09786982402492919,-0.0661636853122216,0.008642197916068342,-1.6539381805478088
0.0013490454576540738,0.00027208877881715197,-2.0171976620014624,-0.1732200975573105,-0.05250927113713184,0.009910997345900239,-1.5229974023024135
0.00134643282880068,0.00023772547610720595,-2.0081835218292077,-0.20918412619563292,-0.0540527685844008,0.006412556511100659,-1.4611473585219081
0.0013883151474417064,-0.0007668255366475687,-1.9597555373101456,-0.24736987667311205,-0.05373042844712527,0.01166801976016946,-1.3908658100148417
0.001136663457962031,-0.0006471833305168716,-2.008956170982799,-0.23355057217490535,-0.0541092302940554,0.021372298598650946,-1.2078914536625642
0.0016527344302739897,-0.0007724097923300266,-1.9212582626058132,-0.14905166903656666,-0.053497748034435924,0.0360761868595614,-0.9176523141451105
0.0008935546944156335,-0.001719200044119297,-1.6262784945853581,-0.08260828908913086,-0.07131676402863164,0.015551609163133057,-0.8923794496364733
0.00029725264780574895,-0.0011953884077829777,-1.3170546991286394,-0.047002887633609124,-0.07106687721324081,0.026281818490227704,-0.8476000139477535
0.0006671918550395829,0.0011912230136372954,-1.2236765649019452,-0.037645309497346714,-0.07273752952373679,0.0366686240660011,-0.7415245762372117
0.0004694216057868478,-0.00295203264383355,-1.2068374371403119,-0.026005882715952784,-0.0711376907911807,0.050269086376380924,-0.6603779836957808
0.000683828473442104,-0.0028222663801554947,-1.2440375917172761,-0.022840346545578444,-0.07246738709408619,0.05755614894806313,-0.5426372318949387
-4.826344128863888e-06,-0.0015774712174496813,-1.097455447299834,-0.02683068631668442,-0.05872262823710443,0.031094294896117744,-0.3769421718400131
0.00046729627528558314,-0.002618182584795852,-0.9400374670187691,-0.03951417283331532,-0.04156005904241657,0.026525528642501187,-0.3145021132017665
0.0003109769731516477,-0.002633887804454027,-0.9489834608105915,-0.04010647843999397,-0.04147698644788336,0.02651069936525322,-0.30750611440964465
0.0004867561653208416,-0.002233091803398104,-1.0123661153266699,-0.03817026345693391,-0.046414690480469284,0.027674851637328465,-0.3089007890569478
9.769589945818314e-05,-0.0024753700362326304,-0.9515903630803245,-0.039297003859775734,-0.04162079217562978,0.0263126972658948,-0.3053121155875526
0.0002527040966288144,-0.002760433668310511,-0.9027109099301464,-0.04079298004955346,-0.03832603976789202,0.025066038174139053,-0.29658422188744754
-0.0009230462293895165,-0.002958142448232014,-0.8874916883124265,-0.03619013318645911,-0.035570229420112814,0.02701047533773566,-0.29173948157167173
-0.0008353494581325016,-0.003010432401494251,-0.8964283266651129,-0.031205541656634816,-0.03680710916982637,0.02651384201326203,-0.2688160872749041
-0.0002586477761555479,-0.002631472741316879,-0.9119939053644156,-0.031043491598930977,-0.03751262803771568,0.024978672060368412,-0.23991867849439752
0.0016962467985862713,-0.003317436296742881,-0.889225762044337,-0.02790190799785702,-0.025015174838326742,0.02590041188280996,-0.23313732398099996
0.010955052625723658,0.0024325315281651105,-0.8302935883617327,-0.02317709106349908,-0.02102128567475805,0.02204232697583025,-0.2092478055368392
0.02053558199945245,0.002675028451167954,-0.8112499545419131,-0.022093061415327398,-0.020948395097580008,0.02132940883107668,-0.19956991155861173
0.02353852998702531,0.002433594491478454,-0.8050888449244235,-0.021867156929697804,-0.011768354193681609,0.021818025334217873,-0.09990496292956196
0.02888863956271826,0.0024423320158644076,-0.7690174945565204,-0.02247053870761092,-0.010559963370927147,0.022803145875457117,-0.052127841630946685
0.030783946083904022,0.002639260907722626,-0.7247982017887801,-0.021501455013748515,-0.011621986208117888,0.021859012652717575,-0.04776862817530061
0.030719885440575974,0.0026533496508363724,-0.6798996371019457,-0.023390119380820144,-0.009717730609752045,0.018211448312522308,-0.02019713822106289
0.02507427447067068,0.0006732702343093956,-0.6102311398367031,-0.025938119895512493,-0.016835815138227826,0.00942325788391347,0.01707344273477362
0.01628461593087595,-0.0005566623555644647,-0.5256948453009114,-0.036806518072906115,-0.01939879687069704,-0.0018882044772786754,0.11510403841792556
0.014406794420437756,-0.0004716788318457912,-0.5179013268429299,-0.04070160463013425,-0.02318079571415197,-0.0044425358260086764,0.1299723179331227
0.013733544006468834,-0.0004664034525623341,-0.5911181674260334,-0.050540375969544964,-0.020880826643543925,-0.008429725653892547,0.10766507407585925
0.00970619372444069,-0.0006145113143522336,-0.6275843800746053,-0.045706825181174277,-0.02062412103343007,-0.008697229908120946,0.10244538500157971
0.00935253627712651,-0.0003121995530035146,-0.7106015023517582,-0.03552756231102287,-0.02231100352342512,0.009360483775539549,0.0893719166025988
0.007416009987626938,-0.0003782551132256838,-0.7166842885548521,-0.036005650842013244,-0.023564594440651905,0.008832351638846082,0.10266957893722609
0.005347052811484239,-0.0045365123860155706,-0.6077256419122516,-0.06562050239795449,-0.015867647834033778,-0.013305433194073152,0.2189696829204739
0.004971955918746208,-0.008877342474324507,-0.5993367864421163,-0.05816328359879971,-0.014399976932066112,-0.00444650664518034,0.38254239589791905
0.004459302222547508,-0.015722085894087138,-0.4979544005147215,-0.049788307963268164,-0.029013571505395463,0.021759520955289702,0.49691728857949247
0.004477692794197366,-0.018971578220745945,-0.41162804921019447,-0.03492360120485779,-0.03233714873732085,0.019094464723236986,0.6681559783498869
0.0048486481841317555,-0.01955769155038991,-0.36029398512733557,-0.030624642036194253,-0.029989149705272496,0.02186808458998885,0.7629214533398244
0.004359802598235943,-0.01730039681137439,-0.2645951997950738,-0.019080324035424936,-0.006638556959807153,0.04038066004209939,0.9152158919601785
0.004473009800737653,-0.017299890049448537,-0.2746427226070698,-0.016683597092006668,-0.003676607015001772,0.038053915692366505,0.9312842607103807
0.005493685900551562,-0.011606651393136698,-0.33238912001614984,-0.011869020185342668,0.001985024614143571,0.0466971541916582,1.055260045763392
0.005384683962504147,0.013434268104722502,-0.22416735642790536,-0.009322060377759778,-0.00024054622280839726,0.05312198505669729,0.9962033172595367
0.005545533251307173,0.013970958854789878,-0.22531564978616178,-0.00796026701146342,-0.0003387740688231436,0.05396860496626208,1.0047754382197873
0.0029720453959252782,0.013833252355310603,-0.20355518763133043,-0.024299616016990364,0.0657181621167352,0.03813799575711751,1.0102828374115833
0.0026774808690039186,0.012486336455075698,-0.1884247635971103,-0.024577872679534214,0.06379106862306919,0.03477148168168868,1.0022362510978307
0.00245017576745506,0.012532718450558157,-0.18119330186653332,-0.025304980343981057,0.06488116293791096,0.030447932982071737,1.0034205953821345
0.002495152289149905,0.012310656520770789,-0.18040382564195306,-0.027430548993755605,0.06145837429179115,0.020384236862579893,1.0117456619075011
0.0023887224582062813,0.011980374285820062,-0.14176243205751837,-0.02348274377745542,0.05669189637155575,0.004651671403168481,0.9991636620664507
0.003246692824793445,0.010384264445696161,-0.3039723461467244,-0.024639627090738553,0.060249576024414914,-0.0028620589376568534,1.1789511265252215
0.008634737714905557,-0.010570175494906442,1.630241388443565,-0.008138348473491947,0.07021164778165334,0.06424779184562789,0.07581413934819559
0.0072612809682608475,-0.009979804479264035,1.616853950851358,-0.006922280395307344,0.07448459434603744,0.06596021032356836,0.11965755164663336
0.005095310687877897,0.0032813642244586883,1.600563353071865,-0.006672097665394356,0.07824416012421306,0.06946798490844056,0.17941699874228034
0.0037522061458198936,0.0034526263473502084,1.6167936813036934,-0.006440417719038036,0.08183111934338477,0.07099130992038519,0.19871379115279217
0.0025354673341180323,0.0034371611176665135,1.6472485653432614,-0.005989084999303758,0.07922276238007622,0.0743374369206389,0.20807061546719516
0.0017537566757630425,0.0033175287721319987,1.654699366291742,-0.005031274827550938,0.0775434416829471,0.07402880514604178,0.2237812935848718
0.0009009451227118925,0.003313615608630691,1.647768626012446,-0.004270611350977883,0.07678562711734643,0.07367645478116648,0.23704277460035555
-0.0067538737799775934,0.0031352234002640536,1.6570785126896959,-0.005508679687772059,0.17588519157359586,0.06923605808667851,0.2276261440417856
-0.006200711178928904,0.001044740394802361,1.7281888008756559,0.0002824499426792418,0.17199520102365662,0.0686604191186846,0.2861188094029728
-0.007357882412665219,-0.00018305959669572482,1.9067056095782888,0.009063854518050722,0.21394068079880182,0.05830645827954763,0.5430138045459368
-0.0068062287702256325,-0.002286604426548327,2.0162268677021014,0.0101585250523828,0.23488547374246002,0.048669976060311156,0.7147819004524166
-0.004444825637527848,0.0031538224378324315,2.0239151442057177,0.011672381176022876,0.22833274791852798,0.0470498175141344,0.8121832878280237
0.00022429830228522566,0.0028125329227083086,2.1551986669529097,0.022725066985388155,0.23669941891118346,0.058705163426641,0.9309316388332133
0.0002988092101915399,0.0032131871154607848,2.1427600218256986,0.024581159190169913,0.22839615411256065,0.05751557910275217,0.9878375791127882
0.00030569259688965184,0.0031910336431594326,2.1347248516658515,0.02421118969271626,0.22883193145134614,0.057633516241206974,0.999075059399461
0.0009027994864694431,0.0030312011389050466,2.1383488457643547,0.023329475286386292,0.22673727086146664,0.060160216371622825,1.0161596283244887
0.0015790843625411452,0.003249678424843244,2.210683286903818,0.01909490492546407,0.22194386227605842,0.06769907764496194,1.0225477196937558
0.0017812692695593707,0.002491876932162691,2.2232438743272867,0.01815804475329258,0.2242635018653924,0.06804941846028828,1.0236947210993739
0.001753241110878676,0.0024877743122710626,2.2252495048312033,0.018026561362243516,0.22476753895151114,0.06763823028649885,1.02554947525739
0.0017172916336510987,0.0024070803806495555,2.247765056849103,0.016941145434362273,0.22279110454218382,0.06770472984777479,1.0122570245625544
0.0016872772972211544,0.002007260803806521,2.278985414898981,0.01397490740885413,0.2150856041569446,0.06986857215109768,1.0057454902467085
0.0017230336235517897,0.002100246703096041,2.2850927964522882,0.014276576150167138,0.2142720617390783,0.06945821550719966,1.0082733191960713
0.0017332782750865234,0.0018996431688733442,2.2960026375738884,0.016130072981960897,0.22173359867654557,0.06905659690603191,1.0230934687899615
0.0017368238248232559,0.0017078755246205445,2.312704005157149,0.016109204955296427,0.2222843130608252,0.06641637522845668,1.0353859428153287
0.0010487163544251467,-0.0011106445003743947,0.6349928023626598,0.043418174226065094,-0.002259908429313122,0.04824773490205555,-1.8388134630450996
0.0007862576679135839,-0.0009612576272216784,0.6740109582181489,0.03589564784077617,-0.006149956459742639,0.055897878894873985,-1.7291739952935863
0.0006795243995438679,-0.0010435004244671439,0.7007225723294285,0.024191232873826712,-0.008031684313449056,0.04746749090810575,-1.6643413797271505
0.001352008755032036,-0.00010240445120716692,0.8222225412660538,-0.010018255138559477,-0.01046201854721008,0.05451855566751324,-1.2825703257592191
0.003706448122964302,-0.00042537279744372453,0.8324187311917631,-0.024769769865132855,-0.02596435844063594,0.07758492792881068,-0.9522359150805995
0.004226911529462151,0.000533312787082431,0.8027174022795323,-0.032241936508671735,-0.02476434567126999,0.08754814933176612,-0.8799326816172544
0.004078934246074397,-0.0014358337114822922,0.8657621741410962,-0.032211480060275154,-0.00010636269389314239,0.08331233074469714,-0.9114024122895924
0.0042052685527054065,-0.000807729149269751,0.9086677355535304,-0.03230735211802435,0.0002717713612882771,0.08263792960247968,-0.8550111597978711
0.003767536236662518,-0.0012077411744821618,0.9462085072017136,-0.0309820432663697,0.0014465312911641041,0.0789508947495424,-0.7959230859951829
0.003907550993538411,0.004033728668841793,0.994412826237976,-0.026268638240862643,0.0013316081564403509,0.07123191311234044,-0.6096714578044068
0.00392381729093894,0.006856328534073808,1.0096881322868325,-0.017915247234174324,0.0053293186139347845,0.06402861255597626,-0.44469383837197185
0.0038311769097302707,0.005992974523455415,1.017573989005404,-0.020952419445294423,0.005699750385623006,0.06684759698861613,-0.4031290039275194
0.0029006681850507698,0.0054334529593069196,1.0375323899041455,-0.023853033359856873,0.08997274324357374,0.06632085480407035,-0.4489516736742707
0.002901767333220544,0.00478187194228034,1.024845727341268,-0.02871545245928726,0.08973439593018581,0.06587006966896583,-0.44872203475982875
0.0028784214275019647,0.00430963891587065,1.021669246297538,-0.02865658498434127,0.08948497570119714,0.06570291123236838,-0.4405186543184164
0.0027075656592712018,0.004616583298069558,1.046138066881111,-0.033065481274738275,0.09233800104619813,0.06352426010355311,-0.4403584306981695
0.0025964736829101735,0.005752696670155751,1.090073270832362,-0.030958951842121437,0.09668981793467385,0.06304954747312527,-0.43015411574492035
0.0025647985072272607,0.004091303705946532,1.1124695100729958,-0.026067970713896455,0.11059551071767987,0.05780944714785554,-0.3682014169114787
0.0018339657439832182,0.0030333650762796147,1.1564852529697751,-0.02033744456446174,0.1274983215494283,0.0495425129458128,-0.2715899050008159
0.0011978077926595508,0.002229762220749563,1.1961212692479402,-0.01933349236842846,0.13464786646202911,0.04655654216071333,-0.2413354743612593
0.0017622243534166537,0.002576499973218871,1.2384987204300533,-0.01946050935611076,0.14596948557961595,0.04617791337548933,-0.2047384780333257
0.00180938407879565,0.0025726649664570378,1.3886608952127397,-0.01735649245799903,0.14970987249088977,0.04951970674941928,-0.13604326538509082
0.0013173329593378575,0.0037929162189091746,1.3963482397359286,-0.014232509856365183,0.17108994193456087,0.04668858261267573,-0.03444984462670534
0.00024627235528301884,0.004647768340082727,1.373652555726117,-0.014661797483801116,0.17738784830934431,0.04217857482290498,-0.0045340729916379975
-0.0007294633543094913,0.006753588591161811,1.3958434437925815,-0.01580511048189795,0.18655157520283525,0.04236137159608191,0.04199049516817569
-0.0032589852629828883,0.007525269402217281,1.4524834536993319,-0.01561039475943219,0.20371787922109447,0.044739878493471955,0.13187798235816336
-0.005985141742842098,0.007410037398949819,1.4538057467600312,-0.012687038892236564,0.20745888280569863,0.042965357002108386,0.18172177792209024
-0.00806494048061714,0.007305619102390332,1.43653424059532,-0.00959621606466456,0.20167764233782462,0.04501478011155557,0.22261708278884468
-0.009718764405159477,0.007719737843419017,1.4624446182489708,-0.010591702542965866,0.20125548060406964,0.04681295914224751,0.24725788934380102
-0.008582836029702567,0.006508875146701595,1.511737183576248,-0.009405426349166239,0.18799829203225643,0.04983435588977783,0.2536274505795976
-0.008040839660028387,0.004912831917130566,1.5250671669973501,-0.006078272479829987,0.18373607146517296,0.049644111503183465,0.25416022907155494
-0.007713294069788911,0.004590104070653161,1.5463233376531078,-0.003834499678368652,0.18374257158206336,0.049552712854660806,0.25212760160993347
-0.00880063153619017,0.004517723041046108,1.5463350874489867,-0.004516078809614845,0.1896962352604384,0.04949865389488078,0.27331246402639864
-0.012077360316558641,0.0032467516418874264,1.534321631429564,-0.005908490957185935,0.20804338661781763,0.0483900822338825,0.3562928842119898
-0.01583739843542058,0.00036102724326371027,1.6207202574843669,-0.00986233613940149,0.25577006285923204,0.03776155076728344,0.5810711365438987
-0.02071255251547343,-0.0017447452257561204,1.6758936619413511,-0.00957111853963507,0.2759756084779986,0.030208256553538433,0.7384993681009255
-0.02172456370171496,-0.0021560132605291907,1.6474283947817436,-0.011068253091973134,0.2721520343059392,0.027120274723843873,0.8163171828688434
-0.022085434179622342,-0.002684448377069382,1.6311587129694471,-0.013342161930940694,0.27182149466868566,0.027225586246916123,0.901812599822842
-0.02266385315568358,-0.0034300430357335258,1.6074416352337757,-0.015731455823462873,0.2500105976159876,0.02601873795653554,0.9694756795281232
-0.020227658508152866,-0.0034442055202146406,1.571783623666811,-0.014441810696252652,0.2395306324445726,0.025390385789142968,0.9706714412149274
-0.021479662522566136,-0.0034333231547112653,1.5770472067555945,-0.01643786518677475,0.2449326960498646,0.026230691312196838,0.995475551736944
-0.020469939939099655,-0.0034339015566396294,1.5502416222892432,-0.015108041678256346,0.23831752224573868,0.025916188647822094,1.0004119405448404
-0.014021861006096434,-0.0035686230721125463,1.51527642979074,-0.013884665961206438,0.22396339367839563,0.029953076440106412,1.006341455781766
-0.011663896406767257,-0.005455308397488209,1.4706016753929492,-0.013745048158110087,0.20865273048468558,0.036322206311885215,1.0008385013714054
-0.013760647205153057,-0.003606537214748791,1.5147328608124417,-0.013715985518749148,0.2237637555852498,0.030008780901136206,1.0066369782914177
-0.01484459469685395,-0.0037130421314887168,1.523717358965102,-0.013914559784546554,0.2279687771799102,0.026893492906315812,1.0033045716403428
-0.019364466991007242,-0.0034015502011923615,1.5418561551308338,-0.014614602191114894,0.2339651428950435,0.025869211502454588,1.0049525182458143
-0.021303088454657695,-0.0034505129820704195,1.5678314194181717,-0.01658777573905549,0.24599950674039833,0.026524881420620303,1.0223847746870076
-0.02168266016745823,-0.0035254957317793225,1.575043721634013,-0.01612852084659642,0.2500068353752469,0.0243688673544114,1.0253127840944847
7.462525151571682e-05,-0.002240362702263344,-1.0866717558630858,0.02370462515509029,-0.02969175274320468,0.030127651783475283,-0.38044866338943506
0.0007033363010004459,-0.002500331450299126,-0.8838207677361316,0.007352912578022129,-0.02532680883057192,0.008886631806474097,-0.3175514928601296
0.0005941391930931171,-0.00266525344268783,-0.8737143613134766,0.007624195342490844,-0.024935424354967078,0.008418828776334436,-0.3124942752026004
0.00027118223916043334,-0.002557092486822821,-0.8677397185454131,0.007568884952411622,-0.027647812101437807,0.007601625924477668,-0.3153930881995296
0.00016403723724678246,-0.0023043077444344527,-0.8872174495258106,0.007489742312277332,-0.029017492145890052,0.007118514378373389,-0.31010334989429045
0.00023436417105941794,-0.002554539396940069,-0.8718528932292021,0.008516222230052661,-0.02849085304685117,0.008567149985198958,-0.3123154689304699
0.00024876811176512365,-0.0025697588296944816,-0.8695601478588751,0.0093853777564291,-0.028854978191131964,0.008939675045341674,-0.30682277108454825
0.00032815699061233925,-0.0024439720591497294,-0.8949150227162795,0.009744327659166281,-0.026355574207616004,0.008075787477565063,-0.28190627390974576
0.0008893400177626993,-0.0021495846981822286,-0.89830422806335,0.00999663028795384,-0.027480296290048434,0.005419576897849312,-0.26211180152714475
0.001151159188047463,-0.00245284360147389,-0.8738672295016668,0.024401724637528457,-0.027243300151633686,0.008062343387109079,-0.24497212830896295
0.010940206303336074,-0.0031514100955746115,-0.8115977619552672,0.017202901131913154,-0.022151785340697023,-0.0015085999374595009,-0.23336629152366145
0.02107413610459464,-0.004085342691263087,-0.7907466165591669,0.0293798555381439,-0.021910104918108516,-0.0022023900471574687,-0.21826045493653348
0.02327692941350366,-0.0027248035982418593,-0.8038698351771161,0.034251590234428676,-0.022799944273476192,-0.003909918374565556,-0.11033708500657279
0.02372964683891825,-0.0031259749047223622,-0.7833729524791634,0.03428118317841416,-0.02433349388714884,-0.005862289947999398,-0.05500575870143715
0.024583245808081123,-0.005375185026735314,-0.7538579159213605,0.03068681269752791,-0.024637377428007153,-0.011627996543504125,-0.03812107598658528
0.022786567709436562,0.0019682280067996392,-0.7679533549630075,0.030690186500519967,-0.026001356658261598,-0.01577107749435775,0.008844889759653814
0.023769374463616575,0.0008436065559201257,-0.6971600706657917,0.027602445091711315,-0.029608099858916152,-0.028464400678052143,0.006468614412322904
0.016108846965446174,7.184808049135643e-05,-0.6835984544108047,0.026853458925367522,-0.04069328506587032,-0.03847323587683532,0.05543859103232727
0.014096466928176845,-0.0003588031030301342,-0.6677421858082006,0.017071838311669675,-0.04209238221407689,-0.05253947938881928,0.03956562473909337
0.013950464410973697,-0.00018753813935237424,-0.7023864035026522,0.01346956953087938,-0.05309526983027943,-0.050633247134287906,0.04516130296300388
0.009957294499026773,-0.00035578382652431257,-0.7404959527670828,0.009685648718701353,-0.05549292022364152,-0.04961726262351167,0.044537037113558435
0.010284059799610123,-0.00031039077328383563,-0.7373343180230992,0.009329608077836917,-0.05657148050478077,-0.05126024196780621,0.046253382350107834
0.006643438588423876,0.00018403224698207687,-0.8107528844221275,0.016788192849471664,-0.05953668631281436,-0.04325978221924104,0.07172720457414179
0.0018516424861717029,-0.00021168027946126173,-0.9511387039306346,0.039637976863811965,-0.056930686961365384,-0.03201311726426437,0.12983142601990258
0.0013143276420942884,-0.0009306217875982021,-1.019903518180573,0.04022788421610724,-0.05844906925595764,-0.03626209521463977,0.2069638580318507
0.001146164048433004,-0.0016743766670672595,-1.0765814214433473,0.038924427337415406,-0.05863495164929693,-0.03934301927582752,0.27439179349435927
0.0011401557505257912,-0.001627978262020777,-1.1068064919691878,0.03021403618077736,-0.0530658426661793,-0.04891004622032204,0.39284520907086024
0.0010987496944923451,-0.00211489191765671,-1.1026964849355372,0.02710551282254466,-0.049773587299789056,-0.061061877261758074,0.537772914517567
-0.0005721077962841462,-0.002443474138477134,-1.1717445148025578,0.01111924592725812,-0.041149999044726014,-0.0852518612669508,0.8739827277783776
0.0010449513589499467,-0.0025497017603998817,-1.020245882809162,0.024112839805795993,-0.029414152115824255,-0.05922379961250376,0.8770961497599927
0.00157923357886342,-0.0025119308106817213,-0.7856052459729618,0.04570256266223738,-0.027446807434456145,-0.03780466238395094,1.0193073951654035
0.002560730309200747,-0.0018649893154992457,-0.6824753871411627,0.04311377491260318,-0.028638485397867678,-0.05511428776488507,1.0648830067717405
0.0035239455983587494,-0.003069030220068406,-0.6110484163459577,0.0400594130703569,-0.030809899342579758,-0.06915787968715782,1.0263598502487277
0.0036671710166763577,-0.002805469194868892,-0.6079390509828965,0.0364331689883603,-0.02766449964697805,-0.07071816810782681,1.0192215913787057
0.003926426221615488,-0.0034242276207358826,-0.588001070668016,0.03669968028693222,-0.031110256023109753,-0.07146295715833871,1.0224712115129497
0.004037684611423479,-0.003433897010083718,-0.5800690265790335,0.03556383207467718,-0.030935746312837707,-0.07154525512669478,1.0147203571695593
0.004283062746938425,-0.003414829334173321,-0.5773333964714792,0.03498676880316528,-0.030963106959271035,-0.07357651809726175,1.0091338828116294
0.004328597408165812,-0.006619008272366231,-0.45302004094283665,0.03525484861479656,-0.03704892788734306,-0.06048423474605399,1.0508953071286062
0.005198416501488326,-0.009036902968953283,-0.45778007957231903,0.02545428544323382,-0.043839201951059635,-0.06553285612046413,1.0018476256500983
0.007190404079237943,-0.00020042934438254008,2.434526851145342,-0.05640118564209341,-0.0373829591730553,0.06413004816906685,-0.22236930221050824
0.00706717676664616,-0.003947517905352044,2.5479883766475173,-0.04823385855527189,-0.022263094453383515,0.06141614697739734,-0.08712042871460235
0.007389654020725537,-0.004825540444427506,2.5883192483011648,-0.049892692125255905,-0.023168501129343624,0.05269122829824655,-0.02299321680580884
0.007152702204219219,-0.00510263283710628,2.5936941433568794,-0.050513468001111436,-0.023497419479816036,0.046654700567165606,0.023554792587231067
0.006358247515591709,-0.004456764080774792,2.5734516823318616,-0.054895106063677326,-0.02522666699384546,0.04584090927903946,0.05044939912574132
0.0049939566862774645,-0.004217643143298589,2.5454289812252155,-0.057091474294296785,-0.026456284354305856,0.043664104968506194,0.08316717863487813
0.004702326868828239,-0.004177606380155582,2.5327371584332643,-0.06008050140165777,-0.027178727702566092,0.04222431598080267,0.08960637523425587
0.004495385112780395,-0.0008637115987581238,2.5275570764825215,-0.06730461347254539,-0.02766744241837558,0.04059992744032967,0.11223687921024912
0.004058661602725551,-0.0009931753734854845,2.516335885697084,-0.06942690566538316,-0.025919889037899373,0.040393893947222634,0.13006658762036738
0.004007828799896205,-0.001009205473692023,2.5154601206700486,-0.06936714150623775,-0.026598173740946397,0.04076279398043885,0.14186043440871865
0.0037625289023853975,-0.0015891986694884256,2.511927971436722,-0.07149936293680008,-0.027223221196738756,0.04171938849550895,0.15468801535159282
0.003185822031422137,-0.005177111983322815,2.5136954181076296,-0.0737075237505267,-0.02864520751431774,0.042573005567862525,0.23229431129500303
0.0023536484795263794,-0.012297140632016324,2.6385035263228604,-0.08178982407369341,-0.02854314782492285,0.03706612275472187,0.4889743017275424
0.002163581194844489,-0.016455523869018933,2.6990823510507873,-0.08801927913385511,-0.028115028659889935,0.032520495448855366,0.6499909915846359
0.001661290351839337,0.012090227165724315,2.844167549786035,-0.09634278139407892,-0.024800514375719535,0.031198353930133992,0.843385326323893
0.0012751363698238751,0.012799046739615055,2.925862074262946,-0.07639575211806723,-0.0181652242450572,0.03339815150957467,1.0117013560468184
0.0012271645836297636,0.015208829227707107,2.911071915696929,-0.06581565104127532,-0.016482909520232274,0.03862686165956278,1.0865074677075908
0.0012997124727114288,0.01288081693311427,2.815487229258962,-0.07321926525250252,-0.016663970352492397,0.03312081504102721,1.0905737368312078
0.0013112996281633045,0.014191921868648545,2.8490212134243023,-0.06869995956535146,-0.018089955180526664,0.03528426271520551,1.1213716517026926
0.0012335882999849447,0.014510101976056573,2.8851079278020086,-0.06737791463576151,-0.01793151165188157,0.03991491447863398,1.1354723237241795
0.001266510293155412,0.014762932483912347,2.918397236597157,-0.09175282235059708,-0.017328531034001397,0.03919143700051792,1.1441308958665068
0.0012687908036901415,0.014662600295588201,2.932895160273295,-0.0920349445353086,-0.016965286773979703,0.039393108582840834,1.145198074045042
-0.01215953822572159,0.014602972425935643,2.935282854957615,-0.08814400938076906,-0.01908170717468107,0.03919912041329555,1.1540725881518539
-0.012137560839535577,0.01461285401662097,2.9068190525253508,-0.10205415341921917,-0.019450408403820806,0.038816345854274896,1.1467418773024558
-0.012137435561502602,0.014575098501994795,2.9044733335998245,-0.10358636422789444,-0.019584868555261377,0.03859099413043695,1.1446886947472141
-0.012190026300096335,0.01451258769826572,2.916384146184101,-0.10504605291225969,-0.019199641522391578,0.03862961512669747,1.1470894625182662
-0.012190026300096335,0.014504071160241428,2.916174688375882,-0.10761677279342402,-0.0193036815684142,0.03855893056225856,1.1478124281139988
-0.0006421485070109,-0.001895232387262008,0.664000753266387,-0.06972596529470333,0.007753005417738003,0.03493652235479277,-2.1233369339348895
-0.0010794303094507544,-0.001783546027634987,0.6792816509134787,-0.0707248057403184,0.00765699511103924,0.03162303914666496,-2.0657818004390824
-0.0011882283452755952,-0.006333884953104357,1.0473597683169855,-0.067975081293902,-0.042309651004231896,0.03771620567082428,-1.953777577685701
-0.001407839382647566,-0.006375485937622608,1.1035289134334554,-0.07820001684977668,-0.049258763664121824,0.029650741977723726,-1.9748855418311255
-0.0007819180359039852,-0.00620644357106724,1.1590572783569502,-0.07789143301653165,-0.04699105134270194,0.022955081878612067,-2.0036103404066528
0.0005103395215770868,-0.0018641790832490085,1.3092314168274544,-0.08890137397002427,-0.02316262136683498,0.033097051056853434,-1.6910618744744703
0.0016002624251410804,-0.00033802680650242393,1.4714523143121667,-0.054671280300464684,0.01944006743894497,0.053549499314690156,-1.186781305169006
0.0032640036184837197,0.0025055086006111763,1.4838278503987985,-0.006668288458778576,0.030998445606068625,0.06738284030457613,-0.9916746815524087
0.0037457100449121645,0.0033194029593988207,1.5833736425694154,0.012569078159962211,0.03335750713373958,0.06742562848092588,-0.9371497674557467
0.0037409267741732866,0.005214818648412406,1.733219602900704,0.03210909038784529,0.03629620773110545,0.08607544996469453,-0.8246837711253949
0.0024983596745833123,0.0050129885542129675,1.602440001009692,0.04104731753141323,0.02868704811572094,0.0809779947667003,-0.7510931078069668
0.004378464786476575,0.006605941016065548,1.8759915415083752,0.023912650682822868,0.02548452164861295,0.10710304569024706,-0.5043285371232515
0.005585720556589355,-0.002993113771468948,1.9871411029094892,-0.0003394344963777845,0.027802836939502244,0.11524161420850959,-0.28129229637078185
0.006213199857533597,-0.0031470443594245573,2.016775772375894,-0.012693242164809099,0.02542027356078036,0.11138723392451366,-0.2622290756418312
0.005713146919774852,-0.0017153763025450615,1.8108844572520835,0.048418672123153504,0.032736723023569836,0.10632079625995003,-0.17071884069593687
0.005129010190139732,-0.0014922057861254019,1.7413909860663945,0.05312783016231922,0.026335856790788287,0.10398977140693082,-0.1251489756379347
0.00507831098117092,-0.0015662074294017275,1.730413779416732,0.05157645591252815,0.026037757199365213,0.10344268327732418,-0.12423304743551543
0.0029118620305936325,-0.00150257005835357,1.66206002503076,0.027062872820576653,0.018377778709662514,0.1003626115974673,-0.14600914578411964
0.005061712089078806,-0.0014625241702295084,1.7048911231940957,0.022388532775358686,0.014700704572151526,0.10195730954377126,-0.13893297874609115
0.004387415658740096,-0.0016033258382573223,1.6624625330056741,0.020858244008624207,0.009143925571988766,0.10091897117264673,-0.1147907783754411
0.0057849429364528705,-0.0016729524047250238,1.6677011093181404,0.015555025242145979,0.0025359423494912764,0.10325286849369907,-0.08166066895969953
0.006085580572193268,-0.001788663040931745,1.6667820173543877,0.014043609492285974,0.002289539611166718,0.10311889968492918,-0.07385545143006887
0.008000288777586252,-0.0032624075623244922,1.7240046273272627,0.008091180385775765,0.002383441114284688,0.10512411000093053,-0.10470918934359698
0.01110535686040429,-0.002832708320341146,1.9127469175619722,-0.020983333795509228,0.004096902689261978,0.1116243787088333,-0.13303915853720724
0.012253205921616585,-0.003117588490214251,1.9219396159783904,-0.032386670224962215,-0.001308719815582287,0.1042649041617624,-0.05993036302611252
0.011983005921603548,-0.003999567924130742,1.906270243542955,-0.028232387521950925,-0.005202511319236775,0.1035738650589246,-0.026495902704736812
0.012342880159932963,-0.004800052811105989,1.9134940117223531,-0.02919705525498445,-0.01014827589075155,0.10012251857520649,-0.0009246103361237211
0.012098398460045616,-0.0061836938701267715,1.912063013444352,-0.03480917010457806,-0.019417262086633084,0.09914085782483452,0.03080795297598629
0.010648765498076664,-0.005591090251503039,1.9173549427162035,-0.04172751388034343,-0.021068474863477304,0.09172143804420439,0.0569143237196855
0.009261876608795658,-0.005482673713363053,1.9208394509131814,-0.04523294045373137,-0.025706467133343718,0.08664076367911706,0.08616330904982683
0.008172706156574061,-0.0046221587551415495,1.9567752526316629,-0.05372394406404386,-0.031137422933075493,0.08386393031849358,0.0855129106604912
0.007775446755304812,-0.005623808581108818,1.8857453543509557,-0.045785243861190004,-0.0327609625042631,0.08955186429559074,0.1032754702267075
0.007113105355295904,-0.004064737814442927,1.959016196570416,-0.055664744000616675,-0.03505978518338107,0.08463231372925299,0.09895226836295612
0.007075202191967812,-0.00400497185759781,1.9479907982017486,-0.05591152611600124,-0.03599467256799476,0.08316327010168773,0.10995716679839632
0.006728200139801334,-0.005314779347159163,1.9071592568957252,-0.05177208589602709,-0.034034869871358994,0.08652994617253593,0.1319643192890187
0.004551622445952182,0.0009139215660017291,1.9852082587605215,-0.062346392845564744,-0.040640369767939846,0.07136254507185723,0.1995185025331598
0.0021873696348684896,-0.0005791290698849528,2.147426918897937,-0.058063298111267175,-0.05822010916643868,0.09587763489535174,0.4439609566783571
0.0023284288043239278,-0.0014697135978671548,2.26581967661778,-0.061145197285634945,-0.05749792636501064,0.10416707001516665,0.5960511689116683
0.0019126632127060615,-0.0013694088235855083,2.2846023982808763,-0.054462317626165886,-0.05312064290834784,0.12080145217760324,0.7093200692564359
0.0016590457661339781,-0.0021556707809887287,2.2788144162345105,-0.0465800779355123,-0.045907371331792415,0.13221970934536217,0.8166458310820934
0.0016224825255899578,-0.002568510984134054,2.256078523264665,-0.03671635043424345,-0.03553382072422844,0.14581479700548725,0.8949766019981599
0.001617225073441823,-0.0025733080154761827,2.23802082025868,-0.03675710599178724,-0.037443069217867046,0.14274164016748492,0.9034108197891545
0.001624904075256023,-0.0025513850851245617,2.2375201097442474,-0.03729926204452073,-0.03600471918639011,0.146906253090104,0.9284879821572756
0.0016746288418926548,-0.0024848145268049817,2.2624892919637913,-0.03559518516257637,-0.033436086803468046,0.14663342053096004,0.9497604196606838
0.0016589907308744948,-0.002728880517158255,2.325064968755683,-0.039626076514286165,-0.02766360240402787,0.1366659747357743,0.9806268591099169
0.0018670829741586422,-0.008807232646638753,2.4777368910465216,-0.051658728235518966,-0.021852467418045106,0.0922840151248974,1.037862063304668
0.0016490415662929103,-0.015079479257857452,2.6370118160640983,-0.07759209569013226,-0.02019247006295742,0.03625364104529786,1.0951588138950423
0.0016163726404194898,-0.016253239741674596,2.6500925234862804,-0.07953517066768721,-0.020449897118440023,0.03332093156402089,1.0967400270408416
0.001615904777980468,-0.016109815408321206,2.649688984041903,-0.07839918593463426,-0.020518460233413277,0.03255412840817117,1.095813994977315
0.0016194758248762092,-0.016150826342074032,2.648608026376984,-0.07844958365157322,-0.020910258473138342,0.032485354559818526,1.0974433623341062
-0.012585863887380536,-0.016727362202503728,2.6506841614096004,-0.07607828687689518,-0.023209570633463517,0.032366320479797005,1.1068942068298366
0.0021860878196035133,-0.0013092283271560546,-2.3792944166361565,0.04273377761818252,0.03484360267200334,0.03662509923091463,-1.4731125299176633
0.002084311362267715,-0.0013134616046648186,-2.3879231266277396,0.03982033345395039,0.03451468958000855,0.03511181442877666,-1.4633741053143035
0.0018375333911054773,-0.0012136421065077078,-2.4009604962002915,0.03727421485673257,0.03430051915331869,0.030051642428121604,-1.4471077679988285
0.001784719587685662,-0.0010225481008974103,-2.4809282181019396,0.03457940648947555,-0.0173471810900402,0.022066021641413715,-1.4361811713343107
0.0016579348465469942,-0.0011398460676485605,-2.4711944462973805,0.028406091177031197,0.01001107143769775,0.023562067288131993,-1.3970770540358843
0.0013958538011420675,-0.0011018998812471223,-2.4822813417302405,0.027358635034991807,0.008699121326456848,0.021402035476082142,-1.3674252109416178
0.0012056495653243642,-0.0009083651570267251,-2.5558218982064735,0.027634046622627695,0.003404634833336113,0.025228192684273554,-1.2781530975037056
0.0012165340294490042,-0.0008816662949978759,-2.5938567400718737,0.02837984927473297,0.0008407095143520384,0.02416310967728814,-1.232184749026677
0.0012270779874271173,-0.000986195199885481,-2.6097262730221806,0.027478926857954646,-0.0005340068327359466,0.02225517852931297,-1.194119885346897
0.0014797738895352991,-0.0008504518091351913,-2.721979538253004,0.02385262879408699,-0.0033119233532581697,0.02012169319709081,-1.0404030440551157
0.00579465774864938,-0.00030741478070720667,-2.815866052987532,0.01494651370317877,-0.01480149922139148,0.013763848222597522,-0.8061590168494911
0.006874407842705473,-0.0003618317448106286,-2.7772484047050585,0.015696955651188504,-0.018760390024802048,0.014300266908083711,-0.7029253786418903
0.007153542520365895,-0.00032116813232545543,-2.8015446885047752,0.014789336991582514,-0.018697770044637036,0.014414938597308823,-0.6805605294535342
0.007418693519083299,1.2388147688402581e-05,-2.8298006944641045,0.016300096988537502,-0.019617479733330275,0.014986569247802398,-0.6345046914546035
0.0074021735123080456,0.00032480670268681034,-2.7691285323567634,0.029944661811284266,-0.024614034174384795,0.017586767878636177,-0.503206875492186
0.007551839652880198,0.0007068094203588028,-2.7233581436715997,0.06632640694706506,-0.033391754577712575,0.019964793308600133,-0.3399951550692986
0.007567746627440961,0.0004289862343269119,-2.7604165073779026,0.09114886860334617,-0.04101459290205579,0.022633114076622923,-0.22153345855658305
0.0076265929647309294,0.00027583173190313725,-2.7722939079164233,0.09738679118510021,-0.04209033293413229,0.02314795145483819,-0.20657230339055135
0.007588131859552657,0.0002927390003836945,-2.7571916743456484,0.08196061554508294,-0.046717355749239374,0.021961656138175214,-0.22232135308118067
0.007578110160032654,0.00023451982580307917,-2.8518108662160024,0.03387407720604598,-0.049317999783698795,0.02038436819162764,-0.2631996872298634
0.007575520736465114,0.00023897534653387575,-2.9604294341640607,-0.1154465989501924,-0.053485429702479534,0.014987922072427967,-0.37538292990846367
0.007561114544891224,0.00023378183995981125,-3.07069129725834,-0.182102714096668,-0.05737288525060289,0.016460441416449163,-0.42045461246315785
0.007571336070839928,0.0002545708207249929,-3.105597489224234,-0.20078765791410513,-0.05936941896556449,0.016611909498994482,-0.4449919845838022
0.007629445865561615,-0.00030416354090561694,-2.9995162653079466,-0.12720516488716901,-0.09814974037767336,0.0009000221648696294,-0.34497866374506014
0.006333774194455285,-0.0009205718402572724,-3.0081183192382195,-0.10015528750378364,-0.11956914240139306,-0.00406370394991559,-0.21863772488663452
0.006147680767311017,-0.0008636058701801991,-2.9827166014417323,-0.08857655312164824,-0.12150882695665781,-0.003701457767824445,-0.19966981888945443
0.007199410367598647,-0.0007761879183336123,-2.8819319419294684,-0.06357270678372415,-0.12126664055764587,-0.0018476715147547557,-0.1173102231446266
0.008750231544557688,-0.0008840332373885465,-2.839954061494995,-0.05806698212724731,-0.10636827449866168,-0.005772004947152873,-0.07980406583377514
0.009429757380316896,-0.0006221495274359619,-3.049543770593307,-0.06863424930760452,-0.07128410044076161,-0.013513074639168988,-0.013853978919280786
0.009434255621190862,-7.711830079364763e-05,-3.0367096370376414,-0.06348632869466596,-0.09141104694537822,-0.010603067102834665,0.01526175945331285
0.009550234596538892,0.00036997402252403,-3.065858855992865,-0.06571174343525707,-0.07371477034557439,-0.017134285986581437,0.04280610304123537
0.00926289713491649,0.0009395173783739936,-3.1234804959884537,-0.05743914318261011,-0.03862481215073135,-0.01228063531042265,0.08246238017441236
0.007732822522941832,0.00023401709838849087,-3.1333255757711926,-0.04220206905429086,-0.026284589761280786,-0.0031470831054884797,0.09725897485953659
0.005467798650404235,0.0001120447072344463,-3.223230039994549,-0.04659182600057756,-0.057094646266372756,-0.0010281418250387504,0.11014025052295152
0.0050233666182175,5.2971074621016524e-05,-3.227344566958295,-0.04889176757232678,-0.05742752850664187,-0.002780320740281577,0.11936383926121623
0.004815932337839908,1.8616368329059092e-05,-3.250119910881279,-0.05177859934168468,-0.05996450065413174,-0.0028972399221732976,0.10945477139193575
0.003997223658229247,-0.00011824005291610176,-3.2064011493407962,-0.04215519619704187,-0.05810305433546468,-0.004208428567209273,0.1472976508531231
0.003528048665406524,-0.00012483357388660076,-3.1598509511632304,-0.013682954125788141,-0.010618777544758227,0.01358539863342493,0.2068817553174311
0.002993815879963915,-0.0009969895399027289,-2.7837247782912806,-0.014327010578263077,-0.0041751448750525465,-0.0017606054408381938,0.38411165818392046
0.0021515120291215584,-0.0014521732096225497,-2.715115710875295,-0.009558546710855775,-0.005417154446991347,-0.004919476834594537,0.4732696836208679
0.0018342126917163743,-0.0021701495332792247,-2.7419254841467247,-0.013210484602455778,-0.008887964652602439,-0.008087992081304207,0.5471969641621782
0.0018572554406640438,-0.0031077093370943374,-2.673890828464569,-0.010505730316183525,-0.03311720616255287,-0.014235102055798006,0.5963345408092484
0.0018358446560066814,-0.004803025698055195,-2.719393918860688,-0.011967980570608296,-0.04379302807656477,-0.023967328188171207,0.6065940954694992
0.0018904968955522758,-0.005350883686035611,-2.6400457326514166,-0.02794450293081523,-0.07697959006295374,-0.032573837432191166,0.665656625208998
0.0019170709487982972,-0.005999878009985299,-2.643795041441234,-0.03432510067568385,-0.08430347238140765,-0.030583826275591725,0.7501567362076481
0.001783129744637072,0.0026745046429772416,-2.599549661714643,-0.033955181155069764,-0.07466307812628062,-0.02024094186145423,0.8228576340645657
0.0017977222840898036,0.002676937146373868,-2.534624708158235,-0.022737042087462852,-0.05851060155862583,-0.010130084997391674,0.9129975821334556
0.001959683778948358,0.0017109209241007593,-2.372164181178504,-0.012968114015442497,-0.025196533774312333,-0.002932121087861254,1.0669448589667871
0.0019571846417629148,-0.0011175154485073703,-2.2359812476781205,-0.009162678683046441,-0.019315485915794406,-0.0049398731638584225,1.1275686418170157
0.0019474236353146782,0.0005417943959515302,-2.001090952708527,-0.0048325075098578614,-0.0064012816850993895,-0.0037352350767739517,1.1319552796104901
0.0017344839459816509,0.0008528993695293228,-1.9383180727089657,-0.0057154022052920165,-0.0025005059553304294,-0.0033882134962915627,1.1351823696825885
0.0019322578775791519,-0.002636796457888019,-2.2147517442447846,-0.011651244758783815,-0.016735254942131954,-0.006021864879527885,1.1249844785490821
0.0019247556542372171,-0.0027265091444948074,-2.1873147932981465,-0.011298996378974326,-0.01907164687972583,-0.004598312150972035,1.0867172654929245
0.0019309281955719303,-0.002798973644765517,-2.1575772609969213,-0.01287546291188776,-0.020340323433214354,-0.00523322735783352,1.084164372151808
-0.020339578224378752,-0.0011713425758618464,-2.078569931899207,-0.018730155519210385,-0.0177063594125834,-0.009962666031695948,1.1533676374946396
-0.003691837042669367,-0.0016705371631010144,0.5999812894038006,-0.007380530633430275,0.021854845741525537,0.19445874572300534,-2.115136437459208
-0.003981093930224012,-0.0016783742482340657,0.6304168657260489,-0.010577653663963326,0.022946449987060278,0.19174401931492693,-2.0911496585117195
-0.0007769481693802691,-0.001430348394598444,0.6998712497897603,-0.0010344187394946995,0.022354609165656573,0.20630690629850107,-2.038500313296478
0.0005555689302109452,-0.001518967968981675,0.7135300866475011,-0.0025631152691940723,0.023441040211366043,0.20332122326194682,-2.022344981812799
0.002114289922673016,-0.0033090255209797326,0.8911778348406582,0.0044563979222563,0.022766631664135475,0.21956395974438986,-1.9689767261581952
0.002345863094870875,-0.0037362298376512875,0.9058484775872433,0.010114168418689165,0.017252500558355057,0.21378718921578418,-1.9698744438804054
0.0030819274779408236,-0.003893851462100125,0.9986322388490336,0.020094918424119517,0.015735875949429334,0.22687079231748306,-1.9616550569569213
-0.005969186945947587,-0.0031868090468382014,1.0537420915732127,0.02353956630936636,0.010437720425909893,0.20247901039481286,-1.9095630312397829
-0.004257000001518881,-0.0028756949253794023,1.0722378422729608,0.03369098776029995,0.0075349313719100955,0.20254309759445122,-1.8521448086434287
-0.003271603715709378,-0.0006067181059954523,1.1165742594052859,0.05428071056079705,0.010723885733015177,0.17269496518725555,-1.707778751226351
-0.0026618821582982195,0.0004022353497024296,1.134832309392019,0.06380788000517669,0.013098742045981245,0.142612237168718,-1.613685106629206
-0.004255549399644345,-0.0007882715676800605,1.1221286899532734,0.06482490228402453,0.010168833305694968,0.1290594605782349,-1.5679639733598447
-0.007834378565999597,-0.0019836630366272647,1.156467363111945,0.053902073397512455,-0.0166298823847403,0.07386160983145715,-1.3234316109676278
-0.013037531717031913,0.00076010294172704,1.241665079910373,0.09247111098520043,-0.018392552230877907,0.07528040387244272,-0.907193649004733
-0.017658612199622108,0.0011325777906198687,1.2542944576646577,0.1065503584101807,-0.019405547886554873,0.06686958264797378,-0.8251574483813046
-0.01727574024474638,0.0015727548642495478,1.2738077601269526,0.09149805915046454,-0.01772690198810517,0.06552319780802084,-0.7696292047715445
-0.016856677796237993,0.0027400393253593875,1.2583096382594878,0.06823229095510315,-0.019834873073988533,0.05742641845752684,-0.7260593175216966
-0.015797468152670465,0.004130427062787856,1.279332681108806,0.06942336566513663,-0.017277645408550098,0.0485267453501997,-0.6435051489958784
-0.015531707821319232,0.0063802552033272045,1.3395409425820088,0.05521263947798505,-0.03243812914005461,0.04135840722103444,-0.4843852176974561
-0.013397961322303633,0.002960822519074008,1.4246084032625606,0.029354173937251114,-0.04975431768490405,0.030631854475748573,-0.30660471725365523
-0.014413162687085002,0.0009464697196771011,1.4678062843251953,0.027094456204802598,-0.05458427449111799,0.036537447317595007,-0.24464747712257967
-0.013869690675155836,0.0009502138362548416,1.4636819318790035,0.023682432140494567,-0.05465430666824119,0.036745543767706904,-0.24255828939740354
-0.014341361411812784,0.0009720168350059378,1.4487977286555256,0.023268962014376875,-0.05445935557708941,0.03682116738772415,-0.24219149186930808
-0.014431959878339918,0.0010342930800457885,1.4693357068997086,0.024159396488223444,-0.05521360957776295,0.03531571244987288,-0.2434564061008174
-0.014095027719198213,0.0008051037171752041,1.4463385697434508,0.013564426996096241,-0.05615234516928324,0.03370977110154242,-0.2468567153075947
-0.014736663941834193,0.000811342795932283,1.4453291217326545,0.01176919349591193,-0.05782073589325434,0.03482379984870213,-0.239794741775148
-0.014922080434869799,0.0015196167766519276,1.4402658311243506,0.010466728026257987,-0.056713247287922416,0.031699914110477075,-0.20779531666993595
-0.016009420273250044,0.0026862021304711464,1.4346532937691625,0.007241417494281189,-0.05866720168609511,0.033618844586610276,-0.15997738103124998
-0.01944408943612353,0.0026559885306452185,1.4613813690038415,0.008317151249538106,-0.05929300758396534,0.03468235659464728,-0.15915520320708976
-0.02799577566165839,0.002952912627279292,1.4790874207712545,0.006260951898294524,-0.05803500220722885,0.035937659835238014,-0.15361369662997473
-0.03737471266246774,0.002439382815133533,1.4922095260906603,0.005062233047423711,-0.05897656514564753,0.03614491049840515,-0.14588633345138277
-0.04160453613873953,0.004255597353595072,1.479036640311257,0.002400098829552328,-0.058956230622201636,0.0328921107322718,-0.06111182912980624
-0.04019928424815645,0.005277468417099106,1.4301921764339618,0.0003287456262027493,-0.05447611979777354,0.029139918965211512,-0.0226033252092254
-0.03378313537142296,0.0063644221512503905,1.5527598960159146,0.0038479129487268776,0.059071280927899913,0.030175678127608453,-0.010980017408886407
0.004414006103210186,0.005669545384723841,1.5394642885248915,-0.006316347743280393,0.06521210011284019,0.03528018941941003,0.10804501757260754
0.003796387246022833,0.003981181072738918,1.5612984693740792,-0.008109114562737883,0.06922833455403524,0.03377029586342984,0.1291140187824877
0.0024862692553333267,0.004257551427986524,1.5435489013540369,-0.009355515683503051,0.07534305129957729,0.030528750399273632,0.16279118340728552
0.0014426219663683983,0.004456266789907925,1.5490542285999191,-0.007770871342179863,0.07875729716864603,0.02759108016478727,0.1862260371684105
0.0005112413325431382,0.0044179820516088856,1.5591916690568939,-0.008188737767419697,0.0775691300935598,0.02777331908867868,0.19424108699944023
-9.22721347053314e-05,0.0037161053088069196,1.5580206518280046,-0.00869633564091267,0.0771062814888308,0.02597008149227409,0.20930656205662151
-0.0007786471120616177,0.003692292277378935,1.5570941313346929,-0.008996016393899886,0.07617597361521455,0.026442817187733773,0.2215667017711376
-0.001527509903371864,-0.007851480814964607,1.5603437175228387,-0.009253796048826875,0.0750102931369859,0.02441173530459658,0.2258488369810403
-0.004181536168546257,-0.005216873513842267,1.5809426688203694,-0.011537434903000063,0.07694509132585342,0.01825843144126483,0.30358575829276285
-0.00802064263023863,-0.0026123269336797085,1.695785618521714,-0.01394608758190909,0.08277731324204639,0.01718086434142832,0.5394060850555927
-0.009450814931569145,0.0006944658275233268,1.7801237273721724,-0.013075476187396986,0.09029970152283565,0.007839797059721305,0.71028955143252
-0.009044152408153143,0.0008776276077948823,1.759305701334094,-0.013475361811607096,0.0793561350991901,0.00796327367825732,0.8040604678000937
-0.007018644924151686,0.0016672208956999219,1.8100650132102105,-0.012944289369767338,0.06685580302215877,0.01594125636669045,0.886718636294581
-0.006906680414520622,0.002020450103596934,1.7903362618459873,-0.012823814012247291,0.056468367557457266,0.013613079509351344,0.9562191512702753
-0.00689770495865795,0.002038495996537424,1.7713189594703365,-0.009245498995268256,0.05939889061864551,0.014324248250250584,0.9737101373091984
-0.0059653855762045365,0.002109491717612327,1.786868952315139,-0.007446822464358978,0.05565952392951882,0.018232575509066103,0.9846299162873957
-0.0047336867855832096,0.0021518836794553534,1.8223109843750107,-0.006390877387708088,0.054331633993116114,0.023021807459731383,0.9929420991195246
-0.0036283646956436063,0.0020467517587315458,1.8370507259054445,-0.007452168926181605,0.04927998552675828,0.02585219286793221,0.9984848875344424
-0.002952963667455251,0.002070999085139077,1.8483273374758549,-0.006634220420646804,0.04586440349397863,0.02787802818002088,0.9991368307647944
-0.0029177771886525266,0.0020492448961451186,1.850363746839791,-0.007139342788128369,0.044985057532380406,0.026976781701278492,0.9970678370883616
-0.002550993435105487,0.002049850153387103,1.8692609752964133,-0.007421560036972749,0.03526993639781494,0.02927874286143314,0.996592236862909
-0.0018301397871442705,0.0018985952466572039,1.8839251126374688,-0.011632328639348597,0.0313374984514018,0.03105177746196142,0.9927877121903397
0.0007375683963486766,0.00214100441455672,1.9381784333763414,-0.026897702820327756,0.0148471804432613,0.0357364183501597,1.0015036963939827
0.0009483399390682454,0.001938934080346966,1.9489081385793983,-0.027105074212946948,0.016689039234375244,0.035799507397846514,1.0126746370522373
0.007734467357185844,0.0036954828379161145,2.2228092506069603,0.01710826488160986,0.19458223270877653,-0.01308704741684697,-0.3975977090667308
0.008050644484508042,0.0028661399826692153,2.254364483805765,0.022366678642424413,0.20320590784855083,-0.012154367163368464,-0.347069062655042
0.00799179598363881,0.002210528654518494,2.230971479283123,0.02018581078953719,0.2007217980174091,-0.015745303294918456,-0.34809120040427605
0.008002832140756106,0.0028814862439470647,2.2503439948403976,0.022254560626631677,0.20456895475632828,-0.013030222671342847,-0.34005498136038603
0.008001429635850838,0.002876312161088279,2.2532953420103605,0.022320230597415912,0.20343829597219495,-0.013559138591627752,-0.34131928396431654
0.007894387143277178,0.003183691763827415,2.275208781401089,0.027624781073446493,0.2125764933823592,-0.012768458353118003,-0.32843232110844955
0.007947468051875758,0.0032465457382003186,2.3204132940071007,0.03562732475401031,0.23489902865958437,-0.011358550969044617,-0.30164750464073714
0.008715363101963178,0.004064022228203907,2.3354351832781988,0.059180543842750684,0.256515193683644,-0.008117916019455282,-0.23112978549410498
0.010062762092191627,0.004138244820514681,2.3687517132650435,0.07118495564872687,0.2720083982646222,-0.00634120759752953,-0.18569876834425023
0.010140409323474214,0.004533838466714023,2.393214368161711,0.07490585974128908,0.2751095874868594,-0.0005843683855334804,-0.18352066504816844
0.010740576152490732,0.005952554087928548,2.4313820298194733,0.08142146472579812,0.2831938446966442,-0.000966923476632666,-0.16607520279056454
0.01299791350314673,0.004695589252758402,2.4169437111859198,0.07785202365982327,0.288755612763691,-0.0038540223972190675,-0.14912596487725907
0.015028733944192104,0.004751606895365236,2.443035000161347,0.05060191269162016,0.24636381744134517,-0.0134582432305932,-0.019733560438746613
0.015149910457742779,0.0051482715205392665,2.463757596462137,0.039568263391369304,0.1961782040871596,-0.021968283530836276,0.04193115862176813
0.014460021217853837,0.005418502709030343,2.492560963332423,0.030363571523002245,0.1725091956633064,-0.021958819450553217,0.08316912502983961
0.01376462713265982,0.0054753932823387004,2.487005455736586,0.02694871910475964,0.16634103895861915,-0.01898401507466601,0.13312584576613662
0.012941554126863404,0.004806394130048935,2.4642918763514117,0.029569209782769085,0.16754318958317818,-0.017911340894366357,0.17345614586669303
0.01149721880665607,0.004765190520122858,2.427884145712121,0.031063367556680443,0.1707114224982099,-0.01658983045044184,0.22275982934899552
0.011021323675690711,0.004682778958722566,2.4176962555832553,0.03224646222823066,0.17161354160933495,-0.01631114276860987,0.2372907276418077
0.010441563942425576,0.004735641526684182,2.417263319277504,0.03396781608364986,0.1733001642137371,-0.01580333844428665,0.24490060536460326
0.009635670053764032,0.004626721218345889,2.402183410601847,0.034603694710221386,0.1741432228145166,-0.01546204085337967,0.2598669053427683
0.009670259228549966,0.0036473358294403695,2.3975717719386362,0.03314416485327096,0.17240098899360257,-0.014673065568048448,0.2724170033429576
0.009309202366189812,0.0035111212474860237,2.3902375871895214,0.034201247860241216,0.17470919807533136,-0.01382556387197039,0.288056695722231
0.006720084320537355,0.0028920765760425777,2.3700088288160623,0.036884568137684245,0.18712782250952492,-0.0156662677203784,0.36616606806059643
0.004277342545009114,0.0004918030491427645,2.4000981655586386,0.045280585424295555,0.22506011796854977,-0.02248778971625654,0.5545950589478964
0.0024011322291333844,-0.0006926264490512969,2.3910574438082692,0.04953551153608991,0.23200033494334296,-0.028345822608651976,0.6606288292893666
0.0019535752238051046,-0.0011700613492756694,2.4277750692409676,0.05248501379045295,0.21861812718191767,-0.02924954750877522,0.7892365480740227
0.0018053092987274644,-0.005145469503272348,2.544969745809454,0.01638397444706404,0.16897716799839446,-0.020802209412700185,0.9299996840597883
0.0016971294730563449,-0.008523119611015713,2.7028076021226504,0.009073237048394247,0.10323399673726212,-0.005712939409955088,1.0611422110285091
0.0017586147279674393,-0.004946481857091105,2.565703262625949,0.07333703742340619,0.1622386846828091,-0.01960009952351225,1.0292786030612509
0.0017688984632607358,-0.006768873852828765,2.7450339318353714,0.06080378062350397,0.10455219247795342,-0.005048347242825582,1.1241798068080218
0.0016831080067655452,-0.003574088706574225,2.7819410148442496,0.09767539194255459,0.10375326041298766,-0.004489464386933474,1.1598951447898975
0.001689613527777007,-0.0035384638875121596,2.7817658432481083,0.09995945424423522,0.10360266905317303,-0.004333990826247439,1.1667178540791725
0.0016843289068095113,-0.0036165534410252994,2.782466928817926,0.10021723338437735,0.10361739375619891,-0.004134903556419942,1.1678801729493171
0.001701064111608063,-0.0036163676504021077,2.7829911079523546,0.10008002484555908,0.10335990450000468,-0.00412613619902656,1.1680318790977702
0.001728589299547268,-0.0036149698914250735,2.7830866206613227,0.10003623638885227,0.10317802283443606,-0.004171621007958022,1.167681934927607
0.0017316514100140928,-0.0036330178485602955,2.783354883953696,0.10022019437896636,0.10317254336333243,-0.004153443203966987,1.1672320011588997
0.0017447993554029631,-0.003681983484909949,2.781301034849435,0.10034290139846559,0.10341707995490529,-0.004364897266750955,1.1694212656357827
0.0017414234498017754,-0.003678947148399412,2.779485086263478,0.1004729245576972,0.1037255416772083,-0.004507369727007666,1.1709415413695548
0.0023430110232096914,-0.0007612832702547628,-1.935751956294738,0.04557165479660354,-0.0007833072987083398,0.20522212356344965,-1.500907443272036
0.002458132460885938,-0.0003182449028711359,-1.794372444965886,0.04355245219351879,-0.0046906297550788805,0.22500535029957208,-1.583896130157641
0.002506900745945168,-0.0006177594850035508,-1.8493637940583867,0.04732193725735823,-0.035394818915699164,0.25963686336489966,-1.5835418605172757
0.002455043049991309,-0.0003563931303293031,-1.8288952331448223,0.04620524397618103,-0.036393339566033654,0.26962856496332704,-1.5673923678440835
0.002340584051998017,-0.0003544798549957424,-1.8322174422574053,0.04641247676643886,-0.03661157964216481,0.273996912023769,-1.5493128566121375
0.002048292182404915,-0.0005178887946001443,-1.8586685047575735,0.04957969953951472,-0.037320420464732815,0.27600144922941694,-1.525809191288185
0.0019253562246714427,-0.0001736099343581885,-1.8381380380980321,0.05348379581660286,-0.038375977277165206,0.29045714889453605,-1.5040958531081667
0.0018163474403552374,-0.0002620417289362903,-1.8263476150304554,0.06541060297208054,-0.03838982770812092,0.32240997447087877,-1.4498778727191801
0.0015392029870628335,0.0005359596566916058,-1.73528891019863,0.06792525223448967,-0.03706179717181289,0.346097523146927,-1.3961899524164416
0.0013607319312092033,0.0007283495957396038,-1.8331263306923773,0.06440792930893745,-0.03410477064489237,0.3555214709995041,-1.3274425445851525
0.0013676926451488436,-0.00028779889001987965,-1.7565882617913615,0.0645227926119268,-0.024183479736567797,0.33583125820936593,-1.2312850867068037
0.0013108079351171885,-0.004503750024733334,-1.5148863287571748,0.0694197520112742,-0.01724935870425662,0.27318563052629896,-1.1043920698472924
0.0012579021200375886,-0.003089192734265818,-1.7209970316910743,0.07076983663760275,-0.014947007422429721,0.29222009034403307,-0.9643426335546595
0.0016162428540510648,0.023855195633089233,-1.332272650436051,0.056126752519237225,0.10111921026288306,0.22350529557730853,-0.6738864609456788
0.018127204571104324,0.00615839089028079,-0.9063062597804575,-0.01285292197638599,0.23396274319143343,0.12086399173799132,-0.675351424008922
0.019699440533299035,0.00287799050208472,-0.8922320456592938,-0.017713183731694667,0.23598928941509542,0.12561885239323448,-0.6348094250207597
0.020835939055375716,0.0046223053307995554,-0.8702303379532067,0.015650579350887404,0.2871579162449302,0.12447569376404888,-0.5329464516925488
0.02330210156236382,-0.0020536396225881467,-0.8341723927940867,0.014461108424144806,0.30111555493642994,0.13129904222796657,-0.4581360198967861
0.023971167700811775,0.0010947490590143096,-0.91040787379491,0.030970188852536183,0.2952109521897719,0.12981402952184212,-0.3479214955903934
0.02500189122742518,-0.001803310694598648,-0.9447377827323714,0.03588016489140679,0.2899178226041702,0.11179257802616717,-0.2688907448855699
0.03433282726077754,-0.0018799452384865123,-0.821904814827106,0.01411526475783604,0.17485651619326736,0.06224458473307594,-0.2145523013580241
0.03803846679051486,-0.0019429284977916339,-0.8197731116031768,0.012361027711353875,0.15415713364176897,0.057006965994360746,-0.2142679525563904
0.032803867710720636,-0.0018114692256559401,-0.7967092765379364,0.015487351166389704,0.14177073717486932,0.049967305736384686,-0.23079121830131172
0.016342586347230754,-0.001158757601552016,-0.8766121747626513,0.025767381433005065,0.24437762412107686,0.08460690100063653,-0.2245498166425861
0.02547426043621619,-0.0018011260106083082,-0.7952665482023074,0.019448070928736055,0.1388891260695873,0.050142132899698245,-0.2339795887162671
-0.12409301647970747,-0.0009228884692572318,-0.8575506251147085,-0.04055198318522108,0.18397520330365535,0.06835042703651394,-0.2689484637224729
-0.16313160774071772,-0.002205512595331364,-0.8896750964718606,-0.07102248838515536,0.12801331440088354,0.06461545994286459,-0.2585500317202455
0.028952724656272945,-0.0019965278773846373,-0.852570490085606,0.018767377352155366,0.08053760978446126,0.044764820242040225,-0.1935350029507941
0.01893358168298633,-0.001666268560847054,-0.8873677630428795,0.02710944430033751,0.16201749154153433,0.05631939119623282,-0.13721305240951148
0.024088141062660624,-0.001755968664746376,-0.8724036536151635,0.027978650356449,0.1222865449286966,0.047009315781565204,-0.1512291945859714
0.04262112561446236,-0.0020884679991802378,-0.8531040409147924,0.030822862042462366,0.06725917428993236,0.050422886048848696,-0.1630233479888412
0.049586814798989486,-0.0021690852706621536,-0.8547801785518202,0.03156704541846062,0.057840874319650355,0.05063106792697971,-0.10581065111200531
0.051178678560168396,-0.002590592580799006,-0.8425563476996379,0.029918782521026244,0.03725699770108871,0.04851993239432781,-0.0782248074824938
0.06708886531203735,-0.004209386213291016,-0.7711537658968514,0.021763866589139227,0.004243112776434093,0.03981670046260442,-0.033286239687649516
0.06550171061229554,-0.006228651710664457,-0.7338021238427235,0.024044853295419683,0.00014684138389781923,0.04149627968661495,0.00013657506438952206
0.05423924208117375,-0.0023260021572234007,-0.6727204674500293,0.027584874030937605,-0.014299512341159185,0.03706151785542538,0.024318237473516125
0.03708939362022702,0.0022943554396543777,-0.6434228537180686,0.031532783335054625,-0.03696841377840967,0.033386160556138036,0.06411766337284787
0.034002329597653556,0.004010807409976058,-0.4828919489946055,0.03361044317200168,-0.029707924089601483,0.023753144403632815,0.1158383343536818
0.03339853993008791,0.0031021508715759908,-0.61927476938413,0.034700835473245005,-0.040596991192929054,0.02570940169649839,0.06318279020968358
0.02034746570661747,0.005907614523059045,-0.5227703477605214,0.039514437742239644,-0.04180148836976232,0.02267406745045815,0.13151104000882255
0.01822144684756703,0.006309663339103846,-0.4728588723888175,0.04630759615100402,-0.039196008473514746,0.026123239830833433,0.17438456076347467
0.016499300946583546,0.008904406933810777,-0.3908191473019449,0.0380087246050816,-0.03307857689606761,0.03164646019361187,0.22817062842011007
0.00883908589206083,-0.0023810079945383936,-0.3305236637760012,0.03183536427521065,-0.03539563256270283,0.030147906903369652,0.32882116640721654
-0.07570885105471818,-0.00479213926622823,-0.29481352704602926,0.015476234166433685,-0.04532706866516887,0.04267234942402248,0.626889122376835
-0.0746666151959766,-0.009258905745457744,-0.1601454457605919,0.0023748055779816615,-0.03638912910986546,0.07005938492170724,0.7800344838486688
-0.07478747478946642,-0.01047898995893001,-0.13620977082027813,-0.015547674515310632,-0.03432946682149021,0.06463551842072907,0.9115197741014419
-0.07764921521996722,-0.007742514459881825,-0.19423129324679622,-0.02236314977295207,-0.029488713162847395,0.06317476190240454,1.0527987297766799
-0.07563345840017191,-0.008886641558223798,-0.17619853534982272,-0.027188318651978342,-0.02400876682045262,0.06318053433146555,1.080964911666543
-0.0692214263667333,-0.008781136398240926,-0.1557870693315907,-0.02803542651932158,-0.025660787710139625,0.060822138026778064,1.0592034216410045
-0.06783824438038571,-0.00848969035028504,-0.1565217109159165,-0.028301003316023317,-0.026397740386778536,0.0612293556936127,1.0726438301815968
-0.06281277261811746,-0.008742809161316584,-0.15377374684377842,-0.028343184077035295,-0.029728463599640924,0.058772287699201585,1.084066477520493
-0.07790693960584102,-0.012495308235219337,-0.28467575165387266,-0.02906082745497323,-0.034034032049757315,0.05507561434514268,1.1139893853893685
-0.06709411528639751,-0.0018873317218994462,-0.6739272855501447,-0.03342117566084426,-0.024343545088819807,-0.009873502372065851,1.1409568140375141
-0.05980289808440428,0.0012742242239206947,-0.7301828053276842,-0.0294123626995327,-0.023913941818225596,-0.0026355336327143807,1.1678972095902849
-0.05977169197429498,0.0005339770320860726,-0.7665295775171062,-0.025459032170570467,-0.022934402994251032,-0.0012747732590434918,1.1616444244206239
-0.04491400461311437,0.001185711553940107,-0.809895166970795,-0.011181068288957912,-0.01674628409188412,0.01003934751804144,1.1271646148572132
-0.04493007432414521,0.0012211718536279902,-0.8126445986703614,-0.010952161441741246,-0.017062859201380877,0.009003293769764328,1.1282449317088412
-0.04460848146982786,0.0011008865819276336,-0.8166719366152821,-0.025313255257321997,-0.017898423978749158,0.009561161622121839,1.1283123503779773
0.0027112408016645513,0.0009963426025110136,-0.8956874605976356,0.04437589711191377,-0.02557493112116532,0.015719033774300707,-0.19590825788640504
0.008307045499995698,0.0009311029375924289,-0.8815338639866573,0.04563392051609341,-0.025346040685032382,0.01528255108394375,-0.1882971626104869
0.009039360448812038,0.0008864001517166912,-0.9030347423084003,0.043220179891241696,-0.03309208661629098,0.012984606329313978,-0.11711000782250004
0.009718525449807799,0.0009965665950163365,-0.9008612021490645,0.0460464031667176,-0.03380932890304104,0.011597665408331917,-0.07214693032509378
0.009728491545614703,0.0012788381910582751,-0.9003652557821318,0.046557110728854205,-0.03529403360496614,0.010403201230431954,-0.050864287486319305
0.010074895576129426,0.0015752095748716893,-0.897762577533444,0.044523507174245414,-0.03622827194867796,0.002305408206136406,-0.022395258482905116
0.00800710057048424,0.0011427655094629968,-0.8940163220387307,0.04319297160861564,-0.03850289834168447,-0.006472825306786348,0.010581595813212021
0.011117422774503505,0.0013477286662158382,-0.8443276433654803,0.032320995231652966,-0.04359282470483008,-0.027829890904521527,0.06659355008041298
0.009941269426948203,0.0015963315795787926,-0.8355232449235895,0.03300482214945472,-0.04798269778569304,-0.04048164675731502,0.07425400218718847
0.009801976247773096,0.0008879611025247977,-0.8216225482864162,0.031762606972724095,-0.051639636083625456,-0.046027197943741056,0.07696939712150672
0.009953928914790312,0.00023153860700461854,-0.7685950785684446,0.034296082700287556,-0.06021233349542524,-0.05534363258516554,0.06756090142263696
0.01493254405006498,-0.00012391999299727913,-0.7449404660246538,0.02916134623707141,-0.0617515575778074,-0.05747587979359751,0.06286269723811883
0.02077219291235069,-0.0014819077784381785,-0.6271674012972506,0.0011033687088632294,-0.05743577269824705,-0.11116259949631957,0.10219187275325398
0.01444516316340511,-0.006753267340232682,-0.5638815905150991,-0.0073401439828160745,-0.0567954892164381,-0.14292190121176,0.2500401192551982
0.011482820326029071,-0.0045562776000276336,-0.4881925743163632,-0.014386893219466988,-0.05401102493372441,-0.1881703444239762,0.3220842580982122
0.011588810399241433,-0.009816403878931818,-0.3546843292843492,-0.011345063528265016,-0.05408123792192154,-0.19111753407386975,0.45841258163460474
0.011582782148697963,-0.00923435185251482,-0.25555415827787137,-0.005681627040728963,-0.057492371295843114,-0.13375825116916307,0.6709385407549602
0.012712671944235584,-0.009112467147083785,-0.2953103871531337,-0.0035015699732503292,-0.06269282367715996,-0.11812323709937968,0.8106860914785174
0.012938038629247691,-0.008496400287816867,-0.29096283024047903,-0.0025149772861487647,-0.06633591784135982,-0.10883830684137893,0.8578563356814266
0.011679903753608629,-0.008439927867825355,-0.2725824171185868,-0.002353868468326634,-0.06680656925362331,-0.10588265444131159,0.8541384525424717
0.011434119562670673,-0.00838768181685679,-0.2662771041720975,-0.0029280603016992495,-0.06818896464850653,-0.10637558063191206,0.8730860555367976
0.010872593153411002,-0.008375654370713555,-0.23258442267858226,-0.00033460233628570906,-0.06778405457793354,-0.08943917191940312,0.9117649437239588
0.010150120865470307,-0.007743643057992207,-0.17606481387630815,0.0001408962836591195,-0.06143799086373328,-0.08907407970527584,0.936229924984848
0.010112192106427505,-0.006204214868690327,-0.1375123067920497,0.0033100576197489595,-0.04975193809762315,-0.10750793956158271,0.9445046090422826
0.007378824025906351,-0.005117268170329272,-0.22890515921068058,0.004249086858255525,-0.0471583987745739,-0.11157822954568818,1.056429543461195
0.0032156806355760855,-0.0021218776778035883,0.16836930317781867,0.01687287191789428,-0.02453632240906834,-0.16628162192175291,0.8943399341282845
0.0019095674400491204,-0.0012753424202253066,0.22172424696144397,0.01796335972716178,-0.021247553953596433,-0.17377820265406654,0.885194596211412
0.0019067025160404627,-0.001312862788768971,0.22740605435598807,0.0180912491761362,-0.021748594674043845,-0.17286259138342783,0.885485586943673
0.0020138554666730593,-0.0017416754825037722,0.2562500846631459,0.019518272716488157,-0.02145981657748986,-0.1708239924149663,0.8582675745817705
-0.0016469610759180988,-0.003252876249803773,0.41451893075412105,-0.03092075303717596,-0.09516187703257117,-0.009492560330784893,-2.4676929663481624
-0.0015289219563987952,-0.003198798210762825,0.44732001449799796,-0.0240940734926009,-0.10006229024024382,-0.009640121228524975,-2.4336708504386477
-0.0013237235036755723,-0.0032281152560640547,0.46491998457970457,-0.028280441834362815,-0.10338672284582379,-0.01449954927170002,-2.4209426488152053
-0.00036852058955862577,-0.0033449444339393435,0.4689047640918677,-0.040027800366186445,-0.11428810396497181,-0.015068807954186796,-2.410867429542559
-0.001062058890781734,-0.007153091203496272,0.5827342625664241,-0.041256070398981486,-0.13582484138368953,-0.00798481582178314,-2.4003874878704905
-0.001782669633140519,-0.011921886525366214,0.7158032310762785,-0.04588691251874535,-0.1228387607104586,-0.006232433014957884,-2.3837297522401872
-0.0015894510932010174,-0.011728231142592466,0.781044916666665,-0.04534785778278064,-0.12834838817289718,0.0008112804020104138,-2.35575251030654
0.000484267965038833,-0.011605719442045626,0.8932294230181566,-0.042395960890592166,-0.08633609524188751,0.015193219273273434,-2.200107375263623
0.0007130385685440798,-0.01107070914741157,0.8803628701399505,-0.05100094463197572,-0.0803703674186089,0.0011822183492071093,-2.194156994040253
0.0003026331527722396,-0.007744354823634605,0.9606159628116371,-0.05358899969279697,-0.021674715722973966,0.031757255094024966,-1.9385399893405444
0.0007593699001774779,-0.005306145037575513,0.9750164709721347,-0.05311394115206159,-0.04855986985216469,0.033275450297808214,-1.837764909709674
0.000666434615899682,-0.006908759100477383,0.9520604149424197,-0.0587931685932219,-0.04721915063803142,0.02235229206748177,-1.8374770696635112
0.0012525899878460165,-0.005261006041079045,1.0245823682908286,-0.06356913638858983,-0.012015758552014418,0.03274408602908681,-1.5326922250138104
-0.04379227439007159,0.0013220289742287544,1.2125279707769003,-0.10614588517605274,-0.017246219509893374,0.04987414052373307,-1.137727638368357
-0.0488075962872483,0.0033252810715247174,1.324623407847702,-0.12604415923104473,-0.019214117020832224,0.04273170407581788,-1.103593815036666
-0.03987243859858088,0.0040953552434100995,1.3330689689557327,-0.1244984054636535,-0.015521375370430966,0.03722717000997416,-1.0872479290140677
-0.039916127006913237,0.005522729326375899,1.345267344561594,-0.12086897442411745,-0.012135476937973903,0.026555690139603273,-1.0377258615396627
-0.038637670180628025,0.006145694687839627,1.3552424732851638,-0.12038984719641718,-0.011683556406923944,0.022415720040143354,-0.9627306867100441
0.003026509630085024,-0.01641881125643121,1.311939698649416,-0.08177329440534715,0.001205875399903317,0.018063713588822257,-0.6963784226651216
0.004029840419701589,-0.01160296552782555,1.3998032504719609,-0.042165454245530185,-0.05164700050931828,0.0271241537835184,-0.33806596165831476
0.005137443349611219,-0.007085999218616663,1.4731168074022571,-0.041184353903307325,-0.05402960947130456,0.03448365438971348,-0.24378783545879243
0.005373860024038961,-0.00714956276083619,1.5057941387192435,-0.041468457508638756,-0.05550260173952727,0.033020259354958385,-0.2542505236733634
0.005192521060669082,-0.004010348337864609,1.5434148766399458,-0.03891483046366436,-0.06251973746160903,0.03199666649881077,-0.2874787463405195
0.005075580911893583,-0.0033510250480197584,1.5728269827665047,-0.036276089855549594,-0.06959533312792641,0.03283277951474118,-0.2848720930114911
0.004420333226569521,-0.003246531736615321,1.5815526728972504,-0.033782159196377046,-0.06982231358976543,0.03398241031830954,-0.27682125001686686
0.005180388887567957,-0.003058157110258562,1.598568865316625,-0.03324017376235197,-0.07058637535426784,0.03609112208161178,-0.2662717229347744
0.005242617710759045,-0.0030910897653729824,1.60303821697042,-0.031138778326016976,-0.06636956918521796,0.034642797908679634,-0.25328077416525113
0.005419731107477386,-0.002899062648894395,1.594491809369973,-0.02900443840105235,-0.06254370936575403,0.03890587970808508,-0.19977847467820997
0.003708425106484882,-0.002995672207436757,1.62638481391026,-0.022844150050350474,0.03488424227589209,0.03645784911683351,-0.22000595760506023
0.005428875579921006,-0.004463661656799325,1.6657231319107833,-0.01936697903890776,0.03270877653030055,0.04191044861781272,-0.21279805016165607
0.007400257593948581,-0.004347481163908703,1.6753346092739363,-0.01751012875502799,0.03421867599887522,0.041196285242791314,-0.18963378528074396
0.009541989112109866,-0.004082368091717918,1.7583091617521454,-0.016832424415333974,0.02250841507519362,0.04837188592766638,-0.11001304545222622
0.011064026626943278,-0.003862590256274037,1.8413775766149416,-0.014637076437755487,-0.03263338267354482,0.06154452630940806,-0.04479514413076429
0.011486865202482233,-0.004732443850220218,1.7941063793784897,-0.016162926977659538,-0.032732476452808454,0.05606627709778255,-0.00966517166618381
0.01125560980403772,-0.006061164207972698,1.8734609907701494,-0.011138198911770194,-0.028515922325110327,0.058102008318356796,0.037981426290101025
0.010056013443295207,-0.004919721219102178,1.9606043430469597,-0.016091654000350522,-0.029718389094809426,0.0562723194039499,0.05498247974537777
0.007420648200002212,-0.005094475410217064,2.017178897067792,-0.020343086619161378,-0.03506084369106339,0.050407297356796825,0.1020514119130914
0.007180269967795276,-0.004977985068198067,2.020422309261752,-0.020663458266444376,-0.035251205593205076,0.04994336191336331,0.11631301806100727
0.006252793669905818,-0.004743598245583913,2.0080016455234904,-0.021230047314215753,-0.036282693791337,0.04977846322512665,0.11870370143632297
0.005903776286716873,-0.004519391119095779,2.0237074587914465,-0.023378422212663154,-0.037532213814472346,0.05026170096933174,0.13571668716501087
0.005198837295587952,-0.004332890615510361,1.9935028423906875,-0.021187805452944276,-0.0372754494828529,0.04876362787624776,0.14077877017827523
0.005106403011591653,-0.004367885483441994,2.0356180085385733,-0.023113501214861464,-0.040601981757100725,0.05007581695135229,0.1653175412744251
0.004431444937730622,-0.0034157587717932314,2.1499158582016955,-0.025787849589453626,-0.04932865182308401,0.04992030504157075,0.27687364035661377
0.003298431873608093,-0.0004774215085482803,2.3434470766348543,-0.023298374690907113,-0.060002662639758314,0.08120936267425125,0.5190622605914603
0.00309604291638323,0.0011987201125589677,2.3668462888616104,-0.02437531110748084,-0.05929570724071523,0.10157242915974445,0.6399594412797346
0.0028223007998333044,0.0012951655403547948,2.3754228290757697,-0.024570008074314663,-0.0597765594350256,0.11322586935348718,0.7567543184184672
0.002427458591867698,0.0021218020729812954,2.398557650979376,-0.02735515125402139,-0.054495274675594556,0.10856897190030837,0.878736685830221
0.002507533204538485,0.002577518773514297,2.3818134775643927,-0.026742429233719243,-0.05044013686897803,0.10286812376651826,0.9655758415583519
0.0025019712066484804,0.0024322884784551257,2.278786739863552,-0.021186113294857263,-0.06016511390016608,0.12143670333092783,0.9422489489195728
0.0026285640433630184,0.007721846488287321,2.491555496371371,-0.043388825846386335,-0.03988103630837146,0.07225633042055461,1.0499006930504222
0.0018584421645280466,0.011005861909565035,2.6037942890873658,-0.0728467773291778,0.028866145931507728,0.020400118161641036,1.1378923344211134
0.0018372370912608147,0.010972327836685844,2.6051698163398385,-0.0741178087932034,0.028465430651707646,0.020448756689789342,1.1419828119899018
0.0018196384663159595,0.010967591712239775,2.6048950428529336,-0.07435406150478835,0.028436234045653312,0.020543045009065515,1.1424510812245647
0.002349194776458476,0.01060998332481343,2.6742288426194984,-0.07461851293623549,-0.024527844086827386,0.02387982642212133,1.1240823841338725
0.002351893061773441,0.010621149454116664,2.674525046694637,-0.07466027306530144,-0.024472642651428726,0.023904362827895487,1.1237343379320097
0.0023463439668515787,0.01052559775330938,2.6904132809930577,-0.07739882392497567,-0.03448510485141455,0.023816124023758767,1.1183412074309669
0.0023516724697630123,0.01056105805299726,2.6897886398386923,-0.0774552742787603,-0.034582800008268536,0.02343345533915507,1.1194618739779765
-0.0192354060670369,0.010527542052778545,2.699602144800028,-0.08234984261234383,-0.036604102283267964,0.023167289883610647,1.1358965869361994
-0.06782367971328089,-0.0021097622456380813,-1.1604306069955403,-0.02680590984351667,0.12171810201583705,0.03835383978897861,-0.21754323051471508
-0.06156007586956076,-0.0021389742753831304,-1.0818029154114905,-0.008860931718964713,0.08533761319296185,0.02966459417661898,-0.15172360344471109
-0.06336266614652702,-0.00322729769056923,-1.2125522124712116,-0.007890520661534258,0.13284260037606704,0.04688998720812856,-0.18363113949429408
-0.06054305935759095,-0.002918716854578225,-1.217862422529695,-0.0064897677900832606,0.09514701745061924,0.0320491408271625,-0.12276094768890922
0.00702316139055107,-0.0022223942247394856,-1.2463240006948526,-0.057424321085471214,0.0839786913604532,0.029791282289750844,-0.036487923164985704
0.003918048017194423,-0.0013832215987337288,-1.2674756624363683,-0.06246709557007418,0.03475697674237822,0.015708544574080156,0.026744741185855892
0.0034844146998266293,-0.0014592332817815888,-1.2527918056329659,-0.06498020845858503,0.025294521060393788,0.009857647522226825,0.0402319092519971
0.003146016571515146,-0.0013056373464420405,-1.2422133153390065,-0.07084826703352015,0.022167393566961832,0.006273703727715556,0.027360760722426183
0.0026687308953981847,-0.0009189310999468197,-1.235921543052937,-0.07438626399421001,0.01112097663482511,0.0029238721005540834,0.036892502878083364
0.0025715193997029482,-0.0016916810987347157,-1.2121267479386513,-0.08057790180177292,-0.0022297443103456585,0.0006118100387384179,0.0319204997398424
0.0024312374145016597,-0.0017013110208380891,-1.2062418453796167,-0.08503814537550985,-0.004605174330596386,-0.00134383499539994,0.04005040959765867
0.0019105564027061543,-0.0013620257422443899,-1.160336537425388,-0.07707967791488476,-0.019412099937422798,-0.006819640221813024,0.11820902933723061
0.0016421024611786034,0.00022335376422545465,-1.1735764682684238,-0.06677424204773841,-0.026154271886082422,-0.0056320177276576126,0.18907414163400652
0.0018649522068479901,0.0015001415024581786,-1.1855896623526776,-0.06065268703719943,-0.03108436998244119,-0.0047291307745025764,0.23783097355790248
0.001933392437803729,0.0005215019495660937,-1.1645782036783745,-0.04712353803863883,-0.029873250494157098,-0.01809382860702331,0.3508759050269041
0.0028916476380473188,0.0008584315486333679,-1.0296760279863684,-0.028543836482925466,-0.028437719749436978,-0.015021999288115963,0.5487793944896701
0.003991201599267372,0.001963612555634572,-0.6694450025099089,0.02225209822057038,-0.0174626553414337,-0.015616261471433105,0.9261595062830095
0.004312983508758682,0.00456548651293401,-0.5979136082912148,0.024031107652636503,-0.01800844012851309,-0.011954305718198308,0.9665682765408309
0.004922147061890604,0.01486579150037151,-0.43315172322985834,0.0012845777236574344,-0.035890679363626714,0.013623678733534317,0.9872184966437103
0.005002578350347972,0.021175773377766542,-0.3254606775030608,-0.0069527423189898515,-0.039748942785803126,0.031239691106090355,0.9442587172144364
0.004662737349595625,0.014802367766083204,-0.19326968212154563,-0.0036367622693879295,-0.019453079402452687,0.05360258637563192,0.9836837279834719
0.0057301496006513086,0.010281684597867486,-0.17808261233232014,-0.0015716444017672597,-0.029250641343498668,0.054459606728063305,1.002143742730476
0.004232216287902803,0.009805394534540433,-0.13765036133428882,-0.0015730582597616649,-0.027128746333086637,0.05435905101660183,0.9669674829546793
0.0036147189815550975,0.00897265954903803,-0.12011579358781098,-0.003758860962427879,-0.029196407719692924,0.048156897421944685,0.9594629238537095
0.0036720417956667265,0.00886957910516324,-0.12082980768612321,-0.004584971408305685,-0.033384363466339495,0.035517072898792225,0.981770970508183
0.0028513787733070294,0.006335902656731663,-0.08515393905049494,-0.0034578335289166366,-0.038614610983567166,0.0062889946008556005,0.9687703093644967
0.004040452819836752,0.005482953682921607,-0.1101091366901701,-0.004404319241437421,-0.06722488953119174,-0.013274677235447273,1.0324291090606272
0.004551346217108681,0.0007000640771181942,-2.1812495119408792,0.006505550811749985,-0.021414674701526006,0.047821307647972044,-0.4591298173580392
0.004536997448750909,-0.001012756620766591,-2.1499952720145394,0.012665683398234921,-0.018308101962164015,0.045522704382707946,-0.4637736318680759
0.00453529180877887,-0.0005439632711946487,-2.1430284482896447,0.017061908441728297,-0.01515493700641812,0.04859153563773405,-0.45292096333060633
0.00452994815746357,-0.00048608170102208123,-2.129900685512843,0.014730689959653005,-0.019272373838431115,0.059202592858813054,-0.4078469094903929
0.00469540128258619,-0.00046943819716675517,-2.126655934653246,0.01906261369173796,-0.020190569276935758,0.07088218425535543,-0.3838923191280585
0.005327804986398251,-0.001776171773374212,-1.9447962932458112,0.031239811637151633,-0.022443404145608015,0.08062728292097782,-0.18392504843911278
0.005638467607043563,7.343061086240434e-05,-1.8263660304328442,0.02011588081035218,-0.0410921662626322,0.06778978149026202,-0.03681314270281553
0.00607515046671358,-0.00017289813468398572,-1.7676181222743563,0.012522397932370807,-0.048288806260982746,0.05403972576150911,-0.10871405405066824
0.007665298299966819,-0.0023325393456601474,-1.6234777061172647,-0.005822485088577104,-0.063345426639196,0.03948359925295198,-0.25717762116160975
0.008623808046847863,-0.0019625158559205516,-1.5126631580290648,-0.02202115144449737,-0.07451925123259355,0.03149087046266226,-0.3715658109883258
0.009065813053860559,-0.0020230431386009974,-1.522878424157285,-0.020921286858732388,-0.07533327878881278,0.029807459603922285,-0.3355481989826804
0.009084125004636684,-0.0013876098882075368,-1.4939881773715542,-0.024270780540642623,-0.05347733759834231,0.03200064665482563,-0.29175848050653186
0.009471778370080333,-0.0003243503907125097,-1.4958455393465728,-0.025982994351250507,-0.05428804838069207,0.0300554984315291,-0.2699608654834632
0.009866166033367355,-0.0006788806648180892,-1.4036202506575672,-0.027543779255472748,-0.04927792857899045,0.02704489381535859,-0.16246365401843293
0.008854903644150628,-0.0012322377945073058,-1.3416548805359885,-0.023630101329568925,-0.046355920989916866,0.01536739684663713,-0.06768265539928679
0.005894455062942973,-0.0020442430630936946,-1.2809477127414628,-0.02548649132923456,-0.05178967436144169,0.0004368628712963648,0.03938963181354859
0.005619701322245305,-0.0011317556722006785,-1.2092116569895783,-0.0367796376686352,-0.0506655432285827,-0.012605724648684044,0.03684423600873727
0.010581209938203478,-0.000815153409741174,-1.1089729456237816,-0.04197781423257235,-0.05060401256886849,-0.011584833422779125,0.01517284251569836
0.008108473083702229,-0.0003800216297840812,-1.05377770434342,-0.03708071441603403,-0.049757716534835635,-0.014609283638721887,0.04750093208971189
0.007336600995605363,-4.4289492364305586e-05,-1.0284278544148189,-0.03275239881773506,-0.05069964727885116,-0.013355893043756705,0.07124331927884259
0.007202039184915461,0.00020803786112849945,-1.0148066456514686,-0.029872971208503196,-0.05364238942302255,-0.014573868359597402,0.07941636575133426
0.00492462075040613,-9.500819563295607e-05,-1.0121273419242647,-0.024986360435137658,-0.05610248326787951,-0.026717520386891097,0.1366402017004976
0.0054767249588978835,-0.0005591482182885916,-1.0262129884013955,-0.023517205727526407,-0.058349523485243256,-0.03402021437927067,0.18938009249012783
0.005853988678478952,-0.0012199647313362214,-1.0239881400602222,-0.01240866185791903,-0.061783872276521365,-0.05140893265983588,0.27092330894400035
0.006956310586516897,-0.0028081893251304243,-0.9265178154970041,-0.009919677422560592,-0.0676717615375751,-0.05199036943903796,0.4189672762266272
0.0072097813299905585,-0.0037656162831592893,-0.8722091226985952,-0.05604342506942957,-0.06314599948271724,-0.05289585896320796,0.5579655711272832
0.008231225653542212,-0.009668576344064799,-0.5566849906927036,-0.057788943227744825,-0.07399122579759208,-0.07789199196633613,0.8132156214421871
0.008404198887524776,-0.013172906542100264,-0.481253892275998,-0.027751081607190108,-0.07498505682538495,-0.08031209835670147,0.850973550730579
0.008558547179214913,-0.012940326933042067,-0.43774715663865293,-0.027455656170092685,-0.07332107038540514,-0.09131139493454322,0.854912354774353
0.00858968091576905,-0.012239652695897775,-0.3875131267027986,-0.02435752820350181,-0.06918929651081537,-0.1405546701812905,0.872146879884251
0.009225866176438474,-0.011763581062843724,-0.3845886346158471,-0.024867402591258025,-0.0687599284558697,-0.14903533366764313,0.8783742068206732
0.009528308242916849,-0.011642727522876253,-0.3983252326397851,-0.02496467513834434,-0.06901365469473403,-0.15066097319514163,0.8936641475516167
0.009719547636994744,-0.011137612612021003,-0.3677007098304044,-0.02540645654546063,-0.06911025112054217,-0.15475100548089585,0.8692590330373292
0.008439969430064843,-0.010565925215115025,-0.3435127133426704,-0.02443558974748959,-0.06945149833862482,-0.15501046509241143,0.8523790504656061
0.008451665451699342,-0.010575028759944734,-0.351538585945246,-0.030798066658921985,-0.06966184737006934,-0.16458692466190275,0.8459415744198903
0.008190580895906113,-0.01035012218944704,-0.33778888088975323,-0.027102157658602376,-0.06896783416113514,-0.1637042412593048,0.8504694809471257
0.007547145659361618,-0.010419298368543876,-0.32853081023241393,-0.024594939760412056,-0.06912433966139295,-0.16379923016210482,0.8614368571391072
0.00712766057214891,0.0038855872470615555,1.1531798121628092,-0.0081965090210263,-0.03801043267410995,0.040228891138089314,-0.0983095658878076
-0.06024017481675772,0.005354259007338445,1.196406019727133,-0.013359191765094253,-0.04048617284400803,0.04490959268227609,-0.1098876889932431
-0.06442174216209556,0.004027477689747141,1.0286222942198828,0.0015982681116332284,-0.008521428236873449,0.06362018336059203,0.018101568480098695
-0.061917391240676516,0.005709428022726672,0.9283523152934082,0.0014583931966429817,-0.013436064657641161,0.0545707403473462,0.12556449279199497
-0.053104015738371466,0.00556880546566294,0.8664210137779326,0.005661233096137846,-0.013584592689735449,0.053163991740275154,0.1607200727788631
0.004460478144109061,0.005259218207992948,0.7309420675014394,0.0184609167477299,-0.014177623980621295,0.04852775829125808,0.21515816456632902
0.00409398797198216,0.005178376630454079,0.7119305814323731,0.019593516190154918,-0.015580510874708497,0.04376627907667774,0.21893031909809835
0.00398704336756164,0.005144021924162123,0.699356893308967,0.020009815544483625,-0.01679860329064178,0.040391879546647066,0.21518105096085083
0.0032290742198948464,0.005161250190700947,0.7263795363140471,0.02125444429204243,-0.02230008513172649,0.044146288294938,0.23303537731532403
0.0030059983480214625,0.005069329891799392,0.7375587170784264,0.021782121891154166,-0.02332814333329379,0.04321579055873435,0.2394919805206627
0.002734423394550347,0.0037550112836373536,0.7376442257285537,0.021341905373244117,-0.023321744013998266,0.04202837447472448,0.25167525430593773
0.0018025961128329171,0.0015271274695872767,0.8020152070150545,0.026364239404838424,-0.0215839374977326,0.0477220622760226,0.23990955765551658
0.00028106422468023864,0.00037478246374431426,0.9160895699351719,0.022615644408208346,-0.035293162660782876,0.0514115481213408,0.31119795707074926
0.0001079602300442063,-0.0010734933888673617,0.9882564575133594,0.01568014156582291,-0.03760526884547216,0.04892229407491454,0.4420760001990648
-0.01169975310675875,-0.002986958453598307,1.0383860629979715,0.017408754156467053,-0.03712931133652793,0.054839559241400306,0.6144025489645505
0.0001514146511176335,0.006613656035944789,1.1996837752755964,0.018664416195249597,-0.01261635931861731,0.05312365366824621,0.876215057973685
0.00026904306127173975,0.020767538967694926,1.2513189037263008,0.020279411345200116,0.006029150720777004,0.051680599713827734,1.0546106544659581
-0.012813380426820618,0.024995392830106225,1.1724156684202498,0.02545853225309898,0.010643922127122651,0.05749733469609617,1.0580476472496907
0.00032329546348228486,0.022562914487157894,1.1736207668109269,0.028199011976006542,0.013682626497634433,0.05720740033887511,1.0784779769645254
0.0004294238528718212,0.021062269142255854,1.212567164787584,0.020678606693555035,0.008654980469206344,0.05418813048226164,1.1171299735844646
0.0004587076636892272,0.021038643717424754,1.215929058737589,0.018970054272435415,0.009099586846179758,0.05449509374494687,1.1258911933487514
0.00045343185206378597,0.020735430662113405,1.2157433697474906,0.018315352609679342,0.00913569414617714,0.05431496197627083,1.1271840973372198
-0.012916186232544183,0.022309921316210346,1.1383479994697372,0.020915230222777657,-0.012898631367998285,0.05379487774756419,1.0925378435035293
-0.013027462791616921,0.01980051158690508,0.923210701974779,0.03584345622919193,-0.007177943148160635,0.04665434981128511,0.9992755769897556
-0.012384590140643512,0.02069467317889114,0.9701812854776096,0.03655493159629671,-0.00857255880715748,0.04729752182208214,1.0202604176478027
-0.014071401699097813,0.023165562636974828,1.0385530301406645,0.03279523675409154,-0.008156734430165668,0.05418251655097663,1.0569763409861357
-0.01348356194003717,0.025091903181479573,1.0825553603787017,0.028483228286594997,-0.00968578756981598,0.050914118189044476,1.0711044743531772
0.003064153312639492,-0.0020997899441128204,-0.8621525334436804,-0.04368930466452276,-0.037238383705073805,-0.0008676884326790296,-2.2088855232246787
0.002392383148055233,-0.0021790478073831854,-0.8959167124528054,-0.04343562638943787,-0.036668994223174475,0.0014433131618914082,-2.1897543452967523
0.0024431147874938532,-0.002144287486310399,-0.8996302048862911,-0.04468035734665277,-0.03862375041581598,0.001791884312824996,-2.1918101398123113
0.002983071585826281,-0.002111393749175141,-0.8795686105364416,-0.04627607965538743,-0.03952957613485113,-0.0006815454868724853,-2.207182547712805
0.0029859646726631056,-0.0020996703024968033,-0.8910830822061339,-0.04794782516553086,-0.04031403339555599,-0.0003318694352508905,-2.198674087700095
0.0027642824375346316,-0.0021324810155905344,-0.9025243717432253,-0.04734685291336289,-0.039648722588086056,-0.0029694411917163483,-2.1836035377010163
0.0026298317817588877,-0.0019919104294199514,-0.9172751541750561,-0.04618092493901573,-0.039704934403925675,-0.0016176925863292976,-2.1655326491273237
0.0026048105268258377,-0.0019274101954041038,-0.9386331790461735,-0.04322193368089818,-0.035384845370952586,-0.005703531718976573,-2.1359089844094603
0.0024117082931001577,-0.002119031177982454,-0.9385886629143959,-0.0320783630307574,-0.03217701695510792,-0.004739623638033264,-2.094197883049439
0.002433670065993272,-0.0017470806624917989,-0.9280595972651718,-0.025570087269936596,-0.020846210304073562,0.007656735159370099,-1.9097143810398032
0.0026286377522267883,-0.0014318566676242133,-0.9307695367505405,-0.041391416486518846,-0.02371989841266866,0.009711213387547182,-1.8044339790647332
0.0023796664628583965,-0.0018742246105599987,-0.9066606616507797,-0.039162313670807414,-0.026398380497588855,0.008924328671368062,-1.7269187266328123
0.0023098971699198802,-0.002429896697843854,-0.9305934250420436,-0.04275036195931518,-0.018849182080698763,0.019875921190377368,-1.4990213373361898
0.0010783802344977828,-0.0013673651436219266,-0.6737436230784711,0.004756253802620645,-0.031896883159838775,-0.0016336604334434008,-0.8894773021763858
0.0023791678023895773,-0.0026397927563602108,-0.549964335004968,0.010080044673085393,-0.030440614849719046,-0.014839478921997424,-0.7519049794127136
0.0032632715585720574,-0.0023701726937334668,-0.5263855481818992,0.010921542244311862,-0.03200315102944415,-0.012248913904390597,-0.7148569470233908
-0.06938999429551874,-0.0005312856823184129,-0.544055047779292,0.11058592136007521,-0.041742816437277716,0.0027295656848358623,-0.6145006127358515
0.010895519702251655,-0.0005156745592650748,-0.4612699561633008,0.005463668805429687,-0.020086679561747568,-0.00444651958685195,-0.6447958540864986
0.014083637275142065,-1.8266047824535562e-05,-0.42457621936243023,-0.005303706819565055,-0.020754353316247753,-0.015132289046610861,-0.5219057083580174
0.011868123226547685,-0.0008740600949861666,-0.4533428561284614,-0.009189375370082683,-0.022832922216105223,-0.01973335570885394,-0.4456902129374525
0.012816014819869534,-0.0020053176950414913,-0.3861192004013015,-0.004869412433377504,-0.024783628520488196,-0.02192056569343673,-0.3830843282600926
0.010603729977757086,0.0004811927055014944,-0.573551650542124,-0.010783393304032555,-0.022591334247484107,-0.010317370897678037,-0.4580969121472201
0.004673490119989723,-0.0015777987460468127,-0.6808882412388126,-0.0036779810684064904,-0.023485283147541572,-0.00396745214125876,-0.40525717256175203
0.004664166771261605,-0.001642437425585914,-0.6891973442106705,-0.0034405695390423096,-0.02282699986635002,-0.0035670199138399523,-0.39957272452335574
0.004106554142813092,-0.0026213264965412953,-0.6804761035282963,-0.0027986861227100646,0.030358590836639197,-0.004835714298808164,-0.45584725703765216
0.00968772207810692,-0.0008187948237460629,-0.5971939340531405,-0.012620404085078914,0.025338737895348077,-0.013431915458261213,-0.4832521295038922
0.01176822323094778,-0.0004308995258647686,-0.5359858130942043,-0.01496497662645559,0.024095923980770925,-0.02569730045853895,-0.4258247926572119
0.011838058795345443,-0.00012168502064321344,-0.5659385400507282,-0.0158829157482626,0.026968503641951826,-0.027312507608713406,-0.3876281087415699
0.013229344360840486,-0.0012830786100607636,-0.6070341538083879,-0.016724927229829812,0.07133666689798941,-0.030319605772794272,-0.38701075665612156
0.025373255928604368,-0.0004365029302833954,-0.621619456260642,-0.01601831631996818,0.07357089535441488,-0.03180649188709391,-0.35454030504086204
0.04033262258471444,-3.054237343307597e-05,-0.5205265953775126,-0.010231229797603998,0.07653966466712922,-0.0362233287024782,-0.29476048971399554
0.0453662426998416,0.000438418543557505,-0.44923060500335166,-0.0018806838303238563,0.0765510330377294,-0.042660188633922916,-0.17392617653069015
0.04322797996641567,0.008445195082076503,-0.43571908511045265,0.003412722867786113,0.07572468239097287,-0.04564089477620263,-0.12660667886493535
0.04506696751011999,0.01901102025930948,-0.5569239221739859,0.0049364327774350444,0.07558797149366973,-0.048477508470868215,-0.1479920660280965
0.043108403829123,0.014054894044009301,-0.44979328482484493,0.006734976311084039,0.07921332523727166,-0.05732841231721262,-0.0573183407882325
0.03318040440599222,0.007989970319423202,-0.4283845622639817,0.014365915784351667,0.08063916646253606,-0.07835741275004283,0.009532956715280646
0.016403773639213245,0.010285926848890039,-0.3961527484460876,0.0179892215953928,0.08974308801705379,-0.1130037295880746,0.04655343461539532
0.014123103775088332,0.01028249386238808,-0.3816755237474182,0.02382269861705415,0.09138345745958683,-0.13771512336163405,0.05831296742557167
0.013953230589339297,0.008512034807079408,-0.4009326255175628,0.018563328196554773,0.09207599538734794,-0.1455006453003313,0.06024847958045497
0.010782541959606935,0.005652363870874102,-0.40830363592116625,0.016218446947361995,0.09361259993564568,-0.15457368248780087,0.08320973277127378
0.010556424070916004,0.005400404966792403,-0.417990767538635,0.00932530318191015,0.09245190368670719,-0.16703484047953512,0.09081369516804394
0.0091402422359072,0.003535013539316059,-0.59788119843462,-0.004592916978604883,0.10104996592086576,-0.19108476276328393,0.17112206089899695
0.005391214674800552,-0.0039470530174363526,-0.564656611685813,-0.005584534342256031,0.10286697409399156,-0.2541133411755741,0.26177024109408875
0.0038438498411789155,-0.00825939807932412,-0.46645785523804206,-0.0036310876551299124,0.10060071432845215,-0.282422886221614,0.3042423820196583
0.002443861529520097,-0.018073132504435145,-0.4072490679969626,-0.004729713496188178,0.10456234166058813,-0.2746005582000152,0.43173923037768674
0.0020172056525562714,-0.018771608534326214,-0.32048576499562165,-0.0117940385985475,0.09852108071641211,-0.23263250824573095,0.6132633374792104
0.002038910302601234,-0.020414518573470205,-0.30466251447331877,-0.0180692910378006,0.099274544563291,-0.2172983701110015,0.7379086171325598
0.0024456222278164603,-0.018806159315075018,-0.2460600884305776,-0.0044802548175172305,0.10144958393154829,-0.18848402118642493,0.8931894263960418
0.0035272231645390732,-0.016507557373425137,-0.2226239199195387,0.0002105518375353254,0.09857689555349435,-0.20130214446394135,0.8840058932289326
0.000502517538117318,-0.011765700211206844,-0.7442469259342611,0.0037474521637433783,0.0944911224766632,-0.20632541902324097,1.4729933792397483
0.00010743438418909832,-0.003121077092437401,0.0692425345669256,0.013964653520133997,0.08227358542339362,-0.22373827327970258,0.8539194543572435
-0.0005472597802672929,-0.002178242878042562,0.11295807053472172,0.014927023824044665,0.07686612374742613,-0.22290077882402565,0.845456635091879
-0.0005556045199129537,-0.0021684752014426447,0.11591323079388248,0.014807986623579754,0.07686251056624635,-0.22048511934735987,0.8468305319770394
-0.0005403733427955112,-0.002169357389191291,0.1184495185403029,0.01462186674672906,0.0765686249149001,-0.22055284740083764,0.8460367284673329
-0.0005128481548563057,-0.0021642826559795246,0.11924406037442492,0.014117267633663123,0.07631341174143472,-0.22106959023456824,0.8433474847403833
-0.0005207028141694901,-0.0021640287411944163,0.11978414950580912,0.014173002668773213,0.07625272196695035,-0.2220312603056454,0.8421138201118777
-0.0004948414893228145,-0.002332764769272483,0.12003936531310576,0.014037631908162868,0.0763499088489587,-0.22127154438106506,0.8428829240487331
-0.0004948414893228145,-0.0023208505240950926,0.12066845443715618,0.013866000138631577,0.07656621340014111,-0.21834718933131708,0.8462313037909448
0.04706217537510348,0.008280309705047595,-0.3838610691498823,-0.01717160570549317,-0.03563100313394751,-0.12285853753985654,0.03267932641132131
0.043031659179259614,0.006886126923199654,-0.38290696788403755,-0.01371475051676771,-0.024591560160764563,-0.15237836985307746,0.053876374913349394
0.041473676128574576,0.013929754768726476,-0.4189318841461781,-0.01494664447897557,-0.03752247598468123,-0.16163904792770936,0.03834906268993792
0.03364345542497766,0.004010733663602772,-0.3690075319499108,-0.014795691838383484,-0.038546401163233844,-0.17719220449154177,0.047258749302046175
0.030402307081844028,0.006832042051785803,-0.3405135486722532,-0.015138196086273467,-0.02887250002750736,-0.18664037666029895,0.0539525700159342
0.02633842809474002,0.006719888770435403,-0.3370503665576626,-0.013284668732986116,-0.028998962989509568,-0.20958854839290134,0.06045652943844161
0.012181000671619325,0.003167010002471828,-0.3014924166357944,-0.015070218538920854,-0.02445495336088378,-0.27470032757301105,0.13279493884653198
0.009830275069810926,-0.003163945875977051,-0.2899840154720771,-0.004937090756138582,-0.02911209875687462,-0.2973931247494824,0.28271365804903287
-0.07056168991340307,-0.009148260353498673,-0.44849931013239963,-0.032904619925995006,-0.05396826041177293,-0.28951864549543166,0.7280113158238668
-0.06701918354173907,-0.007845347773318925,-0.22805603993208623,-0.03280533220146476,-0.0670513849413038,-0.26048266068727005,0.8100758536036681
-0.02387634194664905,-0.00025747322159208906,0.18996398414403265,0.009351407749732516,-0.04534504503766874,-0.27618605678297886,0.665641760460212
-0.022256826417608472,-0.0014902223797128413,0.2009125935404179,0.007641979530191795,-0.04031398096841704,-0.2659513470860791,0.7943859502362999
-0.02258368469986197,-0.0019524519273869648,0.2319075602560121,0.008032579222791138,-0.031284538410550115,-0.26155074380205207,0.7706904200444064
0.002331917705112124,-0.0017873732106199391,0.28384405850328925,0.012981276514642405,-0.023327153938800336,-0.24237604854718434,0.7234838959393024
0.0019922033167452335,-0.001615405404341619,0.3498956267592063,0.017347650939854804,-0.023094722807881437,-0.21041679073206473,0.726403401110857
0.001977511505674392,-0.001837699514391531,0.3851071434356822,0.018682699912230434,-0.023203915943372264,-0.20063272655284567,0.7097438292192262
0.001963392835713338,-0.0018249841495210258,0.39234315059540686,0.020191610438693823,-0.023176867594603464,-0.1995174472772245,0.7046980687677251
0.0019708391954697583,-0.0018590296882954262,0.3950839037312764,0.020681819476807056,-0.023033362611756338,-0.19789911736804153,0.698961621286708
0.001878885055363023,-0.007822976414263397,0.4677300714563166,0.016310399402660852,-0.03164414433090042,-0.1686872149543912,0.7248136156763075
0.001125951833066645,-0.018547879505334125,0.7123050295198685,0.008842752559745518,-0.0686012557451821,-0.10767024175886176,0.8313372087306509
0.0009596427437561348,-0.021018935006814208,0.7465712331798091,0.008521561152783354,-0.07707583800186601,-0.09961581918506078,0.8417797362452898
0.0006717168484427731,-0.029388441109934608,0.8890385960496644,0.012777668726933861,-0.08061948080697158,-0.05587719732611229,0.8985541852690345
0.02795852276540566,0.0006711905711977009,-0.5469919009425639,0.01711042538790514,-0.028260942850045507,-0.025021161169584676,-0.3087633465934356
0.043993320543598134,0.0019842598857730707,-0.39712841540549026,0.036214158358235965,-0.025718776152836017,-0.03065733269048682,-0.23091680388778904
0.04701164493339132,0.0029411270549214432,-0.35025339209680567,0.035873240182700404,-0.020656066675560244,-0.04200664856549521,-0.1365310437971094
0.04551568161611481,0.010880627791010351,-0.3554256616997508,0.03607224239552127,-0.022450060408527508,-0.04595263512726794,-0.09967110645152508
0.04571124432781992,0.01314475132372772,-0.32888147632745424,0.03805208413637334,-0.01722226099709745,-0.047339877333529436,-0.05343814548036205
0.040369486773238504,0.018598935016756028,-0.31323677085447643,0.039444001498130384,-0.032174509559650795,-0.05898421191234077,-0.06282232837120365
0.031436122107292984,0.012353326437902105,-0.3122369631736587,0.026161215686067076,-0.029284662471304134,-0.09111182646314045,-0.021387611607060052
0.01684275687918248,0.012662774228257477,-0.3054346979347107,0.009449274337423375,-0.03284981713413481,-0.14933678895016556,0.012997704558643935
0.014919603310690232,0.01123891317726811,-0.3089520116359195,0.004395719850429811,-0.03422430632616906,-0.17327086663081162,0.01398065688352994
0.014656764945588296,0.01607743962563267,-0.3222442561872595,0.004573307729296891,-0.028368358410746027,-0.1704658046627221,-0.0026497206973793873
0.012782255619263171,0.01615763324459798,-0.3255665069139663,0.000789482032664025,-0.018794408973970705,-0.17061326711972105,0.005551786569967392
0.012335251856076937,0.016269858345672433,-0.2620060400845302,0.0008878910952462841,-0.017635775180701273,-0.17531725779664287,0.036306999459607345
0.008343713582251324,0.024504414742521616,-0.5992532729560471,-0.00040540720504833296,-0.018716576262265073,-0.17997308991692706,0.22570276012855328
0.002914938296976496,0.011518723660664525,0.10882328341366652,0.0020573979513263223,-0.03932703629334913,-0.1455830475744256,0.11674423242923701
0.002109885170233633,0.0071756715283784805,0.13273444420893432,0.0020700981643099296,-0.041488573686663074,-0.15898448253911557,0.2041333210207544
0.0022118785943143755,0.0010539016557221204,0.16916995809953483,0.0038676569119244298,-0.03728009881947755,-0.21156356622292266,0.33206370833960686
0.002351500693446737,-2.5837666057995426e-05,0.17642791910210429,0.008292726758008667,-0.03802059799138262,-0.23895395361499194,0.47964088998647086
0.0027152871409977376,-0.0005070351795080964,0.21025019675116277,0.009140086554197608,-0.035422212214511,-0.27448537713307936,0.6352849503297342
0.0027760545225726844,-0.0018773579550729399,0.22639188590552128,0.01144857592095772,-0.033088390828557634,-0.270618255771095,0.7309507153857632
0.0028522290587120586,-0.0018596191498632469,0.23806667672492704,0.008848600944223312,-0.03359047071217907,-0.26795780942374686,0.7348804171568784
0.002753084906066343,-0.0015216307418922852,0.30647345514120805,0.006342098488702232,-0.03314608717006538,-0.24897724161947807,0.7009032524068685
0.0023551192697952787,-0.001513541323986771,0.21159135036138557,0.007938144066439192,-0.033776865289642306,-0.24285924094190545,0.8344808208009643
0.002279118224983999,-0.0018249875802308741,0.2146157071805415,0.008680242993680424,-0.021173277437209412,-0.23949260176487272,0.8227845397096066
0.0020892749851971087,-0.001782630624338531,0.23390275765499097,0.00928647791111099,-0.02121873193198103,-0.23907594281854647,0.805911176365354
0.0020952714965818743,-0.0017789758604784555,0.23922719815734936,0.00869062879900713,-0.02837855931532221,-0.23892191621705802,0.8081787344817081
0.009567800395186166,-0.007213469978530953,-0.19710896887497564,0.003055607832346886,-0.0411621541135936,-0.18787763480161482,0.9113686019045357
0.008873027085468648,-0.009300554066520842,-0.31687086273767023,-0.0016433718294858364,-0.05609647194141267,-0.16015390235325616,0.9376357490378786
0.00866013897048351,-0.010284035589565614,-0.3050637447126906,-0.0019607196163769288,-0.06030880867244281,-0.16734005256173098,0.8725026321134693
0.007795916219552531,0.014126627141042446,-0.29433006084792396,-0.001867678568234167,-0.06721139340789392,-0.15493210470985533,0.8960607573806398
7.462525151571682e-05,-0.002240362702263344,-1.0866717558630858,0.02370462515509029,-0.02969175274320468,0.030127651783475283,-0.38044866338943506
0.0007033363010004459,-0.002500331450299126,-0.8838207677361316,0.007352912578022129,-0.02532680883057192,0.008886631806474097,-0.3175514928601296
0.0005941391930931171,-0.00266525344268783,-0.8737143613134766,0.007624195342490844,-0.024935424354967078,0.008418828776334436,-0.3124942752026004
0.00027118223916043334,-0.002557092486822821,-0.8677397185454131,0.007568884952411622,-0.027647812101437807,0.007601625924477668,-0.3153930881995296
0.00016403723724678246,-0.0023043077444344527,-0.8872174495258106,0.007489742312277332,-0.029017492145890052,0.007118514378373389,-0.31010334989429045
0.00023436417105941794,-0.002554539396940069,-0.8718528932292021,0.008516222230052661,-0.02849085304685117,0.008567149985198958,-0.3123154689304699
0.00024876811176512365,-0.0025697588296944816,-0.8695601478588751,0.0093853777564291,-0.028854978191131964,0.008939675045341674,-0.30682277108454825
0.00032815699061233925,-0.0024439720591497294,-0.8949150227162795,0.009744327659166281,-0.026355574207616004,0.008075787477565063,-0.28190627390974576
0.0008893400177626993,-0.0021495846981822286,-0.89830422806335,0.00999663028795384,-0.027480296290048434,0.005419576897849312,-0.26211180152714475
0.001151159188047463,-0.00245284360147389,-0.8738672295016668,0.024401724637528457,-0.027243300151633686,0.008062343387109079,-0.24497212830896295
0.010940206303336074,-0.0031514100955746115,-0.8115977619552672,0.017202901131913154,-0.022151785340697023,-0.0015085999374595009,-0.23336629152366145
0.02107413610459464,-0.004085342691263087,-0.7907466165591669,0.0293798555381439,-0.021910104918108516,-0.0022023900471574687,-0.21826045493653348
0.02327692941350366,-0.0027248035982418593,-0.8038698351771161,0.034251590234428676,-0.022799944273476192,-0.003909918374565556,-0.11033708500657279
0.02372964683891825,-0.0031259749047223622,-0.7833729524791634,0.03428118317841416,-0.02433349388714884,-0.005862289947999398,-0.05500575870143715
0.024583245808081123,-0.005375185026735314,-0.7538579159213605,0.03068681269752791,-0.024637377428007153,-0.011627996543504125,-0.03812107598658528
0.022786567709436562,0.0019682280067996392,-0.7679533549630075,0.030690186500519967,-0.026001356658261598,-0.01577107749435775,0.008844889759653814
0.023769374463616575,0.0008436065559201257,-0.6971600706657917,0.027602445091711315,-0.029608099858916152,-0.028464400678052143,0.006468614412322904
0.016108846965446174,7.184808049135643e-05,-0.6835984544108047,0.026853458925367522,-0.04069328506587032,-0.03847323587683532,0.05543859103232727
0.014096466928176845,-0.0003588031030301342,-0.6677421858082006,0.017071838311669675,-0.04209238221407689,-0.05253947938881928,0.03956562473909337
0.013950464410973697,-0.00018753813935237424,-0.7023864035026522,0.01346956953087938,-0.05309526983027943,-0.050633247134287906,0.04516130296300388
0.009957294499026773,-0.00035578382652431257,-0.7404959527670828,0.009685648718701353,-0.05549292022364152,-0.04961726262351167,0.044537037113558435
0.010284059799610123,-0.00031039077328383563,-0.7373343180230992,0.009329608077836917,-0.05657148050478077,-0.05126024196780621,0.046253382350107834
-0.07919615171089221,0.0004829313976237876,-0.8604103521440651,0.054355257767792875,-0.06473842603523298,-0.03929786977598681,0.06580476211650677
-0.021016312817942272,8.043880878688941e-05,-0.9507092133244478,0.05569809310749225,-0.060987145147571996,-0.03366513932955419,0.13667463119390294
-0.015040164124122488,-0.0006161678138316118,-1.0199785996415562,0.05319631548280427,-0.062086627067350665,-0.037554836906353306,0.21504084552169458
-0.014268720018208246,-0.0013683963791695248,-1.07599306632356,0.05155004570253099,-0.06219715007522999,-0.04066180999731321,0.2811677129356182
-0.014139594740434894,-0.0013260950410523271,-1.1065473832148631,0.04285856763602237,-0.056575202363090944,-0.05023626574655318,0.3997550153544249
-0.013658171460708052,-0.0018130086966882614,-1.1016176719497983,0.03991379630821025,-0.0529300373358514,-0.06289038197440248,0.5433258107290997
-0.00947906214329397,-0.0024497308786901747,-1.1647319533389635,0.019199267294201728,-0.04210794322999639,-0.08572276276056681,0.873902845230874
-0.012915495166474285,-0.002536191163801423,-1.01813215410991,0.03490021624643282,-0.032166798255480286,-0.059424532077068666,0.8810953591531476
-0.01585421695557389,-0.0021902802529017744,-0.787147325977795,0.05764676937126918,-0.03007377513761515,-0.03775405170258576,1.026914994073745
-0.02784290746293772,-0.0015433387577192953,-0.6970141491054578,0.05743070527215746,-0.03182246642129125,-0.054299379644995226,1.0940130880879069
-0.03457284138823086,-0.0027473796622884583,-0.633170957336899,0.055111985258312166,-0.033988790593803365,-0.06898588867729731,1.0706690453154295
-0.035420472084649934,-0.002490696825527551,-0.6310838027815953,0.051601172621416405,-0.030861187793511845,-0.07054784559803008,1.0654547655066158
-0.037271545307377266,-0.0031561425287622625,-0.6128869467346949,0.05118828223981941,-0.035328987202213745,-0.07139289114496832,1.0698920638858966
-0.037957237573341365,-0.003165811918110099,-0.6057125854697671,0.05002351241409458,-0.035137705084225666,-0.07147518911332447,1.0637079922280894
-0.03982847233597339,-0.0031467442421997008,-0.6047075354996889,0.048257365696455105,-0.03518229672332563,-0.07349212505905588,1.0631606983197388
-0.03934122745370515,-0.006459249485685525,-0.4799175503553785,0.04822748723761854,-0.041314422942872915,-0.060077544303664805,1.1050095353455474
-0.04908850742490646,-0.009217420860541838,-0.4946956284245066,0.037564842320507816,-0.04865870008118537,-0.06510813370623862,1.0805380105689717
