year,country,iso3st,imports,exports
1960,Afghanistan,AFG,37777780,22222233.33
1960,Albania,ALB,..,..
1960,Algeria,DZA,1828734328,1063385881
1960,American Samoa,ASM,..,..
1960,Andorra,AND,..,..
1960,Angola,AGO,..,..
1960,Antigua and Barbuda,ATG,..,..
1960,Argentina,ARG,1206418120,1206418458
1960,Armenia,ARM,..,..
1960,Aruba,ABW,..,..
1960,Australia,AUS,2611840418,2413600386
1960,Austria,AUT,..,..
1960,Azerbaijan,AZE,..,..
1960,"Bahamas, The",BHS,..,..
1960,Bahrain,BHR,..,..
1960,Bangladesh,BGD,397875437.5,427347708.3
1960,Barbados,BRB,..,..
1960,Belarus,BLR,..,..
1960,Belgium,BEL,..,..
1960,Belize,BLZ,..,..
1960,Benin,BEN,27392931.48,13852022.27
1960,Bermuda,BMU,..,..
1960,Bhutan,BTN,..,..
1960,Bolivia,BOL,90235690.24,61111111.11
1960,Bosnia and Herzegovina,BIH,..,..
1960,Botswana,BWA,12056283.22,7990792.364
1960,Brazil,BRA,1078651437,1069822094
1960,British Virgin Islands,VGB,..,..
1960,Brunei Darussalam,BRN,..,..
1960,Bulgaria,BGR,..,..
1960,Burkina Faso,BFA,52340174.61,16066015.53
1960,Burundi,BDI,..,..
1960,Cabo Verde,CPV,..,..
1960,Cambodia,KHM,139999991.4,88571428.57
1960,Cameroon,CMR,..,..
1960,Canada,CAN,..,..
1960,Cayman Islands,CYM,..,..
1960,Central African Republic,CAF,38336816.12,26101663.43
1960,Chad,TCD,53426872.51,41987616.22
1960,Channel Islands,CHI,..,..
1960,Chile,CHL,650749090.9,536609090.9
1960,China,CHN,1890590000,1883060000
1960,Colombia,COL,594894694.8,632672494.3
1960,Comoros,COM,..,..
1960,"Congo, Dem. Rep.",COD,..,..
1960,"Congo, Rep.",COG,112771915.5,26943546.48
1960,Costa Rica,CRI,132338590.9,107517342.9
1960,Cote d'Ivoire,CIV,125105306.2,187017624.8
1960,Croatia,HRV,..,..
1960,Cuba,CUB,..,..
1960,Curacao,CUW,..,..
1960,Cyprus,CYP,..,..
1960,Czechia,CZE,..,..
1960,Denmark,DNK,..,..
1960,Djibouti,DJI,..,..
1960,Dominica,DMA,..,..
1960,Dominican Republic,DOM,126500000,172100000
1960,Ecuador,ECU,214480836.4,197583708.9
1960,"Egypt, Arab Rep.",EGY,918039754,835625800.4
1960,El Salvador,SLV,..,..
1960,Equatorial Guinea,GNQ,..,..
1960,Eritrea,ERI,..,..
1960,Estonia,EST,..,..
1960,Eswatini,SWZ,..,..
1960,Ethiopia,ETH,..,..
1960,Faroe Islands,FRO,..,..
1960,Fiji,FJI,..,..
1960,Finland,FIN,..,..
1960,France,FRA,7955890214,9666380037
1960,French Polynesia,PYF,..,..
1960,Gabon,GAB,46157379.79,48341345.53
1960,"Gambia, The",GMB,..,..
1960,Georgia,GEO,..,..
1960,Germany,DEU,..,..
1960,Ghana,GHA,431423324.8,343177644.7
1960,Gibraltar,GIB,..,..
1960,Greece,GRC,597402875.3,421746257.6
1960,Greenland,GRL,..,..
1960,Grenada,GRD,..,..
1960,Guam,GUM,..,..
1960,Guatemala,GTM,151700000,131900000
1960,Guinea,GIN,..,..
1960,Guinea-Bissau,GNB,..,..
1960,Guyana,GUY,96949757.63,82949792.63
1960,Haiti,HTI,..,..
1960,Honduras,HND,85250000,87650000
1960,"Hong Kong SAR, China",HKG,..,..
1960,Hungary,HUN,..,..
1960,Iceland,ISL,..,..
1960,India,IND,2530502531,1652701653
1960,Indonesia,IDN,..,..
1960,"Iran, Islamic Rep.",IRN,730164938.5,581541416.3
1960,Iraq,IRQ,..,..
1960,Ireland,IRL,..,..
1960,Isle of Man,IMN,..,..
1960,Israel,ISR,..,..
1960,Italy,ITA,..,..
1960,Jamaica,JAM,..,..
1960,Japan,JPN,..,..
1960,Jordan,JOR,..,..
1960,Kazakhstan,KAZ,..,..
1960,Kenya,KEN,266419907.4,246049901.6
1960,Kiribati,KIR,..,..
1960,"Korea, Dem. People's Rep.",PRK,..,..
1960,"Korea, Rep.",KOR,473663366.3,104554455.4
1960,Kosovo,XKX,..,..
1960,Kuwait,KWT,..,..
1960,Kyrgyz Republic,KGZ,..,..
1960,Lao PDR,LAO,..,..
1960,Latvia,LVA,..,..
1960,Lebanon,LBN,..,..
1960,Lesotho,LSO,13299994.68,4059998.376
1960,Liberia,LBR,..,..
1960,Libya,LBY,..,..
1960,Liechtenstein,LIE,..,..
1960,Lithuania,LTU,..,..
1960,Luxembourg,LUX,..,..
1960,"Macao SAR, China",MAC,..,..
1960,Madagascar,MDG,111896638.9,67511336.71
1960,Malawi,MWI,..,..
1960,Malaysia,MYS,752314436.7,1016914825
1960,Maldives,MDV,..,..
1960,Mali,MLI,..,..
1960,Malta,MLT,..,..
1960,Marshall Islands,MHL,..,..
1960,Mauritania,MRT,..,..
1960,Mauritius,MUS,..,..
1960,Mexico,MEX,1520944000,1109120000
1960,"Micronesia, Fed. Sts.",FSM,..,..
1960,Moldova,MDA,..,..
1960,Monaco,MCO,..,..
1960,Mongolia,MNG,..,..
1960,Montenegro,MNE,..,..
1960,Morocco,MAR,462405814.5,480190673.2
1960,Mozambique,MOZ,..,..
1960,Myanmar,MMR,..,..
1960,Namibia,NAM,..,..
1960,Nauru,NRU,..,..
1960,Nepal,NPL,..,..
1960,Netherlands,NLD,..,..
1960,New Caledonia,NCL,..,..
1960,New Zealand,NZL,..,..
1960,Nicaragua,NIC,59462106.45,53745065.42
1960,Niger,NER,33289006.86,31918254.35
1960,Nigeria,NGA,710201795.9,387790744.9
1960,North Macedonia,MKD,..,..
1960,Northern Mariana Islands,MNP,..,..
1960,Norway,NOR,..,..
1960,Oman,OMN,..,..
1960,Pakistan,PAK,495590088.2,269004619.9
1960,Palau,PLW,..,..
1960,Panama,PAN,292100100,245950200
1960,Papua New Guinea,PNG,..,..
1960,Paraguay,PRY,..,..
1960,Peru,PER,521357000.8,519816792.9
1960,Philippines,PHL,..,..
1960,Poland,POL,..,..
1960,Portugal,PRT,..,..
1960,Puerto Rico (US),PRI,905500000,..
1960,Qatar,QAT,..,..
1960,Romania,ROU,..,..
1960,Russian Federation,RUS,..,..
1960,Rwanda,RWA,12000000,14800000
1960,Samoa,WSM,..,..
1960,San Marino,SMR,..,..
1960,Sao Tome and Principe,STP,..,..
1960,Saudi Arabia,SAU,..,..
1960,Senegal,SEN,126271876.8,115539819.7
1960,Serbia,SRB,..,..
1960,Seychelles,SYC,..,..
1960,Sierra Leone,SLE,..,..
1960,Singapore,SGP,1243752491,1147516350
1960,Sint Maarten (Dutch part),SXM,..,..
1960,Slovak Republic,SVK,..,..
1960,Slovenia,SVN,..,..
1960,Solomon Islands,SLB,..,..
1960,"Somalia, Fed. Rep.",SOM,30939958.5,22945943.78
1960,South Africa,ZAF,1860599256,2238599105
1960,South Sudan,SSD,..,..
1960,Spain,ESP,..,..
1960,Sri Lanka,LKA,464026785.7,422303067.2
1960,St. Kitts and Nevis,KNA,..,..
1960,St. Lucia,LCA,..,..
1960,St. Martin (French part),MAF,..,..
1960,St. Vincent and the Grenadines,VCT,..,..
1960,Sudan,SDN,146467547.8,163986215.3
1960,Suriname,SUR,..,..
1960,Sweden,SWE,3384851091,3347365082
1960,Switzerland,CHE,..,..
1960,Syrian Arab Republic,SYR,238438296.1,183179972.1
1960,Tajikistan,TJK,..,..
1960,Tanzania,TZA,..,..
1960,Thailand,THA,480790702.4,445713376
1960,Timor-Leste,TLS,..,..
1960,Togo,TGO,..,..
1960,Tonga,TON,..,..
1960,Trinidad and Tobago,TTO,..,..
1960,Tunisia,TUN,..,..
1960,Turkiye,TUR,277777777.8,155555555.6
1960,Turkmenistan,TKM,..,..
1960,Turks and Caicos Islands,TCA,..,..
1960,Tuvalu,TUV,..,..
1960,Uganda,UGA,92315051.59,115643371.3
1960,Ukraine,UKR,..,..
1960,United Arab Emirates,ARE,..,..
1960,United Kingdom,GBR,..,..
1960,United States,USA,..,..
1960,Uruguay,URY,231322823.9,171350239.9
1960,Uzbekistan,UZB,..,..
1960,Vanuatu,VUT,..,..
1960,"Venezuela, RB",VEN,1390889415,2332409504
1960,Viet Nam,VNM,..,..
1960,Virgin Islands (U.S.),VIR,..,..
1960,West Bank and Gaza,PSE,..,..
1960,"Yemen, Rep.",YEM,..,..
1960,Zambia,ZMB,..,..
1960,Zimbabwe,ZWE,..,..
1960,Africa Eastern and Southern,AFE,..,..
1960,Africa Western and Central,AFW,..,..
1960,Arab World,ARB,..,..
1960,Caribbean small states,CSS,..,..
1960,Central Europe and the Baltics,CEB,..,..
1960,Early-demographic dividend,EAR,21532794671,18882303584
1960,East Asia & Pacific,EAS,20289002328,19600891842
1960,East Asia & Pacific (excluding high income),EAP,4876955675,4355271419
1960,East Asia & Pacific (IDA & IBRD countries),TEA,4868237883,4349791339
1960,Euro area,EMU,..,..
1960,Europe & Central Asia,ECS,..,..
1960,Europe & Central Asia (excluding high income),ECA,..,..
1960,Europe & Central Asia (IDA & IBRD countries),TEC,..,..
1960,European Union,EUU,..,..
1960,Fragile and conflict affected situations,FCS,..,..
1960,Heavily indebted poor countries (HIPC),HPC,..,..
1960,High income,HIC,..,..
1960,IBRD only,IBD,35327469483,33259771767
1960,IDA & IBRD total,IBT,42226626396,38971218904
1960,IDA blend,IDB,2300923323,..
1960,IDA only,IDX,..,..
1960,IDA total,IDA,..,..
1960,Late-demographic dividend,LTE,..,..
1960,Latin America & Caribbean,LCN,11346604370,11199659656
1960,Latin America & Caribbean (excluding high income),LAC,7212606866,6360160833
1960,Latin America & the Caribbean (IDA & IBRD countries),TLA,8947698133,9115941580
1960,Least developed countries: UN classification,LDC,..,..
1960,Low & middle income,LMY,31674517876,27419140626
1960,Low income,LIC,..,..
1960,Lower middle income,LMC,..,..
1960,"Middle East, North Africa, Afghanistan & Pakistan",MEA,..,..
1960,"Middle East, North Africa, Afghanistan & Pakistan (excluding high income)",MNA,..,..
1960,"Middle East, North Africa, Afghanistan & Pakistan (IDA & IBRD)",TMN,6247371163,..
1960,Middle income,MIC,30215792987,26297073196
1960,North America,NAC,..,..
1960,Not classified,INX,..,..
1960,OECD members,OED,..,..
1960,Other small states,OSS,..,..
1960,Pacific island small states,PSS,..,..
1960,Post-demographic dividend,PST,..,..
1960,Pre-demographic dividend,PRE,..,..
1960,Small states,SST,..,..
1960,South Asia,SAS,3539535217,2586856980
1960,South Asia (IDA & IBRD),TSA,3539535217,2586856980
1960,Sub-Saharan Africa,SSF,..,..
1960,Sub-Saharan Africa (excluding high income),SSA,..,..
1960,Sub-Saharan Africa (IDA & IBRD countries),TSS,..,..
1960,Upper middle income,UMC,19589508889,18061980986
1960,World,WLD,..,..
1961,Afghanistan,AFG,44444446.67,24444455.56
1961,Albania,ALB,..,..
1961,Algeria,DZA,1643546078,1125937987
1961,American Samoa,ASM,..,..
1961,Andorra,AND,..,..
1961,Angola,AGO,..,..
1961,Antigua and Barbuda,ATG,..,..
1961,Argentina,ARG,1206915602,1206915940
1961,Armenia,ARM,..,..
1961,Aruba,ABW,..,..
1961,Australia,AUS,2952320472,2437120390
1961,Austria,AUT,..,..
1961,Azerbaijan,AZE,..,..
1961,"Bahamas, The",BHS,..,..
1961,Bahrain,BHR,..,..
1961,Bangladesh,BGD,563656854.2,519448541.7
1961,Barbados,BRB,..,..
1961,Belarus,BLR,..,..
1961,Belgium,BEL,..,..
1961,Belize,BLZ,..,..
1961,Benin,BEN,22470097.89,10801828.26
1961,Bermuda,BMU,..,..
1961,Bhutan,BTN,..,..
1961,Bolivia,BOL,95707070.71,67255892.26
1961,Bosnia and Herzegovina,BIH,..,..
1961,Botswana,BWA,13992002.17,8954881.39
1961,Brazil,BRA,1118302726,1109152823
1961,British Virgin Islands,VGB,..,..
1961,Brunei Darussalam,BRN,..,..
1961,Bulgaria,BGR,..,..
1961,Burkina Faso,BFA,55303955.63,19014523.2
1961,Burundi,BDI,..,..
1961,Cabo Verde,CPV,..,..
1961,Cambodia,KHM,120000000,82857142.86
1961,Cameroon,CMR,..,..
1961,Canada,CAN,7480255449,7215712237
1961,Cayman Islands,CYM,..,..
1961,Central African Republic,CAF,44034883.42,32618432.17
1961,Chad,TCD,61975054.55,46459419.23
1961,Channel Islands,CHI,..,..
1961,Chile,CHL,749723809.5,550751428.6
1961,China,CHN,1408090000,1505610000
1961,Colombia,COL,627934716.4,589865537.3
1961,Comoros,COM,..,..
1961,"Congo, Dem. Rep.",COD,..,..
1961,"Congo, Rep.",COG,126893746.5,29515424.4
1961,Costa Rica,CRI,122861638.4,102289846.3
1961,Cote d'Ivoire,CIV,173748887.6,218194460.3
1961,Croatia,HRV,..,..
1961,Cuba,CUB,..,..
1961,Curacao,CUW,..,..
1961,Cyprus,CYP,..,..
1961,Czechia,CZE,..,..
1961,Denmark,DNK,..,..
1961,Djibouti,DJI,..,..
1961,Dominica,DMA,..,..
1961,Dominican Republic,DOM,106900000,152100000
1961,Ecuador,ECU,178045080.5,157101076.5
1961,"Egypt, Arab Rep.",EGY,887313994.3,793126618.8
1961,El Salvador,SLV,..,..
1961,Equatorial Guinea,GNQ,..,..
1961,Eritrea,ERI,..,..
1961,Estonia,EST,..,..
1961,Eswatini,SWZ,..,..
1961,Ethiopia,ETH,..,..
1961,Faroe Islands,FRO,..,..
1961,Fiji,FJI,..,..
1961,Finland,FIN,..,..
1961,France,FRA,8539959909,10206604646
1961,French Polynesia,PYF,..,..
1961,Gabon,GAB,53078875.42,52322628.9
1961,"Gambia, The",GMB,..,..
1961,Georgia,GEO,..,..
1961,Germany,DEU,..,..
1961,Ghana,GHA,474845802.3,340376194.6
1961,Gibraltar,GIB,..,..
1961,Greece,GRC,662633781,462193280.9
1961,Greenland,GRL,..,..
1961,Grenada,GRD,..,..
1961,Guam,GUM,..,..
1961,Guatemala,GTM,145300000,128700000
1961,Guinea,GIN,..,..
1961,Guinea-Bissau,GNB,..,..
1961,Guyana,GUY,98466420.5,96774758.06
1961,Haiti,HTI,..,..
1961,Honduras,HND,88450000,105000000
1961,"Hong Kong SAR, China",HKG,1254129700,1149077546
1961,Hungary,HUN,..,..
1961,Iceland,ISL,..,..
1961,India,IND,2337302337,1688401688
1961,Indonesia,IDN,..,..
1961,"Iran, Islamic Rep.",IRN,702251188.4,607915176.7
1961,Iraq,IRQ,..,..
1961,Ireland,IRL,..,..
1961,Isle of Man,IMN,..,..
1961,Israel,ISR,..,..
1961,Italy,ITA,..,..
1961,Jamaica,JAM,..,..
1961,Japan,JPN,..,..
1961,Jordan,JOR,..,..
1961,Kazakhstan,KAZ,..,..
1961,Kenya,KEN,246847901.3,259433896.2
1961,Kiribati,KIR,..,..
1961,"Korea, Dem. People's Rep.",PRK,..,..
1961,"Korea, Rep.",KOR,337362180.3,97762912.12
1961,Kosovo,XKX,..,..
1961,Kuwait,KWT,..,..
1961,Kyrgyz Republic,KGZ,..,..
1961,Lao PDR,LAO,..,..
1961,Latvia,LVA,..,..
1961,Lebanon,LBN,..,..
1961,Lesotho,LSO,16239993.5,4479998.208
1961,Liberia,LBR,..,..
1961,Libya,LBY,..,..
1961,Liechtenstein,LIE,..,..
1961,Lithuania,LTU,..,..
1961,Luxembourg,LUX,..,..
1961,"Macao SAR, China",MAC,..,..
1961,Madagascar,MDG,136359934.9,102110849.4
1961,Malawi,MWI,..,..
1961,Malaysia,MYS,790861159.9,921854685.4
1961,Maldives,MDV,..,..
1961,Mali,MLI,..,..
1961,Malta,MLT,..,..
1961,Marshall Islands,MHL,..,..
1961,Mauritania,MRT,29741476.34,18098361.73
1961,Mauritius,MUS,..,..
1961,Mexico,MEX,1503120000,1191208000
1961,"Micronesia, Fed. Sts.",FSM,..,..
1961,Moldova,MDA,..,..
1961,Monaco,MCO,..,..
1961,Mongolia,MNG,..,..
1961,Montenegro,MNE,..,..
1961,Morocco,MAR,501927678.9,440668808.8
1961,Mozambique,MOZ,..,..
1961,Myanmar,MMR,..,..
1961,Namibia,NAM,..,..
1961,Nauru,NRU,..,..
1961,Nepal,NPL,..,..
1961,Netherlands,NLD,..,..
1961,New Caledonia,NCL,..,..
1961,New Zealand,NZL,..,..
1961,Nicaragua,NIC,59945532.24,57134379.42
1961,Niger,NER,47147122.2,39451760.89
1961,Nigeria,NGA,..,..
1961,North Macedonia,MKD,..,..
1961,Northern Mariana Islands,MNP,..,..
1961,Norway,NOR,..,..
1961,Oman,OMN,..,..
1961,Pakistan,PAK,577278454.4,255984880.3
1961,Palau,PLW,..,..
1961,Panama,PAN,321486400,282659200
1961,Papua New Guinea,PNG,68880011.02,39424006.31
1961,Paraguay,PRY,..,..
1961,Peru,PER,643328375.7,602985560
1961,Philippines,PHL,..,..
1961,Poland,POL,..,..
1961,Portugal,PRT,..,..
1961,Puerto Rico (US),PRI,..,..
1961,Qatar,QAT,..,..
1961,Romania,ROU,..,..
1961,Russian Federation,RUS,..,..
1961,Rwanda,RWA,12000000,14000000
1961,Samoa,WSM,..,..
1961,San Marino,SMR,..,..
1961,Sao Tome and Principe,STP,..,..
1961,Saudi Arabia,SAU,..,..
1961,Senegal,SEN,174678730.6,153701751.4
1961,Serbia,SRB,..,..
1961,Seychelles,SYC,..,..
1961,Sierra Leone,SLE,..,..
1961,Singapore,SGP,1200305760,1089010264
1961,Sint Maarten (Dutch part),SXM,..,..
1961,Slovak Republic,SVK,..,..
1961,Slovenia,SVN,..,..
1961,Solomon Islands,SLB,..,..
1961,"Somalia, Fed. Rep.",SOM,44239946.46,30659933.98
1961,South Africa,ZAF,1698199321,2337999065
1961,South Sudan,SSD,..,..
1961,Spain,ESP,..,..
1961,Sri Lanka,LKA,411422958.2,397732379.8
1961,St. Kitts and Nevis,KNA,..,..
1961,St. Lucia,LCA,..,..
1961,St. Martin (French part),MAF,..,..
1961,St. Vincent and the Grenadines,VCT,..,..
1961,Sudan,SDN,175473866.1,162837450.2
1961,Suriname,SUR,..,..
1961,Sweden,SWE,3408478200,3536171254
1961,Switzerland,CHE,..,..
1961,Syrian Arab Republic,SYR,211572011.2,166354553.1
1961,Tajikistan,TJK,..,..
1961,Tanzania,TZA,..,..
1961,Thailand,THA,519126772.9,525964886.3
1961,Timor-Leste,TLS,..,..
1961,Togo,TGO,..,..
1961,Tonga,TON,..,..
1961,Trinidad and Tobago,TTO,..,..
1961,Tunisia,TUN,..,..
1961,Turkiye,TUR,544444444.4,411111111.1
1961,Turkmenistan,TKM,..,..
1961,Turks and Caicos Islands,TCA,..,..
1961,Tuvalu,TUV,..,..
1961,Uganda,UGA,95593892.64,107847342.1
1961,Ukraine,UKR,..,..
1961,United Arab Emirates,ARE,..,..
1961,United Kingdom,GBR,..,..
1961,United States,USA,..,..
1961,Uruguay,URY,228591524.5,219799542.8
1961,Uzbekistan,UZB,..,..
1961,Vanuatu,VUT,..,..
1961,"Venezuela, RB",VEN,1366605304,2558575054
1961,Viet Nam,VNM,..,..
1961,Virgin Islands (U.S.),VIR,..,..
1961,West Bank and Gaza,PSE,..,..
1961,"Yemen, Rep.",YEM,..,..
1961,Zambia,ZMB,..,..
1961,Zimbabwe,ZWE,..,..
1961,Africa Eastern and Southern,AFE,..,..
1961,Africa Western and Central,AFW,..,..
1961,Arab World,ARB,..,..
1961,Caribbean small states,CSS,..,..
1961,Central Europe and the Baltics,CEB,..,..
1961,Early-demographic dividend,EAR,21504522616,20076223824
1961,East Asia & Pacific,EAS,19792634880,18592605307
1961,East Asia & Pacific (excluding high income),EAP,4240953805,3850568732
1961,East Asia & Pacific (IDA & IBRD countries),TEA,4233372896,3845723701
1961,Euro area,EMU,..,..
1961,Europe & Central Asia,ECS,..,..
1961,Europe & Central Asia (excluding high income),ECA,..,..
1961,Europe & Central Asia (IDA & IBRD countries),TEC,..,..
1961,European Union,EUU,..,..
1961,Fragile and conflict affected situations,FCS,..,..
1961,Heavily indebted poor countries (HIPC),HPC,..,..
1961,High income,HIC,..,..
1961,IBRD only,IBD,34483261333,34025510003
1961,IDA & IBRD total,IBT,42077318054,40102282810
1961,IDA blend,IDB,2588299117,..
1961,IDA only,IDX,..,..
1961,IDA total,IDA,..,..
1961,Late-demographic dividend,LTE,..,..
1961,Latin America & Caribbean,LCN,11638781129,11789966872
1961,Latin America & Caribbean (excluding high income),LAC,7370974710,6512407853
1961,Latin America & the Caribbean (IDA & IBRD countries),TLA,9178102698,9596421011
1961,Least developed countries: UN classification,LDC,..,..
1961,Low & middle income,LMY,31405924238,27869396139
1961,Low income,LIC,..,..
1961,Lower middle income,LMC,..,..
1961,"Middle East, North Africa, Afghanistan & Pakistan",MEA,..,..
1961,"Middle East, North Africa, Afghanistan & Pakistan (excluding high income)",MNA,..,..
1961,"Middle East, North Africa, Afghanistan & Pakistan (IDA & IBRD)",TMN,6057983957,..
1961,Middle income,MIC,29826733549,26687767406
1961,North America,NAC,..,..
1961,Not classified,INX,..,..
1961,OECD members,OED,..,..
1961,Other small states,OSS,..,..
1961,Pacific island small states,PSS,..,..
1961,Post-demographic dividend,PST,..,..
1961,Pre-demographic dividend,PRE,..,..
1961,Small states,SST,..,..
1961,South Asia,SAS,3456041988,2693573250
1961,South Asia (IDA & IBRD),TSA,3456041988,2693573250
1961,Sub-Saharan Africa,SSF,..,..
1961,Sub-Saharan Africa (excluding high income),SSA,..,..
1961,Sub-Saharan Africa (IDA & IBRD countries),TSS,..,..
1961,Upper middle income,UMC,19013802204,18286535483
1961,World,WLD,..,..
1962,Afghanistan,AFG,51111111.11,26666680
1962,Albania,ALB,..,..
1962,Algeria,DZA,416673668.1,396163384.7
1962,American Samoa,ASM,..,..
1962,Andorra,AND,..,..
1962,Angola,AGO,..,..
1962,Antigua and Barbuda,ATG,..,..
1962,Argentina,ARG,1720750787,860375634.2
1962,Armenia,ARM,..,..
1962,Aruba,ABW,..,..
1962,Australia,AUS,2512160402,2773120444
1962,Austria,AUT,..,..
1962,Azerbaijan,AZE,..,..
1962,"Bahamas, The",BHS,..,..
1962,Bahrain,BHR,..,..
1962,Bangladesh,BGD,549204104.2,546086875
1962,Barbados,BRB,..,..
1962,Belarus,BLR,..,..
1962,Belgium,BEL,..,..
1962,Belize,BLZ,..,..
1962,Benin,BEN,23547276.93,8317363.658
1962,Bermuda,BMU,..,..
1962,Bhutan,BTN,..,..
1962,Bolivia,BOL,114814814.8,67929292.93
1962,Bosnia and Herzegovina,BIH,..,..
1962,Botswana,BWA,15982839.48,9954224.587
1962,Brazil,BRA,1033970196,770900519.7
1962,British Virgin Islands,VGB,..,..
1962,Brunei Darussalam,BRN,..,..
1962,Bulgaria,BGR,..,..
1962,Burkina Faso,BFA,59614674.6,20997590.05
1962,Burundi,BDI,..,..
1962,Cabo Verde,CPV,..,..
1962,Cambodia,KHM,151428562.9,91428571.43
1962,Cameroon,CMR,..,..
1962,Canada,CAN,7594733340,7439414166
1962,Cayman Islands,CYM,..,..
1962,Central African Republic,CAF,46936114.64,30610519.65
1962,Chad,TCD,70200150.44,50177660.36
1962,Channel Islands,CHI,..,..
1962,Chile,CHL,720689035.9,639219281.7
1962,China,CHN,1127720000,1505370000
1962,Colombia,COL,605929809.3,605741204.4
1962,Comoros,COM,..,..
1962,"Congo, Dem. Rep.",COD,..,..
1962,"Congo, Rep.",COG,104827975.2,50771655.35
1962,Costa Rica,CRI,124825190.6,108885580.7
1962,Cote d'Ivoire,CIV,166140935,221930266.3
1962,Croatia,HRV,..,..
1962,Cuba,CUB,..,..
1962,Curacao,CUW,..,..
1962,Cyprus,CYP,..,..
1962,Czechia,CZE,..,..
1962,Denmark,DNK,..,..
1962,Djibouti,DJI,..,..
1962,Dominica,DMA,..,..
1962,Dominican Republic,DOM,199300000,196700000
1962,Ecuador,ECU,163881255.1,155487234.4
1962,"Egypt, Arab Rep.",EGY,787660480.3,607433082.2
1962,El Salvador,SLV,..,..
1962,Equatorial Guinea,GNQ,..,..
1962,Eritrea,ERI,..,..
1962,Estonia,EST,..,..
1962,Eswatini,SWZ,..,..
1962,Ethiopia,ETH,..,..
1962,Faroe Islands,FRO,..,..
1962,Fiji,FJI,..,..
1962,Finland,FIN,..,..
1962,France,FRA,9325584138,10480171412
1962,French Polynesia,PYF,..,..
1962,Gabon,GAB,56243568.86,57972564.17
1962,"Gambia, The",GMB,..,..
1962,Georgia,GEO,..,..
1962,Germany,DEU,..,..
1962,Ghana,GHA,393603747.6,334773294.2
1962,Gibraltar,GIB,..,..
1962,Greece,GRC,727671595,427584440.7
1962,Greenland,GRL,..,..
1962,Grenada,GRD,..,..
1962,Guam,GUM,..,..
1962,Guatemala,GTM,153500000,134800000
1962,Guinea,GIN,..,..
1962,Guinea-Bissau,GNB,..,..
1962,Guyana,GUY,87499781.25,110424723.9
1962,Haiti,HTI,..,..
1962,Honduras,HND,94250000,112000000
1962,"Hong Kong SAR, China",HKG,1397230781,1263224322
1962,Hungary,HUN,..,..
1962,Iceland,ISL,..,..
1962,India,IND,2543102543,1757701758
1962,Indonesia,IDN,..,..
1962,"Iran, Islamic Rep.",IRN,642016253.8,680443017.7
1962,Iraq,IRQ,..,..
1962,Ireland,IRL,..,..
1962,Isle of Man,IMN,..,..
1962,Israel,ISR,..,..
1962,Italy,ITA,..,..
1962,Jamaica,JAM,..,..
1962,Japan,JPN,..,..
1962,Jordan,JOR,..,..
1962,Kazakhstan,KAZ,..,..
1962,Kenya,KEN,261519895.4,278123874.8
1962,Kiribati,KIR,..,..
1962,"Korea, Dem. People's Rep.",PRK,..,..
1962,"Korea, Rep.",KOR,439230769.2,109230769.2
1962,Kosovo,XKX,..,..
1962,Kuwait,KWT,..,..
1962,Kyrgyz Republic,KGZ,..,..
1962,Lao PDR,LAO,..,..
1962,Latvia,LVA,..,..
1962,Lebanon,LBN,..,..
1962,Lesotho,LSO,20019991.99,6019997.592
1962,Liberia,LBR,..,..
1962,Libya,LBY,..,..
1962,Liechtenstein,LIE,..,..
1962,Lithuania,LTU,..,..
1962,Luxembourg,LUX,..,..
1962,"Macao SAR, China",MAC,..,..
1962,Madagascar,MDG,135907021.6,101689130.8
1962,Malawi,MWI,..,..
1962,Malaysia,MYS,863381266.3,921528018.2
1962,Maldives,MDV,..,..
1962,Mali,MLI,..,..
1962,Malta,MLT,..,..
1962,Marshall Islands,MHL,..,..
1962,Mauritania,MRT,35270342.4,18926389.78
1962,Mauritius,MUS,..,..
1962,Mexico,MEX,1536528000,1302504000
1962,"Micronesia, Fed. Sts.",FSM,..,..
1962,Moldova,MDA,..,..
1962,Monaco,MCO,..,..
1962,Mongolia,MNG,..,..
1962,Montenegro,MNE,..,..
1962,Morocco,MAR,501927678.9,428812249.4
1962,Mozambique,MOZ,..,..
1962,Myanmar,MMR,..,..
1962,Namibia,NAM,..,..
1962,Nauru,NRU,..,..
1962,Nepal,NPL,..,..
1962,Netherlands,NLD,..,..
1962,New Caledonia,NCL,..,..
1962,New Zealand,NZL,..,..
1962,Nicaragua,NIC,77832506.02,71175903.95
1962,Niger,NER,68848149.73,49364165.54
1962,Nigeria,NGA,..,..
1962,North Macedonia,MKD,..,..
1962,Northern Mariana Islands,MNP,..,..
1962,Norway,NOR,..,..
1962,Oman,OMN,..,..
1962,Pakistan,PAK,620327593.4,288744225.1
1962,Palau,PLW,..,..
1962,Panama,PAN,372814600,346803300
1962,Papua New Guinea,PNG,72912011.67,42336006.77
1962,Paraguay,PRY,52936507.94,45555555.56
1962,Peru,PER,721234798.8,655757632.3
1962,Philippines,PHL,..,..
1962,Poland,POL,..,..
1962,Portugal,PRT,..,..
1962,Puerto Rico (US),PRI,..,..
1962,Qatar,QAT,..,..
1962,Romania,ROU,..,..
1962,Russian Federation,RUS,..,..
1962,Rwanda,RWA,16000000,11600000
1962,Samoa,WSM,..,..
1962,San Marino,SMR,..,..
1962,Sao Tome and Principe,STP,..,..
1962,Saudi Arabia,SAU,..,..
1962,Senegal,SEN,173017580.1,151058846.2
1962,Serbia,SRB,..,..
1962,Seychelles,SYC,..,..
1962,Sierra Leone,SLE,..,..
1962,Singapore,SGP,1227157800,1141211674
1962,Sint Maarten (Dutch part),SXM,..,..
1962,Slovak Republic,SVK,..,..
1962,Slovenia,SVN,..,..
1962,Solomon Islands,SLB,..,..
1962,"Somalia, Fed. Rep.",SOM,55999932.8,26039938.06
1962,South Africa,ZAF,1755599298,2498999000
1962,South Sudan,SSD,..,..
1962,Spain,ESP,..,..
1962,Sri Lanka,LKA,418792243.6,398590401.9
1962,St. Kitts and Nevis,KNA,..,..
1962,St. Lucia,LCA,..,..
1962,St. Martin (French part),MAF,..,..
1962,St. Vincent and the Grenadines,VCT,..,..
1962,Sudan,SDN,199885124.1,194141298.7
1962,Suriname,SUR,..,..
1962,Sweden,SWE,3645522311,3759772648
1962,Switzerland,CHE,..,..
1962,Syrian Arab Republic,SYR,239475799.5,232483197.8
1962,Tajikistan,TJK,..,..
1962,Tanzania,TZA,..,..
1962,Thailand,THA,584003831.4,519061302.7
1962,Timor-Leste,TLS,..,..
1962,Togo,TGO,..,..
1962,Tonga,TON,..,..
1962,Trinidad and Tobago,TTO,..,..
1962,Tunisia,TUN,..,..
1962,Turkiye,TUR,711111111.1,500000000
1962,Turkmenistan,TKM,..,..
1962,Turks and Caicos Islands,TCA,..,..
1962,Tuvalu,TUV,..,..
1962,Uganda,UGA,96334174.63,108280396.6
1962,Ukraine,UKR,..,..
1962,United Arab Emirates,ARE,..,..
1962,United Kingdom,GBR,..,..
1962,United States,USA,..,..
1962,Uruguay,URY,246804759.8,193918025.6
1962,Uzbekistan,UZB,..,..
1962,Vanuatu,VUT,..,..
1962,"Venezuela, RB",VEN,1489969152,2880107474
1962,Viet Nam,VNM,..,..
1962,Virgin Islands (U.S.),VIR,..,..
1962,West Bank and Gaza,PSE,..,..
1962,"Yemen, Rep.",YEM,..,..
1962,Zambia,ZMB,..,..
1962,Zimbabwe,ZWE,..,..
1962,Africa Eastern and Southern,AFE,..,..
1962,Africa Western and Central,AFW,..,..
1962,Arab World,ARB,..,..
1962,Caribbean small states,CSS,..,..
1962,Central Europe and the Baltics,CEB,..,..
1962,Early-demographic dividend,EAR,21498792927,19925165707
1962,East Asia & Pacific,EAS,19178959903,19822051911
1962,East Asia & Pacific (excluding high income),EAP,4084104416,3855592943
1962,East Asia & Pacific (IDA & IBRD countries),TEA,4076803883,3850741590
1962,Euro area,EMU,..,..
1962,Europe & Central Asia,ECS,..,..
1962,Europe & Central Asia (excluding high income),ECA,..,..
1962,Europe & Central Asia (IDA & IBRD countries),TEC,..,..
1962,European Union,EUU,..,..
1962,Fragile and conflict affected situations,FCS,..,..
1962,Heavily indebted poor countries (HIPC),HPC,..,..
1962,High income,HIC,..,..
1962,IBRD only,IBD,33945167227,33081308968
1962,IDA & IBRD total,IBT,41729773853,39591749641
1962,IDA blend,IDB,2657859858,..
1962,IDA only,IDX,..,..
1962,IDA total,IDA,..,..
1962,Late-demographic dividend,LTE,..,..
1962,Latin America & Caribbean,LCN,12717658998,11834233533
1962,Latin America & Caribbean (excluding high income),LAC,8198261016,5985768120
1962,Latin America & the Caribbean (IDA & IBRD countries),TLA,10028883529,9632451775
1962,Least developed countries: UN classification,LDC,..,..
1962,Low & middle income,LMY,30876789888,26750718945
1962,Low income,LIC,..,..
1962,Lower middle income,LMC,..,..
1962,"Middle East, North Africa, Afghanistan & Pakistan",MEA,..,..
1962,"Middle East, North Africa, Afghanistan & Pakistan (excluding high income)",MNA,..,..
1962,"Middle East, North Africa, Afghanistan & Pakistan (IDA & IBRD)",TMN,4321955670,..
1962,Middle income,MIC,29132462966,25415908537
1962,North America,NAC,..,..
1962,Not classified,INX,..,..
1962,OECD members,OED,..,..
1962,Other small states,OSS,..,..
1962,Pacific island small states,PSS,..,..
1962,Post-demographic dividend,PST,..,..
1962,Pre-demographic dividend,PRE,..,..
1962,Small states,SST,..,..
1962,South Asia,SAS,3663377184,2793638494
1962,South Asia (IDA & IBRD),TSA,3663377184,2793638494
1962,Sub-Saharan Africa,SSF,..,..
1962,Sub-Saharan Africa (excluding high income),SSA,..,..
1962,Sub-Saharan Africa (IDA & IBRD countries),TSS,..,..
1962,Upper middle income,UMC,18136144193,17036228818
1962,World,WLD,..,..
1963,Afghanistan,AFG,126666717.8,68888922.22
1963,Albania,ALB,..,..
1963,Algeria,DZA,995387052.2,667222517
1963,American Samoa,ASM,..,..
1963,Andorra,AND,..,..
1963,Angola,AGO,..,..
1963,Antigua and Barbuda,ATG,..,..
1963,Argentina,ARG,1441753153,1441753550
1963,Armenia,ARM,..,..
1963,Aruba,ABW,..,..
1963,Australia,AUS,2974720476,2796640447
1963,Austria,AUT,..,..
1963,Azerbaijan,AZE,..,..
1963,"Bahamas, The",BHS,..,..
1963,Bahrain,BHR,..,..
1963,Bangladesh,BGD,620050875,531067354.2
1963,Barbados,BRB,..,..
1963,Belarus,BLR,..,..
1963,Belgium,BEL,..,..
1963,Belize,BLZ,..,..
1963,Benin,BEN,29521377.13,9703491.993
1963,Bermuda,BMU,..,..
1963,Bhutan,BTN,..,..
1963,Bolivia,BOL,127188552.2,81986531.99
1963,Bosnia and Herzegovina,BIH,..,..
1963,Botswana,BWA,18034718.93,11044517.79
1963,Brazil,BRA,2097486801,2080325262
1963,British Virgin Islands,VGB,..,..
1963,Brunei Darussalam,BRN,..,..
1963,Bulgaria,BGR,..,..
1963,Burkina Faso,BFA,61742268.38,21985467.82
1963,Burundi,BDI,..,..
1963,Cabo Verde,CPV,..,..
1963,Cambodia,KHM,151428562.9,125714285.7
1963,Cameroon,CMR,..,..
1963,Canada,CAN,7854369043,8094515611
1963,Cayman Islands,CYM,..,..
1963,Central African Republic,CAF,49792597.31,32650882.14
1963,Chad,TCD,71423855.71,48137413.9
1963,Channel Islands,CHI,..,..
1963,Chile,CHL,825800246.6,687611590.6
1963,China,CHN,1210670000,1666350000
1963,Colombia,COL,597285655.6,579510844.4
1963,Comoros,COM,..,..
1963,"Congo, Dem. Rep.",COD,..,..
1963,"Congo, Rep.",COG,99632771.86,62818525.12
1963,Costa Rica,CRI,138870092.2,113065968.9
1963,Cote d'Ivoire,CIV,178997280.5,258264804.1
1963,Croatia,HRV,..,..
1963,Cuba,CUB,..,..
1963,Curacao,CUW,..,..
1963,Cyprus,CYP,..,..
1963,Czechia,CZE,..,..
1963,Denmark,DNK,..,..
1963,Djibouti,DJI,..,..
1963,Dominica,DMA,..,..
1963,Dominican Republic,DOM,244400000,195000000
1963,Ecuador,ECU,181649471.1,168447538.4
1963,"Egypt, Arab Rep.",EGY,987619111.1,743589330.8
1963,El Salvador,SLV,..,..
1963,Equatorial Guinea,GNQ,..,..
1963,Eritrea,ERI,..,..
1963,Estonia,EST,..,..
1963,Eswatini,SWZ,..,..
1963,Ethiopia,ETH,..,..
1963,Faroe Islands,FRO,..,..
1963,Fiji,FJI,..,..
1963,Finland,FIN,..,..
1963,France,FRA,10693152241,11534712171
1963,French Polynesia,PYF,..,..
1963,Gabon,GAB,70124239.99,72764821.72
1963,"Gambia, The",GMB,..,..
1963,Georgia,GEO,..,..
1963,Germany,DEU,..,..
1963,Ghana,GHA,423018974.3,326368943.8
1963,Gibraltar,GIB,..,..
1963,Greece,GRC,851556931.5,525311536.6
1963,Greenland,GRL,..,..
1963,Grenada,GRD,..,..
1963,Guam,GUM,..,..
1963,Guatemala,GTM,201200000,180400000
1963,Guinea,GIN,..,..
1963,Guinea-Bissau,GNB,..,..
1963,Guyana,GUY,81083130.63,110599723.5
1963,Haiti,HTI,..,..
1963,Honduras,HND,146550000,150750000
1963,"Hong Kong SAR, China",HKG,1552024945,1414306396
1963,Hungary,HUN,..,..
1963,Iceland,ISL,..,..
1963,India,IND,2860202860,2072702073
1963,Indonesia,IDN,..,..
1963,"Iran, Islamic Rep.",IRN,614102503.6,755608234.8
1963,Iraq,IRQ,..,..
1963,Ireland,IRL,..,..
1963,Isle of Man,IMN,..,..
1963,Israel,ISR,..,..
1963,Italy,ITA,..,..
1963,Jamaica,JAM,..,..
1963,Japan,JPN,..,..
1963,Jordan,JOR,..,..
1963,Kazakhstan,KAZ,..,..
1963,Kenya,KEN,268365892.7,296813881.3
1963,Kiribati,KIR,..,..
1963,"Korea, Dem. People's Rep.",PRK,..,..
1963,"Korea, Rep.",KOR,584615384.6,157692307.7
1963,Kosovo,XKX,..,..
1963,Kuwait,KWT,..,..
1963,Kyrgyz Republic,KGZ,..,..
1963,Lao PDR,LAO,..,..
1963,Latvia,LVA,..,..
1963,Lebanon,LBN,..,..
1963,Lesotho,LSO,23939990.42,6999997.2
1963,Liberia,LBR,..,..
1963,Libya,LBY,..,..
1963,Liechtenstein,LIE,..,..
1963,Lithuania,LTU,..,..
1963,Luxembourg,LUX,..,..
1963,"Macao SAR, China",MAC,..,..
1963,Madagascar,MDG,151309643.8,97047803.75
1963,Malawi,MWI,..,..
1963,Malaysia,MYS,1104134953,1147581683
1963,Maldives,MDV,..,..
1963,Mali,MLI,..,..
1963,Malta,MLT,..,..
1963,Marshall Islands,MHL,..,..
1963,Mauritania,MRT,34317088.89,33594342.18
1963,Mauritius,MUS,..,..
1963,Mexico,MEX,1688128000,1411096000
1963,"Micronesia, Fed. Sts.",FSM,..,..
1963,Moldova,MDA,..,..
1963,Monaco,MCO,..,..
1963,Mongolia,MNG,..,..
1963,Montenegro,MNE,..,..
1963,Morocco,MAR,533545170.5,476238486.8
1963,Mozambique,MOZ,..,..
1963,Myanmar,MMR,..,..
1963,Namibia,NAM,..,..
1963,Nauru,NRU,..,..
1963,Nepal,NPL,..,..
1963,Netherlands,NLD,..,..
1963,New Caledonia,NCL,..,..
1963,New Zealand,NZL,..,..
1963,Nicaragua,NIC,89918283.96,85701581.77
1963,Niger,NER,60518941.86,54590795.45
1963,Nigeria,NGA,..,..
1963,North Macedonia,MKD,..,..
1963,Northern Mariana Islands,MNP,..,..
1963,Norway,NOR,..,..
1963,Oman,OMN,..,..
1963,Pakistan,PAK,732255354.9,378622427.6
1963,Palau,PLW,..,..
1963,Panama,PAN,434329900,380614200
1963,Papua New Guinea,PNG,85456013.67,48048007.69
1963,Paraguay,PRY,49809523.81,44380952.38
1963,Peru,PER,776482908.5,663776045.7
1963,Philippines,PHL,..,..
1963,Poland,POL,..,..
1963,Portugal,PRT,..,..
1963,Puerto Rico (US),PRI,1146900000,..
1963,Qatar,QAT,..,..
1963,Romania,ROU,..,..
1963,Russian Federation,RUS,..,..
1963,Rwanda,RWA,16200002,7600000
1963,Samoa,WSM,..,..
1963,San Marino,SMR,..,..
1963,Sao Tome and Principe,STP,..,..
1963,Saudi Arabia,SAU,..,..
1963,Senegal,SEN,177791211.5,135516436.5
1963,Serbia,SRB,..,..
1963,Seychelles,SYC,..,..
1963,Sierra Leone,SLE,..,..
1963,Singapore,SGP,1428972762,1295235233
1963,Sint Maarten (Dutch part),SXM,..,..
1963,Slovak Republic,SVK,..,..
1963,Slovenia,SVN,..,..
1963,Solomon Islands,SLB,..,..
1963,"Somalia, Fed. Rep.",SOM,56139923.78,34299919.08
1963,South Africa,ZAF,2185399126,2696398921
1963,South Sudan,SSD,..,..
1963,Spain,ESP,..,..
1963,Sri Lanka,LKA,341092712.8,319557568.6
1963,St. Kitts and Nevis,KNA,..,..
1963,St. Lucia,LCA,..,..
1963,St. Martin (French part),MAF,..,..
1963,St. Vincent and the Grenadines,VCT,..,..
1963,Sudan,SDN,243825388.4,225732338.4
1963,Suriname,SUR,..,..
1963,Sweden,SWE,3969327638,4076731162
1963,Switzerland,CHE,..,..
1963,Syrian Arab Republic,SYR,254143979.1,233218638.7
1963,Tajikistan,TJK,..,..
1963,Tanzania,TZA,..,..
1963,Thailand,THA,650552088.3,535813730.2
1963,Timor-Leste,TLS,..,..
1963,Togo,TGO,53698470.4,34342045.03
1963,Tonga,TON,..,..
1963,Trinidad and Tobago,TTO,..,..
1963,Tunisia,TUN,..,..
1963,Turkiye,TUR,722222222.2,433333333.3
1963,Turkmenistan,TKM,..,..
1963,Turks and Caicos Islands,TCA,..,..
1963,Tuvalu,TUV,..,..
1963,Uganda,UGA,123298893.7,146070429.1
1963,Ukraine,UKR,..,..
1963,United Arab Emirates,ARE,..,..
1963,United Kingdom,GBR,..,..
1963,United States,USA,..,..
1963,Uruguay,URY,185026101.9,185026101.9
1963,Uzbekistan,UZB,..,..
1963,Vanuatu,VUT,..,..
1963,"Venezuela, RB",VEN,1458861579,3078813813
1963,Viet Nam,VNM,..,..
1963,Virgin Islands (U.S.),VIR,..,..
1963,West Bank and Gaza,PSE,..,..
1963,"Yemen, Rep.",YEM,..,..
1963,Zambia,ZMB,..,..
1963,Zimbabwe,ZWE,..,..
1963,Africa Eastern and Southern,AFE,..,..
1963,Africa Western and Central,AFW,..,..
1963,Arab World,ARB,..,..
1963,Caribbean small states,CSS,..,..
1963,Central Europe and the Baltics,CEB,..,..
1963,Early-demographic dividend,EAR,24116991782,22737303693
1963,East Asia & Pacific,EAS,22290114960,22002845766
1963,East Asia & Pacific (excluding high income),EAP,4671742431,4411178370
1963,East Asia & Pacific (IDA & IBRD countries),TEA,4663391467,4405627944
1963,Euro area,EMU,..,..
1963,Europe & Central Asia,ECS,..,..
1963,Europe & Central Asia (excluding high income),ECA,..,..
1963,Europe & Central Asia (IDA & IBRD countries),TEC,..,..
1963,European Union,EUU,..,..
1963,Fragile and conflict affected situations,FCS,..,..
1963,Heavily indebted poor countries (HIPC),HPC,..,..
1963,High income,HIC,..,..
1963,IBRD only,IBD,39472881394,39614566222
1963,IDA & IBRD total,IBT,48010124024,46634210704
1963,IDA blend,IDB,2959220619,..
1963,IDA only,IDX,..,..
1963,IDA total,IDA,..,..
1963,Late-demographic dividend,LTE,..,..
1963,Latin America & Caribbean,LCN,14385670826,14877159041
1963,Latin America & Caribbean (excluding high income),LAC,9675766847,8515482111
1963,Latin America & the Caribbean (IDA & IBRD countries),TLA,11344243246,12109235178
1963,Least developed countries: UN classification,LDC,..,..
1963,Low & middle income,LMY,36090594902,32223566634
1963,Low income,LIC,..,..
1963,Lower middle income,LMC,..,..
1963,"Middle East, North Africa, Afghanistan & Pakistan",MEA,..,..
1963,"Middle East, North Africa, Afghanistan & Pakistan (excluding high income)",MNA,..,..
1963,"Middle East, North Africa, Afghanistan & Pakistan (IDA & IBRD)",TMN,5627519319,..
1963,Middle income,MIC,34053093505,30698160172
1963,North America,NAC,..,..
1963,Not classified,INX,..,..
1963,OECD members,OED,..,..
1963,Other small states,OSS,..,..
1963,Pacific island small states,PSS,..,..
1963,Post-demographic dividend,PST,..,..
1963,Pre-demographic dividend,PRE,..,..
1963,Small states,SST,..,..
1963,South Asia,SAS,3987080349,3022047877
1963,South Asia (IDA & IBRD),TSA,3987080349,3022047877
1963,Sub-Saharan Africa,SSF,..,..
1963,Sub-Saharan Africa (excluding high income),SSA,..,..
1963,Sub-Saharan Africa (IDA & IBRD countries),TSS,..,..
1963,Upper middle income,UMC,21786711734,21265251525
1963,World,WLD,..,..
1964,Afghanistan,AFG,144444451.1,71111144.44
1964,Albania,ALB,..,..
1964,Algeria,DZA,856495849.8,729774643.2
1964,American Samoa,ASM,..,..
1964,Andorra,AND,..,..
1964,Angola,AGO,..,..
1964,Antigua and Barbuda,ATG,..,..
1964,Argentina,ARG,1424602864,1424603255
1964,Armenia,ARM,..,..
1964,Aruba,ABW,..,..
1964,Australia,AUS,3270400523,3549280568
1964,Austria,AUT,..,..
1964,Azerbaijan,AZE,..,..
1964,"Bahamas, The",BHS,..,..
1964,Bahrain,BHR,..,..
1964,Bangladesh,BGD,760610875,540135791.7
1964,Barbados,BRB,..,..
1964,Belarus,BLR,..,..
1964,Belgium,BEL,..,..
1964,Belize,BLZ,..,..
1964,Benin,BEN,33034386.5,13861515.06
1964,Bermuda,BMU,..,..
1964,Bhutan,BTN,..,..
1964,Bolivia,BOL,127693602.7,110437710.4
1964,Bosnia and Herzegovina,BIH,..,..
1964,Botswana,BWA,20215849.5,11990090.05
1964,Brazil,BRA,1204326396,1354466135
1964,British Virgin Islands,VGB,..,..
1964,Brunei Darussalam,BRN,..,..
1964,Bulgaria,BGR,..,..
1964,Burkina Faso,BFA,47262650.25,11484230.66
1964,Burundi,BDI,..,..
1964,Cabo Verde,CPV,..,..
1964,Cambodia,KHM,122857151.4,117142857.1
1964,Cameroon,CMR,..,..
1964,Canada,CAN,8918902585,9398224064
1964,Cayman Islands,CYM,..,..
1964,Central African Republic,CAF,57952751.48,40403677.01
1964,Chad,TCD,83664248.05,53846256.5
1964,Channel Islands,CHI,..,..
1964,Chile,CHL,788872995.2,730563068.9
1964,China,CHN,1481100000,1938860000
1964,Colombia,COL,755727700,714265144.4
1964,Comoros,COM,..,..
1964,"Congo, Dem. Rep.",COD,..,..
1964,"Congo, Rep.",COG,104822271.1,70846987.33
1964,Costa Rica,CRI,155005187.9,132494248.2
1964,Cote d'Ivoire,CIV,227712367.6,330533062
1964,Croatia,HRV,..,..
1964,Cuba,CUB,..,..
1964,Curacao,CUW,..,..
1964,Cyprus,CYP,..,..
1964,Czechia,CZE,..,..
1964,Denmark,DNK,..,..
1964,Djibouti,DJI,..,..
1964,Dominica,DMA,..,..
1964,Dominican Republic,DOM,287500000,202000000
1964,Ecuador,ECU,227656462.4,199730212.8
1964,"Egypt, Arab Rep.",EGY,1171388946,866409220.2
1964,El Salvador,SLV,..,..
1964,Equatorial Guinea,GNQ,..,..
1964,Eritrea,ERI,..,..
1964,Estonia,EST,..,..
1964,Eswatini,SWZ,..,..
1964,Ethiopia,ETH,..,..
1964,Faroe Islands,FRO,..,..
1964,Fiji,FJI,..,..
1964,Finland,FIN,..,..
1964,France,FRA,12529464175,12972299548
1964,French Polynesia,PYF,..,..
1964,Gabon,GAB,77540103.47,90352324.34
1964,"Gambia, The",GMB,..,..
1964,Georgia,GEO,..,..
1964,Germany,DEU,..,..
1964,Ghana,GHA,413213898.8,344578369.8
1964,Gibraltar,GIB,..,..
1964,Greece,GRC,1054609848,500981987.6
1964,Greenland,GRL,..,..
1964,Grenada,GRD,..,..
1964,Guam,GUM,..,..
1964,Guatemala,GTM,235000000,199900000
1964,Guinea,GIN,..,..
1964,Guinea-Bissau,GNB,..,..
1964,Guyana,GUY,104241406.1,111241388.6
1964,Haiti,HTI,..,..
1964,Honduras,HND,161500000,171400000
1964,"Hong Kong SAR, China",HKG,1778091243,1609005531
1964,Hungary,HUN,..,..
1964,Iceland,ISL,..,..
1964,India,IND,3210903211,2104202104
1964,Indonesia,IDN,..,..
1964,"Iran, Islamic Rep.",IRN,878548557.8,882202284.6
1964,Iraq,IRQ,..,..
1964,Ireland,IRL,..,..
1964,Isle of Man,IMN,..,..
1964,Israel,ISR,..,..
1964,Italy,ITA,..,..
1964,Jamaica,JAM,..,..
1964,Japan,JPN,..,..
1964,Jordan,JOR,..,..
1964,Kazakhstan,KAZ,..,..
1964,Kenya,KEN,291759883.3,333479880.6
1964,Kiribati,KIR,..,..
1964,"Korea, Dem. People's Rep.",PRK,..,..
1964,"Korea, Rep.",KOR,428344229.8,171618266.7
1964,Kosovo,XKX,..,..
1964,Kuwait,KWT,..,..
1964,Kyrgyz Republic,KGZ,..,..
1964,Lao PDR,LAO,..,..
1964,Latvia,LVA,..,..
1964,Lebanon,LBN,..,..
1964,Lesotho,LSO,25759989.7,7979996.808
1964,Liberia,LBR,..,..
1964,Libya,LBY,..,..
1964,Liechtenstein,LIE,..,..
1964,Lithuania,LTU,..,..
1964,Luxembourg,LUX,..,..
1964,"Macao SAR, China",MAC,..,..
1964,Madagascar,MDG,159917394.2,106752579.5
1964,Malawi,MWI,..,..
1964,Malaysia,MYS,1132554994,1178941729
1964,Maldives,MDV,..,..
1964,Mali,MLI,..,..
1964,Malta,MLT,..,..
1964,Marshall Islands,MHL,..,..
1964,Mauritania,MRT,35079689.23,77479912.16
1964,Mauritius,MUS,..,..
1964,Mexico,MEX,1978568000,1532720000
1964,"Micronesia, Fed. Sts.",FSM,..,..
1964,Moldova,MDA,..,..
1964,Monaco,MCO,..,..
1964,Mongolia,MNG,..,..
1964,Montenegro,MNE,..,..
1964,Morocco,MAR,535521283.5,545401670.6
1964,Mozambique,MOZ,..,..
1964,Myanmar,MMR,..,..
1964,Namibia,NAM,..,..
1964,Nauru,NRU,..,..
1964,Nepal,NPL,..,..
1964,Netherlands,NLD,..,..
1964,New Caledonia,NCL,..,..
1964,New Zealand,NZL,..,..
1964,Nicaragua,NIC,105871525.8,100227288.4
1964,Niger,NER,82169189.85,54007616.97
1964,Nigeria,NGA,..,..
1964,North Macedonia,MKD,..,..
1964,Northern Mariana Islands,MNP,..,..
1964,Norway,NOR,..,..
1964,Oman,OMN,..,..
1964,Pakistan,PAK,801763964.7,401931961.4
1964,Palau,PLW,..,..
1964,Panama,PAN,441970400,407276600
1964,Papua New Guinea,PNG,104720016.8,55888008.94
1964,Paraguay,PRY,58539682.54,50047619.05
1964,Peru,PER,818467051.3,805981793.5
1964,Philippines,PHL,..,..
1964,Poland,POL,..,..
1964,Portugal,PRT,..,..
1964,Puerto Rico (US),PRI,1341000000,..
1964,Qatar,QAT,..,..
1964,Romania,ROU,..,..
1964,Russian Federation,RUS,..,..
1964,Rwanda,RWA,16400000,15600000
1964,Samoa,WSM,..,..
1964,San Marino,SMR,..,..
1964,Sao Tome and Principe,STP,..,..
1964,Saudi Arabia,SAU,..,..
1964,Senegal,SEN,190639574.5,142348125.6
1964,Serbia,SRB,..,..
1964,Seychelles,SYC,..,..
1964,Sierra Leone,SLE,109755521.8,108122255.1
1964,Singapore,SGP,1188741743,1091623601
1964,Sint Maarten (Dutch part),SXM,..,..
1964,Slovak Republic,SVK,..,..
1964,Slovenia,SVN,..,..
1964,Solomon Islands,SLB,..,..
1964,"Somalia, Fed. Rep.",SOM,69859927.26,36679918.13
1964,South Africa,ZAF,2647398941,2846198862
1964,South Sudan,SSD,..,..
1964,Spain,ESP,..,..
1964,Sri Lanka,LKA,349987424.2,322401284
1964,St. Kitts and Nevis,KNA,..,..
1964,St. Lucia,LCA,..,..
1964,St. Martin (French part),MAF,..,..
1964,St. Vincent and the Grenadines,VCT,..,..
1964,Sudan,SDN,248994831.3,215680643.9
1964,Suriname,SUR,..,..
1964,Sweden,SWE,4503064316,4623375686
1964,Switzerland,CHE,..,..
1964,Syrian Arab Republic,SYR,257291282.7,223808507.9
1964,Tajikistan,TJK,..,..
1964,Tanzania,TZA,..,..
1964,Thailand,THA,730192307.7,674951923.1
1964,Timor-Leste,TLS,..,..
1964,Togo,TGO,72692943.2,53756126.06
1964,Tonga,TON,..,..
1964,Trinidad and Tobago,TTO,..,..
1964,Tunisia,TUN,..,..
1964,Turkiye,TUR,611111111.1,500000000
1964,Turkmenistan,TKM,..,..
1964,Turks and Caicos Islands,TCA,..,..
1964,Tuvalu,TUV,..,..
1964,Uganda,UGA,136093399.1,176172433.9
1964,Ukraine,UKR,..,..
1964,United Arab Emirates,ARE,..,..
1964,United Kingdom,GBR,..,..
1964,United States,USA,..,..
1964,Uruguay,URY,224109459.8,235904694.5
1964,Uzbekistan,UZB,..,..
1964,Vanuatu,VUT,..,..
1964,"Venezuela, RB",VEN,1473655172,2471908046
1964,Viet Nam,VNM,..,..
1964,Virgin Islands (U.S.),VIR,..,..
1964,West Bank and Gaza,PSE,..,..
1964,"Yemen, Rep.",YEM,..,..
1964,Zambia,ZMB,..,..
1964,Zimbabwe,ZWE,..,..
1964,Africa Eastern and Southern,AFE,..,..
1964,Africa Western and Central,AFW,..,..
1964,Arab World,ARB,..,..
1964,Caribbean small states,CSS,..,..
1964,Central Europe and the Baltics,CEB,..,..
1964,Early-demographic dividend,EAR,26470318946,23301157975
1964,East Asia & Pacific,EAS,23537379287,25031138753
1964,East Asia & Pacific (excluding high income),EAP,5210342388,4964877146
1964,East Asia & Pacific (IDA & IBRD countries),TEA,5201028651,4958630021
1964,Euro area,EMU,..,..
1964,Europe & Central Asia,ECS,..,..
1964,Europe & Central Asia (excluding high income),ECA,..,..
1964,Europe & Central Asia (IDA & IBRD countries),TEC,..,..
1964,European Union,EUU,..,..
1964,Fragile and conflict affected situations,FCS,..,..
1964,Heavily indebted poor countries (HIPC),HPC,..,..
1964,High income,HIC,..,..
1964,IBRD only,IBD,41507120547,40265950854
1964,IDA & IBRD total,IBT,50861363259,47845583742
1964,IDA blend,IDB,3319328082,..
1964,IDA only,IDX,..,..
1964,IDA total,IDA,..,..
1964,Late-demographic dividend,LTE,..,..
1964,Latin America & Caribbean,LCN,14387584258,14003241638
1964,Latin America & Caribbean (excluding high income),LAC,9351125980,8254180509
1964,Latin America & the Caribbean (IDA & IBRD countries),TLA,11141384394,11397911778
1964,Least developed countries: UN classification,LDC,..,..
1964,Low & middle income,LMY,38416661668,33920930807
1964,Low income,LIC,..,..
1964,Lower middle income,LMC,..,..
1964,"Middle East, North Africa, Afghanistan & Pakistan",MEA,..,..
1964,"Middle East, North Africa, Afghanistan & Pakistan (excluding high income)",MNA,..,..
1964,"Middle East, North Africa, Afghanistan & Pakistan (IDA & IBRD)",TMN,6160252019,..
1964,Middle income,MIC,36208626649,32312495224
1964,North America,NAC,..,..
1964,Not classified,INX,..,..
1964,OECD members,OED,..,..
1964,Other small states,OSS,..,..
1964,Pacific island small states,PSS,..,..
1964,Post-demographic dividend,PST,..,..
1964,Pre-demographic dividend,PRE,..,..
1964,Small states,SST,..,..
1964,South Asia,SAS,4508927411,3066926093
1964,South Asia (IDA & IBRD),TSA,4508927411,3066926093
1964,Sub-Saharan Africa,SSF,..,..
1964,Sub-Saharan Africa (excluding high income),SSA,..,..
1964,Sub-Saharan Africa (IDA & IBRD countries),TSS,..,..
1964,Upper middle income,UMC,22632900562,22110305166
1964,World,WLD,..,..
1965,Afghanistan,AFG,215555548.9,113333340
1965,Albania,ALB,..,..
1965,Algeria,DZA,810198782.3,708923934.5
1965,American Samoa,ASM,..,..
1965,Andorra,AND,..,..
1965,Angola,AGO,..,..
1965,Antigua and Barbuda,ATG,..,..
1965,Argentina,ARG,1176470539,1764705803
1965,Armenia,ARM,..,..
1965,Aruba,ABW,..,..
1965,Australia,AUS,3959200633,3428320549
1965,Austria,AUT,..,..
1965,Azerbaijan,AZE,..,..
1965,"Bahamas, The",BHS,..,..
1965,Bahrain,BHR,..,..
1965,Bangladesh,BGD,789516354.2,570741562.5
1965,Barbados,BRB,..,..
1965,Belarus,BLR,..,..
1965,Belgium,BEL,..,..
1965,Belize,BLZ,..,..
1965,Benin,BEN,43212948.83,21069296.18
1965,Bermuda,BMU,..,..
1965,Bhutan,BTN,..,..
1965,Bolivia,BOL,161279461.3,129713804.7
1965,Bosnia and Herzegovina,BIH,..,..
1965,Botswana,BWA,23173547.54,14518367.13
1965,Brazil,BRA,1210637974,1685625122
1965,British Virgin Islands,VGB,..,..
1965,Brunei Darussalam,BRN,..,..
1965,Bulgaria,BGR,..,..
1965,Burkina Faso,BFA,48113638.55,19676611.94
1965,Burundi,BDI,..,..
1965,Cabo Verde,CPV,..,..
1965,Cambodia,KHM,108571428.6,100000000
1965,Cameroon,CMR,197501862.1,193421237.8
1965,Canada,CAN,10166208353,9996446867
1965,Cayman Islands,CYM,..,..
1965,Central African Republic,CAF,56720586.89,40806173.54
1965,Chad,TCD,74267243.26,56286114.13
1965,Channel Islands,CHI,..,..
1965,Chile,CHL,772992397.8,811080139.4
1965,China,CHN,1916420000,2246600000
1965,Colombia,COL,559333333.3,699047619
1965,Comoros,COM,..,..
1965,"Congo, Dem. Rep.",COD,..,..
1965,"Congo, Rep.",COG,105279938.3,71410810.83
1965,Costa Rica,CRI,196800000,133796226.4
1965,Cote d'Ivoire,CIV,277073905.2,338691142.4
1965,Croatia,HRV,..,..
1965,Cuba,CUB,..,..
1965,Curacao,CUW,..,..
1965,Cyprus,CYP,..,..
1965,Czechia,CZE,..,..
1965,Denmark,DNK,..,..
1965,Djibouti,DJI,..,..
1965,Dominica,DMA,..,..
1965,Dominican Republic,DOM,180000000,144800000
1965,Ecuador,ECU,245638660.9,214348673
1965,"Egypt, Arab Rep.",EGY,996286588,847750109.2
1965,El Salvador,SLV,252880000,231600000
1965,Equatorial Guinea,GNQ,..,..
1965,Eritrea,ERI,..,..
1965,Estonia,EST,..,..
1965,Eswatini,SWZ,..,..
1965,Ethiopia,ETH,..,..
1965,Faroe Islands,FRO,26392978.86,24293701.88
1965,Fiji,FJI,..,..
1965,Finland,FIN,..,..
1965,France,FRA,12990103310,14511926398
1965,French Polynesia,PYF,..,..
1965,Gabon,GAB,84468787.67,97934826.28
1965,"Gambia, The",GMB,..,..
1965,Georgia,GEO,..,..
1965,Germany,DEU,..,..
1965,Ghana,GHA,549084231.6,351581995.2
1965,Gibraltar,GIB,..,..
1965,Greece,GRC,1237694816,577923334.5
1965,Greenland,GRL,..,..
1965,Grenada,GRD,..,..
1965,Guam,GUM,..,..
1965,Guatemala,GTM,261100000,223500000
1965,Guinea,GIN,..,..
1965,Guinea-Bissau,GNB,..,..
1965,Guyana,GUY,122941176.5,117823529.4
1965,Haiti,HTI,..,..
1965,Honduras,HND,196150000,228900000
1965,"Hong Kong SAR, China",HKG,1759685864,1675916230
1965,Hungary,HUN,..,..
1965,Iceland,ISL,..,..
1965,India,IND,3103803104,1969801970
1965,Indonesia,IDN,..,..
1965,"Iran, Islamic Rep.",IRN,1021055598,1000884206
1965,Iraq,IRQ,..,..
1965,Ireland,IRL,..,..
1965,Isle of Man,IMN,..,..
1965,Israel,ISR,..,..
1965,Italy,ITA,..,..
1965,Jamaica,JAM,..,..
1965,Japan,JPN,..,..
1965,Jordan,JOR,..,..
1965,Kazakhstan,KAZ,..,..
1965,Kenya,KEN,306319877.5,313319874.7
1965,Kiribati,KIR,..,..
1965,"Korea, Dem. People's Rep.",PRK,..,..
1965,"Korea, Rep.",KOR,447070729.5,222596929.1
1965,Kosovo,XKX,..,..
1965,Kuwait,KWT,484399806.2,1419599432
1965,Kyrgyz Republic,KGZ,..,..
1965,Lao PDR,LAO,..,..
1965,Latvia,LVA,..,..
1965,Lebanon,LBN,..,..
1965,Lesotho,LSO,29259988.3,8539996.584
1965,Liberia,LBR,..,..
1965,Libya,LBY,..,..
1965,Liechtenstein,LIE,..,..
1965,Lithuania,LTU,..,..
1965,Luxembourg,LUX,..,..
1965,"Macao SAR, China",MAC,..,..
1965,Madagascar,MDG,166712685.3,110127942.5
1965,Malawi,MWI,..,..
1965,Malaysia,MYS,1194948419,1327248613
1965,Maldives,MDV,..,..
1965,Mali,MLI,..,..
1965,Malta,MLT,..,..
1965,Marshall Islands,MHL,..,..
1965,Mauritania,MRT,38130099.08,85405336.37
1965,Mauritius,MUS,..,..
1965,Mexico,MEX,2079752000,1667320000
1965,"Micronesia, Fed. Sts.",FSM,..,..
1965,Moldova,MDA,..,..
1965,Monaco,MCO,..,..
1965,Mongolia,MNG,..,..
1965,Montenegro,MNE,..,..
1965,Morocco,MAR,497975492.5,535521263.8
1965,Mozambique,MOZ,..,..
1965,Myanmar,MMR,..,..
1965,Namibia,NAM,..,..
1965,Nauru,NRU,..,..
1965,Nepal,NPL,102375639.8,57094106.84
1965,Netherlands,NLD,..,..
1965,New Caledonia,NCL,..,..
1965,New Zealand,NZL,..,..
1965,Nicaragua,NIC,182869912.2,165339902.8
1965,Niger,NER,94378527.1,63869422.78
1965,Nigeria,NGA,..,..
1965,North Macedonia,MKD,..,..
1965,Northern Mariana Islands,MNP,..,..
1965,Norway,NOR,..,..
1965,Oman,OMN,..,..
1965,Pakistan,PAK,1007139857,418311633.8
1965,Palau,PLW,..,..
1965,Panama,PAN,496433000,464078900
1965,Papua New Guinea,PNG,130704020.9,62048009.93
1965,Paraguay,PRY,69873015.87,66349206.35
1965,Peru,PER,980611455.6,809077281
1965,Philippines,PHL,..,..
1965,Poland,POL,..,..
1965,Portugal,PRT,..,..
1965,Puerto Rico (US),PRI,1503600000,..
1965,Qatar,QAT,..,..
1965,Romania,ROU,..,..
1965,Russian Federation,RUS,..,..
1965,Rwanda,RWA,25200000,18000000
1965,Samoa,WSM,..,..
1965,San Marino,SMR,..,..
1965,Sao Tome and Principe,STP,..,..
1965,Saudi Arabia,SAU,..,..
1965,Senegal,SEN,180697022.6,145436128.5
1965,Serbia,SRB,..,..
1965,Seychelles,SYC,..,..
1965,Sierra Leone,SLE,112419955,103739958.5
1965,Singapore,SGP,1308987920,1201122428
1965,Sint Maarten (Dutch part),SXM,..,..
1965,Slovak Republic,SVK,..,..
1965,Slovenia,SVN,..,..
1965,Solomon Islands,SLB,..,..
1965,"Somalia, Fed. Rep.",SOM,50301993.32,41804010.16
1965,South Africa,ZAF,3035198786,2913398835
1965,South Sudan,SSD,..,..
1965,Spain,ESP,..,..
1965,Sri Lanka,LKA,432983193.3,439915966.4
1965,St. Kitts and Nevis,KNA,..,..
1965,St. Lucia,LCA,..,..
1965,St. Martin (French part),MAF,..,..
1965,St. Vincent and the Grenadines,VCT,..,..
1965,Sudan,SDN,217690982.8,205916140.7
1965,Suriname,SUR,..,..
1965,Sweden,SWE,5103033951,4982734952
1965,Switzerland,CHE,..,..
1965,Syrian Arab Republic,SYR,250835033.3,250836076.5
1965,Tajikistan,TJK,..,..
1965,Tanzania,TZA,..,..
1965,Thailand,THA,792692307.7,739759615.4
1965,Timor-Leste,TLS,..,..
1965,Togo,TGO,71750918.88,55333335.74
1965,Tonga,TON,..,..
1965,Trinidad and Tobago,TTO,..,..
1965,Tunisia,TUN,142666666.7,188761904.8
1965,Turkiye,TUR,644444444.4,544444444.4
1965,Turkmenistan,TKM,..,..
1965,Turks and Caicos Islands,TCA,..,..
1965,Tuvalu,TUV,..,..
1965,Uganda,UGA,215455690.9,226235475.3
1965,Ukraine,UKR,..,..
1965,United Arab Emirates,ARE,..,..
1965,United Kingdom,GBR,..,..
1965,United States,USA,..,..
1965,Uruguay,URY,216973280.1,347846052.3
1965,Uzbekistan,UZB,..,..
1965,Vanuatu,VUT,..,..
1965,"Venezuela, RB",VEN,1612822222,2451466667
1965,Viet Nam,VNM,..,..
1965,Virgin Islands (U.S.),VIR,..,..
1965,West Bank and Gaza,PSE,..,..
1965,"Yemen, Rep.",YEM,..,..
1965,Zambia,ZMB,..,..
1965,Zimbabwe,ZWE,..,..
1965,Africa Eastern and Southern,AFE,..,..
1965,Africa Western and Central,AFW,..,..
1965,Arab World,ARB,..,..
1965,Caribbean small states,CSS,..,..
1965,Central Europe and the Baltics,CEB,..,..
1965,Early-demographic dividend,EAR,27751128403,24362072771
1965,East Asia & Pacific,EAS,26872575618,26527274854
1965,East Asia & Pacific (excluding high income),EAP,6044702972,5603199889
1965,East Asia & Pacific (IDA & IBRD countries),TEA,6033897775,5596149585
1965,Euro area,EMU,..,..
1965,Europe & Central Asia,ECS,..,..
1965,Europe & Central Asia (excluding high income),ECA,..,..
1965,Europe & Central Asia (IDA & IBRD countries),TEC,..,..
1965,European Union,EUU,..,..
1965,Fragile and conflict affected situations,FCS,..,..
1965,Heavily indebted poor countries (HIPC),HPC,..,3794486967
1965,High income,HIC,..,..
1965,IBRD only,IBD,42893442902,43105712535
1965,IDA & IBRD total,IBT,53619757666,51451156181
1965,IDA blend,IDB,3960606414,..
1965,IDA only,IDX,..,..
1965,IDA total,IDA,..,..
1965,Late-demographic dividend,LTE,..,..
1965,Latin America & Caribbean,LCN,14764316355,15498327507
1965,Latin America & Caribbean (excluding high income),LAC,9247634385,9375790032
1965,Latin America & the Caribbean (IDA & IBRD countries),TLA,11298780209,12614834065
1965,Least developed countries: UN classification,LDC,..,..
1965,Low & middle income,LMY,40413064855,36581829715
1965,Low income,LIC,..,..
1965,Lower middle income,LMC,..,..
1965,"Middle East, North Africa, Afghanistan & Pakistan",MEA,..,..
1965,"Middle East, North Africa, Afghanistan & Pakistan (excluding high income)",MNA,6501672083,5754745841
1965,"Middle East, North Africa, Afghanistan & Pakistan (IDA & IBRD)",TMN,6363928310,5728814108
1965,Middle income,MIC,38036937347,34778227202
1965,North America,NAC,..,..
1965,Not classified,INX,..,..
1965,OECD members,OED,..,..
1965,Other small states,OSS,..,..
1965,Pacific island small states,PSS,..,..
1965,Post-demographic dividend,PST,..,..
1965,Pre-demographic dividend,PRE,..,..
1965,Small states,SST,..,..
1965,South Asia,SAS,4513936781,3081109747
1965,South Asia (IDA & IBRD),TSA,4513936781,3081109747
1965,Sub-Saharan Africa,SSF,..,..
1965,Sub-Saharan Africa (excluding high income),SSA,..,9651149360
1965,Sub-Saharan Africa (IDA & IBRD countries),TSS,..,..
1965,Upper middle income,UMC,23895414863,24318166871
1965,World,WLD,..,..
1966,Afghanistan,AFG,259999993.3,120000000
1966,Albania,ALB,..,..
1966,Algeria,DZA,749433873.6,789943812.7
1966,American Samoa,ASM,..,..
1966,Andorra,AND,..,..
1966,Angola,AGO,..,..
1966,Antigua and Barbuda,ATG,..,..
1966,Argentina,ARG,1428571371,1904761830
1966,Armenia,ARM,..,..
1966,Aruba,ABW,..,..
1966,Australia,AUS,4124960660,3525760564
1966,Austria,AUT,..,..
1966,Azerbaijan,AZE,..,..
1966,"Bahamas, The",BHS,..,..
1966,Bahrain,BHR,..,..
1966,Bangladesh,BGD,814737854.2,662275583.3
1966,Barbados,BRB,..,..
1966,Belarus,BLR,..,..
1966,Belgium,BEL,..,..
1966,Belize,BLZ,..,..
1966,Benin,BEN,49061961.84,20739912.15
1966,Bermuda,BMU,..,..
1966,Bhutan,BTN,..,..
1966,Bolivia,BOL,177188552.2,142255892.3
1966,Bosnia and Herzegovina,BIH,..,..
1966,Botswana,BWA,26220984.32,15063118.65
1966,Brazil,BRA,1621508461,1846958712
1966,British Virgin Islands,VGB,..,..
1966,Brunei Darussalam,BRN,..,..
1966,Bulgaria,BGR,..,..
1966,Burkina Faso,BFA,50541598.81,21918943.18
1966,Burundi,BDI,..,..
1966,Cabo Verde,CPV,..,..
1966,Cambodia,KHM,117142857.1,71428571.43
1966,Cameroon,CMR,200668814.9,178688820
1966,Canada,CAN,11787616836,11675300777
1966,Cayman Islands,CYM,..,..
1966,Central African Republic,CAF,67160961.3,44773974.2
1966,Chad,TCD,77743900.66,60213093.51
1966,Channel Islands,CHI,..,..
1966,Chile,CHL,960122046.2,1027139444
1966,China,CHN,2185300000,2370600000
1966,Colombia,COL,778814814.8,541851851.9
1966,Comoros,COM,..,..
1966,"Congo, Dem. Rep.",COD,..,..
1966,"Congo, Rep.",COG,112749007.8,65939852.91
1966,Costa Rica,CRI,199200000,160407547.2
1966,Cote d'Ivoire,CIV,293880200,372845040.1
1966,Croatia,HRV,..,..
1966,Cuba,CUB,..,..
1966,Curacao,CUW,..,..
1966,Cyprus,CYP,..,..
1966,Czechia,CZE,..,..
1966,Denmark,DNK,3533468959,3345823849
1966,Djibouti,DJI,..,..
1966,Dominica,DMA,..,..
1966,Dominican Republic,DOM,249300000,160800000
1966,Ecuador,ECU,270002331.1,254730015.7
1966,"Egypt, Arab Rep.",EGY,1081156918,862076408.4
1966,El Salvador,SLV,276800000,229240000
1966,Equatorial Guinea,GNQ,..,..
1966,Eritrea,ERI,..,..
1966,Estonia,EST,..,..
1966,Eswatini,SWZ,..,..
1966,Ethiopia,ETH,..,..
1966,Faroe Islands,FRO,28260611.48,20833514.31
1966,Fiji,FJI,..,..
1966,Finland,FIN,..,..
1966,France,FRA,14747626953,15759518400
1966,French Polynesia,PYF,..,..
1966,Gabon,GAB,97281594.15,97688670.98
1966,"Gambia, The",GMB,19266443.45,15991781.42
1966,Georgia,GEO,..,..
1966,Germany,DEU,..,..
1966,Ghana,GHA,417416074,310960967.9
1966,Gibraltar,GIB,..,..
1966,Greece,GRC,1269316414,788927084.1
1966,Greenland,GRL,..,..
1966,Grenada,GRD,..,..
1966,Guam,GUM,..,..
1966,Guatemala,GTM,266100000,263400000
1966,Guinea,GIN,..,..
1966,Guinea-Bissau,GNB,..,..
1966,Guyana,GUY,137588235.3,125764705.9
1966,Haiti,HTI,..,..
1966,Honduras,HND,238050000,258750000
1966,"Hong Kong SAR, China",HKG,1977998989,1889960077
1966,Hungary,HUN,..,..
1966,Iceland,ISL,..,..
1966,India,IND,3041036962,1888225565
1966,Indonesia,IDN,..,..
1966,"Iran, Islamic Rep.",IRN,1195883823,1106379248
1966,Iraq,IRQ,..,..
1966,Ireland,IRL,..,..
1966,Isle of Man,IMN,..,..
1966,Israel,ISR,..,..
1966,Italy,ITA,..,..
1966,Jamaica,JAM,..,..
1966,Japan,JPN,..,..
1966,Jordan,JOR,..,..
1966,Kazakhstan,KAZ,..,..
1966,Kenya,KEN,359519856.2,377439849
1966,Kiribati,KIR,..,..
1966,"Korea, Dem. People's Rep.",PRK,..,..
1966,"Korea, Rep.",KOR,715713825,331690238.2
1966,Kosovo,XKX,..,..
1966,Kuwait,KWT,582399767,1570799372
1966,Kyrgyz Republic,KGZ,..,..
1966,Lao PDR,LAO,..,..
1966,Latvia,LVA,..,..
1966,Lebanon,LBN,..,..
1966,Lesotho,LSO,32059987.18,6159997.536
1966,Liberia,LBR,..,..
1966,Libya,LBY,..,..
1966,Liechtenstein,LIE,..,..
1966,Lithuania,LTU,..,..
1966,Luxembourg,LUX,..,..
1966,"Macao SAR, China",MAC,..,..
1966,Madagascar,MDG,208843980,155698196.9
1966,Malawi,MWI,..,..
1966,Malaysia,MYS,1212261778,1336395293
1966,Maldives,MDV,..,..
1966,Mali,MLI,..,..
1966,Malta,MLT,..,..
1966,Marshall Islands,MHL,..,..
1966,Mauritania,MRT,38755998.95,90846087.83
1966,Mauritius,MUS,..,..
1966,Mexico,MEX,2192168000,1816952000
1966,"Micronesia, Fed. Sts.",FSM,..,..
1966,Moldova,MDA,..,..
1966,Monaco,MCO,..,..
1966,Mongolia,MNG,..,..
1966,Montenegro,MNE,..,..
1966,Morocco,MAR,557258289.2,545401729.9
1966,Mozambique,MOZ,..,..
1966,Myanmar,MMR,..,..
1966,Namibia,NAM,..,..
1966,Nauru,NRU,..,..
1966,Nepal,NPL,79406746.29,51187819.92
1966,Netherlands,NLD,..,..
1966,New Caledonia,NCL,..,..
1966,New Zealand,NZL,..,..
1966,Nicaragua,NIC,207159869.4,164627048.6
1966,Niger,NER,112969617.3,87454924.67
1966,Nigeria,NGA,..,..
1966,North Macedonia,MKD,..,..
1966,Northern Mariana Islands,MNP,..,..
1966,Norway,NOR,..,..
1966,Oman,OMN,..,..
1966,Pakistan,PAK,806173876.5,453170936.6
1966,Palau,PLW,..,..
1966,Panama,PAN,560299300,518176300
1966,Papua New Guinea,PNG,156912025.1,65632010.5
1966,Paraguay,PRY,75206349.21,61714285.71
1966,Peru,PER,1170768069,950758983.4
1966,Philippines,PHL,..,..
1966,Poland,POL,..,..
1966,Portugal,PRT,..,..
1966,Puerto Rico (US),PRI,1646600000,..
1966,Qatar,QAT,..,..
1966,Romania,ROU,..,..
1966,Russian Federation,RUS,..,..
1966,Rwanda,RWA,24902858.29,14045713.14
1966,Samoa,WSM,..,..
1966,San Marino,SMR,..,..
1966,Sao Tome and Principe,STP,..,..
1966,Saudi Arabia,SAU,..,..
1966,Senegal,SEN,198969377.5,158693960.1
1966,Serbia,SRB,..,..
1966,Seychelles,SYC,..,..
1966,Sierra Leone,SLE,118719952.5,104299958.3
1966,Singapore,SGP,1430834765,1351650649
1966,Sint Maarten (Dutch part),SXM,..,..
1966,Slovak Republic,SVK,..,..
1966,Slovenia,SVN,..,..
1966,Solomon Islands,SLB,..,..
1966,"Somalia, Fed. Rep.",SOM,58099990.2,38499998.04
1966,South Africa,ZAF,2858798856,3123398751
1966,South Sudan,SSD,..,..
1966,Spain,ESP,..,..
1966,Sri Lanka,LKA,452731092.4,391806722.7
1966,St. Kitts and Nevis,KNA,..,..
1966,St. Lucia,LCA,..,..
1966,St. Martin (French part),MAF,..,..
1966,St. Vincent and the Grenadines,VCT,..,..
1966,Sudan,SDN,207064905.8,212521540
1966,Suriname,SUR,..,..
1966,Sweden,SWE,5401663227,5313573629
1966,Switzerland,CHE,..,..
1966,Syrian Arab Republic,SYR,308588670.2,237017340.4
1966,Tajikistan,TJK,..,..
1966,Tanzania,TZA,..,..
1966,Thailand,THA,947403846.2,929903846.2
1966,Timor-Leste,TLS,..,..
1966,Togo,TGO,78749869.1,73576520.03
1966,Tonga,TON,..,..
1966,Trinidad and Tobago,TTO,..,..
1966,Tunisia,TUN,140380952.4,219047619
1966,Turkiye,TUR,800000000,577777777.8
1966,Turkmenistan,TKM,..,..
1966,Turks and Caicos Islands,TCA,..,..
1966,Tuvalu,TUV,..,..
1966,Uganda,UGA,234355312.9,236595268.1
1966,Ukraine,UKR,..,..
1966,United Arab Emirates,ARE,..,..
1966,United Kingdom,GBR,..,..
1966,United States,USA,..,..
1966,Uruguay,URY,207824339,309880934
1966,Uzbekistan,UZB,..,..
1966,Vanuatu,VUT,..,..
1966,"Venezuela, RB",VEN,1505288889,2429977778
1966,Viet Nam,VNM,..,..
1966,Virgin Islands (U.S.),VIR,..,..
1966,West Bank and Gaza,PSE,..,..
1966,"Yemen, Rep.",YEM,..,..
1966,Zambia,ZMB,..,..
1966,Zimbabwe,ZWE,..,..
1966,Africa Eastern and Southern,AFE,..,..
1966,Africa Western and Central,AFW,..,..
1966,Arab World,ARB,..,..
1966,Caribbean small states,CSS,..,..
1966,Central Europe and the Baltics,CEB,..,..
1966,Early-demographic dividend,EAR,28581836624,25669434062
1966,East Asia & Pacific,EAS,29727219088,28854714174
1966,East Asia & Pacific (excluding high income),EAP,6738677672,5976654406
1966,East Asia & Pacific (IDA & IBRD countries),TEA,6726631962,5969134198
1966,Euro area,EMU,..,..
1966,Europe & Central Asia,ECS,..,..
1966,Europe & Central Asia (excluding high income),ECA,..,..
1966,Europe & Central Asia (IDA & IBRD countries),TEC,..,..
1966,European Union,EUU,..,..
1966,Fragile and conflict affected situations,FCS,..,..
1966,Heavily indebted poor countries (HIPC),HPC,..,3998052449
1966,High income,HIC,..,..
1966,IBRD only,IBD,46525533612,45695868234
1966,IDA & IBRD total,IBT,57436224276,54437068498
1966,IDA blend,IDB,3776440611,..
1966,IDA only,IDX,..,..
1966,IDA total,IDA,..,..
1966,Late-demographic dividend,LTE,..,..
1966,Latin America & Caribbean,LCN,16763078423,16516456845
1966,Latin America & Caribbean (excluding high income),LAC,10954862457,10037174503
1966,Latin America & the Caribbean (IDA & IBRD countries),TLA,12890722767,13443538494
1966,Least developed countries: UN classification,LDC,..,..
1966,Low & middle income,LMY,43423649989,38713095939
1966,Low income,LIC,..,..
1966,Lower middle income,LMC,..,..
1966,"Middle East, North Africa, Afghanistan & Pakistan",MEA,..,..
1966,"Middle East, North Africa, Afghanistan & Pakistan (excluding high income)",MNA,6708446750,6135223618
1966,"Middle East, North Africa, Afghanistan & Pakistan (IDA & IBRD)",TMN,6566322270,6107577396
1966,Middle income,MIC,40740618047,36769319438
1966,North America,NAC,..,..
1966,Not classified,INX,..,..
1966,OECD members,OED,..,..
1966,Other small states,OSS,..,..
1966,Pacific island small states,PSS,..,..
1966,Post-demographic dividend,PST,..,..
1966,Pre-demographic dividend,PRE,..,..
1966,Small states,SST,..,..
1966,South Asia,SAS,4472386347,3036420077
1966,South Asia (IDA & IBRD),TSA,4472386347,3036420077
1966,Sub-Saharan Africa,SSF,..,..
1966,Sub-Saharan Africa (excluding high income),SSA,..,10303523457
1966,Sub-Saharan Africa (IDA & IBRD countries),TSS,..,..
1966,Upper middle income,UMC,26586972821,26135950101
1966,World,WLD,..,..
1967,Afghanistan,AFG,237777784.4,113333340
1967,Albania,ALB,..,..
1967,Algeria,DZA,729178904,789943812.7
1967,American Samoa,ASM,..,..
1967,Andorra,AND,..,..
1967,Angola,AGO,..,..
1967,Antigua and Barbuda,ATG,..,..
1967,Argentina,ARG,1212121237,1818181858
1967,Armenia,ARM,..,..
1967,Aruba,ABW,..,..
1967,Australia,AUS,4222400676,3915520626
1967,Austria,AUT,..,..
1967,Azerbaijan,AZE,..,..
1967,"Bahamas, The",BHS,..,..
1967,Bahrain,BHR,..,..
1967,Bangladesh,BGD,913639937.5,675028062.5
1967,Barbados,BRB,..,..
1967,Belarus,BLR,..,..
1967,Belgium,BEL,..,..
1967,Belize,BLZ,..,..
1967,Benin,BEN,60547019.95,23474430
1967,Bermuda,BMU,..,..
1967,Bhutan,BTN,..,..
1967,Bolivia,BOL,196632996.6,170033670
1967,Bosnia and Herzegovina,BIH,..,..
1967,Botswana,BWA,29774771.63,14434139.88
1967,Brazil,BRA,1764834055,1764834055
1967,British Virgin Islands,VGB,..,..
1967,Brunei Darussalam,BRN,..,..
1967,Bulgaria,BGR,..,..
1967,Burkina Faso,BFA,62777882.99,22215435.21
1967,Burundi,BDI,..,..
1967,Cabo Verde,CPV,..,..
1967,Cambodia,KHM,97142857.14,85714285.71
1967,Cameroon,CMR,211381299.7,193088699.9
1967,Canada,CAN,12634558505,13131449205
1967,Cayman Islands,CYM,..,..
1967,Central African Republic,CAF,76828934.69,43089266.59
1967,Chad,TCD,81707046.17,64603586.19
1967,Channel Islands,CHI,..,..
1967,Chile,CHL,910871349.6,991413772.7
1967,China,CHN,1919860000,2155880000
1967,Colombia,COL,602411299.6,653146477.1
1967,Comoros,COM,..,..
1967,"Congo, Dem. Rep.",COD,..,..
1967,"Congo, Rep.",COG,132519860.6,72357447.68
1967,Costa Rica,CRI,218369811.3,174037735.8
1967,Cote d'Ivoire,CIV,311787396.9,392274888.4
1967,Croatia,HRV,..,..
1967,Cuba,CUB,..,..
1967,Curacao,CUW,..,..
1967,Cyprus,CYP,..,..
1967,Czechia,CZE,..,..
1967,Denmark,DNK,3762160847,3491604729
1967,Djibouti,DJI,..,..
1967,Dominica,DMA,..,..
1967,Dominican Republic,DOM,258800000,187100000
1967,Ecuador,ECU,307238167.1,258096628.3
1967,"Egypt, Arab Rep.",EGY,1071428571,943166740.4
1967,El Salvador,SLV,279760000,250280000
1967,Equatorial Guinea,GNQ,..,..
1967,Eritrea,ERI,..,..
1967,Estonia,EST,..,..
1967,Eswatini,SWZ,..,..
1967,Ethiopia,ETH,..,..
1967,Faroe Islands,FRO,26780535.45,25515539.68
1967,Fiji,FJI,..,..
1967,Finland,FIN,..,..
1967,France,FRA,16105495991,16945727282
1967,French Polynesia,PYF,..,..
1967,Gabon,GAB,130487348,130487348
1967,"Gambia, The",GMB,22035302.95,18921503.35
1967,Georgia,GEO,..,..
1967,Germany,DEU,..,..
1967,Ghana,GHA,348508173.9,304363805.2
1967,Gibraltar,GIB,..,..
1967,Greece,GRC,1335955753,819571866.2
1967,Greenland,GRL,..,..
1967,Grenada,GRD,..,..
1967,Guam,GUM,..,..
1967,Guatemala,GTM,283600000,235600000
1967,Guinea,GIN,..,..
1967,Guinea-Bissau,GNB,..,..
1967,Guyana,GUY,149588235.3,143705882.4
1967,Haiti,HTI,..,..
1967,Honduras,HND,262700000,279700000
1967,"Hong Kong SAR, China",HKG,2045585037,2170856894
1967,Hungary,HUN,..,..
1967,Iceland,ISL,..,..
1967,India,IND,2981333333,2022666667
1967,Indonesia,IDN,955991033,497382747.2
1967,"Iran, Islamic Rep.",IRN,1485305338,1306819827
1967,Iraq,IRQ,..,..
1967,Ireland,IRL,..,..
1967,Isle of Man,IMN,..,..
1967,Israel,ISR,..,..
1967,Italy,ITA,..,..
1967,Jamaica,JAM,..,..
1967,Japan,JPN,..,..
1967,Jordan,JOR,..,..
1967,Kazakhstan,KAZ,..,..
1967,Kenya,KEN,362039855.2,350839859.7
1967,Kiribati,KIR,..,..
1967,"Korea, Dem. People's Rep.",PRK,..,..
1967,"Korea, Rep.",KOR,955578712.9,442486545.2
1967,Kosovo,XKX,..,..
1967,Kuwait,KWT,694399722.2,1453199419
1967,Kyrgyz Republic,KGZ,..,..
1967,Lao PDR,LAO,..,..
1967,Latvia,LVA,..,..
1967,Lebanon,LBN,..,..
1967,Lesotho,LSO,33599986.56,7139997.144
1967,Liberia,LBR,..,..
1967,Libya,LBY,..,..
1967,Liechtenstein,LIE,..,..
1967,Lithuania,LTU,..,..
1967,Luxembourg,LUX,..,..
1967,"Macao SAR, China",MAC,..,..
1967,Madagascar,MDG,205672791.1,167512782.9
1967,Malawi,MWI,..,..
1967,Malaysia,MYS,1228595135,1306341916
1967,Maldives,MDV,..,..
1967,Mali,MLI,65853405.4,31300692.44
1967,Malta,MLT,..,..
1967,Marshall Islands,MHL,..,..
1967,Mauritania,MRT,45475864.55,93211739.5
1967,Mauritius,MUS,..,..
1967,Mexico,MEX,2392912000,1824072000
1967,"Micronesia, Fed. Sts.",FSM,..,..
1967,Moldova,MDA,..,..
1967,Monaco,MCO,..,..
1967,Mongolia,MNG,..,..
1967,Montenegro,MNE,..,..
1967,Morocco,MAR,614564992.7,545401729.9
1967,Mozambique,MOZ,..,..
1967,Myanmar,MMR,..,..
1967,Namibia,NAM,..,..
1967,Nauru,NRU,..,..
1967,Nepal,NPL,58537865.86,57881611.76
1967,Netherlands,NLD,..,..
1967,New Caledonia,NCL,..,..
1967,New Zealand,NZL,..,..
1967,Nicaragua,NIC,230288987.8,173891683.8
1967,Niger,NER,95676908.76,56105882.41
1967,Nigeria,NGA,..,..
1967,North Macedonia,MKD,..,..
1967,Northern Mariana Islands,MNP,..,..
1967,Norway,NOR,..,..
1967,Oman,OMN,24026312.96,36177551.69
1967,Pakistan,PAK,1013229735,516589668.2
1967,Palau,PLW,..,..
1967,Panama,PAN,603791100,582900100
1967,Papua New Guinea,PNG,175056028,76720012.28
1967,Paraguay,PRY,76992063.49,60198412.7
1967,Peru,PER,1249655603,955400397.1
1967,Philippines,PHL,..,..
1967,Poland,POL,..,..
1967,Portugal,PRT,..,..
1967,Puerto Rico (US),PRI,1796100000,..
1967,Qatar,QAT,..,..
1967,Romania,ROU,..,..
1967,Russian Federation,RUS,..,..
1967,Rwanda,RWA,24593001,16773000
1967,Samoa,WSM,..,..
1967,San Marino,SMR,..,..
1967,Sao Tome and Principe,STP,..,..
1967,Saudi Arabia,SAU,..,..
1967,Senegal,SEN,201513830.6,145983547
1967,Serbia,SRB,..,..
1967,Seychelles,SYC,..,..
1967,Sierra Leone,SLE,109222915.5,94448134.3
1967,Singapore,SGP,1505968209,1414991409
1967,Sint Maarten (Dutch part),SXM,..,..
1967,Slovak Republic,SVK,..,..
1967,Slovenia,SVN,..,..
1967,Solomon Islands,SLB,..,..
1967,"Somalia, Fed. Rep.",SOM,60479975.81,37099985.16
1967,South Africa,ZAF,3337598665,3385198646
1967,South Sudan,SSD,..,..
1967,Spain,ESP,..,..
1967,Sri Lanka,LKA,433333333.3,380452674.9
1967,St. Kitts and Nevis,KNA,..,..
1967,St. Lucia,LCA,..,..
1967,St. Martin (French part),MAF,..,..
1967,St. Vincent and the Grenadines,VCT,..,..
1967,Sudan,SDN,249856405.1,242963814.6
1967,Suriname,SUR,..,..
1967,Sweden,SWE,5610432438,5682819986
1967,Switzerland,CHE,..,..
1967,Syrian Arab Republic,SYR,302663381.1,248911547.3
1967,Tajikistan,TJK,..,..
1967,Tanzania,TZA,..,..
1967,Thailand,THA,1139615385,1024038462
1967,Timor-Leste,TLS,..,..
1967,Togo,TGO,74628174.86,76924426.4
1967,Tonga,TON,..,..
1967,Trinidad and Tobago,TTO,..,..
1967,Tunisia,TUN,157714285.7,230285714.3
1967,Turkiye,TUR,777777777.8,644444444.4
1967,Turkmenistan,TKM,..,..
1967,Turks and Caicos Islands,TCA,..,..
1967,Tuvalu,TUV,..,..
1967,Uganda,UGA,235895282.1,244715105.7
1967,Ukraine,UKR,..,..
1967,United Arab Emirates,ARE,..,..
1967,United Kingdom,GBR,..,..
1967,United States,USA,..,..
1967,Uruguay,URY,210551387.4,233416696.4
1967,Uzbekistan,UZB,..,..
1967,Vanuatu,VUT,..,..
1967,"Venezuela, RB",VEN,1612822222,2516000000
1967,Viet Nam,VNM,..,..
1967,Virgin Islands (U.S.),VIR,..,..
1967,West Bank and Gaza,PSE,..,..
1967,"Yemen, Rep.",YEM,..,..
1967,Zambia,ZMB,..,..
1967,Zimbabwe,ZWE,..,..
1967,Africa Eastern and Southern,AFE,..,..
1967,Africa Western and Central,AFW,..,..
1967,Arab World,ARB,..,..
1967,Caribbean small states,CSS,..,..
1967,Central Europe and the Baltics,CEB,..,..
1967,Early-demographic dividend,EAR,30269368932,27051340703
1967,East Asia & Pacific,EAS,31095816605,30781173846
1967,East Asia & Pacific (excluding high income),EAP,6652965835,5819831573
1967,East Asia & Pacific (IDA & IBRD countries),TEA,6641073339,5812508690
1967,Euro area,EMU,..,..
1967,Europe & Central Asia,ECS,..,..
1967,Europe & Central Asia (excluding high income),ECA,..,..
1967,Europe & Central Asia (IDA & IBRD countries),TEC,..,..
1967,European Union,EUU,..,..
1967,Fragile and conflict affected situations,FCS,..,..
1967,Heavily indebted poor countries (HIPC),HPC,..,4147655777
1967,High income,HIC,..,..
1967,IBRD only,IBD,48178050623,46891571191
1967,IDA & IBRD total,IBT,59662881615,55918298807
1967,IDA blend,IDB,4316734133,..
1967,IDA only,IDX,..,..
1967,IDA total,IDA,..,..
1967,Late-demographic dividend,LTE,..,..
1967,Latin America & Caribbean,LCN,17297232383,16646728239
1967,Latin America & Caribbean (excluding high income),LAC,11158388090,10076561213
1967,Latin America & the Caribbean (IDA & IBRD countries),TLA,13201595731,13549572647
1967,Least developed countries: UN classification,LDC,..,..
1967,Low & middle income,LMY,45111069298,39843818890
1967,Low income,LIC,..,..
1967,Lower middle income,LMC,..,..
1967,"Middle East, North Africa, Afghanistan & Pakistan",MEA,..,..
1967,"Middle East, North Africa, Afghanistan & Pakistan (excluding high income)",MNA,7383368635,6646957891
1967,"Middle East, North Africa, Afghanistan & Pakistan (IDA & IBRD)",TMN,7226945327,6617005719
1967,Middle income,MIC,42408520153,37866900320
1967,North America,NAC,..,..
1967,Not classified,INX,..,..
1967,OECD members,OED,..,..
1967,Other small states,OSS,..,..
1967,Pacific island small states,PSS,..,..
1967,Post-demographic dividend,PST,..,..
1967,Pre-demographic dividend,PRE,..,..
1967,Small states,SST,..,..
1967,South Asia,SAS,4471297598,3180997218
1967,South Asia (IDA & IBRD),TSA,4471297598,3180997218
1967,Sub-Saharan Africa,SSF,..,10967118510
1967,Sub-Saharan Africa (excluding high income),SSA,10680868683,10853668567
1967,Sub-Saharan Africa (IDA & IBRD countries),TSS,..,10967118510
1967,Upper middle income,UMC,27749594886,26685140023
1967,World,WLD,..,..
1968,Afghanistan,AFG,208888900,122222228.9
1968,Albania,ALB,..,..
1968,Algeria,DZA,931728599.6,891218660.5
1968,American Samoa,ASM,..,..
1968,Andorra,AND,..,..
1968,Angola,AGO,..,..
1968,Antigua and Barbuda,ATG,..,..
1968,Argentina,ARG,1428571475,1714285705
1968,Armenia,ARM,..,..
1968,Aruba,ABW,..,..
1968,Australia,AUS,4730880757,4016320643
1968,Austria,AUT,..,..
1968,Azerbaijan,AZE,..,..
1968,"Bahamas, The",BHS,..,..
1968,Bahrain,BHR,..,..
1968,Bangladesh,BGD,868581375,623451562.5
1968,Barbados,BRB,..,..
1968,Belarus,BLR,..,..
1968,Belgium,BEL,..,..
1968,Belize,BLZ,..,..
1968,Benin,BEN,62251310.36,30461095.56
1968,Bermuda,BMU,..,..
1968,Bhutan,BTN,..,..
1968,Bolivia,BOL,206228956.2,169696969.7
1968,Bosnia and Herzegovina,BIH,..,..
1968,Botswana,BWA,41701650.49,15272009.13
1968,Brazil,BRA,2239326015,2032731103
1968,British Virgin Islands,VGB,..,..
1968,Brunei Darussalam,BRN,..,..
1968,Bulgaria,BGR,..,..
1968,Burkina Faso,BFA,70389672.77,28569263.19
1968,Burundi,BDI,..,..
1968,Cabo Verde,CPV,..,..
1968,Cambodia,KHM,114285714.3,91428571.43
1968,Cameroon,CMR,257710416.9,231454654.8
1968,Canada,CAN,14340936627,15002668948
1968,Cayman Islands,CYM,..,..
1968,Central African Republic,CAF,75999786.95,65799815.54
1968,Chad,TCD,84826312.11,67829222.45
1968,Channel Islands,CHI,..,..
1968,Chile,CHL,942056428.2,985246218.7
1968,China,CHN,1845220000,2114700000
1968,Colombia,COL,763579000.3,701707004.2
1968,Comoros,COM,..,..
1968,"Congo, Dem. Rep.",COD,..,..
1968,"Congo, Rep.",COG,143800836.2,76343640.5
1968,Costa Rica,CRI,251154717,214867924.5
1968,Cote d'Ivoire,CIV,358694227.2,521479840.7
1968,Croatia,HRV,..,..
1968,Cuba,CUB,..,..
1968,Curacao,CUW,..,..
1968,Cyprus,CYP,..,..
1968,Czechia,CZE,..,..
1968,Denmark,DNK,3829653733,3642678800
1968,Djibouti,DJI,..,..
1968,Dominica,DMA,..,..
1968,Dominican Republic,DOM,287500000,199500000
1968,Ecuador,ECU,359393149.3,285128576.6
1968,"Egypt, Arab Rep.",EGY,1035981308,700000000
1968,El Salvador,SLV,273680000,255960000
1968,Equatorial Guinea,GNQ,..,..
1968,Eritrea,ERI,..,..
1968,Estonia,EST,..,..
1968,Eswatini,SWZ,..,..
1968,Ethiopia,ETH,..,..
1968,Faroe Islands,FRO,28186666.67,20546666.67
1968,Fiji,FJI,..,..
1968,Finland,FIN,..,..
1968,France,FRA,17932241725,18545142886
1968,French Polynesia,PYF,..,..
1968,Gabon,GAB,145012559.8,142588991.3
1968,"Gambia, The",GMB,20988897.58,16460090.34
1968,Georgia,GEO,..,..
1968,Germany,DEU,..,..
1968,Ghana,GHA,347109393.7,339265113.6
1968,Gibraltar,GIB,..,..
1968,Greece,GRC,1493529905,791766667.3
1968,Greenland,GRL,..,..
1968,Grenada,GRD,..,..
1968,Guam,GUM,..,..
1968,Guatemala,GTM,296600000,269500000
1968,Guinea,GIN,..,..
1968,Guinea-Bissau,GNB,..,..
1968,Guyana,GUY,126700000,133800000
1968,Haiti,HTI,..,..
1968,Honduras,HND,296350000,314550000
1968,"Hong Kong SAR, China",HKG,2304810110,2451069005
1968,Hungary,HUN,..,..
1968,Iceland,ISL,..,..
1968,India,IND,2624000000,2144000000
1968,Indonesia,IDN,1102291013,769173673.8
1968,"Iran, Islamic Rep.",IRN,1768850274,1507260406
1968,Iraq,IRQ,..,..
1968,Ireland,IRL,..,..
1968,Isle of Man,IMN,..,..
1968,Israel,ISR,..,..
1968,Italy,ITA,..,..
1968,Jamaica,JAM,..,..
1968,Japan,JPN,..,..
1968,Jordan,JOR,..,..
1968,Kazakhstan,KAZ,..,..
1968,Kenya,KEN,396479841.4,397879840.8
1968,Kiribati,KIR,..,..
1968,"Korea, Dem. People's Rep.",PRK,..,..
1968,"Korea, Rep.",KOR,1385168718,620651014.8
1968,Kosovo,XKX,..,..
1968,Kuwait,KWT,694399722.2,1643599343
1968,Kyrgyz Republic,KGZ,..,..
1968,Lao PDR,LAO,..,..
1968,Latvia,LVA,..,..
1968,Lebanon,LBN,..,..
1968,Lesotho,LSO,33879986.45,7419997.032
1968,Liberia,LBR,..,..
1968,Libya,LBY,..,..
1968,Liechtenstein,LIE,..,..
1968,Lithuania,LTU,..,..
1968,Luxembourg,LUX,..,..
1968,"Macao SAR, China",MAC,..,..
1968,Madagascar,MDG,235119320,183124855.7
1968,Malawi,MWI,..,..
1968,Malaysia,MYS,1322348606,1439622111
1968,Maldives,MDV,..,..
1968,Mali,MLI,62205960.19,35142330.51
1968,Malta,MLT,..,..
1968,Marshall Islands,MHL,..,..
1968,Mauritania,MRT,47194755.67,93804931.59
1968,Mauritius,MUS,..,..
1968,Mexico,MEX,2746232000,2066336000
1968,"Micronesia, Fed. Sts.",FSM,..,..
1968,Moldova,MDA,..,..
1968,Monaco,MCO,..,..
1968,Mongolia,MNG,..,..
1968,Montenegro,MNE,..,..
1968,Morocco,MAR,656062950.4,604684526.6
1968,Mozambique,MOZ,..,..
1968,Myanmar,MMR,..,..
1968,Namibia,NAM,..,..
1968,Nauru,NRU,..,..
1968,Nepal,NPL,57920043.86,52860114.37
1968,Netherlands,NLD,..,..
1968,New Caledonia,NCL,..,..
1968,New Zealand,NZL,..,..
1968,Nicaragua,NIC,210576068.7,184888776.2
1968,Niger,NER,91775239.97,51153496.87
1968,Nigeria,NGA,..,..
1968,North Macedonia,MKD,..,..
1968,Northern Mariana Islands,MNP,..,..
1968,Norway,NOR,..,..
1968,Oman,OMN,27839977.73,132479894
1968,Pakistan,PAK,932801344,605837883.2
1968,Palau,PLW,..,..
1968,Panama,PAN,630826500,637577200
1968,Papua New Guinea,PNG,194432031.1,91504014.64
1968,Paraguay,PRY,86817460.32,63952380.95
1968,Peru,PER,1082687378,1038733473
1968,Philippines,PHL,..,..
1968,Poland,POL,..,..
1968,Portugal,PRT,..,..
1968,Puerto Rico (US),PRI,1947800000,..
1968,Qatar,QAT,..,..
1968,Romania,ROU,..,..
1968,Russian Federation,RUS,..,..
1968,Rwanda,RWA,26070001,15049999
1968,Samoa,WSM,..,..
1968,San Marino,SMR,..,..
1968,Sao Tome and Principe,STP,..,..
1968,Saudi Arabia,SAU,1035019956,1998980667
1968,Senegal,SEN,288978829.1,177216109.5
1968,Serbia,SRB,..,..
1968,Seychelles,SYC,..,..
1968,Sierra Leone,SLE,88560035.42,78120031.25
1968,Singapore,SGP,1869679409,1791540628
1968,Sint Maarten (Dutch part),SXM,..,..
1968,Slovak Republic,SVK,..,..
1968,Slovenia,SVN,..,..
1968,Solomon Islands,SLB,..,..
1968,"Somalia, Fed. Rep.",SOM,61697961.88,42699969.48
1968,South Africa,ZAF,3310998676,3760398496
1968,South Sudan,SSD,..,..
1968,Spain,ESP,..,..
1968,Sri Lanka,LKA,424913594.5,371463229.2
1968,St. Kitts and Nevis,KNA,..,..
1968,St. Lucia,LCA,..,..
1968,St. Martin (French part),MAF,..,..
1968,St. Vincent and the Grenadines,VCT,..,..
1968,Sudan,SDN,282596209.9,253589891.6
1968,Suriname,SUR,..,..
1968,Sweden,SWE,6121510458,6160444504
1968,Switzerland,CHE,..,..
1968,Syrian Arab Republic,SYR,359837643.3,304528181
1968,Tajikistan,TJK,..,..
1968,Tanzania,TZA,..,..
1968,Thailand,THA,1257644231,1030048077
1968,Timor-Leste,TLS,..,..
1968,Togo,TGO,82142880.99,89558557.75
1968,Tonga,TON,..,..
1968,Trinidad and Tobago,TTO,..,..
1968,Tunisia,TUN,131809523.8,254285714.3
1968,Turkiye,TUR,888888888.9,644444444.4
1968,Turkmenistan,TKM,..,..
1968,Turks and Caicos Islands,TCA,..,..
1968,Tuvalu,TUV,..,..
1968,Uganda,UGA,234635307.3,248355032.9
1968,Ukraine,UKR,..,..
1968,United Arab Emirates,ARE,..,..
1968,United Kingdom,GBR,..,..
1968,United States,USA,..,..
1968,Uruguay,URY,194518824.7,241962440.5
1968,Uzbekistan,UZB,..,..
1968,Vanuatu,VUT,..,..
1968,"Venezuela, RB",VEN,1956888889,2537488889
1968,Viet Nam,VNM,..,..
1968,Virgin Islands (U.S.),VIR,..,..
1968,West Bank and Gaza,PSE,..,..
1968,"Yemen, Rep.",YEM,..,..
1968,Zambia,ZMB,..,..
1968,Zimbabwe,ZWE,..,..
1968,Africa Eastern and Southern,AFE,..,..
1968,Africa Western and Central,AFW,..,..
1968,Arab World,ARB,..,..
1968,Caribbean small states,CSS,..,..
1968,Central Europe and the Baltics,CEB,..,..
1968,Early-demographic dividend,EAR,31836965140,28862270579
1968,East Asia & Pacific,EAS,35518777095,34215822125
1968,East Asia & Pacific (excluding high income),EAP,7038859625,6261343892
1968,East Asia & Pacific (IDA & IBRD countries),TEA,7026277325,6253465469
1968,Euro area,EMU,..,..
1968,Europe & Central Asia,ECS,..,..
1968,Europe & Central Asia (excluding high income),ECA,..,..
1968,Europe & Central Asia (IDA & IBRD countries),TEC,..,..
1968,European Union,EUU,..,..
1968,Fragile and conflict affected situations,FCS,..,..
1968,Heavily indebted poor countries (HIPC),HPC,..,4596319797
1968,High income,HIC,..,..
1968,IBRD only,IBD,51644670691,49876041534
1968,IDA & IBRD total,IBT,63457678363,59728863096
1968,IDA blend,IDB,4469177897,..
1968,IDA only,IDX,..,..
1968,IDA total,IDA,..,..
1968,Late-demographic dividend,LTE,..,..
1968,Latin America & Caribbean,LCN,19317342805,17619923095
1968,Latin America & Caribbean (excluding high income),LAC,12577480886,10854655616
1968,Latin America & the Caribbean (IDA & IBRD countries),TLA,14803157613,14341702740
1968,Least developed countries: UN classification,LDC,..,..
1968,Low & middle income,LMY,47754010620,42848324912
1968,Low income,LIC,..,..
1968,Lower middle income,LMC,..,..
1968,"Middle East, North Africa, Afghanistan & Pakistan",MEA,..,..
1968,"Middle East, North Africa, Afghanistan & Pakistan (excluding high income)",MNA,7928185013,7065482217
1968,"Middle East, North Africa, Afghanistan & Pakistan (IDA & IBRD)",TMN,7760219279,7033644112
1968,Middle income,MIC,44937660742,40705835897
1968,North America,NAC,..,..
1968,Not classified,INX,..,..
1968,OECD members,OED,..,..
1968,Other small states,OSS,..,..
1968,Pacific island small states,PSS,..,..
1968,Post-demographic dividend,PST,..,..
1968,Pre-demographic dividend,PRE,..,..
1968,Small states,SST,..,..
1968,South Asia,SAS,4051947526,3237542461
1968,South Asia (IDA & IBRD),TSA,4051947526,3237542461
1968,Sub-Saharan Africa,SSF,..,12269028362
1968,Sub-Saharan Africa (excluding high income),SSA,11136615420,12142110742
1968,Sub-Saharan Africa (IDA & IBRD countries),TSS,..,12269028362
1968,Upper middle income,UMC,30524982835,29013530442
1968,World,WLD,..,..
1969,Afghanistan,AFG,211111117.8,142222222.2
1969,Albania,ALB,..,..
1969,Algeria,DZA,1195043265,1012748478
1969,American Samoa,ASM,..,..
1969,Andorra,AND,..,..
1969,Angola,AGO,..,..
1969,Antigua and Barbuda,ATG,..,..
1969,Argentina,ARG,2000000041,2000000041
1969,Armenia,ARM,..,..
1969,Aruba,ABW,..,..
1969,Australia,AUS,4883200781,4378080700
1969,Austria,AUT,..,..
1969,Azerbaijan,AZE,..,..
1969,"Bahamas, The",BHS,..,..
1969,Bahrain,BHR,..,..
1969,Bangladesh,BGD,988170750,690047541.7
1969,Barbados,BRB,..,..
1969,Belarus,BLR,..,..
1969,Belgium,BEL,..,..
1969,Belize,BLZ,..,..
1969,Benin,BEN,70874406.52,38939715.91
1969,Bermuda,BMU,..,..
1969,Bhutan,BTN,..,..
1969,Bolivia,BOL,216161616.2,189814814.8
1969,Bosnia and Herzegovina,BIH,..,..
1969,Botswana,BWA,40665295.37,17616985.84
1969,Brazil,BRA,2454948720,2479930322
1969,British Virgin Islands,VGB,..,..
1969,Brunei Darussalam,BRN,..,..
1969,Bulgaria,BGR,..,..
1969,Burkina Faso,BFA,79074219.54,27823654.52
1969,Burundi,BDI,..,..
1969,Cabo Verde,CPV,..,..
1969,Cambodia,KHM,103286385,68075117.37
1969,Cameroon,CMR,251576564.8,257346671.7
1969,Canada,CAN,16708226654,16551276495
1969,Cayman Islands,CYM,..,..
1969,Central African Republic,CAF,70699843.89,51399886.51
1969,Chad,TCD,83474196.36,62287914.86
1969,Channel Islands,CHI,..,..
1969,Chile,CHL,1175704224,1344218032
1969,China,CHN,1731190000,2214390000
1969,Colombia,COL,839120871.5,808812068.1
1969,Comoros,COM,..,..
1969,"Congo, Dem. Rep.",COD,..,..
1969,"Congo, Rep.",COG,150792096.7,85012891.22
1969,Costa Rica,CRI,272754717,227033962.3
1969,Cote d'Ivoire,CIV,368517421.8,500460515.2
1969,Croatia,HRV,..,..
1969,Cuba,CUB,..,..
1969,Curacao,CUW,..,..
1969,Cyprus,CYP,..,..
1969,Czechia,CZE,..,..
1969,Denmark,DNK,4438459867,4118477067
1969,Djibouti,DJI,..,..
1969,Dominica,DMA,..,..
1969,Dominican Republic,DOM,321300000,227400000
1969,Ecuador,ECU,376645413.2,264625755.7
1969,"Egypt, Arab Rep.",EGY,1078692494,877723970.9
1969,El Salvador,SLV,270680000,243320000
1969,Equatorial Guinea,GNQ,..,..
1969,Eritrea,ERI,..,..
1969,Estonia,EST,..,..
1969,Eswatini,SWZ,..,..
1969,Ethiopia,ETH,..,..
1969,Faroe Islands,FRO,31266666.67,24293333.33
1969,Fiji,FJI,..,..
1969,Finland,FIN,..,..
1969,France,FRA,21479310052,21332691446
1969,French Polynesia,PYF,..,..
1969,Gabon,GAB,171949151,173872519.6
1969,"Gambia, The",GMB,23077140.92,18244685.19
1969,Georgia,GEO,..,..
1969,Germany,DEU,..,..
1969,Ghana,GHA,399077749.2,387311329.1
1969,Gibraltar,GIB,..,..
1969,Greece,GRC,1713711188,878078638.7
1969,Greenland,GRL,..,..
1969,Grenada,GRD,..,..
1969,Guam,GUM,..,..
1969,Guatemala,GTM,299000000,305400000
1969,Guinea,GIN,..,..
1969,Guinea-Bissau,GNB,..,..
1969,Guyana,GUY,138200000,147700000
1969,Haiti,HTI,..,..
1969,Honduras,HND,302850000,302350000
1969,"Hong Kong SAR, China",HKG,2747800972,3029243797
1969,Hungary,HUN,..,..
1969,Iceland,ISL,..,..
1969,India,IND,2356000000,2170666667
1969,Indonesia,IDN,1236196319,751533742.3
1969,"Iran, Islamic Rep.",IRN,2050926065,1756492441
1969,Iraq,IRQ,..,..
1969,Ireland,IRL,..,..
1969,Isle of Man,IMN,..,..
1969,Israel,ISR,..,..
1969,Italy,ITA,..,..
1969,Jamaica,JAM,..,..
1969,Japan,JPN,..,..
1969,Jordan,JOR,..,..
1969,Kazakhstan,KAZ,..,..
1969,Kenya,KEN,409639836.1,430639827.7
1969,Kiribati,KIR,..,..
1969,"Korea, Dem. People's Rep.",PRK,..,..
1969,"Korea, Rep.",KOR,1724037412,814822835
1969,Kosovo,XKX,..,..
1969,Kuwait,KWT,800799679.7,1758399297
1969,Kyrgyz Republic,KGZ,..,..
1969,Lao PDR,LAO,..,..
1969,Latvia,LVA,..,..
1969,Lebanon,LBN,..,..
1969,Lesotho,LSO,34019986.39,8959996.416
1969,Liberia,LBR,..,..
1969,Libya,LBY,..,..
1969,Liechtenstein,LIE,..,..
1969,Lithuania,LTU,..,..
1969,Luxembourg,LUX,..,..
1969,"Macao SAR, China",MAC,..,..
1969,Madagascar,MDG,244148323.2,191304704.9
1969,Malawi,MWI,..,..
1969,Malaysia,MYS,1356648656,1730355871
1969,Maldives,MDV,..,..
1969,Mali,MLI,64625184.28,38082699.03
1969,Malta,MLT,..,..
1969,Marshall Islands,MHL,..,..
1969,Mauritania,MRT,47902223.59,90845289.43
1969,Mauritius,MUS,..,..
1969,Mexico,MEX,3011216000,2451096000
1969,"Micronesia, Fed. Sts.",FSM,..,..
1969,Moldova,MDA,..,..
1969,Monaco,MCO,..,..
1969,Mongolia,MNG,..,..
1969,Montenegro,MNE,..,..
1969,Morocco,MAR,687680442,671081258.9
1969,Mozambique,MOZ,..,..
1969,Myanmar,MMR,..,..
1969,Namibia,NAM,..,..
1969,Nauru,NRU,..,..
1969,Nepal,NPL,80592592.59,55308641.98
1969,Netherlands,NLD,13496027480,14107826092
1969,New Caledonia,NCL,..,..
1969,New Zealand,NZL,..,..
1969,Nicaragua,NIC,203851355.2,182894687.4
1969,Niger,NER,103099476.9,58566572.87
1969,Nigeria,NGA,..,..
1969,North Macedonia,MKD,..,..
1969,Northern Mariana Islands,MNP,..,..
1969,Norway,NOR,..,..
1969,Oman,OMN,28559977.15,179039856.8
1969,Pakistan,PAK,916841663.2,601007979.8
1969,Palau,PLW,..,..
1969,Panama,PAN,731327800,701141700
1969,Papua New Guinea,PNG,253008040.5,104272016.7
1969,Paraguay,PRY,101253968.3,75531746.03
1969,Peru,PER,1080103339,1121418743
1969,Philippines,PHL,..,..
1969,Poland,POL,..,..
1969,Portugal,PRT,..,..
1969,Puerto Rico (US),PRI,2231300000,..
1969,Qatar,QAT,..,..
1969,Romania,ROU,..,..
1969,Russian Federation,RUS,..,..
1969,Rwanda,RWA,27089999,14489999
1969,Samoa,WSM,..,..
1969,San Marino,SMR,..,..
1969,Sao Tome and Principe,STP,..,..
1969,Saudi Arabia,SAU,1118868489,2161704511
1969,Senegal,SEN,301745803.5,183032589.9
1969,Serbia,SRB,..,..
1969,Seychelles,SYC,..,..
1969,Sierra Leone,SLE,102960041.2,112920045.2
1969,Singapore,SGP,2349945447,2193145217
1969,Sint Maarten (Dutch part),SXM,..,..
1969,Slovak Republic,SVK,..,..
1969,Slovenia,SVN,..,..
1969,Solomon Islands,SLB,..,..
1969,"Somalia, Fed. Rep.",SOM,72457142.86,48985714.29
1969,South Africa,ZAF,3770198492,3859798456
1969,South Sudan,SSD,..,..
1969,Spain,ESP,..,..
1969,Sri Lanka,LKA,483865546.2,361512605
1969,St. Kitts and Nevis,KNA,..,..
1969,St. Lucia,LCA,..,..
1969,St. Martin (French part),MAF,..,..
1969,St. Vincent and the Grenadines,VCT,..,..
1969,Sudan,SDN,284606548.8,290063182.9
1969,Suriname,SUR,..,..
1969,Sweden,SWE,7096025481,7088694250
1969,Switzerland,CHE,..,..
1969,Syrian Arab Republic,SYR,486948413.5,384128066.7
1969,Tajikistan,TJK,..,..
1969,Tanzania,TZA,..,..
1969,Thailand,THA,1343125000,1075384615
1969,Timor-Leste,TLS,..,..
1969,Togo,TGO,101041776.7,107560601
1969,Tonga,TON,..,..
1969,Trinidad and Tobago,TTO,..,..
1969,Tunisia,TUN,163428571.4,285523809.5
1969,Turkiye,TUR,922222222.2,700000000
1969,Turkmenistan,TKM,..,..
1969,Turks and Caicos Islands,TCA,..,..
1969,Tuvalu,TUV,..,..
1969,Uganda,UGA,237715245.7,251574968.5
1969,Ukraine,UKR,..,..
1969,United Arab Emirates,ARE,..,..
1969,United Kingdom,GBR,..,..
1969,United States,USA,..,..
1969,Uruguay,URY,243145161.3,268548387.1
1969,Uzbekistan,UZB,..,..
1969,Vanuatu,VUT,..,..
1969,"Venezuela, RB",VEN,2042888889,2516000000
1969,Viet Nam,VNM,..,..
1969,Virgin Islands (U.S.),VIR,..,..
1969,West Bank and Gaza,PSE,..,..
1969,"Yemen, Rep.",YEM,..,..
1969,Zambia,ZMB,..,..
1969,Zimbabwe,ZWE,..,..
1969,Africa Eastern and Southern,AFE,..,..
1969,Africa Western and Central,AFW,..,..
1969,Arab World,ARB,..,..
1969,Caribbean small states,CSS,..,..
1969,Central Europe and the Baltics,CEB,..,..
1969,Early-demographic dividend,EAR,34942759638,31146559496
1969,East Asia & Pacific,EAS,39234231867,39164593743
1969,East Asia & Pacific (excluding high income),EAP,7264674463,6722235629
1969,East Asia & Pacific (IDA & IBRD countries),TEA,7251688509,6713777283
1969,Euro area,EMU,..,..
1969,Europe & Central Asia,ECS,..,..
1969,Europe & Central Asia (excluding high income),ECA,..,..
1969,Europe & Central Asia (IDA & IBRD countries),TEC,..,..
1969,European Union,EUU,..,..
1969,Fragile and conflict affected situations,FCS,..,..
1969,Heavily indebted poor countries (HIPC),HPC,..,4867415028
1969,High income,HIC,..,..
1969,IBRD only,IBD,56223700533,55110840606
1969,IDA & IBRD total,IBT,68941559725,65531578107
1969,IDA blend,IDB,4599220979,..
1969,IDA only,IDX,..,..
1969,IDA total,IDA,..,..
1969,Late-demographic dividend,LTE,..,..
1969,Latin America & Caribbean,LCN,21665790830,19889309546
1969,Latin America & Caribbean (excluding high income),LAC,14045518554,12437411475
1969,Latin America & the Caribbean (IDA & IBRD countries),TLA,16554729715,16188865506
1969,Least developed countries: UN classification,LDC,..,..
1969,Low & middle income,LMY,51672931305,47022074408
1969,Low income,LIC,..,..
1969,Lower middle income,LMC,..,..
1969,"Middle East, North Africa, Afghanistan & Pakistan",MEA,..,..
1969,"Middle East, North Africa, Afghanistan & Pakistan (excluding high income)",MNA,8934294182,8114522318
1969,"Middle East, North Africa, Afghanistan & Pakistan (IDA & IBRD)",TMN,8745013121,8077957084
1969,Middle income,MIC,48564210935,44612853458
1969,North America,NAC,..,..
1969,Not classified,INX,..,..
1969,OECD members,OED,..,..
1969,Other small states,OSS,..,..
1969,Pacific island small states,PSS,..,..
1969,Post-demographic dividend,PST,..,..
1969,Pre-demographic dividend,PRE,..,..
1969,Small states,SST,..,..
1969,South Asia,SAS,3983875672,3324532749
1969,South Asia (IDA & IBRD),TSA,3983875672,3324532749
1969,Sub-Saharan Africa,SSF,..,12864262556
1969,Sub-Saharan Africa (excluding high income),SSA,12209842217,12731187504
1969,Sub-Saharan Africa (IDA & IBRD countries),TSS,..,12864262556
1969,Upper middle income,UMC,33818958912,32237554512
1969,World,WLD,..,..
1970,Afghanistan,AFG,208888900,171111104.4
1970,Albania,ALB,..,..
1970,Algeria,DZA,1417847869,1073513326
1970,American Samoa,ASM,..,..
1970,Andorra,AND,..,..
1970,Angola,AGO,..,..
1970,Antigua and Barbuda,ATG,..,..
1970,Argentina,ARG,1495789482,1769210603
1970,Armenia,ARM,..,..
1970,Aruba,ABW,..,..
1970,Australia,AUS,5455520873,5354720857
1970,Austria,AUT,4222755226,4210936227
1970,Azerbaijan,AZE,..,..
1970,"Bahamas, The",BHS,..,..
1970,Bahrain,BHR,..,..
1970,Bangladesh,BGD,1124763292,747575145.8
1970,Barbados,BRB,..,..
1970,Belarus,BLR,..,..
1970,Belgium,BEL,11422513917,12006111335
1970,Belize,BLZ,..,..
1970,Benin,BEN,81609754.67,50633276.28
1970,Bermuda,BMU,..,..
1970,Bhutan,BTN,..,..
1970,Bolivia,BOL,247727272.7,250168350.2
1970,Bosnia and Herzegovina,BIH,..,..
1970,Botswana,BWA,58625320,23729296.19
1970,Brazil,BRA,3153304260,2975391707
1970,British Virgin Islands,VGB,..,..
1970,Brunei Darussalam,BRN,..,..
1970,Bulgaria,BGR,..,..
1970,Burkina Faso,BFA,73994563.6,25007054.1
1970,Burundi,BDI,..,..
1970,Cabo Verde,CPV,..,..
1970,Cambodia,KHM,55815628.38,41411595.25
1970,Cameroon,CMR,284005473.5,301733187.3
1970,Canada,CAN,17327973969,19265001436
1970,Cayman Islands,CYM,..,..
1970,Central African Republic,CAF,78597117.37,60397784.85
1970,Chad,TCD,103472052.9,76302006.3
1970,Channel Islands,CHI,..,..
1970,Chile,CHL,1277369303,1312710942
1970,China,CHN,2201560000,2274220000
1970,Colombia,COL,1047700632,955259648
1970,Comoros,COM,..,..
1970,"Congo, Dem. Rep.",COD,..,..
1970,"Congo, Rep.",COG,158825947,95512627.99
1970,Costa Rica,CRI,340543396.2,274128301.9
1970,Cote d'Ivoire,CIV,423656564,520616378.9
1970,Croatia,HRV,..,..
1970,Cuba,CUB,2515236800,1857363400
1970,Curacao,CUW,..,..
1970,Cyprus,CYP,..,..
1970,Czechia,CZE,..,..
1970,Denmark,DNK,5119854667,4636162800
1970,Djibouti,DJI,..,..
1970,Dominica,DMA,..,..
1970,Dominican Republic,DOM,414895190,266692194
1970,Ecuador,ECU,372412385.5,270255452.4
1970,"Egypt, Arab Rep.",EGY,1374780206,1091183120
1970,El Salvador,SLV,278120000,281360000
1970,Equatorial Guinea,GNQ,..,..
1970,Eritrea,ERI,..,..
1970,Estonia,EST,..,..
1970,Eswatini,SWZ,..,..
1970,Ethiopia,ETH,..,..
1970,Faroe Islands,FRO,30453333.33,33466666.67
1970,Fiji,FJI,..,..
1970,Finland,FIN,2901994621,2711046149
1970,France,FRA,23582378647,24880359041
1970,French Polynesia,PYF,..,..
1970,Gabon,GAB,123008734.2,160996725.6
1970,"Gambia, The",GMB,21393730.23,19763503.62
1970,Georgia,GEO,..,..
1970,Germany,DEU,35798334313,32635821087
1970,Ghana,GHA,503014460.3,472617875
1970,Gibraltar,GIB,..,..
1970,Greece,GRC,1892363636,1017465909
1970,Greenland,GRL,..,..
1970,Grenada,GRD,..,..
1970,Guam,GUM,..,..
1970,Guatemala,GTM,338500000,353600000
1970,Guinea,GIN,..,..
1970,Guinea-Bissau,GNB,61787301.23,8186671.45
1970,Guyana,GUY,152650000,151200000
1970,Haiti,HTI,..,..
1970,Honduras,HND,359800000,317950000
1970,"Hong Kong SAR, China",HKG,3249058280,3541855148
1970,Hungary,HUN,..,..
1970,Iceland,ISL,225194318.2,233403409.1
1970,India,IND,2421333333,2361333333
1970,Indonesia,IDN,1449315068,1175342466
1970,"Iran, Islamic Rep.",IRN,2327125277,2026823485
1970,Iraq,IRQ,662479735,1224999510
1970,Ireland,IRL,1817051597,1454713665
1970,Isle of Man,IMN,..,..
1970,Israel,ISR,2800000000,1516666667
1970,Italy,ITA,16935941760,17194739777
1970,Jamaica,JAM,..,..
1970,Japan,JPN,19572635781,22026785842
1970,Jordan,JOR,..,..
1970,Kazakhstan,KAZ,..,..
1970,Kenya,KEN,491679803.3,478239808.7
1970,Kiribati,KIR,..,..
1970,"Korea, Dem. People's Rep.",PRK,..,..
1970,"Korea, Rep.",KOR,1902717644,1026868601
1970,Kosovo,XKX,..,..
1970,Kuwait,KWT,692999722.8,1718919312
1970,Kyrgyz Republic,KGZ,..,..
1970,Lao PDR,LAO,..,..
1970,Latvia,LVA,..,..
1970,Lebanon,LBN,..,..
1970,Lesotho,LSO,33599986.56,8399996.64
1970,Liberia,LBR,..,..
1970,Libya,LBY,..,..
1970,Liechtenstein,LIE,..,..
1970,Lithuania,LTU,..,..
1970,Luxembourg,LUX,1035732150,1308913271
1970,"Macao SAR, China",MAC,..,..
1970,Madagascar,MDG,240001885.1,213036048.5
1970,Malawi,MWI,..,..
1970,Malaysia,MYS,1596749009,1760409249
1970,Maldives,MDV,..,..
1970,Mali,MLI,65484064.31,44862008.93
1970,Malta,MLT,178917093.3,110774150.9
1970,Marshall Islands,MHL,..,..
1970,Mauritania,MRT,53340246.37,100097730.4
1970,Mauritius,MUS,..,..
1970,Mexico,MEX,3430408000,2754440000
1970,"Micronesia, Fed. Sts.",FSM,..,..
1970,Moldova,MDA,..,..
1970,Monaco,MCO,..,..
1970,Mongolia,MNG,..,..
1970,Montenegro,MNE,..,..
1970,Morocco,MAR,853751316.6,697778278.4
1970,Mozambique,MOZ,..,..
1970,Myanmar,MMR,..,..
1970,Namibia,NAM,..,..
1970,Nauru,NRU,..,..
1970,Nepal,NPL,71901234.57,42469135.8
1970,Netherlands,NLD,16429307847,16625163450
1970,New Caledonia,NCL,..,..
1970,New Zealand,NZL,1628844215,1434702654
1970,Nicaragua,NIC,227279250.2,208130437.2
1970,Niger,NER,117639400.7,70011507.87
1970,Nigeria,NGA,..,..
1970,North Macedonia,MKD,..,..
1970,Northern Mariana Islands,MNP,..,..
1970,Norway,NOR,4586652480,4506712960
1970,Oman,OMN,50399959.68,188879848.9
1970,Pakistan,PAK,1037799244,763754724.9
1970,Palau,PLW,..,..
1970,Panama,PAN,832024900,753693500
1970,Papua New Guinea,PNG,348208055.7,119280019.1
1970,Paraguay,PRY,95857142.86,88698412.7
1970,Peru,PER,1157622719,1294540906
1970,Philippines,PHL,..,..
1970,Poland,POL,..,..
1970,Portugal,PRT,1954344491,1549504881
1970,Puerto Rico (US),PRI,2513400000,..
1970,Qatar,QAT,..,..
1970,Romania,ROU,..,..
1970,Russian Federation,RUS,..,..
1970,Rwanda,RWA,33500001,25299999
1970,Samoa,WSM,..,..
1970,San Marino,SMR,..,..
1970,Sao Tome and Principe,STP,..,..
1970,Saudi Arabia,SAU,1159555556,2731777778
1970,Senegal,SEN,301688940.7,208798742.5
1970,Serbia,SRB,..,..
1970,Seychelles,SYC,..,..
1970,Sierra Leone,SLE,127200050.9,134760053.9
1970,Singapore,SGP,2785458085,2420440217
1970,Sint Maarten (Dutch part),SXM,..,..
1970,Slovak Republic,SVK,..,..
1970,Slovenia,SVN,..,..
1970,Solomon Islands,SLB,..,..
1970,"Somalia, Fed. Rep.",SOM,54000013.71,37142857.14
1970,South Africa,ZAF,4537398185,3904598438
1970,South Sudan,SSD,..,..
1970,Spain,ESP,5612265272,4978036606
1970,Sri Lanka,LKA,656806722.7,584537815.1
1970,St. Kitts and Nevis,KNA,..,..
1970,St. Lucia,LCA,..,..
1970,St. Martin (French part),MAF,..,..
1970,St. Vincent and the Grenadines,VCT,..,..
1970,Sudan,SDN,344629524.3,343193567.9
1970,Suriname,SUR,..,..
1970,Sweden,SWE,8470278358,8403319222
1970,Switzerland,CHE,10390914475,10327798994
1970,Syrian Arab Republic,SYR,450739691.5,374567201.8
1970,Tajikistan,TJK,..,..
1970,Tanzania,TZA,..,..
1970,Thailand,THA,1373509615,1064423077
1970,Timor-Leste,TLS,..,..
1970,Togo,TGO,109497686.1,105117778.6
1970,Tonga,TON,..,..
1970,Trinidad and Tobago,TTO,..,..
1970,Tunisia,TUN,356190476.2,316571428.6
1970,Turkiye,TUR,1136363636,790909090.9
1970,Turkmenistan,TKM,..,..
1970,Turks and Caicos Islands,TCA,..,..
1970,Tuvalu,TUV,..,..
1970,Uganda,UGA,253394932.1,294134117.3
1970,Ukraine,UKR,..,..
1970,United Arab Emirates,ARE,..,..
1970,United Kingdom,GBR,27400376770,28794190065
1970,United States,USA,55760000000,59709000000
1970,Uruguay,URY,325000000,296774193.5
1970,Uzbekistan,UZB,..,..
1970,Vanuatu,VUT,..,..
1970,"Venezuela, RB",VEN,2171911111,2688022222
1970,Viet Nam,VNM,..,..
1970,Virgin Islands (U.S.),VIR,..,..
1970,West Bank and Gaza,PSE,..,..
1970,"Yemen, Rep.",YEM,..,..
1970,Zambia,ZMB,..,..
1970,Zimbabwe,ZWE,..,..
1970,Africa Eastern and Southern,AFE,..,..
1970,Africa Western and Central,AFW,..,..
1970,Arab World,ARB,..,..
1970,Caribbean small states,CSS,..,..
1970,Central Europe and the Baltics,CEB,..,..
1970,Early-demographic dividend,EAR,38537770024,34518540008
1970,East Asia & Pacific,EAS,45509172395,45400955519
1970,East Asia & Pacific (excluding high income),EAP,8472792852,7277605050
1970,East Asia & Pacific (IDA & IBRD countries),TEA,8457647328,7268447903
1970,Euro area,EMU,1.2647E+11,1.23087E+11
1970,Europe & Central Asia,ECS,2.0873E+11,2.06153E+11
1970,Europe & Central Asia (excluding high income),ECA,..,..
1970,Europe & Central Asia (IDA & IBRD countries),TEC,..,..
1970,European Union,EUU,1.45897E+11,1.41921E+11
1970,Fragile and conflict affected situations,FCS,..,..
1970,Heavily indebted poor countries (HIPC),HPC,..,5532105545
1970,High income,HIC,3.22781E+11,3.29388E+11
1970,IBRD only,IBD,64046232651,59830800365
1970,IDA & IBRD total,IBT,78334682529,71773941886
1970,IDA blend,IDB,5369808770,..
1970,IDA only,IDX,..,..
1970,IDA total,IDA,..,..
1970,Late-demographic dividend,LTE,37559471105,33859477878
1970,Latin America & Caribbean,LCN,23937215126,21651551888
1970,Latin America & Caribbean (excluding high income),LAC,15443427565,13760363861
1970,Latin America & the Caribbean (IDA & IBRD countries),TLA,18240723507,17623239294
1970,Least developed countries: UN classification,LDC,..,..
1970,Low & middle income,LMY,58899168021,51814489427
1970,Low income,LIC,..,..
1970,Lower middle income,LMC,..,..
1970,"Middle East, North Africa, Afghanistan & Pakistan",MEA,..,..
1970,"Middle East, North Africa, Afghanistan & Pakistan (excluding high income)",MNA,10561057553,9225131919
1970,"Middle East, North Africa, Afghanistan & Pakistan (IDA & IBRD)",TMN,10337312045,9183562115
1970,Middle income,MIC,55660640780,49143409788
1970,North America,NAC,73127885429,79088275716
1970,Not classified,INX,..,..
1970,OECD members,OED,2.97454E+11,3.00143E+11
1970,Other small states,OSS,..,..
1970,Pacific island small states,PSS,..,..
1970,Post-demographic dividend,PST,2.96621E+11,3.0155E+11
1970,Pre-demographic dividend,PRE,..,..
1970,Small states,SST,..,..
1970,South Asia,SAS,4357100779,3789485534
1970,South Asia (IDA & IBRD),TSA,4357100779,3789485534
1970,Sub-Saharan Africa,SSF,..,13687934333
1970,Sub-Saharan Africa (excluding high income),SSA,14099150567,13546338765
1970,Sub-Saharan Africa (IDA & IBRD countries),TSS,..,13687934333
1970,Upper middle income,UMC,38544721062,35000964924
1970,World,WLD,3.85057E+11,3.85286E+11
1971,Afghanistan,AFG,295555548.9,199999988.9
1971,Albania,ALB,..,..
1971,Algeria,DZA,1404540636,936360464.6
1971,American Samoa,ASM,..,..
1971,Andorra,AND,..,..
1971,Angola,AGO,..,..
1971,Antigua and Barbuda,ATG,..,..
1971,Argentina,ARG,2199999959,2000000003
1971,Armenia,ARM,..,..
1971,Aruba,ABW,..,..
1971,Australia,AUS,5839680934,5715360914
1971,Austria,AUT,4883423835,4828104968
1971,Azerbaijan,AZE,..,..
1971,"Bahamas, The",BHS,..,..
1971,Bahrain,BHR,..,..
1971,Bangladesh,BGD,938861375,550621104.2
1971,Barbados,BRB,..,..
1971,Belarus,BLR,..,..
1971,Belgium,BEL,12470410328,13052184853
1971,Belize,BLZ,..,..
1971,Benin,BEN,93259582.8,59595413.81
1971,Bermuda,BMU,..,..
1971,Bhutan,BTN,..,..
1971,Bolivia,BOL,267340067.3,234343434.3
1971,Bosnia and Herzegovina,BIH,..,..
1971,Botswana,BWA,78462307.21,42248934.65
1971,Brazil,BRA,4004245614,3155632739
1971,British Virgin Islands,VGB,..,..
1971,Brunei Darussalam,BRN,..,..
1971,Bulgaria,BGR,..,..
1971,Burkina Faso,BFA,96149801.93,26587935.43
1971,Burundi,BDI,..,..
1971,Cabo Verde,CPV,..,..
1971,Cambodia,KHM,..,..
1971,Cameroon,CMR,335928206.7,284721121.7
1971,Canada,CAN,19613784908,20913052090
1971,Cayman Islands,CYM,..,..
1971,Central African Republic,CAF,75389864.2,60030793.1
1971,Chad,TCD,105681233.4,79858965.5
1971,Channel Islands,CHI,..,..
1971,Chile,CHL,1309764436,1178754034
1971,China,CHN,2233127000,2710416000
1971,Colombia,COL,1252577345,935820962.9
1971,Comoros,COM,..,..
1971,"Congo, Dem. Rep.",COD,..,..
1971,"Congo, Rep.",COG,169598347.2,104954865.8
1971,Costa Rica,CRI,399678048,288612767.6
1971,Cote d'Ivoire,CIV,450325383.1,510247677.2
1971,Croatia,HRV,..,..
1971,Cuba,CUB,3055095900,2255959900
1971,Curacao,CUW,..,..
1971,Cyprus,CYP,..,..
1971,Czechia,CZE,..,..
1971,Denmark,DNK,5506203762,5119658107
1971,Djibouti,DJI,..,..
1971,Dominica,DMA,..,..
1971,Dominican Republic,DOM,461715440,300134133
1971,Ecuador,ECU,459682187.8,291407584.2
1971,"Egypt, Arab Rep.",EGY,1530986993,1140015302
1971,El Salvador,SLV,315680000,292160000
1971,Equatorial Guinea,GNQ,..,..
1971,Eritrea,ERI,..,..
1971,Estonia,EST,..,..
1971,Eswatini,SWZ,..,..
1971,Ethiopia,ETH,..,..
1971,Faroe Islands,FRO,40596366.15,37576244.59
1971,Fiji,FJI,..,..
1971,Finland,FIN,3116111111,2827196647
1971,France,FRA,26488930981,28648395880
1971,French Polynesia,PYF,..,..
1971,Gabon,GAB,199741094.1,253126078
1971,"Gambia, The",GMB,20720647.06,18037835.14
1971,Georgia,GEO,..,..
1971,Germany,DEU,40715115151,36378984554
1971,Ghana,GHA,489222776.1,380936311.8
1971,Gibraltar,GIB,..,..
1971,Greece,GRC,2092545455,1169159091
1971,Greenland,GRL,..,..
1971,Grenada,GRD,..,..
1971,Guam,GUM,..,..
1971,Guatemala,GTM,371100000,343100000
1971,Guinea,GIN,..,..
1971,Guinea-Bissau,GNB,70053790.24,8489510.866
1971,Guyana,GUY,154250000,164750000
1971,Haiti,HTI,..,..
1971,Honduras,HND,319800000,349150000
1971,"Hong Kong SAR, China",HKG,3811504974,3999563824
1971,Hungary,HUN,..,..
1971,Iceland,ISL,290564772.7,247179545.5
1971,India,IND,2695673511,2469914214
1971,Indonesia,IDN,1553301764,1345889844
1971,"Iran, Islamic Rep.",IRN,2928005748,3172763667
1971,Iraq,IRQ,888826025.5,1687411598
1971,Ireland,IRL,2033167880,1647964737
1971,Isle of Man,IMN,..,..
1971,Israel,ISR,2580000000,1580000000
1971,Italy,ITA,18471501248,19424023096
1971,Jamaica,JAM,..,..
1971,Japan,JPN,20867004112,26966713726
1971,Jordan,JOR,..,..
1971,Kazakhstan,KAZ,..,..
1971,Kenya,KEN,625800029.7,509319796.3
1971,Kiribati,KIR,..,..
1971,"Korea, Dem. People's Rep.",PRK,..,..
1971,"Korea, Rep.",KOR,2280298720,1251053227
1971,Kosovo,XKX,..,..
1971,Kuwait,KWT,724238833.1,2574572168
1971,Kyrgyz Republic,KGZ,..,..
1971,Lao PDR,LAO,..,..
1971,Latvia,LVA,..,..
1971,Lebanon,LBN,..,..
1971,Lesotho,LSO,41945311.7,9787239.397
1971,Liberia,LBR,..,..
1971,Libya,LBY,..,..
1971,Liechtenstein,LIE,..,..
1971,Lithuania,LTU,..,..
1971,Luxembourg,LUX,1202551383,1352359884
1971,"Macao SAR, China",MAC,..,..
1971,Madagascar,MDG,252204260.3,173264898.9
1971,Malawi,MWI,..,..
1971,Malaysia,MYS,1656477495,1717415948
1971,Maldives,MDV,..,..
1971,Mali,MLI,79896441.29,53022179.54
1971,Malta,MLT,182398279,120411681.9
1971,Marshall Islands,MHL,..,..
1971,Mauritania,MRT,57029505.29,106987200.8
1971,Mauritius,MUS,..,..
1971,Mexico,MEX,3417960000,2995040000
1971,"Micronesia, Fed. Sts.",FSM,..,..
1971,Moldova,MDA,..,..
1971,Monaco,MCO,..,..
1971,Mongolia,MNG,..,..
1971,Montenegro,MNE,..,..
1971,Morocco,MAR,859393115.9,738600056
1971,Mozambique,MOZ,..,..
1971,Myanmar,MMR,..,..
1971,Namibia,NAM,..,..
1971,Nauru,NRU,..,..
1971,Nepal,NPL,80592592.59,47703703.7
1971,Netherlands,NLD,18597748747,19538182331
1971,New Caledonia,NCL,..,..
1971,New Zealand,NZL,1716099250,1779572995
1971,Nicaragua,NIC,236470381.1,217911327.6
1971,Niger,NER,108204872.1,85780084.32
1971,Nigeria,NGA,..,..
1971,North Macedonia,MKD,..,..
1971,Northern Mariana Islands,MNP,..,..
1971,Norway,NOR,5267648351,4897319973
1971,Oman,OMN,96727622.71,198026949
1971,Pakistan,PAK,1117807644,823603527.9
1971,Palau,PLW,..,..
1971,Panama,PAN,925391300,827859100
1971,Papua New Guinea,PNG,418007993.1,153382920.3
1971,Paraguay,PRY,105952381,88888888.89
1971,Peru,PER,1224806241,1147257884
1971,Philippines,PHL,..,..
1971,Poland,POL,..,..
1971,Portugal,PRT,2302600707,1808141343
1971,Puerto Rico (US),PRI,2879100000,1796800000
1971,Qatar,QAT,..,..
1971,Romania,ROU,..,..
1971,Russian Federation,RUS,..,..
1971,Rwanda,RWA,37610073.27,22766631.42
1971,Samoa,WSM,..,..
1971,San Marino,SMR,..,..
1971,Sao Tome and Principe,STP,..,..
1971,Saudi Arabia,SAU,1287323408,3878685816
1971,Senegal,SEN,326227163.4,205321732.6
1971,Serbia,SRB,..,..
1971,Seychelles,SYC,..,..
1971,Sierra Leone,SLE,135877741.3,131184001.8
1971,Singapore,SGP,3165523324,2704396969
1971,Sint Maarten (Dutch part),SXM,..,..
1971,Slovak Republic,SVK,..,..
1971,Slovenia,SVN,..,..
1971,Solomon Islands,SLB,..,..
1971,"Somalia, Fed. Rep.",SOM,65932001.39,43907884.88
1971,South Africa,ZAF,5155078808,4325959814
1971,South Sudan,SSD,..,..
1971,Spain,ESP,6004950898,6073291018
1971,Sri Lanka,LKA,630522765.6,583136593.6
1971,St. Kitts and Nevis,KNA,..,..
1971,St. Lucia,LCA,..,..
1971,St. Martin (French part),MAF,..,..
1971,St. Vincent and the Grenadines,VCT,..,..
1971,Sudan,SDN,393164848.9,357840322.7
1971,Suriname,SUR,..,..
1971,Sweden,SWE,8687795704,9260327747
1971,Switzerland,CHE,11834333196,11789303805
1971,Syrian Arab Republic,SYR,578539108,449256625.7
1971,Tajikistan,TJK,..,..
1971,Tanzania,TZA,..,..
1971,Thailand,THA,1387451923,1179182692
1971,Timor-Leste,TLS,..,..
1971,Togo,TGO,136365017.7,112649362.5
1971,Tonga,TON,..,..
1971,Trinidad and Tobago,TTO,..,..
1971,Tunisia,TUN,411728821.2,406183008
1971,Turkiye,TUR,1333333333,860000000
1971,Turkmenistan,TKM,..,..
1971,Turks and Caicos Islands,TCA,..,..
1971,Tuvalu,TUV,..,..
1971,Uganda,UGA,339493210.1,280834383.3
1971,Ukraine,UKR,..,..
1971,United Arab Emirates,ARE,..,..
1971,United Kingdom,GBR,30409471891,32761433439
1971,United States,USA,62342000000,62963000000
1971,Uruguay,URY,320967741.9,288709677.4
1971,Uzbekistan,UZB,..,..
1971,Vanuatu,VUT,..,..
1971,"Venezuela, RB",VEN,2463204545,3276954545
1971,Viet Nam,VNM,..,..
1971,Virgin Islands (U.S.),VIR,..,..
1971,West Bank and Gaza,PSE,..,..
1971,"Yemen, Rep.",YEM,..,..
1971,Zambia,ZMB,..,..
1971,Zimbabwe,ZWE,..,..
1971,Africa Eastern and Southern,AFE,..,..
1971,Africa Western and Central,AFW,..,..
1971,Arab World,ARB,..,..
1971,Caribbean small states,CSS,..,..
1971,Central Europe and the Baltics,CEB,..,..
1971,Early-demographic dividend,EAR,42395861681,39126950139
1971,East Asia & Pacific,EAS,49531342224,53619094530
1971,East Asia & Pacific (excluding high income),EAP,8812009418,8088736859
1971,East Asia & Pacific (IDA & IBRD countries),TEA,8796257527,8078559094
1971,Euro area,EMU,1.41568E+11,1.39595E+11
1971,Europe & Central Asia,ECS,2.32703E+11,2.33234E+11
1971,Europe & Central Asia (excluding high income),ECA,..,..
1971,Europe & Central Asia (IDA & IBRD countries),TEC,..,..
1971,European Union,EUU,1.62232E+11,1.6052E+11
1971,Fragile and conflict affected situations,FCS,..,..
1971,Heavily indebted poor countries (HIPC),HPC,..,5490206929
1971,High income,HIC,3.5892E+11,3.70185E+11
1971,IBRD only,IBD,72197535455,66543031198
1971,IDA & IBRD total,IBT,87513507127,78489824912
1971,IDA blend,IDB,6100268512,..
1971,IDA only,IDX,..,..
1971,IDA total,IDA,..,..
1971,Late-demographic dividend,LTE,41610475207,37515531704
1971,Latin America & Caribbean,LCN,27512114954,23364752596
1971,Latin America & Caribbean (excluding high income),LAC,18053383151,14732395873
1971,Latin America & the Caribbean (IDA & IBRD countries),TLA,20805771938,18760802512
1971,Least developed countries: UN classification,LDC,..,..
1971,Low & middle income,LMY,66284150294,56905935916
1971,Low income,LIC,..,..
1971,Lower middle income,LMC,..,..
1971,"Middle East, North Africa, Afghanistan & Pakistan",MEA,..,..
1971,"Middle East, North Africa, Afghanistan & Pakistan (excluding high income)",MNA,12172368117,11386984667
1971,"Middle East, North Africa, Afghanistan & Pakistan (IDA & IBRD)",TMN,11914485546,11335673236
1971,Middle income,MIC,62440040428,54096513366
1971,North America,NAC,82000538851,83997419569
1971,Not classified,INX,..,..
1971,OECD members,OED,3.29956E+11,3.35228E+11
1971,Other small states,OSS,..,..
1971,Pacific island small states,PSS,..,..
1971,Post-demographic dividend,PST,3.3038E+11,3.37694E+11
1971,Pre-demographic dividend,PRE,..,..
1971,Small states,SST,..,..
1971,South Asia,SAS,4429310323,3703733485
1971,South Asia (IDA & IBRD),TSA,4429310323,3703733485
1971,Sub-Saharan Africa,SSF,..,14504427892
1971,Sub-Saharan Africa (excluding high income),SSA,16043025997,14354386062
1971,Sub-Saharan Africa (IDA & IBRD countries),TSS,..,14504427892
1971,Upper middle income,UMC,44111057411,39556423390
1971,World,WLD,4.28892E+11,4.32149E+11
1972,Afghanistan,AFG,288888877.8,235555544.4
1972,Albania,ALB,..,..
1972,Algeria,DZA,1740871306,1383769500
1972,American Samoa,ASM,..,..
1972,Andorra,AND,..,..
1972,Angola,AGO,..,..
1972,Antigua and Barbuda,ATG,..,..
1972,Argentina,ARG,2374999979,2500000047
1972,Armenia,ARM,..,..
1972,Aruba,ABW,..,..
1972,Australia,AUS,6220794393,6663551402
1972,Austria,AUT,6036690874,5940800643
1972,Azerbaijan,AZE,..,..
1972,"Bahamas, The",BHS,..,..
1972,Bahrain,BHR,..,..
1972,Bangladesh,BGD,863537083.3,356841000
1972,Barbados,BRB,..,..
1972,Belarus,BLR,..,..
1972,Belgium,BEL,15284572450,16423224269
1972,Belize,BLZ,..,..
1972,Benin,BEN,109969550.7,59023784.72
1972,Bermuda,BMU,..,..
1972,Bhutan,BTN,..,..
1972,Bolivia,BOL,302068446.8,265513350.9
1972,Bosnia and Herzegovina,BIH,..,..
1972,Botswana,BWA,99569373.78,61462576.41
1972,Brazil,BRA,5177234172,4249449496
1972,British Virgin Islands,VGB,..,..
1972,Brunei Darussalam,BRN,..,..
1972,Bulgaria,BGR,..,..
1972,Burkina Faso,BFA,123177198.7,37028534.97
1972,Burundi,BDI,..,..
1972,Cabo Verde,CPV,..,..
1972,Cambodia,KHM,..,..
1972,Cameroon,CMR,390830241,305521571.3
1972,Canada,CAN,23413476109,24070108092
1972,Cayman Islands,CYM,..,..
1972,Central African Republic,CAF,77877586.41,57429305.16
1972,Chad,TCD,113479622.6,85268097.61
1972,Channel Islands,CHI,..,..
1972,Chile,CHL,1557530214,1131291625
1972,China,CHN,2916450000,3537210000
1972,Colombia,COL,1109769650,1149373248
1972,Comoros,COM,..,..
1972,"Congo, Dem. Rep.",COD,..,..
1972,"Congo, Rep.",COG,212675136.6,116257095.9
1972,Costa Rica,CRI,453262999.2,374287867.4
1972,Cote d'Ivoire,CIV,536449117.1,619773296.9
1972,Croatia,HRV,..,..
1972,Cuba,CUB,3594369360,2654199161
1972,Curacao,CUW,..,..
1972,Cyprus,CYP,..,..
1972,Czechia,CZE,..,..
1972,Denmark,DNK,6229703999,6134824083
1972,Djibouti,DJI,..,..
1972,Dominica,DMA,..,..
1972,Dominican Republic,DOM,489759560,422847716
1972,Ecuador,ECU,495423307.8,395314355.6
1972,"Egypt, Arab Rep.",EGY,1615822130,1182006205
1972,El Salvador,SLV,355440000,367680000
1972,Equatorial Guinea,GNQ,..,..
1972,Eritrea,ERI,..,..
1972,Estonia,EST,..,..
1972,Eswatini,SWZ,..,..
1972,Ethiopia,ETH,..,..
1972,Faroe Islands,FRO,46868083.83,46350045.44
1972,Fiji,FJI,..,..
1972,Finland,FIN,3558591913,3487225409
1972,France,FRA,33141612484,35386996099
1972,French Polynesia,PYF,..,..
1972,Gabon,GAB,311076213.9,314647528.7
1972,"Gambia, The",GMB,24111329.8,19980333.11
1972,Georgia,GEO,..,..
1972,Germany,DEU,48517046556,43607225051
1972,Ghana,GHA,321158623,437466068.3
1972,Gibraltar,GIB,..,..
1972,Greece,GRC,2585238636,1514340909
1972,Greenland,GRL,..,..
1972,Grenada,GRD,..,..
1972,Guam,GUM,..,..
1972,Guatemala,GTM,389500000,397300000
1972,Guinea,GIN,..,..
1972,Guinea-Bissau,GNB,81231847.37,9930095.346
1972,Guyana,GUY,167714285.7,164000000
1972,Haiti,HTI,..,..
1972,Honduras,HND,319848560.7,375648309.6
1972,"Hong Kong SAR, China",HKG,4365038075,4818647514
1972,Hungary,HUN,..,..
1972,Iceland,ISL,305401087.7,289636301.8
1972,India,IND,2650561669,2878233145
1972,Indonesia,IDN,2078072289,1816385542
1972,"Iran, Islamic Rep.",IRN,3689022456,3936283736
1972,Iraq,IRQ,883748873.5,1519074797
1972,Ireland,IRL,2318300551,1954551534
1972,Isle of Man,IMN,..,..
1972,Israel,ISR,3042500000,2117500000
1972,Italy,ITA,22528788181,23697035193
1972,Jamaica,JAM,..,..
1972,Japan,JPN,25436329222,32270972031
1972,Jordan,JOR,..,..
1972,Kazakhstan,KAZ,..,..
1972,Kenya,KEN,605359757.9,560279775.9
1972,Kiribati,KIR,7461077.844,8350898.204
1972,"Korea, Dem. People's Rep.",PRK,..,..
1972,"Korea, Rep.",KOR,2330143840,1795139760
1972,Kosovo,XKX,..,..
1972,Kuwait,KWT,919595438.8,3053056857
1972,Kyrgyz Republic,KGZ,..,..
1972,Lao PDR,LAO,..,..
1972,Latvia,LVA,..,..
1972,Lebanon,LBN,..,..
1972,Lesotho,LSO,55936778.43,13008553.12
1972,Liberia,LBR,..,..
1972,Libya,LBY,..,..
1972,Liechtenstein,LIE,..,..
1972,Lithuania,LTU,..,..
1972,Luxembourg,LUX,1369284209,1592229860
1972,"Macao SAR, China",MAC,..,..
1972,Madagascar,MDG,245822788.2,191350736.6
1972,Malawi,MWI,..,..
1972,Malaysia,MYS,1884339236,1816243409
1972,Maldives,MDV,..,..
1972,Mali,MLI,95227655.34,48804174.55
1972,Malta,MLT,199075306.4,137300511.3
1972,Marshall Islands,MHL,..,..
1972,Mauritania,MRT,133106293.1,149725281.9
1972,Mauritius,MUS,..,..
1972,Mexico,MEX,3991120000,3643200000
1972,"Micronesia, Fed. Sts.",FSM,..,..
1972,Moldova,MDA,..,..
1972,Monaco,MCO,..,..
1972,Mongolia,MNG,..,..
1972,Montenegro,MNE,..,..
1972,Morocco,MAR,975395583.4,942466527.6
1972,Mozambique,MOZ,..,..
1972,Myanmar,MMR,..,..
1972,Namibia,NAM,..,..
1972,Nauru,NRU,..,..
1972,Nepal,NPL,81086387.72,57975285.74
1972,Netherlands,NLD,21388128261,23953249107
1972,New Caledonia,NCL,..,..
1972,New Zealand,NZL,2047885270,2339572193
1972,Nicaragua,NIC,260426280.4,310040793.3
1972,Niger,NER,152229778,105576519.6
1972,Nigeria,NGA,..,..
1972,North Macedonia,MKD,..,..
1972,Northern Mariana Islands,MNP,..,..
1972,Norway,NOR,5746182569,5877629702
1972,Oman,OMN,160511552.4,217837106.8
1972,Pakistan,PAK,814017565,675563974.5
1972,Palau,PLW,..,..
1972,Panama,PAN,1030379300,894452800
1972,Papua New Guinea,PNG,414352024.3,268011434.2
1972,Paraguay,PRY,106428571.4,105873015.9
1972,Peru,PER,1322997436,1263534016
1972,Philippines,PHL,..,..
1972,Poland,POL,..,..
1972,Portugal,PRT,2797946627,2398176427
1972,Puerto Rico (US),PRI,3107800000,1974300000
1972,Qatar,QAT,..,..
1972,Romania,ROU,..,..
1972,Russian Federation,RUS,..,..
1972,Rwanda,RWA,40062970.52,20411486.89
1972,Samoa,WSM,..,..
1972,San Marino,SMR,..,..
1972,Sao Tome and Principe,STP,..,..
1972,Saudi Arabia,SAU,1765847084,5951621243
1972,Senegal,SEN,417121328.1,293958430.1
1972,Serbia,SRB,..,..
1972,Seychelles,SYC,..,..
1972,Sierra Leone,SLE,135117922.2,129248659.4
1972,Singapore,SGP,3328711443,2904841512
1972,Sint Maarten (Dutch part),SXM,..,..
1972,Slovak Republic,SVK,..,..
1972,Slovenia,SVN,..,..
1972,Solomon Islands,SLB,..,..
1972,"Somalia, Fed. Rep.",SOM,85671836.54,65614884.55
1972,South Africa,ZAF,4735113337,5260658883
1972,South Sudan,SSD,..,..
1972,Spain,ESP,8184827854,7896181724
1972,Sri Lanka,LKA,610385259.6,570184254.6
1972,St. Kitts and Nevis,KNA,..,..
1972,St. Lucia,LCA,..,..
1972,St. Martin (French part),MAF,..,..
1972,St. Vincent and the Grenadines,VCT,..,..
1972,Sudan,SDN,413842620.4,397759909.2
1972,Suriname,SUR,..,..
1972,Sweden,SWE,10009365236,10843484588
1972,Switzerland,CHE,14016005289,14237042390
1972,Syrian Arab Republic,SYR,725132626,555039787.8
1972,Tajikistan,TJK,..,..
1972,Tanzania,TZA,..,..
1972,Thailand,THA,1568843967,1487497926
1972,Timor-Leste,TLS,..,..
1972,Togo,TGO,145568281.9,111476082.1
1972,Tonga,TON,..,..
1972,Trinidad and Tobago,TTO,..,..
1972,Tunisia,TUN,553572439.2,567196902.8
1972,Turkiye,TUR,1764285714,1242857143
1972,Turkmenistan,TKM,..,..
1972,Turks and Caicos Islands,TCA,..,..
1972,Tuvalu,TUV,..,..
1972,Uganda,UGA,250174996.5,289094218.1
1972,Ukraine,UKR,..,..
1972,United Arab Emirates,ARE,..,..
1972,United Kingdom,GBR,35239697802,35438523976
1972,United States,USA,74216000000,70843000000
1972,Uruguay,URY,326095659.1,337963958.7
1972,Uzbekistan,UZB,..,..
1972,Vanuatu,VUT,..,..
1972,"Venezuela, RB",VEN,2793090909,3254954545
1972,Viet Nam,VNM,..,..
1972,Virgin Islands (U.S.),VIR,..,..
1972,West Bank and Gaza,PSE,..,..
1972,"Yemen, Rep.",YEM,..,..
1972,Zambia,ZMB,..,..
1972,Zimbabwe,ZWE,..,..
1972,Africa Eastern and Southern,AFE,..,..
1972,Africa Western and Central,AFW,..,..
1972,Arab World,ARB,..,..
1972,Caribbean small states,CSS,..,..
1972,Central Europe and the Baltics,CEB,..,..
1972,Early-demographic dividend,EAR,46748855402,48028587957
1972,East Asia & Pacific,EAS,58286159436,65188027309
1972,East Asia & Pacific (excluding high income),EAP,10773811974,10159284272
1972,East Asia & Pacific (IDA & IBRD countries),TEA,10754553268,10146501212
1972,Euro area,EMU,1.71553E+11,1.71335E+11
1972,Europe & Central Asia,ECS,2.78055E+11,2.79761E+11
1972,Europe & Central Asia (excluding high income),ECA,..,..
1972,Europe & Central Asia (IDA & IBRD countries),TEC,..,..
1972,European Union,EUU,1.95574E+11,1.96306E+11
1972,Fragile and conflict affected situations,FCS,..,..
1972,Heavily indebted poor countries (HIPC),HPC,..,6297429417
1972,High income,HIC,4.26962E+11,4.39081E+11
1972,IBRD only,IBD,81961445868,79758012137
1972,IDA & IBRD total,IBT,97338714939,92606213751
1972,IDA blend,IDB,5818912082,..
1972,IDA only,IDX,..,..
1972,IDA total,IDA,..,..
1972,Late-demographic dividend,LTE,48601094432,45098997779
1972,Latin America & Caribbean,LCN,31279845708,27325307296
1972,Latin America & Caribbean (excluding high income),LAC,20703325659,18255596698
1972,Latin America & the Caribbean (IDA & IBRD countries),TLA,23701101657,22054512288
1972,Least developed countries: UN classification,LDC,..,..
1972,Low & middle income,LMY,73813959200,68361800648
1972,Low income,LIC,..,..
1972,Lower middle income,LMC,..,..
1972,"Middle East, North Africa, Afghanistan & Pakistan",MEA,..,..
1972,"Middle East, North Africa, Afghanistan & Pakistan (excluding high income)",MNA,13717206961,13106513992
1972,"Middle East, North Africa, Afghanistan & Pakistan (IDA & IBRD)",TMN,13426595588,13047454108
1972,Middle income,MIC,69677237648,65202825461
1972,North America,NAC,97682789051,95050446037
1972,Not classified,INX,..,..
1972,OECD members,OED,3.9273E+11,3.96567E+11
1972,Other small states,OSS,..,..
1972,Pacific island small states,PSS,..,..
1972,Post-demographic dividend,PST,3.93034E+11,3.98851E+11
1972,Pre-demographic dividend,PRE,..,..
1972,Small states,SST,..,..
1972,South Asia,SAS,4286533739,3918629434
1972,South Asia (IDA & IBRD),TSA,4286533739,3918629434
1972,Sub-Saharan Africa,SSF,..,17165789606
1972,Sub-Saharan Africa (excluding high income),SSA,15998799713,16988217178
1972,Sub-Saharan Africa (IDA & IBRD countries),TSS,..,17165789606
1972,Upper middle income,UMC,50774932353,48803019566
1972,World,WLD,5.05779E+11,5.12618E+11
1973,Afghanistan,AFG,255555562.2,224444437.8
1973,Albania,ALB,..,..
1973,Algeria,DZA,2750792039,2220822992
1973,American Samoa,ASM,..,..
1973,Andorra,AND,..,..
1973,Angola,AGO,..,..
1973,Antigua and Barbuda,ATG,..,..
1973,Argentina,ARG,3000000102,4000000136
1973,Armenia,ARM,..,..
1973,Aruba,ABW,..,..
1973,Australia,AUS,7022421525,9019859065
1973,Austria,AUT,8127808701,7945377047
1973,Azerbaijan,AZE,..,..
1973,"Bahamas, The",BHS,..,..
1973,Bahrain,BHR,..,..
1973,Bangladesh,BGD,958701323.7,528824097.2
1973,Barbados,BRB,..,..
1973,Belarus,BLR,..,..
1973,Belgium,BEL,22015693438,22932275926
1973,Belize,BLZ,..,..
1973,Benin,BEN,130886433.4,78995257.93
1973,Bermuda,BMU,..,..
1973,Bhutan,BTN,..,..
1973,Bolivia,BOL,357671164.4,350024987.5
1973,Bosnia and Herzegovina,BIH,..,..
1973,Botswana,BWA,151271981.3,94797108.26
1973,Brazil,BRA,7532763885,6557708238
1973,British Virgin Islands,VGB,..,..
1973,Brunei Darussalam,BRN,..,..
1973,Bulgaria,BGR,..,..
1973,Burkina Faso,BFA,154654989.7,42590341.86
1973,Burundi,BDI,..,..
1973,Cabo Verde,CPV,..,..
1973,Cambodia,KHM,..,..
1973,Cameroon,CMR,456280562.5,393469130.8
1973,Canada,CAN,28460153985,29896010399
1973,Cayman Islands,CYM,..,..
1973,Central African Republic,CAF,98946254.83,77607287.92
1973,Chad,TCD,152093518.1,101796566.3
1973,Channel Islands,CHI,..,..
1973,Chile,CHL,2589239510,2238225385
1973,China,CHN,5257791000,5959279000
1973,Colombia,COL,1306397078,1539558029
1973,Comoros,COM,..,..
1973,"Congo, Dem. Rep.",COD,..,..
1973,"Congo, Rep.",COG,235094360.8,171385616.3
1973,Costa Rica,CRI,563763567.1,470906267.4
1973,Cote d'Ivoire,CIV,833598100.2,896858258
1973,Croatia,HRV,..,..
1973,Cuba,CUB,4412339083,3258402051
1973,Curacao,CUW,..,..
1973,Cyprus,CYP,..,..
1973,Czechia,CZE,..,..
1973,Denmark,DNK,9178240681,8596329118
1973,Djibouti,DJI,..,..
1973,Dominica,DMA,..,..
1973,Dominican Republic,DOM,632490400,529005317
1973,Ecuador,ECU,648350559.9,695769273.5
1973,"Egypt, Arab Rep.",EGY,1834007074,1366851945
1973,El Salvador,SLV,475720000,432120000
1973,Equatorial Guinea,GNQ,..,..
1973,Eritrea,ERI,..,..
1973,Estonia,EST,..,..
1973,Eswatini,SWZ,..,..
1973,Ethiopia,ETH,..,..
1973,Faroe Islands,FRO,68154392.93,77923795.35
1973,Fiji,FJI,..,..
1973,Finland,FIN,4849296717,4596304652
1973,France,FRA,45888332351,48415733648
1973,French Polynesia,PYF,..,..
1973,Gabon,GAB,416798916.6,425323421.8
1973,"Gambia, The",GMB,31865390.43,26392897.11
1973,Georgia,GEO,..,..
1973,Germany,DEU,65139754848,61138960117
1973,Ghana,GHA,492968900.1,644981958.2
1973,Gibraltar,GIB,..,..
1973,Greece,GRC,4246950518,2554695052
1973,Greenland,GRL,..,..
1973,Grenada,GRD,..,..
1973,Guam,GUM,..,..
1973,Guatemala,GTM,519100000,536500000
1973,Guinea,GIN,..,..
1973,Guinea-Bissau,GNB,94620359.32,14078894.92
1973,Guyana,GUY,211523809.5,160238095.2
1973,Haiti,HTI,..,..
1973,Honduras,HND,436099782,467449766.3
1973,"Hong Kong SAR, China",HKG,6352472554,6859419023
1973,Hungary,HUN,..,..
1973,Iceland,ISL,429005880.4,404493509.4
1973,India,IND,4039284329,3599236351
1973,Indonesia,IDN,3170120482,3263373494
1973,"Iran, Islamic Rep.",IRN,5594486012,9056140484
1973,Iraq,IRQ,1263453285,2378672829
1973,Ireland,IRL,3083459386,2545049199
1973,Isle of Man,IMN,..,..
1973,Israel,ISR,5057500000,2645000000
1973,Italy,ITA,31517004318,28263779475
1973,Jamaica,JAM,..,..
1973,Japan,JPN,41807597571,41576284285
1973,Jordan,JOR,..,..
1973,Kazakhstan,KAZ,..,..
1973,Kenya,KEN,719305941,687311674.9
1973,Kiribati,KIR,12462548.15,16679982.88
1973,"Korea, Dem. People's Rep.",PRK,..,..
1973,"Korea, Rep.",KOR,3839358990,3309134300
1973,Kosovo,XKX,..,..
1973,Kuwait,KWT,1199034299,3890792118
1973,Kyrgyz Republic,KGZ,..,..
1973,Lao PDR,LAO,..,..
1973,Latvia,LVA,..,..
1973,Lebanon,LBN,..,..
1973,Lesotho,LSO,82137417.34,17292087.86
1973,Liberia,LBR,..,..
1973,Libya,LBY,..,..
1973,Liechtenstein,LIE,..,..
1973,Lithuania,LTU,..,..
1973,Luxembourg,LUX,1875419168,2355188367
1973,"Macao SAR, China",MAC,..,..
1973,Madagascar,MDG,312077206.7,235525937.2
1973,Malawi,MWI,..,..
1973,Malaysia,MYS,2747070596,3178858361
1973,Maldives,MDV,..,..
1973,Mali,MLI,128763540.3,57427641.07
1973,Malta,MLT,262363383.4,200104183
1973,Marshall Islands,MHL,..,..
1973,Mauritania,MRT,157860290.8,183111490.3
1973,Mauritius,MUS,..,..
1973,Mexico,MEX,5232144000,4650160000
1973,"Micronesia, Fed. Sts.",FSM,..,..
1973,Moldova,MDA,..,..
1973,Monaco,MCO,..,..
1973,Mongolia,MNG,..,..
1973,Montenegro,MNE,..,..
1973,Morocco,MAR,1379890190,1300658084
1973,Mozambique,MOZ,..,..
1973,Myanmar,MMR,..,..
1973,Namibia,NAM,..,..
1973,Nauru,NRU,..,..
1973,Nepal,NPL,100827880.8,64260709.31
1973,Netherlands,NLD,29099110043,32943078196
1973,New Caledonia,NCL,..,..
1973,New Zealand,NZL,3054125504,3073605120
1973,Nicaragua,NIC,413146202.2,308310584.5
1973,Niger,NER,224624680.4,146829467.3
1973,Nigeria,NGA,..,..
1973,North Macedonia,MKD,..,..
1973,Northern Mariana Islands,MNP,..,..
1973,Norway,NOR,8276214922,8189670124
1973,Oman,OMN,266627884.4,327652876.2
1973,Pakistan,PAK,907783978.1,942116712.4
1973,Palau,PLW,..,..
1973,Panama,PAN,1152110300,1025310500
1973,Papua New Guinea,PNG,452341666.3,583002326.3
1973,Paraguay,PRY,142063492.1,148968254
1973,Peru,PER,1687338580,1465079294
1973,Philippines,PHL,..,..
1973,Poland,POL,..,..
1973,Portugal,PRT,3968323794,3160024530
1973,Puerto Rico (US),PRI,3496200000,2465700000
1973,Qatar,QAT,..,..
1973,Romania,ROU,..,..
1973,Russian Federation,RUS,..,..
1973,Rwanda,RWA,39083911.25,33721790.47
1973,Samoa,WSM,..,..
1973,San Marino,SMR,..,..
1973,Sao Tome and Principe,STP,..,..
1973,Saudi Arabia,SAU,3126324499,14903189968
1973,Senegal,SEN,529963308,314124735.8
1973,Serbia,SRB,..,..
1973,Seychelles,SYC,..,..
1973,Sierra Leone,SLE,134624948.9,141729814.2
1973,Singapore,SGP,4708693333,4373973333
1973,Sint Maarten (Dutch part),SXM,..,..
1973,Slovak Republic,SVK,..,..
1973,Slovenia,SVN,..,..
1973,Solomon Islands,SLB,..,..
1973,"Somalia, Fed. Rep.",SOM,136273183.2,70524571.52
1973,South Africa,ZAF,6474445897,7213682653
1973,South Sudan,SSD,..,..
1973,Spain,ESP,11627215877,10487210166
1973,Sri Lanka,LKA,735000000,700156250
1973,St. Kitts and Nevis,KNA,..,..
1973,St. Lucia,LCA,..,..
1973,St. Martin (French part),MAF,..,..
1973,St. Vincent and the Grenadines,VCT,..,..
1973,Sudan,SDN,523836876.9,456921310.9
1973,Suriname,SUR,..,..
1973,Sweden,SWE,13198116685,14907783528
1973,Switzerland,CHE,19142926883,19321213031
1973,Syrian Arab Republic,SYR,834756898.8,714520367.9
1973,Tajikistan,TJK,..,..
1973,Tanzania,TZA,..,..
1973,Thailand,THA,2172743954,2016289602
1973,Timor-Leste,TLS,..,..
1973,Togo,TGO,156842536.6,118108144.9
1973,Tonga,TON,..,..
1973,Trinidad and Tobago,TTO,..,..
1973,Tunisia,TUN,721306653.8,711581703.8
1973,Turkiye,TUR,2364285714,1828571429
1973,Turkmenistan,TKM,..,..
1973,Turks and Caicos Islands,TCA,..,..
1973,Tuvalu,TUV,..,..
1973,Uganda,UGA,223858656.8,281678309.9
1973,Ukraine,UKR,..,..
1973,United Arab Emirates,ARE,..,..
1973,United Kingdom,GBR,47681185693,43672359138
1973,United States,USA,91159000000,95269000000
1973,Uruguay,URY,376829826.7,412996156.8
1973,Uzbekistan,UZB,..,..
1973,Vanuatu,VUT,..,..
1973,"Venezuela, RB",VEN,3263139535,4883441860
1973,Viet Nam,VNM,..,..
1973,Virgin Islands (U.S.),VIR,..,..
1973,West Bank and Gaza,PSE,..,..
1973,"Yemen, Rep.",YEM,..,..
1973,Zambia,ZMB,..,..
1973,Zimbabwe,ZWE,..,..
1973,Africa Eastern and Southern,AFE,..,..
1973,Africa Western and Central,AFW,..,..
1973,Arab World,ARB,..,..
1973,Caribbean small states,CSS,..,..
1973,Central Europe and the Baltics,CEB,..,..
1973,Early-demographic dividend,EAR,64712659633,78283644303
1973,East Asia & Pacific,EAS,89447813883,91258371984
1973,East Asia & Pacific (excluding high income),EAP,16778092541,17077682257
1973,East Asia & Pacific (IDA & IBRD countries),TEA,16748100894,17056194027
1973,Euro area,EMU,2.36728E+11,2.3207E+11
1973,Europe & Central Asia,ECS,3.8268E+11,3.75004E+11
1973,Europe & Central Asia (excluding high income),ECA,..,..
1973,Europe & Central Asia (IDA & IBRD countries),TEC,..,..
1973,European Union,EUU,2.6984E+11,2.66431E+11
1973,Fragile and conflict affected situations,FCS,..,..
1973,Heavily indebted poor countries (HIPC),HPC,..,7706697439
1973,High income,HIC,5.80369E+11,5.94298E+11
1973,IBRD only,IBD,1.1504E+11,1.22096E+11
1973,IDA & IBRD total,IBT,1.33802E+11,1.38666E+11
1973,IDA blend,IDB,7053108079,..
1973,IDA only,IDX,..,..
1973,IDA total,IDA,..,..
1973,Late-demographic dividend,LTE,68669528766,66049015634
1973,Latin America & Caribbean,LCN,40459226884,38122258286
1973,Latin America & Caribbean (excluding high income),LAC,27342303764,25153481405
1973,Latin America & the Caribbean (IDA & IBRD countries),TLA,31439268189,31517406880
1973,Least developed countries: UN classification,LDC,..,..
1973,Low & middle income,LMY,1.01483E+11,1.01475E+11
1973,Low income,LIC,..,..
1973,Lower middle income,LMC,..,..
1973,"Middle East, North Africa, Afghanistan & Pakistan",MEA,..,..
1973,"Middle East, North Africa, Afghanistan & Pakistan (excluding high income)",MNA,18889274524,22544447812
1973,"Middle East, North Africa, Afghanistan & Pakistan (IDA & IBRD)",TMN,18489088246,22442859207
1973,Middle income,MIC,96603737420,97764118373
1973,North America,NAC,1.19684E+11,1.25346E+11
1973,Not classified,INX,..,..
1973,OECD members,OED,5.32497E+11,5.28955E+11
1973,Other small states,OSS,..,..
1973,Pacific island small states,PSS,..,..
1973,Post-demographic dividend,PST,5.3214E+11,5.3223E+11
1973,Pre-demographic dividend,PRE,..,..
1973,Small states,SST,..,..
1973,South Asia,SAS,5946122918,4962631706
1973,South Asia (IDA & IBRD),TSA,5946122918,4962631706
1973,Sub-Saharan Africa,SSF,..,22732826384
1973,Sub-Saharan Africa (excluding high income),SSA,21132923189,22497665446
1973,Sub-Saharan Africa (IDA & IBRD countries),TSS,..,22732826384
1973,Upper middle income,UMC,71631434380,75873781472
1973,World,WLD,6.87885E+11,7.02038E+11
1974,Afghanistan,AFG,320000000,302222222.2
1974,Albania,ALB,..,..
1974,Algeria,DZA,4688153800,5118698918
1974,American Samoa,ASM,..,..
1974,Andorra,AND,..,..
1974,Angola,AGO,..,..
1974,Antigua and Barbuda,ATG,..,..
1974,Argentina,ARG,4555555490,4999999840
1974,Armenia,ARM,..,..
1974,Aruba,ABW,..,..
1974,Australia,AUS,11737656595,11680176861
1974,Austria,AUT,10716325824,10245142815
1974,Azerbaijan,AZE,..,..
1974,"Bahamas, The",BHS,..,..
1974,Bahrain,BHR,..,..
1974,Bangladesh,BGD,1294857683,463095606.3
1974,Barbados,BRB,..,..
1974,Belarus,BLR,..,..
1974,Belgium,BEL,29348848384,29637776512
1974,Belize,BLZ,..,..
1974,Benin,BEN,163593500.8,79408583.8
1974,Bermuda,BMU,..,..
1974,Bhutan,BTN,..,..
1974,Bolivia,BOL,562818590.7,741229385.3
1974,Bosnia and Herzegovina,BIH,..,..
1974,Botswana,BWA,198240705.7,125243385.7
1974,Brazil,BRA,14596797400,8424673828
1974,British Virgin Islands,VGB,..,..
1974,Brunei Darussalam,BRN,186304792.2,966815177
1974,Bulgaria,BGR,..,..
1974,Burkina Faso,BFA,183824251.4,62500033.86
1974,Burundi,BDI,..,..
1974,Cabo Verde,CPV,..,..
1974,Cambodia,KHM,..,..
1974,Cameroon,CMR,491889089.6,548805300.7
1974,Canada,CAN,38774028630,38617586912
1974,Cayman Islands,CYM,..,..
1974,Central African Republic,CAF,121947261.5,78051063.39
1974,Chad,TCD,174903172.2,120007833
1974,Channel Islands,CHI,..,..
1974,Chile,CHL,3129086575,3166203510
1974,China,CHN,7716198000,7213067000
1974,Colombia,COL,1933488606,1798616360
1974,Comoros,COM,..,..
1974,"Congo, Dem. Rep.",COD,..,..
1974,"Congo, Rep.",COG,348144058.4,311584817.3
1974,Costa Rica,CRI,801954602.8,552345523.3
1974,Cote d'Ivoire,CIV,1178207291,1402964049
1974,Croatia,HRV,..,..
1974,Cuba,CUB,5038233171,3719910244
1974,Curacao,CUW,..,..
1974,Cyprus,CYP,..,..
1974,Czechia,CZE,..,..
1974,Denmark,DNK,11616217493,10472333426
1974,Djibouti,DJI,..,..
1974,Dominica,DMA,..,..
1974,Dominican Republic,DOM,1023192000,749535909
1974,Ecuador,ECU,1237513769,1494867041
1974,"Egypt, Arab Rep.",EGY,2888427176,1879700810
1974,El Salvador,SLV,680200000,540040000
1974,Equatorial Guinea,GNQ,..,..
1974,Eritrea,ERI,..,..
1974,Estonia,EST,..,..
1974,Eswatini,SWZ,..,..
1974,Ethiopia,ETH,..,..
1974,Faroe Islands,FRO,104480795.4,79722390.85
1974,Fiji,FJI,..,..
1974,Finland,FIN,7338853001,6381402237
1974,France,FRA,63613611566,61397981451
1974,French Polynesia,PYF,..,..
1974,Gabon,GAB,668038560.8,888640846.8
1974,"Gambia, The",GMB,41877707.23,37334614.51
1974,Georgia,GEO,..,..
1974,Germany,DEU,83360334820,81166870985
1974,Ghana,GHA,631055900.6,530434782.6
1974,Gibraltar,GIB,..,..
1974,Greece,GRC,5097863636,3540079545
1974,Greenland,GRL,..,..
1974,Grenada,GRD,..,..
1974,Guam,GUM,..,..
1974,Guatemala,GTM,811400000,708400000
1974,Guinea,GIN,..,..
1974,Guinea-Bissau,GNB,100778080.6,12885646.38
1974,Guyana,GUY,288227272.7,296590909.1
1974,Haiti,HTI,..,..
1974,Honduras,HND,663000000,531200000
1974,"Hong Kong SAR, China",HKG,7683864104,8133821901
1974,Hungary,HUN,..,..
1974,Iceland,ISL,615641820.9,468893446.7
1974,India,IND,5992067751,4808449430
1974,Indonesia,IDN,5526987952,7482168675
1974,"Iran, Islamic Rep.",IRN,11105780994,21889677077
1974,Iraq,IRQ,3636302066,7029800203
1974,Ireland,IRL,4151309151,3009300313
1974,Isle of Man,IMN,..,..
1974,Israel,ISR,6822500000,3690000000
1974,Italy,ITA,44460726407,36967362310
1974,Jamaica,JAM,..,..
1974,Japan,JPN,66503972919,62536307379
1974,Jordan,JOR,..,..
1974,Kazakhstan,KAZ,..,..
1974,Kenya,KEN,1214639514,1000159880
1974,Kiribati,KIR,20382539.31,59432058.2
1974,"Korea, Dem. People's Rep.",PRK,..,..
1974,"Korea, Rep.",KOR,6511196682,4324150591
1974,Kosovo,XKX,..,..
1974,Kuwait,KWT,1800437317,11050618964
1974,Kyrgyz Republic,KGZ,..,..
1974,Lao PDR,LAO,..,..
1974,Latvia,LVA,..,..
1974,Lebanon,LBN,..,..
1974,Lesotho,LSO,116265892.7,20604082.26
1974,Liberia,LBR,..,..
1974,Libya,LBY,..,..
1974,Liechtenstein,LIE,..,..
1974,Lithuania,LTU,..,..
1974,Luxembourg,LUX,2431846520,3300803645
1974,"Macao SAR, China",MAC,..,..
1974,Madagascar,MDG,387473830.4,297715413.7
1974,Malawi,MWI,..,..
1974,Malaysia,MYS,4565307073,4587741014
1974,Maldives,MDV,..,..
1974,Mali,MLI,220186837,68548731.68
1974,Malta,MLT,380144799.5,280712103.7
1974,Marshall Islands,MHL,..,..
1974,Mauritania,MRT,251014221.8,234683631.4
1974,Mauritius,MUS,..,..
1974,Mexico,MEX,7612160000,6054240000
1974,"Micronesia, Fed. Sts.",FSM,..,..
1974,Moldova,MDA,..,..
1974,Monaco,MCO,..,..
1974,Mongolia,MNG,..,..
1974,Montenegro,MNE,..,..
1974,Morocco,MAR,2163914003,2115101331
1974,Mozambique,MOZ,..,..
1974,Myanmar,MMR,..,..
1974,Namibia,NAM,..,..
1974,Nauru,NRU,..,..
1974,Nepal,NPL,128470911,66375047.55
1974,Netherlands,NLD,39595393885,44381674727
1974,New Caledonia,NCL,..,..
1974,New Zealand,NZL,4590457805,2875068946
1974,Nicaragua,NIC,648227312.1,442345369.7
1974,Niger,NER,297302504.7,125912801.2
1974,Nigeria,NGA,..,..
1974,North Macedonia,MKD,..,..
1974,Northern Mariana Islands,MNP,..,..
1974,Norway,NOR,11237070599,10509052837
1974,Oman,OMN,786045165,1213376375
1974,Pakistan,PAK,1535555556,1208080808
1974,Palau,PLW,..,..
1974,Panama,PAN,1806463200,1479040900
1974,Papua New Guinea,PNG,584641851.3,687991232.5
1974,Paraguay,PRY,228810749.5,206802695.1
1974,Peru,PER,2958656331,1956022867
1974,Philippines,PHL,..,..
1974,Poland,POL,..,..
1974,Portugal,PRT,5759928966,3686495659
1974,Puerto Rico (US),PRI,4261500000,3338700000
1974,Qatar,QAT,..,..
1974,Romania,ROU,..,..
1974,Russian Federation,RUS,..,..
1974,Rwanda,RWA,65821689.96,37535558.22
1974,Samoa,WSM,..,..
1974,San Marino,SMR,..,..
1974,Sao Tome and Principe,STP,..,..
1974,Saudi Arabia,SAU,5995492958,28581126761
1974,Senegal,SEN,757849592.6,531016257.2
1974,Serbia,SRB,..,..
1974,Seychelles,SYC,..,..
1974,Sierra Leone,SLE,169499252.4,156290000.4
1974,Singapore,SGP,8589077887,7804712298
1974,Sint Maarten (Dutch part),SXM,..,..
1974,Slovak Republic,SVK,..,..
1974,Slovenia,SVN,..,..
1974,Solomon Islands,SLB,..,..
1974,"Somalia, Fed. Rep.",SOM,186973778.6,81652120.1
1974,South Africa,ZAF,10199020717,9997395055
1974,South Sudan,SSD,..,..
1974,Spain,ESP,18006071532,12838993366
1974,Sri Lanka,LKA,1211729323,944812030.1
1974,St. Kitts and Nevis,KNA,..,..
1974,St. Lucia,LCA,..,..
1974,St. Martin (French part),MAF,..,..
1974,St. Vincent and the Grenadines,VCT,..,..
1974,Sudan,SDN,820505459,503159105.4
1974,Suriname,SUR,..,..
1974,Sweden,SWE,19623805920,19469658738
1974,Switzerland,CHE,23743887826,23422344510
1974,Syrian Arab Republic,SYR,1741126669,1242591990
1974,Tajikistan,TJK,..,..
1974,Tanzania,TZA,..,..
1974,Thailand,THA,3282633712,2958365413
1974,Timor-Leste,TLS,..,..
1974,Togo,TGO,194986227.5,334262104.2
1974,Tonga,TON,..,..
1974,Trinidad and Tobago,TTO,..,..
1974,Tunisia,TUN,1142018016,1254043454
1974,Turkiye,TUR,3992857143,2028571429
1974,Turkmenistan,TKM,..,..
1974,Turks and Caicos Islands,TCA,..,..
1974,Tuvalu,TUV,..,..
1974,Uganda,UGA,315796977.5,308953521.5
1974,Ukraine,UKR,..,..
1974,United Arab Emirates,ARE,..,..
1974,United Kingdom,GBR,65219086022,55864677419
1974,United States,USA,1.27465E+11,1.2665E+11
1974,Uruguay,URY,690867043.6,588256717
1974,Uzbekistan,UZB,..,..
1974,Vanuatu,VUT,..,..
1974,"Venezuela, RB",VEN,4838441860,11207186047
1974,Viet Nam,VNM,..,..
1974,Virgin Islands (U.S.),VIR,..,..
1974,West Bank and Gaza,PSE,..,..
1974,"Yemen, Rep.",YEM,..,..
1974,Zambia,ZMB,..,..
1974,Zimbabwe,ZWE,..,..
1974,Africa Eastern and Southern,AFE,..,..
1974,Africa Western and Central,AFW,..,..
1974,Arab World,ARB,..,..
1974,Caribbean small states,CSS,..,..
1974,Central Europe and the Baltics,CEB,..,..
1974,Early-demographic dividend,EAR,1.04577E+11,1.3702E+11
1974,East Asia & Pacific,EAS,1.41692E+11,1.30957E+11
1974,East Asia & Pacific (excluding high income),EAP,26354333703,26142519154
1974,East Asia & Pacific (IDA & IBRD countries),TEA,26307224066,26109624968
1974,Euro area,EMU,3.2108E+11,3.02747E+11
1974,Europe & Central Asia,ECS,5.19082E+11,4.84305E+11
1974,Europe & Central Asia (excluding high income),ECA,..,..
1974,Europe & Central Asia (IDA & IBRD countries),TEC,..,..
1974,European Union,EUU,3.66936E+11,3.46809E+11
1974,Fragile and conflict affected situations,FCS,..,..
1974,Heavily indebted poor countries (HIPC),HPC,..,10506250581
1974,High income,HIC,8.10449E+11,8.00118E+11
1974,IBRD only,IBD,1.89874E+11,2.03156E+11
1974,IDA & IBRD total,IBT,2.17722E+11,2.25231E+11
1974,IDA blend,IDB,10474915353,..
1974,IDA only,IDX,..,..
1974,IDA total,IDA,..,..
1974,Late-demographic dividend,LTE,1.07104E+11,1.00324E+11
1974,Latin America & Caribbean,LCN,61419080419,55206635760
1974,Latin America & Caribbean (excluding high income),LAC,43418151840,32646181916
1974,Latin America & the Caribbean (IDA & IBRD countries),TLA,50511842228,46898309753
1974,Least developed countries: UN classification,LDC,..,..
1974,Low & middle income,LMY,1.64576E+11,1.59739E+11
1974,Low income,LIC,..,..
1974,Lower middle income,LMC,..,..
1974,"Middle East, North Africa, Afghanistan & Pakistan",MEA,..,..
1974,"Middle East, North Africa, Afghanistan & Pakistan (excluding high income)",MNA,35514581251,50104475190
1974,"Middle East, North Africa, Afghanistan & Pakistan (IDA & IBRD)",TMN,34762172890,49878697039
1974,Middle income,MIC,1.57104E+11,1.54607E+11
1974,North America,NAC,1.6633E+11,1.65507E+11
1974,Not classified,INX,..,..
1974,OECD members,OED,7.40691E+11,6.95204E+11
1974,Other small states,OSS,..,..
1974,Pacific island small states,PSS,..,..
1974,Post-demographic dividend,PST,7.39611E+11,7.00861E+11
1974,Pre-demographic dividend,PRE,..,..
1974,Small states,SST,..,..
1974,South Asia,SAS,8793210368,6372821576
1974,South Asia (IDA & IBRD),TSA,8793210368,6372821576
1974,Sub-Saharan Africa,SSF,..,31472425866
1974,Sub-Saharan Africa (excluding high income),SSA,31474491730,31146857674
1974,Sub-Saharan Africa (IDA & IBRD countries),TSS,..,31472425866
1974,Upper middle income,UMC,1.18976E+11,1.2344E+11
1974,World,WLD,9.80278E+11,9.70146E+11
1975,Afghanistan,AFG,337777777.8,300000006.7
1975,Albania,ALB,..,..
1975,Algeria,DZA,6684546140,5241291935
1975,American Samoa,ASM,..,..
1975,Andorra,AND,..,..
1975,Angola,AGO,..,..
1975,Antigua and Barbuda,ATG,..,..
1975,Argentina,ARG,3135135021,3054054017
1975,Armenia,ARM,..,..
1975,Aruba,ABW,..,..
1975,Australia,AUS,14315171378,13874095316
1975,Austria,AUT,11418676622,11254487635
1975,Azerbaijan,AZE,..,..
1975,"Bahamas, The",BHS,..,..
1975,Bahrain,BHR,..,..
1975,Bangladesh,BGD,1575422623,563045020.3
1975,Barbados,BRB,..,..
1975,Belarus,BLR,..,..
1975,Belgium,BEL,29954319403,30156821323
1975,Belize,BLZ,..,..
1975,Benin,BEN,226162498.4,98337358.6
1975,Bermuda,BMU,..,..
1975,Bhutan,BTN,..,..
1975,Bolivia,BOL,774712643.7,623738130.9
1975,Bosnia and Herzegovina,BIH,..,..
1975,Botswana,BWA,226569557.1,154832672.5
1975,Brazil,BRA,14233481673,9325921437
1975,British Virgin Islands,VGB,..,..
1975,Brunei Darussalam,BRN,273689537.4,1052165479
1975,Bulgaria,BGR,..,..
1975,Burkina Faso,BFA,283412263.6,69071585.05
1975,Burundi,BDI,..,..
1975,Cabo Verde,CPV,..,..
1975,Cambodia,KHM,..,..
1975,Cameroon,CMR,729774049.1,648117760.1
1975,Canada,CAN,41679119151,38302202123
1975,Cayman Islands,CYM,..,..
1975,Central African Republic,CAF,151160965.1,80012173.79
1975,Chad,TCD,223504931.3,124525763.5
1975,Channel Islands,CHI,..,..
1975,Chile,CHL,2025174741,1837775113
1975,China,CHN,8355050000,7974570000
1975,Colombia,COL,1835324549,2071845445
1975,Comoros,COM,..,..
1975,"Congo, Dem. Rep.",COD,..,..
1975,"Congo, Rep.",COG,489004628.3,275298407.1
1975,Costa Rica,CRI,755869311.6,589474912.5
1975,Cote d'Ivoire,CIV,1424552666,1430151941
1975,Croatia,HRV,..,..
1975,Cuba,CUB,5756838293,4251739756
1975,Curacao,CUW,..,..
1975,Cyprus,CYP,277744158.2,173852286.7
1975,Czechia,CZE,..,..
1975,Denmark,DNK,12275876057,11887428561
1975,Djibouti,DJI,..,..
1975,Dominica,DMA,..,..
1975,Dominican Republic,DOM,1160205950,1039406497
1975,Ecuador,ECU,1494854035,1242549181
1975,"Egypt, Arab Rep.",EGY,4134809294,2113327488
1975,El Salvador,SLV,720040000,622640000
1975,Equatorial Guinea,GNQ,..,..
1975,Eritrea,ERI,..,..
1975,Estonia,EST,..,..
1975,Eswatini,SWZ,..,..
1975,Ethiopia,ETH,..,..
1975,Faroe Islands,FRO,113328054.4,80749719.38
1975,Fiji,FJI,..,..
1975,Finland,FIN,8310974624,6523355423
1975,France,FRA,66145785529,70958390699
1975,French Polynesia,PYF,..,..
1975,Gabon,GAB,1033535545,1068531106
1975,"Gambia, The",GMB,50235171.27,51495206.98
1975,Georgia,GEO,..,..
1975,Germany,DEU,92240550918,83906542650
1975,Ghana,GHA,518085106.4,544148936.2
1975,Gibraltar,GIB,..,..
1975,Greece,GRC,5714686504,3962624867
1975,Greenland,GRL,..,..
1975,Grenada,GRD,..,..
1975,Guam,GUM,..,..
1975,Guatemala,GTM,858000000,792000000
1975,Guinea,GIN,..,..
1975,Guinea-Bissau,GNB,73510151.83,14689462.97
1975,Guyana,GUY,370625000,370500000
1975,Haiti,HTI,..,..
1975,Honduras,HND,668550000,558650000
1975,"Hong Kong SAR, China",HKG,7818175150,8380060898
1975,Hungary,HUN,..,..
1975,Iceland,ISL,578989590.1,461359141.2
1975,India,IND,6545472951,5560878503
1975,Indonesia,IDN,6693975904,6868915663
1975,"Iran, Islamic Rep.",IRN,18318369218,21091425211
1975,Iraq,IRQ,5729766339,7042668473
1975,Ireland,IRL,4251090592,3624897213
1975,Isle of Man,IMN,..,..
1975,Israel,ISR,7091666667,3653333333
1975,Italy,ITA,42506699288,42652568209
1975,Jamaica,JAM,..,..
1975,Japan,JPN,64302596002,63986133887
1975,Jordan,JOR,..,..
1975,Kazakhstan,KAZ,..,..
1975,Kenya,KEN,1124851546,972056842.3
1975,Kiribati,KIR,15320649.69,37236653.83
1975,"Korea, Dem. People's Rep.",PRK,..,..
1975,"Korea, Rep.",KOR,6827892562,4908057851
1975,Kosovo,XKX,..,..
1975,Kuwait,KWT,3127241132,9674794850
1975,Kyrgyz Republic,KGZ,..,..
1975,Lao PDR,LAO,..,..
1975,Latvia,LVA,..,..
1975,Lebanon,LBN,..,..
1975,Lesotho,LSO,155508797.7,21636006.64
1975,Liberia,LBR,..,..
1975,Libya,LBY,..,..
1975,Liechtenstein,LIE,..,..
1975,Lithuania,LTU,..,..
1975,Luxembourg,LUX,2582040145,2917697708
1975,"Macao SAR, China",MAC,..,..
1975,Madagascar,MDG,476932068.5,362080610.2
1975,Malawi,MWI,..,..
1975,Malaysia,MYS,4193454364,4235509660
1975,Maldives,MDV,..,..
1975,Mali,MLI,243102500.1,80256489.46
1975,Malta,MLT,409749036,349755774.8
1975,Marshall Islands,MHL,..,..
1975,Mauritania,MRT,293406801.6,214328859
1975,Mauritius,MUS,..,..
1975,Mexico,MEX,8465680000,6067120000
1975,"Micronesia, Fed. Sts.",FSM,..,..
1975,Moldova,MDA,..,..
1975,Monaco,MCO,..,..
1975,Mongolia,MNG,..,..
1975,Montenegro,MNE,..,..
1975,Morocco,MAR,2996086107,2019155151
1975,Mozambique,MOZ,..,..
1975,Myanmar,MMR,..,..
1975,Namibia,NAM,..,..
1975,Nauru,NRU,..,..
1975,Nepal,NPL,210631428.3,140262466.7
1975,Netherlands,NLD,42810922795,48070418264
1975,New Caledonia,NCL,..,..
1975,New Zealand,NZL,3862660944,2971538288
1975,Nicaragua,NIC,584238745.5,443524241.3
1975,Niger,NER,325027641.4,201836608.5
1975,Nigeria,NGA,..,..
1975,North Macedonia,MKD,..,..
1975,Northern Mariana Islands,MNP,..,..
1975,Norway,NOR,13488492223,11586982724
1975,Oman,OMN,1062826288,1416328605
1975,Pakistan,PAK,2324848485,1312525253
1975,Palau,PLW,..,..
1975,Panama,PAN,1968574100,1680181200
1975,Papua New Guinea,PNG,626265720.5,542353706.6
1975,Paraguay,PRY,269849206.3,199642857.1
1975,Peru,PER,3616472288,1788374611
1975,Philippines,PHL,..,..
1975,Poland,POL,..,..
1975,Portugal,PRT,4943349020,3092305882
1975,Puerto Rico (US),PRI,4950700000,3138400000
1975,Qatar,QAT,..,..
1975,Romania,ROU,..,..
1975,Russian Federation,RUS,..,..
1975,Rwanda,RWA,101216675.6,52450643.13
1975,Samoa,WSM,..,..
1975,San Marino,SMR,..,..
1975,Sao Tome and Principe,STP,..,..
1975,Saudi Arabia,SAU,10165134756,34300542527
1975,Senegal,SEN,872642940,609915544.6
1975,Serbia,SRB,..,..
1975,Seychelles,SYC,..,..
1975,Sierra Leone,SLE,234175717,170571070.2
1975,Singapore,SGP,8250441134,7724978456
1975,Sint Maarten (Dutch part),SXM,..,..
1975,Slovak Republic,SVK,..,..
1975,Slovenia,SVN,..,..
1975,Solomon Islands,SLB,..,..
1975,"Somalia, Fed. Rep.",SOM,191088160.1,88594086.74
1975,South Africa,ZAF,11142543421,10231126641
1975,South Sudan,SSD,..,..
1975,Spain,ESP,19179240580,14219846377
1975,Sri Lanka,LKA,1325392297,1042225392
1975,St. Kitts and Nevis,KNA,..,..
1975,St. Lucia,LCA,..,..
1975,St. Martin (French part),MAF,..,..
1975,St. Vincent and the Grenadines,VCT,..,..
1975,Sudan,SDN,1095060313,583285469.8
1975,Suriname,SUR,..,..
1975,Sweden,SWE,21182621020,21363794615
1975,Switzerland,CHE,22549158176,25929539767
1975,Syrian Arab Republic,SYR,2318859794,1461385482
1975,Tajikistan,TJK,..,..
1975,Tanzania,TZA,..,..
1975,Thailand,THA,3419308121,2732924326
1975,Timor-Leste,TLS,..,..
1975,Togo,TGO,398858807.6,241897334.8
1975,Tonga,TON,23020683.34,13435004.58
1975,Trinidad and Tobago,TTO,..,..
1975,Tunisia,TUN,1424924242,1343883540
1975,Turkiye,TUR,5171428571,2035714286
1975,Turkmenistan,TKM,..,..
1975,Turks and Caicos Islands,TCA,..,..
1975,Tuvalu,TUV,..,..
1975,Uganda,UGA,257555555.6,204111111.1
1975,Ukraine,UKR,..,..
1975,United Arab Emirates,ARE,..,..
1975,United Kingdom,GBR,65493940265,62053345133
1975,United States,USA,1.2273E+11,1.38706E+11
1975,Uruguay,URY,717495341,593738352.6
1975,Uzbekistan,UZB,..,..
1975,Vanuatu,VUT,..,..
1975,"Venezuela, RB",VEN,6863837209,9024255814
1975,Viet Nam,VNM,..,..
1975,Virgin Islands (U.S.),VIR,..,..
1975,West Bank and Gaza,PSE,..,..
1975,"Yemen, Rep.",YEM,..,..
1975,Zambia,ZMB,..,..
1975,Zimbabwe,ZWE,1068612734,995633791.8
1975,Africa Eastern and Southern,AFE,..,..
1975,Africa Western and Central,AFW,..,..
1975,Arab World,ARB,..,..
1975,Caribbean small states,CSS,..,..
1975,Central Europe and the Baltics,CEB,..,..
1975,Early-demographic dividend,EAR,1.31697E+11,1.39509E+11
1975,East Asia & Pacific,EAS,1.42364E+11,1.34831E+11
1975,East Asia & Pacific (excluding high income),EAP,28306629650,25463328252
1975,East Asia & Pacific (IDA & IBRD countries),TEA,28256030190,25431288668
1975,Euro area,EMU,3.37638E+11,3.28097E+11
1975,Europe & Central Asia,ECS,5.43163E+11,5.28091E+11
1975,Europe & Central Asia (excluding high income),ECA,..,..
1975,Europe & Central Asia (IDA & IBRD countries),TEC,..,..
1975,European Union,EUU,3.86504E+11,3.767E+11
1975,Fragile and conflict affected situations,FCS,..,..
1975,Heavily indebted poor countries (HIPC),HPC,..,10845818778
1975,High income,HIC,8.34994E+11,8.62036E+11
1975,IBRD only,IBD,2.22386E+11,1.96971E+11
1975,IDA & IBRD total,IBT,2.55887E+11,2.20313E+11
1975,IDA blend,IDB,13148337594,..
1975,IDA only,IDX,..,..
1975,IDA total,IDA,..,..
1975,Late-demographic dividend,LTE,1.12273E+11,99502161121
1975,Latin America & Caribbean,LCN,64427669373,51372442202
1975,Latin America & Caribbean (excluding high income),LAC,44462358597,32357039705
1975,Latin America & the Caribbean (IDA & IBRD countries),TLA,52005839705,42802195680
1975,Least developed countries: UN classification,LDC,..,..
1975,Low & middle income,LMY,1.94361E+11,1.60682E+11
1975,Low income,LIC,..,..
1975,Lower middle income,LMC,..,..
1975,"Middle East, North Africa, Afghanistan & Pakistan",MEA,..,..
1975,"Middle East, North Africa, Afghanistan & Pakistan (excluding high income)",MNA,53804287731,49968303406
1975,"Middle East, North Africa, Afghanistan & Pakistan (IDA & IBRD)",TMN,52664395481,49743138866
1975,Middle income,MIC,1.84947E+11,1.55141E+11
1975,North America,NAC,1.64499E+11,1.77264E+11
1975,Not classified,INX,..,..
1975,OECD members,OED,7.59956E+11,7.4922E+11
1975,Other small states,OSS,..,..
1975,Pacific island small states,PSS,..,..
1975,Post-demographic dividend,PST,7.58456E+11,7.56614E+11
1975,Pre-demographic dividend,PRE,..,..
1975,Small states,SST,..,..
1975,South Asia,SAS,9842829022,7411179605
1975,South Asia (IDA & IBRD),TSA,9842829022,7411179605
1975,Sub-Saharan Africa,SSF,..,32699281114
1975,Sub-Saharan Africa (excluding high income),SSA,36061158509,32361021653
1975,Sub-Saharan Africa (IDA & IBRD countries),TSS,..,32699281114
1975,Upper middle income,UMC,1.39073E+11,1.22403E+11
1975,World,WLD,1.03307E+12,1.03206E+12
1976,Afghanistan,AFG,380000006.7,337777777.8
1976,Albania,ALB,..,..
1976,Algeria,DZA,6580487773,5859996277
1976,American Samoa,ASM,..,..
1976,Andorra,AND,..,..
1976,Angola,AGO,..,..
1976,Antigua and Barbuda,ATG,..,..
1976,Argentina,ARG,3030000057,4695000304
1976,Armenia,ARM,..,..
1976,Aruba,ABW,..,..
1976,Australia,AUS,14038081937,14184298827
1976,Austria,AUT,13387942778,12352077932
1976,Azerbaijan,AZE,..,..
1976,"Bahamas, The",BHS,..,..
1976,Bahrain,BHR,..,..
1976,Bangladesh,BGD,1784273650,480166471.4
1976,Barbados,BRB,..,..
1976,Belarus,BLR,..,..
1976,Belgium,BEL,34320538140,34528907001
1976,Belize,BLZ,..,..
1976,Benin,BEN,216705687.2,90731937.55
1976,Bermuda,BMU,..,..
1976,Bhutan,BTN,..,..
1976,Bolivia,BOL,816491754.1,756121939
1976,Bosnia and Herzegovina,BIH,..,..
1976,Botswana,BWA,246732561.7,187450046.9
1976,Brazil,BRA,14401534168,10741988183
1976,British Virgin Islands,VGB,..,..
1976,Brunei Darussalam,BRN,259830454.6,1332744061
1976,Bulgaria,BGR,..,..
1976,Burkina Faso,BFA,263748239.8,80128162.03
1976,Burundi,BDI,..,..
1976,Cabo Verde,CPV,..,..
1976,Cambodia,KHM,..,..
1976,Cameroon,CMR,793051292.9,656202835.9
1976,Canada,CAN,46807302231,44942190669
1976,Cayman Islands,CYM,..,..
1976,Central African Republic,CAF,132307726.5,100096593.2
1976,Chad,TCD,228499255.6,139294049.8
1976,Channel Islands,CHI,..,..
1976,Chile,CHL,2099453727,2475236058
1976,China,CHN,7349809000,7440600000
1976,Colombia,COL,2131690445,2615131863
1976,Comoros,COM,..,..
1976,"Congo, Dem. Rep.",COD,..,..
1976,"Congo, Rep.",COG,502196074.1,304665660.2
1976,Costa Rica,CRI,842240373.4,697444574.1
1976,Cote d'Ivoire,CIV,1689889783,1946009811
1976,Croatia,HRV,..,..
1976,Cuba,CUB,6093814738,4499232765
1976,Curacao,CUW,..,..
1976,Cyprus,CYP,360768050.1,286578511.6
1976,Czechia,CZE,..,..
1976,Denmark,DNK,14607323077,12587275103
1976,Djibouti,DJI,..,..
1976,Dominica,DMA,..,..
1976,Dominican Republic,DOM,1152879210,880982316
1976,Ecuador,ECU,1634569959,1457947357
1976,"Egypt, Arab Rep.",EGY,3717576961,2285998014
1976,El Salvador,SLV,857200000,827560000
1976,Equatorial Guinea,GNQ,..,..
1976,Eritrea,ERI,..,..
1976,Estonia,EST,..,..
1976,Eswatini,SWZ,..,..
1976,Ethiopia,ETH,..,..
1976,Faroe Islands,FRO,130603264.7,104449526.7
1976,Fiji,FJI,..,..
1976,Finland,FIN,8192029543,7499615325
1976,France,FRA,77268779022,75121414914
1976,French Polynesia,PYF,..,..
1976,Gabon,GAB,1387316655,1371832276
1976,"Gambia, The",GMB,52005932.59,46062022.59
1976,Georgia,GEO,..,..
1976,Germany,DEU,1.05524E+11,93878705142
1976,Ghana,GHA,443644067.8,434322033.9
1976,Gibraltar,GIB,..,..
1976,Greece,GRC,6137434701,4299095149
1976,Greenland,GRL,..,..
1976,Grenada,GRD,..,..
1976,Guam,GUM,..,..
1976,Guatemala,GTM,1204100000,941700000
1976,Guinea,GIN,..,..
1976,Guinea-Bissau,GNB,81613742.38,15403961.69
1976,Guyana,GUY,413560000,300280000
1976,Haiti,HTI,..,..
1976,Honduras,HND,748700000,717650000
1976,"Hong Kong SAR, China",HKG,10141697929,11516881422
1976,Hungary,HUN,..,..
1976,Iceland,ISL,563608168.2,568047977.2
1976,India,IND,6280792834,6868148773
1976,Indonesia,IDN,7764096386,8264096386
1976,"Iran, Islamic Rep.",IRN,19212061650,25319975896
1976,Iraq,IRQ,6376227565,10185912631
1976,Ireland,IRL,4710653835,3914804699
1976,Isle of Man,IMN,..,..
1976,Israel,ISR,6588750000,4155000000
1976,Italy,ITA,47521970226,45043912538
1976,Jamaica,JAM,..,..
1976,Japan,JPN,72270446349,76182443149
1976,Jordan,JOR,1363021601,553341586.8
1976,Kazakhstan,KAZ,..,..
1976,Kenya,KEN,1103363095,1127505380
1976,Kiribati,KIR,14677055.89,23186326.51
1976,"Korea, Dem. People's Rep.",PRK,..,..
1976,"Korea, Rep.",KOR,8480785124,7605165289
1976,Kosovo,XKX,..,..
1976,Kuwait,KWT,4275155872,10234380804
1976,Kyrgyz Republic,KGZ,..,..
1976,Lao PDR,LAO,..,..
1976,Latvia,LVA,..,..
1976,Lebanon,LBN,..,..
1976,Lesotho,LSO,204700051.2,26450006.61
1976,Liberia,LBR,..,..
1976,Libya,LBY,..,..
1976,Liechtenstein,LIE,..,..
1976,Lithuania,LTU,..,..
1976,Luxembourg,LUX,2642274817,3047749216
1976,"Macao SAR, China",MAC,..,..
1976,Madagascar,MDG,382361664.3,330849218.7
1976,Malawi,MWI,..,..
1976,Malaysia,MYS,4571968169,5726370459
1976,Maldives,MDV,..,..
1976,Mali,MLI,197530464.2,103368693.2
1976,Malta,MLT,456620115.1,398139351.7
1976,Marshall Islands,MHL,..,..
1976,Mauritania,MRT,416962601.4,233122598.3
1976,Mauritius,MUS,405895360.7,357403437.1
1976,Mexico,MEX,8769603267,7545416829
1976,"Micronesia, Fed. Sts.",FSM,..,..
1976,Moldova,MDA,..,..
1976,Monaco,MCO,..,..
1976,Mongolia,MNG,..,..
1976,Montenegro,MNE,..,..
1976,Morocco,MAR,3520253831,1717031972
1976,Mozambique,MOZ,..,..
1976,Myanmar,MMR,..,..
1976,Namibia,NAM,..,..
1976,Nauru,NRU,..,..
1976,Nepal,NPL,205966282.2,156521017.2
1976,Netherlands,NLD,47989441574,53523223871
1976,New Caledonia,NCL,..,..
1976,New Zealand,NZL,3980904131,3630163679
1976,Nicaragua,NIC,584906471.6,606080024.8
1976,Niger,NER,365532146.6,237000515.3
1976,Nigeria,NGA,..,..
1976,North Macedonia,MKD,..,..
1976,Northern Mariana Islands,MNP,..,..
1976,Norway,NOR,15656922936,12652982681
1976,Oman,OMN,1176896642,1595830921
1976,Pakistan,PAK,2409494949,1402121212
1976,Palau,PLW,..,..
1976,Panama,PAN,1920906000,1626595600
1976,Papua New Guinea,PNG,616543496.7,631553328.9
1976,Paraguay,PRY,306468254,249071428.6
1976,Peru,PER,3176349370,1892130904
1976,Philippines,PHL,..,..
1976,Poland,POL,..,..
1976,Portugal,PRT,4891100796,2777320955
1976,Puerto Rico (US),PRI,5431800000,3346200000
1976,Qatar,QAT,..,..
1976,Romania,ROU,..,..
1976,Russian Federation,RUS,..,..
1976,Rwanda,RWA,123695595.2,92977837.14
1976,Samoa,WSM,..,..
1976,San Marino,SMR,..,..
1976,Sao Tome and Principe,STP,..,..
1976,Saudi Arabia,SAU,15522379603,38230311615
1976,Senegal,SEN,936697269.6,616306340.8
1976,Serbia,SRB,..,..
1976,Seychelles,SYC,39173012.97,8673003.739
1976,Sierra Leone,SLE,172082240,128140613.2
1976,Singapore,SGP,9896765487,9457765782
1976,Sint Maarten (Dutch part),SXM,..,..
1976,Slovak Republic,SVK,..,..
1976,Slovenia,SVN,..,..
1976,Solomon Islands,SLB,..,..
1976,"Somalia, Fed. Rep.",SOM,192486095,81000763.78
1976,South Africa,ZAF,10274102569,9840552460
1976,South Sudan,SSD,..,..
1976,Spain,ESP,20751158916,14908642129
1976,Sri Lanka,LKA,1126991677,1043162901
1976,St. Kitts and Nevis,KNA,..,..
1976,St. Lucia,LCA,..,..
1976,St. Martin (French part),MAF,..,..
1976,St. Vincent and the Grenadines,VCT,..,..
1976,Sudan,SDN,1151062611,674899485
1976,Suriname,SUR,..,..
1976,Sweden,SWE,23627331206,22620156569
1976,Switzerland,CHE,25019703153,29008980637
1976,Syrian Arab Republic,SYR,2617783266,1490583513
1976,Tajikistan,TJK,..,..
1976,Tanzania,TZA,..,..
1976,Thailand,THA,3856500136,3436992450
1976,Timor-Leste,TLS,..,..
1976,Togo,TGO,365145882,278511973.3
1976,Tonga,TON,17009776.37,8090553.587
1976,Trinidad and Tobago,TTO,..,..
1976,Tunisia,TUN,1533438283,1311177191
1976,Turkiye,TUR,5487500000,2500000000
1976,Turkmenistan,TKM,..,..
1976,Turks and Caicos Islands,TCA,..,..
1976,Tuvalu,TUV,..,..
1976,Uganda,UGA,235100000,278700000
1976,Ukraine,UKR,..,..
1976,United Arab Emirates,ARE,..,..
1976,United Kingdom,GBR,67727417790,65841913747
1976,United States,USA,1.51146E+11,1.49515E+11
1976,Uruguay,URY,736320969,717274791.8
1976,Uzbekistan,UZB,..,..
1976,Vanuatu,VUT,..,..
1976,"Venezuela, RB",VEN,9069255814,9339325581
1976,Viet Nam,VNM,..,..
1976,Virgin Islands (U.S.),VIR,..,..
1976,West Bank and Gaza,PSE,..,..
1976,"Yemen, Rep.",YEM,..,..
1976,Zambia,ZMB,..,..
1976,Zimbabwe,ZWE,846707691.9,948809396.4
1976,Africa Eastern and Southern,AFE,..,..
1976,Africa Western and Central,AFW,..,..
1976,Arab World,ARB,..,..
1976,Caribbean small states,CSS,..,..
1976,Central Europe and the Baltics,CEB,..,..
1976,Early-demographic dividend,EAR,1.41729E+11,1.58432E+11
1976,East Asia & Pacific,EAS,1.59232E+11,1.62357E+11
1976,East Asia & Pacific (excluding high income),EAP,29355348567,29015979267
1976,East Asia & Pacific (IDA & IBRD countries),TEA,29302874471,28979469511
1976,Euro area,EMU,3.81952E+11,3.58389E+11
1976,Europe & Central Asia,ECS,6.06943E+11,5.74499E+11
1976,Europe & Central Asia (excluding high income),ECA,..,..
1976,Europe & Central Asia (IDA & IBRD countries),TEC,..,..
1976,European Union,EUU,4.3764E+11,4.10298E+11
1976,Fragile and conflict affected situations,FCS,..,..
1976,Heavily indebted poor countries (HIPC),HPC,..,12315787949
1976,High income,HIC,9.54078E+11,9.55976E+11
1976,IBRD only,IBD,2.3119E+11,2.2892E+11
1976,IDA & IBRD total,IBT,2.65661E+11,2.54139E+11
1976,IDA blend,IDB,13440981907,..
1976,IDA only,IDX,..,..
1976,IDA total,IDA,..,..
1976,Late-demographic dividend,LTE,1.18645E+11,1.10294E+11
1976,Latin America & Caribbean,LCN,68843310184,59302806464
1976,Latin America & Caribbean (excluding high income),LAC,45824518790,38756399967
1976,Latin America & the Caribbean (IDA & IBRD countries),TLA,55483432480,50109430481
1976,Least developed countries: UN classification,LDC,..,..
1976,Low & middle income,LMY,1.99472E+11,1.86248E+11
1976,Low income,LIC,..,..
1976,Lower middle income,LMC,46547585532,..
1976,"Middle East, North Africa, Afghanistan & Pakistan",MEA,99055681766,..
1976,"Middle East, North Africa, Afghanistan & Pakistan (excluding high income)",MNA,56329014714,59484968824
1976,"Middle East, North Africa, Afghanistan & Pakistan (IDA & IBRD)",TMN,55135633852,59216920786
1976,Middle income,MIC,1.89809E+11,1.80236E+11
1976,North America,NAC,1.98061E+11,1.94739E+11
1976,Not classified,INX,..,..
1976,OECD members,OED,8.60468E+11,8.27445E+11
1976,Other small states,OSS,..,..
1976,Pacific island small states,PSS,..,..
1976,Post-demographic dividend,PST,8.63285E+11,8.36639E+11
1976,Pre-demographic dividend,PRE,..,..
1976,Small states,SST,..,..
1976,South Asia,SAS,9578950064,8670570782
1976,South Asia (IDA & IBRD),TSA,9578950064,8670570782
1976,Sub-Saharan Africa,SSF,36095897621,34003649159
1976,Sub-Saharan Africa (excluding high income),SSA,35437522837,33651896593
1976,Sub-Saharan Africa (IDA & IBRD countries),TSS,36095897621,34003649159
1976,Upper middle income,UMC,1.43206E+11,1.43813E+11
1976,World,WLD,1.16249E+12,1.15074E+12
1977,Afghanistan,AFG,437777795.6,344444451.1
1977,Albania,ALB,..,..
1977,Algeria,DZA,8753826797,6414649589
1977,American Samoa,ASM,..,..
1977,Andorra,AND,..,..
1977,Angola,AGO,..,..
1977,Antigua and Barbuda,ATG,..,..
1977,Argentina,ARG,4159999873,5459999881
1977,Armenia,ARM,..,..
1977,Aruba,ABW,..,..
1977,Australia,AUS,16144757972,15449644414
1977,Austria,AUT,16661466156,14409079177
1977,Azerbaijan,AZE,..,..
1977,"Bahamas, The",BHS,471600000,589300000
1977,Bahrain,BHR,..,..
1977,Bangladesh,BGD,1194951862,679513484.2
1977,Barbados,BRB,..,..
1977,Belarus,BLR,..,..
1977,Belgium,BEL,39904208216,39354961171
1977,Belize,BLZ,..,..
1977,Benin,BEN,260873185.3,121349823.3
1977,Bermuda,BMU,..,..
1977,Bhutan,BTN,..,..
1977,Bolivia,BOL,956771614.2,864117941
1977,Bosnia and Herzegovina,BIH,..,..
1977,Botswana,BWA,313019620.9,229880279.3
1977,Brazil,BRA,13948797700,12776590679
1977,British Virgin Islands,VGB,..,..
1977,Brunei Darussalam,BRN,278757071.4,1639747479
1977,Bulgaria,BGR,..,..
1977,Burkina Faso,BFA,344381808.8,90048519.15
1977,Burundi,BDI,..,..
1977,Cabo Verde,CPV,..,..
1977,Cambodia,KHM,..,..
1977,Cameroon,CMR,943911998.7,850701204.3
1977,Canada,CAN,48954395863,48202162670
1977,Cayman Islands,CYM,..,..
1977,Central African Republic,CAF,174129612.9,127861442.6
1977,Chad,TCD,265386205.9,143615634
1977,Channel Islands,CHI,..,..
1977,Chile,CHL,3075423107,2755061055
1977,China,CHN,8060398000,8271070000
1977,Colombia,COL,2569926742,3283905564
1977,Comoros,COM,..,..
1977,"Congo, Dem. Rep.",COD,..,..
1977,"Congo, Rep.",COG,499430789.3,348827333
1977,Costa Rica,CRI,1116359393,948424737.5
1977,Cote d'Ivoire,CIV,2276134495,2670550588
1977,Croatia,HRV,..,..
1977,Cuba,CUB,6276949157,4635330843
1977,Curacao,CUW,..,..
1977,Cyprus,CYP,497964859.8,351371839
1977,Czechia,CZE,..,..
1977,Denmark,DNK,15893622568,14117650586
1977,Djibouti,DJI,..,..
1977,Dominica,DMA,..,..
1977,Dominican Republic,DOM,1297114920,966710293
1977,Ecuador,ECU,2000105050,1797611056
1977,"Egypt, Arab Rep.",EGY,4516926855,3108577443
1977,El Salvador,SLV,1102320000,1122680000
1977,Equatorial Guinea,GNQ,..,..
1977,Eritrea,ERI,..,..
1977,Estonia,EST,..,..
1977,Eswatini,SWZ,..,..
1977,Ethiopia,ETH,..,..
1977,Faroe Islands,FRO,151702627.5,143590276.6
1977,Fiji,FJI,..,..
1977,Finland,FIN,8555407998,8995130589
1977,France,FRA,85644958545,86513238834
1977,French Polynesia,PYF,..,..
1977,Gabon,GAB,1440086498,1449448281
1977,"Gambia, The",GMB,65617860.12,50729191.52
1977,Georgia,GEO,..,..
1977,Germany,DEU,1.2087E+11,1.07912E+11
1977,Ghana,GHA,368285714.3,334857142.9
1977,Gibraltar,GIB,..,..
1977,Greece,GRC,7076234968,4968001850
1977,Greenland,GRL,..,..
1977,Grenada,GRD,..,..
1977,Guam,GUM,..,..
1977,Guatemala,GTM,1439000100,1340300000
1977,Guinea,GIN,..,..
1977,Guinea-Bissau,GNB,97438673.16,27808006.98
1977,Guyana,GUY,354360000,284360000
1977,Haiti,HTI,..,..
1977,Honduras,HND,933750000,911750000
1977,"Hong Kong SAR, China",HKG,12077005577,13104032604
1977,Hungary,HUN,..,..
1977,Iceland,ISL,735436717.5,716305626.8
1977,India,IND,7611052224,7754701054
1977,Indonesia,IDN,9198072289,10760963855
1977,"Iran, Islamic Rep.",IRN,23448812229,24821052417
1977,Iraq,IRQ,8100575686,11148662377
1977,Ireland,IRL,6049699134,4973657096
1977,Isle of Man,IMN,..,..
1977,Israel,ISR,7348000000,5514000000
1977,Italy,ITA,52626622778,55073254334
1977,Jamaica,JAM,..,..
1977,Japan,JPN,79894824196,90568192250
1977,Jordan,JOR,1738406825,694573097.2
1977,Kazakhstan,KAZ,..,..
1977,Kenya,KEN,1419913416,1571183974
1977,Kiribati,KIR,14801097.77,21620602.67
1977,"Korea, Dem. People's Rep.",PRK,..,..
1977,"Korea, Rep.",KOR,10721900826,9969834711
1977,Kosovo,XKX,..,..
1977,Kuwait,KWT,6141691617,10182645883
1977,Kyrgyz Republic,KGZ,..,..
1977,Lao PDR,LAO,..,..
1977,Latvia,LVA,..,..
1977,Lebanon,LBN,..,..
1977,Lesotho,LSO,217350054.3,23000005.75
1977,Liberia,LBR,..,..
1977,Libya,LBY,..,..
1977,Liechtenstein,LIE,..,..
1977,Lithuania,LTU,..,..
1977,Luxembourg,LUX,2941575689,3324898143
1977,"Macao SAR, China",MAC,..,..
1977,Madagascar,MDG,472941273.9,387925899.2
1977,Malawi,MWI,..,..
1977,Malaysia,MYS,5601956378,6588433756
1977,Maldives,MDV,..,..
1977,Mali,MLI,205552206.7,133914203.9
1977,Malta,MLT,565691419.1,481207177.7
1977,Marshall Islands,MHL,..,..
1977,Mauritania,MRT,406019478.5,207623938.8
1977,Mauritius,MUS,489609384,401979141.9
1977,Mexico,MEX,8373206929,8452576086
1977,"Micronesia, Fed. Sts.",FSM,..,..
1977,Moldova,MDA,..,..
1977,Monaco,MCO,..,..
1977,Mongolia,MNG,..,..
1977,Montenegro,MNE,..,..
1977,Morocco,MAR,4123911421,1866967362
1977,Mozambique,MOZ,..,..
1977,Myanmar,MMR,..,..
1977,Namibia,NAM,..,..
1977,Nauru,NRU,..,..
1977,Nepal,NPL,197919992,162959992
1977,Netherlands,NLD,55216125528,58924320733
1977,New Caledonia,NCL,..,..
1977,New Zealand,NZL,4286560679,4038708403
1977,Nicaragua,NIC,833487995.3,714673957.1
1977,Niger,NER,378778449.4,253675833.2
1977,Nigeria,NGA,..,..
1977,North Macedonia,MKD,..,..
1977,Northern Mariana Islands,MNP,..,..
1977,Norway,NOR,17703766319,13926176388
1977,Oman,OMN,1207295599,1598147076
1977,Pakistan,PAK,2701111111,1413232323
1977,Palau,PLW,..,..
1977,Panama,PAN,1963649700,1788323200
1977,Papua New Guinea,PNG,759153306.5,737925317.9
1977,Paraguay,PRY,469507936.5,407007936.5
1977,Peru,PER,3217196370,2250793523
1977,Philippines,PHL,..,..
1977,Poland,POL,..,..
1977,Portugal,PRT,5594295443,3094730225
1977,Puerto Rico (US),PRI,6108100000,4479900000
1977,Qatar,QAT,..,..
1977,Romania,ROU,..,..
1977,Russian Federation,RUS,..,..
1977,Rwanda,RWA,131859990,106530363.2
1977,Samoa,WSM,..,..
1977,San Marino,SMR,..,..
1977,Sao Tome and Principe,STP,..,..
1977,Saudi Arabia,SAU,24156717678,42599781848
1977,Senegal,SEN,1126395026,752595833
1977,Serbia,SRB,..,..
1977,Seychelles,SYC,45757618.06,11089068.81
1977,Sierra Leone,SLE,184910597.5,136415176.6
1977,Singapore,SGP,10869354055,10772340942
1977,Sint Maarten (Dutch part),SXM,..,..
1977,Slovak Republic,SVK,..,..
1977,Slovenia,SVN,..,..
1977,Solomon Islands,SLB,..,..
1977,"Somalia, Fed. Rep.",SOM,295217382,101014492.8
1977,South Africa,ZAF,9939452485,11914002979
1977,South Sudan,SSD,..,..
1977,Spain,ESP,21074790800,17570821468
1977,Sri Lanka,LKA,1237767756,1387936866
1977,St. Kitts and Nevis,KNA,..,..
1977,St. Lucia,LCA,..,..
1977,St. Martin (French part),MAF,..,..
1977,St. Vincent and the Grenadines,VCT,..,..
1977,Sudan,SDN,1246962411,703031778.7
1977,Suriname,SUR,..,..
1977,Sweden,SWE,24746102062,23692379061
1977,Switzerland,CHE,30058298315,33802401914
1977,Syrian Arab Republic,SYR,3129344729,1398290598
1977,Tajikistan,TJK,..,..
1977,Tanzania,TZA,..,..
1977,Thailand,THA,5019533480,3947627127
1977,Timor-Leste,TLS,..,..
1977,Togo,TGO,498214852.3,292684965.5
1977,Tonga,TON,19519960.08,11561654.47
1977,Trinidad and Tobago,TTO,..,..
1977,Tunisia,TUN,1942191142,1511421911
1977,Turkiye,TUR,6283333333,2238888889
1977,Turkmenistan,TKM,..,..
1977,Turks and Caicos Islands,TCA,..,..
1977,Tuvalu,TUV,..,..
1977,Uganda,UGA,229000000,268764705.9
1977,Ukraine,UKR,..,..
1977,United Arab Emirates,ARE,..,..
1977,United Kingdom,GBR,76156548055,78871843712
1977,United States,USA,1.82443E+11,1.59349E+11
1977,Uruguay,URY,932324246.8,818672883.8
1977,Uzbekistan,UZB,..,..
1977,Vanuatu,VUT,..,..
1977,"Venezuela, RB",VEN,12692465116,9811906977
1977,Viet Nam,VNM,..,..
1977,Virgin Islands (U.S.),VIR,..,..
1977,West Bank and Gaza,PSE,..,..
1977,"Yemen, Rep.",YEM,..,..
1977,Zambia,ZMB,..,..
1977,Zimbabwe,ZWE,882823922.7,934237560.1
1977,Africa Eastern and Southern,AFE,..,..
1977,Africa Western and Central,AFW,..,..
1977,Arab World,ARB,..,..
1977,Caribbean small states,CSS,..,..
1977,Central Europe and the Baltics,CEB,..,..
1977,Early-demographic dividend,EAR,1.71668E+11,1.76805E+11
1977,East Asia & Pacific,EAS,1.81116E+11,1.91349E+11
1977,East Asia & Pacific (excluding high income),EAP,34795272743,34480650005
1977,East Asia & Pacific (IDA & IBRD countries),TEA,34733074521,34437264251
1977,Euro area,EMU,4.321E+11,4.13809E+11
1977,Europe & Central Asia,ECS,6.85242E+11,6.62233E+11
1977,Europe & Central Asia (excluding high income),ECA,..,..
1977,Europe & Central Asia (IDA & IBRD countries),TEC,..,..
1977,European Union,EUU,4.92324E+11,4.7073E+11
1977,Fragile and conflict affected situations,FCS,..,..
1977,Heavily indebted poor countries (HIPC),HPC,..,14428227207
1977,High income,HIC,1.09455E+12,1.08595E+12
1977,IBRD only,IBD,2.69948E+11,2.57043E+11
1977,IDA & IBRD total,IBT,3.08737E+11,2.86256E+11
1977,IDA blend,IDB,16009280842,..
1977,IDA only,IDX,..,..
1977,IDA total,IDA,..,..
1977,Late-demographic dividend,LTE,1.37946E+11,1.26742E+11
1977,Latin America & Caribbean,LCN,77681535322,68618109692
1977,Latin America & Caribbean (excluding high income),LAC,48548814797,45370819649
1977,Latin America & the Caribbean (IDA & IBRD countries),TLA,63245003015,57942417396
1977,Least developed countries: UN classification,LDC,..,..
1977,Low & middle income,LMY,2.27427E+11,2.1008E+11
1977,Low income,LIC,..,..
1977,Lower middle income,LMC,54266753009,..
1977,"Middle East, North Africa, Afghanistan & Pakistan",MEA,1.28593E+11,..
1977,"Middle East, North Africa, Afghanistan & Pakistan (excluding high income)",MNA,69531630949,62146561953
1977,"Middle East, North Africa, Afghanistan & Pakistan (IDA & IBRD)",TMN,68058540781,61866520384
1977,Middle income,MIC,2.16097E+11,2.03823E+11
1977,North America,NAC,2.31524E+11,2.07851E+11
1977,Not classified,INX,..,..
1977,OECD members,OED,9.78375E+11,9.40589E+11
1977,Other small states,OSS,..,..
1977,Pacific island small states,PSS,..,..
1977,Post-demographic dividend,PST,9.81035E+11,9.49512E+11
1977,Pre-demographic dividend,PRE,..,..
1977,Small states,SST,..,..
1977,South Asia,SAS,10438859278,10128290081
1977,South Asia (IDA & IBRD),TSA,10438859278,10128290081
1977,Sub-Saharan Africa,SSF,38819055724,40413421390
1977,Sub-Saharan Africa (excluding high income),SSA,38105517933,39994094330
1977,Sub-Saharan Africa (IDA & IBRD countries),TSS,38819055724,40413421390
1977,Upper middle income,UMC,1.61967E+11,1.60855E+11
1977,World,WLD,1.33497E+12,1.30501E+12
1978,Afghanistan,AFG,457777788.9,357777771.1
1978,Albania,ALB,..,..
1978,Algeria,DZA,10590281903,6732393454
1978,American Samoa,ASM,..,..
1978,Andorra,AND,..,..
1978,Angola,AGO,..,..
1978,Antigua and Barbuda,ATG,..,..
1978,Argentina,ARG,5089538172,7665724160
1978,Armenia,ARM,..,..
1978,Aruba,ABW,..,..
1978,Australia,AUS,17265414582,16122883554
1978,Austria,AUT,18958762437,18066572539
1978,Azerbaijan,AZE,..,..
1978,"Bahamas, The",BHS,562000000,688100000
1978,Bahrain,BHR,..,..
1978,Bangladesh,BGD,2056130688,738155879.6
1978,Barbados,BRB,..,..
1978,Belarus,BLR,..,..
1978,Belgium,BEL,47131229666,46332075061
1978,Belize,BLZ,..,..
1978,Benin,BEN,320872361.6,153492202.7
1978,Bermuda,BMU,..,..
1978,Bhutan,BTN,..,..
1978,Bolivia,BOL,1131534233,849175412.3
1978,Bosnia and Herzegovina,BIH,..,..
1978,Botswana,BWA,404573045.9,307369254.9
1978,Brazil,BRA,15791774011,13404621905
1978,British Virgin Islands,VGB,..,..
1978,Brunei Darussalam,BRN,280999549.3,1844746650
1978,Bulgaria,BGR,..,..
1978,Burkina Faso,BFA,409486698,110202772.5
1978,Burundi,BDI,..,..
1978,Cabo Verde,CPV,..,..
1978,Cambodia,KHM,..,..
1978,Cameroon,CMR,1311288739,1103007002
1978,Canada,CAN,53336547734,53813447883
1978,Cayman Islands,CYM,..,..
1978,Central African Republic,CAF,206899211.5,142999455
1978,Chad,TCD,311536381.1,182936219.3
1978,Channel Islands,CHI,..,..
1978,Chile,CHL,3783299653,3169461902
1978,China,CHN,12261700000,10801140000
1978,Colombia,COL,3210026858,3867783604
1978,Comoros,COM,..,..
1978,"Congo, Dem. Rep.",COD,..,..
1978,"Congo, Rep.",COG,536657900.2,384211648.7
1978,Costa Rica,CRI,1269463244,992882147
1978,Cote d'Ivoire,CIV,2957601065,2885367253
1978,Croatia,HRV,..,..
1978,Cuba,CUB,7878465455,5819724675
1978,Curacao,CUW,..,..
1978,Cyprus,CYP,606583587.9,408068713.2
1978,Czechia,CZE,..,..
1978,Denmark,DNK,17888293983,16550378631
1978,Djibouti,DJI,..,..
1978,Dominica,DMA,..,..
1978,Dominican Republic,DOM,1395042000,882809470
1978,Ecuador,ECU,2213274158,1756420325
1978,"Egypt, Arab Rep.",EGY,5026531231,2947998787
1978,El Salvador,SLV,1236480000,946719900
1978,Equatorial Guinea,GNQ,..,..
1978,Eritrea,ERI,..,..
1978,Estonia,EST,..,..
1978,Eswatini,SWZ,..,..
1978,Ethiopia,ETH,..,..
1978,Faroe Islands,FRO,178797289,140499127.3
1978,Fiji,FJI,..,..
1978,Finland,FIN,8979061372,10101083032
1978,France,FRA,99531104651,1.06772E+11
1978,French Polynesia,PYF,..,..
1978,Gabon,GAB,1121176290,1475698437
1978,"Gambia, The",GMB,102907354.4,57875483.34
1978,Georgia,GEO,..,..
1978,Germany,DEU,1.44747E+11,1.30526E+11
1978,Ghana,GHA,354799301.9,306108202.4
1978,Gibraltar,GIB,..,..
1978,Greece,GRC,8158051948,5937115028
1978,Greenland,GRL,..,..
1978,Grenada,GRD,..,..
1978,Guam,GUM,..,..
1978,Guatemala,GTM,1655000100,1303700000
1978,Guinea,GIN,..,..
1978,Guinea-Bissau,GNB,114964909.2,24664099.42
1978,Guyana,GUY,319960000,319880000
1978,Haiti,HTI,..,..
1978,Honduras,HND,1137500000,1108300000
1978,"Hong Kong SAR, China",HKG,15489145578,15674897468
1978,Hungary,HUN,..,..
1978,Iceland,ISL,832986610.6,903769318.7
1978,India,IND,9045733047,8670401540
1978,Indonesia,IDN,10727293584,11251894888
1978,"Iran, Islamic Rep.",IRN,17330359279,18308804923
1978,Iraq,IRQ,7520487640,13467998645
1978,Ireland,IRL,8058103292,6547731803
1978,Isle of Man,IMN,..,..
1978,Israel,ISR,8833529412,6385882353
1978,Italy,ITA,61718133698,68300727812
1978,Jamaica,JAM,..,..
1978,Japan,JPN,91906326826,1.08052E+11
1978,Jordan,JOR,2077382413,870674846.6
1978,Kazakhstan,KAZ,..,..
1978,Kenya,KEN,2051910224,1534663245
1978,Kiribati,KIR,20888012.37,24822041.55
1978,"Korea, Dem. People's Rep.",PRK,..,..
1978,"Korea, Rep.",KOR,15192975207,12936570248
1978,Kosovo,XKX,..,..
1978,Kuwait,KWT,6180627006,10936074138
1978,Kyrgyz Republic,KGZ,..,..
1978,Lao PDR,LAO,..,..
1978,Latvia,LVA,..,..
1978,Lebanon,LBN,..,..
1978,Lesotho,LSO,241500060.4,46000011.5
1978,Liberia,LBR,..,..
1978,Libya,LBY,..,..
1978,Liechtenstein,LIE,..,..
1978,Lithuania,LTU,..,..
1978,Luxembourg,LUX,3644990393,3993266299
1978,"Macao SAR, China",MAC,..,..
1978,Madagascar,MDG,642273689.9,457890722.6
1978,Malawi,MWI,..,..
1978,Malaysia,MYS,7114292401,8024465878
1978,Maldives,MDV,..,..
1978,Mali,MLI,364714669.1,141808858.9
1978,Malta,MLT,639161770.8,583774793.9
1978,Marshall Islands,MHL,..,..
1978,Mauritania,MRT,360360615.7,212820785.5
1978,Mauritius,MUS,564148119.3,438890038.2
1978,Mexico,MEX,11332164976,10748302367
1978,"Micronesia, Fed. Sts.",FSM,..,..
1978,Moldova,MDA,..,..
1978,Monaco,MCO,..,..
1978,Mongolia,MNG,..,..
1978,Montenegro,MNE,..,..
1978,Morocco,MAR,3980131861,2167005746
1978,Mozambique,MOZ,..,..
1978,Myanmar,MMR,..,..
1978,Namibia,NAM,..,..
1978,Nauru,NRU,..,..
1978,Nepal,NPL,248201284.5,169586602.2
1978,Netherlands,NLD,65956646975,69032180689
1978,New Caledonia,NCL,..,..
1978,New Zealand,NZL,4799331104,4937290970
1978,Nicaragua,NIC,664891167.7,732135141.8
1978,Niger,NER,493782893.6,399776063
1978,Nigeria,NGA,..,..
1978,North Macedonia,MKD,..,..
1978,Northern Mariana Islands,MNP,..,..
1978,Norway,NOR,16416839937,16484939816
1978,Oman,OMN,1335263173,1598147076
1978,Pakistan,PAK,3292929293,1679696970
1978,Palau,PLW,..,..
1978,Panama,PAN,2167125500,1915103700
1978,Papua New Guinea,PNG,884719822.3,816870896.1
1978,Paraguay,PRY,566103174.6,471531746
1978,Peru,PER,2439416948,2521221600
1978,Philippines,PHL,..,..
1978,Poland,POL,..,..
1978,Portugal,PRT,5958549270,3702002737
1978,Puerto Rico (US),PRI,6556200000,4767900000
1978,Qatar,QAT,..,..
1978,Romania,ROU,..,..
1978,Russian Federation,RUS,..,..
1978,Rwanda,RWA,215559845.4,133872840.5
1978,Samoa,WSM,..,..
1978,San Marino,SMR,..,..
1978,Sao Tome and Principe,STP,..,..
1978,Saudi Arabia,SAU,33389007172,39584805337
1978,Senegal,SEN,1060183571,586873674.5
1978,Serbia,SRB,..,..
1978,Seychelles,SYC,57828969.2,15164545.19
1978,Sierra Leone,SLE,230650213.9,190441625.9
1978,Singapore,SGP,12716323686,12436295810
1978,Sint Maarten (Dutch part),SXM,..,..
1978,Slovak Republic,SVK,..,..
1978,Slovenia,SVN,..,..
1978,Solomon Islands,SLB,..,..
1978,"Somalia, Fed. Rep.",SOM,316988817.7,145994475.1
1978,South Africa,ZAF,11625352906,14669403667
1978,South Sudan,SSD,..,..
1978,Spain,ESP,22235898438,22314444444
1978,Sri Lanka,LKA,1080845612,950352338.2
1978,St. Kitts and Nevis,KNA,..,..
1978,St. Lucia,LCA,..,..
1978,St. Martin (French part),MAF,..,..
1978,St. Vincent and the Grenadines,VCT,..,..
1978,Sudan,SDN,1236714092,643790754.7
1978,Suriname,SUR,..,..
1978,Sweden,SWE,25608957619,26992994135
1978,Switzerland,CHE,40275430649,45251477629
1978,Syrian Arab Republic,SYR,2896334479,1376861397
1978,Tajikistan,TJK,..,..
1978,Tanzania,TZA,..,..
1978,Thailand,THA,5788768871,4773874326
1978,Timor-Leste,TLS,..,..
1978,Togo,TGO,759576051.4,411848053.9
1978,Tonga,TON,28212887.72,11967036.74
1978,Trinidad and Tobago,TTO,..,..
1978,Tunisia,TUN,2312030391,1848038427
1978,Turkiye,TUR,4804166667,2733333333
1978,Turkmenistan,TKM,..,..
1978,Turks and Caicos Islands,TCA,..,..
1978,Tuvalu,TUV,..,..
1978,Uganda,UGA,456521739.1,330434782.6
1978,Ukraine,UKR,..,..
1978,United Arab Emirates,ARE,..,..
1978,United Kingdom,GBR,89608628955,95076914669
1978,United States,USA,2.1225E+11,1.86883E+11
1978,Uruguay,URY,1038743774,925434421.7
1978,Uzbekistan,UZB,..,..
1978,Vanuatu,VUT,..,..
1978,"Venezuela, RB",VEN,14650348837,9474348837
1978,Viet Nam,VNM,..,..
1978,Virgin Islands (U.S.),VIR,..,..
1978,West Bank and Gaza,PSE,..,..
1978,"Yemen, Rep.",YEM,..,..
1978,Zambia,ZMB,..,..
1978,Zimbabwe,ZWE,870131045.3,958785487.4
1978,Africa Eastern and Southern,AFE,..,..
1978,Africa Western and Central,AFW,..,..
1978,Arab World,ARB,..,..
1978,Caribbean small states,CSS,..,..
1978,Central Europe and the Baltics,CEB,..,..
1978,Early-demographic dividend,EAR,1.91713E+11,1.7832E+11
1978,East Asia & Pacific,EAS,2.17009E+11,2.27408E+11
1978,East Asia & Pacific (excluding high income),EAP,44688277025,40578944851
1978,East Asia & Pacific (IDA & IBRD countries),TEA,44608394583,40527885833
1978,Euro area,EMU,5.06666E+11,5.02157E+11
1978,Europe & Central Asia,ECS,7.96892E+11,8.04616E+11
1978,Europe & Central Asia (excluding high income),ECA,..,..
1978,Europe & Central Asia (IDA & IBRD countries),TEC,..,..
1978,European Union,EUU,5.72873E+11,5.6875E+11
1978,Fragile and conflict affected situations,FCS,..,..
1978,Heavily indebted poor countries (HIPC),HPC,..,15897806862
1978,High income,HIC,1.27883E+12,1.28604E+12
1978,IBRD only,IBD,2.94969E+11,2.77253E+11
1978,IDA & IBRD total,IBT,3.40447E+11,3.08202E+11
1978,IDA blend,IDB,20099627877,..
1978,IDA only,IDX,..,..
1978,IDA total,IDA,..,..
1978,Late-demographic dividend,LTE,1.63516E+11,1.45025E+11
1978,Latin America & Caribbean,LCN,90015586268,76744993601
1978,Latin America & Caribbean (excluding high income),LAC,56878433267,52525937311
1978,Latin America & the Caribbean (IDA & IBRD countries),TLA,73185282468,64374264794
1978,Least developed countries: UN classification,LDC,..,..
1978,Low & middle income,LMY,2.50687E+11,2.28343E+11
1978,Low income,LIC,..,..
1978,Lower middle income,LMC,62825720583,..
1978,"Middle East, North Africa, Afghanistan & Pakistan",MEA,1.38468E+11,..
1978,"Middle East, North Africa, Afghanistan & Pakistan (excluding high income)",MNA,65507236783,58651978541
1978,"Middle East, North Africa, Afghanistan & Pakistan (IDA & IBRD)",TMN,64119407027,58387684080
1978,Middle income,MIC,2.3791E+11,2.21358E+11
1978,North America,NAC,2.65732E+11,2.41045E+11
1978,Not classified,INX,..,..
1978,OECD members,OED,1.13652E+12,1.12699E+12
1978,Other small states,OSS,..,..
1978,Pacific island small states,PSS,..,..
1978,Post-demographic dividend,PST,1.14094E+12,1.13668E+12
1978,Pre-demographic dividend,PRE,..,..
1978,Small states,SST,..,..
1978,South Asia,SAS,12670223717,10679466760
1978,South Asia (IDA & IBRD),TSA,12670223717,10679466760
1978,Sub-Saharan Africa,SSF,45717215188,46656209660
1978,Sub-Saharan Africa (excluding high income),SSA,44870917183,46168272255
1978,Sub-Saharan Africa (IDA & IBRD countries),TSS,45717215188,46656209660
1978,Upper middle income,UMC,1.75718E+11,1.75248E+11
1978,World,WLD,1.5466E+12,1.52537E+12
1979,Afghanistan,AFG,..,..
1979,Albania,ALB,..,..
1979,Algeria,DZA,10925793281,10354849612
1979,American Samoa,ASM,..,..
1979,Andorra,AND,..,..
1979,Angola,AGO,..,..
1979,Antigua and Barbuda,ATG,..,..
1979,Argentina,ARG,4383512571,4508960597
1979,Armenia,ARM,..,..
1979,Aruba,ABW,..,..
1979,Australia,AUS,20687265705,19275247075
1979,Austria,AUT,23982630983,22832409676
1979,Azerbaijan,AZE,..,..
1979,"Bahamas, The",BHS,686200000,785000000
1979,Bahrain,BHR,..,..
1979,Bangladesh,BGD,2459010309,950929356.1
1979,Barbados,BRB,..,..
1979,Belarus,BLR,..,..
1979,Belgium,BEL,60077552284,58067512383
1979,Belize,BLZ,..,..
1979,Benin,BEN,439163941.4,207784726.9
1979,Bermuda,BMU,..,..
1979,Bhutan,BTN,..,..
1979,Bolivia,BOL,1211272668,1068844960
1979,Bosnia and Herzegovina,BIH,..,..
1979,Botswana,BWA,534964730.4,443738520
1979,Brazil,BRA,20642227950,16026612550
1979,British Virgin Islands,VGB,..,..
1979,Brunei Darussalam,BRN,396402395.3,2665369238
1979,Bulgaria,BGR,..,..
1979,Burkina Faso,BFA,511997852.9,144182061.7
1979,Burundi,BDI,..,..
1979,Cabo Verde,CPV,..,..
1979,Cambodia,KHM,..,..
1979,Cameroon,CMR,1671668198,1247639814
1979,Canada,CAN,63191053440,64212907632
1979,Cayman Islands,CYM,..,..
1979,Central African Republic,CAF,246199254.6,157199524.1
1979,Chad,TCD,347871418.3,178553423.1
1979,Channel Islands,CHI,..,..
1979,Chile,CHL,5571046794,4825253306
1979,China,CHN,15535283000,13962640000
1979,Colombia,COL,3756624824,4251544715
1979,Comoros,COM,..,..
1979,"Congo, Dem. Rep.",COD,..,..
1979,"Congo, Rep.",COG,582921406.9,568348371.7
1979,Costa Rica,CRI,1500945158,1086476079
1979,Cote d'Ivoire,CIV,3443467186,3163758914
1979,Croatia,HRV,..,..
1979,Cuba,CUB,8645207123,6377068904
1979,Curacao,CUW,..,..
1979,Cyprus,CYP,821755787.4,575801966.4
1979,Czechia,CZE,..,..
1979,Denmark,DNK,22246206425,20570160616
1979,Djibouti,DJI,..,..
1979,Dominica,DMA,..,..
1979,Dominican Republic,DOM,1746830300,1211190560
1979,Ecuador,ECU,2575839827,2538498941
1979,"Egypt, Arab Rep.",EGY,7743714286,4774142857
1979,El Salvador,SLV,1286440000,1280560000
1979,Equatorial Guinea,GNQ,..,..
1979,Eritrea,ERI,..,..
1979,Estonia,EST,..,..
1979,Eswatini,SWZ,..,..
1979,Ethiopia,ETH,..,..
1979,Faroe Islands,FRO,205837035.8,150752011.3
1979,Fiji,FJI,..,..
1979,Finland,FIN,12688139215,13152190505
1979,France,FRA,1.27257E+11,1.32073E+11
1979,French Polynesia,PYF,..,..
1979,Gabon,GAB,1133406058,1772269116
1979,"Gambia, The",GMB,131009533.9,72405656.38
1979,Georgia,GEO,..,..
1979,Germany,DEU,1.88647E+11,1.57013E+11
1979,Ghana,GHA,448717948.7,451566951.6
1979,Gibraltar,GIB,..,..
1979,Greece,GRC,10490505980,8120634775
1979,Greenland,GRL,..,..
1979,Grenada,GRD,..,..
1979,Guam,GUM,..,..
1979,Guatemala,GTM,1784400000,1473600000
1979,Guinea,GIN,..,..
1979,Guinea-Bissau,GNB,127960926.7,22408816.7
1979,Guyana,GUY,367200000,317240000
1979,Haiti,HTI,..,..
1979,Honduras,HND,1359600000,1344100000
1979,"Hong Kong SAR, China",HKG,19899385668,20190630318
1979,Hungary,HUN,..,..
1979,Iceland,ISL,1037270278,1066704197
1979,India,IND,12498452242,10326638766
1979,Indonesia,IDN,12125156525,15453888921
1979,"Iran, Islamic Rep.",IRN,14516475277,24176515151
1979,Iraq,IRQ,11784964443,23617676939
1979,Ireland,IRL,11135980013,8154121534
1979,Isle of Man,IMN,..,..
1979,Israel,ISR,10380400000,7529200000
1979,Italy,ITA,83952402703,88125534840
1979,Jamaica,JAM,..,..
1979,Japan,JPN,1.27176E+11,1.16997E+11
1979,Jordan,JOR,2837517023,1136072293
1979,Kazakhstan,KAZ,..,..
1979,Kenya,KEN,1970754654,1605552359
1979,Kiribati,KIR,25396779.27,26117738.85
1979,"Korea, Dem. People's Rep.",PRK,..,..
1979,"Korea, Rep.",KOR,20687809917,15748140496
1979,Kosovo,XKX,..,..
1979,Kuwait,KWT,7131847261,19296875158
1979,Kyrgyz Republic,KGZ,..,..
1979,Lao PDR,LAO,..,..
1979,Latvia,LVA,..,..
1979,Lebanon,LBN,..,..
1979,Lesotho,LSO,358660036.6,64131264.82
1979,Liberia,LBR,..,..
1979,Libya,LBY,..,..
1979,Liechtenstein,LIE,..,..
1979,Lithuania,LTU,..,..
1979,Luxembourg,LUX,4494679417,5067336269
1979,"Macao SAR, China",MAC,..,..
1979,Madagascar,MDG,1052478242,504827947.4
1979,Malawi,MWI,..,..
1979,Malaysia,MYS,9999808083,11882425945
1979,Maldives,MDV,..,..
1979,Mali,MLI,434370472.4,191329840.4
1979,Malta,MLT,847283864.9,794915031
1979,Marshall Islands,MHL,..,..
1979,Mauritania,MRT,393063712.6,250406342.4
1979,Mauritius,MUS,659151682.2,516795210.2
1979,Mexico,MEX,16750506468,15052992765
1979,"Micronesia, Fed. Sts.",FSM,..,..
1979,Moldova,MDA,..,..
1979,Monaco,MCO,..,..
1979,Mongolia,MNG,..,..
1979,Montenegro,MNE,..,..
1979,Morocco,MAR,4752055200,2706652298
1979,Mozambique,MOZ,..,..
1979,Myanmar,MMR,..,..
1979,Namibia,NAM,..,..
1979,Nauru,NRU,..,..
1979,Nepal,NPL,295583341.7,218166658.3
1979,Netherlands,NLD,83387729320,86827436010
1979,New Caledonia,NCL,..,..
1979,New Zealand,NZL,6256636282,5935089652
1979,Nicaragua,NIC,441002913.4,658777311.7
1979,Niger,NER,777715866.1,602012071.7
1979,Nigeria,NGA,..,..
1979,North Macedonia,MKD,..,..
1979,Northern Mariana Islands,MNP,..,..
1979,Norway,NOR,19333543966,20451807824
1979,Oman,OMN,1519976549,2279675449
1979,Pakistan,PAK,4295858586,2174646465
1979,Palau,PLW,..,..
1979,Panama,PAN,2701126300,2183808400
1979,Papua New Guinea,PNG,1045722065,1043193253
1979,Paraguay,PRY,736523809.5,548674603.2
1979,Peru,PER,2964592488,4308384769
1979,Philippines,PHL,..,..
1979,Poland,POL,..,..
1979,Portugal,PRT,7863475410,5643155738
1979,Puerto Rico (US),PRI,7386800000,6033300000
1979,Qatar,QAT,..,..
1979,Romania,ROU,..,..
1979,Russian Federation,RUS,..,..
1979,Rwanda,RWA,252391533.7,233473687.1
1979,Samoa,WSM,..,..
1979,San Marino,SMR,..,..
1979,Sao Tome and Principe,STP,..,..
1979,Saudi Arabia,SAU,38304743729,61361500126
1979,Senegal,SEN,1264686528,769692158.6
1979,Serbia,SRB,..,..
1979,Seychelles,SYC,84447900.96,21890203.94
1979,Sierra Leone,SLE,300481565.2,220819890.8
1979,Singapore,SGP,17695118734,17169305189
1979,Sint Maarten (Dutch part),SXM,..,..
1979,Slovak Republic,SVK,..,..
1979,Slovenia,SVN,..,..
1979,Solomon Islands,SLB,..,..
1979,"Somalia, Fed. Rep.",SOM,445931808.9,143504008.4
1979,South Africa,ZAF,14412907961,19695423997
1979,South Sudan,SSD,..,..
1979,Spain,ESP,30326926128,29440976698
1979,Sri Lanka,LKA,1539434811,1134232498
1979,St. Kitts and Nevis,KNA,..,..
1979,St. Lucia,LCA,..,..
1979,St. Martin (French part),MAF,..,..
1979,St. Vincent and the Grenadines,VCT,..,..
1979,Sudan,SDN,1629436897,838135924.3
1979,Suriname,SUR,..,..
1979,Sweden,SWE,34937462154,34345349770
1979,Switzerland,CHE,49698923438,51212390690
1979,Syrian Arab Republic,SYR,3575286624,1900127389
1979,Tajikistan,TJK,..,..
1979,Tanzania,TZA,..,..
1979,Thailand,THA,8019027044,6178088809
1979,Timor-Leste,TLS,..,..
1979,Togo,TGO,769349353.9,423733951.8
1979,Tonga,TON,31178962.66,11648334.45
1979,Trinidad and Tobago,TTO,..,..
1979,Tunisia,TUN,3017010200,2802229975
1979,Turkiye,TUR,5270967742,2883870968
1979,Turkmenistan,TKM,..,..
1979,Turks and Caicos Islands,TCA,..,..
1979,Tuvalu,TUV,..,..
1979,Uganda,UGA,375000000,415000000
1979,Ukraine,UKR,..,..
1979,United Arab Emirates,ARE,..,..
1979,United Kingdom,GBR,1.18504E+11,1.21454E+11
1979,United States,USA,2.52674E+11,2.30129E+11
1979,Uruguay,URY,1520042526,1208815650
1979,Uzbekistan,UZB,..,..
1979,Vanuatu,VUT,..,..
1979,"Venezuela, RB",VEN,13727674419,14447813953
1979,Viet Nam,VNM,..,..
1979,Virgin Islands (U.S.),VIR,..,..
1979,West Bank and Gaza,PSE,..,..
1979,"Yemen, Rep.",YEM,..,..
1979,Zambia,ZMB,..,..
1979,Zimbabwe,ZWE,1173870049,1129262585
1979,Africa Eastern and Southern,AFE,..,..
1979,Africa Western and Central,AFW,..,..
1979,Arab World,ARB,..,..
1979,Caribbean small states,CSS,..,..
1979,Central Europe and the Baltics,CEB,..,..
1979,Early-demographic dividend,EAR,2.19117E+11,2.42908E+11
1979,East Asia & Pacific,EAS,2.90653E+11,2.71042E+11
1979,East Asia & Pacific (excluding high income),EAP,56769536010,55186405006
1979,East Asia & Pacific (IDA & IBRD countries),TEA,56668057737,55116965949
1979,Euro area,EMU,6.59434E+11,6.27816E+11
1979,Europe & Central Asia,ECS,1.03328E+12,1.00232E+12
1979,Europe & Central Asia (excluding high income),ECA,..,..
1979,Europe & Central Asia (IDA & IBRD countries),TEC,..,..
1979,European Union,EUU,7.4621E+11,7.11577E+11
1979,Fragile and conflict affected situations,FCS,..,..
1979,Heavily indebted poor countries (HIPC),HPC,..,18781871719
1979,High income,HIC,1.63074E+12,1.599E+12
1979,IBRD only,IBD,3.55793E+11,3.72157E+11
1979,IDA & IBRD total,IBT,4.10871E+11,4.09227E+11
1979,IDA blend,IDB,23947306952,..
1979,IDA only,IDX,..,..
1979,IDA total,IDA,..,..
1979,Late-demographic dividend,LTE,2.10993E+11,1.96873E+11
1979,Latin America & Caribbean,LCN,1.06387E+11,94509957502
1979,Latin America & Caribbean (excluding high income),LAC,69677710495,61171276463
1979,Latin America & the Caribbean (IDA & IBRD countries),TLA,87531401010,79980552442
1979,Least developed countries: UN classification,LDC,..,..
1979,Low & middle income,LMY,3.04823E+11,2.9921E+11
1979,Low income,LIC,..,..
1979,Lower middle income,LMC,80704467994,..
1979,"Middle East, North Africa, Afghanistan & Pakistan",MEA,1.59788E+11,..
1979,"Middle East, North Africa, Afghanistan & Pakistan (excluding high income)",MNA,75533602021,87436206749
1979,"Middle East, North Africa, Afghanistan & Pakistan (IDA & IBRD)",TMN,73933354695,87042206313
1979,Middle income,MIC,2.88867E+11,2.90284E+11
1979,North America,NAC,3.16038E+11,2.94768E+11
1979,Not classified,INX,..,..
1979,OECD members,OED,1.45316E+12,1.38027E+12
1979,Other small states,OSS,..,..
1979,Pacific island small states,PSS,..,..
1979,Post-demographic dividend,PST,1.45736E+12,1.39287E+12
1979,Pre-demographic dividend,PRE,..,..
1979,Small states,SST,..,..
1979,South Asia,SAS,17115760347,12811071127
1979,South Asia (IDA & IBRD),TSA,17115760347,12811071127
1979,Sub-Saharan Africa,SSF,55373065107,59124350349
1979,Sub-Saharan Africa (excluding high income),SSA,54326217167,58501679386
1979,Sub-Saharan Africa (IDA & IBRD countries),TSS,55373065107,59124350349
1979,Upper middle income,UMC,2.09625E+11,2.3204E+11
1979,World,WLD,1.95395E+12,1.91277E+12
1980,Afghanistan,AFG,..,..
1980,Albania,ALB,371431589.5,378073684.2
1980,Algeria,DZA,12847073135,14540906201
1980,American Samoa,ASM,..,..
1980,Andorra,AND,..,..
1980,Angola,AGO,..,..
1980,Antigua and Barbuda,ATG,..,..
1980,Argentina,ARG,4989980080,3895791555
1980,Armenia,ARM,..,..
1980,Aruba,ABW,..,..
1980,Australia,AUS,23827298050,24616155989
1980,Austria,AUT,28828885344,26006988939
1980,Azerbaijan,AZE,..,..
1980,"Bahamas, The",BHS,839600000,939800000
1980,Bahrain,BHR,3540992040,3813478376
1980,Bangladesh,BGD,3243617765,996555891.5
1980,Barbados,BRB,..,..
1980,Belarus,BLR,..,..
1980,Belgium,BEL,67141114637,63563403228
1980,Belize,BLZ,113599759,88973677
1980,Benin,BEN,524469593.9,222261839.3
1980,Bermuda,BMU,..,..
1980,Bhutan,BTN,51125882.22,18503245.29
1980,Bolivia,BOL,1011215334,1112928222
1980,Bosnia and Herzegovina,BIH,..,..
1980,Botswana,BWA,704879539.4,562900061.1
1980,Brazil,BRA,26571483280,21276141968
1980,British Virgin Islands,VGB,..,..
1980,Brunei Darussalam,BRN,574909116.7,4601608064
1980,Bulgaria,BGR,6088384615,7084153846
1980,Burkina Faso,BFA,602966202.8,172630479.1
1980,Burundi,BDI,..,..
1980,Cabo Verde,CPV,95270962.23,24288314.02
1980,Cambodia,KHM,..,..
1980,Cameroon,CMR,1810903419,1861186771
1980,Canada,CAN,70921142662,75584160109
1980,Cayman Islands,CYM,..,..
1980,Central African Republic,CAF,327433639.8,201027871.8
1980,Chad,TCD,298183134.7,175041294
1980,Channel Islands,CHI,..,..
1980,Chile,CHL,7679845876,6292627054
1980,China,CHN,21842710000,19405720000
1980,Colombia,COL,5209514725,5416924889
1980,Comoros,COM,65520067.93,21507084.44
1980,"Congo, Dem. Rep.",COD,..,..
1980,"Congo, Rep.",COG,1025655322,1023762096
1980,Costa Rica,CRI,1778891482,1279264877
1980,Cote d'Ivoire,CIV,4190183015,3561631958
1980,Croatia,HRV,..,..
1980,Cuba,CUB,8817697500,6521956667
1980,Curacao,CUW,..,..
1980,Cyprus,CYP,1358664013,975007960.2
1980,Czechia,CZE,..,..
1980,Denmark,DNK,23438722476,23118475665
1980,Djibouti,DJI,..,..
1980,Dominica,DMA,..,..
1980,Dominican Republic,DOM,2303519820,1375636561
1980,Ecuador,ECU,3196674207,3066325770
1980,"Egypt, Arab Rep.",EGY,9289542760,6612494097
1980,El Salvador,SLV,1188160000,1220920000
1980,Equatorial Guinea,GNQ,..,..
1980,Eritrea,ERI,..,..
1980,Estonia,EST,..,..
1980,Eswatini,SWZ,..,..
1980,Ethiopia,ETH,..,..
1980,Faroe Islands,FRO,222110163.7,178674656.3
1980,Fiji,FJI,..,..
1980,Finland,FIN,17233025183,16534905961
1980,France,FRA,1.61433E+11,1.5279E+11
1980,French Polynesia,PYF,..,..
1980,Gabon,GAB,1353656770,2769790006
1980,"Gambia, The",GMB,153325163.6,103029780.1
1980,Georgia,GEO,..,..
1980,Germany,DEU,2.20826E+11,1.76862E+11
1980,Ghana,GHA,406950207.5,376348547.7
1980,Gibraltar,GIB,..,..
1980,Greece,GRC,13578081535,10787426059
1980,Greenland,GRL,..,..
1980,Grenada,GRD,..,..
1980,Guam,GUM,..,..
1980,Guatemala,GTM,1963300000,1748000000
1980,Guinea,GIN,..,..
1980,Guinea-Bissau,GNB,120357480.4,36495542.17
1980,Guyana,GUY,564840000,490319960
1980,Haiti,HTI,..,..
1980,Honduras,HND,1644450000,1508450000
1980,"Hong Kong SAR, China",HKG,25762632979,25613519710
1980,Hungary,HUN,..,..
1980,Iceland,ISL,1185819785,1182341379
1980,India,IND,17226125073,11439738400
1980,Indonesia,IDN,16076492704,22088390917
1980,"Iran, Islamic Rep.",IRN,27125991305,12961626484
1980,Iraq,IRQ,16592000000,33374666667
1980,Ireland,IRL,12600904677,9647826509
1980,Isle of Man,IMN,..,..
1980,Israel,ISR,11434705882,8875098039
1980,Italy,ITA,1.0875E+11,96339527470
1980,Jamaica,JAM,..,..
1980,Japan,JPN,1.55867E+11,1.45105E+11
1980,Jordan,JOR,3335403206,1579256524
1980,Kazakhstan,KAZ,..,..
1980,Kenya,KEN,2608236154,2144500671
1980,Kiribati,KIR,19118229.1,18450497.81
1980,"Korea, Dem. People's Rep.",PRK,..,..
1980,"Korea, Rep.",KOR,24291587954,18451432875
1980,Kosovo,XKX,..,..
1980,Kuwait,KWT,9822528922,22438280484
1980,Kyrgyz Republic,KGZ,..,..
1980,Lao PDR,LAO,..,..
1980,Latvia,LVA,..,..
1980,Lebanon,LBN,..,..
1980,Lesotho,LSO,475069141.8,90648328.14
1980,Liberia,LBR,..,..
1980,Libya,LBY,..,..
1980,Liechtenstein,LIE,..,..
1980,Lithuania,LTU,..,..
1980,Luxembourg,LUX,5038377707,5383032142
1980,"Macao SAR, China",MAC,..,..
1980,Madagascar,MDG,1019609062,554791922.9
1980,Malawi,MWI,..,..
1980,Malaysia,MYS,13478905389,14091708190
1980,Maldives,MDV,..,..
1980,Mali,MLI,520163912.7,262685142.4
1980,Malta,MLT,1080252117,1011830312
1980,Marshall Islands,MHL,..,..
1980,Mauritania,MRT,482428347.7,305883193.8
1980,Mauritius,MUS,695184410,579103449
1980,Mexico,MEX,25269530739,20850899743
1980,"Micronesia, Fed. Sts.",FSM,..,..
1980,Moldova,MDA,..,..
1980,Monaco,MCO,..,..
1980,Mongolia,MNG,..,..
1980,Montenegro,MNE,..,..
1980,Morocco,MAR,6085317298,4201411557
1980,Mozambique,MOZ,..,..
1980,Myanmar,MMR,..,..
1980,Namibia,NAM,1362972062,1704793788
1980,Nauru,NRU,..,..
1980,Nepal,NPL,364500008.3,224583341.7
1980,Netherlands,NLD,95852206828,99352813123
1980,New Caledonia,NCL,..,..
1980,New Zealand,NZL,6947500483,6695618606
1980,Nicaragua,NIC,927803481.9,519538167.5
1980,Niger,NER,956402014.4,616701298.9
1980,Nigeria,NGA,..,..
1980,North Macedonia,MKD,..,..
1980,Northern Mariana Islands,MNP,..,..
1980,Norway,NOR,23299927114,27018950437
1980,Oman,OMN,2252461204,3748117834
1980,Pakistan,PAK,5512929293,2978282828
1980,Palau,PLW,..,..
1980,Panama,PAN,3343857700,3000600900
1980,Papua New Guinea,PNG,1357486445,1099343315
1980,Paraguay,PRY,891841269.8,615865079.4
1980,Peru,PER,4012390289,4628615890
1980,Philippines,PHL,..,..
1980,Poland,POL,..,..
1980,Portugal,PRT,10783476171,7058033640
1980,Puerto Rico (US),PRI,8638200000,7013300000
1980,Qatar,QAT,..,..
1980,Romania,ROU,..,..
1980,Russian Federation,RUS,..,..
1980,Rwanda,RWA,331033186,181144512.7
1980,Samoa,WSM,..,..
1980,San Marino,SMR,..,..
1980,Sao Tome and Principe,STP,..,..
1980,Saudi Arabia,SAU,44919924659,1.0441E+11
1980,Senegal,SEN,1496960300,726560625.1
1980,Serbia,SRB,..,..
1980,Seychelles,SYC,98786749.74,22163208.88
1980,Sierra Leone,SLE,420651552.7,251666984.2
1980,Singapore,SGP,24854915847,24031178148
1980,Sint Maarten (Dutch part),SXM,..,..
1980,Slovak Republic,SVK,..,..
1980,Slovenia,SVN,..,..
1980,Solomon Islands,SLB,173530145.4,86765072.72
1980,"Somalia, Fed. Rep.",SOM,534102368.1,200271074.4
1980,South Africa,ZAF,22027800533,28496444685
1980,South Sudan,SSD,..,..
1980,Spain,ESP,40198018102,33299965189
1980,Sri Lanka,LKA,2205444646,1296672716
1980,St. Kitts and Nevis,KNA,..,..
1980,St. Lucia,LCA,..,..
1980,St. Martin (French part),MAF,..,..
1980,St. Vincent and the Grenadines,VCT,..,..
1980,Sudan,SDN,2080000000,940000000
1980,Suriname,SUR,..,..
1980,Sweden,SWE,40613126300,38777578731
1980,Switzerland,CHE,59517921466,56770654055
1980,Syrian Arab Republic,SYR,4628789809,2380891720
1980,Tajikistan,TJK,..,..
1980,Tanzania,TZA,..,..
1980,Thailand,THA,9824991784,7800900873
1980,Timor-Leste,TLS,..,..
1980,Togo,TGO,985520656.4,773472154.5
1980,Tonga,TON,36066955.14,16011159.19
1980,Trinidad and Tobago,TTO,..,..
1980,Tunisia,TUN,3987404297,3518399605
1980,Turkiye,TUR,8209210526,3552631579
1980,Turkmenistan,TKM,..,..
1980,Turks and Caicos Islands,TCA,..,..
1980,Tuvalu,TUV,..,..
1980,Uganda,UGA,324000000,242000000
1980,Ukraine,UKR,..,..
1980,United Arab Emirates,ARE,..,..
1980,United Kingdom,GBR,1.37927E+11,1.51949E+11
1980,United States,USA,2.93828E+11,2.80772E+11
1980,Uruguay,URY,2096775971,1527803803
1980,Uzbekistan,UZB,..,..
1980,Vanuatu,VUT,47384759.56,37603233.18
1980,"Venezuela, RB",VEN,14627837209,19286255814
1980,Viet Nam,VNM,..,..
1980,Virgin Islands (U.S.),VIR,..,..
1980,West Bank and Gaza,PSE,..,..
1980,"Yemen, Rep.",YEM,..,..
1980,Zambia,ZMB,..,..
1980,Zimbabwe,ZWE,1772342262,1561474151
1980,Africa Eastern and Southern,AFE,..,49804023332
1980,Africa Western and Central,AFW,..,..
1980,Arab World,ARB,..,..
1980,Caribbean small states,CSS,..,..
1980,Central Europe and the Baltics,CEB,..,..
1980,Early-demographic dividend,EAR,2.88044E+11,3.22758E+11
1980,East Asia & Pacific,EAS,3.64231E+11,3.44016E+11
1980,East Asia & Pacific (excluding high income),EAP,76008639710,73327888322
1980,East Asia & Pacific (IDA & IBRD countries),TEA,75872770614,73235622494
1980,Euro area,EMU,8.01055E+11,7.13163E+11
1980,Europe & Central Asia,ECS,1.2427E+12,1.15711E+12
1980,Europe & Central Asia (excluding high income),ECA,..,..
1980,Europe & Central Asia (IDA & IBRD countries),TEC,..,..
1980,European Union,EUU,9.00724E+11,8.07796E+11
1980,Fragile and conflict affected situations,FCS,..,..
1980,Heavily indebted poor countries (HIPC),HPC,..,21724474532
1980,High income,HIC,1.95194E+12,1.92674E+12
1980,IBRD only,IBD,4.83048E+11,4.62402E+11
1980,IDA & IBRD total,IBT,5.52988E+11,5.06935E+11
1980,IDA blend,IDB,30858323664,..
1980,IDA only,IDX,..,..
1980,IDA total,IDA,76247517350,52715387654
1980,Late-demographic dividend,LTE,2.74662E+11,2.51614E+11
1980,Latin America & Caribbean,LCN,1.33387E+11,1.17276E+11
1980,Latin America & Caribbean (excluding high income),LAC,89792870894,74392164185
1980,Latin America & the Caribbean (IDA & IBRD countries),TLA,1.1249E+11,1.01186E+11
1980,Least developed countries: UN classification,LDC,..,..
1980,Low & middle income,LMY,4.11902E+11,3.66267E+11
1980,Low income,LIC,..,..
1980,Lower middle income,LMC,1.03681E+11,..
1980,"Middle East, North Africa, Afghanistan & Pakistan",MEA,2.08764E+11,..
1980,"Middle East, North Africa, Afghanistan & Pakistan (excluding high income)",MNA,1.06433E+11,97534217454
1980,"Middle East, North Africa, Afghanistan & Pakistan (IDA & IBRD)",TMN,1.04178E+11,97094713894
1980,Middle income,MIC,3.92303E+11,3.55736E+11
1980,North America,NAC,3.64948E+11,3.56872E+11
1980,Not classified,INX,..,..
1980,OECD members,OED,1.73843E+12,1.62782E+12
1980,Other small states,OSS,..,..
1980,Pacific island small states,PSS,..,..
1980,Post-demographic dividend,PST,1.74047E+12,1.64315E+12
1980,Pre-demographic dividend,PRE,..,..
1980,Small states,SST,..,..
1980,South Asia,SAS,23483234941,14157690700
1980,South Asia (IDA & IBRD),TSA,23483234941,14157690700
1980,Sub-Saharan Africa,SSF,74418529336,80375771596
1980,Sub-Saharan Africa (excluding high income),SSA,73033881782,79541621058
1980,Sub-Saharan Africa (IDA & IBRD countries),TSS,74418529336,80375771596
1980,Upper middle income,UMC,2.8968E+11,2.8414E+11
1980,World,WLD,2.37721E+12,2.31185E+12
1981,Afghanistan,AFG,..,..
1981,Albania,ALB,403041958,430536142.2
1981,Algeria,DZA,13693843725,15338958197
1981,American Samoa,ASM,..,..
1981,Andorra,AND,..,..
1981,Angola,AGO,..,..
1981,Antigua and Barbuda,ATG,..,..
1981,Argentina,ARG,5800000171,5445263190
1981,Armenia,ARM,..,..
1981,Aruba,ABW,..,..
1981,Australia,AUS,29570416812,26334610473
1981,Austria,AUT,25143197684,23441764299
1981,Azerbaijan,AZE,..,..
1981,"Bahamas, The",BHS,889700000,961200000
1981,Bahrain,BHR,4161702128,4547340160
1981,Bangladesh,BGD,2858506732,1038984088
1981,Barbados,BRB,..,..
1981,Belarus,BLR,..,..
1981,Belgium,BEL,58814105824,56620736636
1981,Belize,BLZ,123637027,84972543
1981,Benin,BEN,567561866.3,205681907.6
1981,Bermuda,BMU,..,..
1981,Bhutan,BTN,70336476.56,22606627.02
1981,Bolivia,BOL,1352324633,1370758564
1981,Bosnia and Herzegovina,BIH,..,..
1981,Botswana,BWA,768101843.1,533739354.5
1981,Brazil,BRA,25827534749,24828388399
1981,British Virgin Islands,VGB,..,..
1981,Brunei Darussalam,BRN,598762148,4066849309
1981,Bulgaria,BGR,6859642857,7081357143
1981,Burkina Faso,BFA,558238055.7,164734426.6
1981,Burundi,BDI,..,..
1981,Cabo Verde,CPV,98597398.77,29942621.85
1981,Cambodia,KHM,..,..
1981,Cameroon,CMR,1878440367,1445617474
1981,Canada,CAN,79017432647,81065977146
1981,Cayman Islands,CYM,..,..
1981,Central African Republic,CAF,236648334.6,169417093.9
1981,Chad,TCD,198725614.6,132421607.1
1981,Channel Islands,CHI,..,..
1981,Chile,CHL,9047297177,5363825291
1981,China,CHN,22219750000,24369970000
1981,Colombia,COL,5610414541,4312469260
1981,Comoros,COM,57328808.22,18815567.92
1981,"Congo, Dem. Rep.",COD,..,..
1981,"Congo, Rep.",COG,1516938858,1156656679
1981,Costa Rica,CRI,1264048112,1135276476
1981,Cote d'Ivoire,CIV,3565652807,2966163807
1981,Croatia,HRV,..,..
1981,Cuba,CUB,8905963976,6565420000
1981,Curacao,CUW,..,..
1981,Cyprus,CYP,1321842817,1048990795
1981,Czechia,CZE,..,..
1981,Denmark,DNK,21452392257,22322851588
1981,Djibouti,DJI,..,..
1981,Dominica,DMA,..,..
1981,Dominican Republic,DOM,2192903500,1634265438
1981,Ecuador,ECU,3336485176,3188263178
1981,"Egypt, Arab Rep.",EGY,9628783784,6853648649
1981,El Salvador,SLV,1154480000,917000000
1981,Equatorial Guinea,GNQ,..,..
1981,Eritrea,ERI,..,..
1981,Estonia,EST,..,..
1981,Eswatini,SWZ,..,..
1981,Ethiopia,ETH,..,..
1981,Faroe Islands,FRO,214266652.3,166508338
1981,Fiji,FJI,..,..
1981,Finland,FIN,15896941306,16409479195
1981,France,FRA,1.48003E+11,1.40424E+11
1981,French Polynesia,PYF,..,..
1981,Gabon,GAB,1571772407,2447269143
1981,"Gambia, The",GMB,146042850.6,96172688.77
1981,Georgia,GEO,..,..
1981,Germany,DEU,1.92541E+11,1.61088E+11
1981,Ghana,GHA,224767441.9,200813953.5
1981,Gibraltar,GIB,..,..
1981,Greece,GRC,12749102091,10998456335
1981,Greenland,GRL,..,..
1981,Grenada,GRD,..,..
1981,Guam,GUM,..,..
1981,Guatemala,GTM,2031500000,1471000100
1981,Guinea,GIN,..,..
1981,Guinea-Bissau,GNB,143671069.7,45022336.36
1981,Guyana,GUY,526500035.7,393107142.9
1981,Haiti,HTI,..,..
1981,Honduras,HND,1562700000,1423150000
1981,"Hong Kong SAR, China",HKG,28586774129,28115340417
1981,Hungary,HUN,..,..
1981,Iceland,ISL,1245839816,1191331358
1981,India,IND,16584605960,11485699151
1981,Indonesia,IDN,21847220118,23629067626
1981,"Iran, Islamic Rep.",IRN,28082907606,12431487009
1981,Iraq,IRQ,23561000000,11959333333
1981,Ireland,IRL,11905906959,8965729497
1981,Isle of Man,IMN,..,..
1981,Israel,ISR,12228947368,9097719298
1981,Italy,ITA,1.01718E+11,93313282235
1981,Jamaica,JAM,..,..
1981,Japan,JPN,1.64659E+11,1.72134E+11
1981,Jordan,JOR,4320089095,1913247164
1981,Kazakhstan,KAZ,..,..
1981,Kenya,KEN,2318209963,2087870039
1981,Kiribati,KIR,30723029.37,12610931.78
1981,"Korea, Dem. People's Rep.",PRK,..,..
1981,"Korea, Rep.",KOR,27162601026,21668115701
1981,Kosovo,XKX,..,..
1981,Kuwait,KWT,9641838693,17414854099
1981,Kyrgyz Republic,KGZ,..,..
1981,Lao PDR,LAO,..,..
1981,Latvia,LVA,..,..
1981,Lebanon,LBN,..,..
1981,Lesotho,LSO,508034188,83760683.76
1981,Liberia,LBR,..,..
1981,Libya,LBY,..,..
1981,Liechtenstein,LIE,..,..
1981,Lithuania,LTU,..,..
1981,Luxembourg,LUX,4243916775,4423440895
1981,"Macao SAR, China",MAC,..,..
1981,Madagascar,MDG,696934879,423096592.8
1981,Malawi,MWI,..,..
1981,Malaysia,MYS,14633320675,13086963598
1981,Maldives,MDV,..,..
1981,Mali,MLI,437932372.9,200381661.4
1981,Malta,MLT,1001899928,901986076.4
1981,Marshall Islands,MHL,..,..
1981,Mauritania,MRT,572218352.8,394924879.2
1981,Mauritius,MUS,630445199,510935885.5
1981,Mexico,MEX,32330287579,26014603304
1981,"Micronesia, Fed. Sts.",FSM,..,..
1981,Moldova,MDA,..,..
1981,Monaco,MCO,..,..
1981,Mongolia,MNG,1640949933,551441066.7
1981,Montenegro,MNE,..,..
1981,Morocco,MAR,6184035098,4032797040
1981,Mozambique,MOZ,..,..
1981,Myanmar,MMR,..,..
1981,Namibia,NAM,1525183264,1268734010
1981,Nauru,NRU,..,..
1981,Nepal,NPL,446416683.3,293583341.7
1981,Netherlands,NLD,81551200212,90974239159
1981,New Caledonia,NCL,..,..
1981,New Zealand,NZL,7557239197,6818749480
1981,Nicaragua,NIC,1033954423,552951119.6
1981,Niger,NER,785895797.6,524397195.9
1981,Nigeria,NGA,..,..
1981,North Macedonia,MKD,..,..
1981,Northern Mariana Islands,MNP,..,..
1981,Norway,NOR,22306298458,26748497256
1981,Oman,OMN,2764910539,4695715113
1981,Pakistan,PAK,6275656566,3606767677
1981,Palau,PLW,..,..
1981,Panama,PAN,3730569700,3253003600
1981,Papua New Guinea,PNG,1467531246,955321732
1981,Paraguay,PRY,1011111111,627833333.3
1981,Peru,PER,4918094895,4018299007
1981,Philippines,PHL,7741092150,6543358555
1981,Poland,POL,..,..
1981,Portugal,PRT,11270547231,6501188925
1981,Puerto Rico (US),PRI,9239200000,8092800000
1981,Qatar,QAT,..,..
1981,Romania,ROU,..,..
1981,Russian Federation,RUS,..,..
1981,Rwanda,RWA,306102651.9,138251006.6
1981,Samoa,WSM,..,..
1981,San Marino,SMR,..,..
1981,Sao Tome and Principe,STP,..,..
1981,Saudi Arabia,SAU,55459144516,1.15769E+11
1981,Senegal,SEN,1822808299,874415799.9
1981,Serbia,SRB,..,..
1981,Seychelles,SYC,92671967.92,17859601.66
1981,Sierra Leone,SLE,443016133.2,256578379.8
1981,Singapore,SGP,28576639268,28092845134
1981,Sint Maarten (Dutch part),SXM,..,..
1981,Slovak Republic,SVK,..,..
1981,Slovenia,SVN,..,..
1981,Solomon Islands,SLB,183872962.2,91936481.09
1981,"Somalia, Fed. Rep.",SOM,477996187.2,173525712.1
1981,South Africa,ZAF,25138477562,23474809675
1981,South Sudan,SSD,..,..
1981,Spain,ESP,38729324203,33059607136
1981,Sri Lanka,LKA,2054961039,1345038961
1981,St. Kitts and Nevis,KNA,..,..
1981,St. Lucia,LCA,..,..
1981,St. Martin (French part),MAF,..,..
1981,St. Vincent and the Grenadines,VCT,..,..
1981,Sudan,SDN,2540894387,1037830102
1981,Suriname,SUR,..,..
1981,Sweden,SWE,36020657858,36270607694
1981,Switzerland,CHE,53574921087,54152532329
1981,Syrian Arab Republic,SYR,5116427206,2427631113
1981,Tajikistan,TJK,..,..
1981,Tanzania,TZA,..,..
1981,Thailand,THA,10496074713,8309867953
1981,Timor-Leste,TLS,..,..
1981,Togo,TGO,757473026.4,544664192.9
1981,Tonga,TON,41854746.04,15794070.33
1981,Trinidad and Tobago,TTO,..,..
1981,Tunisia,TUN,4200654511,3487011041
1981,Turkiye,TUR,9185585586,5863063063
1981,Turkmenistan,TKM,..,..
1981,Turks and Caicos Islands,TCA,..,..
1981,Tuvalu,TUV,..,..
1981,Uganda,UGA,295000000,215000000
1981,Ukraine,UKR,..,..
1981,United Arab Emirates,ARE,..,..
1981,United Kingdom,GBR,1.2512E+11,1.4197E+11
1981,United States,USA,3.17758E+11,3.05239E+11
1981,Uruguay,URY,2102640519,1679796170
1981,Uzbekistan,UZB,..,..
1981,Vanuatu,VUT,40227266.41,37893106.82
1981,"Venezuela, RB",VEN,16518209302,20231441860
1981,Viet Nam,VNM,..,..
1981,Virgin Islands (U.S.),VIR,..,..
1981,West Bank and Gaza,PSE,..,..
1981,"Yemen, Rep.",YEM,..,..
1981,Zambia,ZMB,..,..
1981,Zimbabwe,ZWE,2076439449,1557022080
1981,Africa Eastern and Southern,AFE,..,42112808751
1981,Africa Western and Central,AFW,..,..
1981,Arab World,ARB,..,..
1981,Caribbean small states,CSS,..,..
1981,Central Europe and the Baltics,CEB,..,..
1981,Early-demographic dividend,EAR,3.29136E+11,3.43428E+11
1981,East Asia & Pacific,EAS,4.00288E+11,3.92326E+11
1981,East Asia & Pacific (excluding high income),EAP,85808162474,79980134827
1981,East Asia & Pacific (IDA & IBRD countries),TEA,85654776261,79879498717
1981,Euro area,EMU,7.19579E+11,6.60724E+11
1981,Europe & Central Asia,ECS,1.12327E+12,1.08237E+12
1981,Europe & Central Asia (excluding high income),ECA,..,..
1981,Europe & Central Asia (IDA & IBRD countries),TEC,..,..
1981,European Union,EUU,8.10507E+11,7.50256E+11
1981,Fragile and conflict affected situations,FCS,..,..
1981,Heavily indebted poor countries (HIPC),HPC,..,19984561381
1981,High income,HIC,1.91674E+12,1.93977E+12
1981,IBRD only,IBD,5.38676E+11,4.47677E+11
1981,IDA & IBRD total,IBT,6.09419E+11,4.90725E+11
1981,IDA blend,IDB,32251287803,..
1981,IDA only,IDX,..,..
1981,IDA total,IDA,77183432667,50958151453
1981,Late-demographic dividend,LTE,2.80826E+11,2.54561E+11
1981,Latin America & Caribbean,LCN,1.46789E+11,1.27478E+11
1981,Latin America & Caribbean (excluding high income),LAC,99046409628,83063381970
1981,Latin America & the Caribbean (IDA & IBRD countries),TLA,1.24922E+11,1.10104E+11
1981,Least developed countries: UN classification,LDC,..,..
1981,Low & middle income,LMY,4.52691E+11,3.53078E+11
1981,Low income,LIC,..,..
1981,Lower middle income,LMC,1.06854E+11,72086731555
1981,"Middle East, North Africa, Afghanistan & Pakistan",MEA,2.39434E+11,..
1981,"Middle East, North Africa, Afghanistan & Pakistan (excluding high income)",MNA,1.20313E+11,73672991197
1981,"Middle East, North Africa, Afghanistan & Pakistan (IDA & IBRD)",TMN,1.17764E+11,73341009839
1981,Middle income,MIC,4.33032E+11,3.43288E+11
1981,North America,NAC,3.96992E+11,3.86864E+11
1981,Not classified,INX,..,..
1981,OECD members,OED,1.69166E+12,1.6278E+12
1981,Other small states,OSS,..,..
1981,Pacific island small states,PSS,..,..
1981,Post-demographic dividend,PST,1.69128E+12,1.64483E+12
1981,Pre-demographic dividend,PRE,..,..
1981,Small states,SST,..,..
1981,South Asia,SAS,22388962384,14370276661
1981,South Asia (IDA & IBRD),TSA,22388962384,14370276661
1981,Sub-Saharan Africa,SSF,79025317147,68707699313
1981,Sub-Saharan Africa (excluding high income),SSA,77572900602,67996344212
1981,Sub-Saharan Africa (IDA & IBRD countries),TSS,79025317147,68707699313
1981,Upper middle income,UMC,3.26294E+11,2.72091E+11
1981,World,WLD,2.37818E+12,2.31479E+12
1982,Afghanistan,AFG,..,..
1982,Albania,ALB,460407913.8,373589755.2
1982,Algeria,DZA,13109208304,13980251588
1982,American Samoa,ASM,..,..
1982,Andorra,AND,..,..
1982,Angola,AGO,..,..
1982,Antigua and Barbuda,ATG,..,..
1982,Argentina,ARG,5497685333,7663966256
1982,Armenia,ARM,..,..
1982,Aruba,ABW,..,..
1982,Australia,AUS,32610614587,26231932031
1982,Austria,AUT,23075815923,22623842059
1982,Azerbaijan,AZE,..,..
1982,"Bahamas, The",BHS,939900000,1038300000
1982,Bahrain,BHR,3892819149,4337766223
1982,Bangladesh,BGD,2877295409,940219560.9
1982,Barbados,BRB,..,..
1982,Belarus,BLR,..,..
1982,Belgium,BEL,55093659721,53510783154
1982,Belize,BLZ,107602916.5,70947948.5
1982,Benin,BEN,508205555.4,225297401.8
1982,Bermuda,BMU,..,..
1982,Bhutan,BTN,71072513.85,20411137.57
1982,Bolivia,BOL,1644892438,1625898083
1982,Bosnia and Herzegovina,BIH,..,..
1982,Botswana,BWA,703095484.8,553774494.7
1982,Brazil,BRA,23307743171,21435129573
1982,British Virgin Islands,VGB,..,..
1982,Brunei Darussalam,BRN,734570857.8,3809768577
1982,Bulgaria,BGR,6424733333,6631000000
1982,Burkina Faso,BFA,554827918,143789749.5
1982,Burundi,BDI,..,..
1982,Cabo Verde,CPV,111363313.2,32243001.1
1982,Cambodia,KHM,..,..
1982,Cameroon,CMR,1911383891,2195884893
1982,Canada,CAN,67407797682,79268055443
1982,Cayman Islands,CYM,..,..
1982,Central African Republic,CAF,256106223.6,165958867.2
1982,Chad,TCD,112596761.8,54751112.12
1982,Channel Islands,CHI,..,..
1982,Chile,CHL,4150382431,3635010932
1982,China,CHN,17788124795,22600124795
1982,Colombia,COL,5919610897,4252517718
1982,Comoros,COM,54421290.85,17862941.21
1982,"Congo, Dem. Rep.",COD,..,..
1982,"Congo, Rep.",COG,1480190945,1194134306
1982,Costa Rica,CRI,1099079477,1175167518
1982,Cote d'Ivoire,CIV,2975902018,2756186089
1982,Croatia,HRV,..,..
1982,Cuba,CUB,9251183529,6838236471
1982,Curacao,CUW,..,..
1982,Cyprus,CYP,1387106289,1099530333
1982,Czechia,CZE,..,..
1982,Denmark,DNK,21123371538,21672296937
1982,Djibouti,DJI,..,..
1982,Dominica,DMA,..,..
1982,Dominican Republic,DOM,2036678800,1359153860
1982,Ecuador,ECU,3538834102,2921016167
1982,"Egypt, Arab Rep.",EGY,10472660099,7282512315
1982,El Salvador,SLV,967760600,774247000
1982,Equatorial Guinea,GNQ,..,..
1982,Eritrea,ERI,..,..
1982,Estonia,EST,..,..
1982,Eswatini,SWZ,..,..
1982,Ethiopia,ETH,..,..
1982,Faroe Islands,FRO,202389647.6,149559996.9
1982,Fiji,FJI,..,..
1982,Finland,FIN,15153570988,15244850130
1982,France,FRA,1.43141E+11,1.29418E+11
1982,French Polynesia,PYF,..,..
1982,Gabon,GAB,1435152240,2228502937
1982,"Gambia, The",GMB,128848574.6,95784687.55
1982,Georgia,GEO,..,..
1982,Germany,DEU,1.82673E+11,1.61986E+11
1982,Ghana,GHA,120354808.6,134733893.6
1982,Gibraltar,GIB,..,..
1982,Greece,GRC,12729729592,9232897959
1982,Greenland,GRL,..,..
1982,Grenada,GRD,..,..
1982,Guam,GUM,..,..
1982,Guatemala,GTM,1628999900,1288999900
1982,Guinea,GIN,..,..
1982,Guinea-Bissau,GNB,177643598.6,33735283.24
1982,Guyana,GUY,337800000,254400000
1982,Haiti,HTI,..,..
1982,Honduras,HND,1171950000,1209450000
1982,"Hong Kong SAR, China",HKG,27222942258,27405152327
1982,Hungary,HUN,..,..
1982,Iceland,ISL,1169312796,1016617901
1982,India,IND,16343526469,12009417677
1982,Indonesia,IDN,23709141549,20176590280
1982,"Iran, Islamic Rep.",IRN,26415543503,21524982663
1982,Iraq,IRQ,28158000000,11168333333
1982,Ireland,IRL,10937756539,9241993070
1982,Isle of Man,IMN,..,..
1982,Israel,ISR,11726255144,8537572016
1982,Italy,ITA,95659155333,90239862563
1982,Jamaica,JAM,..,..
1982,Japan,JPN,1.51714E+11,1.57933E+11
1982,Jordan,JOR,4413433496,1901319746
1982,Kazakhstan,KAZ,..,..
1982,Kenya,KEN,2029695253,1714496080
1982,Kiribati,KIR,26881473.39,10899533.71
1982,"Korea, Dem. People's Rep.",PRK,..,..
1982,"Korea, Rep.",KOR,25783350263,21331058721
1982,Kosovo,XKX,..,..
1982,Kuwait,KWT,11298630132,11760578443
1982,Kyrgyz Republic,KGZ,..,..
1982,Lao PDR,LAO,..,..
1982,Latvia,LVA,..,..
1982,Lebanon,LBN,..,..
1982,Lesotho,LSO,..,..
1982,Liberia,LBR,..,..
1982,Libya,LBY,..,..
1982,Liechtenstein,LIE,..,..
1982,Lithuania,LTU,..,..
1982,Luxembourg,LUX,3913174113,4137952499
1982,"Macao SAR, China",MAC,1137197223,1263124147
1982,Madagascar,MDG,617989389.6,404922691
1982,Malawi,MWI,..,..
1982,Malaysia,MYS,15971622751,13636254642
1982,Maldives,MDV,..,..
1982,Mali,MLI,395305928.6,190197232.8
1982,Malta,MLT,945120902,760422130.9
1982,Marshall Islands,MHL,..,..
1982,Mauritania,MRT,648640501.3,352134015.9
1982,Mauritius,MUS,538880023.5,508528358.1
1982,Mexico,MEX,17919648239,26632371193
1982,"Micronesia, Fed. Sts.",FSM,..,..
1982,Moldova,MDA,..,..
1982,Monaco,MCO,..,..
1982,Mongolia,MNG,1645216267,670229033.3
1982,Montenegro,MNE,..,..
1982,Morocco,MAR,5968583545,3822370232
1982,Mozambique,MOZ,..,..
1982,Myanmar,MMR,..,..
1982,Namibia,NAM,1290891677,1109299702
1982,Nauru,NRU,..,..
1982,Nepal,NPL,450514044.4,277667558.5
1982,Netherlands,NLD,78148994801,87857010811
1982,New Caledonia,NCL,..,..
1982,New Zealand,NZL,7420247633,6702112163
1982,Nicaragua,NIC,639525498.6,392200153.4
1982,Niger,NER,728308304.6,423104824.5
1982,Nigeria,NGA,..,..
1982,North Macedonia,MKD,..,..
1982,Northern Mariana Islands,MNP,..,..
1982,Norway,NOR,22290517509,25341958475
1982,Oman,OMN,3259988419,4422987840
1982,Pakistan,PAK,6492985782,3131090047
1982,Palau,PLW,..,..
1982,Panama,PAN,3460434900,3277786800
1982,Papua New Guinea,PNG,1432986033,872493764
1982,Paraguay,PRY,1070794118,657801470.6
1982,Peru,PER,4849715099,4101399615
1982,Philippines,PHL,7727510026,5854443596
1982,Poland,POL,..,..
1982,Portugal,PRT,10708695762,6314253280
1982,Puerto Rico (US),PRI,8490500000,8881600000
1982,Qatar,QAT,..,..
1982,Romania,ROU,..,..
1982,Russian Federation,RUS,..,..
1982,Rwanda,RWA,339856125.2,162572590.4
1982,Samoa,WSM,..,..
1982,San Marino,SMR,..,..
1982,Sao Tome and Principe,STP,..,..
1982,Saudi Arabia,SAU,59945084420,77741454554
1982,Senegal,SEN,1504650626,787460424.9
1982,Serbia,SRB,..,..
1982,Seychelles,SYC,97772478.83,15986241.06
1982,Sierra Leone,SLE,335930246.6,204093165.9
1982,Singapore,SGP,30107256118,29812562124
1982,Sint Maarten (Dutch part),SXM,..,..
1982,Slovak Republic,SVK,..,..
1982,Slovenia,SVN,..,..
1982,Solomon Islands,SLB,183296536.7,91648268.36
1982,"Somalia, Fed. Rep.",SOM,526993563.7,201101592.5
1982,South Africa,ZAF,20405851452,20090880960
1982,South Sudan,SSD,..,..
1982,Spain,ESP,38319582008,33310336211
1982,Sri Lanka,LKA,2205910620,1304565113
1982,St. Kitts and Nevis,KNA,..,..
1982,St. Lucia,LCA,..,..
1982,St. Martin (French part),MAF,..,..
1982,St. Vincent and the Grenadines,VCT,..,..
1982,Sudan,SDN,2131681195,871574084.6
1982,Suriname,SUR,..,..
1982,Sweden,SWE,34770640977,34607827969
1982,Switzerland,CHE,50418601192,51060349209
1982,Syrian Arab Republic,SYR,4063358923,2268031466
1982,Tajikistan,TJK,..,..
1982,Tanzania,TZA,..,..
1982,Thailand,THA,9012215417,8385609881
1982,Timor-Leste,TLS,..,..
1982,Togo,TGO,764523143.9,612220840.6
1982,Tonga,TON,40111573.18,17123440.51
1982,Trinidad and Tobago,TTO,..,..
1982,Tunisia,TUN,3858557916,3002097558
1982,Turkiye,TUR,9666257669,7636809816
1982,Turkmenistan,TKM,..,..
1982,Turks and Caicos Islands,TCA,..,..
1982,Tuvalu,TUV,..,..
1982,Uganda,UGA,381500000,182500000
1982,Ukraine,UKR,..,..
1982,United Arab Emirates,ARE,..,..
1982,United Kingdom,GBR,1.22123E+11,1.33411E+11
1982,United States,USA,3.03184E+11,2.8321E+11
1982,Uruguay,URY,1587083734,1314939846
1982,Uzbekistan,UZB,..,..
1982,Vanuatu,VUT,44455761.48,41971562.66
1982,"Venezuela, RB",VEN,18971186047,16968302326
1982,Viet Nam,VNM,..,..
1982,Virgin Islands (U.S.),VIR,..,..
1982,West Bank and Gaza,PSE,..,..
1982,"Yemen, Rep.",YEM,..,..
1982,Zambia,ZMB,..,..
1982,Zimbabwe,ZWE,1898465425,1446131890
1982,Africa Eastern and Southern,AFE,..,36519821609
1982,Africa Western and Central,AFW,..,..
1982,Arab World,ARB,..,..
1982,Caribbean small states,CSS,..,..
1982,Central Europe and the Baltics,CEB,..,..
1982,Early-demographic dividend,EAR,3.1274E+11,3.02345E+11
1982,East Asia & Pacific,EAS,3.83847E+11,3.72265E+11
1982,East Asia & Pacific (excluding high income),EAP,82859278857,74572662798
1982,East Asia & Pacific (IDA & IBRD countries),TEA,82711163915,74478830715
1982,Euro area,EMU,6.85887E+11,6.37081E+11
1982,Europe & Central Asia,ECS,1.07666E+12,1.03952E+12
1982,Europe & Central Asia (excluding high income),ECA,..,..
1982,Europe & Central Asia (IDA & IBRD countries),TEC,..,..
1982,European Union,EUU,7.7361E+11,7.22974E+11
1982,Fragile and conflict affected situations,FCS,..,..
1982,Heavily indebted poor countries (HIPC),HPC,..,19677218133
1982,High income,HIC,1.82935E+12,1.80708E+12
1982,IBRD only,IBD,4.98618E+11,4.37118E+11
1982,IDA & IBRD total,IBT,5.63478E+11,4.77286E+11
1982,IDA blend,IDB,30781487435,..
1982,IDA only,IDX,..,..
1982,IDA total,IDA,70746909084,47501982443
1982,Late-demographic dividend,LTE,2.56782E+11,2.31635E+11
1982,Latin America & Caribbean,LCN,1.23889E+11,1.21498E+11
1982,Latin America & Caribbean (excluding high income),LAC,81070984814,81822989509
1982,Latin America & the Caribbean (IDA & IBRD countries),TLA,1.02743E+11,1.03031E+11
1982,Least developed countries: UN classification,LDC,..,..
1982,Low & middle income,LMY,4.21067E+11,3.49909E+11
1982,Low income,LIC,..,..
1982,Lower middle income,LMC,1.04626E+11,70172888590
1982,"Middle East, North Africa, Afghanistan & Pakistan",MEA,2.49327E+11,..
1982,"Middle East, North Africa, Afghanistan & Pakistan (excluding high income)",MNA,1.22561E+11,80832536149
1982,"Middle East, North Africa, Afghanistan & Pakistan (IDA & IBRD)",TMN,1.19965E+11,80468292826
1982,Middle income,MIC,4.03658E+11,3.40792E+11
1982,North America,NAC,3.70794E+11,3.63003E+11
1982,Not classified,INX,..,..
1982,OECD members,OED,1.59203E+12,1.54901E+12
1982,Other small states,OSS,..,..
1982,Pacific island small states,PSS,..,..
1982,Post-demographic dividend,PST,1.61191E+12,1.56617E+12
1982,Pre-demographic dividend,PRE,..,..
1982,Small states,SST,..,..
1982,South Asia,SAS,22321324268,14741406982
1982,South Asia (IDA & IBRD),TSA,22321324268,14741406982
1982,Sub-Saharan Africa,SSF,68051972707,62040541547
1982,Sub-Saharan Africa (excluding high income),SSA,66774614090,61398434277
1982,Sub-Saharan Africa (IDA & IBRD countries),TSS,68051972707,62040541547
1982,Upper middle income,UMC,2.99448E+11,2.71465E+11
1982,World,WLD,2.26362E+12,2.17298E+12
1983,Afghanistan,AFG,..,..
1983,Albania,ALB,405606072.3,354685314.7
1983,Algeria,DZA,12591881327,13635984130
1983,American Samoa,ASM,..,..
1983,Andorra,AND,..,..
1983,Angola,AGO,..,..
1983,Antigua and Barbuda,ATG,..,..
1983,Argentina,ARG,6068376037,9515669467
1983,Armenia,ARM,..,..
1983,Aruba,ABW,..,..
1983,Australia,AUS,27657830162,24060337550
1983,Austria,AUT,23074389459,21981186609
1983,Azerbaijan,AZE,..,..
1983,"Bahamas, The",BHS,1005300000,1153500000
1983,Bahrain,BHR,3471808777,3611169947
1983,Bangladesh,BGD,2590824916,986784511.8
1983,Barbados,BRB,..,..
1983,Belarus,BLR,..,..
1983,Belgium,BEL,52310487574,52655467456
1983,Belize,BLZ,104498168.5,76516537.5
1983,Benin,BEN,345886017,150766893.9
1983,Bermuda,BMU,..,..
1983,Bhutan,BTN,75800349.7,19970495.79
1983,Bolivia,BOL,1303553080,1535522169
1983,Bosnia and Herzegovina,BIH,..,..
1983,Botswana,BWA,733413192.9,727761034
1983,Brazil,BRA,18314364419,23221079049
1983,British Virgin Islands,VGB,..,..
1983,Brunei Darussalam,BRN,729750834.1,3393672653
1983,Bulgaria,BGR,6118555556,6153111111
1983,Burkina Faso,BFA,473268760.7,126168356
1983,Burundi,BDI,..,..
1983,Cabo Verde,CPV,107746679.9,34103837.5
1983,Cambodia,KHM,..,..
1983,Cameroon,CMR,2013215078,2088376143
1983,Canada,CAN,74471762415,85210159039
1983,Cayman Islands,CYM,..,..
1983,Central African Republic,CAF,241183744.3,159064467.5
1983,Chad,TCD,195963410.4,136673324
1983,Channel Islands,CHI,..,..
1983,Chile,CHL,4356873073,4769390034
1983,China,CHN,19385304449,21956304449
1983,Colombia,COL,5127945979,4050952668
1983,Comoros,COM,52817987.66,17335520.22
1983,"Congo, Dem. Rep.",COD,..,..
1983,"Congo, Rep.",COG,1085638606,1215274929
1983,Costa Rica,CRI,1157473274,1134010090
1983,Cote d'Ivoire,CIV,2442621282,2527383513
1983,Croatia,HRV,..,..
1983,Cuba,CUB,9765161118,7224138184
1983,Curacao,CUW,..,..
1983,Cyprus,CYP,1382085651,1089019577
1983,Czechia,CZE,..,..
1983,Denmark,DNK,20444406670,21784408092
1983,Djibouti,DJI,..,..
1983,Dominica,DMA,..,..
1983,Dominican Republic,DOM,2246418800,1565486937
1983,Ecuador,ECU,2627142401,2668859384
1983,"Egypt, Arab Rep.",EGY,10593713620,7101280559
1983,El Salvador,SLV,1048723500,858652600
1983,Equatorial Guinea,GNQ,..,..
1983,Eritrea,ERI,..,..
1983,Estonia,EST,..,..
1983,Eswatini,SWZ,..,..
1983,Ethiopia,ETH,..,..
1983,Faroe Islands,FRO,240481347.6,171011631.3
1983,Fiji,FJI,..,..
1983,Finland,FIN,14637062340,14631725021
1983,France,FRA,1.30312E+11,1.29679E+11
1983,French Polynesia,PYF,..,..
1983,Gabon,GAB,1476646951,2079692035
1983,"Gambia, The",GMB,133367480.6,107766540.7
1983,Georgia,GEO,..,..
1983,Germany,DEU,1.79485E+11,1.563E+11
1983,Ghana,GHA,242989418,225418871.3
1983,Gibraltar,GIB,..,..
1983,Greece,GRC,11546946594,7999818111
1983,Greenland,GRL,..,..
1983,Grenada,GRD,..,..
1983,Guam,GUM,..,..
1983,Guatemala,GTM,1316999900,1176000000
1983,Guinea,GIN,..,..
1983,Guinea-Bissau,GNB,137150951.7,25552411.37
1983,Guyana,GUY,316000000,224500000
1983,Haiti,HTI,..,..
1983,Honduras,HND,1303750000,1266300000
1983,"Hong Kong SAR, China",HKG,27593033994,28132870174
1983,Hungary,HUN,..,..
1983,Iceland,ISL,1025825471,1081525794
1983,India,IND,17140048793,12741335281
1983,Indonesia,IDN,23354265850,22488286931
1983,"Iran, Islamic Rep.",IRN,37834565739,22725836920
1983,Iraq,IRQ,13407419355,10023870968
1983,Ireland,IRL,10545459528,9750540276
1983,Isle of Man,IMN,..,..
1983,Israel,ISR,12014412811,8754928826
1983,Italy,ITA,87973944416,90083429373
1983,Jamaica,JAM,..,..
1983,Japan,JPN,1.4625E+11,1.6533E+11
1983,Jordan,JOR,4002434732,1761600093
1983,Kazakhstan,KAZ,..,..
1983,Kenya,KEN,1686897647,1551597921
1983,Kiribati,KIR,22682284.47,10595744.2
1983,"Korea, Dem. People's Rep.",PRK,..,..
1983,"Korea, Rep.",KOR,26387424890,24343720766
1983,Kosovo,XKX,..,..
1983,Kuwait,KWT,10300332102,12340939422
1983,Kyrgyz Republic,KGZ,..,..
1983,Lao PDR,LAO,..,..
1983,Latvia,LVA,..,..
1983,Lebanon,LBN,..,..
1983,Lesotho,LSO,..,..
1983,Liberia,LBR,..,..
1983,Libya,LBY,..,..
1983,Liechtenstein,LIE,..,..
1983,Lithuania,LTU,..,..
1983,Luxembourg,LUX,3821668639,4124129389
1983,"Macao SAR, China",MAC,1152439381,1274087249
1983,Madagascar,MDG,522094424.6,381908959
1983,Malawi,MWI,..,..
1983,Malaysia,MYS,17142918686,15637264405
1983,Maldives,MDV,..,..
1983,Mali,MLI,407803334.1,208756468.7
1983,Malta,MLT,858657091.6,697176215.3
1983,Marshall Islands,MHL,..,..
1983,Mauritania,MRT,614032310.3,422438627.2
1983,Mauritius,MUS,512463480.9,508533939.3
1983,Mexico,MEX,14025463387,28289706397
1983,"Micronesia, Fed. Sts.",FSM,89800000,3600000
1983,Moldova,MDA,..,..
1983,Monaco,MCO,..,..
1983,Mongolia,MNG,1701452967,725268666.7
1983,Montenegro,MNE,..,..
1983,Morocco,MAR,4852572440,3697958875
1983,Mozambique,MOZ,..,..
1983,Myanmar,MMR,..,..
1983,Namibia,NAM,1209641708,1034886236
1983,Nauru,NRU,..,..
1983,Nepal,NPL,521619390.4,250371505.2
1983,Netherlands,NLD,76616167091,84582826809
1983,New Caledonia,NCL,..,..
1983,New Zealand,NZL,7191771819,6905888538
1983,Nicaragua,NIC,825726780.2,534109824.6
1983,Niger,NER,485292313,375494052.2
1983,Nigeria,NGA,..,..
1983,North Macedonia,MKD,..,..
1983,Northern Mariana Islands,MNP,..,..
1983,Norway,NOR,20438709501,25115536429
1983,Oman,OMN,3019687319,4255935148
1983,Pakistan,PAK,6458110236,3495669291
1983,Palau,PLW,..,..
1983,Panama,PAN,2724782300,2792310500
1983,Papua New Guinea,PNG,1369617268,927469604.6
1983,Paraguay,PRY,901287917.3,525092104.5
1983,Peru,PER,3729505450,3770030204
1983,Philippines,PHL,7401720302,5554591565
1983,Poland,POL,..,..
1983,Portugal,PRT,9363968512,6687714441
1983,Puerto Rico (US),PRI,8506800000,8521200000
1983,Qatar,QAT,..,..
1983,Romania,ROU,..,..
1983,Russian Federation,RUS,..,..
1983,Rwanda,RWA,307168196.4,171373975.9
1983,Samoa,WSM,..,..
1983,San Marino,SMR,..,..
1983,Sao Tome and Principe,STP,..,..
1983,Saudi Arabia,SAU,61584659913,49690593343
1983,Senegal,SEN,1600297544,847007035.2
1983,Serbia,SRB,..,..
1983,Seychelles,SYC,87782421.12,21248691.79
1983,Sierra Leone,SLE,219271957.7,110166390
1983,Singapore,SGP,29571682243,29675560748
1983,Sint Maarten (Dutch part),SXM,..,..
1983,Slovak Republic,SVK,..,..
1983,Slovenia,SVN,..,..
1983,Solomon Islands,SLB,172390075.2,86195037.6
1983,"Somalia, Fed. Rep.",SOM,533432443.5,173400620.3
1983,South Africa,ZAF,17786554169,20941567184
1983,South Sudan,SSD,..,..
1983,Spain,ESP,35374945476,32644516241
1983,Sri Lanka,LKA,2141138972,1360645984
1983,St. Kitts and Nevis,KNA,..,..
1983,St. Lucia,LCA,..,..
1983,St. Martin (French part),MAF,..,..
1983,St. Vincent and the Grenadines,VCT,..,..
1983,Sudan,SDN,1746153846,869230769.2
1983,Suriname,SUR,..,..
1983,Sweden,SWE,32645095929,34880514536
1983,Switzerland,CHE,50567866228,49408192559
1983,Syrian Arab Republic,SYR,4691609868,2331285399
1983,Tajikistan,TJK,..,..
1983,Tanzania,TZA,..,..
1983,Thailand,THA,10920988398,8053089819
1983,Timor-Leste,TLS,..,..
1983,Togo,TGO,562466530.2,475737820.1
1983,Tonga,TON,42100000,11355855.86
1983,Trinidad and Tobago,TTO,..,..
1983,Tunisia,TUN,3567350799,2869615052
1983,Turkiye,TUR,10233333333,7708888889
1983,Turkmenistan,TKM,..,..
1983,Turks and Caicos Islands,TCA,..,..
1983,Tuvalu,TUV,..,..
1983,Uganda,UGA,305666666.7,194000000
1983,Ukraine,UKR,..,..
1983,United Arab Emirates,ARE,..,..
1983,United Kingdom,GBR,1.21327E+11,1.27464E+11
1983,United States,USA,3.28638E+11,2.76996E+11
1983,Uruguay,URY,1204334440,1310717316
1983,Uzbekistan,UZB,..,..
1983,Vanuatu,VUT,73724455.07,59716193.02
1983,"Venezuela, RB",VEN,8799209302,15325488372
1983,Viet Nam,VNM,..,..
1983,Virgin Islands (U.S.),VIR,..,..
1983,West Bank and Gaza,PSE,..,..
1983,"Yemen, Rep.",YEM,..,..
1983,Zambia,ZMB,..,..
1983,Zimbabwe,ZWE,1512740982,1277291527
1983,Africa Eastern and Southern,AFE,..,37310342849
1983,Africa Western and Central,AFW,..,..
1983,Arab World,ARB,..,..
1983,Caribbean small states,CSS,..,..
1983,Central Europe and the Baltics,CEB,..,..
1983,Early-demographic dividend,EAR,3.06044E+11,2.77792E+11
1983,East Asia & Pacific,EAS,3.79231E+11,3.87768E+11
1983,East Asia & Pacific (excluding high income),EAP,87137374445,77821935988
1983,East Asia & Pacific (IDA & IBRD countries),TEA,86981612202,77724015462
1983,Euro area,EMU,6.50584E+11,6.24777E+11
1983,Europe & Central Asia,ECS,1.03117E+12,1.01683E+12
1983,Europe & Central Asia (excluding high income),ECA,..,..
1983,Europe & Central Asia (IDA & IBRD countries),TEC,..,..
1983,European Union,EUU,7.33894E+11,7.1019E+11
1983,Fragile and conflict affected situations,FCS,..,..
1983,Heavily indebted poor countries (HIPC),HPC,..,19251456689
1983,High income,HIC,1.81133E+12,1.76884E+12
1983,IBRD only,IBD,4.5874E+11,4.47522E+11
1983,IDA & IBRD total,IBT,5.2013E+11,4.87722E+11
1983,IDA blend,IDB,28011424267,..
1983,IDA only,IDX,..,..
1983,IDA total,IDA,67011542337,47516478773
1983,Late-demographic dividend,LTE,2.48123E+11,2.38573E+11
1983,Latin America & Caribbean,LCN,1.01105E+11,1.25357E+11
1983,Latin America & Caribbean (excluding high income),LAC,70020311545,86915087960
1983,Latin America & the Caribbean (IDA & IBRD countries),TLA,79701956638,1.06702E+11
1983,Least developed countries: UN classification,LDC,..,..
1983,Low & middle income,LMY,4.00924E+11,3.60654E+11
1983,Low income,LIC,..,..
1983,Lower middle income,LMC,1.00431E+11,70038411157
1983,"Middle East, North Africa, Afghanistan & Pakistan",MEA,2.43196E+11,..
1983,"Middle East, North Africa, Afghanistan & Pakistan (excluding high income)",MNA,1.16665E+11,80312632268
1983,"Middle East, North Africa, Afghanistan & Pakistan (IDA & IBRD)",TMN,1.14194E+11,79950731709
1983,Middle income,MIC,3.84351E+11,3.51691E+11
1983,North America,NAC,4.0333E+11,3.6273E+11
1983,Not classified,INX,..,..
1983,OECD members,OED,1.57057E+12,1.54047E+12
1983,Other small states,OSS,..,..
1983,Pacific island small states,PSS,..,..
1983,Post-demographic dividend,PST,1.59453E+12,1.55455E+12
1983,Pre-demographic dividend,PRE,..,..
1983,Small states,SST,..,..
1983,South Asia,SAS,22851293801,15558719482
1983,South Asia (IDA & IBRD),TSA,22851293801,15558719482
1983,Sub-Saharan Africa,SSF,59937994857,62161313662
1983,Sub-Saharan Africa (excluding high income),SSA,58810467703,61509740414
1983,Sub-Saharan Africa (IDA & IBRD countries),TSS,59937994857,62161313662
1983,Upper middle income,UMC,2.84365E+11,2.82461E+11
1983,World,WLD,2.21635E+12,2.14167E+12
1984,Afghanistan,AFG,..,..
1984,Albania,ALB,372867132.9,335069930.1
1984,Algeria,DZA,14749040620,13805905456
1984,American Samoa,ASM,..,..
1984,Andorra,AND,..,..
1984,Angola,AGO,..,..
1984,Antigua and Barbuda,ATG,..,..
1984,Argentina,ARG,5561048223,8873730059
1984,Armenia,ARM,..,..
1984,Aruba,ABW,..,..
1984,Australia,AUS,28996243475,26235903975
1984,Austria,AUT,22995356578,22265891617
1984,Azerbaijan,AZE,..,..
1984,"Bahamas, The",BHS,1190100000,1297900000
1984,Bahrain,BHR,3665159574,3768351064
1984,Bangladesh,BGD,2538320000,642600000
1984,Barbados,BRB,..,..
1984,Belarus,BLR,..,..
1984,Belgium,BEL,53192322675,53687392488
1984,Belize,BLZ,125848628.5,108649358
1984,Benin,BEN,325136016.6,205805472.7
1984,Bermuda,BMU,..,..
1984,Bhutan,BTN,76372599.43,21882348.41
1984,Bolivia,BOL,1592952389,1459382832
1984,Bosnia and Herzegovina,BIH,..,..
1984,Botswana,BWA,719207808.5,754559745.2
1984,Brazil,BRA,16563864377,28317692073
1984,British Virgin Islands,VGB,..,..
1984,Brunei Darussalam,BRN,..,..
1984,Bulgaria,BGR,6729388889,7061055556
1984,Burkina Faso,BFA,419829292.4,160016200.3
1984,Burundi,BDI,..,..
1984,Cabo Verde,CPV,102579319.9,30064769.38
1984,Cambodia,KHM,..,..
1984,Cameroon,CMR,2266220105,2447934060
1984,Canada,CAN,87539186163,99654852907
1984,Cayman Islands,CYM,..,..
1984,Central African Republic,CAF,226437036.7,149211731
1984,Chad,TCD,221072311.1,165602339.4
1984,Channel Islands,CHI,..,..
1984,Chile,CHL,4811879608,4485352694
1984,China,CHN,24710305081,24764305081
1984,Colombia,COL,4767852803,4546303965
1984,Comoros,COM,50907588.25,16709104.84
1984,"Congo, Dem. Rep.",COD,..,..
1984,"Congo, Rep.",COG,1000785739,1351850300
1984,Costa Rica,CRI,1243520405,1258545325
1984,Cote d'Ivoire,CIV,2175044039,3100078629
1984,Croatia,HRV,..,..
1984,Cuba,CUB,10603443142,7766066363
1984,Curacao,CUW,..,..
1984,Cyprus,CYP,1528712762,1245251944
1984,Czechia,CZE,..,..
1984,Denmark,DNK,20459800031,21450892185
1984,Djibouti,DJI,..,..
1984,Dominica,DMA,..,..
1984,Dominican Republic,DOM,3479368010,2519773064
1984,Ecuador,ECU,2652199404,2938788680
1984,"Egypt, Arab Rep.",EGY,10857880026,6987744571
1984,El Salvador,SLV,1044917600,796567700
1984,Equatorial Guinea,GNQ,..,..
1984,Eritrea,ERI,..,..
1984,Estonia,EST,..,..
1984,Eswatini,SWZ,..,..
1984,Ethiopia,ETH,..,..
1984,Faroe Islands,FRO,262586379.8,162215524.2
1984,Fiji,FJI,..,..
1984,Finland,FIN,14340126632,15594578552
1984,France,FRA,1.28607E+11,1.30769E+11
1984,French Polynesia,PYF,..,..
1984,Gabon,GAB,1431720920,2104556519
1984,"Gambia, The",GMB,114897722.1,90665413.34
1984,Georgia,GEO,..,..
1984,Germany,DEU,1.77814E+11,1.57451E+11
1984,Ghana,GHA,475228310.5,354924983.7
1984,Gibraltar,GIB,..,..
1984,Greece,GRC,10944470979,7925024184
1984,Greenland,GRL,..,..
1984,Grenada,GRD,..,..
1984,Guam,GUM,..,..
1984,Guatemala,GTM,1434800000,1231300000
1984,Guinea,GIN,..,..
1984,Guinea-Bissau,GNB,184603087.4,48241735.81
1984,Guyana,GUY,224763157.9,193263157.9
1984,Haiti,HTI,..,..
1984,Honduras,HND,1519300000,1323150000
1984,"Hong Kong SAR, China",HKG,32155666411,34837426452
1984,Hungary,HUN,..,..
1984,Iceland,ISL,1077216892,1072642449
1984,India,IND,16391245675,13330716432
1984,Indonesia,IDN,19342945144,23177770013
1984,"Iran, Islamic Rep.",IRN,26971526132,18359078550
1984,Iraq,IRQ,13923870968,12046129032
1984,Ireland,IRL,11057699334,10718897046
1984,Isle of Man,IMN,..,..
1984,Israel,ISR,12012629604,9523963165
1984,Italy,ITA,93843935420,91976627728
1984,Jamaica,JAM,..,..
1984,Japan,JPN,1.57512E+11,1.89758E+11
1984,Jordan,JOR,3951204921,1941138985
1984,Kazakhstan,KAZ,..,..
1984,Kenya,KEN,1984603543,1656202770
1984,Kiribati,KIR,21778518.83,16830600.46
1984,"Korea, Dem. People's Rep.",PRK,..,..
1984,"Korea, Rep.",KOR,27795127347,28063621761
1984,Kosovo,XKX,..,..
1984,Kuwait,KWT,9687160122,13044565328
1984,Kyrgyz Republic,KGZ,..,..
1984,Lao PDR,LAO,111428574.6,48571429.96
1984,Latvia,LVA,..,..
1984,Lebanon,LBN,..,..
1984,Lesotho,LSO,..,..
1984,Liberia,LBR,..,..
1984,Libya,LBY,..,..
1984,Liechtenstein,LIE,..,..
1984,Lithuania,LTU,..,..
1984,Luxembourg,LUX,4137947501,4532564926
1984,"Macao SAR, China",MAC,1266777427,1491160933
1984,Madagascar,MDG,488824150.1,419879579.8
1984,Malawi,MWI,..,..
1984,Malaysia,MYS,17772765636,18420475482
1984,Maldives,MDV,..,..
1984,Mali,MLI,430706325.5,232746191.8
1984,Malta,MLT,842618870.5,687730941.1
1984,Marshall Islands,MHL,..,..
1984,Mauritania,MRT,542696590.9,388242381.5
1984,Mauritius,MUS,541291286.2,506437054.8
1984,Mexico,MEX,16774715780,30521772291
1984,"Micronesia, Fed. Sts.",FSM,..,..
1984,Moldova,MDA,..,..
1984,Monaco,MCO,..,..
1984,Mongolia,MNG,1365680775,612402625
1984,Montenegro,MNE,..,..
1984,Morocco,MAR,5148384843,3800181964
1984,Mozambique,MOZ,..,..
1984,Myanmar,MMR,..,..
1984,Namibia,NAM,1005769956,885220879.9
1984,Nauru,NRU,..,..
1984,Nepal,NPL,502021598.5,274961829.1
1984,Netherlands,NLD,74599745192,84859203297
1984,New Caledonia,NCL,..,..
1984,New Zealand,NZL,7450482215,6892046044
1984,Nicaragua,NIC,918158454.6,512628153.9
1984,Niger,NER,394103007,334702553.8
1984,Nigeria,NGA,..,..
1984,North Macedonia,MKD,..,..
1984,Northern Mariana Islands,MNP,..,..
1984,Norway,NOR,20504441585,25803344973
1984,Oman,OMN,3315025608,4435475699
1984,Pakistan,PAK,6843425349,3549643811
1984,Palau,PLW,..,..
1984,Panama,PAN,2929064300,2752048000
1984,Papua New Guinea,PNG,1356627218,1006842008
1984,Paraguay,PRY,1024424371,827269915.1
1984,Peru,PER,3057815383,3839792319
1984,Philippines,PHL,6389098503,6053575751
1984,Poland,POL,..,..
1984,Portugal,PRT,8884931526,7358490824
1984,Puerto Rico (US),PRI,9528400000,9146000000
1984,Qatar,QAT,..,..
1984,Romania,ROU,..,..
1984,Russian Federation,RUS,..,..
1984,Rwanda,RWA,312153025.6,200513030.2
1984,Samoa,WSM,..,..
1984,San Marino,SMR,..,..
1984,Sao Tome and Principe,STP,..,..
1984,Saudi Arabia,SAU,54097332577,41296821793
1984,Senegal,SEN,1482612971,797845320.5
1984,Serbia,SRB,..,..
1984,Seychelles,SYC,87652876.87,26935625.22
1984,Sierra Leone,SLE,134903085.7,115540150.2
1984,Singapore,SGP,30939233318,30900662565
1984,Sint Maarten (Dutch part),SXM,..,..
1984,Slovak Republic,SVK,..,..
1984,Slovenia,SVN,..,..
1984,Solomon Islands,SLB,172723097.4,101278543.5
1984,"Somalia, Fed. Rep.",SOM,481494597.3,115004196.8
1984,South Africa,ZAF,17732941000,19094719161
1984,South Sudan,SSD,..,..
1984,Spain,ESP,34830495757,36702571931
1984,Sri Lanka,LKA,2099724843,1740762579
1984,St. Kitts and Nevis,KNA,..,..
1984,St. Lucia,LCA,..,..
1984,St. Martin (French part),MAF,..,..
1984,St. Vincent and the Grenadines,VCT,..,..
1984,Sudan,SDN,1723076923,884615384.6
1984,Suriname,SUR,..,..
1984,Sweden,SWE,33130075921,36959043618
1984,Switzerland,CHE,48699438226,51768415117
1984,Syrian Arab Republic,SYR,4200952492,2174468579
1984,Tajikistan,TJK,..,..
1984,Tanzania,TZA,..,..
1984,Thailand,THA,10937559289,9154262959
1984,Timor-Leste,TLS,..,..
1984,Togo,TGO,527122811.6,519366252.8
1984,Tonga,TON,40447564.72,17095217.2
1984,Trinidad and Tobago,TTO,..,..
1984,Tunisia,TUN,3659087603,2720919425
1984,Turkiye,TUR,11791825613,9354223433
1984,Turkmenistan,TKM,..,..
1984,Turks and Caicos Islands,TCA,..,..
1984,Tuvalu,TUV,..,..
1984,Uganda,UGA,517947171.1,458913258.9
1984,Ukraine,UKR,..,..
1984,United Arab Emirates,ARE,..,..
1984,United Kingdom,GBR,1.27268E+11,1.28434E+11
1984,United States,USA,4.05107E+11,3.0238E+11
1984,Uruguay,URY,1036760496,1289223521
1984,Uzbekistan,UZB,..,..
1984,Vanuatu,VUT,84369646.28,78182001.41
1984,"Venezuela, RB",VEN,10508123515,15003121140
1984,Viet Nam,VNM,..,..
1984,Virgin Islands (U.S.),VIR,..,..
1984,West Bank and Gaza,PSE,..,..
1984,"Yemen, Rep.",YEM,..,..
1984,Zambia,ZMB,..,..
1984,Zimbabwe,ZWE,1322234363,1306736254
1984,Africa Eastern and Southern,AFE,..,35243771850
1984,Africa Western and Central,AFW,..,..
1984,Arab World,ARB,..,..
1984,Caribbean small states,CSS,..,..
1984,Central Europe and the Baltics,CEB,..,..
1984,Early-demographic dividend,EAR,2.90176E+11,2.69871E+11
1984,East Asia & Pacific,EAS,4.04343E+11,4.40248E+11
1984,East Asia & Pacific (excluding high income),EAP,87785812400,85956464312
1984,East Asia & Pacific (IDA & IBRD countries),TEA,87628891042,85848308403
1984,Euro area,EMU,6.50906E+11,6.37893E+11
1984,Europe & Central Asia,ECS,1.0394E+12,1.0411E+12
1984,Europe & Central Asia (excluding high income),ECA,..,..
1984,Europe & Central Asia (IDA & IBRD countries),TEC,..,..
1984,European Union,EUU,7.35397E+11,7.26502E+11
1984,Fragile and conflict affected situations,FCS,..,..
1984,Heavily indebted poor countries (HIPC),HPC,..,21203203380
1984,High income,HIC,1.9325E+12,1.87325E+12
1984,IBRD only,IBD,4.55121E+11,4.70506E+11
1984,IDA & IBRD total,IBT,5.16414E+11,5.13525E+11
1984,IDA blend,IDB,28672909067,..
1984,IDA only,IDX,..,..
1984,IDA total,IDA,66916774468,50868540014
1984,Late-demographic dividend,LTE,2.59355E+11,2.66595E+11
1984,Latin America & Caribbean,LCN,1.07178E+11,1.35157E+11
1984,Latin America & Caribbean (excluding high income),LAC,72478135198,96288534149
1984,Latin America & the Caribbean (IDA & IBRD countries),TLA,83577868564,1.15054E+11
1984,Least developed countries: UN classification,LDC,..,..
1984,Low & middle income,LMY,3.95469E+11,3.81587E+11
1984,Low income,LIC,..,..
1984,Lower middle income,LMC,99820442173,73131803290
1984,"Middle East, North Africa, Afghanistan & Pakistan",MEA,2.23504E+11,..
1984,"Middle East, North Africa, Afghanistan & Pakistan (excluding high income)",MNA,1.07506E+11,77631839120
1984,"Middle East, North Africa, Afghanistan & Pakistan (IDA & IBRD)",TMN,1.05228E+11,77282018610
1984,Middle income,MIC,3.7966E+11,3.72247E+11
1984,North America,NAC,4.92915E+11,4.02617E+11
1984,Not classified,INX,..,..
1984,OECD members,OED,1.68606E+12,1.63606E+12
1984,Other small states,OSS,..,..
1984,Pacific island small states,PSS,..,..
1984,Post-demographic dividend,PST,1.71301E+12,1.65426E+12
1984,Pre-demographic dividend,PRE,..,..
1984,Small states,SST,..,..
1984,South Asia,SAS,21974900948,16219006087
1984,South Asia (IDA & IBRD),TSA,21974900948,16219006087
1984,Sub-Saharan Africa,SSF,59398806740,61745481677
1984,Sub-Saharan Africa (excluding high income),SSA,58280444514,61089112374
1984,Sub-Saharan Africa (IDA & IBRD countries),TSS,59398806740,61745481677
1984,Upper middle income,UMC,2.80317E+11,2.99943E+11
1984,World,WLD,2.33751E+12,2.26644E+12
1985,Afghanistan,AFG,..,..
1985,Albania,ALB,362610722.6,319090897.4
1985,Algeria,DZA,15493853614,13664028064
1985,American Samoa,ASM,..,..
1985,Andorra,AND,..,..
1985,Angola,AGO,..,..
1985,Antigua and Barbuda,ATG,..,..
1985,Argentina,ARG,5529993736,10345475059
1985,Armenia,ARM,..,..
1985,Aruba,ABW,..,..
1985,Australia,AUS,31190673250,27497313397
1985,Austria,AUT,24397668263,24230778132
1985,Azerbaijan,AZE,..,..
1985,"Bahamas, The",BHS,1375500000,1503600000
1985,Bahrain,BHR,3280851064,3716489628
1985,Bangladesh,BGD,2860038462,1199576923
1985,Barbados,BRB,..,..
1985,Belarus,BLR,..,..
1985,Belgium,BEL,52988261431,53878264148
1985,Belize,BLZ,109048964,83652581
1985,Benin,BEN,383239093.3,247338455.1
1985,Bermuda,BMU,..,..
1985,Bhutan,BTN,88076806.47,25823143
1985,Bolivia,BOL,1228323633,1024367606
1985,Bosnia and Herzegovina,BIH,..,..
1985,Botswana,BWA,571123119.4,739001570
1985,Brazil,BRA,15818492521,27305943481
1985,British Virgin Islands,VGB,..,..
1985,Brunei Darussalam,BRN,..,..
1985,Bulgaria,BGR,7411526316,7341684211
1985,Burkina Faso,BFA,481677816.6,154030064.3
1985,Burundi,BDI,..,..
1985,Cabo Verde,CPV,109057057.8,31179570.27
1985,Cambodia,KHM,..,..
1985,Cameroon,CMR,2698093753,2858134101
1985,Canada,CAN,92626876602,1.00873E+11
1985,Cayman Islands,CYM,..,..
1985,Central African Republic,CAF,273603680.1,190340640.2
1985,Chad,TCD,323630060.7,123003840.6
1985,Channel Islands,CHI,..,..
1985,Chile,CHL,4311198581,4651072800
1985,China,CHN,38302403274,25801403274
1985,Colombia,COL,4370638535,4818142149
1985,Comoros,COM,51673377.83,16961672.8
1985,"Congo, Dem. Rep.",COD,..,..
1985,"Congo, Rep.",COG,1210204368,1227120963
1985,Costa Rica,CRI,1272805941,1204104950
1985,Cote d'Ivoire,CIV,2260591396,3263790017
1985,Croatia,HRV,..,..
1985,Cuba,CUB,10307791680,7725366416
1985,Curacao,CUW,..,..
1985,Cyprus,CYP,1429846929,1184542898
1985,Czechia,CZE,..,..
1985,Denmark,DNK,22341632158,22827227077
1985,Djibouti,DJI,..,..
1985,Dominica,DMA,..,..
1985,Dominican Republic,DOM,1555450606,1319814445
1985,Ecuador,ECU,2750017258,3375175709
1985,"Egypt, Arab Rep.",EGY,10888912156,7119673333
1985,El Salvador,SLV,1135807500,848385400
1985,Equatorial Guinea,GNQ,..,..
1985,Eritrea,ERI,..,..
1985,Estonia,EST,..,..
1985,Eswatini,SWZ,..,..
1985,Ethiopia,ETH,..,..
1985,Faroe Islands,FRO,248197688.4,183175556.4
1985,Fiji,FJI,..,..
1985,Finland,FIN,15264773599,15638910207
1985,France,FRA,1.33895E+11,1.33608E+11
1985,French Polynesia,PYF,..,..
1985,Gabon,GAB,1913133445,2089867355
1985,"Gambia, The",GMB,121704015.1,99014528.98
1985,Georgia,GEO,..,..
1985,Germany,DEU,1.82999E+11,1.67947E+11
1985,Ghana,GHA,612106092.4,479910714.3
1985,Gibraltar,GIB,..,..
1985,Greece,GRC,10969930915,7578756477
1985,Greenland,GRL,..,..
1985,Grenada,GRD,..,..
1985,Guam,GUM,..,..
1985,Guatemala,GTM,1262260870,1161565304
1985,Guinea,GIN,..,..
1985,Guinea-Bissau,GNB,215810079.7,36490902.84
1985,Guyana,GUY,280627907,218069767.4
1985,Haiti,HTI,..,..
1985,Honduras,HND,1527600000,1393250000
1985,"Hong Kong SAR, China",HKG,33515130122,37099123961
1985,Hungary,HUN,..,..
1985,Iceland,ISL,1181924655,1183251903
1985,India,IND,17776627208,12217447522
1985,Indonesia,IDN,17860217184,20279853770
1985,"Iran, Islamic Rep.",IRN,25746070825,16006784597
1985,Iraq,IRQ,14438709677,12176451613
1985,Ireland,IRL,11426996752,11493857750
1985,Isle of Man,IMN,..,..
1985,Israel,ISR,11785377046,10087095598
1985,Italy,ITA,97337834905,95474838252
1985,Jamaica,JAM,..,..
1985,Japan,JPN,1.49721E+11,1.94351E+11
1985,Jordan,JOR,3807918910,1980361102
1985,Kazakhstan,KAZ,..,..
1985,Kenya,KEN,1849498187,1552098193
1985,Kiribati,KIR,14844290.26,9418388.918
1985,"Korea, Dem. People's Rep.",PRK,..,..
1985,"Korea, Rep.",KOR,26160433093,27098802326
1985,Kosovo,XKX,..,..
1985,Kuwait,KWT,9166990520,11511107454
1985,Kyrgyz Republic,KGZ,..,..
1985,Lao PDR,LAO,231111111.1,95555562.22
1985,Latvia,LVA,..,..
1985,Lebanon,LBN,..,..
1985,Lesotho,LSO,..,..
1985,Liberia,LBR,..,..
1985,Libya,LBY,..,..
1985,Liechtenstein,LIE,..,..
1985,Lithuania,LTU,..,..
1985,Luxembourg,LUX,4440312521,5014838644
1985,"Macao SAR, China",MAC,1256806923,1442083742
1985,Madagascar,MDG,477012482.6,376255635.3
1985,Malawi,MWI,..,..
1985,Malaysia,MYS,15529741341,17131003020
1985,Maldives,MDV,..,..
1985,Mali,MLI,592169891.4,233359988.8
1985,Malta,MLT,884760856.4,720979706.9
1985,Marshall Islands,MHL,..,..
1985,Mauritania,MRT,563391027.8,479510830.5
1985,Mauritius,MUS,596406678.9,576008404.9
1985,Mexico,MEX,19065246504,28439428976
1985,"Micronesia, Fed. Sts.",FSM,..,..
1985,Moldova,MDA,..,..
1985,Monaco,MCO,..,..
1985,Mongolia,MNG,1491340800,584447425
1985,Montenegro,MNE,..,..
1985,Morocco,MAR,5067330816,3824760012
1985,Mozambique,MOZ,..,..
1985,Myanmar,MMR,..,..
1985,Namibia,NAM,645147528.5,830115794.4
1985,Nauru,NRU,..,..
1985,Nepal,NPL,523971554.7,302055495.9
1985,Netherlands,NLD,78045086253,87007504644
1985,New Caledonia,NCL,..,..
1985,New Zealand,NZL,7759079284,7232225064
1985,Nicaragua,NIC,585751365.9,396280490.1
1985,Niger,NER,473096879.8,297998034.6
1985,Nigeria,NGA,..,..
1985,North Macedonia,MKD,..,..
1985,Northern Mariana Islands,MNP,..,..
1985,Norway,NOR,22448587912,27037523845
1985,Oman,OMN,3720377828,4985596201
1985,Pakistan,PAK,7040171504,3290831135
1985,Palau,PLW,..,..
1985,Panama,PAN,3180313400,2972609600
1985,Papua New Guinea,PNG,1270800968,1020579538
1985,Paraguay,PRY,890425801.6,888944749
1985,Peru,PER,2824798399,3942344117
1985,Philippines,PHL,5530347257,5951187302
1985,Poland,POL,..,..
1985,Portugal,PRT,8751378986,7929289328
1985,Puerto Rico (US),PRI,10112200000,10543700000
1985,Qatar,QAT,..,..
1985,Romania,ROU,..,..
1985,Russian Federation,RUS,..,..
1985,Rwanda,RWA,341193276.2,184987523.9
1985,Samoa,WSM,..,..
1985,San Marino,SMR,..,..
1985,Sao Tome and Principe,STP,..,..
1985,Saudi Arabia,SAU,38070679183,31243235781
1985,Senegal,SEN,1294595860,715458891.8
1985,Serbia,SRB,..,..
1985,Seychelles,SYC,98778680.5,29326494.99
1985,Sierra Leone,SLE,142324303.1,127012171.2
1985,Singapore,SGP,29103089400,29160517557
1985,Sint Maarten (Dutch part),SXM,..,..
1985,Slovak Republic,SVK,..,..
1985,Slovenia,SVN,..,..
1985,Solomon Islands,SLB,157350886.4,79013106.05
1985,"Somalia, Fed. Rep.",SOM,169206456.5,55477537.08
1985,South Africa,ZAF,12921130268,17986023085
1985,South Sudan,SSD,..,..
1985,Spain,ESP,36161758317,37762612524
1985,Sri Lanka,LKA,2269734904,1555117820
1985,St. Kitts and Nevis,KNA,..,..
1985,St. Lucia,LCA,..,..
1985,St. Martin (French part),MAF,..,..
1985,St. Vincent and the Grenadines,VCT,..,..
1985,Sudan,SDN,959190981,464404683.1
1985,Suriname,SUR,..,..
1985,Sweden,SWE,35584567928,37450573228
1985,Switzerland,CHE,50189738716,53013588377
1985,Syrian Arab Republic,SYR,4173565121,1960935036
1985,Tajikistan,TJK,..,..
1985,Tanzania,TZA,..,..
1985,Thailand,THA,10091466561,9030266962
1985,Timor-Leste,TLS,..,..
1985,Togo,TGO,615157677.8,521170889
1985,Tonga,TON,43380822.68,18094839.03
1985,Trinidad and Tobago,TTO,..,..
1985,Tunisia,TUN,3207085474,2699953026
1985,Turkiye,TUR,12751532567,10663601533
1985,Turkmenistan,TKM,..,..
1985,Turks and Caicos Islands,TCA,..,..
1985,Tuvalu,TUV,..,..
1985,Uganda,UGA,528247560.9,483554233.9
1985,Ukraine,UKR,..,..
1985,United Arab Emirates,ARE,..,..
1985,United Kingdom,GBR,1.30953E+11,1.37914E+11
1985,United States,USA,4.17229E+11,3.03211E+11
1985,Uruguay,URY,998457827.5,1266123611
1985,Uzbekistan,UZB,..,..
1985,Vanuatu,VUT,85455334.24,60283687.94
1985,"Venezuela, RB",VEN,10466520000,13973026667
1985,Viet Nam,VNM,..,..
1985,Virgin Islands (U.S.),VIR,..,..
1985,West Bank and Gaza,PSE,..,..
1985,"Yemen, Rep.",YEM,..,..
1985,Zambia,ZMB,..,..
1985,Zimbabwe,ZWE,1241275948,1252436243
1985,Africa Eastern and Southern,AFE,..,32861122560
1985,Africa Western and Central,AFW,..,..
1985,Arab World,ARB,..,..
1985,Caribbean small states,CSS,..,..
1985,Central Europe and the Baltics,CEB,..,..
1985,Early-demographic dividend,EAR,2.66755E+11,2.50433E+11
1985,East Asia & Pacific,EAS,4.03725E+11,4.42984E+11
1985,East Asia & Pacific (excluding high income),EAP,96641355936,82464211105
1985,East Asia & Pacific (IDA & IBRD countries),TEA,96468604869,82360449372
1985,Euro area,EMU,6.72725E+11,6.62049E+11
1985,Europe & Central Asia,ECS,1.07894E+12,1.08606E+12
1985,Europe & Central Asia (excluding high income),ECA,..,..
1985,Europe & Central Asia (IDA & IBRD countries),TEC,..,..
1985,European Union,EUU,7.63205E+11,7.53666E+11
1985,Fragile and conflict affected situations,FCS,..,..
1985,Heavily indebted poor countries (HIPC),HPC,..,20701707129
1985,High income,HIC,1.96004E+12,1.91351E+12
1985,IBRD only,IBD,4.61441E+11,4.56083E+11
1985,IDA & IBRD total,IBT,5.23539E+11,4.98794E+11
1985,IDA blend,IDB,29693430152,..
1985,IDA only,IDX,..,..
1985,IDA total,IDA,67793880024,50528990630
1985,Late-demographic dividend,LTE,2.78416E+11,2.67131E+11
1985,Latin America & Caribbean,LCN,1.05471E+11,1.33498E+11
1985,Latin America & Caribbean (excluding high income),LAC,70277865654,93755238156
1985,Latin America & the Caribbean (IDA & IBRD countries),TLA,81410457129,1.1182E+11
1985,Least developed countries: UN classification,LDC,..,..
1985,Low & middle income,LMY,4.00287E+11,3.7024E+11
1985,Low income,LIC,..,..
1985,Lower middle income,LMC,99958002205,71931280819
1985,"Middle East, North Africa, Afghanistan & Pakistan",MEA,2.01462E+11,..
1985,"Middle East, North Africa, Afghanistan & Pakistan (excluding high income)",MNA,1.0698E+11,74471921225
1985,"Middle East, North Africa, Afghanistan & Pakistan (IDA & IBRD)",TMN,1.04713E+11,74136339771
1985,Middle income,MIC,3.8505E+11,3.61892E+11
1985,North America,NAC,5.10134E+11,4.04669E+11
1985,Not classified,INX,..,..
1985,OECD members,OED,1.73242E+12,1.68213E+12
1985,Other small states,OSS,..,..
1985,Pacific island small states,PSS,..,..
1985,Post-demographic dividend,PST,1.75683E+12,1.7002E+12
1985,Pre-demographic dividend,PRE,..,..
1985,Small states,SST,..,..
1985,South Asia,SAS,23918138042,15498864697
1985,South Asia (IDA & IBRD),TSA,23918138042,15498864697
1985,Sub-Saharan Africa,SSF,52332007006,59838004214
1985,Sub-Saharan Africa (excluding high income),SSA,51314764181,59196850037
1985,Sub-Saharan Africa (IDA & IBRD countries),TSS,52332007006,59838004214
1985,Upper middle income,UMC,2.855E+11,2.90787E+11
1985,World,WLD,2.36989E+12,2.29632E+12
1986,Afghanistan,AFG,..,..
1986,Albania,ALB,336224987.5,327312512.5
1986,Algeria,DZA,14758682284,8187453058
1986,American Samoa,ASM,..,..
1986,Andorra,AND,..,..
1986,Angola,AGO,..,..
1986,Antigua and Barbuda,ATG,..,..
1986,Argentina,ARG,6695427336,8641279278
1986,Armenia,ARM,..,..
1986,Aruba,ABW,..,..
1986,Australia,AUS,32912702854,27321628428
1986,Austria,AUT,31708294727,31689308698
1986,Azerbaijan,AZE,..,..
1986,"Bahamas, The",BHS,1431700000,1577900000
1986,Bahrain,BHR,2588829787,3013031915
1986,Bangladesh,BGD,2577133333,1128533333
1986,Barbados,BRB,..,..
1986,Belarus,BLR,..,..
1986,Belgium,BEL,66063110890,68750421709
1986,Belize,BLZ,112664081.5,104359482
1986,Benin,BEN,435776312.7,222807317.5
1986,Bermuda,BMU,..,..
1986,Bhutan,BTN,105556865.3,35502016.4
1986,Bolivia,BOL,1017852210,844299281
1986,Bosnia and Herzegovina,BIH,..,..
1986,Botswana,BWA,684167897.7,951576888.2
1986,Brazil,BRA,17038985026,23640555933
1986,British Virgin Islands,VGB,..,..
1986,Brunei Darussalam,BRN,..,..
1986,Bulgaria,BGR,8802352941,8106529412
1986,Burkina Faso,BFA,589940831.9,183075139
1986,Burundi,BDI,..,..
1986,Cabo Verde,CPV,143832315.7,33573408.03
1986,Cambodia,KHM,..,..
1986,Cameroon,CMR,2694449198,2760485196
1986,Canada,CAN,98835552357,1.02285E+11
1986,Cayman Islands,CYM,..,..
1986,Central African Republic,CAF,321221783.2,204099898.9
1986,Chad,TCD,377752728.1,143026030.2
1986,Channel Islands,CHI,..,..
1986,Chile,CHL,4673923939,5162723063
1986,China,CHN,33592580690,26202580690
1986,Colombia,COL,4190788878,6582202894
1986,Comoros,COM,69494633.7,22808892.22
1986,"Congo, Dem. Rep.",COD,..,..
1986,"Congo, Rep.",COG,992475138.4,736631969.2
1986,Costa Rica,CRI,1347578853,1384953405
1986,Cote d'Ivoire,CIV,2764108255,3617154609
1986,Croatia,HRV,..,..
1986,Cuba,CUB,10606362971,7687511279
1986,Curacao,CUW,..,..
1986,Cyprus,CYP,1496618983,1391979209
1986,Czechia,CZE,..,..
1986,Denmark,DNK,28623980349,28448676060
1986,Djibouti,DJI,..,..
1986,Dominica,DMA,..,..
1986,Dominican Republic,DOM,1621540299,1404388030
1986,Ecuador,ECU,2677095329,2393508491
1986,"Egypt, Arab Rep.",EGY,9167446211,5706267540
1986,El Salvador,SLV,1095515800,930400000
1986,Equatorial Guinea,GNQ,..,..
1986,Eritrea,ERI,..,..
1986,Estonia,EST,..,..
1986,Eswatini,SWZ,..,..
1986,Ethiopia,ETH,..,..
1986,Faroe Islands,FRO,354962654.8,251267088.1
1986,Fiji,FJI,..,..
1986,Finland,FIN,17894675111,18858784893
1986,France,FRA,1.61558E+11,1.63574E+11
1986,French Polynesia,PYF,..,..
1986,Gabon,GAB,1861937647,1197784950
1986,"Gambia, The",GMB,104144840.5,86556333.59
1986,Georgia,GEO,..,..
1986,Germany,DEU,2.26641E+11,2.22601E+11
1986,Ghana,GHA,1154912517,950751458.1
1986,Gibraltar,GIB,..,..
1986,Greece,GRC,13308325219,9799520448
1986,Greenland,GRL,..,..
1986,Grenada,GRD,..,..
1986,Guam,GUM,..,..
1986,Guatemala,GTM,1055296758,1160867534
1986,Guinea,GIN,560097159.3,620341457.6
1986,Guinea-Bissau,GNB,107769545.3,17722485
1986,Guyana,GUY,268534883.7,233674418.6
1986,Haiti,HTI,..,..
1986,Honduras,HND,1556400000,1586500000
1986,"Hong Kong SAR, China",HKG,39268861139,43008160744
1986,Hungary,HUN,..,..
1986,Iceland,ISL,1369556639,1516684791
1986,India,IND,17486411450,12937864154
1986,Indonesia,IDN,16401727040,16387068857
1986,"Iran, Islamic Rep.",IRN,21773514754,7802605539
1986,Iraq,IRQ,12495483871,7799354839
1986,Ireland,IRL,13790559559,14098603222
1986,Isle of Man,IMN,..,..
1986,Israel,ISR,12705184837,11055703051
1986,Italy,ITA,1.11808E+11,1.19777E+11
1986,Jamaica,JAM,..,..
1986,Japan,JPN,1.5049E+11,2.26865E+11
1986,Jordan,JOR,3427475812,1811890298
1986,Kazakhstan,KAZ,..,..
1986,Kenya,KEN,2163994300,1871195154
1986,Kiribati,KIR,13602250.44,10199072.31
1986,"Korea, Dem. People's Rep.",PRK,..,..
1986,"Korea, Rep.",KOR,32919918017,37166083048
1986,Kosovo,XKX,..,..
1986,Kuwait,KWT,8596155818,8269241040
1986,Kyrgyz Republic,KGZ,..,..
1986,Lao PDR,LAO,136842104.3,64210525.19
1986,Latvia,LVA,..,..
1986,Lebanon,LBN,..,..
1986,Lesotho,LSO,..,..
1986,Liberia,LBR,..,..
1986,Libya,LBY,..,..
1986,Liechtenstein,LIE,..,..
1986,Lithuania,LTU,..,..
1986,Luxembourg,LUX,5901361748,6703202998
1986,"Macao SAR, China",MAC,1480440046,1661267630
1986,Madagascar,MDG,508615749.3,428072463.8
1986,Malawi,MWI,..,..
1986,Malaysia,MYS,13922838476,15613366483
1986,Maldives,MDV,..,..
1986,Mali,MLI,645671925.9,273746415.8
1986,Malta,MLT,1059411575,923230823.7
1986,Marshall Islands,MHL,..,..
1986,Mauritania,MRT,650009596.8,528194860.1
1986,Mauritius,MUS,787666568.8,885094544.5
1986,Mexico,MEX,17390079327,22446879807
1986,"Micronesia, Fed. Sts.",FSM,..,..
1986,Moldova,MDA,..,..
1986,Monaco,MCO,..,..
1986,Mongolia,MNG,2357290000,874014900
1986,Montenegro,MNE,..,..
1986,Morocco,MAR,5526888963,4258765117
1986,Mozambique,MOZ,..,..
1986,Myanmar,MMR,..,..
1986,Namibia,NAM,835615682.4,1022542548
1986,Nauru,NRU,..,..
1986,Nepal,NPL,578786925.8,332466751.7
1986,Netherlands,NLD,92542898003,1.03001E+11
1986,New Caledonia,NCL,..,..
1986,New Zealand,NZL,7997993240,8152196874
1986,Nicaragua,NIC,601158383.7,368698847.7
1986,Niger,NER,393993282.9,380827485.1
1986,Nigeria,NGA,..,..
1986,North Macedonia,MKD,..,..
1986,Northern Mariana Islands,MNP,..,..
1986,Norway,NOR,28849987153,26003083289
1986,Oman,OMN,2997523182,2874480996
1986,Pakistan,PAK,6415065096,3922380657
1986,Palau,PLW,..,..
1986,Panama,PAN,3413764500,3202394800
1986,Papua New Guinea,PNG,1359873236,1153987795
1986,Paraguay,PRY,1223304161,1276819838
1986,Peru,PER,3950815558,3594264205
1986,Philippines,PHL,5497051340,6310106782
1986,Poland,POL,..,..
1986,Portugal,PRT,10858608766,10071952821
1986,Puerto Rico (US),PRI,10098900000,11571400000
1986,Qatar,QAT,..,..
1986,Romania,ROU,..,..
1986,Russian Federation,RUS,..,..
1986,Rwanda,RWA,391947041.7,244728575
1986,Samoa,WSM,..,..
1986,San Marino,SMR,..,..
1986,Sao Tome and Principe,STP,..,..
1986,Saudi Arabia,SAU,31120442884,23221442074
1986,Senegal,SEN,1524007492,892982436.6
1986,Serbia,SRB,..,..
1986,Seychelles,SYC,105551554.9,19278075.74
1986,Sierra Leone,SLE,73576932.64,58414118.82
1986,Singapore,SGP,27154402073,27644243443
1986,Sint Maarten (Dutch part),SXM,..,..
1986,Slovak Republic,SVK,..,..
1986,Slovenia,SVN,..,..
1986,Solomon Islands,SLB,146425495.3,86706861.9
1986,"Somalia, Fed. Rep.",SOM,273465478,64782760.65
1986,South Africa,ZAF,14231748177,19987466259
1986,South Sudan,SSD,..,..
1986,Spain,ESP,43101197576,45782844244
1986,Sri Lanka,LKA,2262919343,1519200571
1986,St. Kitts and Nevis,KNA,..,..
1986,St. Lucia,LCA,..,..
1986,St. Martin (French part),MAF,..,..
1986,St. Vincent and the Grenadines,VCT,..,..
1986,Sudan,SDN,828000000,480000000
1986,Suriname,SUR,..,..
1986,Sweden,SWE,41574831686,46083452608
1986,Switzerland,CHE,68619330146,69923799544
1986,Syrian Arab Republic,SYR,2957326806,1497286368
1986,Tajikistan,TJK,..,..
1986,Tanzania,TZA,..,..
1986,Thailand,THA,10157503648,11033548459
1986,Timor-Leste,TLS,..,..
1986,Togo,TGO,834337849.3,658172672.9
1986,Tonga,TON,47652406.42,17534759.36
1986,Trinidad and Tobago,TTO,..,..
1986,Tunisia,TUN,3363856988,2721814946
1986,Turkiye,TUR,12184888889,10073925926
1986,Turkmenistan,TKM,..,..
1986,Turks and Caicos Islands,TCA,..,..
1986,Tuvalu,TUV,..,..
1986,Uganda,UGA,597834914.5,502571961.5
1986,Ukraine,UKR,..,..
1986,United Arab Emirates,ARE,..,..
1986,United Kingdom,GBR,1.52908E+11,1.50993E+11
1986,United States,USA,4.52867E+11,3.20998E+11
1986,Uruguay,URY,1191819539,1541476815
1986,Uzbekistan,UZB,..,..
1986,Vanuatu,VUT,76926668.91,41260413.16
1986,"Venezuela, RB",VEN,11927109278,11675344330
1986,Viet Nam,VNM,4370865661,1744152761
1986,Virgin Islands (U.S.),VIR,..,..
1986,West Bank and Gaza,PSE,..,..
1986,"Yemen, Rep.",YEM,..,..
1986,Zambia,ZMB,..,..
1986,Zimbabwe,ZWE,1338752892,1496041260
1986,Africa Eastern and Southern,AFE,..,37452278093
1986,Africa Western and Central,AFW,..,..
1986,Arab World,ARB,..,..
1986,Caribbean small states,CSS,..,..
1986,Central Europe and the Baltics,CEB,..,..
1986,Early-demographic dividend,EAR,2.52412E+11,2.13694E+11
1986,East Asia & Pacific,EAS,4.14465E+11,4.99452E+11
1986,East Asia & Pacific (excluding high income),EAP,89283916795,80129658207
1986,East Asia & Pacific (IDA & IBRD countries),TEA,89124317504,80028833957
1986,Euro area,EMU,8.14357E+11,8.32846E+11
1986,Europe & Central Asia,ECS,1.30665E+12,1.32829E+12
1986,Europe & Central Asia (excluding high income),ECA,..,..
1986,Europe & Central Asia (IDA & IBRD countries),TEC,..,..
1986,European Union,EUU,9.23789E+11,9.45549E+11
1986,Fragile and conflict affected situations,FCS,..,..
1986,Heavily indebted poor countries (HIPC),HPC,29363212196,21789813248
1986,High income,HIC,2.22938E+12,2.21243E+12
1986,IBRD only,IBD,4.47722E+11,4.09213E+11
1986,IDA & IBRD total,IBT,5.09698E+11,4.54582E+11
1986,IDA blend,IDB,30021386927,..
1986,IDA only,IDX,..,..
1986,IDA total,IDA,67703495931,53840655847
1986,Late-demographic dividend,LTE,2.75335E+11,2.66908E+11
1986,Latin America & Caribbean,LCN,1.09887E+11,1.22781E+11
1986,Latin America & Caribbean (excluding high income),LAC,72185226937,83272814296
1986,Latin America & the Caribbean (IDA & IBRD countries),TLA,85406613523,1.00139E+11
1986,Least developed countries: UN classification,LDC,..,..
1986,Low & middle income,LMY,3.84862E+11,3.35165E+11
1986,Low income,LIC,..,..
1986,Lower middle income,LMC,98620401809,74188352113
1986,"Middle East, North Africa, Afghanistan & Pakistan",MEA,1.78563E+11,..
1986,"Middle East, North Africa, Afghanistan & Pakistan (excluding high income)",MNA,95101399032,51894278598
1986,"Middle East, North Africa, Afghanistan & Pakistan (IDA & IBRD)",TMN,93086590319,51660435329
1986,Middle income,MIC,3.70833E+11,3.27093E+11
1986,North America,NAC,5.52004E+11,4.23895E+11
1986,Not classified,INX,..,..
1986,OECD members,OED,1.98552E+12,1.95792E+12
1986,Other small states,OSS,..,..
1986,Pacific island small states,PSS,..,..
1986,Post-demographic dividend,PST,2.01557E+12,1.98302E+12
1986,Pre-demographic dividend,PRE,..,..
1986,Small states,SST,..,..
1986,South Asia,SAS,23401869814,16160904304
1986,South Asia (IDA & IBRD),TSA,23401869814,16160904304
1986,Sub-Saharan Africa,SSF,57987008441,64915455234
1986,Sub-Saharan Africa (excluding high income),SSA,56865622221,64239586664
1986,Sub-Saharan Africa (IDA & IBRD countries),TSS,57987008441,64915455234
1986,Upper middle income,UMC,2.72746E+11,2.53894E+11
1986,World,WLD,2.63372E+12,2.56768E+12
1987,Afghanistan,AFG,..,..
1987,Albania,ALB,335624987.5,333550012.5
1987,Algeria,DZA,12289313328,9526280058
1987,American Samoa,ASM,..,..
1987,Andorra,AND,..,..
1987,Angola,AGO,..,..
1987,Antigua and Barbuda,ATG,..,..
1987,Argentina,ARG,8243255952,8566904947
1987,Armenia,ARM,..,..
1987,Aruba,ABW,..,..
1987,Australia,AUS,32314716781,29290629963
1987,Austria,AUT,39047896169,38996594471
1987,Azerbaijan,AZE,..,..
1987,"Bahamas, The",BHS,1514500000,1664300000
1987,Bahrain,BHR,2964627660,3472340426
1987,Bangladesh,BGD,2842322581,1212483871
1987,Barbados,BRB,..,..
1987,Belarus,BLR,..,..
1987,Belgium,BEL,80749672609,83463311723
1987,Belize,BLZ,147241619.5,137936011
1987,Benin,BEN,483576069.9,238541726.2
1987,Bermuda,BMU,..,..
1987,Bhutan,BTN,96429425.61,59610384.6
1987,Bolivia,BOL,1043169567,853524498.1
1987,Bosnia and Herzegovina,BIH,..,..
1987,Botswana,BWA,951998908.8,1476466415
1987,Brazil,BRA,18211637170,27820190341
1987,British Virgin Islands,VGB,..,..
1987,Brunei Darussalam,BRN,..,..
1987,Bulgaria,BGR,11977307692,11461076923
1987,Burkina Faso,BFA,665476421.8,269185210.5
1987,Burundi,BDI,..,..
1987,Cabo Verde,CPV,154640256.5,42578548.71
1987,Cambodia,KHM,..,..
1987,Cameroon,CMR,2691627936,2178543701
1987,Canada,CAN,1.0769E+11,1.1263E+11
1987,Cayman Islands,CYM,..,..
1987,Central African Republic,CAF,342886733.4,214306703.9
1987,Chad,TCD,423865233.4,179740702.9
1987,Channel Islands,CHI,..,..
1987,Chile,CHL,5751612001,6306734128
1987,China,CHN,33781853910,34072853910
1987,Colombia,COL,4697932910,6165155373
1987,Comoros,COM,84341043.35,27682319.16
1987,"Congo, Dem. Rep.",COD,..,..
1987,"Congo, Rep.",COG,887412826.7,958951543.5
1987,Costa Rica,CRI,1621277680,1433877649
1987,Cote d'Ivoire,CIV,2987989287,3372301899
1987,Croatia,HRV,..,..
1987,Cuba,CUB,11073229683,8295404426
1987,Curacao,CUW,..,..
1987,Cyprus,CYP,1862396346,1751888794
1987,Czechia,CZE,..,..
1987,Denmark,DNK,32440355248,34688518632
1987,Djibouti,DJI,..,..
1987,Dominica,DMA,..,..
1987,Dominican Republic,DOM,1895596550,1487383601
1987,Ecuador,ECU,3118843926,2142866433
1987,"Egypt, Arab Rep.",EGY,9190887667,5106048704
1987,El Salvador,SLV,1033141700,751724100
1987,Equatorial Guinea,GNQ,..,..
1987,Eritrea,ERI,..,..
1987,Estonia,EST,..,..
1987,Eswatini,SWZ,..,..
1987,Ethiopia,ETH,..,..
1987,Faroe Islands,FRO,472638914.2,353053813.1
1987,Fiji,FJI,..,..
1987,Finland,FIN,22422561883,22897335317
1987,France,FRA,1.98155E+11,1.91117E+11
1987,French Polynesia,PYF,..,..
1987,Gabon,GAB,1484012451,1401160635
1987,"Gambia, The",GMB,130802612.2,109029387.7
1987,Georgia,GEO,2987092336,3038593928
1987,Germany,DEU,2.72758E+11,2.6836E+11
1987,Ghana,GHA,1328870748,997843537.4
1987,Gibraltar,GIB,..,..
1987,Greece,GRC,15023311525,11688341721
1987,Greenland,GRL,..,..
1987,Grenada,GRD,..,..
1987,Guam,GUM,..,..
1987,Guatemala,GTM,1579400000,1122800040
1987,Guinea,GIN,626828734.9,645766103.6
1987,Guinea-Bissau,GNB,176040265.2,51366733.5
1987,Guyana,GUY,321836724.5,282142846.9
1987,Haiti,HTI,..,..
1987,Honduras,HND,1548750000,1494350000
1987,"Hong Kong SAR, China",HKG,51815984355,57087679928
1987,Hungary,HUN,..,..
1987,Iceland,ISL,1927004902,1864331518
1987,India,IND,19477194741,15638662914
1987,Indonesia,IDN,17006296443,18661070321
1987,"Iran, Islamic Rep.",IRN,11695655291,12271835670
1987,Iraq,IRQ,14833548387,13184193548
1987,Ireland,IRL,16385098315,17787856976
1987,Isle of Man,IMN,..,..
1987,Israel,ISR,16608825411,13110639659
1987,Italy,ITA,1.41633E+11,1.449E+11
1987,Jamaica,JAM,..,..
1987,Japan,JPN,1.81576E+11,2.517E+11
1987,Jordan,JOR,3899142880,2234244030
1987,Kazakhstan,KAZ,..,..
1987,Kenya,KEN,2104101026,1698200923
1987,Kiribati,KIR,37078471.2,9977916.649
1987,"Korea, Dem. People's Rep.",PRK,..,..
1987,"Korea, Rep.",KOR,41753533905,51281992055
1987,Kosovo,XKX,..,..
1987,Kuwait,KWT,8303936655,11752547342
1987,Kyrgyz Republic,KGZ,..,..
1987,Lao PDR,LAO,152469487.3,66241427.16
1987,Latvia,LVA,..,..
1987,Lebanon,LBN,..,..
1987,Lesotho,LSO,..,..
1987,Liberia,LBR,..,..
1987,Libya,LBY,..,..
1987,Liechtenstein,LIE,..,..
1987,Lithuania,LTU,..,..
1987,Luxembourg,LUX,7485394922,8110552134
1987,"Macao SAR, China",MAC,1796797127,2159227787
1987,Madagascar,MDG,513724261.9,454292492.4
1987,Malawi,MWI,..,..
1987,Malaysia,MYS,15776869534,20240209109
1987,Maldives,MDV,..,..
1987,Mali,MLI,662481791.5,338394767.4
1987,Malta,MLT,1374200122,1218554162
1987,Marshall Islands,MHL,..,..
1987,Mauritania,MRT,618370338.5,523245223.1
1987,Mauritius,MUS,1175706233,1214376183
1987,Mexico,MEX,18775902765,27349325162
1987,"Micronesia, Fed. Sts.",FSM,..,..
1987,Moldova,MDA,..,..
1987,Monaco,MCO,..,..
1987,Mongolia,MNG,2182762167,930447966.7
1987,Montenegro,MNE,..,..
1987,Morocco,MAR,5914964605,4893088773
1987,Mozambique,MOZ,..,..
1987,Myanmar,MMR,..,..
1987,Namibia,NAM,1181713955,1068825357
1987,Nauru,NRU,..,..
1987,Nepal,NPL,618261968.8,349348712.9
1987,Netherlands,NLD,1.126E+11,1.22355E+11
1987,New Caledonia,NCL,..,..
1987,New Zealand,NZL,9643454039,10547199010
1987,Nicaragua,NIC,529939250.1,453312552.5
1987,Niger,NER,562306432.5,464530515.3
1987,Nigeria,NGA,..,..
1987,North Macedonia,MKD,..,..
1987,Northern Mariana Islands,MNP,..,..
1987,Norway,NOR,31705380334,29427235622
1987,Oman,OMN,2270480884,3817945384
1987,Pakistan,PAK,6366035537,4605651034
1987,Palau,PLW,..,..
1987,Panama,PAN,3497613100,3233834800
1987,Papua New Guinea,PNG,1561627340,1357089280
1987,Paraguay,PRY,1433992382,1444433946
1987,Peru,PER,5417433054,4672236797
1987,Philippines,PHL,7110796810,7007121197
1987,Poland,POL,..,..
1987,Portugal,PRT,15532868934,13172520279
1987,Puerto Rico (US),PRI,10723800000,12068100000
1987,Qatar,QAT,..,..
1987,Romania,ROU,..,..
1987,Russian Federation,RUS,..,..
1987,Rwanda,RWA,412959120,160729866.9
1987,Samoa,WSM,..,..
1987,San Marino,SMR,..,..
1987,Sao Tome and Principe,STP,..,..
1987,Saudi Arabia,SAU,31821094793,26447263017
1987,Senegal,SEN,1626029779,929471805.9
1987,Serbia,SRB,..,..
1987,Seychelles,SYC,113196061.9,23213176.3
1987,Sierra Leone,SLE,153071115.9,210997855.7
1987,Singapore,SGP,33687287591,34308211629
1987,Sint Maarten (Dutch part),SXM,..,..
1987,Slovak Republic,SVK,..,..
1987,Slovenia,SVN,..,..
1987,Solomon Islands,SLB,156242824.3,88853746.73
1987,"Somalia, Fed. Rep.",SOM,315205176.1,67562031.22
1987,South Africa,ZAF,17453548150,25959795347
1987,South Sudan,SSD,..,..
1987,Spain,ESP,59270990433,56558264385
1987,Sri Lanka,LKA,2385292120,1683389946
1987,St. Kitts and Nevis,KNA,..,..
1987,St. Lucia,LCA,..,..
1987,St. Martin (French part),MAF,..,..
1987,St. Vincent and the Grenadines,VCT,..,..
1987,Sudan,SDN,1346666667,666666666.7
1987,Suriname,SUR,..,..
1987,Sweden,SWE,52071738849,55328058324
1987,Switzerland,CHE,79510329936,82090040907
1987,Syrian Arab Republic,SYR,3286057265,1778676863
1987,Tajikistan,TJK,..,..
1987,Tanzania,TZA,..,..
1987,Thailand,THA,14318700036,14601717480
1987,Timor-Leste,TLS,..,..
1987,Togo,TGO,895615927.9,730213616
1987,Tonga,TON,52761517.99,25256966.81
1987,Trinidad and Tobago,TTO,..,..
1987,Tunisia,TUN,3472947957,3377010168
1987,Turkiye,TUR,15482730455,13584947491
1987,Turkmenistan,TKM,..,..
1987,Turks and Caicos Islands,TCA,..,..
1987,Tuvalu,TUV,..,..
1987,Uganda,UGA,1131228162,517053674
1987,Ukraine,UKR,..,..
1987,United Arab Emirates,ARE,..,..
1987,United Kingdom,GBR,1.88352E+11,1.83446E+11
1987,United States,USA,5.08713E+11,3.63943E+11
1987,Uruguay,URY,1414997206,1594966345
1987,Uzbekistan,UZB,..,..
1987,Vanuatu,VUT,84060847.16,46809711.51
1987,"Venezuela, RB",VEN,10598117241,9720924138
1987,Viet Nam,VNM,5424365692,2200010145
1987,Virgin Islands (U.S.),VIR,..,..
1987,West Bank and Gaza,PSE,..,..
1987,"Yemen, Rep.",YEM,..,..
1987,Zambia,ZMB,..,..
1987,Zimbabwe,ZWE,1434918067,1619777305
1987,Africa Eastern and Southern,AFE,..,46794520501
1987,Africa Western and Central,AFW,..,..
1987,Arab World,ARB,..,..
1987,Caribbean small states,CSS,..,..
1987,Central Europe and the Baltics,CEB,..,..
1987,Early-demographic dividend,EAR,2.62612E+11,2.48373E+11
1987,East Asia & Pacific,EAS,4.98012E+11,5.99273E+11
1987,East Asia & Pacific (excluding high income),EAP,98979227755,1.00045E+11
1987,East Asia & Pacific (IDA & IBRD countries),TEA,98802297630,99919565372
1987,Euro area,EMU,1.00481E+12,1.0014E+12
1987,Europe & Central Asia,ECS,1.60103E+12,1.59893E+12
1987,Europe & Central Asia (excluding high income),ECA,..,..
1987,Europe & Central Asia (IDA & IBRD countries),TEC,..,..
1987,European Union,EUU,1.1388E+12,1.13914E+12
1987,Fragile and conflict affected situations,FCS,..,..
1987,Heavily indebted poor countries (HIPC),HPC,32501330462,22144617304
1987,High income,HIC,2.65544E+12,2.61752E+12
1987,IBRD only,IBD,4.78454E+11,4.96741E+11
1987,IDA & IBRD total,IBT,5.45388E+11,5.44799E+11
1987,IDA blend,IDB,30606249288,..
1987,IDA only,IDX,..,..
1987,IDA total,IDA,73136512638,57001866000
1987,Late-demographic dividend,LTE,3.03028E+11,3.2733E+11
1987,Latin America & Caribbean,LCN,1.19296E+11,1.33149E+11
1987,Latin America & Caribbean (excluding high income),LAC,80252497437,93442356896
1987,Latin America & the Caribbean (IDA & IBRD countries),TLA,93460924346,1.09175E+11
1987,Least developed countries: UN classification,LDC,..,..
1987,Low & middle income,LMY,4.09821E+11,4.04826E+11
1987,Low income,LIC,..,..
1987,Lower middle income,LMC,1.07273E+11,81046554774
1987,"Middle East, North Africa, Afghanistan & Pakistan",MEA,1.72572E+11,..
1987,"Middle East, North Africa, Afghanistan & Pakistan (excluding high income)",MNA,84461964995,67648807914
1987,"Middle East, North Africa, Afghanistan & Pakistan (IDA & IBRD)",TMN,82672562266,67343972414
1987,Middle income,MIC,3.9314E+11,3.95194E+11
1987,North America,NAC,6.1674E+11,4.77262E+11
1987,Not classified,INX,..,..
1987,OECD members,OED,2.35909E+12,2.3015E+12
1987,Other small states,OSS,..,..
1987,Pacific island small states,PSS,..,..
1987,Post-demographic dividend,PST,2.40079E+12,2.33847E+12
1987,Pre-demographic dividend,PRE,..,..
1987,Small states,SST,..,..
1987,South Asia,SAS,25851497759,19189691346
1987,South Asia (IDA & IBRD),TSA,25851497759,19189691346
1987,Sub-Saharan Africa,SSF,67007779958,76273105809
1987,Sub-Saharan Africa (excluding high income),SSA,65724759867,75478117072
1987,Sub-Saharan Africa (IDA & IBRD countries),TSS,67007779958,76273105809
1987,Upper middle income,UMC,2.8643E+11,3.15452E+11
1987,World,WLD,3.08985E+12,3.04076E+12
1988,Afghanistan,AFG,..,..
1988,Albania,ALB,408575012.5,348287487.5
1988,Algeria,DZA,13356401461,9163505595
1988,American Samoa,ASM,..,..
1988,Andorra,AND,..,..
1988,Angola,AGO,..,..
1988,Antigua and Barbuda,ATG,..,..
1988,Argentina,ARG,7882225528,12094686105
1988,Armenia,ARM,..,..
1988,Aruba,ABW,..,..
1988,Australia,AUS,39231436371,37674402361
1988,Austria,AUT,44657532598,44096573052
1988,Azerbaijan,AZE,..,..
1988,"Bahamas, The",BHS,..,..
1988,Bahrain,BHR,2869148936,3529787234
1988,Bangladesh,BGD,3255865280,1442788415
1988,Barbados,BRB,..,..
1988,Belarus,BLR,..,..
1988,Belgium,BEL,92534612178,96418786615
1988,Belize,BLZ,182372058,161076592
1988,Benin,BEN,519824990.1,223654544
1988,Bermuda,BMU,..,..
1988,Bhutan,BTN,139448762.4,79702765.3
1988,Bolivia,BOL,1063832558,862854457.8
1988,Bosnia and Herzegovina,BIH,..,..
1988,Botswana,BWA,1161743378,1864990911
1988,Brazil,BRA,18780447290,35921688764
1988,British Virgin Islands,VGB,..,..
1988,Brunei Darussalam,BRN,..,..
1988,Bulgaria,BGR,10352294118,10277764706
1988,Burkina Faso,BFA,709757473.8,287730449
1988,Burundi,BDI,..,..
1988,Cabo Verde,CPV,157247386.1,44159711.38
1988,Cambodia,KHM,..,..
1988,Cameroon,CMR,1953074691,1961804002
1988,Canada,CAN,1.28939E+11,1.32708E+11
1988,Cayman Islands,CYM,..,..
1988,Central African Republic,CAF,316906377.1,224453247.4
1988,Chad,TCD,446324643,222673412.7
1988,Channel Islands,CHI,..,..
1988,Chile,CHL,6766137916,8456927621
1988,China,CHN,48984701330,44923701330
1988,Colombia,COL,5433539691,6386221631
1988,Comoros,COM,90567495.46,29725528.86
1988,"Congo, Dem. Rep.",COD,..,..
1988,"Congo, Rep.",COG,894415286.1,898779925.2
1988,Costa Rica,CRI,1652553107,1570096319
1988,Cote d'Ivoire,CIV,2860181526,3126609348
1988,Croatia,HRV,..,..
1988,Cuba,CUB,11837456728,8794332850
1988,Curacao,CUW,..,..
1988,Cyprus,CYP,2289354454,2057181807
1988,Czechia,CZE,..,..
1988,Denmark,DNK,34827127089,38843912798
1988,Djibouti,DJI,..,..
1988,Dominica,DMA,..,..
1988,Dominican Republic,DOM,1981547781,1853151083
1988,Ecuador,ECU,3087611966,2480621218
1988,"Egypt, Arab Rep.",EGY,12322544009,6076093129
1988,El Salvador,SLV,933715700,662448600
1988,Equatorial Guinea,GNQ,..,..
1988,Eritrea,ERI,..,..
1988,Estonia,EST,..,..
1988,Eswatini,SWZ,..,..
1988,Ethiopia,ETH,..,..
1988,Faroe Islands,FRO,478494843.3,353114636
1988,Fiji,FJI,..,..
1988,Finland,FIN,26449182658,26071073205
1988,France,FRA,2.20385E+11,2.16542E+11
1988,French Polynesia,PYF,..,..
1988,Gabon,GAB,1602494054,1408435482
1988,"Gambia, The",GMB,155878661.8,134311372.4
1988,Georgia,GEO,4094083941,3732841240
1988,Germany,DEU,3.00438E+11,2.95365E+11
1988,Ghana,GHA,1250692247,945129549.1
1988,Gibraltar,GIB,..,..
1988,Greece,GRC,16804861878,12221486908
1988,Greenland,GRL,..,..
1988,Grenada,GRD,..,..
1988,Guam,GUM,..,..
1988,Guatemala,GTM,1720152710,1262786260
1988,Guinea,GIN,740909324.6,640721931.7
1988,Guinea-Bissau,GNB,218751358.7,53186611.91
1988,Guyana,GUY,281100010,263299990
1988,Haiti,HTI,848904800,426125800
1988,Honduras,HND,1695407725,1672231760
1988,"Hong Kong SAR, China",HKG,66398923905,71728414040
1988,Hungary,HUN,..,..
1988,Iceland,ISL,1970826754,1910725694
1988,India,IND,22111443193,17899838409
1988,Indonesia,IDN,18725515167,21110162564
1988,"Iran, Islamic Rep.",IRN,17595820159,8964962592
1988,Iraq,IRQ,14299677419,12340967742
1988,Ireland,IRL,18745179364,20998862627
1988,Isle of Man,IMN,..,..
1988,Israel,ISR,17261772469,14461396585
1988,Italy,ITA,1.56327E+11,1.56727E+11
1988,Jamaica,JAM,..,..
1988,Japan,JPN,2.33782E+11,2.94106E+11
1988,Jordan,JOR,4060198989,2727282443
1988,Kazakhstan,KAZ,..,..
1988,Kenya,KEN,2306399998,1869200100
1988,Kiribati,KIR,36927118.98,9786812.021
1988,"Korea, Dem. People's Rep.",PRK,..,..
1988,"Korea, Rep.",KOR,52389830154,64594460211
1988,Kosovo,XKX,..,..
1988,Kuwait,KWT,8884381552,9841270621
1988,Kyrgyz Republic,KGZ,..,..
1988,Lao PDR,LAO,191065571.2,81630154.18
1988,Latvia,LVA,..,..
1988,Lebanon,LBN,..,..
1988,Lesotho,LSO,..,..
1988,Liberia,LBR,..,..
1988,Libya,LBY,..,..
1988,Liechtenstein,LIE,..,..
1988,Lithuania,LTU,..,..
1988,Luxembourg,LUX,8465362589,9327494240
1988,"Macao SAR, China",MAC,2049475959,2430418059
1988,Madagascar,MDG,539406597.5,433265600.1
1988,Malawi,MWI,..,..
1988,Malaysia,MYS,19826003147,23426148711
1988,Maldives,MDV,..,..
1988,Mali,MLI,699416638.1,316268468.3
1988,Malta,MLT,1613848907,1421831245
1988,Marshall Islands,MHL,..,..
1988,Mauritania,MRT,615941855,563821409.5
1988,Mauritius,MUS,1487454164,1381558262
1988,Mexico,MEX,33950898441,36496678772
1988,"Micronesia, Fed. Sts.",FSM,..,..
1988,Moldova,MDA,..,..
1988,Monaco,MCO,..,..
1988,Mongolia,MNG,2115665933,911636900
1988,Montenegro,MNE,..,..
1988,Morocco,MAR,6462582987,6425436406
1988,Mozambique,MOZ,..,..
1988,Myanmar,MMR,..,..
1988,Namibia,NAM,1116659079,1154170628
1988,Nauru,NRU,..,..
1988,Nepal,NPL,780457946,399163908.4
1988,Netherlands,NLD,1.25626E+11,1.36822E+11
1988,New Caledonia,NCL,..,..
1988,New Zealand,NZL,10034138486,11833172303
1988,Nicaragua,NIC,1533030883,473058950.4
1988,Niger,NER,537903216.4,417302495.3
1988,Nigeria,NGA,..,..
1988,North Macedonia,MKD,..,..
1988,Northern Mariana Islands,MNP,..,..
1988,Norway,NOR,33175847783,32313794691
1988,Oman,OMN,2629388817,3355006502
1988,Pakistan,PAK,7473483338,5331871262
1988,Palau,PLW,..,..
1988,Panama,PAN,2824846900,2940126900
1988,Papua New Guinea,PNG,1898384528,1581333552
1988,Paraguay,PRY,1561507834,2059098946
1988,Peru,PER,2797976000,2331272000
1988,Philippines,PHL,8338839042,8630151223
1988,Poland,POL,..,..
1988,Portugal,PRT,20038610028,15572504178
1988,Puerto Rico (US),PRI,11859100000,13952800000
1988,Qatar,QAT,..,..
1988,Romania,ROU,..,..
1988,Russian Federation,RUS,..,..
1988,Rwanda,RWA,421685470.9,158571071.1
1988,Samoa,WSM,..,..
1988,San Marino,SMR,..,..
1988,Sao Tome and Principe,STP,..,..
1988,Saudi Arabia,SAU,31068624833,27645126836
1988,Senegal,SEN,1643548736,964374937.1
1988,Serbia,SRB,..,..
1988,Seychelles,SYC,159119527.1,33344240.91
1988,Sierra Leone,SLE,151842283.3,303069447
1988,Singapore,SGP,44438888889,46864672365
1988,Sint Maarten (Dutch part),SXM,..,..
1988,Slovak Republic,SVK,..,..
1988,Slovenia,SVN,..,..
1988,Solomon Islands,SLB,230010127.2,109963087.9
1988,"Somalia, Fed. Rep.",SOM,230343008.3,50072045.82
1988,South Africa,ZAF,20846125831,26828616017
1988,South Sudan,SSD,..,..
1988,Spain,ESP,73014657906,65156156263
1988,Sri Lanka,LKA,2570606727,1819710783
1988,St. Kitts and Nevis,KNA,..,..
1988,St. Lucia,LCA,..,..
1988,St. Martin (French part),MAF,..,..
1988,St. Vincent and the Grenadines,VCT,..,..
1988,Sudan,SDN,1106666667,544444444.4
1988,Suriname,SUR,..,..
1988,Sweden,SWE,58782877823,62002451691
1988,Switzerland,CHE,88624908768,91340876785
1988,Syrian Arab Republic,SYR,2749847766,1774447445
1988,Tajikistan,TJK,..,..
1988,Tanzania,TZA,..,..
1988,Thailand,THA,21214461460,20357574272
1988,Timor-Leste,TLS,..,..
1988,Togo,TGO,992268270.8,761211516.3
1988,Tonga,TON,71192856.53,24250192.26
1988,Trinidad and Tobago,TTO,..,..
1988,Tunisia,TUN,4205855883,4242227828
1988,Turkiye,TUR,15951195499,16951828411
1988,Turkmenistan,TKM,..,..
1988,Turks and Caicos Islands,TCA,..,..
1988,Tuvalu,TUV,..,..
1988,Uganda,UGA,1157116667,492900000
1988,Ukraine,UKR,..,..
1988,United Arab Emirates,ARE,..,..
1988,United Kingdom,GBR,2.29259E+11,2.01779E+11
1988,United States,USA,5.53993E+11,4.44601E+11
1988,Uruguay,URY,1456747009,1811733104
1988,Uzbekistan,UZB,..,..
1988,Vanuatu,VUT,89297684.48,52755061
1988,"Venezuela, RB",VEN,15910262069,12017951724
1988,Viet Nam,VNM,3814891104,1003045229
1988,Virgin Islands (U.S.),VIR,..,..
1988,West Bank and Gaza,PSE,..,..
1988,"Yemen, Rep.",YEM,..,..
1988,Zambia,ZMB,..,..
1988,Zimbabwe,ZWE,1591902680,1856204058
1988,Africa Eastern and Southern,AFE,..,49127136663
1988,Africa Western and Central,AFW,..,..
1988,Arab World,ARB,..,..
1988,Caribbean small states,CSS,..,..
1988,Central Europe and the Baltics,CEB,..,..
1988,Early-demographic dividend,EAR,3.05073E+11,2.77024E+11
1988,East Asia & Pacific,EAS,6.39718E+11,7.24667E+11
1988,East Asia & Pacific (excluding high income),EAP,1.27251E+11,1.2313E+11
1988,East Asia & Pacific (IDA & IBRD countries),TEA,1.27024E+11,1.22975E+11
1988,Euro area,EMU,1.13047E+12,1.12008E+12
1988,Europe & Central Asia,ECS,1.81086E+12,1.78261E+12
1988,Europe & Central Asia (excluding high income),ECA,..,..
1988,Europe & Central Asia (IDA & IBRD countries),TEC,..,..
1988,European Union,EUU,1.27637E+12,1.27163E+12
1988,Fragile and conflict affected situations,FCS,..,..
1988,Heavily indebted poor countries (HIPC),HPC,32957168332,21680806962
1988,High income,HIC,3.04438E+12,3.00762E+12
1988,IBRD only,IBD,5.75644E+11,5.77297E+11
1988,IDA & IBRD total,IBT,6.46826E+11,6.27698E+11
1988,IDA blend,IDB,32245208165,..
1988,IDA only,IDX,..,..
1988,IDA total,IDA,77462005475,59700353782
1988,Late-demographic dividend,LTE,3.68252E+11,3.92844E+11
1988,Latin America & Caribbean,LCN,1.43132E+11,1.61501E+11
1988,Latin America & Caribbean (excluding high income),LAC,96244259911,1.1435E+11
1988,Latin America & the Caribbean (IDA & IBRD countries),TLA,1.1466E+11,1.34413E+11
1988,Least developed countries: UN classification,LDC,..,..
1988,Low & middle income,LMY,4.8746E+11,4.67766E+11
1988,Low income,LIC,..,..
1988,Lower middle income,LMC,1.19334E+11,90916852589
1988,"Middle East, North Africa, Afghanistan & Pakistan",MEA,1.88715E+11,..
1988,"Middle East, North Africa, Afghanistan & Pakistan (excluding high income)",MNA,98245032998,67731640581
1988,"Middle East, North Africa, Afghanistan & Pakistan (IDA & IBRD)",TMN,96163623571,67426431825
1988,Middle income,MIC,4.70846E+11,4.57849E+11
1988,North America,NAC,6.83305E+11,5.78145E+11
1988,Not classified,INX,..,..
1988,OECD members,OED,2.70383E+12,2.64847E+12
1988,Other small states,OSS,..,..
1988,Pacific island small states,PSS,..,..
1988,Post-demographic dividend,PST,2.75165E+12,2.69441E+12
1988,Pre-demographic dividend,PRE,..,..
1988,Small states,SST,..,..
1988,South Asia,SAS,29348252086,21922460050
1988,South Asia (IDA & IBRD),TSA,29348252086,21922460050
1988,Sub-Saharan Africa,SSF,72296615728,78435701937
1988,Sub-Saharan Africa (excluding high income),SSA,70858313810,77603517341
1988,Sub-Saharan Africa (IDA & IBRD countries),TSS,72296615728,78435701937
1988,Upper middle income,UMC,3.52081E+11,3.68445E+11
1988,World,WLD,3.56234E+12,3.49722E+12
1989,Afghanistan,AFG,..,..
1989,Albania,ALB,483800000,418924987.5
1989,Algeria,DZA,15863715871,10369902260
1989,American Samoa,ASM,..,..
1989,Andorra,AND,..,..
1989,Angola,AGO,..,..
1989,Antigua and Barbuda,ATG,..,..
1989,Argentina,ARG,5041767786,10006623327
1989,Armenia,ARM,..,..
1989,Aruba,ABW,..,..
1989,Australia,AUS,50821263277,45333960857
1989,Austria,AUT,47283386375,46607266771
1989,Azerbaijan,AZE,..,..
1989,"Bahamas, The",BHS,1750510000,1648320000
1989,Bahrain,BHR,3385638032,3811169947
1989,Bangladesh,BGD,3679751008,1594548386
1989,Barbados,BRB,..,..
1989,Belarus,BLR,..,..
1989,Belgium,BEL,1.00783E+11,1.0439E+11
1989,Belize,BLZ,212186146.5,172914999.5
1989,Benin,BEN,372643204.2,202741076
1989,Bermuda,BMU,..,..
1989,Bhutan,BTN,104800468.4,77419494.01
1989,Bolivia,BOL,1092052947,1061009896
1989,Bosnia and Herzegovina,BIH,..,..
1989,Botswana,BWA,1422760394,1826381244
1989,Brazil,BRA,22554535409,36878468232
1989,British Virgin Islands,VGB,..,..
1989,Brunei Darussalam,BRN,1051142977,1845396865
1989,Bulgaria,BGR,10589277778,10207166667
1989,Burkina Faso,BFA,618479190.7,228834176.8
1989,Burundi,BDI,..,..
1989,Cabo Verde,CPV,166386034.4,51418178.62
1989,Cambodia,KHM,..,..
1989,Cameroon,CMR,1956872130,2280376117
1989,Canada,CAN,1.41918E+11,1.42066E+11
1989,Cayman Islands,CYM,..,..
1989,Central African Republic,CAF,326536959.5,250535801.9
1989,Chad,TCD,450301764.7,197582396.8
1989,Channel Islands,CHI,..,..
1989,Chile,CHL,8763350928,10088686694
1989,China,CHN,46118793490,41190793490
1989,Colombia,COL,5464066789,7118228011
1989,Comoros,COM,88480370.14,29042898.55
1989,"Congo, Dem. Rep.",COD,..,..
1989,"Congo, Rep.",COG,832266750.2,1159530947
1989,Costa Rica,CRI,2033817039,1830043151
1989,Cote d'Ivoire,CIV,2835035998,3125624101
1989,Croatia,HRV,..,..
1989,Cuba,CUB,12096964757,8421585288
1989,Curacao,CUW,..,..
1989,Cyprus,CYP,2732346864,2348366627
1989,Czechia,CZE,..,..
1989,Denmark,DNK,35549320949,39815296435
1989,Djibouti,DJI,..,..
1989,Dominica,DMA,..,..
1989,Dominican Republic,DOM,2594465300,2050889905
1989,Ecuador,ECU,3449082110,2817482574
1989,"Egypt, Arab Rep.",EGY,12856257745,7073523337
1989,El Salvador,SLV,1035800000,578784600
1989,Equatorial Guinea,GNQ,..,..
1989,Eritrea,ERI,..,..
1989,Estonia,EST,..,..
1989,Eswatini,SWZ,..,..
1989,Ethiopia,ETH,..,..
1989,Faroe Islands,FRO,346092945.8,350470406
1989,Fiji,FJI,..,..
1989,Finland,FIN,29576001108,27400581959
1989,France,FRA,2.35996E+11,2.31757E+11
1989,French Polynesia,PYF,..,..
1989,Gabon,GAB,1724720021,1917191502
1989,"Gambia, The",GMB,185466421.3,156436607.9
1989,Georgia,GEO,4031427661,3783339805
1989,Germany,DEU,3.20659E+11,3.11799E+11
1989,Ghana,GHA,1278473226,879299610.9
1989,Gibraltar,GIB,..,..
1989,Greece,GRC,18598323542,12400650441
1989,Greenland,GRL,..,..
1989,Grenada,GRD,..,..
1989,Guam,GUM,..,..
1989,Guatemala,GTM,1890234375,1455681818
1989,Guinea,GIN,724403471.6,756205480.4
1989,Guinea-Bissau,GNB,255923316.7,49261011.22
1989,Guyana,GUY,279264716.9,251948536.8
1989,Haiti,HTI,753772600,356133600
1989,Honduras,HND,1759344828,1723758621
1989,"Hong Kong SAR, China",HKG,73513602773,81398943091
1989,Hungary,HUN,..,..
1989,Iceland,ISL,1753605111,1873815640
1989,India,IND,24133353522,20770696112
1989,Indonesia,IDN,21718472096,24640067877
1989,"Iran, Islamic Rep.",IRN,21819187476,11841502482
1989,Iraq,IRQ,15055806452,14460000000
1989,Ireland,IRL,21007092309,23122490233
1989,Isle of Man,IMN,..,..
1989,Israel,ISR,17498729910,15487859006
1989,Italy,ITA,1.72138E+11,1.71957E+11
1989,Jamaica,JAM,..,..
1989,Japan,JPN,2.67623E+11,3.08917E+11
1989,Jordan,JOR,3140576704,2366092562
1989,Kazakhstan,KAZ,..,..
1989,Kenya,KEN,2495151393,1907852204
1989,Kiribati,KIR,39370586.04,9762238.088
1989,"Korea, Dem. People's Rep.",PRK,..,..
1989,"Korea, Rep.",KOR,63184948287,67308972534
1989,Kosovo,XKX,..,..
1989,Kuwait,KWT,10058581791,12740870178
1989,Kyrgyz Republic,KGZ,..,..
1989,Lao PDR,LAO,228467540.5,86618700.72
1989,Latvia,LVA,..,..
1989,Lebanon,LBN,2489030212,498732254.8
1989,Lesotho,LSO,..,..
1989,Liberia,LBR,..,..
1989,Libya,LBY,..,..
1989,Liechtenstein,LIE,..,..
1989,Lithuania,LTU,..,..
1989,Luxembourg,LUX,8953389640,10219753276
1989,"Macao SAR, China",MAC,2344569867,2822918880
1989,Madagascar,MDG,521021526.6,487655924.2
1989,Malawi,MWI,..,..
1989,Malaysia,MYS,25372465430,27728453708
1989,Maldives,MDV,..,..
1989,Mali,MLI,632804853.8,345038045.5
1989,Malta,MLT,1747219221,1528275901
1989,Marshall Islands,MHL,..,..
1989,Mauritania,MRT,568480362.8,573030753.9
1989,Mauritius,MUS,1560745158,1400873863
1989,Mexico,MEX,42503750803,42359282023
1989,"Micronesia, Fed. Sts.",FSM,..,..
1989,Moldova,MDA,..,..
1989,Monaco,MCO,..,..
1989,Mongolia,MNG,1927175667,804344500
1989,Montenegro,MNE,..,..
1989,Morocco,MAR,7314302141,5935176840
1989,Mozambique,MOZ,..,..
1989,Myanmar,MMR,..,..
1989,Namibia,NAM,1179097363,1264270497
1989,Nauru,NRU,..,..
1989,Nepal,NPL,785537464,390158053.3
1989,Netherlands,NLD,1.30993E+11,1.43549E+11
1989,New Caledonia,NCL,..,..
1989,New Zealand,NZL,11255844233,11573060307
1989,Nicaragua,NIC,660512092,329660035.5
1989,Niger,NER,507802707.7,361801929.2
1989,Nigeria,NGA,..,..
1989,North Macedonia,MKD,..,..
1989,Northern Mariana Islands,MNP,..,..
1989,Norway,NOR,34084003186,37392425230
1989,Oman,OMN,..,..
1989,Pakistan,PAK,8174710143,5652851126
1989,Palau,PLW,..,..
1989,Panama,PAN,3393593400,3092916000
1989,Papua New Guinea,PNG,1870639977,1441551379
1989,Paraguay,PRY,1478470884,2468316706
1989,Peru,PER,2521553466,2549118176
1989,Philippines,PHL,10451339114,9576565365
1989,Poland,POL,..,..
1989,Portugal,PRT,21452554113,17854164757
1989,Puerto Rico (US),PRI,14042800000,16354900000
1989,Qatar,QAT,..,..
1989,Romania,ROU,..,..
1989,Russian Federation,RUS,1.06454E+11,1.10964E+11
1989,Rwanda,RWA,415791948.1,147651286.3
1989,Samoa,WSM,..,..
1989,San Marino,SMR,..,..
1989,Sao Tome and Principe,STP,..,..
1989,Saudi Arabia,SAU,36304672897,32174632844
1989,Senegal,SEN,1691678612,1043007675
1989,Serbia,SRB,..,..
1989,Seychelles,SYC,164754981.5,35914015.88
1989,Sierra Leone,SLE,164863825.6,223145470
1989,Singapore,SGP,51266199563,54623086861
1989,Sint Maarten (Dutch part),SXM,..,..
1989,Slovak Republic,SVK,..,..
1989,Slovenia,SVN,..,..
1989,Solomon Islands,SLB,227189280.5,107271714
1989,"Somalia, Fed. Rep.",SOM,490450254.3,83929436.05
1989,South Africa,ZAF,20522923715,25616574210
1989,South Sudan,SSD,..,..
1989,Spain,ESP,86193191848,68933506676
1989,Sri Lanka,LKA,2568294036,1904743412
1989,St. Kitts and Nevis,KNA,..,..
1989,St. Lucia,LCA,..,..
1989,St. Martin (French part),MAF,..,..
1989,St. Vincent and the Grenadines,VCT,..,..
1989,Sudan,SDN,2000000000,1144444444
1989,Suriname,SUR,..,..
1989,Sweden,SWE,63887689897,64788686811
1989,Switzerland,CHE,90759218779,93262377896
1989,Syrian Arab Republic,SYR,2965896087,2962782879
1989,Tajikistan,TJK,..,..
1989,Tanzania,TZA,..,..
1989,Thailand,THA,27083485883,25231065262
1989,Timor-Leste,TLS,..,..
1989,Togo,TGO,939823755,762306408.9
1989,Tonga,TON,66790623.76,26696066.75
1989,Trinidad and Tobago,TTO,..,..
1989,Tunisia,TUN,4814704405,4479728143
1989,Turkiye,TUR,19048020735,17357728558
1989,Turkmenistan,TKM,..,..
1989,Turks and Caicos Islands,TCA,..,..
1989,Tuvalu,TUV,..,..
1989,Uganda,UGA,954685691.9,419712425.6
1989,Ukraine,UKR,26582969178,26529048348
1989,United Arab Emirates,ARE,..,..
1989,United Kingdom,GBR,2.41324E+11,2.09856E+11
1989,United States,USA,5.9103E+11,5.04289E+11
1989,Uruguay,URY,1493668481,1982636217
1989,Uzbekistan,UZB,..,..
1989,Vanuatu,VUT,90880887.95,54032160.77
1989,"Venezuela, RB",VEN,8884312275,14376184482
1989,Viet Nam,VNM,2143191577,1500912820
1989,Virgin Islands (U.S.),VIR,..,..
1989,West Bank and Gaza,PSE,..,..
1989,"Yemen, Rep.",YEM,..,..
1989,Zambia,ZMB,..,..
1989,Zimbabwe,ZWE,1800729748,1935204474
1989,Africa Eastern and Southern,AFE,..,48594920030
1989,Africa Western and Central,AFW,..,..
1989,Arab World,ARB,..,..
1989,Caribbean small states,CSS,..,..
1989,Central Europe and the Baltics,CEB,..,..
1989,Early-demographic dividend,EAR,3.30117E+11,3.05576E+11
1989,East Asia & Pacific,EAS,7.30459E+11,7.85169E+11
1989,East Asia & Pacific (excluding high income),EAP,1.39214E+11,1.33382E+11
1989,East Asia & Pacific (IDA & IBRD countries),TEA,1.38965E+11,1.33214E+11
1989,Euro area,EMU,1.22308E+12,1.1966E+12
1989,Europe & Central Asia,ECS,1.94181E+12,1.89046E+12
1989,Europe & Central Asia (excluding high income),ECA,..,..
1989,Europe & Central Asia (IDA & IBRD countries),TEC,..,..
1989,European Union,EUU,1.37835E+12,1.35441E+12
1989,Fragile and conflict affected situations,FCS,1.13514E+11,1.16631E+11
1989,Heavily indebted poor countries (HIPC),HPC,32513855748,23144343261
1989,High income,HIC,3.31433E+12,3.25075E+12
1989,IBRD only,IBD,6.24289E+11,6.244E+11
1989,IDA & IBRD total,IBT,6.977E+11,6.78923E+11
1989,IDA blend,IDB,33958696702,..
1989,IDA only,IDX,..,..
1989,IDA total,IDA,79811767401,64583344790
1989,Late-demographic dividend,LTE,4.06897E+11,4.24803E+11
1989,Latin America & Caribbean,LCN,1.51505E+11,1.7544E+11
1989,Latin America & Caribbean (excluding high income),LAC,1.0616E+11,1.20783E+11
1989,Latin America & the Caribbean (IDA & IBRD countries),TLA,1.20289E+11,1.45947E+11
1989,Least developed countries: UN classification,LDC,..,..
1989,Low & middle income,LMY,5.33367E+11,5.02868E+11
1989,Low income,LIC,..,..
1989,Lower middle income,LMC,1.24176E+11,98215043904
1989,"Middle East, North Africa, Afghanistan & Pakistan",MEA,2.10666E+11,..
1989,"Middle East, North Africa, Afghanistan & Pakistan (excluding high income)",MNA,1.09529E+11,77342552669
1989,"Middle East, North Africa, Afghanistan & Pakistan (IDA & IBRD)",TMN,1.07209E+11,76994035727
1989,Middle income,MIC,5.15173E+11,4.90779E+11
1989,North America,NAC,7.33348E+11,6.4729E+11
1989,Not classified,INX,..,..
1989,OECD members,OED,2.94122E+12,2.85003E+12
1989,Other small states,OSS,..,..
1989,Pacific island small states,PSS,..,..
1989,Post-demographic dividend,PST,2.98859E+12,2.9024E+12
1989,Pre-demographic dividend,PRE,..,..
1989,Small states,SST,..,..
1989,South Asia,SAS,31803190442,25059062492
1989,South Asia (IDA & IBRD),TSA,31803190442,25059062492
1989,Sub-Saharan Africa,SSF,74029661208,79479714224
1989,Sub-Saharan Africa (excluding high income),SSA,72554221885,78633163895
1989,Sub-Saharan Africa (IDA & IBRD countries),TSS,74029661208,79479714224
1989,Upper middle income,UMC,3.91601E+11,3.94182E+11
1989,World,WLD,3.87141E+12,3.779E+12
1990,Afghanistan,AFG,..,..
1990,Albania,ALB,487500000,312500000
1990,Algeria,DZA,15473054068,14546456704
1990,American Samoa,ASM,..,..
1990,Andorra,AND,..,..
1990,Angola,AGO,..,..
1990,Antigua and Barbuda,ATG,..,..
1990,Argentina,ARG,6546497152,14643479947
1990,Armenia,ARM,1045666607,789969495.8
1990,Aruba,ABW,..,..
1990,Australia,AUS,53060646565,47071479854
1990,Austria,AUT,59578839405,59423123563
1990,Azerbaijan,AZE,3484848485,3896969697
1990,"Bahamas, The",BHS,1771670000,1714730000
1990,Bahrain,BHR,4001596011,4887765691
1990,Bangladesh,BGD,4126169962,1866929978
1990,Barbados,BRB,..,..
1990,Belarus,BLR,7590361446,7991967871
1990,Belgium,BEL,1.229E+11,1.26512E+11
1990,Belize,BLZ,210784513.1,223301496.2
1990,Benin,BEN,520152830,375946888.9
1990,Bermuda,BMU,..,..
1990,Bhutan,BTN,95695146.68,80463907.22
1990,Bolivia,BOL,1164631950,1108688419
1990,Bosnia and Herzegovina,BIH,..,..
1990,Botswana,BWA,1887430353,2086950259
1990,Brazil,BRA,27188105815,32028703569
1990,British Virgin Islands,VGB,..,..
1990,Brunei Darussalam,BRN,1311976113,2175960383
1990,Bulgaria,BGR,7577727273,6833181818
1990,Burkina Faso,BFA,758452847.7,340110086.1
1990,Burundi,BDI,..,..
1990,Cabo Verde,CPV,211201177.6,52576466.02
1990,Cambodia,KHM,..,..
1990,Cameroon,CMR,2132071772,2485421488
1990,Canada,CAN,1.48543E+11,1.49462E+11
1990,Cayman Islands,CYM,..,..
1990,Central African Republic,CAF,372791504.7,245892979.7
1990,Chad,TCD,485189439.9,234367649.8
1990,Channel Islands,CHI,..,..
1990,Chile,CHL,9693182798,10767995923
1990,China,CHN,38461758920,49129758920
1990,Colombia,COL,7614454665,9024672480
1990,Comoros,COM,108102547.7,35483754.11
1990,"Congo, Dem. Rep.",COD,..,..
1990,"Congo, Rep.",COG,532937075.9,1449116806
1990,Costa Rica,CRI,2347212148,1952841381
1990,Cote d'Ivoire,CIV,2926930087,3421191519
1990,Croatia,HRV,..,..
1990,Cuba,CUB,11708950532,8662106516
1990,Curacao,CUW,..,..
1990,Cyprus,CYP,3192962740,2879463636
1990,Czechia,CZE,12452629310,13409039102
1990,Denmark,DNK,42672845232,50354023850
1990,Djibouti,DJI,..,..
1990,Dominica,DMA,..,..
1990,Dominican Republic,DOM,2729569106,2165302159
1990,Ecuador,ECU,3326815545,3469124711
1990,"Egypt, Arab Rep.",EGY,13997308210,8748317631
1990,El Salvador,SLV,1499153633,891100175
1990,Equatorial Guinea,GNQ,..,..
1990,Eritrea,ERI,..,..
1990,Estonia,EST,..,..
1990,Eswatini,SWZ,..,..
1990,Ethiopia,ETH,..,..
1990,Faroe Islands,FRO,336750499.9,421099713.4
1990,Fiji,FJI,..,..
1990,Finland,FIN,33514227958,31323277873
1990,France,FRA,2.84198E+11,2.76541E+11
1990,French Polynesia,PYF,..,..
1990,Gabon,GAB,1836814829,2740347018
1990,"Gambia, The",GMB,226977004.2,189941809.8
1990,Georgia,GEO,3514920847,3101400747
1990,Germany,DEU,4.08062E+11,4.04361E+11
1990,Ghana,GHA,1522350993,993956953.6
1990,Gibraltar,GIB,..,..
1990,Greece,GRC,23470174119,14210855546
1990,Greenland,GRL,..,..
1990,Grenada,GRD,..,..
1990,Guam,GUM,..,..
1990,Guatemala,GTM,1900459187,1608646744
1990,Guinea,GIN,891809028,828699105.2
1990,Guinea-Bissau,GNB,234868168.9,63012779.63
1990,Guyana,GUY,316708850.6,248683534.2
1990,Haiti,HTI,1068364600,368773800
1990,Honduras,HND,1749951362,1768750000
1990,"Hong Kong SAR, China",HKG,83645559870,90213678231
1990,Hungary,HUN,..,..
1990,Iceland,ISL,2067695843,2144153418
1990,India,IND,27132072318,22639774912
1990,Indonesia,IDN,27157275247,28982531183
1990,"Iran, Islamic Rep.",IRN,29707835778,16573631050
1990,Iraq,IRQ,13400645161,13888387097
1990,Ireland,IRL,24812175329,26973247362
1990,Isle of Man,IMN,..,..
1990,Israel,ISR,20435071421,17331518203
1990,Italy,ITA,2.13356E+11,2.15685E+11
1990,Jamaica,JAM,..,..
1990,Japan,JPN,2.95831E+11,3.20186E+11
1990,Jordan,JOR,3727972374,2489182055
1990,Kazakhstan,KAZ,..,..
1990,Kenya,KEN,2685575018,2202462430
1990,Kiribati,KIR,47009194.75,8183786.514
1990,"Korea, Dem. People's Rep.",PRK,..,..
1990,"Korea, Rep.",KOR,73079706490,70587774855
1990,Kosovo,XKX,..,..
1990,Kuwait,KWT,10701388542,8281249653
1990,Kyrgyz Republic,KGZ,1317670458,776928336.1
1990,Lao PDR,LAO,212221824.6,98057229.9
1990,Latvia,LVA,..,..
1990,Lebanon,LBN,2836016496,510722596.7
1990,Lesotho,LSO,..,..
1990,Liberia,LBR,..,..
1990,Libya,LBY,8995433951,11468092395
1990,Liechtenstein,LIE,..,..
1990,Lithuania,LTU,..,..
1990,Luxembourg,LUX,11257897151,12742102849
1990,"Macao SAR, China",MAC,2513155480,3189755083
1990,Madagascar,MDG,767031802.2,505973443.9
1990,Malawi,MWI,..,..
1990,Malaysia,MYS,31883543602,32783400342
1990,Maldives,MDV,..,..
1990,Mali,MLI,829560082.5,419775178.6
1990,Malta,MLT,2258209772,1931731762
1990,Marshall Islands,MHL,..,..
1990,Mauritania,MRT,632068929.2,545201152.4
1990,Mauritius,MUS,1914627321,1723622086
1990,Mexico,MEX,51768004611,48866118135
1990,"Micronesia, Fed. Sts.",FSM,..,..
1990,Moldova,MDA,..,..
1990,Monaco,MCO,..,..
1990,Mongolia,MNG,1033205140,467975940
1990,Montenegro,MNE,..,..
1990,Morocco,MAR,9074317736,7411991822
1990,Mozambique,MOZ,..,..
1990,Myanmar,MMR,..,..
1990,Namibia,NAM,1400506543,1215303139
1990,Nauru,NRU,..,..
1990,Nepal,NPL,785781967.5,381884479.9
1990,Netherlands,NLD,1.57018E+11,1.74902E+11
1990,New Caledonia,NCL,878027224.1,467633429.7
1990,New Zealand,NZL,11758799976,12175342138
1990,Nicaragua,NIC,467806451.6,251842580.6
1990,Niger,NER,721723883,529264180.9
1990,Nigeria,NGA,..,..
1990,North Macedonia,MKD,1603480565,1154602473
1990,Northern Mariana Islands,MNP,..,..
1990,Norway,NOR,39122961164,46392958129
1990,Oman,OMN,2634590377,5516254876
1990,Pakistan,PAK,8100453419,5917028935
1990,Palau,PLW,..,..
1990,Panama,PAN,4137057400,3699099600
1990,Papua New Guinea,PNG,1575952825,1308008398
1990,Paraguay,PRY,2271653935,3035291402
1990,Peru,PER,3637366699,4145689007
1990,Philippines,PHL,11884167064,9795179684
1990,Poland,POL,..,..
1990,Portugal,PRT,28247582618,22960185628
1990,Puerto Rico (US),PRI,15721600000,19305400000
1990,Qatar,QAT,..,..
1990,Romania,ROU,10013374944,6397681676
1990,Russian Federation,RUS,92776886035,93900481541
1990,Rwanda,RWA,358799642,143182958.6
1990,Samoa,WSM,..,..
1990,San Marino,SMR,..,..
1990,Sao Tome and Principe,STP,..,..
1990,Saudi Arabia,SAU,36904405874,47445927904
1990,Senegal,SEN,2049748975,1260610906
1990,Serbia,SRB,..,..
1990,Seychelles,SYC,186209222.6,59192935.22
1990,Sierra Leone,SLE,220884011.5,225360854.7
1990,Singapore,SGP,60411526432,64045069989
1990,Sint Maarten (Dutch part),SXM,..,..
1990,Slovak Republic,SVK,4251767395,3040877349
1990,Slovenia,SVN,12933093220,14747182203
1990,Solomon Islands,SLB,206423406,99652678.78
1990,"Somalia, Fed. Rep.",SOM,346105374.5,89748800.18
1990,South Africa,ZAF,21016333111,27148931269
1990,South Sudan,SSD,..,..
1990,Spain,ESP,1.06699E+11,84463395364
1990,Sri Lanka,LKA,3057438842,2424288567
1990,St. Kitts and Nevis,KNA,..,..
1990,St. Lucia,LCA,..,..
1990,St. Martin (French part),MAF,..,..
1990,St. Vincent and the Grenadines,VCT,..,..
1990,Sudan,SDN,2377777778,1353333333
1990,Suriname,SUR,..,..
1990,Sweden,SWE,72704404947,73469841353
1990,Switzerland,CHE,1.09363E+11,1.09915E+11
1990,Syrian Arab Republic,SYR,3440367130,3488165298
1990,Tajikistan,TJK,..,..
1990,Tanzania,TZA,1595096446,537502279.4
1990,Thailand,THA,35545811133,29129276618
1990,Timor-Leste,TLS,..,..
1990,Togo,TGO,770924274.4,603505041.2
1990,Tonga,TON,73924988.42,38464269.18
1990,Trinidad and Tobago,TTO,..,..
1990,Tunisia,TUN,6219545455,5353409091
1990,Turkiye,TUR,26482062093,20135262553
1990,Turkmenistan,TKM,..,..
1990,Turks and Caicos Islands,TCA,..,..
1990,Tuvalu,TUV,..,..
1990,Uganda,UGA,833711479.4,311669538.7
1990,Ukraine,UKR,23394555715,22517259875
1990,United Arab Emirates,ARE,..,..
1990,United Kingdom,GBR,2.7242E+11,2.55032E+11
1990,United States,USA,6.29728E+11,5.51873E+11
1990,Uruguay,URY,1682744698,2188206936
1990,Uzbekistan,UZB,..,..
1990,Vanuatu,VUT,115539039.8,74577139.93
1990,"Venezuela, RB",VEN,9493861738,18555857828
1990,Viet Nam,VNM,2930215540,2332325665
1990,Virgin Islands (U.S.),VIR,..,..
1990,West Bank and Gaza,PSE,..,..
1990,"Yemen, Rep.",YEM,2081089267,1412103555
1990,Zambia,ZMB,..,..
1990,Zimbabwe,ZWE,2003065404,2009607343
1990,Africa Eastern and Southern,AFE,50292505608,52056792004
1990,Africa Western and Central,AFW,..,..
1990,Arab World,ARB,1.74626E+11,..
1990,Caribbean small states,CSS,..,..
1990,Central Europe and the Baltics,CEB,..,..
1990,Early-demographic dividend,EAR,3.80826E+11,3.70778E+11
1990,East Asia & Pacific,EAS,8.08971E+11,8.44115E+11
1990,East Asia & Pacific (excluding high income),EAP,1.53191E+11,1.55393E+11
1990,East Asia & Pacific (IDA & IBRD countries),TEA,1.52917E+11,1.55198E+11
1990,Euro area,EMU,1.50938E+12,1.48309E+12
1990,Europe & Central Asia,ECS,2.30018E+12,2.25881E+12
1990,Europe & Central Asia (excluding high income),ECA,1.00682E+11,88355271430
1990,Europe & Central Asia (IDA & IBRD countries),TEC,2.35104E+11,2.15531E+11
1990,European Union,EUU,1.68748E+12,1.66644E+12
1990,Fragile and conflict affected situations,FCS,1.09451E+11,1.18653E+11
1990,Heavily indebted poor countries (HIPC),HPC,35341336084,25340544962
1990,High income,HIC,3.78312E+12,3.72868E+12
1990,IBRD only,IBD,6.69307E+11,6.63195E+11
1990,IDA & IBRD total,IBT,7.47996E+11,7.2271E+11
1990,IDA blend,IDB,34017107882,..
1990,IDA only,IDX,51294427868,33307029389
1990,IDA total,IDA,85544876557,71083897904
1990,Late-demographic dividend,LTE,4.22938E+11,4.30194E+11
1990,Latin America & Caribbean,LCN,1.7673E+11,1.96827E+11
1990,Latin America & Caribbean (excluding high income),LAC,1.26102E+11,1.3274E+11
1990,Latin America & the Caribbean (IDA & IBRD countries),TLA,1.43716E+11,1.63703E+11
1990,Least developed countries: UN classification,LDC,..,..
1990,Low & middle income,LMY,5.97828E+11,5.62805E+11
1990,Low income,LIC,22983368156,..
1990,Lower middle income,LMC,1.3926E+11,1.09829E+11
1990,"Middle East, North Africa, Afghanistan & Pakistan",MEA,2.323E+11,..
1990,"Middle East, North Africa, Afghanistan & Pakistan (excluding high income)",MNA,1.2284E+11,92998341185
1990,"Middle East, North Africa, Afghanistan & Pakistan (IDA & IBRD)",TMN,1.20237E+11,92579276951
1990,Middle income,MIC,5.77509E+11,5.49287E+11
1990,North America,NAC,7.78696E+11,7.0235E+11
1990,Not classified,INX,..,..
1990,OECD members,OED,3.41031E+12,3.31586E+12
1990,Other small states,OSS,..,..
1990,Pacific island small states,PSS,..,..
1990,Post-demographic dividend,PST,3.44151E+12,3.35959E+12
1990,Pre-demographic dividend,PRE,66683803898,62817540378
1990,Small states,SST,..,..
1990,South Asia,SAS,35795323564,27749354168
1990,South Asia (IDA & IBRD),TSA,35795323564,27749354168
1990,Sub-Saharan Africa,SSF,79840970728,87334863272
1990,Sub-Saharan Africa (excluding high income),SSA,78237266637,86374123602
1990,Sub-Saharan Africa (IDA & IBRD countries),TSS,79840970728,87334863272
1990,Upper middle income,UMC,4.3893E+11,4.41262E+11
1990,World,WLD,4.40817E+12,4.32382E+12
1991,Afghanistan,AFG,..,..
1991,Albania,ALB,314316659.7,82300000
1991,Algeria,DZA,10788791994,13311409366
1991,American Samoa,ASM,..,..
1991,Andorra,AND,..,..
1991,Angola,AGO,..,..
1991,Antigua and Barbuda,ATG,..,..
1991,Argentina,ARG,11531201154,14561091033
1991,Armenia,ARM,1244415584,843376623.4
1991,Aruba,ABW,..,..
1991,Australia,AUS,52680239946,52248569798
1991,Austria,AUT,61623800825,60116253388
1991,Azerbaijan,AZE,2202000000,2440000000
1991,"Bahamas, The",BHS,1716350000,1585170000
1991,Bahrain,BHR,4414893617,3923935904
1991,Bangladesh,BGD,3785238095,2062577031
1991,Barbados,BRB,..,..
1991,Belarus,BLR,6134969325,6134969325
1991,Belgium,BEL,1.22855E+11,1.2679E+11
1991,Belize,BLZ,257770650,214670100
1991,Benin,BEN,602729540.4,417201321.4
1991,Bermuda,BMU,..,..
1991,Bhutan,BTN,102157055.9,80401687.89
1991,Bolivia,BOL,1440843957,1147697877
1991,Bosnia and Herzegovina,BIH,..,..
1991,Botswana,BWA,1834576022,2090888360
1991,Brazil,BRA,27115606036,29730384050
1991,British Virgin Islands,VGB,..,..
1991,Brunei Darussalam,BRN,1487077074,2468235362
1991,Bulgaria,BGR,2990780301,3316842815
1991,Burkina Faso,BFA,731992011.6,327535406.1
1991,Burundi,BDI,..,..
1991,Cabo Verde,CPV,205936309.7,52976389.2
1991,Cambodia,KHM,..,..
1991,Cameroon,CMR,1733392181,2367905904
1991,Canada,CAN,1.52337E+11,1.49171E+11
1991,Cayman Islands,CYM,..,..
1991,Central African Republic,CAF,359806856.1,242234407.7
1991,Chad,TCD,457982402.7,224348643.7
1991,Channel Islands,CHI,..,..
1991,Chile,CHL,10140234075,11846241659
1991,China,CHN,43941659170,55542659170
1991,Colombia,COL,7098679409,9389847563
1991,Comoros,COM,107843242.7,35397521.35
1991,"Congo, Dem. Rep.",COD,..,..
1991,"Congo, Rep.",COG,764320167.7,1134481545
1991,Costa Rica,CRI,2744397952,2410492936
1991,Cote d'Ivoire,CIV,2831550714,3149018976
1991,Croatia,HRV,..,..
1991,Cuba,CUB,7067591647,5332907602
1991,Curacao,CUW,..,..
1991,Cyprus,CYP,3294451136,2716934975
1991,Czechia,CZE,9807155002,11474470977
1991,Denmark,DNK,43805725319,52463311186
1991,Djibouti,DJI,..,..
1991,Dominica,DMA,..,..
1991,Dominican Republic,DOM,4225814432,3937453796
1991,Ecuador,ECU,3656282141,4021964982
1991,"Egypt, Arab Rep.",EGY,13226985710,10269192423
1991,El Salvador,SLV,1603417100,904756600
1991,Equatorial Guinea,GNQ,..,..
1991,Eritrea,ERI,..,..
1991,Estonia,EST,..,..
1991,Eswatini,SWZ,..,..
1991,Ethiopia,ETH,..,..
1991,Faroe Islands,FRO,302667507.5,439774637.8
1991,Fiji,FJI,..,..
1991,Finland,FIN,28389942655,27176885752
1991,France,FRA,2.83763E+11,2.82187E+11
1991,French Polynesia,PYF,914656731.9,43125702.15
1991,Gabon,GAB,1797631335,2553606793
1991,"Gambia, The",GMB,239289621,203220124.4
1991,Georgia,GEO,1986754967,1754966887
1991,Germany,DEU,4.51492E+11,4.42049E+11
1991,Ghana,GHA,1685450045,1120134374
1991,Gibraltar,GIB,..,..
1991,Greece,GRC,24257674332,14665696392
1991,Greenland,GRL,..,..
1991,Grenada,GRD,..,..
1991,Guam,GUM,..,..
1991,Guatemala,GTM,2028682331,1688646379
1991,Guinea,GIN,922173162.5,914493654.1
1991,Guinea-Bissau,GNB,252622654.2,66730021.34
1991,Guyana,GUY,419266355.1,356599994.6
1991,Haiti,HTI,1024563585,358174516.7
1991,Honduras,HND,1659600880,1654804672
1991,"Hong Kong SAR, China",HKG,1.00109E+11,1.06158E+11
1991,Hungary,HUN,10283995089,10010613260
1991,Iceland,ISL,2222220478,2130770692
1991,India,IND,22941358805,22943398073
1991,Indonesia,IDN,30891188671,33063806609
1991,"Iran, Islamic Rep.",IRN,39978163184,18198012421
1991,Iraq,IRQ,10197886.65,5262247.839
1991,Ireland,IRL,25321115477,27672807707
1991,Isle of Man,IMN,..,..
1991,Israel,ISR,22534110833,17025033127
1991,Italy,ITA,2.09894E+11,2.12306E+11
1991,Jamaica,JAM,..,..
1991,Japan,JPN,2.97072E+11,3.50804E+11
1991,Jordan,JOR,3469992627,2493295303
1991,Kazakhstan,KAZ,..,..
1991,Kenya,KEN,2327744590,2204295626
1991,Kiribati,KIR,45073440.75,10284742.58
1991,"Korea, Dem. People's Rep.",PRK,..,..
1991,"Korea, Rep.",KOR,86243424554,78353503011
1991,Kosovo,XKX,..,..
1991,Kuwait,KWT,13840763854,1860913431
1991,Kyrgyz Republic,KGZ,931702624.7,898722000.8
1991,Lao PDR,LAO,259372152.5,133175703.9
1991,Latvia,LVA,..,..
1991,Lebanon,LBN,3748853489,587654401
1991,Lesotho,LSO,..,..
1991,Liberia,LBR,..,..
1991,Libya,LBY,9842267248,10823288023
1991,Liechtenstein,LIE,..,..
1991,Lithuania,LTU,..,..
1991,Luxembourg,LUX,12320522150,13779657413
1991,"Macao SAR, China",MAC,2895086985,3450292032
1991,Madagascar,MDG,643923815.8,519857359
1991,Malawi,MWI,..,..
1991,Malaysia,MYS,40044733779,38245926680
1991,Maldives,MDV,..,..
1991,Mali,MLI,851450256.4,441641080.1
1991,Malta,MLT,2416501185,2127896732
1991,Marshall Islands,MHL,..,..
1991,Mauritania,MRT,603327625.1,587632451.8
1991,Mauritius,MUS,1886942169,1779993085
1991,Mexico,MEX,60602372094,51459461044
1991,"Micronesia, Fed. Sts.",FSM,..,..
1991,Moldova,MDA,..,..
1991,Monaco,MCO,..,..
1991,Mongolia,MNG,1963530568,1286298568
1991,Montenegro,MNE,..,..
1991,Morocco,MAR,8865788883,7205742183
1991,Mozambique,MOZ,1599048009,308366307.2
1991,Myanmar,MMR,..,..
1991,Namibia,NAM,1494467310,1318535806
1991,Nauru,NRU,..,..
1991,Nepal,NPL,909166930.6,450607063.7
1991,Netherlands,NLD,1.62784E+11,1.82236E+11
1991,New Caledonia,NCL,865613977.8,448725650.6
1991,New Zealand,NZL,10889038938,12465113662
1991,Nicaragua,NIC,781711340.2,324886597.9
1991,Niger,NER,601899473.5,394885755.9
1991,Nigeria,NGA,..,..
1991,North Macedonia,MKD,1214969388,1075454082
1991,Northern Mariana Islands,MNP,..,..
1991,Norway,NOR,37780622869,47030187108
1991,Oman,OMN,3219765930,4881664499
1991,Pakistan,PAK,8434875711,7725461182
1991,Palau,PLW,..,..
1991,Panama,PAN,5369275600,4552713300
1991,Papua New Guinea,PNG,1975315126,1600735294
1991,Paraguay,PRY,2674820829,3550997047
1991,Peru,PER,4964700219,4190478468
1991,Philippines,PHL,12042290328,10856619094
1991,Poland,POL,..,..
1991,Portugal,PRT,30177947829,23689342306
1991,Puerto Rico (US),PRI,15904300000,21323000000
1991,Qatar,QAT,..,..
1991,Romania,ROU,6212855086,5077889776
1991,Russian Federation,RUS,67259259259,68740740741
1991,Rwanda,RWA,345146483,139864227.8
1991,Samoa,WSM,..,..
1991,San Marino,SMR,..,..
1991,Sao Tome and Principe,STP,..,..
1991,Saudi Arabia,SAU,48117222964,50652603471
1991,Senegal,SEN,1934759331,1125698820
1991,Serbia,SRB,..,..
1991,Seychelles,SYC,172126486.1,51160208.48
1991,Sierra Leone,SLE,226153231.5,243739503.8
1991,Singapore,SGP,70627959479,76631490593
1991,Sint Maarten (Dutch part),SXM,..,..
1991,Slovak Republic,SVK,6602608481,5944790456
1991,Slovenia,SVN,8912382609,9892826087
1991,Solomon Islands,SLB,262639285.4,120084722.4
1991,"Somalia, Fed. Rep.",SOM,..,..
1991,South Africa,ZAF,21011728108,26149497613
1991,South Sudan,SSD,..,..
1991,Spain,ESP,1.13804E+11,91063265012
1991,Sri Lanka,LKA,3497075175,2586802030
1991,St. Kitts and Nevis,KNA,..,..
1991,St. Lucia,LCA,..,..
1991,St. Martin (French part),MAF,..,..
1991,St. Vincent and the Grenadines,VCT,..,..
1991,Sudan,SDN,5184280866,1473623929
1991,Suriname,SUR,..,..
1991,Sweden,SWE,68211777594,71908405788
1991,Switzerland,CHE,1.03278E+11,1.07068E+11
1991,Syrian Arab Republic,SYR,4163791667,3168250000
1991,Tajikistan,TJK,..,..
1991,Tanzania,TZA,1667354019,508648082.9
1991,Thailand,THA,41756458834,35329436945
1991,Timor-Leste,TLS,..,..
1991,Togo,TGO,773548332,571926370.7
1991,Tonga,TON,80059386.09,30278420.48
1991,Trinidad and Tobago,TTO,..,..
1991,Tunisia,TUN,5925543478,5277717391
1991,Turkiye,TUR,25124448706,20904913710
1991,Turkmenistan,TKM,869992927.2,1250614833
1991,Turks and Caicos Islands,TCA,..,..
1991,Tuvalu,TUV,..,..
1991,Uganda,UGA,728713354.6,247948158.2
1991,Ukraine,UKR,18548654269,20230191965
1991,United Arab Emirates,ARE,..,..
1991,United Kingdom,GBR,2.59645E+11,2.58221E+11
1991,United States,USA,6.23544E+11,5.94931E+11
1991,Uruguay,URY,2001561708,2318969025
1991,Uzbekistan,UZB,..,..
1991,Vanuatu,VUT,109142192,80560530.09
1991,"Venezuela, RB",VEN,13566194457,16217872415
1991,Viet Nam,VNM,3463880947,2971976969
1991,Virgin Islands (U.S.),VIR,..,..
1991,West Bank and Gaza,PSE,..,..
1991,"Yemen, Rep.",YEM,4435970025,2591910791
1991,Zambia,ZMB,..,..
1991,Zimbabwe,ZWE,2349000000,2065000000
1991,Africa Eastern and Southern,AFE,53840313158,51066159569
1991,Africa Western and Central,AFW,..,..
1991,Arab World,ARB,1.78921E+11,..
1991,Caribbean small states,CSS,..,..
1991,Central Europe and the Baltics,CEB,..,..
1991,Early-demographic dividend,EAR,4.27353E+11,3.86992E+11
1991,East Asia & Pacific,EAS,8.86731E+11,9.53638E+11
1991,East Asia & Pacific (excluding high income),EAP,1.7925E+11,1.80604E+11
1991,East Asia & Pacific (IDA & IBRD countries),TEA,1.7893E+11,1.80376E+11
1991,Euro area,EMU,1.56201E+12,1.53517E+12
1991,Europe & Central Asia,ECS,2.28031E+12,2.27409E+12
1991,Europe & Central Asia (excluding high income),ECA,84293371316,79164032797
1991,Europe & Central Asia (IDA & IBRD countries),TEC,1.75932E+11,1.68897E+11
1991,European Union,EUU,1.72631E+12,1.71315E+12
1991,Fragile and conflict affected situations,FCS,1.00822E+11,92421897014
1991,Heavily indebted poor countries (HIPC),HPC,39239702830,24678103422
1991,High income,HIC,3.84575E+12,3.87961E+12
1991,IBRD only,IBD,6.61162E+11,6.40041E+11
1991,IDA & IBRD total,IBT,7.4675E+11,7.02419E+11
1991,IDA blend,IDB,34853280178,..
1991,IDA only,IDX,59901530760,35588416495
1991,IDA total,IDA,95426250865,76188168732
1991,Late-demographic dividend,LTE,4.19511E+11,4.16833E+11
1991,Latin America & Caribbean,LCN,1.97082E+11,1.99289E+11
1991,Latin America & Caribbean (excluding high income),LAC,1.39112E+11,1.32947E+11
1991,Latin America & the Caribbean (IDA & IBRD countries),TLA,1.68306E+11,1.67593E+11
1991,Least developed countries: UN classification,LDC,..,..
1991,Low & middle income,LMY,6.21198E+11,5.71305E+11
1991,Low income,LIC,31739215945,16412282417
1991,Lower middle income,LMC,1.35844E+11,1.16446E+11
1991,"Middle East, North Africa, Afghanistan & Pakistan",MEA,2.484E+11,..
1991,"Middle East, North Africa, Afghanistan & Pakistan (excluding high income)",MNA,1.18471E+11,82716387251
1991,"Middle East, North Africa, Afghanistan & Pakistan (IDA & IBRD)",TMN,1.15961E+11,82343655018
1991,Middle income,MIC,5.94766E+11,5.56897E+11
1991,North America,NAC,7.76304E+11,7.45179E+11
1991,Not classified,INX,..,..
1991,OECD members,OED,3.45736E+12,3.46034E+12
1991,Other small states,OSS,..,..
1991,Pacific island small states,PSS,..,..
1991,Post-demographic dividend,PST,3.48707E+12,3.51262E+12
1991,Pre-demographic dividend,PRE,45393111401,34116520996
1991,Small states,SST,..,..
1991,South Asia,SAS,31765825612,28489291287
1991,South Asia (IDA & IBRD),TSA,31765825612,28489291287
1991,Sub-Saharan Africa,SSF,83205388107,84833769939
1991,Sub-Saharan Africa (excluding high income),SSA,81565399318,83910270586
1991,Sub-Saharan Africa (IDA & IBRD countries),TSS,83205388107,84833769939
1991,Upper middle income,UMC,4.58977E+11,4.42828E+11
1991,World,WLD,4.49808E+12,4.48193E+12
1992,Afghanistan,AFG,..,..
1992,Albania,ALB,627952433.9,81519209.68
1992,Algeria,DZA,11458103093,12154198605
1992,American Samoa,ASM,..,..
1992,Andorra,AND,..,..
1992,Angola,AGO,..,..
1992,Antigua and Barbuda,ATG,..,..
1992,Argentina,ARG,18606116034,15095261860
1992,Armenia,ARM,779688141.2,506852687.7
1992,Aruba,ABW,..,..
1992,Australia,AUS,53341618614,54226800318
1992,Austria,AUT,67252992737,64678673929
1992,Azerbaijan,AZE,242767527.7,383311808.1
1992,"Bahamas, The",BHS,1592260000,1562180000
1992,Bahrain,BHR,4596276330,4009042287
1992,Bangladesh,BGD,3915198939,2405649867
1992,Barbados,BRB,..,..
1992,Belarus,BLR,9758792119,10127048426
1992,Belgium,BEL,1.32089E+11,1.38073E+11
1992,Belize,BLZ,273588250,285422200
1992,Benin,BEN,567957714.4,393976833.8
1992,Bermuda,BMU,..,..
1992,Bhutan,BTN,140214073.7,80226226.61
1992,Bolivia,BOL,1640395876,1131356484
1992,Bosnia and Herzegovina,BIH,..,..
1992,Botswana,BWA,1723755466,1997748522
1992,Brazil,BRA,27518767695,35668490420
1992,British Virgin Islands,VGB,..,..
1992,Brunei Darussalam,BRN,2004337718,2421166297
1992,Bulgaria,BGR,4554217900,4052954029
1992,Burkina Faso,BFA,655479337.6,296949143.5
1992,Burundi,BDI,..,..
1992,Cabo Verde,CPV,238072377.9,61728160.19
1992,Cambodia,KHM,..,..
1992,Cameroon,CMR,2211014453,2480390364
1992,Canada,CAN,1.57744E+11,1.55724E+11
1992,Cayman Islands,CYM,..,..
1992,Central African Republic,CAF,372229134.5,238129778.7
1992,Chad,TCD,466958173.7,208710952.5
1992,Channel Islands,CHI,..,..
1992,Chile,CHL,12540686002,13307830022
1992,China,CHN,61849400129,66847400129
1992,Colombia,COL,9985578591,9649972063
1992,Comoros,COM,117523771,38576009.49
1992,"Congo, Dem. Rep.",COD,..,..
1992,"Congo, Rep.",COG,482474332.5,1193589825
1992,Costa Rica,CRI,3501782568,3027087816
1992,Cote d'Ivoire,CIV,3135722383,3558855911
1992,Croatia,HRV,..,..
1992,Cuba,CUB,4025942838,3736544459
1992,Curacao,CUW,..,..
1992,Cyprus,CYP,4191531291,3418539505
1992,Czechia,CZE,13453377892,13872829183
1992,Denmark,DNK,45947462931,56509036961
1992,Djibouti,DJI,..,..
1992,Dominica,DMA,..,..
1992,Dominican Republic,DOM,5067032000,4271216000
1992,Ecuador,ECU,3740586293,4366816408
1992,"Egypt, Arab Rep.",EGY,12938946228,11885776186
1992,El Salvador,SLV,1891815600,937870800
1992,Equatorial Guinea,GNQ,..,..
1992,Eritrea,ERI,214474287.1,54502214.56
1992,Estonia,EST,..,..
1992,Eswatini,SWZ,..,..
1992,Ethiopia,ETH,..,..
1992,Faroe Islands,FRO,332828981.7,441673501.9
1992,Fiji,FJI,..,..
1992,Finland,FIN,27792673215,28745686222
1992,France,FRA,2.99027E+11,3.11915E+11
1992,French Polynesia,PYF,893714422,50638380.75
1992,Gabon,GAB,1889852807,2576724992
1992,"Gambia, The",GMB,263205386,218509709.4
1992,Georgia,GEO,2446203314,1315854563
1992,Germany,DEU,4.83833E+11,4.73021E+11
1992,Ghana,GHA,1845761703,1105235207
1992,Gibraltar,GIB,..,..
1992,Greece,GRC,26320284233,16986794780
1992,Greenland,GRL,..,..
1992,Grenada,GRD,..,..
1992,Guam,GUM,..,..
1992,Guatemala,GTM,2849942850,1886230498
1992,Guinea,GIN,856408259.4,817036636.5
1992,Guinea-Bissau,GNB,294812870,28841802.62
1992,Guyana,GUY,557463259.8,469762447.6
1992,Haiti,HTI,563519019.8,170898839.6
1992,Honduras,HND,1780679896,1713781626
1992,"Hong Kong SAR, China",HKG,1.22485E+11,1.27907E+11
1992,Hungary,HUN,10776676077,10708915903
1992,Iceland,ISL,2126363946,2113685423
1992,India,IND,27639649994,25486029047
1992,Indonesia,IDN,34720875700,38801726176
1992,"Iran, Islamic Rep.",IRN,32617010800,15767057949
1992,Iraq,IRQ,7412217.412,3224627.225
1992,Ireland,IRL,28596731877,32659481442
1992,Isle of Man,IMN,..,..
1992,Israel,ISR,24174277988,19453753406
1992,Italy,ITA,2.30164E+11,2.30754E+11
1992,Jamaica,JAM,..,..
1992,Japan,JPN,2.98544E+11,3.78895E+11
1992,Jordan,JOR,4323657361,2667772992
1992,Kazakhstan,KAZ,18770660124,18440081612
1992,Kenya,KEN,2189413218,2155745830
1992,Kiribati,KIR,58763057.71,9967480.582
1992,"Korea, Dem. People's Rep.",PRK,..,..
1992,"Korea, Rep.",KOR,87861307514,85350581848
1992,Kosovo,XKX,..,..
1992,Kuwait,KWT,10766871506,8036810157
1992,Kyrgyz Republic,KGZ,1102233827,823942430.2
1992,Lao PDR,LAO,305692108.3,192017652.1
1992,Latvia,LVA,..,..
1992,Lebanon,LBN,4207000160,634069545.8
1992,Lesotho,LSO,..,..
1992,Liberia,LBR,..,..
1992,Libya,LBY,8630701857,10365721552
1992,Liechtenstein,LIE,..,..
1992,Lithuania,LTU,..,..
1992,Luxembourg,LUX,13027742785,15301225847
1992,"Macao SAR, China",MAC,3195924109,4034197228
1992,Madagascar,MDG,693267160.7,538527290.7
1992,Malawi,MWI,..,..
1992,Malaysia,MYS,44155181215,44957788511
1992,Maldives,MDV,..,..
1992,Mali,MLI,955375266.8,442363532.1
1992,Malta,MLT,2680639043,2470727643
1992,Marshall Islands,MHL,..,..
1992,Mauritania,MRT,431906454.1,484196054.7
1992,Mauritius,MUS,2016679338,1912137909
1992,Mexico,MEX,73709242760,55406062494
1992,"Micronesia, Fed. Sts.",FSM,..,..
1992,Moldova,MDA,..,..
1992,Monaco,MCO,..,..
1992,Mongolia,MNG,479118638.5,381224551.6
1992,Montenegro,MNE,..,..
1992,Morocco,MAR,9469830979,7474470438
1992,Mozambique,MOZ,1404544786,256122499.3
1992,Myanmar,MMR,..,..
1992,Namibia,NAM,1679044703,1475205066
1992,Nauru,NRU,..,..
1992,Nepal,NPL,875325167,542824053.5
1992,Netherlands,NLD,1.75443E+11,1.95617E+11
1992,New Caledonia,NCL,926327060.9,400878530.2
1992,New Zealand,NZL,11679604424,12991280306
1992,Nicaragua,NIC,954960000,309280000
1992,Niger,NER,573119376.7,398954556.2
1992,Nigeria,NGA,..,..
1992,North Macedonia,MKD,1235972108,1258971518
1992,Northern Mariana Islands,MNP,..,..
1992,Norway,NOR,39401882694,47881567302
1992,Oman,OMN,3615084525,5565669701
1992,Pakistan,PAK,9984113697,8442738387
1992,Palau,PLW,..,..
1992,Panama,PAN,6315044100,5336629500
1992,Papua New Guinea,PNG,2000829359,2094857972
1992,Paraguay,PRY,2838888199,3566831493
1992,Peru,PER,5561752159,4500645313
1992,Philippines,PHL,14629138823,12555557117
1992,Poland,POL,..,..
1992,Portugal,PRT,34266584497,26315596971
1992,Puerto Rico (US),PRI,15387300000,21051200000
1992,Qatar,QAT,..,..
1992,Romania,ROU,9093750000,6981666667
1992,Russian Federation,RUS,2.22111E+11,2.86864E+11
1992,Rwanda,RWA,370561982.1,112984503.5
1992,Samoa,WSM,..,..
1992,San Marino,SMR,..,..
1992,Sao Tome and Principe,STP,..,..
1992,Saudi Arabia,SAU,49331375167,53610680908
1992,Senegal,SEN,2056499106,1164623532
1992,Serbia,SRB,..,..
1992,Seychelles,SYC,191505105.5,50252835.86
1992,Sierra Leone,SLE,223713664.4,214799716.5
1992,Singapore,SGP,77981321905,84309872453
1992,Sint Maarten (Dutch part),SXM,..,..
1992,Slovak Republic,SVK,10819201708,9816291888
1992,Slovenia,SVN,6661506486,7386170401
1992,Solomon Islands,SLB,258870940.2,144120760.9
1992,"Somalia, Fed. Rep.",SOM,..,..
1992,South Africa,ZAF,22581586205,27855753864
1992,South Sudan,SSD,..,..
1992,Spain,ESP,1.24859E+11,1.0224E+11
1992,Sri Lanka,LKA,3981473876,3082683094
1992,St. Kitts and Nevis,KNA,..,..
1992,St. Lucia,LCA,..,..
1992,St. Martin (French part),MAF,..,..
1992,St. Vincent and the Grenadines,VCT,..,..
1992,Sudan,SDN,1014351939,368873911.6
1992,Suriname,SUR,..,..
1992,Sweden,SWE,70211547443,74162970569
1992,Switzerland,CHE,1.06791E+11,1.14018E+11
1992,Syrian Arab Republic,SYR,4987517654,3479921417
1992,Tajikistan,TJK,..,..
1992,Tanzania,TZA,1810820837,572500411.4
1992,Thailand,THA,45675754075,41206839588
1992,Timor-Leste,TLS,..,..
1992,Togo,TGO,685717467.7,501433055
1992,Tonga,TON,67147205.11,32405166.65
1992,Trinidad and Tobago,TTO,..,..
1992,Tunisia,TUN,7200545434,6126637066
1992,Turkiye,TUR,27596929569,22898733993
1992,Turkmenistan,TKM,1222206142,2148362352
1992,Turks and Caicos Islands,TCA,..,..
1992,Tuvalu,TUV,..,..
1992,Uganda,UGA,694106643.6,250344412.1
1992,Ukraine,UKR,16259872205,17732031955
1992,United Arab Emirates,ARE,..,..
1992,United Kingdom,GBR,2.75833E+11,2.7042E+11
1992,United States,USA,6.67791E+11,6.33053E+11
1992,Uruguay,URY,2527397075,2633269109
1992,Uzbekistan,UZB,..,..
1992,Vanuatu,VUT,108420347.1,89459573.87
1992,"Venezuela, RB",VEN,16901309773,15407112357
1992,Viet Nam,VNM,3831479525,3428344547
1992,Virgin Islands (U.S.),VIR,..,..
1992,West Bank and Gaza,PSE,..,..
1992,"Yemen, Rep.",YEM,5376769359,2911541724
1992,Zambia,ZMB,..,..
1992,Zimbabwe,ZWE,2464500000,1839250000
1992,Africa Eastern and Southern,AFE,50713974468,51763286555
1992,Africa Western and Central,AFW,..,..
1992,Arab World,ARB,1.77014E+11,..
1992,Caribbean small states,CSS,..,..
1992,Central Europe and the Baltics,CEB,..,..
1992,Early-demographic dividend,EAR,4.71159E+11,4.13191E+11
1992,East Asia & Pacific,EAS,9.65272E+11,1.06102E+12
1992,East Asia & Pacific (excluding high income),EAP,2.10983E+11,2.12307E+11
1992,East Asia & Pacific (IDA & IBRD countries),TEA,2.10606E+11,2.1204E+11
1992,Euro area,EMU,1.68221E+12,1.67111E+12
1992,Europe & Central Asia,ECS,2.59972E+12,2.67071E+12
1992,Europe & Central Asia (excluding high income),ECA,88179602830,81528497696
1992,Europe & Central Asia (IDA & IBRD countries),TEC,3.86992E+11,4.51885E+11
1992,European Union,EUU,1.86104E+12,1.86319E+12
1992,Fragile and conflict affected situations,FCS,97555909326,86642821504
1992,Heavily indebted poor countries (HIPC),HPC,34841555814,23565551688
1992,High income,HIC,4.26279E+12,4.4112E+12
1992,IBRD only,IBD,9.07046E+11,9.31021E+11
1992,IDA & IBRD total,IBT,9.98926E+11,1.00094E+12
1992,IDA blend,IDB,38358358606,..
1992,IDA only,IDX,57675458764,35712040865
1992,IDA total,IDA,96176871448,79007229975
1992,Late-demographic dividend,LTE,6.47759E+11,7.27232E+11
1992,Latin America & Caribbean,LCN,2.29032E+11,2.121E+11
1992,Latin America & Caribbean (excluding high income),LAC,1.6262E+11,1.43213E+11
1992,Latin America & the Caribbean (IDA & IBRD countries),TLA,2.03435E+11,1.82135E+11
1992,Least developed countries: UN classification,LDC,..,..
1992,Low & middle income,LMY,6.84952E+11,6.22696E+11
1992,Low income,LIC,27971052510,15384759856
1992,Lower middle income,LMC,1.51778E+11,1.28213E+11
1992,"Middle East, North Africa, Afghanistan & Pakistan",MEA,2.47121E+11,..
1992,"Middle East, North Africa, Afghanistan & Pakistan (excluding high income)",MNA,1.16698E+11,82975641787
1992,"Middle East, North Africa, Afghanistan & Pakistan (IDA & IBRD)",TMN,1.14226E+11,82601741314
1992,Middle income,MIC,6.60935E+11,6.08813E+11
1992,North America,NAC,8.25986E+11,7.89919E+11
1992,Not classified,INX,..,..
1992,OECD members,OED,3.6842E+12,3.71884E+12
1992,Other small states,OSS,..,..
1992,Pacific island small states,PSS,..,..
1992,Post-demographic dividend,PST,3.71215E+12,3.7809E+12
1992,Pre-demographic dividend,PRE,38464997980,32401042848
1992,Small states,SST,..,..
1992,South Asia,SAS,37173050170,32008062009
1992,South Asia (IDA & IBRD),TSA,37173050170,32008062009
1992,Sub-Saharan Africa,SSF,80704847954,86030892510
1992,Sub-Saharan Africa (excluding high income),SSA,79080063097,85096847889
1992,Sub-Saharan Africa (IDA & IBRD countries),TSS,80704847954,86030892510
1992,Upper middle income,UMC,5.0929E+11,4.83299E+11
1992,World,WLD,4.98433E+12,5.0671E+12
1993,Afghanistan,AFG,..,..
1993,Albania,ALB,764996711.8,189399541.5
1993,Algeria,DZA,11556877008,10880084682
1993,American Samoa,ASM,..,..
1993,Andorra,AND,..,..
1993,Angola,AGO,..,..
1993,Antigua and Barbuda,ATG,..,..
1993,Argentina,ARG,22049649650,16357317317
1993,Armenia,ARM,729847643.5,567247615
1993,Aruba,ABW,..,..
1993,Australia,AUS,55746908375,54747048904
1993,Austria,AUT,60542949249,59900880161
1993,Azerbaijan,AZE,1193938485,902385596.4
1993,"Bahamas, The",BHS,1589080000,1606810000
1993,Bahrain,BHR,4198138298,4361702128
1993,Bangladesh,BGD,4677910053,2990714286
1993,Barbados,BRB,..,..
1993,Belarus,BLR,13565315092,11004262913
1993,Belgium,BEL,1.18889E+11,1.26086E+11
1993,Belize,BLZ,280285400,289533650
1993,Benin,BEN,748725748.5,510965440.1
1993,Bermuda,BMU,..,..
1993,Bhutan,BTN,103714446.4,74253380.05
1993,Bolivia,BOL,1627872470,1094224544
1993,Bosnia and Herzegovina,BIH,..,..
1993,Botswana,BWA,1627126688,1959245999
1993,Brazil,BRA,33500364057,38683106085
1993,British Virgin Islands,VGB,..,..
1993,Brunei Darussalam,BRN,2125274865,2248434358
1993,Bulgaria,BGR,4964847431,4138580851
1993,Burkina Faso,BFA,661457472.5,286407891.5
1993,Burundi,BDI,..,..
1993,Cabo Verde,CPV,230719808,65033421.61
1993,Cambodia,KHM,827697458.4,406842504.9
1993,Cameroon,CMR,1580660005,2652315493
1993,Canada,CAN,1.68552E+11,1.68751E+11
1993,Cayman Islands,CYM,..,..
1993,Central African Republic,CAF,292701105.8,218665899.4
1993,Chad,TCD,429082121.1,194955480.3
1993,Channel Islands,CHI,..,..
1993,Chile,CHL,13666593546,12755908986
1993,China,CHN,86072328750,74280328750
1993,Colombia,COL,13949161891,10089611943
1993,Comoros,COM,115154959.3,37795696.77
1993,"Congo, Dem. Rep.",COD,..,..
1993,"Congo, Rep.",COG,841262291.2,1149866814
1993,Costa Rica,CRI,4143010842,3446894147
1993,Cote d'Ivoire,CIV,2861522279,3252142767
1993,Croatia,HRV,..,..
1993,Cuba,CUB,3516494865,2951182568
1993,Curacao,CUW,..,..
1993,Cyprus,CYP,3158397055,3129819788
1993,Czechia,CZE,15861421535,16321369053
1993,Denmark,DNK,41582171224,52361218248
1993,Djibouti,DJI,..,..
1993,Dominica,DMA,..,..
1993,Dominican Republic,DOM,5443488000,4760104000
1993,Ecuador,ECU,4381543772,3794531266
1993,"Egypt, Arab Rep.",EGY,14015606242,12034813926
1993,El Salvador,SLV,2281645100,1294122000
1993,Equatorial Guinea,GNQ,..,..
1993,Eritrea,ERI,334544481,142966419.3
1993,Estonia,EST,2728885949,2573466526
1993,Eswatini,SWZ,..,..
1993,Ethiopia,ETH,..,..
1993,Faroe Islands,FRO,219928040.7,333285060.2
1993,Fiji,FJI,..,..
1993,Finland,FIN,23895076507,27996252732
1993,France,FRA,2.61685E+11,2.8675E+11
1993,French Polynesia,PYF,836135905.3,83317375.74
1993,Gabon,GAB,1512752826,2136542944
1993,"Gambia, The",GMB,275121124,212861269.6
1993,Georgia,GEO,1938101600,1266549923
1993,Germany,DEU,4.13096E+11,4.13276E+11
1993,Ghana,GHA,2173595289,1208940821
1993,Gibraltar,GIB,..,..
1993,Greece,GRC,23647201249,15014692331
1993,Greenland,GRL,..,..
1993,Grenada,GRD,..,..
1993,Guam,GUM,..,..
1993,Guatemala,GTM,2972656775,2018148609
1993,Guinea,GIN,920896381.8,869566348.3
1993,Guinea-Bissau,GNB,201463749.4,54616172.66
1993,Guyana,GUY,595085540.7,519140473.1
1993,Haiti,HTI,711988087.3,203703197.6
1993,Honduras,HND,2212212827,1905157993
1993,"Hong Kong SAR, China",HKG,1.36736E+11,1.44856E+11
1993,Hungary,HUN,12184782105,9317495622
1993,Iceland,ISL,1820239057,2007806139
1993,India,IND,27419354119,27466541463
1993,Indonesia,IDN,37555937063,42274397859
1993,"Iran, Islamic Rep.",IRN,13150789257,16197325831
1993,Iraq,IRQ,4841348.776,779620.7771
1993,Ireland,IRL,27904818002,33215365740
1993,Isle of Man,IMN,..,..
1993,Israel,ISR,27078766828,20845995548
1993,Italy,ITA,1.84878E+11,2.17242E+11
1993,Jamaica,JAM,..,..
1993,Japan,JPN,3.0894E+11,4.04419E+11
1993,Jordan,JOR,4493535695,2821988710
1993,Kazakhstan,KAZ,10941284112,8871031904
1993,Kenya,KEN,1953010595,2237653804
1993,Kiribati,KIR,48355116.42,9513654.662
1993,"Korea, Dem. People's Rep.",PRK,..,..
1993,"Korea, Rep.",KOR,91538648223,92739264964
1993,Kosovo,XKX,..,..
1993,Kuwait,KWT,10602648675,11437086424
1993,Kyrgyz Republic,KGZ,834214288,679350396.5
1993,Lao PDR,LAO,413821993.4,284956368.6
1993,Latvia,LVA,..,..
1993,Lebanon,LBN,5334999955,728607315.9
1993,Lesotho,LSO,..,..
1993,Liberia,LBR,..,..
1993,Libya,LBY,9672438151,8659854782
1993,Liechtenstein,LIE,..,..
1993,Lithuania,LTU,..,..
1993,Luxembourg,LUX,13144580224,15744739972
1993,"Macao SAR, China",MAC,3309549360,4314877221
1993,Madagascar,MDG,774310221.8,561129087.8
1993,Malawi,MWI,..,..
1993,Malaysia,MYS,52860519911,52793700310
1993,Maldives,MDV,..,..
1993,Mali,MLI,853184770.6,446775136.9
1993,Malta,MLT,2549168272,2297726208
1993,Marshall Islands,MHL,..,..
1993,Mauritania,MRT,382686042.6,468506039.8
1993,Mauritius,MUS,2097741815,1900665939
1993,Mexico,MEX,77229254751,61477360985
1993,"Micronesia, Fed. Sts.",FSM,..,..
1993,Moldova,MDA,..,..
1993,Monaco,MCO,..,..
1993,Mongolia,MNG,541030589.9,455909517
1993,Montenegro,MNE,..,..
1993,Morocco,MAR,8739349823,6983435380
1993,Mozambique,MOZ,1355075748,237590627.5
1993,Myanmar,MMR,..,..
1993,Namibia,NAM,1609077277,1515171424
1993,Nauru,NRU,..,..
1993,Nepal,NPL,1052504167,674654166.7
1993,Netherlands,NLD,1.62829E+11,1.87817E+11
1993,New Caledonia,NCL,854160933.8,370028607.5
1993,New Zealand,NZL,12606603617,14314473757
1993,Nicaragua,NIC,840604575.2,358807189.5
1993,Niger,NER,463691213.9,333024230.6
1993,Nigeria,NGA,..,..
1993,North Macedonia,MKD,1394808319,1192218793
1993,Northern Mariana Islands,MNP,..,..
1993,Norway,NOR,36845547709,44244794970
1993,Oman,OMN,3882964889,5378413524
1993,Pakistan,PAK,11552190707,8394305117
1993,Palau,PLW,..,..
1993,Panama,PAN,6641440500,5626006400
1993,Papua New Guinea,PNG,1837898712,2618765433
1993,Paraguay,PRY,3891800193,4343942839
1993,Peru,PER,5683170881,4336828767
1993,Philippines,PHL,17470673089,13836087972
1993,Poland,POL,..,..
1993,Portugal,PRT,29049311807,22422442339
1993,Puerto Rico (US),PRI,16385900000,19790700000
1993,Qatar,QAT,..,..
1993,Romania,ROU,7377804092,6067363989
1993,Russian Federation,RUS,1.32674E+11,1.66222E+11
1993,Rwanda,RWA,404236920.6,102031305.1
1993,Samoa,WSM,..,..
1993,San Marino,SMR,..,..
1993,Sao Tome and Principe,STP,..,..
1993,Saudi Arabia,SAU,44483311081,45678237650
1993,Senegal,SEN,1858224797,998657341.7
1993,Serbia,SRB,..,..
1993,Seychelles,SYC,238319431.7,53589237.01
1993,Sierra Leone,SLE,219721601,186700713.2
1993,Singapore,SGP,91975756766,97966383028
1993,Sint Maarten (Dutch part),SXM,..,..
1993,Slovak Republic,SVK,9869717732,8680849145
1993,Slovenia,SVN,6919187302,6955369312
1993,Solomon Islands,SLB,308369615.6,177241945.9
1993,"Somalia, Fed. Rep.",SOM,..,..
1993,South Africa,ZAF,23232862325,29312901692
1993,South Sudan,SSD,..,..
1993,Spain,ESP,1.01029E+11,93084945745
1993,Sri Lanka,LKA,4481456954,3494577815
1993,St. Kitts and Nevis,KNA,..,..
1993,St. Lucia,LCA,..,..
1993,St. Martin (French part),MAF,..,..
1993,St. Vincent and the Grenadines,VCT,..,..
1993,Sudan,SDN,642630277.3,375673198.8
1993,Suriname,SUR,..,..
1993,Sweden,SWE,58755042783,65075545391
1993,Switzerland,CHE,1.00339E+11,1.11111E+11
1993,Syrian Arab Republic,SYR,5602184892,3816418531
1993,Tajikistan,TJK,685677689.8,470190964.1
1993,Tanzania,TZA,2031247910,765667146.1
1993,Thailand,THA,52752864173,47453533153
1993,Timor-Leste,TLS,..,..
1993,Togo,TGO,439633299.5,304394721.2
1993,Tonga,TON,65851156.07,27551300.58
1993,Trinidad and Tobago,TTO,..,..
1993,Tunisia,TUN,7006979981,5908390901
1993,Turkiye,TUR,34898334092,24669695039
1993,Turkmenistan,TKM,1951162672,2692664772
1993,Turks and Caicos Islands,TCA,..,..
1993,Tuvalu,TUV,..,..
1993,Uganda,UGA,682002410,227444247.5
1993,Ukraine,UKR,17193933995,16988495839
1993,United Arab Emirates,ARE,..,..
1993,United Kingdom,GBR,2.64458E+11,2.63563E+11
1993,United States,USA,7.19973E+11,6.54799E+11
1993,Uruguay,URY,2934260606,2869311094
1993,Uzbekistan,UZB,..,..
1993,Vanuatu,VUT,103889588,86518452.72
1993,"Venezuela, RB",VEN,15791603706,15662133382
1993,Viet Nam,VNM,4941471554,3785936655
1993,Virgin Islands (U.S.),VIR,..,..
1993,West Bank and Gaza,PSE,..,..
1993,"Yemen, Rep.",YEM,8306411324,4331455787
1993,Zambia,ZMB,..,..
1993,Zimbabwe,ZWE,2131000000,2017500000
1993,Africa Eastern and Southern,AFE,50794520944,54344336811
1993,Africa Western and Central,AFW,..,..
1993,Arab World,ARB,1.77738E+11,..
1993,Caribbean small states,CSS,..,..
1993,Central Europe and the Baltics,CEB,..,..
1993,Early-demographic dividend,EAR,4.80977E+11,4.2763E+11
1993,East Asia & Pacific,EAS,1.06608E+12,1.16179E+12
1993,East Asia & Pacific (excluding high income),EAP,2.58455E+11,2.39853E+11
1993,East Asia & Pacific (IDA & IBRD countries),TEA,2.57993E+11,2.39551E+11
1993,Euro area,EMU,1.45623E+12,1.53033E+12
1993,Europe & Central Asia,ECS,2.25038E+12,2.37154E+12
1993,Europe & Central Asia (excluding high income),ECA,94087371719,74321323574
1993,Europe & Central Asia (IDA & IBRD countries),TEC,2.82365E+11,2.96871E+11
1993,European Union,EUU,1.61858E+12,1.70726E+12
1993,Fragile and conflict affected situations,FCS,1.03419E+11,87421482835
1993,Heavily indebted poor countries (HIPC),HPC,34386375462,23740598396
1993,High income,HIC,4.02814E+12,4.22414E+12
1993,IBRD only,IBD,8.71208E+11,8.37692E+11
1993,IDA & IBRD total,IBT,9.6791E+11,9.09742E+11
1993,IDA blend,IDB,38840467331,..
1993,IDA only,IDX,64627779572,40274096465
1993,IDA total,IDA,1.04075E+11,85322851216
1993,Late-demographic dividend,LTE,5.95798E+11,6.09335E+11
1993,Latin America & Caribbean,LCN,2.51888E+11,2.23189E+11
1993,Latin America & Caribbean (excluding high income),LAC,1.82379E+11,1.54514E+11
1993,Latin America & the Caribbean (IDA & IBRD countries),TLA,2.25379E+11,1.95092E+11
1993,Least developed countries: UN classification,LDC,48978854727,..
1993,Low & middle income,LMY,7.47709E+11,6.59101E+11
1993,Low income,LIC,31882319585,17595051936
1993,Lower middle income,LMC,1.6062E+11,1.34726E+11
1993,"Middle East, North Africa, Afghanistan & Pakistan",MEA,2.30194E+11,..
1993,"Middle East, North Africa, Afghanistan & Pakistan (excluding high income)",MNA,1.04351E+11,81804981462
1993,"Middle East, North Africa, Afghanistan & Pakistan (IDA & IBRD)",TMN,1.0214E+11,81436356157
1993,Middle income,MIC,7.20526E+11,6.43478E+11
1993,North America,NAC,8.8901E+11,8.24742E+11
1993,Not classified,INX,..,..
1993,OECD members,OED,3.52726E+12,3.63216E+12
1993,Other small states,OSS,18186364482,16643170499
1993,Pacific island small states,PSS,..,..
1993,Post-demographic dividend,PST,3.57148E+12,3.71613E+12
1993,Pre-demographic dividend,PRE,35962962748,32108014950
1993,Small states,SST,27924006858,26599289592
1993,South Asia,SAS,38376233915,35151722650
1993,South Asia (IDA & IBRD),TSA,38376233915,35151722650
1993,Sub-Saharan Africa,SSF,79021085811,87777872736
1993,Sub-Saharan Africa (excluding high income),SSA,77359930323,86821329953
1993,Sub-Saharan Africa (IDA & IBRD countries),TSS,79021085811,87777872736
1993,Upper middle income,UMC,5.59463E+11,5.11491E+11
1993,World,WLD,4.8084E+12,4.91518E+12
1994,Afghanistan,AFG,..,..
1994,Albania,ALB,773426124.2,225407402.4
1994,Algeria,DZA,11084076997,9585286282
1994,American Samoa,ASM,..,..
1994,Andorra,AND,..,..
1994,Angola,AGO,..,..
1994,Antigua and Barbuda,ATG,..,..
1994,Argentina,ARG,27299960000,19385100000
1994,Armenia,ARM,961398392.5,517226106.2
1994,Aruba,ABW,..,..
1994,Australia,AUS,59676236596,58015219647
1994,Austria,AUT,68853045416,65453948922
1994,Azerbaijan,AZE,365437755.7,294957729
1994,"Bahamas, The",BHS,1739670000,1662790000
1994,Bahrain,BHR,4119148936,4520478723
1994,Bangladesh,BGD,4681795511,3039700748
1994,Barbados,BRB,..,..
1994,Belarus,BLR,12558249213,10641574225
1994,Belgium,BEL,1.34214E+11,1.43073E+11
1994,Belize,BLZ,303861450,320424050
1994,Benin,BEN,576481296.5,452687270.1
1994,Bermuda,BMU,..,..
1994,Bhutan,BTN,106753603.1,79954759.62
1994,Bolivia,BOL,1626745405,1295730954
1994,Bosnia and Herzegovina,BIH,1085000000,194000000
1994,Botswana,BWA,1718960980,2036880109
1994,Brazil,BRA,48132722298,49978835484
1994,British Virgin Islands,VGB,..,..
1994,Brunei Darussalam,BRN,1978468605,2087801582
1994,Bulgaria,BGR,4434458935,4373776185
1994,Burkina Faso,BFA,474345780.2,269161995.9
1994,Burundi,BDI,..,..
1994,Cabo Verde,CPV,229787766.7,61175342.83
1994,Cambodia,KHM,1079617531,719965851.8
1994,Cameroon,CMR,1378107626,1912336306
1994,Canada,CAN,1.8332E+11,1.90115E+11
1994,Cayman Islands,CYM,..,..
1994,Central African Republic,CAF,212952089.3,199169785.1
1994,Chad,TCD,411559919.5,190020006.6
1994,Channel Islands,CHI,..,..
1994,Chile,CHL,14678158958,15653663029
1994,China,CHN,97250445198,1.04607E+11
1994,Colombia,COL,17091698826,12254186688
1994,Comoros,COM,84745204.41,27814976.69
1994,"Congo, Dem. Rep.",COD,1157757147,1316878620
1994,"Congo, Rep.",COG,1313209354,1035379949
1994,Costa Rica,CRI,4417576371,3764266146
1994,Cote d'Ivoire,CIV,2436641866,3369268861
1994,Croatia,HRV,..,..
1994,Cuba,CUB,4135300811,3766477027
1994,Curacao,CUW,..,..
1994,Cyprus,CYP,3570773571,3541279881
1994,Czechia,CZE,18295180997,17751255168
1994,Denmark,DNK,48298831714,57548745244
1994,Djibouti,DJI,..,..
1994,Dominica,DMA,..,..
1994,Dominican Republic,DOM,5996926316,5302644573
1994,Ecuador,ECU,5336068034,4605277639
1994,"Egypt, Arab Rep.",EGY,14561091340,11714116251
1994,El Salvador,SLV,2705134100,1529942400
1994,Equatorial Guinea,GNQ,..,..
1994,Eritrea,ERI,440568181.8,148977272.7
1994,Estonia,EST,3259065901,2848889768
1994,Eswatini,SWZ,..,..
1994,Ethiopia,ETH,..,..
1994,Faroe Islands,FRO,244161198.6,330631681
1994,Fiji,FJI,..,..
1994,Finland,FIN,29329538987,35158793398
1994,France,FRA,2.91034E+11,3.15282E+11
1994,French Polynesia,PYF,870434183.5,129108411.4
1994,Gabon,GAB,1603032270,2584714651
1994,"Gambia, The",GMB,214068046.5,158552463.8
1994,Georgia,GEO,2743396605,1452314246
1994,Germany,DEU,4.53912E+11,4.56475E+11
1994,Ghana,GHA,2002227733,1375682237
1994,Gibraltar,GIB,..,..
1994,Greece,GRC,23950542135,16545700843
1994,Greenland,GRL,..,..
1994,Grenada,GRD,..,..
1994,Guam,GUM,..,..
1994,Guatemala,GTM,3226456526,2274655329
1994,Guinea,GIN,874952721.3,769732341.4
1994,Guinea-Bissau,GNB,210145614.2,100783590.4
1994,Guyana,GUY,633450373.8,567658924.1
1994,Haiti,HTI,535669461.7,139173681.4
1994,Honduras,HND,2516375702,2182094948
1994,"Hong Kong SAR, China",HKG,1.60442E+11,1.62013E+11
1994,Hungary,HUN,13406392638,10978579285
1994,Iceland,ISL,1933731893,2251420757
1994,India,IND,33349501148,32361214431
1994,Indonesia,IDN,44869883142,46896633114
1994,"Iran, Islamic Rep.",IRN,9571397629,20321213941
1994,Iraq,IRQ,2555116.973,1419562.915
1994,Ireland,IRL,33418612485,38803585395
1994,Isle of Man,IMN,..,..
1994,Israel,ISR,30559356049,23692119159
1994,Italy,ITA,2.04278E+11,2.40411E+11
1994,Jamaica,JAM,..,..
1994,Japan,JPN,3.4844E+11,4.41885E+11
1994,Jordan,JOR,4394962931,2984831258
1994,Kazakhstan,KAZ,10012736360,7876550644
1994,Kenya,KEN,2446514204,2647694303
1994,Kiribati,KIR,45046137.78,10573415.78
1994,"Korea, Dem. People's Rep.",PRK,..,..
1994,"Korea, Rep.",KOR,1.16129E+11,1.12641E+11
1994,Kosovo,XKX,..,..
1994,Kuwait,KWT,10518518519,12636363300
1994,Kyrgyz Republic,KGZ,673862518.6,567799728.8
1994,Lao PDR,LAO,614700001.5,385700002.4
1994,Latvia,LVA,..,..
1994,Lebanon,LBN,5989999913,755509732.1
1994,Lesotho,LSO,..,..
1994,Liberia,LBR,..,..
1994,Libya,LBY,7472270702,7734923988
1994,Liechtenstein,LIE,..,..
1994,Lithuania,LTU,..,..
1994,Luxembourg,LUX,14806954425,18080553412
1994,"Macao SAR, China",MAC,3588063389,4642548512
1994,Madagascar,MDG,829101112.8,705142895.9
1994,Malawi,MWI,..,..
1994,Malaysia,MYS,67592211553,66398033836
1994,Maldives,MDV,..,..
1994,Mali,MLI,766221905.3,403923096.5
1994,Malta,MLT,2870772300,2577570517
1994,Marshall Islands,MHL,..,..
1994,Mauritania,MRT,544298175.2,674865005.1
1994,Mauritius,MUS,2329184031,2018277243
1994,Mexico,MEX,90814853233,70611769311
1994,"Micronesia, Fed. Sts.",FSM,..,..
1994,Moldova,MDA,..,..
1994,Monaco,MCO,..,..
1994,Mongolia,MNG,504816597.2,413198588.9
1994,Montenegro,MNE,..,..
1994,Morocco,MAR,9390609855,7454972835
1994,Mozambique,MOZ,1426671417,310987138.1
1994,Myanmar,MMR,..,..
1994,Namibia,NAM,1664156367,1617132599
1994,Nauru,NRU,..,..
1994,Nepal,NPL,1278518367,772440816.3
1994,Netherlands,NLD,1.81718E+11,2.09536E+11
1994,New Caledonia,NCL,864876801.9,413150886
1994,New Zealand,NZL,15508272788,17024848892
1994,Nicaragua,NIC,1002161964,507617767.9
1994,Niger,NER,397330933.2,254680843
1994,Nigeria,NGA,..,..
1994,North Macedonia,MKD,1638252091,1292553994
1994,Northern Mariana Islands,MNP,..,..
1994,Norway,NOR,39271565405,46713188619
1994,Oman,OMN,3672301691,5552665800
1994,Pakistan,PAK,9883122490,8449778027
1994,Palau,PLW,..,..
1994,Panama,PAN,7264372200,6185029900
1994,Papua New Guinea,PNG,2188351144,2945894925
1994,Paraguay,PRY,4900392491,4787159383
1994,Peru,PER,7249134948,5732107084
1994,Philippines,PHL,20814444388,17613597499
1994,Poland,POL,..,..
1994,Portugal,PRT,31944022947,25055310386
1994,Puerto Rico (US),PRI,16654200000,21752600000
1994,Qatar,QAT,2490659451,3309340687
1994,Romania,ROU,8109347528,7488535367
1994,Russian Federation,RUS,91639498027,1.09667E+11
1994,Rwanda,RWA,488303932.7,47498580
1994,Samoa,WSM,..,..
1994,San Marino,SMR,..,..
1994,Sao Tome and Principe,STP,..,..
1994,Saudi Arabia,SAU,35240587450,45960747664
1994,Senegal,SEN,1687427596,1068412067
1994,Serbia,SRB,..,..
1994,Seychelles,SYC,206173108.1,52986352.31
1994,Sierra Leone,SLE,233877015.4,269102157.7
1994,Singapore,SGP,1.1055E+11,1.22466E+11
1994,Sint Maarten (Dutch part),SXM,..,..
1994,Slovak Republic,SVK,10695987662,11174416894
1994,Slovenia,SVN,7870249302,8058963721
1994,Solomon Islands,SLB,351222808.3,199917480.9
1994,"Somalia, Fed. Rep.",SOM,..,..
1994,South Africa,ZAF,26964924504,30010718717
1994,South Sudan,SSD,..,..
1994,Spain,ESP,1.13186E+11,1.07879E+11
1994,Sri Lanka,LKA,5345325779,3962059895
1994,St. Kitts and Nevis,KNA,..,..
1994,St. Lucia,LCA,..,..
1994,St. Martin (French part),MAF,..,..
1994,St. Vincent and the Grenadines,VCT,..,..
1994,Sudan,SDN,1269090394,600084942.1
1994,Suriname,SUR,..,..
1994,Sweden,SWE,68924572317,77327890098
1994,Switzerland,CHE,1.08769E+11,1.20745E+11
1994,Syrian Arab Republic,SYR,4594640000,3346540000
1994,Tajikistan,TJK,735194394.2,579294755.9
1994,Tanzania,TZA,1967855656,929865169.6
1994,Thailand,THA,63084056781,56094977835
1994,Timor-Leste,TLS,..,..
1994,Togo,TGO,440495843.2,358302926.5
1994,Tonga,TON,89714588.7,33680881.68
1994,Trinidad and Tobago,TTO,..,..
1994,Tunisia,TUN,7483930665,7024340767
1994,Turkiye,TUR,26631422878,27909720018
1994,Turkmenistan,TKM,2184704662,2175805363
1994,Turks and Caicos Islands,TCA,..,..
1994,Tuvalu,TUV,..,..
1994,Uganda,UGA,762125448.5,348784843.4
1994,Ukraine,UKR,20260571957,18596691884
1994,United Arab Emirates,ARE,..,..
1994,United Kingdom,GBR,2.9434E+11,2.97415E+11
1994,United States,USA,8.13424E+11,7.20937E+11
1994,Uruguay,URY,3561674786,3454168853
1994,Uzbekistan,UZB,..,..
1994,Vanuatu,VUT,117683948.3,99359993.13
1994,"Venezuela, RB",VEN,12606010774,17447363636
1994,Viet Nam,VNM,7078095300,5539525589
1994,Virgin Islands (U.S.),VIR,..,..
1994,West Bank and Gaza,PSE,2044700000,413500000
1994,"Yemen, Rep.",YEM,8178018318,11145349759
1994,Zambia,ZMB,1232350968,1204932093
1994,Zimbabwe,ZWE,2517750000,2385500000
1994,Africa Eastern and Southern,AFE,58418272887,57545335597
1994,Africa Western and Central,AFW,..,..
1994,Arab World,ARB,1.64393E+11,..
1994,Caribbean small states,CSS,..,..
1994,Central Europe and the Baltics,CEB,..,..
1994,Early-demographic dividend,EAR,5.02412E+11,4.77768E+11
1994,East Asia & Pacific,EAS,1.23838E+12,1.3396E+12
1994,East Asia & Pacific (excluding high income),EAP,3.08852E+11,3.03683E+11
1994,East Asia & Pacific (IDA & IBRD countries),TEA,3.083E+11,3.03301E+11
1994,Euro area,EMU,1.62051E+12,1.70905E+12
1994,Europe & Central Asia,ECS,2.43071E+12,2.5669E+12
1994,Europe & Central Asia (excluding high income),ECA,86925803779,77140881727
1994,Europe & Central Asia (IDA & IBRD countries),TEC,2.24469E+11,2.33782E+11
1994,European Union,EUU,1.80614E+12,1.91101E+12
1994,Fragile and conflict affected situations,FCS,1.01221E+11,99986459915
1994,Heavily indebted poor countries (HIPC),HPC,34669419356,24687322378
1994,High income,HIC,4.44612E+12,4.63409E+12
1994,IBRD only,IBD,9.22155E+11,8.96328E+11
1994,IDA & IBRD total,IBT,1.02023E+12,9.79383E+11
1994,IDA blend,IDB,37886998959,..
1994,IDA only,IDX,65652637314,52314774744
1994,IDA total,IDA,1.04355E+11,1.00433E+11
1994,Late-demographic dividend,LTE,6.26401E+11,6.42513E+11
1994,Latin America & Caribbean,LCN,2.9566E+11,2.63367E+11
1994,Latin America & Caribbean (excluding high income),LAC,2.25104E+11,1.85341E+11
1994,Latin America & the Caribbean (IDA & IBRD countries),TLA,2.67297E+11,2.31788E+11
1994,Least developed countries: UN classification,LDC,50015886455,42478131534
1994,Low & middle income,LMY,8.42592E+11,7.78063E+11
1994,Low income,LIC,31027854458,27573168585
1994,Lower middle income,LMC,1.77018E+11,1.51661E+11
1994,"Middle East, North Africa, Afghanistan & Pakistan",MEA,2.15054E+11,2.20999E+11
1994,"Middle East, North Africa, Afghanistan & Pakistan (excluding high income)",MNA,97183904415,91692412818
1994,"Middle East, North Africa, Afghanistan & Pakistan (IDA & IBRD)",TMN,95124975952,91279233290
1994,Middle income,MIC,8.15462E+11,7.5481E+11
1994,North America,NAC,9.97288E+11,9.1237E+11
1994,Not classified,INX,..,..
1994,OECD members,OED,3.94659E+12,4.05068E+12
1994,Other small states,OSS,19867207382,17983291501
1994,Pacific island small states,PSS,..,..
1994,Post-demographic dividend,PST,4.01374E+12,4.14761E+12
1994,Pre-demographic dividend,PRE,36785409819,33029437758
1994,Small states,SST,30525291029,28677911809
1994,South Asia,SAS,45522609608,40738022018
1994,South Asia (IDA & IBRD),TSA,45522609608,40738022018
1994,Sub-Saharan Africa,SSF,85981139385,91471345260
1994,Sub-Saharan Africa (excluding high income),SSA,84247159512,90478910735
1994,Sub-Saharan Africa (IDA & IBRD countries),TSS,85981139385,91471345260
1994,Upper middle income,UMC,6.3741E+11,6.05484E+11
1994,World,WLD,5.31938E+12,5.4468E+12
1995,Afghanistan,AFG,..,..
1995,Albania,ALB,809621698.5,356444754.2
1995,Algeria,DZA,12110069749,10940062643
1995,American Samoa,ASM,..,..
1995,Andorra,AND,..,..
1995,Angola,AGO,..,..
1995,Antigua and Barbuda,ATG,..,..
1995,Argentina,ARG,26038017000,24978532000
1995,Armenia,ARM,913101627.2,351337833.4
1995,Aruba,ABW,1141899441,1121229050
1995,Australia,AUS,73019750520,65793733294
1995,Austria,AUT,83696839088,80827704381
1995,Azerbaijan,AZE,1291025695,785309768
1995,"Bahamas, The",BHS,1883080000,1699040000
1995,Bahrain,BHR,4122340426,4796010638
1995,Bangladesh,BGD,6580597015,4122014925
1995,Barbados,BRB,..,..
1995,Belarus,BLR,7552658680,6939556172
1995,Belgium,BEL,1.62055E+11,1.73145E+11
1995,Belize,BLZ,303824250,329246950
1995,Benin,BEN,790421147.8,593804003.9
1995,Bermuda,BMU,..,..
1995,Bhutan,BTN,129201901.2,114470385.4
1995,Bolivia,BOL,1825621841,1514364435
1995,Bosnia and Herzegovina,BIH,1334000000,381000000
1995,Botswana,BWA,2070047439,2404870921
1995,Brazil,BRA,72744966688,57922145076
1995,British Virgin Islands,VGB,..,..
1995,Brunei Darussalam,BRN,2642913837,2827057060
1995,Bulgaria,BGR,4353456105,6141757604
1995,Burkina Faso,BFA,633116322.2,336477084.7
1995,Burundi,BDI,..,..
1995,Cabo Verde,CPV,294133735.8,83482492.55
1995,Cambodia,KHM,1603001243,1073111830
1995,Cameroon,CMR,1636645933,2348799529
1995,Canada,CAN,1.99747E+11,2.1874E+11
1995,Cayman Islands,CYM,..,..
1995,Central African Republic,CAF,315152751.8,247850125.4
1995,Chad,TCD,488251564.7,317076027.4
1995,Channel Islands,CHI,..,..
1995,Chile,CHL,19346030597,21024502601
1995,China,CHN,1.19901E+11,1.31859E+11
1995,Colombia,COL,19392751884,13444770139
1995,Comoros,COM,105738227.6,34707163.68
1995,"Congo, Dem. Rep.",COD,1338976146,1607380674
1995,"Congo, Rep.",COG,1345946346,1369151207
1995,Costa Rica,CRI,4821924111,4414827042
1995,Cote d'Ivoire,CIV,3788785245,4593584043
1995,Croatia,HRV,8083643730,6218391368
1995,Cuba,CUB,4840440189,4078053747
1995,Curacao,CUW,..,..
1995,Cyprus,CYP,6717504528,6631689521
1995,Czechia,CZE,26029502638,24185606631
1995,Denmark,DNK,59022090533,67734639976
1995,Djibouti,DJI,..,..
1995,Dominica,DMA,..,..
1995,Dominican Republic,DOM,6433877234,5860800311
1995,Ecuador,ECU,6016443222,5201004502
1995,"Egypt, Arab Rep.",EGY,16661751696,13565319965
1995,El Salvador,SLV,3373053900,1923081200
1995,Equatorial Guinea,GNQ,..,..
1995,Eritrea,ERI,479375000,129406250
1995,Estonia,EST,3295549961,2967518489
1995,Eswatini,SWZ,..,..
1995,Ethiopia,ETH,..,..
1995,Faroe Islands,FRO,315223904.5,367166235.3
1995,Fiji,FJI,..,..
1995,Finland,FIN,37987472767,47992919390
1995,France,FRA,3.46833E+11,3.77902E+11
1995,French Polynesia,PYF,1004626408,116788065.5
1995,Gabon,GAB,1772673125,2944909617
1995,"Gambia, The",GMB,279038983.1,186876569.3
1995,Georgia,GEO,1140170360,686952881.3
1995,Germany,DEU,5.47773E+11,5.57027E+11
1995,Ghana,GHA,2128504595,1583544040
1995,Gibraltar,GIB,..,..
1995,Greece,GRC,29364836005,19395600824
1995,Greenland,GRL,..,..
1995,Grenada,GRD,..,..
1995,Guam,GUM,..,..
1995,Guatemala,GTM,3726925963,2822490793
1995,Guinea,GIN,905896319.3,780067626.7
1995,Guinea-Bissau,GNB,232014208.4,77026117.19
1995,Guyana,GUY,696946829.6,629152003.5
1995,Haiti,HTI,807821954.5,256955764.9
1995,Honduras,HND,2694118874,2657476538
1995,"Hong Kong SAR, China",HKG,1.89046E+11,1.82564E+11
1995,Hungary,HUN,18195832375,18216633112
1995,Iceland,ISL,2247449055,2493202436
1995,India,IND,43318425768,39068855118
1995,Indonesia,IDN,55882279824,53185312942
1995,"Iran, Islamic Rep.",IRN,12985745384,20900063457
1995,Iraq,IRQ,2014366.322,693280.9521
1995,Ireland,IRL,43269875000,50831584596
1995,Isle of Man,IMN,..,..
1995,Israel,ISR,35385120380,27269170790
1995,Italy,ITA,2.46821E+11,2.89818E+11
1995,Jamaica,JAM,..,..
1995,Japan,JPN,4.20001E+11,4.88923E+11
1995,Jordan,JOR,4901826484,3479594749
1995,Kazakhstan,KAZ,8872712589,7940652378
1995,Kenya,KEN,3541999889,2948349669
1995,Kiribati,KIR,58416584.32,11522846.36
1995,"Korea, Dem. People's Rep.",PRK,..,..
1995,"Korea, Rep.",KOR,1.54228E+11,1.47104E+11
1995,Kosovo,XKX,..,..
1995,Kuwait,KWT,11409022677,14233635340
1995,Kyrgyz Republic,KGZ,703614106.8,489492602.7
1995,Lao PDR,LAO,658400005.8,409499988.6
1995,Latvia,LVA,2275390759,2000868511
1995,Lebanon,LBN,7304200110,1266386351
1995,Lesotho,LSO,..,..
1995,Liberia,LBR,..,..
1995,Libya,LBY,5725286683,7451960444
1995,Liechtenstein,LIE,..,..
1995,Lithuania,LTU,3770960973,2925991891
1995,Luxembourg,LUX,17738813629,21787067597
1995,"Macao SAR, China",MAC,3620340879,5213135238
1995,Madagascar,MDG,936020464.3,805498306.7
1995,Malawi,MWI,..,..
1995,Malaysia,MYS,86952551834,83462121212
1995,Maldives,MDV,..,..
1995,Mali,MLI,991328378.9,529401649.4
1995,Malta,MLT,3403060316,3164884366
1995,Marshall Islands,MHL,101649300,26833600
1995,Mauritania,MRT,667898122.8,867783179.5
1995,Mauritius,MUS,2467917731,2369967141
1995,Mexico,MEX,79072391842,86926529245
1995,"Micronesia, Fed. Sts.",FSM,160000000,40000000
1995,Moldova,MDA,1190117627,1054008823
1995,Monaco,MCO,..,..
1995,Mongolia,MNG,603552981.9,588727618.6
1995,Montenegro,MNE,..,..
1995,Morocco,MAR,11335099532,8849422506
1995,Mozambique,MOZ,1604625627,347894398.4
1995,Myanmar,MMR,..,..
1995,Namibia,NAM,1944382693,1777948904
1995,Nauru,NRU,..,..
1995,Nepal,NPL,1519145030,1099094803
1995,Netherlands,NLD,2.27502E+11,2.61326E+11
1995,New Caledonia,NCL,957466018.3,564723559.7
1995,New Zealand,NZL,17590993624,18787858661
1995,Nicaragua,NIC,1157042258,666412217.8
1995,Niger,NER,466021703.9,334744118.8
1995,Nigeria,NGA,..,..
1995,North Macedonia,MKD,1913876331,1477254567
1995,Northern Mariana Islands,MNP,..,..
1995,Norway,NOR,46643515595,55671328451
1995,Oman,OMN,4010403121,6075422627
1995,Pakistan,PAK,11777213240,10132269179
1995,Palau,PLW,..,..
1995,Panama,PAN,7664630500,6399816900
1995,Papua New Guinea,PNG,2026003218,2829802500
1995,Paraguay,PRY,5100987429,5598134199
1995,Peru,PER,9770813015,6717350829
1995,Philippines,PHL,26565213158,21961852797
1995,Poland,POL,29569691829,32643940184
1995,Portugal,PRT,39151232586,31620944673
1995,Puerto Rico (US),PRI,18816600000,23811300000
1995,Qatar,QAT,3526098984,3608241786
1995,Romania,ROU,11476530532,9593366383
1995,Russian Federation,RUS,1.0242E+11,1.15849E+11
1995,Rwanda,RWA,334008653.7,66627306.13
1995,Samoa,WSM,..,..
1995,San Marino,SMR,..,..
1995,Sao Tome and Principe,STP,..,..
1995,Saudi Arabia,SAU,39711615487,53521228304
1995,Senegal,SEN,2028765972,1306823704
1995,Serbia,SRB,1384067797,869519774
1995,Seychelles,SYC,232934332.9,55776979.78
1995,Sierra Leone,SLE,230230821.4,161857005.1
1995,Singapore,SGP,1.4431E+11,1.59047E+11
1995,Sint Maarten (Dutch part),SXM,..,..
1995,Slovak Republic,SVK,14115313725,13958882353
1995,Slovenia,SVN,10180543874,9701955115
1995,Solomon Islands,SLB,324730614.5,211397868.4
1995,"Somalia, Fed. Rep.",SOM,..,..
1995,South Africa,ZAF,33385762947,34412207048
1995,South Sudan,SSD,..,..
1995,Spain,ESP,1.41041E+11,1.34295E+11
1995,Sri Lanka,LKA,5998536585,4638263415
1995,St. Kitts and Nevis,KNA,..,..
1995,St. Lucia,LCA,..,..
1995,St. Martin (French part),MAF,..,..
1995,St. Vincent and the Grenadines,VCT,..,..
1995,Sudan,SDN,1355784559,687291908.4
1995,Suriname,SUR,..,..
1995,Sweden,SWE,83696886434,99716260356
1995,Switzerland,CHE,1.27841E+11,1.41204E+11
1995,Syrian Arab Republic,SYR,4323552894,3537504990
1995,Tajikistan,TJK,885897028.7,807696379.4
1995,Tanzania,TZA,2181321247,1265179894
1995,Thailand,THA,81632776746,70305503762
1995,Timor-Leste,TLS,..,..
1995,Togo,TGO,607330076.6,420808141.9
1995,Tonga,TON,113125501.6,35422535.21
1995,Trinidad and Tobago,TTO,..,..
1995,Tunisia,TUN,8800888231,8096647986
1995,Turkiye,TUR,41468208092,43006009379
1995,Turkmenistan,TKM,2090200051,2084399936
1995,Turks and Caicos Islands,TCA,..,..
1995,Tuvalu,TUV,..,..
1995,Uganda,UGA,1199003460,678725716.6
1995,Ukraine,UKR,24182357363,22695828945
1995,United Arab Emirates,ARE,..,..
1995,United Kingdom,GBR,3.39072E+11,3.46674E+11
1995,United States,USA,9.02572E+11,8.1281E+11
1995,Uruguay,URY,3686020003,3665940936
1995,Uzbekistan,UZB,..,..
1995,Vanuatu,VUT,124858399.3,104432214.5
1995,"Venezuela, RB",VEN,16337757127,20300239574
1995,Viet Nam,VNM,8690196941,6804127646
1995,Virgin Islands (U.S.),VIR,..,..
1995,West Bank and Gaza,PSE,2441200000,562100000
1995,"Yemen, Rep.",YEM,5369135802,5820589262
1995,Zambia,ZMB,1382915200,1252536630
1995,Zimbabwe,ZWE,2911500000,2720500000
1995,Africa Eastern and Southern,AFE,70673532977,66416677575
1995,Africa Western and Central,AFW,..,..
1995,Arab World,ARB,1.77664E+11,..
1995,Caribbean small states,CSS,..,..
1995,Central Europe and the Baltics,CEB,1.31346E+11,1.28555E+11
1995,Early-demographic dividend,EAR,5.66425E+11,5.61591E+11
1995,East Asia & Pacific,EAS,1.52864E+12,1.58201E+12
1995,East Asia & Pacific (excluding high income),EAP,3.89132E+11,3.74971E+11
1995,East Asia & Pacific (IDA & IBRD countries),TEA,3.88436E+11,3.74499E+11
1995,Euro area,EMU,1.97508E+12,2.09354E+12
1995,Europe & Central Asia,ECS,2.92787E+12,3.1091E+12
1995,Europe & Central Asia (excluding high income),ECA,1.00439E+11,93863125081
1995,Europe & Central Asia (IDA & IBRD countries),TEC,2.56779E+11,2.64815E+11
1995,European Union,EUU,2.20742E+12,2.35177E+12
1995,Fragile and conflict affected situations,FCS,1.0981E+11,1.05744E+11
1995,Heavily indebted poor countries (HIPC),HPC,40979876355,30498510712
1995,High income,HIC,5.27111E+12,5.48165E+12
1995,IBRD only,IBD,1.09114E+12,1.06446E+12
1995,IDA & IBRD total,IBT,1.20239E+12,1.15568E+12
1995,IDA blend,IDB,46114122880,..
1995,IDA only,IDX,70959127894,53320372393
1995,IDA total,IDA,1.17154E+11,1.08333E+11
1995,Late-demographic dividend,LTE,7.76165E+11,7.6666E+11
1995,Latin America & Caribbean,LCN,3.29052E+11,3.12582E+11
1995,Latin America & Caribbean (excluding high income),LAC,2.45734E+11,2.21696E+11
1995,Latin America & the Caribbean (IDA & IBRD countries),TLA,2.9701E+11,2.7782E+11
1995,Least developed countries: UN classification,LDC,54510008821,40631982844
1995,Low & middle income,LMY,9.96001E+11,9.29141E+11
1995,Low income,LIC,29202206200,22268857663
1995,Lower middle income,LMC,2.1679E+11,1.82815E+11
1995,"Middle East, North Africa, Afghanistan & Pakistan",MEA,2.39795E+11,2.42131E+11
1995,"Middle East, North Africa, Afghanistan & Pakistan (excluding high income)",MNA,1.06514E+11,95393951177
1995,"Middle East, North Africa, Afghanistan & Pakistan (IDA & IBRD)",TMN,1.04051E+11,94831075693
1995,Middle income,MIC,9.69532E+11,9.09417E+11
1995,North America,NAC,1.10292E+12,1.03304E+12
1995,Not classified,INX,..,..
1995,OECD members,OED,4.65583E+12,4.81431E+12
1995,Other small states,OSS,25822706401,23992983932
1995,Pacific island small states,PSS,..,..
1995,Post-demographic dividend,PST,4.75337E+12,4.91038E+12
1995,Pre-demographic dividend,PRE,45665270554,40564553532
1995,Small states,SST,38508389667,36953044236
1995,South Asia,SAS,58523882013,49680072693
1995,South Asia (IDA & IBRD),TSA,58523882013,49680072693
1995,Sub-Saharan Africa,SSF,1.04339E+11,1.07324E+11
1995,Sub-Saharan Africa (excluding high income),SSA,1.02258E+11,1.06169E+11
1995,Sub-Saharan Africa (IDA & IBRD countries),TSS,1.04339E+11,1.07324E+11
1995,Upper middle income,UMC,7.52111E+11,7.29426E+11
1995,World,WLD,6.30494E+12,6.45134E+12
1996,Afghanistan,AFG,..,..
1996,Albania,ALB,1064684091,371808883
1996,Algeria,DZA,11240014124,13970016988
1996,American Samoa,ASM,..,..
1996,Andorra,AND,..,..
1996,Angola,AGO,..,..
1996,Antigua and Barbuda,ATG,..,..
1996,Argentina,ARG,30148400000,28381400000
1996,Armenia,ARM,894135832.3,371135639.1
1996,Aruba,ABW,1224022346,1195530726
1996,Australia,AUS,77631200583,75814054769
1996,Austria,AUT,85017444762,81256726020
1996,Azerbaijan,AZE,1776337891,791860069.1
1996,"Bahamas, The",BHS,2086690000,1733680000
1996,Bahrain,BHR,4649734043,5364361436
1996,Bangladesh,BGD,7601784841,4507555012
1996,Barbados,BRB,..,..
1996,Belarus,BLR,7311859546,6720924332
1996,Belgium,BEL,1.61994E+11,1.7085E+11
1996,Belize,BLZ,321621300,355026750
1996,Benin,BEN,708783072.1,625667798.5
1996,Bermuda,BMU,..,..
1996,Bhutan,BTN,144491152.4,112281787.5
1996,Bolivia,BOL,2017475031,1670369478
1996,Bosnia and Herzegovina,BIH,2336999934,658000000
1996,Botswana,BWA,1799833163,2609472303
1996,Brazil,BRA,75733720733,57235482155
1996,British Virgin Islands,VGB,..,..
1996,Brunei Darussalam,BRN,3102037458,3065868297
1996,Bulgaria,BGR,4588940294,5962695838
1996,Burkina Faso,BFA,714319725.9,273232993.3
1996,Burundi,BDI,..,..
1996,Cabo Verde,CPV,277548405.8,101395583.6
1996,Cambodia,KHM,1535847164,889438538.6
1996,Cameroon,CMR,2313348982,2691568972
1996,Canada,CAN,2.0912E+11,2.33946E+11
1996,Cayman Islands,CYM,..,..
1996,Central African Republic,CAF,258135808.3,216376647.8
1996,Chad,TCD,467199422.7,281984781.1
1996,Channel Islands,CHI,..,..
1996,Chile,CHL,21980210118,20392925352
1996,China,CHN,1.37262E+11,1.54812E+11
1996,Colombia,COL,20252680332,14767813599
1996,Comoros,COM,105663130.8,34682055.67
1996,"Congo, Dem. Rep.",COD,1749530237,1731596556
1996,"Congo, Rep.",COG,1523134198,1739316144
1996,Costa Rica,CRI,5143782043,4672770399
1996,Cote d'Ivoire,CIV,4472517351,5069827395
1996,Croatia,HRV,8874756163,7319501377
1996,Cuba,CUB,4331000000,3831000000
1996,Curacao,CUW,..,..
1996,Cyprus,CYP,7072548306,7029131744
1996,Czechia,CZE,28952706187,25697102987
1996,Denmark,DNK,58923841033,69550401642
1996,Djibouti,DJI,..,..
1996,Dominica,DMA,..,..
1996,Dominican Republic,DOM,6887267086,6363901907
1996,Ecuador,ECU,5535280640,5618746373
1996,"Egypt, Arab Rep.",EGY,17718160377,14033018868
1996,El Salvador,SLV,3272855600,2026644400
1996,Equatorial Guinea,GNQ,..,..
1996,Eritrea,ERI,606037724,202746708.2
1996,Estonia,EST,3431489140,2932836520
1996,Eswatini,SWZ,..,..
1996,Ethiopia,ETH,..,..
1996,Faroe Islands,FRO,484076354,493216377.8
1996,Fiji,FJI,..,..
1996,Finland,FIN,38849339891,47988609889
1996,France,FRA,3.51587E+11,3.857E+11
1996,French Polynesia,PYF,1015821963,166187495.4
1996,Gabon,GAB,1879469129,3568070237
1996,"Gambia, The",GMB,247310341.5,184904931.2
1996,Georgia,GEO,1001841521,412437507.3
1996,Germany,DEU,5.41957E+11,5.5852E+11
1996,Ghana,GHA,2779627875,2226334937
1996,Gibraltar,GIB,..,..
1996,Greece,GRC,32073925538,20396997452
1996,Greenland,GRL,..,..
1996,Grenada,GRD,..,..
1996,Guam,GUM,..,..
1996,Guatemala,GTM,3539822367,2791706610
1996,Guinea,GIN,941903159.6,742652391.1
1996,Guinea-Bissau,GNB,223794349.4,73982892.46
1996,Guyana,GUY,766890762.8,723896874.6
1996,Haiti,HTI,840148986.7,329352863.4
1996,Honduras,HND,2976722973,2912652027
1996,"Hong Kong SAR, China",HKG,1.96724E+11,1.94352E+11
1996,Hungary,HUN,19319330192,19562990880
1996,Iceland,ISL,2621869173,2658458135
1996,India,IND,45357266003,40803004618
1996,Indonesia,IDN,60116979038,58717201042
1996,"Iran, Islamic Rep.",IRN,18092098185,24315730858
1996,Iraq,IRQ,1849551.415,955911.8558
1996,Ireland,IRL,48476633065,56772605847
1996,Isle of Man,IMN,..,..
1996,Israel,ISR,37635231381,29283353072
1996,Italy,ITA,2.51645E+11,3.11106E+11
1996,Jamaica,JAM,..,..
1996,Japan,JPN,4.40059E+11,4.58651E+11
1996,Jordan,JOR,5415937800,3663187588
1996,Kazakhstan,KAZ,7573731898,7418919357
1996,Kenya,KEN,3868109121,3035630590
1996,Kiribati,KIR,61419573.15,9190187.054
1996,"Korea, Dem. People's Rep.",PRK,..,..
1996,"Korea, Rep.",KOR,1.73342E+11,1.5244E+11
1996,Kosovo,XKX,..,..
1996,Kuwait,KWT,12340978394,16465770902
1996,Kyrgyz Republic,KGZ,1033631429,561760456.1
1996,Lao PDR,LAO,769300009.2,425300014
1996,Latvia,LVA,2953175089,2414915773
1996,Lebanon,LBN,7563885156,1758689127
1996,Lesotho,LSO,..,..
1996,Liberia,LBR,..,..
1996,Libya,LBY,6662087912,7989926740
1996,Liechtenstein,LIE,..,..
1996,Lithuania,LTU,4305180837,3519214502
1996,Luxembourg,LUX,18315957003,22562990228
1996,"Macao SAR, China",MAC,3468693513,5311809600
1996,Madagascar,MDG,930030558.3,839642514.4
1996,Malawi,MWI,..,..
1996,Malaysia,MYS,90962318149,92359488036
1996,Maldives,MDV,..,..
1996,Mali,MLI,934860186.3,524706724.6
1996,Malta,MLT,3325052485,2947693800
1996,Marshall Islands,MHL,99765100,25830300
1996,Mauritania,MRT,667182821.8,834998051
1996,Mauritius,MUS,2842088789,2811723402
1996,Mexico,MEX,99589465577,1.06843E+11
1996,"Micronesia, Fed. Sts.",FSM,183000000,40000000
1996,Moldova,MDA,1252852609,937881521.7
1996,Monaco,MCO,..,..
1996,Mongolia,MNG,571254552.4,478057767.6
1996,Montenegro,MNE,..,..
1996,Morocco,MAR,10902426721,9424749951
1996,Mozambique,MOZ,1578861445,477693616.8
1996,Myanmar,MMR,..,..
1996,Namibia,NAM,2040041016,1811265636
1996,Nauru,NRU,..,..
1996,Nepal,NPL,1611500000,1031715001
1996,Netherlands,NLD,2.29597E+11,2.60885E+11
1996,New Caledonia,NCL,1000834233,553535410.7
1996,New Zealand,NZL,18774802276,19884140419
1996,Nicaragua,NIC,1362967813,725843473.6
1996,Niger,NER,511065894.1,367972057.1
1996,Nigeria,NGA,..,..
1996,North Macedonia,MKD,1699829232,988975384
1996,Northern Mariana Islands,MNP,..,..
1996,Norway,NOR,50313808180,64479983875
1996,Oman,OMN,4468140442,7607282185
1996,Pakistan,PAK,13567628711,10703072794
1996,Palau,PLW,..,..
1996,Panama,PAN,7558309100,7673646700
1996,Papua New Guinea,PNG,2495111002,3062487178
1996,Paraguay,PRY,4923048705,5162446922
1996,Peru,PER,10132013201,7357698733
1996,Philippines,PHL,33097093183,27340728434
1996,Poland,POL,37618411780,35353288083
1996,Portugal,PRT,41278931635,32556406291
1996,Puerto Rico (US),PRI,19060900000,22944400000
1996,Qatar,QAT,3604120769,3961263819
1996,Romania,ROU,12678235485,9772624067
1996,Russian Federation,RUS,85589979710,1.02134E+11
1996,Rwanda,RWA,362153710,83373731.5
1996,Samoa,WSM,..,..
1996,San Marino,SMR,..,..
1996,Sao Tome and Principe,STP,..,..
1996,Saudi Arabia,SAU,42253404539,63501201602
1996,Senegal,SEN,1849069201,1186269197
1996,Serbia,SRB,3911862197,2447299814
1996,Seychelles,SYC,378655506.1,146186060.1
1996,Sierra Leone,SLE,302762367.3,164283418
1996,Singapore,SGP,1.53364E+11,1.69132E+11
1996,Sint Maarten (Dutch part),SXM,..,..
1996,Slovak Republic,SVK,17460205323,13787939163
1996,Slovenia,SVN,10189789306,9921480170
1996,Solomon Islands,SLB,273948941.7,230487236.6
1996,"Somalia, Fed. Rep.",SOM,..,..
1996,South Africa,ZAF,33339931231,35543985845
1996,South Sudan,SSD,..,..
1996,Spain,ESP,1.49161E+11,1.48187E+11
1996,Sri Lanka,LKA,6101194138,4860502985
1996,St. Kitts and Nevis,KNA,..,..
1996,St. Lucia,LCA,..,..
1996,St. Martin (French part),MAF,..,..
1996,St. Vincent and the Grenadines,VCT,..,..
1996,Sudan,SDN,1250799493,555552002.3
1996,Suriname,SUR,..,..
1996,Sweden,SWE,88694154489,1.05471E+11
1996,Switzerland,CHE,1.28303E+11,1.39537E+11
1996,Syrian Arab Republic,SYR,5252195609,4388662675
1996,Tajikistan,TJK,835600000,799500169.2
1996,Tanzania,TZA,2075112791,1295157276
1996,Thailand,THA,82833928831,71417458049
1996,Timor-Leste,TLS,..,..
1996,Togo,TGO,713174632.2,516316175.8
1996,Tonga,TON,128182644.7,44685688.77
1996,Trinidad and Tobago,TTO,..,..
1996,Tunisia,TUN,8542152931,8248031658
1996,Turkiye,TUR,50297738468,48967049936
1996,Turkmenistan,TKM,1853898097,1774094537
1996,Turks and Caicos Islands,TCA,..,..
1996,Tuvalu,TUV,..,..
1996,Uganda,UGA,1415906250,722999697.9
1996,Ukraine,UKR,21479456607,20341967259
1996,United Arab Emirates,ARE,..,..
1996,United Kingdom,GBR,3.67588E+11,3.74382E+11
1996,United States,USA,9.63966E+11,8.67589E+11
1996,Uruguay,URY,4074053358,4035386466
1996,Uzbekistan,UZB,..,..
1996,Vanuatu,VUT,130237470.8,112684503.1
1996,"Venezuela, RB",VEN,14558793913,24925953990
1996,Viet Nam,VNM,12781756978,10077135261
1996,Virgin Islands (U.S.),VIR,..,..
1996,West Bank and Gaza,PSE,2497700000,546000000
1996,"Yemen, Rep.",YEM,3081326093,2501418937
1996,Zambia,ZMB,1271350443,1024449292
1996,Zimbabwe,ZWE,3075500000,3091750000
1996,Africa Eastern and Southern,AFE,72170432084,69458272975
1996,Africa Western and Central,AFW,..,..
1996,Arab World,ARB,1.83015E+11,..
1996,Caribbean small states,CSS,..,..
1996,Central Europe and the Baltics,CEB,1.50372E+11,1.36245E+11
1996,Early-demographic dividend,EAR,6.27331E+11,6.34063E+11
1996,East Asia & Pacific,EAS,1.63017E+12,1.64384E+12
1996,East Asia & Pacific (excluding high income),EAP,4.27403E+11,4.22365E+11
1996,East Asia & Pacific (IDA & IBRD countries),TEA,4.26639E+11,4.21834E+11
1996,Euro area,EMU,2.00757E+12,2.14666E+12
1996,Europe & Central Asia,ECS,3.00408E+12,3.20089E+12
1996,Europe & Central Asia (excluding high income),ECA,1.09455E+11,97660583281
1996,Europe & Central Asia (IDA & IBRD countries),TEC,2.5886E+11,2.58442E+11
1996,European Union,EUU,2.25834E+12,2.41803E+12
1996,Fragile and conflict affected situations,FCS,1.06234E+11,1.08961E+11
1996,Heavily indebted poor countries (HIPC),HPC,44778524709,33047695134
1996,High income,HIC,5.48504E+12,5.67327E+12
1996,IBRD only,IBD,1.16981E+12,1.15036E+12
1996,IDA & IBRD total,IBT,1.28913E+12,1.24483E+12
1996,IDA blend,IDB,53272543674,..
1996,IDA only,IDX,73205775393,52095460475
1996,IDA total,IDA,1.25664E+11,1.10767E+11
1996,Late-demographic dividend,LTE,8.19651E+11,8.0755E+11
1996,Latin America & Caribbean,LCN,3.60771E+11,3.4416E+11
1996,Latin America & Caribbean (excluding high income),LAC,2.74585E+11,2.47264E+11
1996,Latin America & the Caribbean (IDA & IBRD countries),TLA,3.28244E+11,3.10063E+11
1996,Least developed countries: UN classification,LDC,53293210370,35710070592
1996,Low & middle income,LMY,1.08746E+12,1.02219E+12
1996,Low income,LIC,28397805604,19281657347
1996,Lower middle income,LMC,2.39868E+11,2.0131E+11
1996,"Middle East, North Africa, Afghanistan & Pakistan",MEA,2.55573E+11,2.69471E+11
1996,"Middle East, North Africa, Afghanistan & Pakistan (excluding high income)",MNA,1.13495E+11,1.02393E+11
1996,"Middle East, North Africa, Afghanistan & Pakistan (IDA & IBRD)",TMN,1.10978E+11,1.01847E+11
1996,Middle income,MIC,1.06116E+12,1.00442E+12
1996,North America,NAC,1.17373E+12,1.10313E+12
1996,Not classified,INX,..,..
1996,OECD members,OED,4.88842E+12,4.9993E+12
1996,Other small states,OSS,27939035036,25262455173
1996,Pacific island small states,PSS,..,..
1996,Post-demographic dividend,PST,4.94788E+12,5.07766E+12
1996,Pre-demographic dividend,PRE,49016101366,42549057280
1996,Small states,SST,41628510353,38947152459
1996,South Asia,SAS,61849790139,51981965752
1996,South Asia (IDA & IBRD),TSA,61849790139,51981965752
1996,Sub-Saharan Africa,SSF,1.08943E+11,1.14354E+11
1996,Sub-Saharan Africa (excluding high income),SSA,1.06589E+11,1.12997E+11
1996,Sub-Saharan Africa (IDA & IBRD countries),TSS,1.08943E+11,1.14354E+11
1996,Upper middle income,UMC,8.20857E+11,8.06151E+11
1996,World,WLD,6.60853E+12,6.74055E+12
1997,Afghanistan,AFG,..,..
1997,Albania,ALB,795639002,230303548.1
1997,Algeria,DZA,10279946208,14889922793
1997,American Samoa,ASM,..,..
1997,Andorra,AND,..,..
1997,Angola,AGO,..,..
1997,Antigua and Barbuda,ATG,..,..
1997,Argentina,ARG,37413700000,30928400000
1997,Armenia,ARM,955405625.8,332378719.9
1997,Aruba,ABW,1321229050,1264245810
1997,Australia,AUS,82133225648,83327463879
1997,Austria,AUT,80519035968,78792189649
1997,Azerbaijan,AZE,2101809742,1150456356
1997,"Bahamas, The",BHS,2713700000,2335400000
1997,Bahrain,BHR,4413031915,5020744947
1997,Bangladesh,BGD,7625081967,5075480094
1997,Barbados,BRB,..,..
1997,Belarus,BLR,9276190109,8457248498
1997,Belgium,BEL,1.53905E+11,1.63721E+11
1997,Belize,BLZ,363622750,382290400
1997,Benin,BEN,715320152.7,616436708.5
1997,Bermuda,BMU,..,..
1997,Bhutan,BTN,168752836.1,131386622.5
1997,Bolivia,BOL,2326921822,1673170826
1997,Bosnia and Herzegovina,BIH,2673052197,1022025932
1997,Botswana,BWA,2395855332,3056374791
1997,Brazil,BRA,84722106135,61680043707
1997,British Virgin Islands,VGB,..,..
1997,Brunei Darussalam,BRN,3040127801,2972105447
1997,Bulgaria,BGR,4174242023,5610104532
1997,Burkina Faso,BFA,651175141.2,264654980.4
1997,Burundi,BDI,..,..
1997,Cabo Verde,CPV,287190631.1,134631485.1
1997,Cambodia,KHM,1560476055,1157570060
1997,Cameroon,CMR,2354149771,2875461379
1997,Canada,CAN,2.37129E+11,2.49766E+11
1997,Cayman Islands,CYM,..,..
1997,Central African Republic,CAF,271328268.4,252105056.5
1997,Chad,TCD,475289630.2,286444703.1
1997,Channel Islands,CHI,..,..
1997,Chile,CHL,24197336808,22188167110
1997,China,CHN,1.44624E+11,1.87447E+11
1997,Colombia,COL,22137740206,15829917577
1997,Comoros,COM,97672963.16,32059601.35
1997,"Congo, Dem. Rep.",COD,913625815.4,1142032269
1997,"Congo, Rep.",COG,1397383586,1755897584
1997,Costa Rica,CRI,5803238052,5248818523
1997,Cote d'Ivoire,CIV,4664272134,5082544459
1997,Croatia,HRV,10598602755,7505219152
1997,Cuba,CUB,4522800000,3785600000
1997,Curacao,CUW,..,..
1997,Cyprus,CYP,6738597491,6605714937
1997,Czechia,CZE,27602007660,25027225177
1997,Denmark,DNK,57971293815,65532780680
1997,Djibouti,DJI,..,..
1997,Dominica,DMA,..,..
1997,Dominican Republic,DOM,7808997352,7050603812
1997,Ecuador,ECU,6613086543,6064677339
1997,"Egypt, Arab Rep.",EGY,19528023599,14778761062
1997,El Salvador,SLV,3836743500,2659875600
1997,Equatorial Guinea,GNQ,..,..
1997,Eritrea,ERI,589008180.7,203302823.7
1997,Estonia,EST,4158018485,3627803201
1997,Eswatini,SWZ,..,..
1997,Ethiopia,ETH,..,..
1997,Faroe Islands,FRO,456509761.1,455147045.4
1997,Fiji,FJI,..,..
1997,Finland,FIN,38637040431,47944107204
1997,France,FRA,3.3587E+11,3.85978E+11
1997,French Polynesia,PYF,935719365.3,155303034
1997,Gabon,GAB,1983294063,3265552540
1997,"Gambia, The",GMB,204004699.1,184290825.8
1997,Georgia,GEO,1479432987,548000077.1
1997,Germany,DEU,5.25386E+11,5.48072E+11
1997,Ghana,GHA,3651882361,2233536788
1997,Gibraltar,GIB,..,..
1997,Greece,GRC,32010861101,22716461999
1997,Greenland,GRL,..,..
1997,Grenada,GRD,..,..
1997,Guam,GUM,..,..
1997,Guatemala,GTM,4197706681,3194396326
1997,Guinea,GIN,864726230.8,740132957.3
1997,Guinea-Bissau,GNB,450889050.1,34228134.55
1997,Guyana,GUY,820130867.8,746591431.2
1997,Haiti,HTI,882868456.9,349005072.8
1997,Honduras,HND,3438463878,3326205323
1997,"Hong Kong SAR, China",HKG,2.09984E+11,2.0403E+11
1997,Hungary,HUN,22203842620,22676867827
1997,Iceland,ISL,2654797382,2689829672
1997,India,IND,49607467421,44459225643
1997,Indonesia,IDN,60700151259,60106038404
1997,"Iran, Islamic Rep.",IRN,17511229164,19682874298
1997,Iraq,IRQ,8792081556,13257740143
1997,Ireland,IRL,53976683381,63903008596
1997,Isle of Man,IMN,..,..
1997,Israel,ISR,37372736708,31397233432
1997,Italy,ITA,2.53824E+11,2.99911E+11
1997,Jamaica,JAM,..,..
1997,Japan,JPN,4.22282E+11,4.66482E+11
1997,Jordan,JOR,5180015233,3568401834
1997,Kazakhstan,KAZ,8299522121,7739646727
1997,Kenya,KEN,4114510960,2975493106
1997,Kiribati,KIR,61902581.31,13343451.74
1997,"Korea, Dem. People's Rep.",PRK,..,..
1997,"Korea, Rep.",KOR,1.67463E+11,1.61871E+11
1997,Kosovo,XKX,..,..
1997,Kuwait,KWT,12015862917,16040929754
1997,Kyrgyz Republic,KGZ,816580728.8,676860146.9
1997,Lao PDR,LAO,720900005.1,417400000.1
1997,Latvia,LVA,3181698524,2591640455
1997,Lebanon,LBN,7490743748,2289054888
1997,Lesotho,LSO,..,..
1997,Liberia,LBR,..,..
1997,Libya,LBY,6706938676,8223648523
1997,Liechtenstein,LIE,..,..
1997,Lithuania,LTU,5579099698,4553531290
1997,Luxembourg,LUX,18755420613,22737276725
1997,"Macao SAR, China",MAC,3585448658,5372969416
1997,Madagascar,MDG,883747058.5,688168058.4
1997,Malawi,MWI,..,..
1997,Malaysia,MYS,92380580595,93294414082
1997,Maldives,MDV,..,..
1997,Mali,MLI,895731427.9,642627518.2
1997,Malta,MLT,3062882564,2831968014
1997,Marshall Islands,MHL,89733700,28410700
1997,Mauritania,MRT,608286588.1,691882212.9
1997,Mauritius,MUS,2778044511,2573649428
1997,Mexico,MEX,1.2163E+11,1.21731E+11
1997,"Micronesia, Fed. Sts.",FSM,182000000,37000000
1997,Moldova,MDA,1435213853,1026805411
1997,Monaco,MCO,..,..
1997,Mongolia,MNG,558878338.7,621954882.5
1997,Montenegro,MNE,..,..
1997,Morocco,MAR,10658406550,9365776467
1997,Mozambique,MOZ,1587332330,522899848.3
1997,Myanmar,MMR,..,..
1997,Namibia,NAM,2085601574,1771936401
1997,Nauru,NRU,..,..
1997,Nepal,NPL,1854725583,1294985096
1997,Netherlands,NLD,2.23488E+11,2.53701E+11
1997,New Caledonia,NCL,928755650.3,542773772.4
1997,New Zealand,NZL,17791716573,18712727731
1997,Nicaragua,NIC,1693914533,852512885.4
1997,Niger,NER,449737492.8,310060813
1997,Nigeria,NGA,..,..
1997,North Macedonia,MKD,1891667583,919196976.2
1997,Northern Mariana Islands,MNP,..,..
1997,Norway,NOR,51824016739,64600757769
1997,Oman,OMN,4993498049,7921976593
1997,Pakistan,PAK,12967600154,10040500611
1997,Palau,PLW,..,..
1997,Panama,PAN,8629854000,8944359100
1997,Papua New Guinea,PNG,2470798271,2426717802
1997,Paraguay,PRY,4729946872,4830120259
1997,Peru,PER,11043543544,8418168168
1997,Philippines,PHL,39658755051,33018279728
1997,Poland,POL,43365153210,37183635980
1997,Portugal,PRT,41132256146,31774839337
1997,Puerto Rico (US),PRI,21387400000,23946800000
1997,Qatar,QAT,4085989011,5454670330
1997,Romania,ROU,12454205811,10031194458
1997,Russian Federation,RUS,91218668971,1.00138E+11
1997,Rwanda,RWA,475297232.4,144372276.1
1997,Samoa,WSM,..,..
1997,San Marino,SMR,..,..
1997,Sao Tome and Principe,STP,..,..
1997,Saudi Arabia,SAU,43199465955,64989052069
1997,Senegal,SEN,1746494219,1107580224
1997,Serbia,SRB,5400470206,3472726350
1997,Seychelles,SYC,340434455.1,118656888.1
1997,Sierra Leone,SLE,128200896,112228128.3
1997,Singapore,SGP,1.54759E+11,1.69506E+11
1997,Sint Maarten (Dutch part),SXM,..,..
1997,Slovak Republic,SVK,17755812847,14902632831
1997,Slovenia,SVN,10111527611,9875306122
1997,Solomon Islands,SLB,292713741.6,238637030.1
1997,"Somalia, Fed. Rep.",SOM,..,..
1997,South Africa,ZAF,34878325820,36601647323
1997,South Sudan,SSD,..,..
1997,Spain,ESP,1.50449E+11,1.51658E+11
1997,Sri Lanka,LKA,6579989219,5514301315
1997,St. Kitts and Nevis,KNA,..,..
1997,St. Lucia,LCA,..,..
1997,St. Martin (French part),MAF,..,..
1997,St. Vincent and the Grenadines,VCT,..,..
1997,Sudan,SDN,1461894484,624200773.9
1997,Suriname,SUR,..,..
1997,Sweden,SWE,87887333167,1.05239E+11
1997,Switzerland,CHE,1.23739E+11,1.3706E+11
1997,Syrian Arab Republic,SYR,4903093385,4702704280
1997,Tajikistan,TJK,867813199.7,805572498.9
1997,Tanzania,TZA,1973944758,1246175398
1997,Thailand,THA,70306578166,72442635001
1997,Timor-Leste,TLS,..,..
1997,Togo,TGO,650425458.9,475868140.6
1997,Tonga,TON,109624139.3,44847645.43
1997,Trinidad and Tobago,TTO,..,..
1997,Tunisia,TUN,8586157257,8114689468
1997,Turkiye,TUR,56251261318,56559938761
1997,Turkmenistan,TKM,1584677699,956099906.4
1997,Turks and Caicos Islands,TCA,..,..
1997,Tuvalu,TUV,..,..
1997,Uganda,UGA,1303961977,837552441.5
1997,Ukraine,UKR,21891238831,20357121609
1997,United Arab Emirates,ARE,..,..
1997,United Kingdom,GBR,3.93672E+11,4.02043E+11
1997,United States,USA,1.05577E+12,9.53803E+11
1997,Uruguay,URY,4853524480,4184600575
1997,Uzbekistan,UZB,4436573585,3997132075
1997,Vanuatu,VUT,128980754.3,133416760.2
1997,"Venezuela, RB",VEN,18872294154,25115255475
1997,Viet Nam,VNM,13755189203,11570361483
1997,Virgin Islands (U.S.),VIR,..,..
1997,West Bank and Gaza,PSE,2746200000,650300000
1997,"Yemen, Rep.",YEM,2999400000,2481221964
1997,Zambia,ZMB,1329785211,1177864173
1997,Zimbabwe,ZWE,3807000000,3208250000
1997,Africa Eastern and Southern,AFE,75031246032,70582552438
1997,Africa Western and Central,AFW,..,..
1997,Arab World,ARB,1.96016E+11,..
1997,Caribbean small states,CSS,..,..
1997,Central Europe and the Baltics,CEB,1.61184E+11,1.43585E+11
1997,Early-demographic dividend,EAR,6.89599E+11,6.76861E+11
1997,East Asia & Pacific,EAS,1.64022E+12,1.72845E+12
1997,East Asia & Pacific (excluding high income),EAP,4.31744E+11,4.65559E+11
1997,East Asia & Pacific (IDA & IBRD countries),TEA,4.30972E+11,4.64973E+11
1997,Euro area,EMU,1.96914E+12,2.1234E+12
1997,Europe & Central Asia,ECS,3.01088E+12,3.2117E+12
1997,Europe & Central Asia (excluding high income),ECA,1.21411E+11,1.08819E+11
1997,Europe & Central Asia (IDA & IBRD countries),TEC,2.83204E+11,2.6924E+11
1997,European Union,EUU,2.2248E+12,2.3947E+12
1997,Fragile and conflict affected situations,FCS,1.23976E+11,1.2829E+11
1997,Heavily indebted poor countries (HIPC),HPC,45951554744,33241072341
1997,High income,HIC,5.6159E+12,5.82839E+12
1997,IBRD only,IBD,1.26764E+12,1.25033E+12
1997,IDA & IBRD total,IBT,1.3905E+12,1.34796E+12
1997,IDA blend,IDB,54127202697,..
1997,IDA only,IDX,74125858865,54902330887
1997,IDA total,IDA,1.27399E+11,1.12674E+11
1997,Late-demographic dividend,LTE,8.57726E+11,8.69524E+11
1997,Latin America & Caribbean,LCN,4.20475E+11,3.77128E+11
1997,Latin America & Caribbean (excluding high income),LAC,3.20539E+11,2.73742E+11
1997,Latin America & the Caribbean (IDA & IBRD countries),TLA,3.83766E+11,3.41003E+11
1997,Least developed countries: UN classification,LDC,51896875474,36457660017
1997,Low & middle income,LMY,1.16719E+12,1.12162E+12
1997,Low income,LIC,26598328620,19010375029
1997,Lower middle income,LMC,2.5788E+11,2.16564E+11
1997,"Middle East, North Africa, Afghanistan & Pakistan",MEA,2.6571E+11,2.87026E+11
1997,"Middle East, North Africa, Afghanistan & Pakistan (excluding high income)",MNA,1.21516E+11,1.12983E+11
1997,"Middle East, North Africa, Afghanistan & Pakistan (IDA & IBRD)",TMN,1.18747E+11,1.12332E+11
1997,Middle income,MIC,1.14187E+12,1.10373E+12
1997,North America,NAC,1.29361E+12,1.20531E+12
1997,Not classified,INX,..,..
1997,OECD members,OED,5.00962E+12,5.15543E+12
1997,Other small states,OSS,27969101299,25120815797
1997,Pacific island small states,PSS,..,..
1997,Post-demographic dividend,PST,5.0428E+12,5.2067E+12
1997,Pre-demographic dividend,PRE,61189285249,63852351798
1997,Small states,SST,42748206569,39818655675
1997,South Asia,SAS,66954880727,57209350221
1997,South Asia (IDA & IBRD),TSA,66954880727,57209350221
1997,Sub-Saharan Africa,SSF,1.12992E+11,1.15215E+11
1997,Sub-Saharan Africa (excluding high income),SSA,1.10621E+11,1.13889E+11
1997,Sub-Saharan Africa (IDA & IBRD countries),TSS,1.12992E+11,1.15215E+11
1997,Upper middle income,UMC,8.83493E+11,8.89909E+11
1997,World,WLD,6.82312E+12,6.9948E+12
1998,Afghanistan,AFG,..,..
1998,Albania,ALB,933614569.3,291949980.8
1998,Algeria,DZA,10850007516,10880008006
1998,American Samoa,ASM,..,..
1998,Andorra,AND,..,..
1998,Angola,AGO,..,..
1998,Antigua and Barbuda,ATG,..,..
1998,Argentina,ARG,38667300000,31137200000
1998,Armenia,ARM,1000634291,359865213.1
1998,Aruba,ABW,1392737430,1326256983
1998,Australia,AUS,81674014787,78166587533
1998,Austria,AUT,84196219431,83704906625
1998,Azerbaijan,AZE,2424528302,1009304730
1998,"Bahamas, The",BHS,2943000000,2368200000
1998,Bahrain,BHR,3950532181,3994946809
1998,Bangladesh,BGD,8058876652,5876850220
1998,Barbados,BRB,..,..
1998,Belarus,BLR,9727865938,8988770378
1998,Belgium,BEL,1.565E+11,1.65909E+11
1998,Belize,BLZ,391283650,401042650
1998,Benin,BEN,797921958.8,665156777.4
1998,Bermuda,BMU,..,..
1998,Bhutan,BTN,186284980.4,124774096.7
1998,Bolivia,BOL,2768694331,1673894695
1998,Bosnia and Herzegovina,BIH,4049399659,1124011007
1998,Botswana,BWA,2517487482,2361188675
1998,Brazil,BRA,81258662213,60723205260
1998,British Virgin Islands,VGB,..,..
1998,Brunei Darussalam,BRN,2325523034,2044691629
1998,Bulgaria,BGR,5276480125,6304226754
1998,Burkina Faso,BFA,789066173.8,359254784.9
1998,Burundi,BDI,..,..
1998,Cabo Verde,CPV,308372216.2,118975529.2
1998,Cambodia,KHM,1384886253,974763067.9
1998,Cameroon,CMR,2295271124,2483240189
1998,Canada,CAN,2.4125E+11,2.53785E+11
1998,Cayman Islands,CYM,..,..
1998,Central African Republic,CAF,274652957.9,219168761.7
1998,Chad,TCD,515889625,322640880.3
1998,Channel Islands,CHI,..,..
1998,Chile,CHL,23525063432,20615225095
1998,China,CHN,1.44914E+11,1.8875E+11
1998,Colombia,COL,20576289396,14773797430
1998,Comoros,COM,97974127.93,32158004.64
1998,"Congo, Dem. Rep.",COD,2044987739,1852289844
1998,"Congo, Rep.",COG,1415791994,1487018189
1998,Costa Rica,CRI,6578730704,6015987690
1998,Cote d'Ivoire,CIV,5193200981,5333495973
1998,Croatia,HRV,9281097315,7543494077
1998,Cuba,CUB,4697400000,3668100000
1998,Curacao,CUW,..,..
1998,Cyprus,CYP,6785841629,7040542986
1998,Czechia,CZE,28302510440,28093534317
1998,Denmark,DNK,60376476242,65817213169
1998,Djibouti,DJI,..,..
1998,Dominica,DMA,..,..
1998,Dominican Republic,DOM,9015949074,7435712075
1998,Ecuador,ECU,7136267134,5006507254
1998,"Egypt, Arab Rep.",EGY,21812278630,13754427391
1998,El Salvador,SLV,3990321100,2667080400
1998,Equatorial Guinea,GNQ,..,..
1998,Eritrea,ERI,597112442,110594504.4
1998,Estonia,EST,4721055735,4178072088
1998,Eswatini,SWZ,..,..
1998,Ethiopia,ETH,..,..
1998,Faroe Islands,FRO,496684961.4,515369222.3
1998,Fiji,FJI,..,..
1998,Finland,FIN,39579439252,50182465510
1998,France,FRA,3.61782E+11,4.07948E+11
1998,French Polynesia,PYF,1084755371,154339093.3
1998,Gabon,GAB,2177525443,2125424574
1998,"Gambia, The",GMB,240030742.9,212639014.9
1998,Georgia,GEO,1340894233,594735925.7
1998,Germany,DEU,5.50596E+11,5.76779E+11
1998,Ghana,GHA,3496235606,2534277965
1998,Gibraltar,GIB,..,..
1998,Greece,GRC,36304887582,23016451055
1998,Greenland,GRL,..,..
1998,Grenada,GRD,..,..
1998,Guam,GUM,..,..
1998,Guatemala,GTM,5091730420,3524472507
1998,Guinea,GIN,966133229.7,763846910
1998,Guinea-Bissau,GNB,232838608.2,24267138.61
1998,Guyana,GUY,774285039.8,688346951.5
1998,Haiti,HTI,991314911,368684025
1998,Honduras,HND,3915155096,3647511078
1998,"Hong Kong SAR, China",HKG,1.86278E+11,1.87184E+11
1998,Hungary,HUN,26555521715,25799585544
1998,Iceland,ISL,3241180130,2871539298
1998,India,IND,53431564328,46426465025
1998,Indonesia,IDN,41249712042,50555726235
1998,"Iran, Islamic Rep.",IRN,18245137477,13986840980
1998,Iraq,IRQ,11204358033,16060750015
1998,Ireland,IRL,66249949535,76059795895
1998,Isle of Man,IMN,..,..
1998,Israel,ISR,36163743059,32433117286
1998,Italy,ITA,2.67089E+11,3.05612E+11
1998,Jamaica,JAM,..,..
1998,Japan,JPN,3.53663E+11,4.25156E+11
1998,Jordan,JOR,5084211425,3544310014
1998,Kazakhstan,KAZ,7716342036,6716763896
1998,Kenya,KEN,4048921326,2842655388
1998,Kiribati,KIR,52442474.94,11238337.31
1998,"Korea, Dem. People's Rep.",PRK,..,..
1998,"Korea, Rep.",KOR,1.11609E+11,1.51914E+11
1998,Kosovo,XKX,..,..
1998,Kuwait,KWT,13256506845,11379595480
1998,Kyrgyz Republic,KGZ,955086965.7,600501762.4
1998,Lao PDR,LAO,612099978.5,466700003.9
1998,Latvia,LVA,3677526510,2811791969
1998,Lebanon,LBN,7063369153,2373803864
1998,Lesotho,LSO,..,..
1998,Liberia,LBR,..,..
1998,Libya,LBY,5691077776,5278308888
1998,Liechtenstein,LIE,..,..
1998,Lithuania,LTU,5687938714,4400655158
1998,Luxembourg,LUX,21937945099,25731039120
1998,"Macao SAR, China",MAC,3446898499,5041631119
1998,Madagascar,MDG,920883328,722467461
1998,Malawi,MWI,..,..
1998,Malaysia,MYS,67655931512,83529351814
1998,Maldives,MDV,..,..
1998,Mali,MLI,911559254.1,639603126.9
1998,Malta,MLT,3277703780,3020036626
1998,Marshall Islands,MHL,97720200,27743200
1998,Mauritania,MRT,547348702.5,497095341.1
1998,Mauritius,MUS,2773474377,2738797090
1998,Mexico,MEX,1.38307E+11,1.29452E+11
1998,"Micronesia, Fed. Sts.",FSM,181000000,41000000
1998,Moldova,MDA,1219400372,764754748.6
1998,Monaco,MCO,..,..
1998,Mongolia,MNG,669128461.8,537971712.6
1998,Montenegro,MNE,..,..
1998,Morocco,MAR,11452325639,9784229421
1998,Mozambique,MOZ,1613701247,551653721.2
1998,Myanmar,MMR,..,..
1998,Namibia,NAM,1966011967,1602303554
1998,Nauru,NRU,..,..
1998,Nepal,NPL,1645665860,1108297014
1998,Netherlands,NLD,2.31284E+11,2.61752E+11
1998,New Caledonia,NCL,1280786336,558407784.2
1998,New Zealand,NZL,15900310543,16652981736
1998,Nicaragua,NIC,1746565268,896218482.9
1998,Niger,NER,556418361.5,369279336.4
1998,Nigeria,NGA,..,..
1998,North Macedonia,MKD,2007923619,876165677.7
1998,Northern Mariana Islands,MNP,..,..
1998,Norway,NOR,53777153384,56686723834
1998,Oman,OMN,7003901170,5908972692
1998,Pakistan,PAK,10900343052,10252214044
1998,Palau,PLW,..,..
1998,Panama,PAN,8934147100,8476358300
1998,Papua New Guinea,PNG,1849984946,2047871461
1998,Paraguay,PRY,4349322683,5059911870
1998,Peru,PER,10684099133,7605311668
1998,Philippines,PHL,31488192531,28163249809
1998,Poland,POL,53786614490,45328595270
1998,Portugal,PRT,45239506901,33876548308
1998,Puerto Rico (US),PRI,21797500000,30272900000
1998,Qatar,QAT,4098351648,5240109890
1998,Romania,ROU,12852117833,9596555943
1998,Russian Federation,RUS,66522411128,84595569294
1998,Rwanda,RWA,461714701.3,111106101.8
1998,Samoa,WSM,..,..
1998,San Marino,SMR,..,..
1998,Sao Tome and Principe,STP,..,..
1998,Saudi Arabia,SAU,38830933333,43493066667
1998,Senegal,SEN,1920046181,1209065012
1998,Serbia,SRB,4583104040,3643557842
1998,Seychelles,SYC,383025788.2,128162615.7
1998,Sierra Leone,SLE,143020226.2,94545470.82
1998,Singapore,SGP,1.24556E+11,1.42984E+11
1998,Sint Maarten (Dutch part),SXM,..,..
1998,Slovak Republic,SVK,16911732856,13635886564
1998,Slovenia,SVN,10893287651,10518606463
1998,Solomon Islands,SLB,194989294.3,185437103.1
1998,"Somalia, Fed. Rep.",SOM,..,..
1998,South Africa,ZAF,32916543361,34450654127
1998,South Sudan,SSD,..,..
1998,Spain,ESP,1.64462E+11,1.61798E+11
1998,Sri Lanka,LKA,6659095835,5712292925
1998,St. Kitts and Nevis,KNA,..,..
1998,St. Lucia,LCA,..,..
1998,St. Martin (French part),MAF,..,..
1998,St. Vincent and the Grenadines,VCT,..,..
1998,Sudan,SDN,1707000780,754001829.7
1998,Suriname,SUR,..,..
1998,Sweden,SWE,92655630888,1.08708E+11
1998,Switzerland,CHE,1.28123E+11,1.39575E+11
1998,Syrian Arab Republic,SYR,4696403846,4640692308
1998,Tajikistan,TJK,766135522.3,645098986
1998,Tanzania,TZA,1952293754,1230116907
1998,Thailand,THA,48088381968,65860574771
1998,Timor-Leste,TLS,..,..
1998,Togo,TGO,732267659.8,517181587.6
1998,Tonga,TON,112420375.3,37511930.29
1998,Trinidad and Tobago,TTO,..,..
1998,Tunisia,TUN,9039408110,8398428066
1998,Turkiye,TUR,54441094414,57013676915
1998,Turkmenistan,TKM,1735264218,774538535.2
1998,Turks and Caicos Islands,TCA,..,..
1998,Tuvalu,TUV,..,..
1998,Uganda,UGA,1343623399,634713533
1998,Ukraine,UKR,18496110212,17543687391
1998,United Arab Emirates,ARE,..,..
1998,United Kingdom,GBR,4.12208E+11,4.03935E+11
1998,United States,USA,1.11569E+12,9.52979E+11
1998,Uruguay,URY,4879194086,4168339942
1998,Uzbekistan,UZB,3425539797,3382144369
1998,Vanuatu,VUT,137573274.3,110925951.3
1998,"Venezuela, RB",VEN,20714179095,19108095209
1998,Viet Nam,VNM,14190608829,12203044875
1998,Virgin Islands (U.S.),VIR,..,..
1998,West Bank and Gaza,PSE,2885600000,734400000
1998,"Yemen, Rep.",YEM,2915690398,1678128720
1998,Zambia,ZMB,1119077757,870912946.8
1998,Zimbabwe,ZWE,2890000000,2779500000
1998,Africa Eastern and Southern,AFE,72987232469,66675088113
1998,Africa Western and Central,AFW,..,..
1998,Arab World,ARB,2.00264E+11,..
1998,Caribbean small states,CSS,..,..
1998,Central Europe and the Baltics,CEB,1.77946E+11,1.58211E+11
1998,Early-demographic dividend,EAR,6.76683E+11,6.24035E+11
1998,East Asia & Pacific,EAS,1.37385E+12,1.5834E+12
1998,East Asia & Pacific (excluding high income),EAP,3.56298E+11,4.35901E+11
1998,East Asia & Pacific (IDA & IBRD countries),TEA,3.55661E+11,4.35353E+11
1998,Euro area,EMU,2.08646E+12,2.22552E+12
1998,Europe & Central Asia,ECS,3.14784E+12,3.30939E+12
1998,Europe & Central Asia (excluding high income),ECA,1.16021E+11,1.04877E+11
1998,Europe & Central Asia (IDA & IBRD countries),TEC,2.63693E+11,2.58196E+11
1998,European Union,EUU,2.36626E+12,2.51517E+12
1998,Fragile and conflict affected situations,FCS,1.22908E+11,1.14061E+11
1998,Heavily indebted poor countries (HIPC),HPC,49544397604,33926872526
1998,High income,HIC,5.63091E+12,5.79472E+12
1998,IBRD only,IBD,1.20028E+12,1.19628E+12
1998,IDA & IBRD total,IBT,1.31948E+12,1.2918E+12
1998,IDA blend,IDB,48041865992,..
1998,IDA only,IDX,76532189536,55601651727
1998,IDA total,IDA,1.24375E+11,1.1087E+11
1998,Late-demographic dividend,LTE,8.06834E+11,8.54281E+11
1998,Latin America & Caribbean,LCN,4.40325E+11,3.81602E+11
1998,Latin America & Caribbean (excluding high income),LAC,3.36926E+11,2.79046E+11
1998,Latin America & the Caribbean (IDA & IBRD countries),TLA,4.02422E+11,3.39017E+11
1998,Least developed countries: UN classification,LDC,54311312460,36565398074
1998,Low & middle income,LMY,1.10861E+12,1.08017E+12
1998,Low income,LIC,28532075087,18880894047
1998,Lower middle income,LMC,2.5338E+11,2.12434E+11
1998,"Middle East, North Africa, Afghanistan & Pakistan",MEA,2.66795E+11,2.41623E+11
1998,"Middle East, North Africa, Afghanistan & Pakistan (excluding high income)",MNA,1.251E+11,1.02214E+11
1998,"Middle East, North Africa, Afghanistan & Pakistan (IDA & IBRD)",TMN,1.22189E+11,1.01478E+11
1998,Middle income,MIC,1.08213E+12,1.06252E+12
1998,North America,NAC,1.35768E+12,1.20851E+12
1998,Not classified,INX,..,..
1998,OECD members,OED,5.12552E+12,5.22369E+12
1998,Other small states,OSS,28897047462,25791633268
1998,Pacific island small states,PSS,..,..
1998,Post-demographic dividend,PST,5.06757E+12,5.20254E+12
1998,Pre-demographic dividend,PRE,68311538695,68405866587
1998,Small states,SST,44112156908,40580755869
1998,South Asia,SAS,71170802408,60018693401
1998,South Asia (IDA & IBRD),TSA,71170802408,60018693401
1998,Sub-Saharan Africa,SSF,1.12182E+11,1.0895E+11
1998,Sub-Saharan Africa (excluding high income),SSA,1.09768E+11,1.07673E+11
1998,Sub-Saharan Africa (IDA & IBRD countries),TSS,1.12182E+11,1.0895E+11
1998,Upper middle income,UMC,8.28994E+11,8.53164E+11
1998,World,WLD,6.7823E+12,6.91387E+12
1999,Afghanistan,AFG,..,..
1999,Albania,ALB,1097558438,540977918.9
1999,Algeria,DZA,11079856776,13692404115
1999,American Samoa,ASM,..,..
1999,Andorra,AND,..,..
1999,Angola,AGO,..,..
1999,Antigua and Barbuda,ATG,..,..
1999,Argentina,ARG,32762700000,27862300000
1999,Armenia,ARM,919091316.9,383089746.9
1999,Aruba,ABW,1458100559,1377094972
1999,Australia,AUS,80794585788,71285875423
1999,Austria,AUT,84520551775,85506769077
1999,Azerbaijan,AZE,1917520293,1281380721
1999,"Bahamas, The",BHS,3015600000,2801300000
1999,Bahrain,BHR,4168882979,5221808511
1999,Bangladesh,BGD,8525935940,6028722962
1999,Barbados,BRB,..,..
1999,Belarus,BLR,7481164885,7186389619
1999,Belgium,BEL,1.56515E+11,1.66731E+11
1999,Belize,BLZ,492338700,440616500
1999,Benin,BEN,1154049286,846151104.6
1999,Bermuda,BMU,..,..
1999,Bhutan,BTN,212478668.2,130394708.9
1999,Bolivia,BOL,2260775121,1398593388
1999,Bosnia and Herzegovina,BIH,4413356666,1295466215
1999,Botswana,BWA,2398367786,3027163553
1999,Brazil,BRA,68462744029,57355154396
1999,British Virgin Islands,VGB,..,..
1999,Brunei Darussalam,BRN,2226605159,2567616760
1999,Bulgaria,BGR,6453780611,5829830705
1999,Burkina Faso,BFA,911820910.5,283164589.8
1999,Burundi,BDI,..,..
1999,Cabo Verde,CPV,355408993.1,124265005.5
1999,Cambodia,KHM,1886392173,1426037338
1999,Cameroon,CMR,2059848165,2247078226
1999,Canada,CAN,2.59519E+11,2.83991E+11
1999,Cayman Islands,CYM,..,..
1999,Central African Republic,CAF,239761597.8,192136061.3
1999,Chad,TCD,494007543.6,281123360.4
1999,Channel Islands,CHI,..,..
1999,Chile,CHL,19942566848,21395656218
1999,China,CHN,1.68058E+11,1.98699E+11
1999,Colombia,COL,15343463758,15812211475
1999,Comoros,COM,100125802.9,32862827.88
1999,"Congo, Dem. Rep.",COD,826448700,1113537727
1999,"Congo, Rep.",COG,1391767818,1702267046
1999,Costa Rica,CRI,6411945483,6066566857
1999,Cote d'Ivoire,CIV,5124618233,5423051765
1999,Croatia,HRV,8589840791,7165714587
1999,Cuba,CUB,4916000000,4123500000
1999,Curacao,CUW,..,..
1999,Cyprus,CYP,6748355987,7025878101
1999,Czechia,CZE,28180143017,27868246879
1999,Denmark,DNK,59349185803,70026519452
1999,Djibouti,DJI,..,..
1999,Dominica,DMA,..,..
1999,Dominican Republic,DOM,9147200120,7743619442
1999,Ecuador,ECU,4483779890,5181939970
1999,"Egypt, Arab Rep.",EGY,21144205249,13653789443
1999,El Salvador,SLV,4129349000,2752938000
1999,Equatorial Guinea,GNQ,..,..
1999,Eritrea,ERI,597463420.7,65684301.01
1999,Estonia,EST,4274527257,4022130537
1999,Eswatini,SWZ,..,..
1999,Ethiopia,ETH,..,..
1999,Faroe Islands,FRO,583351490.2,549880738
1999,Fiji,FJI,..,..
1999,Finland,FIN,38733513445,50865246751
1999,France,FRA,3.63754E+11,4.04545E+11
1999,French Polynesia,PYF,919664519.8,190395536
1999,Gabon,GAB,1777483514,2779726331
1999,"Gambia, The",GMB,228252567,198771163.9
1999,Georgia,GEO,1066705738,533561535.9
1999,Germany,DEU,5.64302E+11,5.76269E+11
1999,Ghana,GHA,3830248310,2475841481
1999,Gibraltar,GIB,..,..
1999,Greece,GRC,39439145913,26625314615
1999,Greenland,GRL,..,..
1999,Grenada,GRD,..,..
1999,Guam,GUM,..,..
1999,Guatemala,GTM,5011108418,3481400349
1999,Guinea,GIN,901094018.6,749004850.2
1999,Guinea-Bissau,GNB,236210533.8,48255104.97
1999,Guyana,GUY,726372197.4,670497421.3
1999,Haiti,HTI,1233630317,508794534.2
1999,Honduras,HND,4327289199,3441665505
1999,"Hong Kong SAR, China",HKG,1.7829E+11,1.86851E+11
1999,Hungary,HUN,28658707006,27319788080
1999,Iceland,ISL,3320939762,2915299612
1999,India,IND,61314704757,52544483403
1999,Indonesia,IDN,38402067922,49720260590
1999,"Iran, Islamic Rep.",IRN,17752833900,21963669399
1999,Iraq,IRQ,22379651774,28632988389
1999,Ireland,IRL,72598943756,85503791297
1999,Isle of Man,IMN,..,..
1999,Israel,ISR,41207853226,37397129261
1999,Italy,ITA,2.68275E+11,2.90577E+11
1999,Jamaica,JAM,..,..
1999,Japan,JPN,3.85718E+11,4.54583E+11
1999,Jordan,JOR,4984463329,3529798449
1999,Kazakhstan,KAZ,6768075151,7163702505
1999,Kenya,KEN,3528289113,2686591710
1999,Kiribati,KIR,64959772.9,12841381.98
1999,"Korea, Dem. People's Rep.",PRK,..,..
1999,"Korea, Rep.",KOR,1.36054E+11,1.62508E+11
1999,Kosovo,XKX,..,..
1999,Kuwait,KWT,11878521098,13836374686
1999,Kyrgyz Republic,KGZ,711921997.7,527140642.4
1999,Lao PDR,LAO,642605486,521789232.4
1999,Latvia,LVA,3377901754,2638963488
1999,Lebanon,LBN,6391244718,2445876364
1999,Lesotho,LSO,..,..
1999,Liberia,LBR,..,..
1999,Libya,LBY,5245671189,7274514835
1999,Liechtenstein,LIE,..,..
1999,Lithuania,LTU,4661041864,3559759171
1999,Luxembourg,LUX,24086193884,28455196289
1999,"Macao SAR, China",MAC,3670364184,4988707246
1999,Madagascar,MDG,965856215.4,784850753.5
1999,Malawi,MWI,..,..
1999,Malaysia,MYS,76187894737,96016052632
1999,Maldives,MDV,..,..
1999,Mali,MLI,977631283.3,681012428.4
1999,Malta,MLT,3490789325,3300806384
1999,Marshall Islands,MHL,97132900,25284800
1999,Mauritania,MRT,525231930.6,448206605.8
1999,Mauritius,MUS,2905445797,2771402053
1999,Mexico,MEX,1.55258E+11,1.47819E+11
1999,"Micronesia, Fed. Sts.",FSM,172000000,36000000
1999,Moldova,MDA,763462400.9,612534634.5
1999,Monaco,MCO,..,..
1999,Mongolia,MNG,656469894.8,530379659
1999,Montenegro,MNE,..,..
1999,Morocco,MAR,12003458114,10472253114
1999,Mozambique,MOZ,2303130509,558379997
1999,Myanmar,MMR,..,..
1999,Namibia,NAM,1921503093,1602755470
1999,Nauru,NRU,..,..
1999,Nepal,NPL,1495923473,1150110375
1999,Netherlands,NLD,2.41943E+11,2.69992E+11
1999,New Caledonia,NCL,1384711062,672432822.4
1999,New Zealand,NZL,17893507707,18187243759
1999,Nicaragua,NIC,2137009200,899835239.3
1999,Niger,NER,475063624.6,321173939.2
1999,Nigeria,NGA,..,..
1999,North Macedonia,MKD,1915702954,890249728
1999,Northern Mariana Islands,MNP,..,..
1999,Norway,NOR,50534029131,62333572674
1999,Oman,OMN,6013003901,7648894668
1999,Pakistan,PAK,10684436463,9668690721
1999,Palau,PLW,..,..
1999,Panama,PAN,7902775100,7437744600
1999,Papua New Guinea,PNG,1838951201,2194649626
1999,Paraguay,PRY,3071972020,3781642164
1999,Peru,PER,8937804698,7727286157
1999,Philippines,PHL,33185853155,32895382042
1999,Poland,POL,51042724322,40963593630
1999,Portugal,PRT,46950345046,33756675285
1999,Puerto Rico (US),PRI,25299400000,34901800000
1999,Qatar,QAT,3184065934,7440934066
1999,Romania,ROU,11257601332,9585764933
1999,Russian Federation,RUS,51275385865,84670999188
1999,Rwanda,RWA,472852825.3,116761147.4
1999,Samoa,WSM,..,..
1999,San Marino,SMR,..,..
1999,Sao Tome and Principe,STP,..,..
1999,Saudi Arabia,SAU,37485333333,56061600000
1999,Senegal,SEN,2009562329,1252919321
1999,Serbia,SRB,2969446469,2082768083
1999,Seychelles,SYC,433699578.8,152013308.4
1999,Sierra Leone,SLE,133350330.8,92562056.76
1999,Singapore,SGP,1.37834E+11,1.52508E+11
1999,Sint Maarten (Dutch part),SXM,..,..
1999,Slovak Republic,SVK,15592058975,14151032232
1999,Slovenia,SVN,11000424522,10017114041
1999,Solomon Islands,SLB,159565386.9,177960878.4
1999,"Somalia, Fed. Rep.",SOM,..,..
1999,South Africa,ZAF,30286845829,33741638410
1999,South Sudan,SSD,..,..
1999,Spain,ESP,1.79579E+11,1.67415E+11
1999,Sri Lanka,LKA,6798203826,5575176093
1999,St. Kitts and Nevis,KNA,..,..
1999,St. Lucia,LCA,..,..
1999,St. Martin (French part),MAF,..,..
1999,St. Vincent and the Grenadines,VCT,..,..
1999,Sudan,SDN,1808997333,830998485.8
1999,Suriname,SUR,..,..
1999,Sweden,SWE,95109169249,1.10212E+11
1999,Switzerland,CHE,1.28193E+11,1.39348E+11
1999,Syrian Arab Republic,SYR,5078313953,5129922481
1999,Tajikistan,TJK,733564282.2,718214368.8
1999,Tanzania,TZA,1887255247,1291630219
1999,Thailand,THA,56073604732,71490257382
1999,Timor-Leste,TLS,..,..
1999,Togo,TGO,640566113.6,475147222.5
1999,Tonga,TON,89693551.78,31380568.09
1999,Trinidad and Tobago,TTO,..,..
1999,Tunisia,TUN,9160319501,8713608295
1999,Turkiye,TUR,48346453175,48333647259
1999,Turkmenistan,TKM,1342892020,874285023
1999,Turks and Caicos Islands,TCA,..,..
1999,Tuvalu,TUV,..,..
1999,Uganda,UGA,1426046617,734918410.3
1999,Ukraine,UKR,15237000520,16960000576
1999,United Arab Emirates,ARE,..,..
1999,United Kingdom,GBR,4.27732E+11,4.09995E+11
1999,United States,USA,1.25246E+12,9.9291E+11
1999,Uruguay,URY,4386374776,3621012840
1999,Uzbekistan,UZB,3149229782,3104709564
1999,Vanuatu,VUT,144334689.1,100174317.3
1999,"Venezuela, RB",VEN,18770148170,22447252466
1999,Viet Nam,VNM,15151041599,14332147613
1999,Virgin Islands (U.S.),VIR,..,..
1999,West Bank and Gaza,PSE,3363500000,751600000
1999,"Yemen, Rep.",YEM,2839122707,2661491559
1999,Zambia,ZMB,1182318859,852338277
1999,Zimbabwe,ZWE,2299500000,2566750000
1999,Africa Eastern and Southern,AFE,68056532484,65629827718
1999,Africa Western and Central,AFW,..,..
1999,Arab World,ARB,2.08471E+11,..
1999,Caribbean small states,CSS,..,..
1999,Central Europe and the Baltics,CEB,1.73089E+11,1.53122E+11
1999,Early-demographic dividend,EAR,6.80332E+11,6.75981E+11
1999,East Asia & Pacific,EAS,1.48444E+12,1.67436E+12
1999,East Asia & Pacific (excluding high income),EAP,3.96617E+11,4.70799E+11
1999,East Asia & Pacific (IDA & IBRD countries),TEA,3.95908E+11,4.70207E+11
1999,Euro area,EMU,2.13843E+12,2.23812E+12
1999,Europe & Central Asia,ECS,3.18119E+12,3.32368E+12
1999,Europe & Central Asia (excluding high income),ECA,99864668108,92973376378
1999,Europe & Central Asia (IDA & IBRD countries),TEC,2.2845E+11,2.4117E+11
1999,European Union,EUU,2.41848E+12,2.52993E+12
1999,Fragile and conflict affected situations,FCS,1.2901E+11,1.39211E+11
1999,Heavily indebted poor countries (HIPC),HPC,50126963385,33014499808
1999,High income,HIC,5.90715E+12,5.97868E+12
1999,IBRD only,IBD,1.19958E+12,1.26186E+12
1999,IDA & IBRD total,IBT,1.31932E+12,1.35884E+12
1999,IDA blend,IDB,45407210986,..
1999,IDA only,IDX,79511530701,57354623298
1999,IDA total,IDA,1.25104E+11,1.11453E+11
1999,Late-demographic dividend,LTE,8.06302E+11,9.0277E+11
1999,Latin America & Caribbean,LCN,4.24542E+11,4.02137E+11
1999,Latin America & Caribbean (excluding high income),LAC,3.25198E+11,2.9138E+11
1999,Latin America & the Caribbean (IDA & IBRD countries),TLA,3.82932E+11,3.53658E+11
1999,Least developed countries: UN classification,LDC,55811317756,38602426020
1999,Low & middle income,LMY,1.13629E+12,1.15047E+12
1999,Low income,LIC,28474223797,19913712282
1999,Lower middle income,LMC,2.64548E+11,2.27473E+11
1999,"Middle East, North Africa, Afghanistan & Pakistan",MEA,2.79775E+11,3.03142E+11
1999,"Middle East, North Africa, Afghanistan & Pakistan (excluding high income)",MNA,1.35642E+11,1.29666E+11
1999,"Middle East, North Africa, Afghanistan & Pakistan (IDA & IBRD)",TMN,1.32245E+11,1.28914E+11
1999,Middle income,MIC,1.10972E+12,1.13181E+12
1999,North America,NAC,1.5128E+12,1.27875E+12
1999,Not classified,INX,..,..
1999,OECD members,OED,5.41067E+12,5.3719E+12
1999,Other small states,OSS,28858607332,26653275642
1999,Pacific island small states,PSS,..,..
1999,Post-demographic dividend,PST,5.34554E+12,5.33575E+12
1999,Pre-demographic dividend,PRE,84278785459,88440528860
1999,Small states,SST,44180981903,42394352806
1999,South Asia,SAS,79678735025,66279221556
1999,South Asia (IDA & IBRD),TSA,79678735025,66279221556
1999,Sub-Saharan Africa,SSF,1.06689E+11,1.08658E+11
1999,Sub-Saharan Africa (excluding high income),SSA,1.04301E+11,1.07349E+11
1999,Sub-Saharan Africa (IDA & IBRD countries),TSS,1.06689E+11,1.08658E+11
1999,Upper middle income,UMC,8.45798E+11,9.07749E+11
1999,World,WLD,7.08567E+12,7.17173E+12
2000,Afghanistan,AFG,..,..
2000,Albania,ALB,1508343757,700083432.9
2000,Algeria,DZA,11390170996,23050166017
2000,American Samoa,ASM,..,..
2000,Andorra,AND,..,..
2000,Angola,AGO,..,..
2000,Antigua and Barbuda,ATG,..,..
2000,Argentina,ARG,33070146000,31223690400
2000,Armenia,ARM,957156467,423629630.5
2000,Aruba,ABW,1324284916,1393586592
2000,Australia,AUS,89663284608,80695888525
2000,Austria,AUT,82889700573,85517700616
2000,Azerbaijan,AZE,2023510585,2118053577
2000,"Bahamas, The",BHS,3359600000,3072900000
2000,Bahrain,BHR,5132180851,7176063830
2000,Bangladesh,BGD,9060862652,6588073942
2000,Barbados,BRB,..,..
2000,Belarus,BLR,9221273499,8815283224
2000,Belgium,BEL,1.65003E+11,1.71787E+11
2000,Belize,BLZ,611537800,487924600
2000,Benin,BEN,941345994.1,725304886
2000,Bermuda,BMU,..,..
2000,Bhutan,BTN,212052951.8,129011858.8
2000,Bolivia,BOL,2294548577,1534686673
2000,Bosnia and Herzegovina,BIH,3534083877,1218441301
2000,Botswana,BWA,2320710338,3000196009
2000,Brazil,BRA,81614529580,66777376073
2000,British Virgin Islands,VGB,..,..
2000,Brunei Darussalam,BRN,1976887497,3743517639
2000,Bulgaria,BGR,5500642168,4797546243
2000,Burkina Faso,BFA,780034955.2,262543948.2
2000,Burundi,BDI,..,..
2000,Cabo Verde,CPV,326304704.5,145630289.3
2000,Cambodia,KHM,2256850026,1821406331
2000,Cameroon,CMR,2437829406,2626514828
2000,Canada,CAN,2.87156E+11,3.29259E+11
2000,Cayman Islands,CYM,..,..
2000,Central African Republic,CAF,231830682.5,186767826.2
2000,Chad,TCD,481549082.9,234520132.7
2000,Channel Islands,CHI,..,..
2000,Chile,CHL,22395900495,23598873696
2000,China,CHN,2.24306E+11,2.53092E+11
2000,Colombia,COL,16731018377,15895257719
2000,Comoros,COM,91398512.65,29999666.78
2000,"Congo, Dem. Rep.",COD,2971014493,2185507246
2000,"Congo, Rep.",COG,1407787623,2591933855
2000,Costa Rica,CRI,6545131998,6445399583
2000,Cote d'Ivoire,CIV,4504767964,4606906377
2000,Croatia,HRV,8745784136,7766859761
2000,Cuba,CUB,5179600000,4318900000
2000,Curacao,CUW,..,..
2000,Cyprus,CYP,6743650330,6986380773
2000,Czechia,CZE,30886476403,29733777254
2000,Denmark,DNK,62604702033,73620705670
2000,Djibouti,DJI,..,..
2000,Dominica,DMA,..,..
2000,Dominican Republic,DOM,10646556077,8628023507
2000,Ecuador,ECU,4885305653,6586251126
2000,"Egypt, Arab Rep.",EGY,22779979451,16174959636
2000,El Salvador,SLV,4935859900,3161574400
2000,Equatorial Guinea,GNQ,..,..
2000,Eritrea,ERI,411183688.3,68310441.56
2000,Estonia,EST,3688783746,3504490924
2000,Eswatini,SWZ,..,..
2000,Ethiopia,ETH,..,..
2000,Faroe Islands,FRO,631833355.9,547806645.5
2000,Fiji,FJI,..,..
2000,Finland,FIN,41414786698,52967332461
2000,France,FRA,3.8145E+11,4.04995E+11
2000,French Polynesia,PYF,836843105.7,169124034.4
2000,Gabon,GAB,1659781414,3507168436
2000,"Gambia, The",GMB,239267448,201981400
2000,Georgia,GEO,1212806577,703050139.1
2000,Germany,DEU,5.80553E+11,5.83813E+11
2000,Ghana,GHA,3350776354,2431743617
2000,Gibraltar,GIB,..,..
2000,Greece,GRC,44143578731,30196597914
2000,Greenland,GRL,..,..
2000,Grenada,GRD,..,..
2000,Guam,GUM,..,..
2000,Guatemala,GTM,5584251720,3895405852
2000,Guinea,GIN,867392056.8,734578556.2
2000,Guinea-Bissau,GNB,155147246.7,51238035.59
2000,Guyana,GUY,788833546,684731124.3
2000,Haiti,HTI,1348782314,501340860.3
2000,Honduras,HND,4773363656,3878785429
2000,"Hong Kong SAR, China",HKG,2.08788E+11,2.16357E+11
2000,Hungary,HUN,33320315601,31571752985
2000,Iceland,ISL,3520829004,2899936222
2000,India,IND,65124245375,60878472821
2000,Indonesia,IDN,50264686470,67621169166
2000,"Iran, Islamic Rep.",IRN,21688407084,23526115003
2000,Iraq,IRQ,24004542302,36613563338
2000,Ireland,IRL,80732344853,94585397045
2000,Isle of Man,IMN,..,..
2000,Israel,ISR,47200194491,46101675128
2000,Italy,ITA,2.84122E+11,2.93867E+11
2000,Jamaica,JAM,..,..
2000,Japan,JPN,4.52065E+11,5.19864E+11
2000,Jordan,JOR,5795768688,3538928068
2000,Kazakhstan,KAZ,8980867282,10353710625
2000,Kenya,KEN,4030324232,2742776491
2000,Kiribati,KIR,62411244.72,8129395.006
2000,"Korea, Dem. People's Rep.",PRK,..,..
2000,"Korea, Rep.",KOR,1.86383E+11,1.9636E+11
2000,Kosovo,XKX,..,..
2000,Kuwait,KWT,11370749009,21300594617
2000,Kyrgyz Republic,KGZ,651739833.9,573185350.4
2000,Lao PDR,LAO,660890000,530820000
2000,Latvia,LVA,3561696408,2927652375
2000,Lebanon,LBN,6202985075,2447097844
2000,Lesotho,LSO,..,..
2000,Liberia,LBR,..,..
2000,Libya,LBY,5251957281,12077549347
2000,Liechtenstein,LIE,..,..
2000,Lithuania,LTU,5161331895,4447864480
2000,Luxembourg,LUX,26488356335,31345279140
2000,"Macao SAR, China",MAC,3963044643,6046798490
2000,Madagascar,MDG,1095162038,885096717.1
2000,Malawi,MWI,..,..
2000,Malaysia,MYS,94349736842,1.12369E+11
2000,Maldives,MDV,..,..
2000,Mali,MLI,928197121.6,644739308.5
2000,Malta,MLT,4009843687,3643996945
2000,Marshall Islands,MHL,116285000,33100500
2000,Mauritania,MRT,594773875.8,454082403.8
2000,Mauritius,MUS,2854809974,2849019401
2000,Mexico,MEX,1.90556E+11,1.7981E+11
2000,"Micronesia, Fed. Sts.",FSM,169000000,42000000
2000,Moldova,MDA,986460019,639062444.7
2000,Monaco,MCO,..,..
2000,Mongolia,MNG,771837167.2,613886974.3
2000,Montenegro,MNE,503074244.6,362367403.9
2000,Morocco,MAR,12579800085,10408859646
2000,Mozambique,MOZ,2172718129,669318463
2000,Myanmar,MMR,..,..
2000,Namibia,NAM,1741317868,1597766400
2000,Nauru,NRU,..,..
2000,Nepal,NPL,1781598378,1279281888
2000,Netherlands,NLD,2.47349E+11,2.77498E+11
2000,New Caledonia,NCL,1285447836,779113416.3
2000,New Zealand,NZL,17245422211,18810433408
2000,Nicaragua,NIC,2104655848,1027444240
2000,Niger,NER,456714104.2,321460765.6
2000,Nigeria,NGA,..,..
2000,North Macedonia,MKD,1781291529,1243037833
2000,Northern Mariana Islands,MNP,..,..
2000,Norway,NOR,49207775682,78206389602
2000,Oman,OMN,6351105332,11771131339
2000,Pakistan,PAK,11769388548,9580014110
2000,Palau,PLW,..,..
2000,Panama,PAN,8405006400,8252110300
2000,Papua New Guinea,PNG,1734030165,2330364837
2000,Paraguay,PRY,3127286332,3837259043
2000,Peru,PER,9712312674,8676752916
2000,Philippines,PHL,34981626688,36266016498
2000,Poland,POL,58004291228,46824088402
2000,Portugal,PRT,46550613708,33452144656
2000,Puerto Rico (US),PRI,27042800000,38465700000
2000,Qatar,QAT,3965659341,11949450549
2000,Romania,ROU,10033341441,8042666726
2000,Russian Federation,RUS,62417348027,1.14429E+11
2000,Rwanda,RWA,457371919.7,111245045
2000,Samoa,WSM,..,..
2000,San Marino,SMR,..,..
2000,Sao Tome and Principe,STP,..,..
2000,Saudi Arabia,SAU,46926133333,82259466667
2000,Senegal,SEN,1859032675,1068191180
2000,Serbia,SRB,942619356.3,603908121.3
2000,Seychelles,SYC,503612558.8,486226807.8
2000,Sierra Leone,SLE,250500328.6,115313377.5
2000,Singapore,SGP,1.69108E+11,1.80961E+11
2000,Sint Maarten (Dutch part),SXM,..,..
2000,Slovak Republic,SVK,16253875874,15573520704
2000,Slovenia,SVN,10918374946,10172240637
2000,Solomon Islands,SLB,132051309,113776351.1
2000,"Somalia, Fed. Rep.",SOM,..,..
2000,South Africa,ZAF,33107016485,37034203153
2000,South Sudan,SSD,..,..
2000,Spain,ESP,1.88598E+11,1.70991E+11
2000,Sri Lanka,LKA,8235000000,6475000000
2000,St. Kitts and Nevis,KNA,..,..
2000,St. Lucia,LCA,..,..
2000,St. Martin (French part),MAF,..,..
2000,St. Vincent and the Grenadines,VCT,..,..
2000,Sudan,SDN,1644890004,1959274976
2000,Suriname,SUR,..,..
2000,Sweden,SWE,1.00499E+11,1.13694E+11
2000,Switzerland,CHE,1.29833E+11,1.43622E+11
2000,Syrian Arab Republic,SYR,5523717815,6839334310
2000,Tajikistan,TJK,762432269.7,746538230
2000,Tanzania,TZA,1761905478,1445863126
2000,Thailand,THA,71358148623,81953035120
2000,Timor-Leste,TLS,605536586.8,38960252.54
2000,Togo,TGO,603640477.4,424670348.2
2000,Tonga,TON,94832741.45,31165956.63
2000,Trinidad and Tobago,TTO,..,..
2000,Tunisia,TUN,9214092536,8531440165
2000,Turkiye,TUR,61657012663,54766754849
2000,Turkmenistan,TKM,1404226471,1604433018
2000,Turks and Caicos Islands,TCA,..,..
2000,Tuvalu,TUV,..,..
2000,Uganda,UGA,1368560402,659668069.2
2000,Ukraine,UKR,17948312140,19521222712
2000,United Arab Emirates,ARE,..,..
2000,United Kingdom,GBR,4.47682E+11,4.27199E+11
2000,United States,USA,1.47718E+12,1.09611E+12
2000,Uruguay,URY,4568223557,3811052356
2000,Uzbekistan,UZB,2668346084,3393714865
2000,Vanuatu,VUT,130503959.8,106572542.8
2000,"Venezuela, RB",VEN,21218741605,34844302172
2000,Viet Nam,VNM,17922825684,16808688578
2000,Virgin Islands (U.S.),VIR,..,..
2000,West Bank and Gaza,PSE,2895400000,885000000
2000,"Yemen, Rep.",YEM,3293865080,4008099080
2000,Zambia,ZMB,1312920384,861410215.4
2000,Zimbabwe,ZWE,2403500000,2554250000
2000,Africa Eastern and Southern,AFE,74087298433,73329612745
2000,Africa Western and Central,AFW,..,..
2000,Arab World,ARB,2.28444E+11,..
2000,Caribbean small states,CSS,..,..
2000,Central Europe and the Baltics,CEB,1.86075E+11,1.65362E+11
2000,Early-demographic dividend,EAR,7.8333E+11,8.32036E+11
2000,East Asia & Pacific,EAS,1.81139E+12,1.9818E+12
2000,East Asia & Pacific (excluding high income),EAP,5.0415E+11,5.76915E+11
2000,East Asia & Pacific (IDA & IBRD countries),TEA,5.03249E+11,5.76189E+11
2000,Euro area,EMU,2.22838E+12,2.28604E+12
2000,Europe & Central Asia,ECS,3.34076E+12,3.46997E+12
2000,Europe & Central Asia (excluding high income),ECA,1.17454E+11,1.07988E+11
2000,Europe & Central Asia (IDA & IBRD countries),TEC,2.62086E+11,2.89844E+11
2000,European Union,EUU,2.52923E+12,2.59432E+12
2000,Fragile and conflict affected situations,FCS,1.40753E+11,1.87105E+11
2000,Heavily indebted poor countries (HIPC),HPC,51391089867,36384106041
2000,High income,HIC,6.54901E+12,6.52599E+12
2000,IBRD only,IBD,1.41695E+12,1.5216E+12
2000,IDA & IBRD total,IBT,1.54691E+12,1.63155E+12
2000,IDA blend,IDB,46830651401,..
2000,IDA only,IDX,85606101648,67213963542
2000,IDA total,IDA,1.32816E+11,1.24219E+11
2000,Late-demographic dividend,LTE,9.54812E+11,1.07842E+12
2000,Latin America & Caribbean,LCN,4.89728E+11,4.73875E+11
2000,Latin America & Caribbean (excluding high income),LAC,3.8095E+11,3.41471E+11
2000,Latin America & the Caribbean (IDA & IBRD countries),TLA,4.44902E+11,4.20469E+11
2000,Least developed countries: UN classification,LDC,60188065335,45487815931
2000,Low & middle income,LMY,1.3413E+12,1.37263E+12
2000,Low income,LIC,31797223304,27101835466
2000,Lower middle income,LMC,2.79665E+11,2.50016E+11
2000,"Middle East, North Africa, Afghanistan & Pakistan",MEA,3.12257E+11,3.99384E+11
2000,"Middle East, North Africa, Afghanistan & Pakistan (excluding high income)",MNA,1.462E+11,1.59E+11
2000,"Middle East, North Africa, Afghanistan & Pakistan (IDA & IBRD)",TMN,1.43288E+11,1.58114E+11
2000,Middle income,MIC,1.31128E+12,1.34787E+12
2000,North America,NAC,1.7653E+12,1.42743E+12
2000,Not classified,INX,..,..
2000,OECD members,OED,5.97922E+12,5.78273E+12
2000,Other small states,OSS,28690499862,28244353441
2000,Pacific island small states,PSS,..,..
2000,Post-demographic dividend,PST,5.9057E+12,5.74395E+12
2000,Pre-demographic dividend,PRE,89065716231,1.06094E+11
2000,Small states,SST,44733206692,44968194334
2000,South Asia,SAS,85848346312,76329110290
2000,South Asia (IDA & IBRD),TSA,85848346312,76329110290
2000,Sub-Saharan Africa,SSF,1.11447E+11,1.18886E+11
2000,Sub-Saharan Africa (excluding high income),SSA,1.08885E+11,1.16986E+11
2000,Sub-Saharan Africa (IDA & IBRD countries),TSS,1.11447E+11,1.18886E+11
2000,Upper middle income,UMC,1.02973E+12,1.09959E+12
2000,World,WLD,7.93645E+12,7.95431E+12
2001,Afghanistan,AFG,..,..
2001,Albania,ALB,1771127115,836717868.6
2001,Algeria,DZA,12125335043,20272584009
2001,American Samoa,ASM,..,..
2001,Andorra,AND,..,..
2001,Angola,AGO,..,..
2001,Antigua and Barbuda,ATG,..,..
2001,Argentina,ARG,27603881800,31112418400
2001,Armenia,ARM,968529888.7,511522177.8
2001,Aruba,ABW,1316033520,1346423464
2001,Australia,AUS,83770437082,84096722017
2001,Austria,AUT,84769003460,88123583855
2001,Azerbaijan,AZE,2129887031,2368581267
2001,"Bahamas, The",BHS,3196400000,2834100000
2001,Bahrain,BHR,4794680851,6607446809
2001,Bangladesh,BGD,10102557450,7227575982
2001,Barbados,BRB,..,..
2001,Belarus,BLR,8685107914,8246546763
2001,Belgium,BEL,1.60904E+11,1.69539E+11
2001,Belize,BLZ,600977650,490927800
2001,Benin,BEN,1040788979,728426333.7
2001,Bermuda,BMU,..,..
2001,Bhutan,BTN,227480732.1,125226723.1
2001,Bolivia,BOL,2056194909,1626035911
2001,Bosnia and Herzegovina,BIH,3710480450,1280121565
2001,Botswana,BWA,2133671163,2671112100
2001,Brazil,BRA,81559242945,69279563683
2001,British Virgin Islands,VGB,..,..
2001,Brunei Darussalam,BRN,2022108049,3531476908
2001,Bulgaria,BGR,6269090423,4947372830
2001,Burkina Faso,BFA,721473325.3,288539801.1
2001,Burundi,BDI,..,..
2001,Cabo Verde,CPV,351111187.8,167853969.2
2001,Cambodia,KHM,2511940517,2121742524
2001,Cameroon,CMR,2881977219,2766983730
2001,Canada,CAN,2.68282E+11,3.10668E+11
2001,Cayman Islands,CYM,..,..
2001,Central African Republic,CAF,210529062.9,160016888.5
2001,Chad,TCD,849538448.8,250908654.9
2001,Channel Islands,CHI,..,..
2001,Chile,CHL,21685325013,22794630096
2001,China,CHN,2.43974E+11,2.7206E+11
2001,Colombia,COL,18180843172,15110265986
2001,Comoros,COM,100346962.5,32936851.59
2001,"Congo, Dem. Rep.",COD,971000000,891666666.7
2001,"Congo, Rep.",COG,1490991862,2165209455
2001,Costa Rica,CRI,6445457525,6471720165
2001,Cote d'Ivoire,CIV,4310942885,4617823364
2001,Croatia,HRV,9758831511,8565636100
2001,Cuba,CUB,5109300000,4193000000
2001,Curacao,CUW,..,..
2001,Cyprus,CYP,6617244991,7092287796
2001,Czechia,CZE,34009759252,33128639673
2001,Denmark,DNK,63303119743,75069907723
2001,Djibouti,DJI,..,..
2001,Dominica,DMA,..,..
2001,Dominican Republic,DOM,9887410923,8164580328
2001,Ecuador,ECU,6596149000,6384717000
2001,"Egypt, Arab Rep.",EGY,21590296496,16900269542
2001,El Salvador,SLV,5021277400,3071774700
2001,Equatorial Guinea,GNQ,..,..
2001,Eritrea,ERI,460870323.3,81309112.06
2001,Estonia,EST,4078345717,3831095694
2001,Eswatini,SWZ,..,..
2001,Ethiopia,ETH,..,..
2001,Faroe Islands,FRO,618901028.3,598270994.1
2001,Fiji,FJI,..,..
2001,Finland,FIN,39524131051,51507654130
2001,France,FRA,3.76341E+11,4.0331E+11
2001,French Polynesia,PYF,..,..
2001,Gabon,GAB,1475000550,2726388981
2001,"Gambia, The",GMB,172598261.6,149998489.2
2001,Georgia,GEO,1251358575,787524463.1
2001,Germany,DEU,5.70229E+11,6.00934E+11
2001,Ghana,GHA,3444719917,2404077313
2001,Gibraltar,GIB,..,..
2001,Greece,GRC,44498203088,30582572464
2001,Greenland,GRL,..,..
2001,Grenada,GRD,..,..
2001,Guam,GUM,..,..
2001,Guatemala,GTM,7731202010,5275589193
2001,Guinea,GIN,849347059.6,808614946.1
2001,Guinea-Bissau,GNB,154745696.3,41587831.16
2001,Guyana,GUY,759902021.7,661420415.5
2001,Haiti,HTI,1300849983,444869994.3
2001,Honduras,HND,4939695319,3931297278
2001,"Hong Kong SAR, China",HKG,2.00031E+11,2.07977E+11
2001,Hungary,HUN,35566710589,34859576770
2001,Iceland,ISL,3112265208,3042019192
2001,India,IND,65218276482,60963415577
2001,Indonesia,IDN,49355195402,62625875834
2001,"Iran, Islamic Rep.",IRN,26939208541,24491811634
2001,Iraq,IRQ,22250987890,23613582831
2001,Ireland,IRL,87057814273,1.04125E+11
2001,Isle of Man,IMN,..,..
2001,Israel,ISR,44056142854,39833563973
2001,Italy,ITA,2.84832E+11,2.99586E+11
2001,Jamaica,JAM,..,..
2001,Japan,JPN,4.14845E+11,4.40831E+11
2001,Jordan,JOR,6027365959,3781896040
2001,Kazakhstan,KAZ,10401584731,10166980822
2001,Kenya,KEN,4287364072,2977896210
2001,Kiribati,KIR,61822335.5,10116672.75
2001,"Korea, Dem. People's Rep.",PRK,..,..
2001,"Korea, Rep.",KOR,1.678E+11,1.75167E+11
2001,Kosovo,XKX,..,..
2001,Kuwait,KWT,12400466933,17901278849
2001,Kyrgyz Republic,KGZ,564633756.2,560092477
2001,Lao PDR,LAO,672540000,492970000
2001,Latvia,LVA,4044694426,3177771435
2001,Lebanon,LBN,7051409619,2754228856
2001,Lesotho,LSO,..,..
2001,Liberia,LBR,..,..
2001,Libya,LBY,5673779964,9053587720
2001,Liechtenstein,LIE,..,..
2001,Lithuania,LTU,6065911092,5396323694
2001,Luxembourg,LUX,26641322485,31268767983
2001,"Macao SAR, China",MAC,4033733740,6258293396
2001,Madagascar,MDG,1140139723,1091486917
2001,Malawi,MWI,..,..
2001,Malaysia,MYS,86253947368,1.02436E+11
2001,Maldives,MDV,..,..
2001,Mali,MLI,1157124071,877132746.5
2001,Malta,MLT,3373407442,3193933629
2001,Marshall Islands,MHL,114186200,31151900
2001,Mauritania,MRT,613989585,445892164.8
2001,Mauritius,MUS,2850845016,3136674473
2001,Mexico,MEX,1.84678E+11,1.71482E+11
2001,"Micronesia, Fed. Sts.",FSM,184000000,46000000
2001,Moldova,MDA,1102297774,741151801.5
2001,Monaco,MCO,..,..
2001,Mongolia,MNG,830538468,638035524.4
2001,Montenegro,MNE,718955758.6,445661830.6
2001,Morocco,MAR,12314903926,11131243438
2001,Mozambique,MOZ,1789716094,1058826571
2001,Myanmar,MMR,..,..
2001,Namibia,NAM,1690738782,1460499983
2001,Nauru,NRU,..,..
2001,Nepal,NPL,1996693878,1355238095
2001,Netherlands,NLD,2.42665E+11,2.74109E+11
2001,New Caledonia,NCL,1301799213,616966475.4
2001,New Zealand,NZL,17132931525,19087560690
2001,Nicaragua,NIC,2083877017,1019075853
2001,Niger,NER,478916036.1,329494484.1
2001,Nigeria,NGA,..,..
2001,North Macedonia,MKD,1568408240,1083173214
2001,Northern Mariana Islands,MNP,..,..
2001,Norway,NOR,49088715148,78381841031
2001,Oman,OMN,7209362809,11560468140
2001,Pakistan,PAK,12581363105,10322860873
2001,Palau,PLW,..,..
2001,Panama,PAN,8195266400,8417757100
2001,Papua New Guinea,PNG,1609847465,2012832113
2001,Paraguay,PRY,2715523960,3452915687
2001,Peru,PER,9606339614,8637724124
2001,Philippines,PHL,34524004924,32480429837
2001,Poland,POL,59122352769,51902098244
2001,Portugal,PRT,45789575479,33364915450
2001,Puerto Rico (US),PRI,29149300000,46900800000
2001,Qatar,QAT,5099450549,11556593407
2001,Romania,ROU,12046885167,8929729715
2001,Russian Federation,RUS,74250942749,1.13116E+11
2001,Rwanda,RWA,431274064.6,142951897.3
2001,Samoa,WSM,..,..
2001,San Marino,SMR,..,..
2001,Sao Tome and Principe,STP,..,..
2001,Saudi Arabia,SAU,44058400000,72980533333
2001,Senegal,SEN,2083798870,1151929255
2001,Serbia,SRB,4647755032,2681640789
2001,Seychelles,SYC,644659483.4,546294059.9
2001,Sierra Leone,SLE,470552283.5,133738471.4
2001,Singapore,SGP,1.49415E+11,1.64228E+11
2001,Sint Maarten (Dutch part),SXM,..,..
2001,Slovak Republic,SVK,19871121855,17594241722
2001,Slovenia,SVN,11020070089,10802787759
2001,Solomon Islands,SLB,112921882.1,71807706.92
2001,"Somalia, Fed. Rep.",SOM,..,..
2001,South Africa,ZAF,30897364105,35694800702
2001,South Sudan,SSD,..,..
2001,Spain,ESP,1.892E+11,1.7501E+11
2001,Sri Lanka,LKA,6861760295,5879570278
2001,St. Kitts and Nevis,KNA,..,..
2001,St. Lucia,LCA,..,..
2001,St. Martin (French part),MAF,..,..
2001,St. Vincent and the Grenadines,VCT,..,..
2001,Sudan,SDN,1686810041,1502565576
2001,Suriname,SUR,..,..
2001,Sweden,SWE,91348132945,1.0403E+11
2001,Switzerland,CHE,1.31361E+11,1.43872E+11
2001,Syrian Arab Republic,SYR,6168564305,7464741326
2001,Tajikistan,TJK,848582239.5,736449663.4
2001,Tanzania,TZA,1925151110,1876854721
2001,Thailand,THA,68589774464,76088350937
2001,Timor-Leste,TLS,753136314.7,42828887.51
2001,Togo,TGO,646569239.5,429366652.7
2001,Tonga,TON,88819418.79,24209622.23
2001,Trinidad and Tobago,TTO,..,..
2001,Tunisia,TUN,10312550175,9447888495
2001,Turkiye,TUR,45792581438,55193312761
2001,Turkmenistan,TKM,1431359919,1466653726
2001,Turks and Caicos Islands,TCA,..,..
2001,Tuvalu,TUV,..,..
2001,Uganda,UGA,1390734599,672714062
2001,Ukraine,UKR,19370637181,19909904879
2001,United Arab Emirates,ARE,42053369639,50787202178
2001,United Kingdom,GBR,4.50229E+11,4.21484E+11
2001,United States,USA,1.40356E+12,1.02681E+12
2001,Uruguay,URY,4076272834,3511965703
2001,Uzbekistan,UZB,3089918748,3383383875
2001,Vanuatu,VUT,128488602.2,97899354.84
2001,"Venezuela, RB",VEN,23851668951,27944600468
2001,Viet Nam,VNM,18595918552,17997102361
2001,Virgin Islands (U.S.),VIR,..,..
2001,West Bank and Gaza,PSE,2696200000,615900000
2001,"Yemen, Rep.",YEM,3448100633,3536920742
2001,Zambia,ZMB,1619702986,1028101891
2001,Zimbabwe,ZWE,2233500000,2370500000
2001,Africa Eastern and Southern,AFE,69175239266,70970100179
2001,Africa Western and Central,AFW,..,..
2001,Arab World,ARB,2.29202E+11,2.82706E+11
2001,Caribbean small states,CSS,..,..
2001,Central Europe and the Baltics,CEB,2.01854E+11,1.83135E+11
2001,Early-demographic dividend,EAR,7.5916E+11,7.86578E+11
2001,East Asia & Pacific,EAS,1.69711E+12,1.83119E+12
2001,East Asia & Pacific (excluding high income),EAP,5.12665E+11,5.72387E+11
2001,East Asia & Pacific (IDA & IBRD countries),TEA,5.11748E+11,5.71666E+11
2001,Euro area,EMU,2.21728E+12,2.32112E+12
2001,Europe & Central Asia,ECS,3.33779E+12,3.50633E+12
2001,Europe & Central Asia (excluding high income),ECA,1.0871E+11,1.10606E+11
2001,Europe & Central Asia (IDA & IBRD countries),TEC,2.70162E+11,2.98063E+11
2001,European Union,EUU,2.51895E+12,2.63398E+12
2001,Fragile and conflict affected situations,FCS,1.44373E+11,1.53322E+11
2001,Heavily indebted poor countries (HIPC),HPC,50870107079,35986773779
2001,High income,HIC,6.33467E+12,6.3107E+12
2001,IBRD only,IBD,1.42945E+12,1.49386E+12
2001,IDA & IBRD total,IBT,1.5618E+12,1.60385E+12
2001,IDA blend,IDB,49268454923,..
2001,IDA only,IDX,86116775755,67557939935
2001,IDA total,IDA,1.35604E+11,1.24945E+11
2001,Late-demographic dividend,LTE,1.00338E+12,1.11013E+12
2001,Latin America & Caribbean,LCN,4.8509E+11,4.67448E+11
2001,Latin America & Caribbean (excluding high income),LAC,3.73371E+11,3.34883E+11
2001,Latin America & the Caribbean (IDA & IBRD countries),TLA,4.38429E+11,4.05958E+11
2001,Least developed countries: UN classification,LDC,61729422391,45936846808
2001,Low & middle income,LMY,1.33741E+12,1.34672E+12
2001,Low income,LIC,30810017090,26110758522
2001,Lower middle income,LMC,2.83351E+11,2.51493E+11
2001,"Middle East, North Africa, Afghanistan & Pakistan",MEA,3.15558E+11,3.58658E+11
2001,"Middle East, North Africa, Afghanistan & Pakistan (excluding high income)",MNA,1.53172E+11,1.44587E+11
2001,"Middle East, North Africa, Afghanistan & Pakistan (IDA & IBRD)",TMN,1.50467E+11,1.43972E+11
2001,Middle income,MIC,1.30814E+12,1.32278E+12
2001,North America,NAC,1.67275E+12,1.33941E+12
2001,Not classified,INX,..,..
2001,OECD members,OED,5.7909E+12,5.61558E+12
2001,Other small states,OSS,28476351242,28663988851
2001,Pacific island small states,PSS,..,..
2001,Post-demographic dividend,PST,5.70382E+12,5.55051E+12
2001,Pre-demographic dividend,PRE,86464395618,84018693728
2001,Small states,SST,44140102980,45053978266
2001,South Asia,SAS,85841236991,76532911113
2001,South Asia (IDA & IBRD),TSA,85841236991,76532911113
2001,Sub-Saharan Africa,SSF,1.07838E+11,1.15054E+11
2001,Sub-Saharan Africa (excluding high income),SSA,1.05149E+11,1.13104E+11
2001,Sub-Saharan Africa (IDA & IBRD countries),TSS,1.07838E+11,1.15054E+11
2001,Upper middle income,UMC,1.02326E+12,1.07368E+12
2001,World,WLD,7.71959E+12,7.7052E+12
2002,Afghanistan,AFG,..,..
2002,Albania,ALB,2068787029,910729673.6
2002,Algeria,DZA,14427027970,20384692132
2002,American Samoa,ASM,562000000,518000000
2002,Andorra,AND,..,..
2002,Angola,AGO,7110406405,8568772528
2002,Antigua and Barbuda,ATG,..,..
2002,Argentina,ARG,13065823829,27736610298
2002,Armenia,ARM,1096735502,661384145.8
2002,Aruba,ABW,1347128492,1266650838
2002,Australia,AUS,82017039226,82033782310
2002,Austria,AUT,89249970295,97162434782
2002,Azerbaijan,AZE,3121181200,2667039718
2002,"Bahamas, The",BHS,3028700000,3212800000
2002,Bahrain,BHR,5624202128,6956117021
2002,Bangladesh,BGD,9060891520,6791241511
2002,Barbados,BRB,..,..
2002,Belarus,BLR,9833247716,9286372926
2002,Belgium,BEL,1.68605E+11,1.83016E+11
2002,Belize,BLZ,615211850,542614750
2002,Benin,BEN,1008395973,827401656.4
2002,Bermuda,BMU,..,..
2002,Bhutan,BTN,264923174,128203231.9
2002,Bolivia,BOL,2191068870,1710308633
2002,Bosnia and Herzegovina,BIH,4010118373,1286840345
2002,Botswana,BWA,2158051339,2836771499
2002,Brazil,BRA,68250203697,72546876208
2002,British Virgin Islands,VGB,..,..
2002,Brunei Darussalam,BRN,2315388241,3588069785
2002,Bulgaria,BGR,6827325317,5519181983
2002,Burkina Faso,BFA,813114613.7,321134577.6
2002,Burundi,BDI,..,..
2002,Cabo Verde,CPV,425325210,201943860.7
2002,Cambodia,KHM,2884414192,2439168009
2002,Cameroon,CMR,3165848310,2854249060
2002,Canada,CAN,2.71159E+11,3.04706E+11
2002,Cayman Islands,CYM,..,..
2002,Central African Republic,CAF,200666492.4,158999418.9
2002,Chad,TCD,2269814008,253418838.2
2002,Channel Islands,CHI,..,..
2002,Chile,CHL,21238454276,22665228129
2002,China,CHN,2.9562E+11,3.33002E+11
2002,Colombia,COL,17793883920,14511230142
2002,Comoros,COM,115049358,37762291.09
2002,"Congo, Dem. Rep.",COD,1190984744,1367800838
2002,"Congo, Rep.",COG,1636664195,2473412893
2002,Costa Rica,CRI,6828718282,6502965357
2002,Cote d'Ivoire,CIV,4430687717,5662064300
2002,Croatia,HRV,12113074050,9603760461
2002,Cuba,CUB,4434700000,3872000000
2002,Curacao,CUW,..,..
2002,Cyprus,CYP,6993294231,7126828846
2002,Czechia,CZE,38081836120,36991594021
2002,Denmark,DNK,69404219160,81644271220
2002,Djibouti,DJI,..,..
2002,Dominica,DMA,..,..
2002,Dominican Republic,DOM,10312030141,8337710063
2002,Ecuador,ECU,7867963000,6956829000
2002,"Egypt, Arab Rep.",EGY,19303370787,15595505618
2002,El Salvador,SLV,5117092900,3231026200
2002,Equatorial Guinea,GNQ,..,..
2002,Eritrea,ERI,472665962.4,85922706.05
2002,Estonia,EST,4815881134,4270175191
2002,Eswatini,SWZ,..,..
2002,Ethiopia,ETH,..,..
2002,Faroe Islands,FRO,631929161.7,625608476.8
2002,Fiji,FJI,..,..
2002,Finland,FIN,42352247165,54947289188
2002,France,FRA,3.94028E+11,4.28785E+11
2002,French Polynesia,PYF,..,..
2002,Gabon,GAB,1715357231,2806922117
2002,"Gambia, The",GMB,187843015,157033586.7
2002,Georgia,GEO,1439799970,992558006.1
2002,Germany,DEU,5.70623E+11,6.55733E+11
2002,Ghana,GHA,3383577207,2627802407
2002,Gibraltar,GIB,..,..
2002,Greece,GRC,44580655233,30626385965
2002,Greenland,GRL,..,..
2002,Grenada,GRD,..,..
2002,Guam,GUM,1616000000,722000000
2002,Guatemala,GTM,8255070816,5463975082
2002,Guinea,GIN,854685093.5,781148029.8
2002,Guinea-Bissau,GNB,131725861.1,53471573.2
2002,Guyana,GUY,758240189.3,670242444.6
2002,Haiti,HTI,1157716251,390002091.2
2002,Honduras,HND,5128837533,4143703819
2002,"Hong Kong SAR, China",HKG,2.06139E+11,2.19708E+11
2002,Hungary,HUN,40718504727,39274697097
2002,Iceland,ISL,3160502456,3309446650
2002,India,IND,78498759286,73452895952
2002,Indonesia,IDN,51638437161,63956798805
2002,"Iran, Islamic Rep.",IRN,30560192008,31402849783
2002,Iraq,IRQ,16198164181,23237627426
2002,Ireland,IRL,94222138296,1.16314E+11
2002,Isle of Man,IMN,..,..
2002,Israel,ISR,43363108827,38693354299
2002,Italy,ITA,3.01962E+11,3.11627E+11
2002,Jamaica,JAM,..,..
2002,Japan,JPN,4.01205E+11,4.54067E+11
2002,Jordan,JOR,6383638928,4544146685
2002,Kazakhstan,KAZ,11589313374,11576895509
2002,Kenya,KEN,3980437857,3273519932
2002,Kiribati,KIR,79642641.95,14254714.45
2002,"Korea, Dem. People's Rep.",PRK,..,..
2002,"Korea, Rep.",KOR,1.80703E+11,1.87653E+11
2002,Kosovo,XKX,..,..
2002,Kuwait,KWT,13961186388,17014681785
2002,Kyrgyz Republic,KGZ,695875684.7,635535283.3
2002,Lao PDR,LAO,676940000,505520000
2002,Latvia,LVA,4459960209,3492097544
2002,Lebanon,LBN,6692537313,3083250415
2002,Lesotho,LSO,..,..
2002,Liberia,LBR,..,..
2002,Libya,LBY,6982677165,9169291339
2002,Liechtenstein,LIE,..,..
2002,Lithuania,LTU,7570066685,6759675965
2002,Luxembourg,LUX,27038258009,32249319538
2002,"Macao SAR, China",MAC,4358037218,6875142918
2002,Madagascar,MDG,1518069984,1167504458
2002,Malawi,MWI,..,..
2002,Malaysia,MYS,91820789474,1.09221E+11
2002,Maldives,MDV,..,..
2002,Mali,MLI,1104668284,1049462475
2002,Malta,MLT,3564380663,3676274009
2002,Marshall Islands,MHL,98956900,36065300
2002,Mauritania,MRT,568870240.5,440241261.5
2002,Mauritius,MUS,2818319872,2982651358
2002,Mexico,MEX,1.89356E+11,1.77145E+11
2002,"Micronesia, Fed. Sts.",FSM,174000000,44000000
2002,Moldova,MDA,1285842260,871854564.2
2002,Monaco,MCO,..,..
2002,Mongolia,MNG,946734020.5,708425457
2002,Montenegro,MNE,769183114.6,454214751.2
2002,Morocco,MAR,13353797750,12213885546
2002,Mozambique,MOZ,3084832222,1277627022
2002,Myanmar,MMR,..,..
2002,Namibia,NAM,1615851286,1546274870
2002,Nauru,NRU,..,..
2002,Nepal,NPL,1724111682,1073251679
2002,Netherlands,NLD,2.50343E+11,2.85817E+11
2002,New Caledonia,NCL,1424099924,675306280.7
2002,New Zealand,NZL,19861008428,21885258022
2002,Nicaragua,NIC,2050007301,984522983
2002,Niger,NER,526267855.8,331604228.7
2002,Nigeria,NGA,..,..
2002,North Macedonia,MKD,1817612713,1056864333
2002,Northern Mariana Islands,MNP,782000000,1169000000
2002,Norway,NOR,52991307397,79284551216
2002,Oman,OMN,7513654096,11781534460
2002,Pakistan,PAK,11619627152,11029069178
2002,Palau,PLW,..,..
2002,Panama,PAN,8089552400,8042654200
2002,Papua New Guinea,PNG,1739815379,1827176463
2002,Paraguay,PRY,2300391879,3416430255
2002,Peru,PER,9845922051,9462717116
2002,Philippines,PHL,36959602031,33727726965
2002,Poland,POL,64248499951,57159341603
2002,Portugal,PRT,47495078930,36493691735
2002,Puerto Rico (US),PRI,28984600000,47172300000
2002,Qatar,QAT,5446428571,11684615385
2002,Romania,ROU,13680172970,11061722688
2002,Russian Federation,RUS,84408293461,1.21649E+11
2002,Rwanda,RWA,421290133.8,121512377.2
2002,Samoa,WSM,151437286,96312518.67
2002,San Marino,SMR,..,..
2002,Sao Tome and Principe,STP,..,..
2002,Saudi Arabia,SAU,44830400000,77641333333
2002,Senegal,SEN,2349065891,1374437539
2002,Serbia,SRB,6295942595,3440881203
2002,Seychelles,SYC,595567581.4,569063799.4
2002,Sierra Leone,SLE,584978280.5,167621820.3
2002,Singapore,SGP,1.53299E+11,1.7035E+11
2002,Sint Maarten (Dutch part),SXM,..,..
2002,Slovak Republic,SVK,22379998737,20123560081
2002,Slovenia,SVN,12057382544,12290189526
2002,Solomon Islands,SLB,81792657.98,74532077.84
2002,"Somalia, Fed. Rep.",SOM,..,..
2002,South Africa,ZAF,32316210606,36701099078
2002,South Sudan,SSD,..,..
2002,Spain,ESP,2.02316E+11,1.88324E+11
2002,Sri Lanka,LKA,6849730985,5773455294
2002,St. Kitts and Nevis,KNA,..,..
2002,St. Lucia,LCA,..,..
2002,St. Martin (French part),MAF,..,..
2002,St. Vincent and the Grenadines,VCT,..,..
2002,Sudan,SDN,2578370321,2069370709
2002,Suriname,SUR,..,..
2002,Sweden,SWE,96049747872,1.10055E+11
2002,Switzerland,CHE,1.33687E+11,1.50196E+11
2002,Syrian Arab Republic,SYR,6591622611,8216795445
2002,Tajikistan,TJK,926511133.9,766967436.1
2002,Tanzania,TZA,1867597428,2017946247
2002,Thailand,THA,72957610440,81447794223
2002,Timor-Leste,TLS,810276921.3,36638375.48
2002,Togo,TGO,727191364.2,516701878.9
2002,Tonga,TON,101582398,33366012.28
2002,Trinidad and Tobago,TTO,..,..
2002,Tunisia,TUN,10311289110,9438270055
2002,Turkiye,TUR,54987639146,60832867533
2002,Turkmenistan,TKM,1262466238,1580055401
2002,Turks and Caicos Islands,TCA,..,..
2002,Tuvalu,TUV,..,..
2002,Uganda,UGA,1548626997,692819583.9
2002,Ukraine,UKR,20165301669,22030272452
2002,United Arab Emirates,ARE,47845064670,54362695711
2002,United Kingdom,GBR,4.79948E+11,4.37455E+11
2002,United States,USA,1.43772E+12,9.97979E+11
2002,Uruguay,URY,2640670228,2805891109
2002,Uzbekistan,UZB,2715882345,2995507327
2002,Vanuatu,VUT,129692645.1,111107652.4
2002,"Venezuela, RB",VEN,16852884831,28270835559
2002,Viet Nam,VNM,21724925554,19193787587
2002,Virgin Islands (U.S.),VIR,4428000000,4809000000
2002,West Bank and Gaza,PSE,2233600000,477800000
2002,"Yemen, Rep.",YEM,4034554609,3956694759
2002,Zambia,ZMB,1584554909,1137945890
2002,Zimbabwe,ZWE,2219250000,2020000000
2002,Africa Eastern and Southern,AFE,73887244062,74278729951
2002,Africa Western and Central,AFW,..,..
2002,Arab World,ARB,2.3657E+11,2.93092E+11
2002,Caribbean small states,CSS,..,..
2002,Central Europe and the Baltics,CEB,2.26953E+11,2.06546E+11
2002,Early-demographic dividend,EAR,7.78127E+11,8.2485E+11
2002,East Asia & Pacific,EAS,1.78632E+12,1.96711E+12
2002,East Asia & Pacific (excluding high income),EAP,5.83342E+11,6.4991E+11
2002,East Asia & Pacific (IDA & IBRD countries),TEA,5.82299E+11,6.49093E+11
2002,Euro area,EMU,2.30677E+12,2.48844E+12
2002,Europe & Central Asia,ECS,3.51692E+12,3.746E+12
2002,Europe & Central Asia (excluding high income),ECA,1.24836E+11,1.22275E+11
2002,Europe & Central Asia (IDA & IBRD countries),TEC,3.06108E+11,3.27263E+11
2002,European Union,EUU,2.63578E+12,2.83014E+12
2002,Fragile and conflict affected situations,FCS,1.35919E+11,1.60057E+11
2002,Heavily indebted poor countries (HIPC),HPC,57053783115,40364704514
2002,High income,HIC,6.561E+12,6.56942E+12
2002,IBRD only,IBD,1.52071E+12,1.62899E+12
2002,IDA & IBRD total,IBT,1.65909E+12,1.7463E+12
2002,IDA blend,IDB,48069417138,..
2002,IDA only,IDX,92455774464,71950066696
2002,IDA total,IDA,1.41124E+11,1.32413E+11
2002,Late-demographic dividend,LTE,1.09616E+12,1.22709E+12
2002,Latin America & Caribbean,LCN,4.53152E+11,4.74133E+11
2002,Latin America & Caribbean (excluding high income),LAC,3.51222E+11,3.41682E+11
2002,Latin America & the Caribbean (IDA & IBRD countries),TLA,4.07954E+11,4.12314E+11
2002,Least developed countries: UN classification,LDC,68050719370,49382306297
2002,Low & middle income,LMY,1.42211E+12,1.47178E+12
2002,Low income,LIC,38582438441,30021815517
2002,Lower middle income,LMC,3.00391E+11,2.71688E+11
2002,"Middle East, North Africa, Afghanistan & Pakistan",MEA,3.24265E+11,3.7545E+11
2002,"Middle East, North Africa, Afghanistan & Pakistan (excluding high income)",MNA,1.52671E+11,1.54028E+11
2002,"Middle East, North Africa, Afghanistan & Pakistan (IDA & IBRD)",TMN,1.50441E+11,1.53552E+11
2002,Middle income,MIC,1.38666E+12,1.4445E+12
2002,North America,NAC,1.70982E+12,1.30457E+12
2002,Not classified,INX,..,..
2002,OECD members,OED,5.98862E+12,5.83207E+12
2002,Other small states,OSS,30536952541,30021589012
2002,Pacific island small states,PSS,..,..
2002,Post-demographic dividend,PST,5.88784E+12,5.75997E+12
2002,Pre-demographic dividend,PRE,84934739785,90056113318
2002,Small states,SST,46513732969,47599638067
2002,South Asia,SAS,98036679319,88352573328
2002,South Asia (IDA & IBRD),TSA,98036679319,88352573328
2002,Sub-Saharan Africa,SSF,1.16653E+11,1.22563E+11
2002,Sub-Saharan Africa (excluding high income),SSA,1.1388E+11,1.20505E+11
2002,Sub-Saharan Africa (IDA & IBRD countries),TSS,1.16653E+11,1.22563E+11
2002,Upper middle income,UMC,1.08465E+12,1.1751E+12
2002,World,WLD,8.02372E+12,8.0889E+12
2003,Afghanistan,AFG,..,..
2003,Albania,ALB,2591006000,1169850276
2003,Algeria,DZA,16239633129,26210435497
2003,American Samoa,ASM,574000000,513000000
2003,Andorra,AND,..,..
2003,Angola,AGO,8770763873,9675623585
2003,Antigua and Barbuda,ATG,..,..
2003,Argentina,ARG,18772898619,33084505278
2003,Armenia,ARM,1391414379,855676348.1
2003,Aruba,ABW,1432167598,1282296089
2003,Australia,AUS,98900407688,89138031450
2003,Austria,AUT,1.09675E+11,1.16896E+11
2003,Azerbaijan,AZE,4769352011,3056572037
2003,"Bahamas, The",BHS,3127000000,3176400000
2003,Bahrain,BHR,6205053191,7980851064
2003,Bangladesh,BGD,9761830743,6876856649
2003,Barbados,BRB,..,..
2003,Belarus,BLR,12296967245,11614414485
2003,Belgium,BEL,2.02552E+11,2.19593E+11
2003,Belize,BLZ,651445950,583088150
2003,Benin,BEN,1228828002,997331579.8
2003,Bermuda,BMU,..,..
2003,Bhutan,BTN,316143447.5,158790865.8
2003,Bolivia,BOL,2131094556,2069153669
2003,Bosnia and Herzegovina,BIH,5097761943,1749751115
2003,Botswana,BWA,2779825087,3667669549
2003,Brazil,BRA,72344863387,84744254238
2003,British Virgin Islands,VGB,..,..
2003,Brunei Darussalam,BRN,2197963417,4187448793
2003,Bulgaria,BGR,9430004121,7277448748
2003,Burkina Faso,BFA,1002568390,437119286.7
2003,Burundi,BDI,..,..
2003,Cabo Verde,CPV,548170327.5,255073869.4
2003,Cambodia,KHM,3323063207,2736752435
2003,Cameroon,CMR,3322828644,3104135993
2003,Canada,CAN,2.95297E+11,3.3015E+11
2003,Cayman Islands,CYM,..,..
2003,Central African Republic,CAF,205562216.1,208312702.5
2003,Chad,TCD,1611292717,675636728.9
2003,Channel Islands,CHI,..,..
2003,Chile,CHL,23431547435,26819043867
2003,China,CHN,4.12137E+11,4.47958E+11
2003,Colombia,COL,18873043327,15687687300
2003,Comoros,COM,147211181.5,48318612.53
2003,"Congo, Dem. Rep.",COD,2684033001,2145055691
2003,"Congo, Rep.",COG,2664560797,2831441511
2003,Costa Rica,CRI,7367441232,7024720849
2003,Cote d'Ivoire,CIV,5210727693,6107969564
2003,Croatia,HRV,16176523868,12528408277
2003,Cuba,CUB,4895200000,4649900000
2003,Curacao,CUW,..,..
2003,Cyprus,CYP,8181782559,8402847112
2003,Czechia,CZE,48289127583,46770321529
2003,Denmark,DNK,80789965238,95609830442
2003,Djibouti,DJI,..,..
2003,Dominica,DMA,..,..
2003,Dominican Republic,DOM,9052791965,9022076949
2003,Ecuador,ECU,7901011000,8311611000
2003,"Egypt, Arab Rep.",EGY,19576923077,17500000000
2003,El Salvador,SLV,5603962500,3433269900
2003,Equatorial Guinea,GNQ,..,..
2003,Eritrea,ERI,587987562.4,56064246.36
2003,Estonia,EST,6478792909,5644211834
2003,Eswatini,SWZ,..,..
2003,Ethiopia,ETH,..,..
2003,Faroe Islands,FRO,923482389,702493885.2
2003,Fiji,FJI,..,..
2003,Finland,FIN,52757320690,64062137649
2003,France,FRA,4.67251E+11,4.97989E+11
2003,French Polynesia,PYF,..,..
2003,Gabon,GAB,1847633654,3381594593
2003,"Gambia, The",GMB,183930191.5,151438768.6
2003,Georgia,GEO,1843124461,1255516976
2003,Germany,DEU,7.00765E+11,7.92551E+11
2003,Ghana,GHA,4320740017,3104918871
2003,Gibraltar,GIB,..,..
2003,Greece,GRC,57150848327,37167664772
2003,Greenland,GRL,771607819.6,589145818.3
2003,Grenada,GRD,..,..
2003,Guam,GUM,1654000000,631000000
2003,Guatemala,GTM,8807734237,5648926180
2003,Guinea,GIN,868000000,894584048.7
2003,Guinea-Bissau,GNB,144502968.9,66055955.21
2003,Guyana,GUY,739243068.5,666355169.8
2003,Haiti,HTI,1416336753,470293089
2003,Honduras,HND,5609361468,4452150158
2003,"Hong Kong SAR, China",HKG,2.28649E+11,2.43331E+11
2003,Hungary,HUN,51492037465,47999431136
2003,Iceland,ISL,4066221669,3728493371
2003,India,IND,95071869379,90838575244
2003,Indonesia,IDN,54323622341,71553141045
2003,"Iran, Islamic Rep.",IRN,39575353988,37411894955
2003,Iraq,IRQ,16844929980,16965698641
2003,Ireland,IRL,1.08174E+11,1.33121E+11
2003,Isle of Man,IMN,..,..
2003,Israel,ISR,44932193847,42956388529
2003,Italy,ITA,3.60434E+11,3.6762E+11
2003,Jamaica,JAM,..,..
2003,Japan,JPN,4.45643E+11,5.18204E+11
2003,Jordan,JOR,6967136812,4829901269
2003,Kazakhstan,KAZ,13272767132,14928755904
2003,Kenya,KEN,4478129486,3590023638
2003,Kiribati,KIR,84184137.38,15697438.38
2003,"Korea, Dem. People's Rep.",PRK,..,..
2003,"Korea, Rep.",KOR,2.11121E+11,2.21795E+11
2003,Kosovo,XKX,..,..
2003,Kuwait,KWT,16499335597,24938593077
2003,Kyrgyz Republic,KGZ,868382999,742293893.7
2003,Lao PDR,LAO,750080000,475490000
2003,Latvia,LVA,5717024966,4243384578
2003,Lebanon,LBN,7501824212,3361194030
2003,Lesotho,LSO,..,..
2003,Liberia,LBR,..,..
2003,Libya,LBY,8745312500,15054687500
2003,Liechtenstein,LIE,..,..
2003,Lithuania,LTU,9769109983,8681096447
2003,Luxembourg,LUX,33265876312,39412388094
2003,"Macao SAR, China",MAC,4776941623,7657792603
2003,Madagascar,MDG,1295939420,872660373.5
2003,Malawi,MWI,..,..
2003,Malaysia,MYS,96153421053,1.17854E+11
2003,Maldives,MDV,..,..
2003,Mali,MLI,1473872726,1154685243
2003,Malta,MLT,4286857207,4088458131
2003,Marshall Islands,MHL,113832200,39620500
2003,Mauritania,MRT,742377025.4,392277306.8
2003,Mauritius,MUS,3147414250,3257695158
2003,Mexico,MEX,1.91731E+11,1.81095E+11
2003,"Micronesia, Fed. Sts.",FSM,187000000,46000000
2003,Moldova,MDA,1718305266,1056084948
2003,Monaco,MCO,..,..
2003,Mongolia,MNG,1083962182,835170861.9
2003,Montenegro,MNE,802404161.5,522751328.7
2003,Morocco,MAR,16048236121,14319608062
2003,Mozambique,MOZ,3117728293,1501824532
2003,Myanmar,MMR,..,..
2003,Namibia,NAM,2587515250,2139525237
2003,Nauru,NRU,..,..
2003,Nepal,NPL,1807224670,993875698
2003,Netherlands,NLD,3.03246E+11,3.45031E+11
2003,New Caledonia,NCL,2028849726,1013166117
2003,New Zealand,NZL,24776474899,26333821913
2003,Nicaragua,NIC,2207131661,1101967322
2003,Niger,NER,682501736.1,450538549.2
2003,Nigeria,NGA,..,..
2003,North Macedonia,MKD,2147333419,1367965963
2003,Northern Mariana Islands,MNP,774000000,1118000000
2003,Norway,NOR,61127651761,91002514053
2003,Oman,OMN,8657997399,12327698309
2003,Pakistan,PAK,14030211712,13669643162
2003,Palau,PLW,..,..
2003,Panama,PAN,8044255200,7908174700
2003,Papua New Guinea,PNG,1910762304,2454905169
2003,Paraguay,PRY,2613734808,3626068859
2003,Peru,PER,10929811451,11167509772
2003,Philippines,PHL,39402271857,36821904273
2003,Poland,POL,78626922854,72646837616
2003,Portugal,PRT,55799780174,45217764525
2003,Puerto Rico (US),PRI,33749700000,55175300000
2003,Qatar,QAT,6699450549,14519780220
2003,Romania,ROU,18478846581,13996506634
2003,Russian Federation,RUS,1.0276E+11,1.51697E+11
2003,Rwanda,RWA,460447380.8,166283313.3
2003,Samoa,WSM,150628508.9,103682809.6
2003,San Marino,SMR,..,..
2003,Sao Tome and Principe,STP,..,..
2003,Saudi Arabia,SAU,51744266667,98956800000
2003,Senegal,SEN,2858883233,1597488034
2003,Serbia,SRB,8549028052,5204459811
2003,Seychelles,SYC,610557820.4,657204441.6
2003,Sierra Leone,SLE,693376923.3,301792804.1
2003,Singapore,SGP,1.70522E+11,1.97818E+11
2003,Sint Maarten (Dutch part),SXM,..,..
2003,Slovak Republic,SVK,29471992636,29263658909
2003,Slovenia,SVN,15208840680,15114769177
2003,Solomon Islands,SLB,141834991,91885450.77
2003,"Somalia, Fed. Rep.",SOM,..,..
2003,South Africa,ZAF,42967056805,47117624127
2003,South Sudan,SSD,..,..
2003,Spain,ESP,2.52597E+11,2.3258E+11
2003,Sri Lanka,LKA,7681620390,6543193121
2003,St. Kitts and Nevis,KNA,..,..
2003,St. Lucia,LCA,..,..
2003,St. Martin (French part),MAF,..,..
2003,St. Vincent and the Grenadines,VCT,..,..
2003,Sudan,SDN,3029824387,2616565230
2003,Suriname,SUR,..,..
2003,Sweden,SWE,1.16899E+11,1.34752E+11
2003,Switzerland,CHE,1.54297E+11,1.72785E+11
2003,Syrian Arab Republic,SYR,6404206462,7030359683
2003,Tajikistan,TJK,1146873276,994327044.1
2003,Tanzania,TZA,2335832405,2295888514
2003,Thailand,THA,84013623652,93686920142
2003,Timor-Leste,TLS,566191812.5,33673885.63
2003,Togo,TGO,960946956,694096765
2003,Tonga,TON,108865754.7,39211224.39
2003,Trinidad and Tobago,TTO,..,..
2003,Tunisia,TUN,11779584589,10839779023
2003,Turkiye,TUR,73087556675,73154313089
2003,Turkmenistan,TKM,1828801996,1949045099
2003,Turks and Caicos Islands,TCA,..,..
2003,Tuvalu,TUV,..,..
2003,Uganda,UGA,1664868876,752307732.5
2003,Ukraine,UKR,26029649588,27327869172
2003,United Arab Emirates,ARE,57668073519,69538461538
2003,United Kingdom,GBR,5.37969E+11,4.94049E+11
2003,United States,USA,1.55712E+12,1.03517E+12
2003,Uruguay,URY,2930315875,3304410121
2003,Uzbekistan,UZB,3265492001,3875170383
2003,Vanuatu,VUT,151862889.8,136092260.9
2003,"Venezuela, RB",VEN,13984394468,28308417020
2003,Viet Nam,VNM,26759132795,22415697836
2003,Virgin Islands (U.S.),VIR,5977000000,6520000000
2003,West Bank and Gaza,PSE,2516400000,515100000
2003,"Yemen, Rep.",YEM,4468821029,4291615936
2003,Zambia,ZMB,1795500025,1258994467
2003,Zimbabwe,ZWE,2180750000,1856500000
2003,Africa Eastern and Southern,AFE,93069616164,90768775259
2003,Africa Western and Central,AFW,..,..
2003,Arab World,ARB,2.70286E+11,3.53185E+11
2003,Caribbean small states,CSS,..,..
2003,Central Europe and the Baltics,CEB,2.89139E+11,2.64166E+11
2003,Early-demographic dividend,EAR,8.6838E+11,9.45025E+11
2003,East Asia & Pacific,EAS,2.08575E+12,2.29937E+12
2003,East Asia & Pacific (excluding high income),EAP,7.27278E+11,8.01534E+11
2003,East Asia & Pacific (IDA & IBRD countries),TEA,7.25978E+11,8.00525E+11
2003,Euro area,EMU,2.79896E+12,2.97921E+12
2003,Europe & Central Asia,ECS,4.2275E+12,4.46488E+12
2003,Europe & Central Asia (excluding high income),ECA,1.61684E+11,1.51106E+11
2003,Europe & Central Asia (IDA & IBRD countries),TEC,3.87125E+11,4.0925E+11
2003,European Union,EUU,3.20296E+12,3.39826E+12
2003,Fragile and conflict affected situations,FCS,1.49546E+11,1.71087E+11
2003,Heavily indebted poor countries (HIPC),HPC,66007757909,46451051004
2003,High income,HIC,7.56898E+12,7.57199E+12
2003,IBRD only,IBD,1.80865E+12,1.94221E+12
2003,IDA & IBRD total,IBT,1.9673E+12,2.07522E+12
2003,IDA blend,IDB,55951884190,..
2003,IDA only,IDX,1.03671E+11,78286835351
2003,IDA total,IDA,1.60137E+11,1.47871E+11
2003,Late-demographic dividend,LTE,1.34262E+12,1.51321E+12
2003,Latin America & Caribbean,LCN,4.76105E+11,5.18367E+11
2003,Latin America & Caribbean (excluding high income),LAC,3.67179E+11,3.70482E+11
2003,Latin America & the Caribbean (IDA & IBRD countries),TLA,4.23699E+11,4.45857E+11
2003,Least developed countries: UN classification,LDC,77667219042,55684808415
2003,Low & middle income,LMY,1.68575E+12,1.74223E+12
2003,Low income,LIC,42284070021,32218104295
2003,Lower middle income,LMC,3.47399E+11,3.1583E+11
2003,"Middle East, North Africa, Afghanistan & Pakistan",MEA,3.71314E+11,4.48369E+11
2003,"Middle East, North Africa, Afghanistan & Pakistan (excluding high income)",MNA,1.75266E+11,1.73439E+11
2003,"Middle East, North Africa, Afghanistan & Pakistan (IDA & IBRD)",TMN,1.72756E+11,1.72926E+11
2003,Middle income,MIC,1.64628E+12,1.71242E+12
2003,North America,NAC,1.85343E+12,1.36729E+12
2003,Not classified,INX,..,..
2003,OECD members,OED,6.89615E+12,6.68106E+12
2003,Other small states,OSS,35924697020,35260542087
2003,Pacific island small states,PSS,..,..
2003,Post-demographic dividend,PST,6.78788E+12,6.60453E+12
2003,Pre-demographic dividend,PRE,96535756979,89311260384
2003,Small states,SST,53721640291,54715106828
2003,South Asia,SAS,1.16587E+11,1.06781E+11
2003,South Asia (IDA & IBRD),TSA,1.16587E+11,1.06781E+11
2003,Sub-Saharan Africa,SSF,1.4408E+11,1.47936E+11
2003,Sub-Saharan Africa (excluding high income),SSA,1.40809E+11,1.45491E+11
2003,Sub-Saharan Africa (IDA & IBRD countries),TSS,1.4408E+11,1.47936E+11
2003,Upper middle income,UMC,1.29645E+12,1.3988E+12
2003,World,WLD,9.2954E+12,9.36427E+12
2004,Afghanistan,AFG,..,..
2004,Albania,ALB,3220867773,1596261949
2004,Algeria,DZA,21108011868,35288382278
2004,American Samoa,ASM,570000000,460000000
2004,Andorra,AND,..,..
2004,Angola,AGO,10621507095,13780895593
2004,Antigua and Barbuda,ATG,..,..
2004,Argentina,ARG,27736672324,39266996606
2004,Armenia,ARM,1605180992,1008274440
2004,Aruba,ABW,1527994413,1458098883
2004,Australia,AUS,1.21992E+11,1.05491E+11
2004,Austria,AUT,1.32416E+11,1.41285E+11
2004,Azerbaijan,AZE,6312226772,4235083892
2004,"Bahamas, The",BHS,3421700000,3460500000
2004,Bahrain,BHR,8170478723,10336702128
2004,Bangladesh,BGD,10229675556,7257329710
2004,Barbados,BRB,..,..
2004,Belarus,BLR,17182653940,15709960838
2004,Belgium,BEL,2.43726E+11,2.61796E+11
2004,Belize,BLZ,617492500,592076950
2004,Benin,BEN,1324063350,1146038651
2004,Bermuda,BMU,..,..
2004,Bhutan,BTN,436861064.2,218044359
2004,Bolivia,BOL,2309687991,2731911668
2004,Bosnia and Herzegovina,BIH,6020436376,2288902820
2004,Botswana,BWA,3706961580,4444139019
2004,Brazil,BRA,87894359744,1.10739E+11
2004,British Virgin Islands,VGB,..,..
2004,Brunei Darussalam,BRN,2337174926,4978970766
2004,Bulgaria,BGR,13630082743,10713332855
2004,Burkina Faso,BFA,1341080288,593230247.6
2004,Burundi,BDI,..,..
2004,Cabo Verde,CPV,643415992,296019402.1
2004,Cambodia,KHM,4149673263,3578124692
2004,Cameroon,CMR,4008132753,3868330225
2004,Canada,CAN,3.37418E+11,3.83241E+11
2004,Cayman Islands,CYM,..,..
2004,Central African Republic,CAF,244878981.2,178103975.6
2004,Chad,TCD,2245029718,2256048166
2004,Channel Islands,CHI,..,..
2004,Chile,CHL,29924524883,39319047541
2004,China,CHN,5.56183E+11,6.07357E+11
2004,Colombia,COL,22356075160,19637278136
2004,Comoros,COM,167631815.1,55020144.14
2004,"Congo, Dem. Rep.",COD,2739841247,2340567899
2004,"Congo, Rep.",COG,2367531822,3750252272
2004,Costa Rica,CRI,8011642171,7855095380
2004,Cote d'Ivoire,CIV,6577555507,7086390531
2004,Croatia,HRV,18860941160,15296053851
2004,Cuba,CUB,5841100000,6120800000
2004,Curacao,CUW,..,..
2004,Cyprus,CYP,9875106250,9853627500
2004,Czechia,CZE,67612627336,68363528121
2004,Denmark,DNK,96223902121,1.10424E+11
2004,Djibouti,DJI,..,..
2004,Dominica,DMA,..,..
2004,Dominican Republic,DOM,8974480635,9185099134
2004,Ecuador,ECU,9493787000,10241620000
2004,"Egypt, Arab Rep.",EGY,23311688312,22240259740
2004,El Salvador,SLV,6021905400,3555578400
2004,Equatorial Guinea,GNQ,..,..
2004,Eritrea,ERI,663164475.1,64052293.74
2004,Estonia,EST,8368396273,7418642236
2004,Eswatini,SWZ,..,..
2004,Ethiopia,ETH,..,..
2004,Faroe Islands,FRO,857444688,753756807.9
2004,Fiji,FJI,..,..
2004,Finland,FIN,63874383958,76257431519
2004,France,FRA,5.53012E+11,5.80997E+11
2004,French Polynesia,PYF,..,..
2004,Gabon,GAB,2076853808,4276662905
2004,"Gambia, The",GMB,282217002.2,198101350.6
2004,Georgia,GEO,2455655259,1595471619
2004,Germany,DEU,8.26353E+11,9.6794E+11
2004,Ghana,GHA,5361446367,3490692555
2004,Gibraltar,GIB,..,..
2004,Greece,GRC,68651660463,48427679624
2004,Greenland,GRL,890577405.6,716000532.1
2004,Grenada,GRD,..,..
2004,Guam,GUM,1785000000,846000000
2004,Guatemala,GTM,10090013800,6464755963
2004,Guinea,GIN,938538723.1,895267037.4
2004,Guinea-Bissau,GNB,176158114.3,75293449.91
2004,Guyana,GUY,828486192.4,752856480.5
2004,Haiti,HTI,1546552275,509817233.1
2004,Honduras,HND,6832799507,5181709224
2004,"Hong Kong SAR, China",HKG,2.68979E+11,2.83709E+11
2004,Hungary,HUN,66623471362,61955833364
2004,Iceland,ISL,5256645900,4480777642
2004,India,IND,1.39311E+11,1.26648E+11
2004,Indonesia,IDN,70744690514,82744351781
2004,"Iran, Islamic Rep.",IRN,48904300000,47439812814
2004,Iraq,IRQ,23432019002,20614098526
2004,Ireland,IRL,1.28503E+11,1.56422E+11
2004,Isle of Man,IMN,..,..
2004,Israel,ISR,52895820616,52102634315
2004,Italy,ITA,4.23101E+11,4.33748E+11
2004,Jamaica,JAM,..,..
2004,Japan,JPN,5.32278E+11,6.25647E+11
2004,Jordan,JOR,9406911142,5955712271
2004,Kazakhstan,KAZ,18947365751,22654791782
2004,Kenya,KEN,5290013363,4283010819
2004,Kiribati,KIR,92863183.87,12637966.34
2004,"Korea, Dem. People's Rep.",PRK,..,..
2004,"Korea, Rep.",KOR,2.66051E+11,2.93159E+11
2004,Kosovo,XKX,..,..
2004,Kuwait,KWT,19246691551,33831014591
2004,Kyrgyz Republic,KGZ,1133628671,941138691.6
2004,Lao PDR,LAO,974190000,589520000
2004,Latvia,LVA,7827520489,5617268115
2004,Lebanon,LBN,11832129865,7417557506
2004,Lesotho,LSO,..,..
2004,Liberia,LBR,..,..
2004,Libya,LBY,10722807615,21117445538
2004,Liechtenstein,LIE,..,..
2004,Lithuania,LTU,12633539493,11035742673
2004,Luxembourg,LUX,42601162807,50400230064
2004,"Macao SAR, China",MAC,5761532633,10086671052
2004,Madagascar,MDG,1484882132,985460548.2
2004,Malawi,MWI,..,..
2004,Malaysia,MYS,1.18513E+11,1.43928E+11
2004,Maldives,MDV,..,..
2004,Mali,MLI,1634500719,1220024941
2004,Malta,MLT,4931687762,4584053469
2004,Marshall Islands,MHL,111282600,40254100
2004,Mauritania,MRT,1227308582,549736448.2
2004,Mauritius,MUS,3627941100,3508043725
2004,Mexico,MEX,2.2074E+11,2.05712E+11
2004,"Micronesia, Fed. Sts.",FSM,188000000,37000000
2004,Moldova,MDA,2117707389,1330145600
2004,Monaco,MCO,..,..
2004,Mongolia,MNG,1405234670,1210933088
2004,Montenegro,MNE,1204292277,871215545.1
2004,Morocco,MAR,19968080463,16759410599
2004,Mozambique,MOZ,3625530922,2093420471
2004,Myanmar,MMR,..,..
2004,Namibia,NAM,2780117585,2630327850
2004,Nauru,NRU,..,..
2004,Nepal,NPL,2143236207,1213488963
2004,Netherlands,NLD,3.59457E+11,4.139E+11
2004,New Caledonia,NCL,2156845272,1296529855
2004,New Zealand,NZL,30398655462,30697142857
2004,Nicaragua,NIC,2556737616,1335841956
2004,Niger,NER,853828862.8,536185487.9
2004,Nigeria,NGA,..,..
2004,North Macedonia,MKD,2850843777,1744851587
2004,Northern Mariana Islands,MNP,937000000,1218000000
2004,Norway,NOR,73112835272,1.09052E+11
2004,Oman,OMN,11024707412,14122236671
2004,Pakistan,PAK,17697600000,15103000000
2004,Palau,PLW,..,..
2004,Panama,PAN,9692055300,9147223700
2004,Papua New Guinea,PNG,2313836701,2833996151
2004,Paraguay,PRY,3312407417,4397197655
2004,Peru,PER,12701974339,15298201418
2004,Philippines,PHL,43034427467,39736335346
2004,Poland,POL,94612868072,87290664313
2004,Portugal,PRT,67301751547,52396449477
2004,Puerto Rico (US),PRI,38897600000,55080200000
2004,Qatar,QAT,8315659341,20363186813
2004,Romania,ROU,26152717642,19301170435
2004,Russian Federation,RUS,1.30993E+11,2.03415E+11
2004,Rwanda,RWA,548213702.7,247001642.6
2004,Samoa,WSM,177222415.5,118514326
2004,San Marino,SMR,..,..
2004,Sao Tome and Principe,STP,..,..
2004,Saudi Arabia,SAU,62350400000,1.31921E+11
2004,Senegal,SEN,3482299976,1924839548
2004,Serbia,SRB,12834200619,6571867067
2004,Seychelles,SYC,684576309.1,650842527.3
2004,Sierra Leone,SLE,659802198.7,373227342.3
2004,Singapore,SGP,2.15771E+11,2.46116E+11
2004,Sint Maarten (Dutch part),SXM,..,..
2004,Slovak Republic,SVK,40553163472,39675783193
2004,Slovenia,SVN,19444956403,18946986796
2004,Solomon Islands,SLB,177518088.2,116441669.1
2004,"Somalia, Fed. Rep.",SOM,..,..
2004,South Africa,ZAF,58544113474,58215305278
2004,South Sudan,SSD,..,..
2004,Spain,ESP,3.11227E+11,2.71611E+11
2004,Sri Lanka,LKA,9122927167,7300256942
2004,St. Kitts and Nevis,KNA,..,..
2004,St. Lucia,LCA,..,..
2004,St. Martin (French part),MAF,..,..
2004,St. Vincent and the Grenadines,VCT,..,..
2004,Sudan,SDN,4298519416,3810483473
2004,Suriname,SUR,..,..
2004,Sweden,SWE,1.38502E+11,1.64274E+11
2004,Switzerland,CHE,1.78599E+11,2.07207E+11
2004,Syrian Arab Republic,SYR,9449227723,10147425743
2004,Tajikistan,TJK,1444870709,1219656705
2004,Tanzania,TZA,2928490610,2675290129
2004,Thailand,THA,1.06227E+11,1.14062E+11
2004,Timor-Leste,TLS,440139018.7,32945213.84
2004,Togo,TGO,1094601313,752390243.9
2004,Tonga,TON,125510008.1,45131086.97
2004,Trinidad and Tobago,TTO,..,..
2004,Tunisia,TUN,13947699939,13158999797
2004,Turkiye,TUR,1.03109E+11,97840598666
2004,Turkmenistan,TKM,2025937934,2030569708
2004,Turks and Caicos Islands,TCA,..,..
2004,Tuvalu,TUV,..,..
2004,Uganda,UGA,1807281866,1008067266
2004,Ukraine,UKR,34473773266,39456100771
2004,United Arab Emirates,ARE,78428046290,93968596324
2004,United Kingdom,GBR,6.39129E+11,5.8277E+11
2004,United States,USA,1.8105E+12,1.17636E+12
2004,Uruguay,URY,4018907625,4394994712
2004,Uzbekistan,UZB,4187143838,5027333203
2004,Vanuatu,VUT,193836658,166437069.5
2004,"Venezuela, RB",VEN,21555923687,40705555517
2004,Viet Nam,VNM,33292010669,27134530700
2004,Virgin Islands (U.S.),VIR,7919000000,8604000000
2004,West Bank and Gaza,PSE,3137400000,596800000
2004,"Yemen, Rep.",YEM,4918042643,5045391417
2004,Zambia,ZMB,2318800178,2086559263
2004,Zimbabwe,ZWE,2414500000,2002250000
2004,Africa Eastern and Southern,AFE,1.19031E+11,1.13771E+11
2004,Africa Western and Central,AFW,..,..
2004,Arab World,ARB,3.46772E+11,4.68555E+11
2004,Caribbean small states,CSS,..,..
2004,Central Europe and the Baltics,CEB,3.7632E+11,3.45615E+11
2004,Early-demographic dividend,EAR,1.09377E+12,1.17523E+12
2004,East Asia & Pacific,EAS,2.61228E+12,2.85989E+12
2004,East Asia & Pacific (excluding high income),EAP,9.4604E+11,1.02918E+12
2004,East Asia & Pacific (IDA & IBRD countries),TEA,9.44349E+11,1.02789E+12
2004,Euro area,EMU,3.34272E+12,3.56761E+12
2004,Europe & Central Asia,ECS,5.09859E+12,5.40632E+12
2004,Europe & Central Asia (excluding high income),ECA,2.22471E+11,2.06507E+11
2004,Europe & Central Asia (IDA & IBRD countries),TEC,5.06615E+11,5.42508E+11
2004,European Union,EUU,3.84608E+12,4.08993E+12
2004,Fragile and conflict affected situations,FCS,1.98708E+11,2.38277E+11
2004,Heavily indebted poor countries (HIPC),HPC,78746947184,58295389276
2004,High income,HIC,9.05046E+12,9.09072E+12
2004,IBRD only,IBD,2.32751E+12,2.4958E+12
2004,IDA & IBRD total,IBT,2.52137E+12,2.65934E+12
2004,IDA blend,IDB,67087845064,..
2004,IDA only,IDX,1.24964E+11,96988379461
2004,IDA total,IDA,1.92698E+11,1.79245E+11
2004,Late-demographic dividend,LTE,1.72107E+12,1.94826E+12
2004,Latin America & Caribbean,LCN,5.68901E+11,6.22598E+11
2004,Latin America & Caribbean (excluding high income),LAC,4.33319E+11,4.42564E+11
2004,Latin America & the Caribbean (IDA & IBRD countries),TLA,5.07464E+11,5.45997E+11
2004,Least developed countries: UN classification,LDC,91083023080,71390303968
2004,Low & middle income,LMY,2.16327E+12,2.22013E+12
2004,Low income,LIC,52477755343,43633465628
2004,Lower middle income,LMC,4.43936E+11,3.98811E+11
2004,"Middle East, North Africa, Afghanistan & Pakistan",MEA,4.68144E+11,5.83495E+11
2004,"Middle East, North Africa, Afghanistan & Pakistan (excluding high income)",MNA,2.23664E+11,2.22732E+11
2004,"Middle East, North Africa, Afghanistan & Pakistan (IDA & IBRD)",TMN,2.20537E+11,2.22139E+11
2004,Middle income,MIC,2.11395E+12,2.18022E+12
2004,North America,NAC,2.1491E+12,1.56186E+12
2004,Not classified,INX,..,..
2004,OECD members,OED,8.2044E+12,7.97076E+12
2004,Other small states,OSS,43515544293,42046636144
2004,Pacific island small states,PSS,..,..
2004,Post-demographic dividend,PST,8.07551E+12,7.88244E+12
2004,Pre-demographic dividend,PRE,1.19731E+11,1.14362E+11
2004,Small states,SST,64088004311,64484705751
2004,South Asia,SAS,1.63984E+11,1.44491E+11
2004,South Asia (IDA & IBRD),TSA,1.63984E+11,1.44491E+11
2004,Sub-Saharan Africa,SSF,1.8107E+11,1.85247E+11
2004,Sub-Saharan Africa (excluding high income),SSA,1.77061E+11,1.82414E+11
2004,Sub-Saharan Africa (IDA & IBRD countries),TSS,1.8107E+11,1.85247E+11
2004,Upper middle income,UMC,1.66677E+12,1.78396E+12
2004,World,WLD,1.1265E+13,1.13759E+13
2005,Afghanistan,AFG,..,..
2005,Albania,ALB,3853672282,1853023798
2005,Algeria,DZA,24052494566,47497958003
2005,American Samoa,ASM,618000000,498000000
2005,Andorra,AND,..,..
2005,Angola,AGO,15158700248,24309456976
2005,Antigua and Barbuda,ATG,..,..
2005,Argentina,ARG,34392237787,46198180131
2005,Armenia,ARM,2098701566,1338474938
2005,Aruba,ABW,1816622905,1606588827
2005,Australia,AUS,1.45653E+11,1.26786E+11
2005,Austria,AUT,1.4355E+11,1.53683E+11
2005,Azerbaijan,AZE,7006931304,8336815027
2005,"Bahamas, The",BHS,4193800000,3812500000
2005,Bahrain,BHR,10286968085,13396808511
2005,Bangladesh,BGD,13898043877,9999571015
2005,Barbados,BRB,..,..
2005,Belarus,BLR,17850098894,18064972932
2005,Belgium,BEL,2.7095E+11,2.8652E+11
2005,Belize,BLZ,696869050,674186100
2005,Benin,BEN,1353744165,1213941697
2005,Bermuda,BMU,..,..
2005,Bhutan,BTN,527755401.2,313220132.2
2005,Bolivia,BOL,3064676257,3394535859
2005,Bosnia and Herzegovina,BIH,6738059174,2728982617
2005,Botswana,BWA,3529325542,5249438114
2005,Brazil,BRA,1.05596E+11,1.35919E+11
2005,British Virgin Islands,VGB,..,..
2005,Brunei Darussalam,BRN,2430951690,6177687114
2005,Bulgaria,BGR,17080286100,12703010483
2005,Burkina Faso,BFA,1495427536,604914704.8
2005,Burundi,BDI,..,..
2005,Cabo Verde,CPV,647187055.5,367287242.8
2005,Cambodia,KHM,5123916348,4313261451
2005,Cameroon,CMR,4438925461,4340055666
2005,Canada,CAN,3.85981E+11,4.32369E+11
2005,Cayman Islands,CYM,..,..
2005,Central African Republic,CAF,290432567.3,178779525.6
2005,Chad,TCD,2855158626,3859865746
2005,Channel Islands,CHI,..,..
2005,Chile,CHL,38995887874,49132372355
2005,China,CHN,6.48712E+11,7.73339E+11
2005,Colombia,COL,29777716182,24709929564
2005,Comoros,COM,176434370,57910785.61
2005,"Congo, Dem. Rep.",COD,3514051191,2920400113
2005,"Congo, Rep.",COG,2962430015,4987839330
2005,Costa Rica,CRI,9170225548,8710569531
2005,Cote d'Ivoire,CIV,7437492764,7662724560
2005,Croatia,HRV,20296273174,16385969042
2005,Cuba,CUB,7822300000,8962900000
2005,Curacao,CUW,1768212291,1394972067
2005,Cyprus,CYP,10364178585,10265955727
2005,Czechia,CZE,81579428486,84772805062
2005,Denmark,DNK,1.11426E+11,1.25615E+11
2005,Djibouti,DJI,..,..
2005,Dominica,DMA,..,..
2005,Dominican Republic,DOM,11921949246,10136190145
2005,Ecuador,ECU,11814190000,13141840000
2005,"Egypt, Arab Rep.",EGY,29237429237,27206127206
2005,El Salvador,SLV,6533150000,3713680000
2005,Equatorial Guinea,GNQ,3583355428,7183409023
2005,Eritrea,ERI,603478012,67725717.15
2005,Estonia,EST,9945822659,9230780997
2005,Eswatini,SWZ,..,..
2005,Ethiopia,ETH,..,..
2005,Faroe Islands,FRO,1036783944,739897714
2005,Fiji,FJI,..,..
2005,Finland,FIN,74385401475,82514287315
2005,France,FRA,6.06332E+11,6.17386E+11
2005,French Polynesia,PYF,2191623600,1167268041
2005,Gabon,GAB,2294207328,5750501486
2005,"Gambia, The",GMB,309496622.5,204546331.8
2005,Georgia,GEO,3286910229,2132207925
2005,Germany,DEU,8.96951E+11,1.04027E+12
2005,Ghana,GHA,6631794425,3916311040
2005,Gibraltar,GIB,..,..
2005,Greece,GRC,71151157412,50868190128
2005,Greenland,GRL,1084858702,759541163.7
2005,Grenada,GRD,..,..
2005,Guam,GUM,1843000000,956000000
2005,Guatemala,GTM,11154959730,6817685367
2005,Guinea,GIN,1031237398,1021679587
2005,Guinea-Bissau,GNB,206144981.1,86771562.69
2005,Guyana,GUY,905124012.5,698037584
2005,Haiti,HTI,1852992471,605106728.7
2005,Honduras,HND,7560116527,5757207468
2005,"Hong Kong SAR, China",HKG,3.00018E+11,3.222E+11
2005,Hungary,HUN,74060446181,70710738667
2005,Iceland,ISL,7093787735,5116287715
2005,India,IND,1.83737E+11,1.60838E+11
2005,Indonesia,IDN,85533801154,97387627566
2005,"Iran, Islamic Rep.",IRN,54239627796,68235356550
2005,Iraq,IRQ,30737305660,27209318291
2005,Ireland,IRL,1.45449E+11,1.68501E+11
2005,Isle of Man,IMN,..,..
2005,Israel,ISR,58276695189,57267194108
2005,Italy,ITA,4.58978E+11,4.57142E+11
2005,Jamaica,JAM,..,..
2005,Japan,JPN,5.99781E+11,6.6751E+11
2005,Jordan,JOR,11859379408,6634978843
2005,Kazakhstan,KAZ,25458960716,30386570590
2005,Kenya,KEN,6739990276,5341992293
2005,Kiribati,KIR,124660684.1,16107548.61
2005,"Korea, Dem. People's Rep.",PRK,..,..
2005,"Korea, Rep.",KOR,3.11368E+11,3.31628E+11
2005,Kosovo,XKX,..,..
2005,Kuwait,KWT,22839041096,51691780822
2005,Kyrgyz Republic,KGZ,1396889936,942411213.6
2005,Lao PDR,LAO,1171610004,792320002.4
2005,Latvia,LVA,9737186061,7306359676
2005,Lebanon,LBN,12068415010,7873085354
2005,Lesotho,LSO,..,..
2005,Liberia,LBR,..,..
2005,Libya,LBY,12848550618,30160170974
2005,Liechtenstein,LIE,..,..
2005,Lithuania,LTU,16272919517,14387565618
2005,Luxembourg,LUX,49069300287,57949162558
2005,"Macao SAR, China",MAC,6321506566,10261432157
2005,Madagascar,MDG,2039652747,1424938434
2005,Malawi,MWI,..,..
2005,Malaysia,MYS,1.30553E+11,1.62049E+11
2005,Maldives,MDV,..,..
2005,Mali,MLI,1922781218,1413791680
2005,Malta,MLT,5327158942,4745286752
2005,Marshall Islands,MHL,126911000,45176400
2005,Mauritania,MRT,1805119194,785480557.2
2005,Mauritius,MUS,4167176195,3829946692
2005,Mexico,MEX,2.48438E+11,2.33862E+11
2005,"Micronesia, Fed. Sts.",FSM,190000000,42000000
2005,Moldova,MDA,2745091302,1528943361
2005,Monaco,MCO,..,..
2005,Mongolia,MNG,1605232675,1483028710
2005,Montenegro,MNE,1378592215,982979728.9
2005,Morocco,MAR,23064213862,19275921048
2005,Mozambique,MOZ,3914690847,2471453992
2005,Myanmar,MMR,..,..
2005,Namibia,NAM,2919051305,2928965079
2005,Nauru,NRU,..,..
2005,Nepal,NPL,2396740062,1185691417
2005,Netherlands,NLD,3.89965E+11,4.51319E+11
2005,New Caledonia,NCL,2523097105,1339258811
2005,New Zealand,NZL,34110399211,32448778427
2005,Nicaragua,NIC,2987684968,1541273560
2005,Niger,NER,1049204790,631697898.7
2005,Nigeria,NGA,..,..
2005,North Macedonia,MKD,3193978015,2178469495
2005,Northern Mariana Islands,MNP,835000000,1017000000
2005,Norway,NOR,83779123011,1.34661E+11
2005,Oman,OMN,11172951886,19633289987
2005,Pakistan,PAK,25595408507,17790723345
2005,Palau,PLW,144886901.9,81754470.83
2005,Panama,PAN,11798912400,11343421800
2005,Papua New Guinea,PNG,..,..
2005,Paraguay,PRY,4018871465,5110362043
2005,Peru,PER,15598932266,20421330421
2005,Philippines,PHL,45777705832,44289298774
2005,Poland,POL,1.09863E+11,1.05993E+11
2005,Portugal,PRT,70735904961,53424570458
2005,Puerto Rico (US),PRI,38905200000,56543200000
2005,Qatar,QAT,13207967033,28982692308
2005,Romania,ROU,34287061637,24155999359
2005,Russian Federation,RUS,1.64341E+11,2.68957E+11
2005,Rwanda,RWA,690285354.7,313566210.5
2005,Samoa,WSM,227382909.6,136058037.9
2005,San Marino,SMR,..,..
2005,Sao Tome and Principe,STP,..,..
2005,Saudi Arabia,SAU,81797389982,1.87389E+11
2005,Senegal,SEN,3863797090,2180519353
2005,Serbia,SRB,12577135465,7821417758
2005,Seychelles,SYC,919168709.1,754034109.1
2005,Sierra Leone,SLE,756501688.1,453725410
2005,Singapore,SGP,2.49571E+11,2.87772E+11
2005,Sint Maarten (Dutch part),SXM,..,..
2005,Slovak Republic,SVK,47583403653,45428521113
2005,Slovenia,SVN,21887254073,21655505534
2005,Solomon Islands,SLB,217130328.2,150928743.1
2005,"Somalia, Fed. Rep.",SOM,..,..
2005,South Africa,ZAF,68831329348,68171982952
2005,South Sudan,SSD,..,..
2005,Spain,ESP,3.43613E+11,2.87981E+11
2005,Sri Lanka,LKA,10071562189,7892069652
2005,St. Kitts and Nevis,KNA,..,..
2005,St. Lucia,LCA,..,..
2005,St. Martin (French part),MAF,..,..
2005,St. Vincent and the Grenadines,VCT,..,..
2005,Sudan,SDN,7533593043,5087005646
2005,Suriname,SUR,..,..
2005,Sweden,SWE,1.52117E+11,1.77559E+11
2005,Switzerland,CHE,2.02479E+11,2.25264E+11
2005,Syrian Arab Republic,SYR,11281149425,11844406130
2005,Tajikistan,TJK,1682299787,1254264709
2005,Tanzania,TZA,3674644589,3124155526
2005,Thailand,THA,1.31484E+11,1.29499E+11
2005,Timor-Leste,TLS,312191738.2,32989610.7
2005,Togo,TGO,1168639790,811362053.8
2005,Tonga,TON,152816631.5,46714183.63
2005,Trinidad and Tobago,TTO,..,..
2005,Tunisia,TUN,14625418037,14500633173
2005,Turkiye,TUR,1.22961E+11,1.12433E+11
2005,Turkmenistan,TKM,1887023593,2486842105
2005,Turks and Caicos Islands,TCA,..,..
2005,Tuvalu,TUV,..,..
2005,Uganda,UGA,2292674584,1310093926
2005,Ukraine,UKR,41868945655,42593471772
2005,United Arab Emirates,ARE,93862491491,1.22071E+11
2005,United Kingdom,GBR,6.97473E+11,6.43122E+11
2005,United States,USA,2.04148E+12,1.30158E+12
2005,Uruguay,URY,4943843929,5279006692
2005,Uzbekistan,UZB,4537802577,5409530613
2005,Vanuatu,VUT,216401846.6,179247111.4
2005,"Venezuela, RB",VEN,29784686206,57708689556
2005,Viet Nam,VNM,38623129994,36712091515
2005,Virgin Islands (U.S.),VIR,10650000000,11632000000
2005,West Bank and Gaza,PSE,3573900000,723300000
2005,"Yemen, Rep.",YEM,6002694868,6842678646
2005,Zambia,ZMB,2632001949,2550444808
2005,Zimbabwe,ZWE,2447000000,1931750000
2005,Africa Eastern and Southern,AFE,1.44906E+11,1.43021E+11
2005,Africa Western and Central,AFW,..,..
2005,Arab World,ARB,4.24861E+11,6.30554E+11
2005,Caribbean small states,CSS,..,..
2005,Central Europe and the Baltics,CEB,4.42593E+11,4.1273E+11
2005,Early-demographic dividend,EAR,1.31144E+12,1.44925E+12
2005,East Asia & Pacific,EAS,2.9935E+12,3.29866E+12
2005,East Asia & Pacific (excluding high income),EAP,1.10181E+12,1.26065E+12
2005,East Asia & Pacific (IDA & IBRD countries),TEA,1.09984E+12,1.25906E+12
2005,Euro area,EMU,3.66254E+12,3.83696E+12
2005,Europe & Central Asia,ECS,5.66375E+12,5.96193E+12
2005,Europe & Central Asia (excluding high income),ECA,2.62107E+11,2.42925E+11
2005,Europe & Central Asia (IDA & IBRD countries),TEC,6.07877E+11,6.71124E+11
2005,European Union,EUU,4.24296E+12,4.43847E+12
2005,Fragile and conflict affected situations,FCS,2.46151E+11,3.02961E+11
2005,Heavily indebted poor countries (HIPC),HPC,95473510407,69902537119
2005,High income,HIC,1.01512E+13,1.01358E+13
2005,IBRD only,IBD,2.76504E+12,3.0785E+12
2005,IDA & IBRD total,IBT,3.00193E+12,3.2751E+12
2005,IDA blend,IDB,84634487072,..
2005,IDA only,IDX,1.52484E+11,1.17454E+11
2005,IDA total,IDA,2.37606E+11,2.13444E+11
2005,Late-demographic dividend,LTE,2.0261E+12,2.39969E+12
2005,Latin America & Caribbean,LCN,6.70999E+11,7.40335E+11
2005,Latin America & Caribbean (excluding high income),LAC,5.08266E+11,5.22849E+11
2005,Latin America & the Caribbean (IDA & IBRD countries),TLA,6.03187E+11,6.55651E+11
2005,Least developed countries: UN classification,LDC,1.16677E+11,99383997327
2005,Low & middle income,LMY,2.56092E+12,2.71376E+12
2005,Low income,LIC,66069431975,55392139957
2005,Lower middle income,LMC,5.44362E+11,4.90771E+11
2005,"Middle East, North Africa, Afghanistan & Pakistan",MEA,5.61891E+11,7.72802E+11
2005,"Middle East, North Africa, Afghanistan & Pakistan (excluding high income)",MNA,2.66121E+11,2.88185E+11
2005,"Middle East, North Africa, Afghanistan & Pakistan (IDA & IBRD)",TMN,2.62563E+11,2.87468E+11
2005,Middle income,MIC,2.4996E+12,2.66344E+12
2005,North America,NAC,2.42879E+12,1.73646E+12
2005,Not classified,INX,..,..
2005,OECD members,OED,9.17242E+12,8.75681E+12
2005,Other small states,OSS,49607943942,47652555091
2005,Pacific island small states,PSS,..,..
2005,Post-demographic dividend,PST,9.01006E+12,8.65661E+12
2005,Pre-demographic dividend,PRE,1.52284E+11,1.53494E+11
2005,Small states,SST,73478694601,72696271886
2005,South Asia,SAS,2.1421E+11,1.82571E+11
2005,South Asia (IDA & IBRD),TSA,2.1421E+11,1.82571E+11
2005,Sub-Saharan Africa,SSF,2.17976E+11,2.30733E+11
2005,Sub-Saharan Africa (excluding high income),SSA,2.13033E+11,2.27278E+11
2005,Sub-Saharan Africa (IDA & IBRD countries),TSS,2.17976E+11,2.30733E+11
2005,Upper middle income,UMC,1.95257E+12,2.1761E+12
2005,World,WLD,1.27732E+13,1.29311E+13
2006,Afghanistan,AFG,..,..
2006,Albania,ALB,4364190391,2242665600
2006,Algeria,DZA,24802903073,56328445411
2006,American Samoa,ASM,638000000,495000000
2006,Andorra,AND,..,..
2006,Angola,AGO,16288863668,33346563890
2006,Antigua and Barbuda,ATG,..,..
2006,Argentina,ARG,40480743016,53550250227
2006,Armenia,ARM,2482540336,1413899569
2006,Aruba,ABW,1888111173,1595335196
2006,Australia,AUS,1.62451E+11,1.48587E+11
2006,Austria,AUT,1.58881E+11,1.7097E+11
2006,Azerbaijan,AZE,8132229740,13953852783
2006,"Bahamas, The",BHS,5006500000,3895000000
2006,Bahrain,BHR,11559042553,15662234043
2006,Bangladesh,BGD,15621647159,11741089556
2006,Barbados,BRB,..,..
2006,Belarus,BLR,23742026336,22199798560
2006,Belgium,BEL,2.9706E+11,3.13564E+11
2006,Belize,BLZ,748768800,823898200
2006,Benin,BEN,1527581987,1270214596
2006,Bermuda,BMU,..,..
2006,Bhutan,BTN,531264390.7,488533694.4
2006,Bolivia,BOL,3752326865,4783631931
2006,Bosnia and Herzegovina,BIH,6891901978,3378094597
2006,Botswana,BWA,3455002315,5136222270
2006,Brazil,BRA,1.29231E+11,1.59214E+11
2006,British Virgin Islands,VGB,..,..
2006,Brunei Darussalam,BRN,2707260784,7607073552
2006,Bulgaria,BGR,22027466752,16151246708
2006,Burkina Faso,BFA,1581180860,717391852.7
2006,Burundi,BDI,..,..
2006,Cabo Verde,CPV,805032687.4,499871423.8
2006,Cambodia,KHM,6319381671,5400482920
2006,Cameroon,CMR,4793806221,5055972600
2006,Canada,CAN,4.30736E+11,4.67052E+11
2006,Cayman Islands,CYM,..,..
2006,Central African Republic,CAF,322776663.2,209279918.8
2006,Chad,TCD,3136768120,4347565142
2006,Channel Islands,CHI,..,..
2006,Chile,CHL,45916076194,67484496460
2006,China,CHN,7.82812E+11,9.91731E+11
2006,Colombia,COL,35453316065,28683606694
2006,Comoros,COM,185351375,60836974.67
2006,"Congo, Dem. Rep.",COD,3795633937,3136063220
2006,"Congo, Rep.",COG,3885735888,6253140818
2006,Costa Rica,CRI,10562844259,9839017111
2006,Cote d'Ivoire,CIV,7799176142,8302651292
2006,Croatia,HRV,22794389477,18616341131
2006,Cuba,CUB,9022222222,9138888889
2006,Curacao,CUW,1994692737,1557877095
2006,Cyprus,CYP,11315149918,10726039393
2006,Czechia,CZE,97122758413,1.01377E+11
2006,Denmark,DNK,1.3247E+11,1.43632E+11
2006,Djibouti,DJI,..,..
2006,Dominica,DMA,..,..
2006,Dominican Republic,DOM,13463084949,10691550324
2006,Ecuador,ECU,13771502000,16312372000
2006,"Egypt, Arab Rep.",EGY,33913043478,32173913043
2006,El Salvador,SLV,7602490000,4150320000
2006,Equatorial Guinea,GNQ,3652042752,8303800359
2006,Eritrea,ERI,464617886.2,83564227.64
2006,Estonia,EST,12490779074,10769819345
2006,Eswatini,SWZ,..,..
2006,Ethiopia,ETH,..,..
2006,Faroe Islands,FRO,1121733483,843381071.2
2006,Fiji,FJI,..,..
2006,Finland,FIN,84467899655,93509466784
2006,France,FRA,6.70822E+11,6.70507E+11
2006,French Polynesia,PYF,2137181197,1190544934
2006,Gabon,GAB,2899740992,6255613897
2006,"Gambia, The",GMB,309274034.4,221729529.5
2006,Georgia,GEO,4388033697,2514950015
2006,Germany,DEU,1.02934E+12,1.18713E+12
2006,Ghana,GHA,8325374082,5149454654
2006,Gibraltar,GIB,..,..
2006,Greece,GRC,81609358172,55899928858
2006,Greenland,GRL,1044616093,761017142.4
2006,Grenada,GRD,..,..
2006,Guam,GUM,2079000000,1005000000
2006,Guatemala,GTM,12662747620,7537142602
2006,Guinea,GIN,1922724849,1005390516
2006,Guinea-Bissau,GNB,243647960.2,65874890.23
2006,Guyana,GUY,..,..
2006,Haiti,HTI,2141589441,689103494.4
2006,Honduras,HND,8414884875,6119752691
2006,"Hong Kong SAR, China",HKG,3.36797E+11,3.58399E+11
2006,Hungary,HUN,87194453158,85323332858
2006,Iceland,ISL,8231507894,5310428256
2006,India,IND,2.29955E+11,1.99974E+11
2006,Indonesia,IDN,93411754076,1.13143E+11
2006,"Iran, Islamic Rep.",IRN,61880856748,79332810982
2006,Iraq,IRQ,25158864322,33245806395
2006,Ireland,IRL,1.64818E+11,1.83503E+11
2006,Isle of Man,IMN,..,..
2006,Israel,ISR,62604628574,62029475291
2006,Italy,ITA,5.26275E+11,5.10266E+11
2006,Jamaica,JAM,..,..
2006,Japan,JPN,6.60753E+11,7.205E+11
2006,Jordan,JOR,13231029619,8111847673
2006,Kazakhstan,KAZ,32788929787,41291961259
2006,Kenya,KEN,8329126840,5935978411
2006,Kiribati,KIR,94190133.45,11460502.12
2006,"Korea, Dem. People's Rep.",PRK,..,..
2006,"Korea, Rep.",KOR,3.71585E+11,3.77241E+11
2006,Kosovo,XKX,..,..
2006,Kuwait,KWT,24543725187,66566497574
2006,Kyrgyz Republic,KGZ,2239825766,1182432651
2006,Lao PDR,LAO,1513520761,1318269398
2006,Latvia,LVA,13025682217,8573078756
2006,Lebanon,LBN,12218142062,7837807010
2006,Lesotho,LSO,..,..
2006,Liberia,LBR,..,..
2006,Libya,LBY,15563669140,43171291715
2006,Liechtenstein,LIE,..,..
2006,Lithuania,LTU,20312938888,17215943029
2006,Luxembourg,LUX,59275748177,71977613140
2006,"Macao SAR, China",MAC,7472792975,11682917520
2006,Madagascar,MDG,2213935049,1757983978
2006,Malawi,MWI,..,..
2006,Malaysia,MYS,1.4706E+11,1.82517E+11
2006,Maldives,MDV,..,..
2006,Mali,MLI,2159810312,1865640023
2006,Malta,MLT,6294551165,6019453514
2006,Marshall Islands,MHL,124944300,36024700
2006,Mauritania,MRT,1584465517,1660493771
2006,Mauritius,MUS,4812434640,4094163167
2006,Mexico,MEX,2.84933E+11,2.70929E+11
2006,"Micronesia, Fed. Sts.",FSM,196000000,46000000
2006,Moldova,MDA,3132133146,1542451568
2006,Monaco,MCO,..,..
2006,Mongolia,MNG,1826066325,2029426157
2006,Montenegro,MNE,2107656505,1104046795
2006,Morocco,MAR,26592143477,22483592810
2006,Mozambique,MOZ,3738336875,2666527629
2006,Myanmar,MMR,..,..
2006,Namibia,NAM,3318108791,3630154010
2006,Nauru,NRU,..,..
2006,Nepal,NPL,2832075349,1216071411
2006,Netherlands,NLD,4.35548E+11,5.02639E+11
2006,New Caledonia,NCL,3079718840,1667538561
2006,New Zealand,NZL,33455677323,33025095649
2006,Nicaragua,NIC,3790567751,2114772341
2006,Niger,NER,1077835721,659728358.5
2006,Nigeria,NGA,..,..
2006,North Macedonia,MKD,3757220512,2592959390
2006,Northern Mariana Islands,MNP,752000000,829000000
2006,Norway,NOR,94092432913,1.54507E+11
2006,Oman,OMN,13778933680,22899869961
2006,Pakistan,PAK,33184884875,20313153771
2006,Palau,PLW,156505111.7,87959892.27
2006,Panama,PAN,13486936400,12911451400
2006,Papua New Guinea,PNG,..,..
2006,Paraguay,PRY,5162332824,6216897492
2006,Peru,PER,18835277591,27068649606
2006,Philippines,PHL,50557042720,52651035880
2006,Poland,POL,1.38507E+11,1.30258E+11
2006,Portugal,PRT,79723354569,63373039604
2006,Puerto Rico (US),PRI,42630200000,60118700000
2006,Qatar,QAT,21767307692,38244780220
2006,Romania,ROU,45041888826,30226776025
2006,Russian Federation,RUS,2.07915E+11,3.33909E+11
2006,Rwanda,RWA,741574150.1,361305981.4
2006,Samoa,WSM,264236822.2,148046270.6
2006,San Marino,SMR,..,..
2006,Sao Tome and Principe,STP,..,..
2006,Saudi Arabia,SAU,1.13495E+11,2.25507E+11
2006,Senegal,SEN,4080719717,2252093122
2006,Serbia,SRB,15504397892,9645370224
2006,Seychelles,SYC,1021809496,898472650.3
2006,Sierra Leone,SLE,410502652.2,310411123.4
2006,Singapore,SGP,2.9328E+11,3.38926E+11
2006,Sint Maarten (Dutch part),SXM,..,..
2006,Slovak Republic,SVK,59227656231,57507321360
2006,Slovenia,SVN,25630375110,25611438966
2006,Solomon Islands,SLB,263730374.6,167049896.4
2006,"Somalia, Fed. Rep.",SOM,..,..
2006,South Africa,ZAF,84077365460,79301796384
2006,South Sudan,SSD,..,..
2006,Spain,ESP,3.89916E+11,3.17777E+11
2006,Sri Lanka,LKA,11627135437,8516554444
2006,St. Kitts and Nevis,KNA,..,..
2006,St. Lucia,LCA,..,..
2006,St. Martin (French part),MAF,..,..
2006,St. Vincent and the Grenadines,VCT,..,..
2006,Sudan,SDN,9554139449,6832541573
2006,Suriname,SUR,1192914677,1385355542
2006,Sweden,SWE,1.72104E+11,2.01117E+11
2006,Switzerland,CHE,2.1921E+11,2.50006E+11
2006,Syrian Arab Republic,SYR,11878533724,13167057674
2006,Tajikistan,TJK,2349012008,1645945559
2006,Tanzania,TZA,4534527045,3428845589
2006,Thailand,THA,1.45056E+11,1.52293E+11
2006,Timor-Leste,TLS,406808581.9,41881929.53
2006,Togo,TGO,1214295355,831810885.4
2006,Tonga,TON,151361385,42549591.57
2006,Trinidad and Tobago,TTO,..,..
2006,Tunisia,TUN,16470689882,15823068688
2006,Turkiye,TUR,1.47025E+11,1.26909E+11
2006,Turkmenistan,TKM,1781062356,3608775982
2006,Turks and Caicos Islands,TCA,..,..
2006,Tuvalu,TUV,..,..
2006,Uganda,UGA,2829448599,1524126930
2006,Ukraine,UKR,51424950495,48355049505
2006,United Arab Emirates,ARE,1.1293E+11,1.52434E+11
2006,United Kingdom,GBR,7.96611E+11,7.45509E+11
2006,United States,USA,2.25662E+12,1.47017E+12
2006,Uruguay,URY,6252911447,5981157818
2006,Uzbekistan,UZB,5365211006,6328126538
2006,Vanuatu,VUT,212073602.2,181334498.8
2006,"Venezuela, RB",VEN,40634711691,67003462040
2006,Viet Nam,VNM,46856276474,44944777029
2006,Virgin Islands (U.S.),VIR,12027000000,12730000000
2006,West Bank and Gaza,PSE,3683400000,736300000
2006,"Yemen, Rep.",YEM,7781119959,7865176600
2006,Zambia,ZMB,3222874997,4157837751
2006,Zimbabwe,ZWE,2552500000,1958500000
2006,Africa Eastern and Southern,AFE,1.70583E+11,1.71731E+11
2006,Africa Western and Central,AFW,..,..
2006,Arab World,ARB,5.04047E+11,7.72884E+11
2006,Caribbean small states,CSS,..,..
2006,Central Europe and the Baltics,CEB,5.43375E+11,5.01631E+11
2006,Early-demographic dividend,EAR,1.55465E+12,1.71087E+12
2006,East Asia & Pacific,EAS,3.42937E+12,3.84143E+12
2006,East Asia & Pacific (excluding high income),EAP,1.29078E+12,1.55924E+12
2006,East Asia & Pacific (IDA & IBRD countries),TEA,1.28846E+12,1.55726E+12
2006,Euro area,EMU,4.14883E+12,4.29616E+12
2006,Europe & Central Asia,ECS,6.49223E+12,6.78707E+12
2006,Europe & Central Asia (excluding high income),ECA,3.19407E+11,2.9045E+11
2006,Europe & Central Asia (IDA & IBRD countries),TEC,7.5561E+11,8.19628E+11
2006,European Union,EUU,4.8433E+12,5.00424E+12
2006,Fragile and conflict affected situations,FCS,2.79074E+11,3.62002E+11
2006,Heavily indebted poor countries (HIPC),HPC,1.09007E+11,83796926743
2006,High income,HIC,1.15186E+13,1.14937E+13
2006,IBRD only,IBD,3.2837E+12,3.75012E+12
2006,IDA & IBRD total,IBT,3.56273E+12,3.98216E+12
2006,IDA blend,IDB,1.02915E+11,..
2006,IDA only,IDX,1.76191E+11,1.38307E+11
2006,IDA total,IDA,2.79139E+11,2.48818E+11
2006,Late-demographic dividend,LTE,2.42508E+12,2.93564E+12
2006,Latin America & Caribbean,LCN,7.8836E+11,8.65408E+11
2006,Latin America & Caribbean (excluding high income),LAC,5.95365E+11,6.10222E+11
2006,Latin America & the Caribbean (IDA & IBRD countries),TLA,7.1276E+11,7.75679E+11
2006,Least developed countries: UN classification,LDC,1.32854E+11,1.24164E+11
2006,Low & middle income,LMY,3.00757E+12,3.28647E+12
2006,Low income,LIC,73689303878,63724055630
2006,Lower middle income,LMC,6.49131E+11,5.94742E+11
2006,"Middle East, North Africa, Afghanistan & Pakistan",MEA,6.60307E+11,9.32161E+11
2006,"Middle East, North Africa, Afghanistan & Pakistan (excluding high income)",MNA,2.94021E+11,3.43439E+11
2006,"Middle East, North Africa, Afghanistan & Pakistan (IDA & IBRD)",TMN,2.90363E+11,3.42711E+11
2006,Middle income,MIC,2.93845E+12,3.22803E+12
2006,North America,NAC,2.68883E+12,1.94003E+12
2006,Not classified,INX,..,..
2006,OECD members,OED,1.03561E+13,9.86028E+12
2006,Other small states,OSS,58339045079,54191727181
2006,Pacific island small states,PSS,..,..
2006,Post-demographic dividend,PST,1.01553E+13,9.73255E+12
2006,Pre-demographic dividend,PRE,1.58285E+11,1.88678E+11
2006,Small states,SST,86144705959,81966402172
2006,South Asia,SAS,2.64995E+11,2.24821E+11
2006,South Asia (IDA & IBRD),TSA,2.64995E+11,2.24821E+11
2006,Sub-Saharan Africa,SSF,2.53489E+11,2.745E+11
2006,Sub-Saharan Africa (excluding high income),SSA,2.47797E+11,2.70389E+11
2006,Sub-Saharan Africa (IDA & IBRD countries),TSS,2.53489E+11,2.745E+11
2006,Upper middle income,UMC,2.28674E+12,2.63744E+12
2006,World,WLD,1.4601E+13,1.48715E+13
2007,Afghanistan,AFG,..,..
2007,Albania,ALB,5867639980,3016116393
2007,Algeria,DZA,32522138070,63718503039
2007,American Samoa,ASM,625000000,505000000
2007,Andorra,AND,..,..
2007,Angola,AGO,26304660776,44706822242
2007,Antigua and Barbuda,ATG,..,..
2007,Argentina,ARG,52567536062,65162321195
2007,Armenia,ARM,3570727480,1674567003
2007,Aruba,ABW,2005849162,1742107263
2007,Australia,AUS,1.86601E+11,1.7257E+11
2007,Austria,AUT,1.8748E+11,2.04559E+11
2007,Azerbaijan,AZE,9423346742,22516209779
2007,"Bahamas, The",BHS,5088400000,4257100000
2007,Bahrain,BHR,12626329787,17314361702
2007,Bangladesh,BGD,18268522232,13530265640
2007,Barbados,BRB,..,..
2007,Belarus,BLR,30430179676,27592401029
2007,Belgium,BEL,3.49267E+11,3.68741E+11
2007,Belize,BLZ,774193100,862991350
2007,Benin,BEN,2211437454,1800691336
2007,Bermuda,BMU,..,..
2007,Bhutan,BTN,685296380.4,657484027.3
2007,Bolivia,BOL,4495769626,5483635309
2007,Bosnia and Herzegovina,BIH,8907143372,4276282415
2007,Botswana,BWA,4440003828,5968390549
2007,Brazil,BRA,1.67164E+11,1.86203E+11
2007,British Virgin Islands,VGB,..,..
2007,Brunei Darussalam,BRN,3230040502,7651436598
2007,Bulgaria,BGR,31625068402,23261999930
2007,Burkina Faso,BFA,1786796468,789151147.1
2007,Burundi,BDI,..,..
2007,Cabo Verde,CPV,997366408,556679670.9
2007,Cambodia,KHM,7349164263,6191862457
2007,Cameroon,CMR,6278066804,6455516974
2007,Canada,CAN,4.70814E+11,5.02771E+11
2007,Cayman Islands,CYM,..,..
2007,Central African Republic,CAF,398870436.5,239933929.8
2007,Chad,TCD,3437503813,4723051939
2007,Channel Islands,CHI,..,..
2007,Chile,CHL,54933531081,77844967147
2007,China,CHN,9.50021E+11,1.25806E+12
2007,Colombia,COL,42618891608,33889993567
2007,Comoros,COM,192400430.1,71414386.41
2007,"Congo, Dem. Rep.",COD,6873875907,6539421979
2007,"Congo, Rep.",COG,7035053891,6014868764
2007,Costa Rica,CRI,12333210826,10910386211
2007,Cote d'Ivoire,CIV,8898369157,8769225736
2007,Croatia,HRV,27152998858,22213683067
2007,Cuba,CUB,9567222222,11035092593
2007,Curacao,CUW,2209832402,1578435754
2007,Cyprus,CYP,13905730906,12765499589
2007,Czechia,CZE,1.21106E+11,1.25713E+11
2007,Denmark,DNK,1.55784E+11,1.64582E+11
2007,Djibouti,DJI,..,..
2007,Dominica,DMA,..,..
2007,Dominican Republic,DOM,15153678844,11766045684
2007,Ecuador,ECU,15636624000,18684515000
2007,"Egypt, Arab Rep.",EGY,45429071804,39457092820
2007,El Salvador,SLV,8855300000,4349400000
2007,Equatorial Guinea,GNQ,5942729603,11584326308
2007,Eritrea,ERI,379414634.1,76071544.72
2007,Estonia,EST,16026215439,14052834656
2007,Eswatini,SWZ,..,..
2007,Ethiopia,ETH,..,..
2007,Faroe Islands,FRO,1342046523,985414151.1
2007,Fiji,FJI,..,..
2007,Finland,FIN,1.00068E+11,1.1236E+11
2007,France,FRA,7.77996E+11,7.6643E+11
2007,French Polynesia,PYF,2458544922,1351417031
2007,Gabon,GAB,3313621545,7289977427
2007,"Gambia, The",GMB,336061371.2,230768306.1
2007,Georgia,GEO,5857076837,3135124263
2007,Germany,DEU,1.19319E+12,1.41581E+12
2007,Ghana,GHA,10136811817,6088927418
2007,Gibraltar,GIB,..,..
2007,Greece,GRC,1.02996E+11,68338676372
2007,Greenland,GRL,1322096860,814482647
2007,Grenada,GRD,..,..
2007,Guam,GUM,2489000000,1005000000
2007,Guatemala,GTM,14441173646,8721101393
2007,Guinea,GIN,2988313290,1479451796
2007,Guinea-Bissau,GNB,264542674.4,83754002.68
2007,Guyana,GUY,..,..
2007,Haiti,HTI,2384574759,779237501.8
2007,Honduras,HND,10082042434,6614386799
2007,"Hong Kong SAR, China",HKG,3.71854E+11,3.94443E+11
2007,Hungary,HUN,1.08987E+11,1.09047E+11
2007,Iceland,ISL,9057418952,7110704785
2007,India,IND,3.02804E+11,2.53078E+11
2007,Indonesia,IDN,1.09755E+11,1.27226E+11
2007,"Iran, Islamic Rep.",IRN,73597500000,1.00877E+11
2007,Iraq,IRQ,25045843947,40776066436
2007,Ireland,IRL,1.9597E+11,2.18323E+11
2007,Isle of Man,IMN,..,..
2007,Israel,ISR,74068549938,71528775590
2007,Italy,ITA,6.13039E+11,6.05528E+11
2007,Jamaica,JAM,..,..
2007,Japan,JPN,7.11119E+11,7.91799E+11
2007,Jordan,JOR,15700423131,9279830748
2007,Kazakhstan,KAZ,44926943202,51704450816
2007,Kenya,KEN,10218887780,7004914020
2007,Kiribati,KIR,111422750.7,21329562.87
2007,"Korea, Dem. People's Rep.",PRK,..,..
2007,"Korea, Rep.",KOR,4.30768E+11,4.40035E+11
2007,Kosovo,XKX,..,..
2007,Kuwait,KWT,32461455101,72695222614
2007,Kyrgyz Republic,KGZ,3199688543,2012053353
2007,Lao PDR,LAO,1925686524,1419583784
2007,Latvia,LVA,17797774586,11881893038
2007,Lebanon,LBN,15101534372,9221256285
2007,Lesotho,LSO,1880626511,895714317.1
2007,Liberia,LBR,..,..
2007,Libya,LBY,19933552186,49958301819
2007,Liechtenstein,LIE,..,..
2007,Lithuania,LTU,25702866721,20500472085
2007,Luxembourg,LUX,71143315824,87480215781
2007,"Macao SAR, China",MAC,9549700629,14545933761
2007,Madagascar,MDG,3316634032,2369521281
2007,Malawi,MWI,..,..
2007,Malaysia,MYS,1.67028E+11,2.05488E+11
2007,Maldives,MDV,..,..
2007,Mali,MLI,2630827631,1917811428
2007,Malta,MLT,7432155097,7185068886
2007,Marshall Islands,MHL,133085600,39278600
2007,Mauritania,MRT,1979303956,1761222665
2007,Mauritius,MUS,5284084362,4534954334
2007,Mexico,MEX,3.13923E+11,2.95223E+11
2007,"Micronesia, Fed. Sts.",FSM,196000000,58000000
2007,Moldova,MDA,4275302483,2006075563
2007,Monaco,MCO,..,..
2007,Mongolia,MNG,2467563995,2524671715
2007,Montenegro,MNE,3155958117,1582817273
2007,Morocco,MAR,34711235493,27325793519
2007,Mozambique,MOZ,4086680888,3061895143
2007,Myanmar,MMR,..,..
2007,Namibia,NAM,4872715168,4406968680
2007,Nauru,NRU,..,..
2007,Nepal,NPL,3275658805,1327426849
2007,Netherlands,NLD,5.21387E+11,5.8644E+11
2007,New Caledonia,NCL,3950411264,2415310046
2007,New Zealand,NZL,39993385757,40159476740
2007,Nicaragua,NIC,4451215795,2454433020
2007,Niger,NER,1285931135,748906703.6
2007,Nigeria,NGA,..,..
2007,North Macedonia,MKD,5166643092,3677770468
2007,Northern Mariana Islands,MNP,579000000,627000000
2007,Norway,NOR,1.16704E+11,1.72966E+11
2007,Oman,OMN,19440832250,26379713914
2007,Pakistan,PAK,35286555607,21406517114
2007,Palau,PLW,144951538.1,85528068.54
2007,Panama,PAN,16654324300,15632029200
2007,Papua New Guinea,PNG,..,..
2007,Paraguay,PRY,6361555843,7745197916
2007,Peru,PER,24690635986,32206455737
2007,Philippines,PHL,55577057555,59294683204
2007,Poland,POL,1.81659E+11,1.65316E+11
2007,Portugal,PRT,93196905901,75020812081
2007,Puerto Rico (US),PRI,45265800000,60010800000
2007,Qatar,QAT,28566208791,48048351648
2007,Romania,ROU,67730544448,43142335692
2007,Russian Federation,RUS,2.79983E+11,3.92043E+11
2007,Rwanda,RWA,907851453.6,556349850.2
2007,Samoa,WSM,309667927.8,167537032.8
2007,San Marino,SMR,..,..
2007,Sao Tome and Principe,STP,..,..
2007,Saudi Arabia,SAU,1.45279E+11,2.49318E+11
2007,Senegal,SEN,5418129806,2876425982
2007,Serbia,SRB,20858224058,11782818822
2007,Seychelles,SYC,948944629.7,935575118
2007,Sierra Leone,SLE,463532389.6,328699384.2
2007,Singapore,SGP,3.28426E+11,3.85007E+11
2007,Sint Maarten (Dutch part),SXM,..,..
2007,Slovak Republic,SVK,72043417020,72194477962
2007,Slovenia,SVN,33276137347,32637319159
2007,Solomon Islands,SLB,358767256.8,223522547.7
2007,"Somalia, Fed. Rep.",SOM,..,..
2007,South Africa,ZAF,97145854047,93124912620
2007,South Sudan,SSD,..,..
2007,Spain,ESP,4.68185E+11,3.82818E+11
2007,Sri Lanka,LKA,12775598413,9418771914
2007,St. Kitts and Nevis,KNA,..,..
2007,St. Lucia,LCA,..,..
2007,St. Martin (French part),MAF,..,..
2007,St. Vincent and the Grenadines,VCT,..,..
2007,Sudan,SDN,10403689996,10045701106
2007,Suriname,SUR,1387613843,1589435337
2007,Sweden,SWE,2.04952E+11,2.33871E+11
2007,Switzerland,CHE,2.54101E+11,3.02065E+11
2007,Syrian Arab Republic,SYR,15289807769,15617340809
2007,Tajikistan,TJK,3707207850,1705745533
2007,Tanzania,TZA,6170713086,4335060982
2007,Thailand,THA,1.60398E+11,1.81095E+11
2007,Timor-Leste,TLS,644645219.8,54263045.33
2007,Togo,TGO,1396901169,925780995.6
2007,Tonga,TON,167200821.3,36478873.66
2007,Trinidad and Tobago,TTO,..,..
2007,Tunisia,TUN,20617813289,19877270833
2007,Turkiye,TUR,1.77062E+11,1.52036E+11
2007,Turkmenistan,TKM,2469512195,4657598499
2007,Turks and Caicos Islands,TCA,..,..
2007,Tuvalu,TUV,..,..
2007,Uganda,UGA,3577000118,1990712068
2007,Ukraine,UKR,69542970297,61412079208
2007,United Arab Emirates,ARE,1.66134E+11,1.8669E+11
2007,United Kingdom,GBR,8.48868E+11,7.88842E+11
2007,United States,USA,2.39523E+12,1.6593E+12
2007,Uruguay,URY,7167879856,6922888127
2007,Uzbekistan,UZB,7751706398,8851137335
2007,Vanuatu,VUT,250884685.8,214755338.6
2007,"Venezuela, RB",VEN,57748932930,71713558454
2007,Viet Nam,VNM,65095862342,54591007521
2007,Virgin Islands (U.S.),VIR,12667000000,14141000000
2007,West Bank and Gaza,PSE,4284100000,1066300000
2007,"Yemen, Rep.",YEM,9357357854,7773281008
2007,Zambia,ZMB,4523566396,4721899913
2007,Zimbabwe,ZWE,2456000000,2000500000
2007,Africa Eastern and Southern,AFE,2.11232E+11,2.13104E+11
2007,Africa Western and Central,AFW,..,..
2007,Arab World,ARB,6.59466E+11,8.98806E+11
2007,Caribbean small states,CSS,..,..
2007,Central Europe and the Baltics,CEB,7.03107E+11,6.39961E+11
2007,Early-demographic dividend,EAR,1.87997E+12,1.97806E+12
2007,East Asia & Pacific,EAS,3.91402E+12,4.47839E+12
2007,East Asia & Pacific (excluding high income),EAP,1.53806E+12,1.91207E+12
2007,East Asia & Pacific (IDA & IBRD countries),TEA,1.53526E+12,1.90963E+12
2007,Euro area,EMU,4.88725E+12,5.08528E+12
2007,Europe & Central Asia,ECS,7.68048E+12,7.98101E+12
2007,Europe & Central Asia (excluding high income),ECA,4.08643E+11,3.64318E+11
2007,Europe & Central Asia (IDA & IBRD countries),TEC,9.96761E+11,1.0103E+12
2007,European Union,EUU,5.7591E+12,5.95021E+12
2007,Fragile and conflict affected situations,FCS,3.57271E+11,4.2584E+11
2007,Heavily indebted poor countries (HIPC),HPC,1.38116E+11,1.0148E+11
2007,High income,HIC,1.31736E+13,1.32317E+13
2007,IBRD only,IBD,4.05174E+12,4.53487E+12
2007,IDA & IBRD total,IBT,4.39222E+12,4.80914E+12
2007,IDA blend,IDB,1.21787E+11,..
2007,IDA only,IDX,2.17087E+11,1.6599E+11
2007,IDA total,IDA,3.39383E+11,2.91438E+11
2007,Late-demographic dividend,LTE,3.02444E+12,3.57104E+12
2007,Latin America & Caribbean,LCN,9.31062E+11,9.71992E+11
2007,Latin America & Caribbean (excluding high income),LAC,7.00089E+11,6.93694E+11
2007,Latin America & the Caribbean (IDA & IBRD countries),TLA,8.5086E+11,8.78564E+11
2007,Least developed countries: UN classification,LDC,1.72277E+11,1.5664E+11
2007,Low & middle income,LMY,3.64995E+12,3.97664E+12
2007,Low income,LIC,91252078418,79297560647
2007,Lower middle income,LMC,8.30513E+11,7.2414E+11
2007,"Middle East, North Africa, Afghanistan & Pakistan",MEA,8.41777E+11,1.08809E+12
2007,"Middle East, North Africa, Afghanistan & Pakistan (excluding high income)",MNA,3.56158E+11,4.09753E+11
2007,"Middle East, North Africa, Afghanistan & Pakistan (IDA & IBRD)",TMN,3.51909E+11,4.08695E+11
2007,Middle income,MIC,3.56472E+12,3.90429E+12
2007,North America,NAC,2.86761E+12,2.16519E+12
2007,Not classified,INX,..,..
2007,OECD members,OED,1.17494E+13,1.13607E+13
2007,Other small states,OSS,70543986131,65045990277
2007,Pacific island small states,PSS,..,..
2007,Post-demographic dividend,PST,1.1479E+13,1.11827E+13
2007,Pre-demographic dividend,PRE,2.03061E+11,2.3861E+11
2007,Small states,SST,1.02353E+11,97426779766
2007,South Asia,SAS,3.4355E+11,2.81625E+11
2007,South Asia (IDA & IBRD),TSA,3.4355E+11,2.81625E+11
2007,Sub-Saharan Africa,SSF,3.17741E+11,3.35643E+11
2007,Sub-Saharan Africa (excluding high income),SSA,3.11006E+11,3.30823E+11
2007,Sub-Saharan Africa (IDA & IBRD countries),TSS,3.17741E+11,3.35643E+11
2007,Upper middle income,UMC,2.73373E+12,3.18561E+12
2007,World,WLD,1.69173E+13,1.73057E+13
2008,Afghanistan,AFG,..,..
2008,Albania,ALB,6717539641,3259293798
2008,Algeria,DZA,45783784537,82340143196
2008,American Samoa,ASM,758000000,641000000
2008,Andorra,AND,..,..
2008,Angola,AGO,43121902047,64243944324
2008,Antigua and Barbuda,ATG,..,..
2008,Argentina,ARG,66316154417,79762958392
2008,Armenia,ARM,4697073302,1663675191
2008,Aruba,ABW,2091921788,1863013966
2008,Australia,AUS,2.39715E+11,2.12795E+11
2008,Austria,AUT,2.10949E+11,2.30063E+11
2008,Azerbaijan,AZE,11463815389,32132494340
2008,"Bahamas, The",BHS,5045700000,4157100000
2008,Bahrain,BHR,16276329787,21231382979
2008,Bangladesh,BGD,22874478189,16182047683
2008,Barbados,BRB,..,..
2008,Belarus,BLR,41713443175,37020969856
2008,Belgium,BEL,4.14938E+11,4.18418E+11
2008,Belize,BLZ,897427350,935978400
2008,Benin,BEN,2509050412,2167074922
2008,Bermuda,BMU,..,..
2008,Bhutan,BTN,729315401.3,613949836.7
2008,Bolivia,BOL,6329632797,7487843217
2008,Bosnia and Herzegovina,BIH,11336719178,5131416811
2008,Botswana,BWA,5586611000,5037792115
2008,Brazil,BRA,2.32732E+11,2.29517E+11
2008,British Virgin Islands,VGB,..,..
2008,Brunei Darussalam,BRN,3790860498,10502405645
2008,Bulgaria,BGR,39341095058,28590187695
2008,Burkina Faso,BFA,2385163308,959257099
2008,Burundi,BDI,..,..
2008,Cabo Verde,CPV,1109653504,672942622.5
2008,Cambodia,KHM,8353365209,7521137176
2008,Cameroon,CMR,8291276216,7485406851
2008,Canada,CAN,5.06719E+11,5.34151E+11
2008,Cayman Islands,CYM,..,..
2008,Central African Republic,CAF,467132356.2,219347920.2
2008,Chad,TCD,3881338731,5363793156
2008,Channel Islands,CHI,..,..
2008,Chile,CHL,71083667802,74049221810
2008,China,CHN,1.14904E+12,1.49787E+12
2008,Colombia,COL,51066655641,43916519836
2008,Comoros,COM,256358720.6,75279514.7
2008,"Congo, Dem. Rep.",COD,8854254132,7723146544
2008,"Congo, Rep.",COG,6955613710,8551335537
2008,Costa Rica,CRI,14660106902,11953067325
2008,Cote d'Ivoire,CIV,10539361095,10568912670
2008,Croatia,HRV,31568789031,24633099476
2008,Cuba,CUB,13709351852,11580000000
2008,Curacao,CUW,2756201117,1968324022
2008,Cyprus,CYP,17498754944,13945071041
2008,Czechia,CZE,1.43963E+11,1.4908E+11
2008,Denmark,DNK,1.79262E+11,1.91586E+11
2008,Djibouti,DJI,..,..
2008,Dominica,DMA,..,..
2008,Dominican Republic,DOM,18024743516,11517105550
2008,Ecuador,ECU,20979384000,24624704000
2008,"Egypt, Arab Rep.",EGY,62909090909,53800000000
2008,El Salvador,SLV,9699500000,4809800000
2008,Equatorial Guinea,GNQ,7794030129,17621714169
2008,Eritrea,ERI,360673606.5,61125203.25
2008,Estonia,EST,17111419364,16160988721
2008,Eswatini,SWZ,..,..
2008,Ethiopia,ETH,..,..
2008,Faroe Islands,FRO,1432211138,1144713622
2008,Fiji,FJI,..,..
2008,Finland,FIN,1.17956E+11,1.28287E+11
2008,France,FRA,8.77477E+11,8.54599E+11
2008,French Polynesia,PYF,2790969259,1351170325
2008,Gabon,GAB,4172990648,9685333826
2008,"Gambia, The",GMB,384411745.5,226068893.1
2008,Georgia,GEO,7425650258,3616332795
2008,Germany,DEU,1.33913E+12,1.55941E+12
2008,Ghana,GHA,12757957188,7178293982
2008,Gibraltar,GIB,..,..
2008,Greece,GRC,1.20507E+11,80002280548
2008,Greenland,GRL,1759213327,924142592.6
2008,Grenada,GRD,..,..
2008,Guam,GUM,2673000000,973000000
2008,Guatemala,GTM,15422428184,9673807862
2008,Guinea,GIN,2962825500,1507080731
2008,Guinea-Bissau,GNB,317927199.9,112096348.9
2008,Guyana,GUY,..,..
2008,Haiti,HTI,2853795883,917202441.2
2008,Honduras,HND,11719468690,7124837294
2008,"Hong Kong SAR, China",HKG,4.0181E+11,4.24118E+11
2008,Hungary,HUN,1.25395E+11,1.25323E+11
2008,Iceland,ISL,7661403285,7284145795
2008,India,IND,3.50927E+11,2.88902E+11
2008,Indonesia,IDN,1.46707E+11,1.5209E+11
2008,"Iran, Islamic Rep.",IRN,87923600000,1.07922E+11
2008,Iraq,IRQ,40441477852,66239316769
2008,Ireland,IRL,2.08531E+11,2.32294E+11
2008,Isle of Man,IMN,..,..
2008,Israel,ISR,84526756689,82239708194
2008,Italy,ITA,6.64126E+11,6.46509E+11
2008,Jamaica,JAM,..,..
2008,Japan,JPN,8.62719E+11,8.80164E+11
2008,Jordan,JOR,19228736858,12700322827
2008,Kazakhstan,KAZ,49571463782,76257078322
2008,Kenya,KEN,12529038544,8138887724
2008,Kiribati,KIR,119569159.4,20747549.32
2008,"Korea, Dem. People's Rep.",PRK,..,..
2008,"Korea, Rep.",KOR,5.04705E+11,5.00459E+11
2008,Kosovo,XKX,3085232166,890783653.1
2008,Kuwait,KWT,38206585624,98390048656
2008,Kyrgyz Republic,KGZ,4757398251,2752394340
2008,Lao PDR,LAO,2652146161,1805714832
2008,Latvia,LVA,18615164450,14075490425
2008,Lebanon,LBN,19824163540,11224076779
2008,Lesotho,LSO,1911931986,935018108.1
2008,Liberia,LBR,..,..
2008,Libya,LBY,25255769630,64266297907
2008,Liechtenstein,LIE,..,..
2008,Lithuania,LTU,33089174594,27541583492
2008,Luxembourg,LUX,76920486013,95030426101
2008,"Macao SAR, China",MAC,9864328544,16757376146
2008,Madagascar,MDG,5003293325,2971635295
2008,Malawi,MWI,..,..
2008,Malaysia,MYS,1.78114E+11,2.29657E+11
2008,Maldives,MDV,..,..
2008,Mali,MLI,3779803474,2369022701
2008,Malta,MLT,8612610368,8356387784
2008,Marshall Islands,MHL,135852400,43068200
2008,Mauritania,MRT,2734283391,2166026281
2008,Mauritius,MUS,6416653411,5077630569
2008,Mexico,MEX,3.4086E+11,3.13852E+11
2008,"Micronesia, Fed. Sts.",FSM,226000000,61000000
2008,Moldova,MDA,5667488225,2471503489
2008,Monaco,MCO,..,..
2008,Mongolia,MNG,3777731883,3037494935
2008,Montenegro,MNE,4219318881,1796439285
2008,Morocco,MAR,46189159809,33064161825
2008,Mozambique,MOZ,4862589824,3533230752
2008,Myanmar,MMR,..,..
2008,Namibia,NAM,5680135504,4618182718
2008,Nauru,NRU,27754052.54,34021096.66
2008,Nepal,NPL,4172661317,1602782687
2008,Netherlands,NLD,5.79975E+11,6.66754E+11
2008,New Caledonia,NCL,4476071379,1682427312
2008,New Zealand,NZL,43041400155,42706825051
2008,Nicaragua,NIC,5295609531,2928943987
2008,Niger,NER,1936106938,961860898.1
2008,Nigeria,NGA,..,..
2008,North Macedonia,MKD,6772741639,4283351434
2008,Northern Mariana Islands,MNP,459000000,488000000
2008,Norway,NOR,1.32814E+11,2.14876E+11
2008,Oman,OMN,26587776333,39560468140
2008,Pakistan,PAK,45441542692,24013343672
2008,Palau,PLW,160952148.4,92962448.12
2008,Panama,PAN,22194340800,20139437700
2008,Papua New Guinea,PNG,..,..
2008,Paraguay,PRY,9437298164,10446318050
2008,Peru,PER,34605420554,35836836529
2008,Philippines,PHL,62341268152,60584223734
2008,Poland,POL,2.29809E+11,2.01758E+11
2008,Portugal,PRT,1.07513E+11,82346807429
2008,Puerto Rico (US),PRI,44928300000,63953600000
2008,Qatar,QAT,32356868132,70732417582
2008,Romania,ROU,83625436607,56055402885
2008,Russian Federation,RUS,3.66597E+11,5.20004E+11
2008,Rwanda,RWA,1363946531,583912253.2
2008,Samoa,WSM,295173247.1,178694539
2008,San Marino,SMR,..,..
2008,Sao Tome and Principe,STP,..,..
2008,Saudi Arabia,SAU,1.76685E+11,3.22854E+11
2008,Senegal,SEN,7064428723,3513433452
2008,Serbia,SRB,26220470717,14848003087
2008,Seychelles,SYC,1084488355,961331923.1
2008,Sierra Leone,SLE,561030046.8,322797772.3
2008,Singapore,SGP,4.03369E+11,4.43372E+11
2008,Sint Maarten (Dutch part),SXM,..,..
2008,Slovak Republic,SVK,82942813434,80870213061
2008,Slovenia,SVN,38163318803,36989152941
2008,Solomon Islands,SLB,408521340.6,269628046.5
2008,"Somalia, Fed. Rep.",SOM,..,..
2008,South Africa,ZAF,1.06599E+11,1.01967E+11
2008,South Sudan,SSD,4556634294,9630874289
2008,Spain,ESP,4.95421E+11,4.17992E+11
2008,Sri Lanka,LKA,15686042402,10113919887
2008,St. Kitts and Nevis,KNA,..,..
2008,St. Lucia,LCA,..,..
2008,St. Martin (French part),MAF,..,..
2008,St. Vincent and the Grenadines,VCT,..,..
2008,Sudan,SDN,10681682386,13138704158
2008,Suriname,SUR,1846265938,2010564663
2008,Sweden,SWE,2.25371E+11,2.52233E+11
2008,Switzerland,CHE,3.04332E+11,3.58112E+11
2008,Syrian Arab Republic,SYR,19270827060,19741840053
2008,Tajikistan,TJK,4153058027,1755605594
2008,Tanzania,TZA,8261916291,5439934817
2008,Thailand,THA,2.01114E+11,2.08095E+11
2008,Timor-Leste,TLS,816519379.1,60613736.06
2008,Togo,TGO,1693309261,1159663571
2008,Tonga,TON,195181759.3,55075033.3
2008,Trinidad and Tobago,TTO,..,..
2008,Tunisia,TUN,26328377736,24965547802
2008,Turkiye,TUR,2.08121E+11,1.8549E+11
2008,Turkmenistan,TKM,7197896377,11056875730
2008,Turks and Caicos Islands,TCA,..,..
2008,Tuvalu,TUV,..,..
2008,Uganda,UGA,4617770608,3506150678
2008,Ukraine,UKR,95770805896,81376308304
2008,United Arab Emirates,ARE,2.19714E+11,2.48808E+11
2008,United Kingdom,GBR,8.55805E+11,8.06393E+11
2008,United States,USA,2.57615E+12,1.83528E+12
2008,Uruguay,URY,10893438975,9399061015
2008,Uzbekistan,UZB,11400016682,12165067486
2008,Vanuatu,VUT,350296460.2,274566820.1
2008,"Venezuela, RB",VEN,66373413224,97382107619
2008,Viet Nam,VNM,83250410219,69724976614
2008,Virgin Islands (U.S.),VIR,18222000000,18412000000
2008,West Bank and Gaza,PSE,4645300000,1165000000
2008,"Yemen, Rep.",YEM,11681401144,10182247997
2008,Zambia,ZMB,5469175508,5179705636
2008,Zimbabwe,ZWE,3006750000,1832000000
2008,Africa Eastern and Southern,AFE,2.56623E+11,2.5379E+11
2008,Africa Western and Central,AFW,..,..
2008,Arab World,ARB,8.5072E+11,1.19986E+12
2008,Caribbean small states,CSS,..,..
2008,Central Europe and the Baltics,CEB,8.43624E+11,7.61078E+11
2008,Early-demographic dividend,EAR,2.24023E+12,2.34075E+12
2008,East Asia & Pacific,EAS,4.64577E+12,5.11267E+12
2008,East Asia & Pacific (excluding high income),EAP,1.85755E+12,2.24943E+12
2008,East Asia & Pacific (IDA & IBRD countries),TEA,1.85414E+12,2.24655E+12
2008,Euro area,EMU,5.46104E+12,5.63428E+12
2008,Europe & Central Asia,ECS,8.66952E+12,9.02714E+12
2008,Europe & Central Asia (excluding high income),ECA,5.10291E+11,4.77968E+11
2008,Europe & Central Asia (IDA & IBRD countries),TEC,1.26123E+12,1.30901E+12
2008,European Union,EUU,6.48781E+12,6.63891E+12
2008,Fragile and conflict affected situations,FCS,4.59012E+11,5.72532E+11
2008,Heavily indebted poor countries (HIPC),HPC,1.68764E+11,1.24253E+11
2008,High income,HIC,1.48429E+13,1.48966E+13
2008,IBRD only,IBD,4.9744E+12,5.46471E+12
2008,IDA & IBRD total,IBT,5.39565E+12,5.79522E+12
2008,IDA blend,IDB,1.53236E+11,..
2008,IDA only,IDX,2.67369E+11,2.00235E+11
2008,IDA total,IDA,4.20907E+11,3.51194E+11
2008,Late-demographic dividend,LTE,3.69838E+12,4.32777E+12
2008,Latin America & Caribbean,LCN,1.12473E+12,1.11685E+12
2008,Latin America & Caribbean (excluding high income),LAC,8.48503E+11,7.98006E+11
2008,Latin America & the Caribbean (IDA & IBRD countries),TLA,1.03399E+12,1.01422E+12
2008,Least developed countries: UN classification,LDC,2.25743E+11,2.0342E+11
2008,Low & middle income,LMY,4.45377E+12,4.74444E+12
2008,Low income,LIC,1.13184E+11,99960069493
2008,Lower middle income,LMC,1.02259E+12,8.65228E+11
2008,"Middle East, North Africa, Afghanistan & Pakistan",MEA,1.06918E+12,1.40713E+12
2008,"Middle East, North Africa, Afghanistan & Pakistan (excluding high income)",MNA,4.67095E+11,5.15904E+11
2008,"Middle East, North Africa, Afghanistan & Pakistan (IDA & IBRD)",TMN,4.62523E+11,5.14751E+11
2008,Middle income,MIC,4.34841E+12,4.65415E+12
2008,North America,NAC,3.08455E+12,2.37286E+12
2008,Not classified,INX,..,..
2008,OECD members,OED,1.31111E+13,1.2611E+13
2008,Other small states,OSS,79421650441,74546436524
2008,Pacific island small states,PSS,..,..
2008,Post-demographic dividend,PST,1.28361E+13,1.24296E+13
2008,Pre-demographic dividend,PRE,2.75409E+11,3.3204E+11
2008,Small states,SST,1.14705E+11,1.10813E+11
2008,South Asia,SAS,4.01092E+11,3.2154E+11
2008,South Asia (IDA & IBRD),TSA,4.01092E+11,3.2154E+11
2008,Sub-Saharan Africa,SSF,3.86819E+11,4.07155E+11
2008,Sub-Saharan Africa (excluding high income),SSA,3.78704E+11,4.01528E+11
2008,Sub-Saharan Africa (IDA & IBRD countries),TSS,3.86819E+11,4.07155E+11
2008,Upper middle income,UMC,3.32581E+12,3.7956E+12
2008,World,WLD,1.93988E+13,1.97642E+13
2009,Afghanistan,AFG,..,..
2009,Albania,ALB,6004538202,3040047670
2009,Algeria,DZA,47648700297,48982402224
2009,American Samoa,ASM,559000000,530000000
2009,Andorra,AND,..,..
2009,Angola,AGO,41966880323,41587432936
2009,Antigua and Barbuda,ATG,..,..
2009,Argentina,ARG,48268743530,65133480388
2009,Armenia,ARM,3684309605,1268730266
2009,Aruba,ABW,1906100559,1606810056
2009,Australia,AUS,2.11106E+11,2.13717E+11
2009,Austria,AUT,1.68155E+11,1.81625E+11
2009,Azerbaijan,AZE,10235225179,22870725059
2009,"Bahamas, The",BHS,4225400000,3412900000
2009,Bahrain,BHR,11353989362,15704787234
2009,Bangladesh,BGD,23725728360,17359427993
2009,Barbados,BRB,..,..
2009,Belarus,BLR,30401389162,24865004207
2009,Belgium,BEL,3.2274E+11,3.32701E+11
2009,Belize,BLZ,745030750,767106000
2009,Benin,BEN,2412711825,1940710263
2009,Bermuda,BMU,..,..
2009,Bhutan,BTN,786732567.8,565372359.2
2009,Bolivia,BOL,5705628903,6194300356
2009,Bosnia and Herzegovina,BIH,8584706842,4405139247
2009,Botswana,BWA,5327078065,3625814470
2009,Brazil,BRA,1.87614E+11,1.80892E+11
2009,British Virgin Islands,VGB,..,..
2009,Brunei Darussalam,BRN,3643381167,7112433442
2009,Bulgaria,BGR,26258387053,21963850651
2009,Burkina Faso,BFA,2505097431,1303153838
2009,Burundi,BDI,..,..
2009,Cabo Verde,CPV,952528352.2,537877757.8
2009,Cambodia,KHM,7011246138,5777715035
2009,Cameroon,CMR,6311089301,5469950249
2009,Canada,CAN,4.11818E+11,3.91986E+11
2009,Cayman Islands,CYM,..,..
2009,Central African Republic,CAF,447641811.9,203464465.6
2009,Chad,TCD,3939493177,4049680651
2009,Channel Islands,CHI,..,..
2009,Chile,CHL,50795405743,63756458255
2009,China,CHN,1.04253E+12,1.26266E+12
2009,Colombia,COL,43545176395,38181805547
2009,Comoros,COM,258791626.2,84304814.77
2009,"Congo, Dem. Rep.",COD,6738327318,5000249245
2009,"Congo, Rep.",COG,6910587818,6269575239
2009,Costa Rica,CRI,10800050971,10647949563
2009,Cote d'Ivoire,CIV,10593072868,12000249513
2009,Croatia,HRV,23431161212,20004059285
2009,Cuba,CUB,8883333333,10036111111
2009,Curacao,CUW,2410614525,1741117318
2009,Cyprus,CYP,14083949130,12691259460
2009,Czechia,CZE,1.12952E+11,1.21028E+11
2009,Denmark,DNK,1.36777E+11,1.51627E+11
2009,Djibouti,DJI,..,..
2009,Dominica,DMA,..,..
2009,Dominican Republic,DOM,14253867214,10171930289
2009,Ecuador,ECU,16849260000,17613615000
2009,"Egypt, Arab Rep.",EGY,59764065336,47205081670
2009,El Salvador,SLV,7413800000,4215800000
2009,Equatorial Guinea,GNQ,7193785588,11171995037
2009,Eritrea,ERI,435274751.2,84082757.72
2009,Estonia,EST,10974937483,11949522089
2009,Eswatini,SWZ,..,..
2009,Ethiopia,ETH,..,..
2009,Faroe Islands,FRO,1221556140,1002431137
2009,Fiji,FJI,..,..
2009,Finland,FIN,86296583224,91464252097
2009,France,FRA,7.1061E+11,6.98805E+11
2009,French Polynesia,PYF,2302135492,1100439957
2009,Gabon,GAB,3795566582,6319926635
2009,"Gambia, The",GMB,377490756.9,228340998.7
2009,Georgia,GEO,5237873746,3181108264
2009,Germany,DEU,1.06738E+12,1.2333E+12
2009,Ghana,GHA,11019356825,7630156153
2009,Gibraltar,GIB,..,..
2009,Greece,GRC,90361949970,61214696316
2009,Greenland,GRL,1392144218,777486179
2009,Grenada,GRD,..,..
2009,Guam,GUM,2639000000,838000000
2009,Guatemala,GTM,12501436111,9046835389
2009,Guinea,GIN,3177066476,1512364188
2009,Guinea-Bissau,GNB,289014701.6,99060618.59
2009,Guyana,GUY,..,..
2009,Haiti,HTI,2804199819,1034002204
2009,Honduras,HND,8369540251,5766473848
2009,"Hong Kong SAR, China",HKG,3.64443E+11,3.81294E+11
2009,Hungary,HUN,92811709104,97259190765
2009,Iceland,ISL,5350549845,6408804967
2009,India,IND,3.47178E+11,2.73752E+11
2009,Indonesia,IDN,1.15217E+11,1.30358E+11
2009,"Iran, Islamic Rep.",IRN,86903100000,94038986374
2009,Iraq,IRQ,43867213453,43993209758
2009,Ireland,IRL,1.89238E+11,2.21207E+11
2009,Isle of Man,IMN,..,..
2009,Israel,ISR,63709559037,67908236147
2009,Italy,ITA,5.05183E+11,4.9221E+11
2009,Jamaica,JAM,..,..
2009,Japan,JPN,6.33184E+11,6.56932E+11
2009,Jordan,JOR,16459154930,11060563380
2009,Kazakhstan,KAZ,39121521980,48243335560
2009,Kenya,KEN,11505843417,7950667080
2009,Kiribati,KIR,117047383.5,19816252.83
2009,"Korea, Dem. People's Rep.",PRK,..,..
2009,"Korea, Rep.",KOR,3.89431E+11,4.27738E+11
2009,Kosovo,XKX,2935683523,964444290.1
2009,Kuwait,KWT,31130878955,62981044877
2009,Kyrgyz Republic,KGZ,3690178106,2565386046
2009,Lao PDR,LAO,2734099408,1755689259
2009,Latvia,LVA,11673201279,11149111760
2009,Lebanon,LBN,20249317982,11751139952
2009,Lesotho,LSO,1986907946,779282540.3
2009,Liberia,LBR,..,..
2009,Libya,LBY,26989295863,38453444422
2009,Liechtenstein,LIE,..,..
2009,Lithuania,LTU,20021144009,19363046984
2009,Luxembourg,LUX,62968336728,80570783796
2009,"Macao SAR, China",MAC,7565488348,16950426231
2009,Madagascar,MDG,4042538711,1959518984
2009,Malawi,MWI,..,..
2009,Malaysia,MYS,1.4389E+11,1.84897E+11
2009,Maldives,MDV,..,..
2009,Mali,MLI,2811783537,2116109706
2009,Malta,MLT,7208258901,7078015883
2009,Marshall Islands,MHL,152721200,42118500
2009,Mauritania,MRT,2110388243,1755986391
2009,Mauritius,MUS,5166991032,4325246090
2009,Mexico,MEX,2.64903E+11,2.50136E+11
2009,"Micronesia, Fed. Sts.",FSM,244000000,61000000
2009,Moldova,MDA,3997505755,2005634869
2009,Monaco,MCO,..,..
2009,Mongolia,MNG,2637353047,2304668257
2009,Montenegro,MNE,2707479994,1427934565
2009,Morocco,MAR,37077112112,26014198657
2009,Mozambique,MOZ,4895152161,3431857368
2009,Myanmar,MMR,..,..
2009,Namibia,NAM,6453818126,4609153402
2009,Nauru,NRU,27242018.09,36813537.96
2009,Nepal,NPL,4455549991,1596506175
2009,Netherlands,NLD,4.70309E+11,5.41452E+11
2009,New Caledonia,NCL,3540660800,1340540623
2009,New Zealand,NZL,32056967956,34875382597
2009,Nicaragua,NIC,4399317810,2820023106
2009,Niger,NER,2539014882,1101191245
2009,Nigeria,NGA,..,..
2009,North Macedonia,MKD,5111838111,3084290851
2009,Northern Mariana Islands,MNP,360000000,312000000
2009,Norway,NOR,1.07292E+11,1.54454E+11
2009,Oman,OMN,21537061118,29274382315
2009,Pakistan,PAK,39220849369,23213002702
2009,Palau,PLW,132898223.9,79241012.57
2009,Panama,PAN,18642684400,19444070800
2009,Papua New Guinea,PNG,..,..
2009,Paraguay,PRY,7320133400,8516698731
2009,Peru,PER,26182192418,31948077817
2009,Philippines,PHL,53966293099,53178736402
2009,Poland,POL,1.67382E+11,1.63148E+11
2009,Portugal,PRT,83673807857,66778989702
2009,Puerto Rico (US),PRI,40651000000,60806600000
2009,Qatar,QAT,28370604396,50009065934
2009,Romania,ROU,56494830823,45307699245
2009,Russian Federation,RUS,2.50605E+11,3.41584E+11
2009,Rwanda,RWA,1500226460,588300424.5
2009,Samoa,WSM,301333821.6,175821407.6
2009,San Marino,SMR,..,..
2009,Sao Tome and Principe,STP,..,..
2009,Saudi Arabia,SAU,1.62069E+11,2.02056E+11
2009,Senegal,SEN,5314157879,3131307996
2009,Serbia,SRB,17917064957,11900794015
2009,Seychelles,SYC,991699603.4,896738912.9
2009,Sierra Leone,SLE,595648221.2,316612969.4
2009,Singapore,SGP,3.24906E+11,3.70526E+11
2009,Sint Maarten (Dutch part),SXM,..,..
2009,Slovak Republic,SVK,61305633340,60839049329
2009,Slovenia,SVN,28245914568,28967234666
2009,Solomon Islands,SLB,344202953.9,234871525.2
2009,"Somalia, Fed. Rep.",SOM,..,..
2009,South Africa,ZAF,81135290312,82381621006
2009,South Sudan,SSD,4222409862,7377203308
2009,Spain,ESP,3.56956E+11,3.43997E+11
2009,Sri Lanka,LKA,11703149677,8972038339
2009,St. Kitts and Nevis,KNA,..,..
2009,St. Lucia,LCA,..,..
2009,St. Martin (French part),MAF,..,..
2009,St. Vincent and the Grenadines,VCT,..,..
2009,Sudan,SDN,9408802692,7513028962
2009,Suriname,SUR,1697267760,1710018215
2009,Sweden,SWE,1.67206E+11,1.88748E+11
2009,Switzerland,CHE,2.86896E+11,3.21497E+11
2009,Syrian Arab Republic,SYR,16712093143,15724551096
2009,Tajikistan,TJK,3062730948,1218526626
2009,Tanzania,TZA,7449615764,5349218508
2009,Thailand,THA,1.54464E+11,1.8153E+11
2009,Timor-Leste,TLS,1079648923,66633470.4
2009,Togo,TGO,1716360384,1221146144
2009,Tonga,TON,189696830.5,42554578.85
2009,Trinidad and Tobago,TTO,..,..
2009,Tunisia,TUN,20848790061,19572383403
2009,Turkiye,TUR,1.52235E+11,1.55351E+11
2009,Turkmenistan,TKM,11697894737,9517543860
2009,Turks and Caicos Islands,TCA,..,..
2009,Tuvalu,TUV,..,..
2009,Uganda,UGA,7148939024,4677180751
2009,Ukraine,UKR,54148248546,52180910869
2009,United Arab Emirates,ARE,1.8714E+11,2.01959E+11
2009,United Kingdom,GBR,6.78917E+11,6.48818E+11
2009,United States,USA,2.00193E+12,1.58277E+12
2009,Uruguay,URY,8600719067,8863697957
2009,Uzbekistan,UZB,11457877212,11677571267
2009,Vanuatu,VUT,343326906.6,299604182.4
2009,"Venezuela, RB",VEN,67439626970,59597633591
2009,Viet Nam,VNM,76433848845,66374595301
2009,Virgin Islands (U.S.),VIR,10641000000,10717000000
2009,West Bank and Gaza,PSE,4943200000,1133300000
2009,"Yemen, Rep.",YEM,9988338906,7118191039
2009,Zambia,ZMB,4118784328,4483693050
2009,Zimbabwe,ZWE,4090750000,1883500000
2009,Africa Eastern and Southern,AFE,2.231E+11,1.95629E+11
2009,Africa Western and Central,AFW,..,..
2009,Arab World,ARB,7.63006E+11,8.44611E+11
2009,Caribbean small states,CSS,..,..
2009,Central Europe and the Baltics,CEB,6.11551E+11,6.00979E+11
2009,Early-demographic dividend,EAR,1.93423E+12,1.86648E+12
2009,East Asia & Pacific,EAS,3.82889E+12,4.28631E+12
2009,East Asia & Pacific (excluding high income),EAP,1.61879E+12,1.9051E+12
2009,East Asia & Pacific (IDA & IBRD countries),TEA,1.61582E+12,1.90266E+12
2009,Euro area,EMU,4.29082E+12,4.51737E+12
2009,Europe & Central Asia,ECS,6.7549E+12,7.1415E+12
2009,Europe & Central Asia (excluding high income),ECA,3.72231E+11,3.59768E+11
2009,Europe & Central Asia (IDA & IBRD countries),TEC,8.96403E+11,9.51776E+11
2009,European Union,EUU,5.0507E+12,5.30645E+12
2009,Fragile and conflict affected situations,FCS,4.01659E+11,3.82727E+11
2009,Heavily indebted poor countries (HIPC),HPC,1.51549E+11,1.06861E+11
2009,High income,HIC,1.16826E+13,1.19694E+13
2009,IBRD only,IBD,4.12776E+12,4.38136E+12
2009,IDA & IBRD total,IBT,4.50115E+12,4.66588E+12
2009,IDA blend,IDB,1.40914E+11,..
2009,IDA only,IDX,2.39099E+11,1.71306E+11
2009,IDA total,IDA,3.79813E+11,3.09368E+11
2009,Late-demographic dividend,LTE,3.04155E+12,3.4922E+12
2009,Latin America & Caribbean,LCN,8.97259E+11,8.98149E+11
2009,Latin America & Caribbean (excluding high income),LAC,6.66726E+11,6.45043E+11
2009,Latin America & the Caribbean (IDA & IBRD countries),TLA,8.25375E+11,8.09173E+11
2009,Least developed countries: UN classification,LDC,2.14374E+11,1.57613E+11
2009,Low & middle income,LMY,3.81646E+12,3.90839E+12
2009,Low income,LIC,1.04896E+11,77431219841
2009,Lower middle income,LMC,9.54082E+11,7.77624E+11
2009,"Middle East, North Africa, Afghanistan & Pakistan",MEA,9.53259E+11,1.02767E+12
2009,"Middle East, North Africa, Afghanistan & Pakistan (excluding high income)",MNA,4.42194E+11,3.91508E+11
2009,"Middle East, North Africa, Afghanistan & Pakistan (IDA & IBRD)",TMN,4.37305E+11,3.90382E+11
2009,Middle income,MIC,3.72002E+12,3.83814E+12
2009,North America,NAC,2.41506E+12,1.97762E+12
2009,Not classified,INX,..,..
2009,OECD members,OED,1.02672E+13,1.02246E+13
2009,Other small states,OSS,60969355469,60477433951
2009,Pacific island small states,PSS,..,..
2009,Post-demographic dividend,PST,1.00934E+13,1.00745E+13
2009,Pre-demographic dividend,PRE,2.65494E+11,2.43873E+11
2009,Small states,SST,89604683186,90326308779
2009,South Asia,SAS,3.94441E+11,3.06174E+11
2009,South Asia (IDA & IBRD),TSA,3.94441E+11,3.06174E+11
2009,Sub-Saharan Africa,SSF,3.40444E+11,3.19499E+11
2009,Sub-Saharan Africa (excluding high income),SSA,3.33258E+11,3.14908E+11
2009,Sub-Saharan Africa (IDA & IBRD countries),TSS,3.40444E+11,3.19499E+11
2009,Upper middle income,UMC,2.77071E+12,3.07173E+12
2009,World,WLD,1.55909E+13,1.59569E+13
2010,Afghanistan,AFG,..,..
2010,Albania,ALB,5792187320,3337086751
2010,Algeria,DZA,50674049706,62203842893
2010,American Samoa,ASM,541000000,364000000
2010,Andorra,AND,..,..
2010,Angola,AGO,35449385343,51492639142
2010,Antigua and Barbuda,ATG,..,..
2010,Argentina,ARG,67937933972,80208867996
2010,Armenia,ARM,4157364606,1828759691
2010,Aruba,ABW,1846245251,1477511732
2010,Australia,AUS,2.381E+11,2.27427E+11
2010,Austria,AUT,1.87355E+11,2.01089E+11
2010,Azerbaijan,AZE,10942312484,28732245203
2010,"Bahamas, The",BHS,4414100000,3528800000
2010,Bahrain,BHR,13097074468,17880319149
2010,Bangladesh,BGD,25105548607,18471882437
2010,Barbados,BRB,..,..
2010,Belarus,BLR,36940382943,29401680706
2010,Belgium,BEL,3.57962E+11,3.65156E+11
2010,Belize,BLZ,773629000,885429200
2010,Benin,BEN,2704110555,2199999385
2010,Bermuda,BMU,1579023000,3370007000
2010,Bhutan,BTN,1121429422,673077626.3
2010,Bolivia,BOL,6744604596,8093221340
2010,Bosnia and Herzegovina,BIH,8806756369,5100600106
2010,Botswana,BWA,6633895056,5325894408
2010,Brazil,BRA,2.62997E+11,2.40003E+11
2010,British Virgin Islands,VGB,..,..
2010,Brunei Darussalam,BRN,3832962525,9239730724
2010,Bulgaria,BGR,27008382339,25394223740
2010,Burkina Faso,BFA,2887043505,2074074306
2010,Burundi,BDI,..,..
2010,Cabo Verde,CPV,1008442096,552604498.9
2010,Cambodia,KHM,8253700555,6935619207
2010,Cameroon,CMR,6841031832,6153122906
2010,Canada,CAN,5.02035E+11,4.71737E+11
2010,Cayman Islands,CYM,..,..
2010,Central African Republic,CAF,488611163.4,249093430.3
2010,Chad,TCD,4118132449,4841518209
2010,Channel Islands,CHI,..,..
2010,Chile,CHL,69051989772,82271078018
2010,China,CHN,1.43242E+12,1.65482E+12
2010,Colombia,COL,51351305097,46816280695
2010,Comoros,COM,271587413.7,87519134.99
2010,"Congo, Dem. Rep.",COD,10704450756,8865878886
2010,"Congo, Rep.",COG,7302180477,9010344991
2010,Costa Rica,CRI,13061016984,12363102267
2010,Cote d'Ivoire,CIV,11869039599,11703514551
2010,Croatia,HRV,21905347347,20938195562
2010,Cuba,CUB,10555555556,13443518519
2010,Curacao,CUW,2608770950,1639162011
2010,Cyprus,CYP,15110295648,12986277507
2010,Czechia,CZE,1.30639E+11,1.37031E+11
2010,Denmark,DNK,1.41178E+11,1.63077E+11
2010,Djibouti,DJI,..,..
2010,Dominica,DMA,..,..
2010,Dominican Republic,DOM,17906216037,12253253718
2010,Ecuador,ECU,22688729000,22139433000
2010,"Egypt, Arab Rep.",EGY,58221415608,46751361162
2010,El Salvador,SLV,8595000000,4971100000
2010,Equatorial Guinea,GNQ,9610804662,13991011076
2010,Eritrea,ERI,494229450.4,101385281.3
2010,Estonia,EST,13398749271,14652236229
2010,Eswatini,SWZ,..,..
2010,Ethiopia,ETH,..,..
2010,Faroe Islands,FRO,1176620155,1089476936
2010,Fiji,FJI,..,..
2010,Finland,FIN,92409080250,95813520650
2010,France,FRA,7.61084E+11,7.36353E+11
2010,French Polynesia,PYF,2292580623,996878516.6
2010,Gabon,GAB,4526528929,8287739081
2010,"Gambia, The",GMB,406576420.9,226367642.9
2010,Georgia,GEO,6114774437,4034702206
2010,Germany,DEU,1.19233E+12,1.36934E+12
2010,Ghana,GHA,14779077374,9490812129
2010,Gibraltar,GIB,..,..
2010,Greece,GRC,86535244649,64408084270
2010,Greenland,GRL,1912830110,852477963
2010,Grenada,GRD,..,..
2010,Guam,GUM,2719000000,846000000
2010,Guatemala,GTM,15009546896,10667621567
2010,Guinea,GIN,2961065627,2079424655
2010,Guinea-Bissau,GNB,290261362.8,118824731.8
2010,Guyana,GUY,..,..
2010,Haiti,HTI,4287288127,1016377274
2010,Honduras,HND,10086959053,7247910834
2010,"Hong Kong SAR, China",HKG,4.56015E+11,4.69447E+11
2010,Hungary,HUN,1.01015E+11,1.07172E+11
2010,Iceland,ISL,5755787173,7121350039
2010,India,IND,4.49974E+11,3.75354E+11
2010,Indonesia,IDN,1.69158E+11,1.83481E+11
2010,"Iran, Islamic Rep.",IRN,94350200000,1.18843E+11
2010,Iraq,IRQ,47207400000,54598900000
2010,Ireland,IRL,1.9236E+11,2.2911E+11
2010,Isle of Man,IMN,..,..
2010,Israel,ISR,76948241162,80360492381
2010,Italy,ITA,5.7363E+11,5.34489E+11
2010,Jamaica,JAM,..,..
2010,Japan,JPN,7.8208E+11,8.59167E+11
2010,Jordan,JOR,18240845070,12752112676
2010,Kazakhstan,KAZ,44257402192,65502334498
2010,Kenya,KEN,13744246853,9137589276
2010,Kiribati,KIR,122655932.7,19137392
2010,"Korea, Dem. People's Rep.",PRK,..,..
2010,"Korea, Rep.",KOR,5.10006E+11,5.40016E+11
2010,Kosovo,XKX,3233534268,1157989630
2010,Kuwait,KWT,35034036154,76952063278
2010,Kyrgyz Republic,KGZ,3915964188,2471700785
2010,Lao PDR,LAO,3518552789,2523507713
2010,Latvia,LVA,13258875480,12758661553
2010,Lebanon,LBN,23094612059,13464256798
2010,Lesotho,LSO,2413002186,941418358.4
2010,Liberia,LBR,..,..
2010,Libya,LBY,23975026622,49956385791
2010,Liechtenstein,LIE,..,..
2010,Lithuania,LTU,24484526320,23740962644
2010,Luxembourg,LUX,73618971441,91465696293
2010,"Macao SAR, China",MAC,9183455035,24692157186
2010,Madagascar,MDG,3593827392,2183656264
2010,Malawi,MWI,..,..
2010,Malaysia,MYS,1.81099E+11,2.21688E+11
2010,Maldives,MDV,..,..
2010,Mali,MLI,3762767250,2442195564
2010,Malta,MLT,8060784122,8153146528
2010,Marshall Islands,MHL,175135500,58145300
2010,Mauritania,MRT,2683928047,2574612468
2010,Mauritius,MUS,6211295331,5100895259
2010,Mexico,MEX,3.34456E+11,3.20766E+11
2010,"Micronesia, Fed. Sts.",FSM,244000000,70000000
2010,Moldova,MDA,4192539061,1941110605
2010,Monaco,MCO,..,..
2010,Mongolia,MNG,4074354872,3355977050
2010,Montenegro,MNE,2571260054,1518866671
2010,Morocco,MAR,40097025623,30046721233
2010,Mozambique,MOZ,5074769220,3351471802
2010,Myanmar,MMR,..,..
2010,Namibia,NAM,6834901238,5519309341
2010,Nauru,NRU,22900628.89,24662215.72
2010,Nepal,NPL,5825346141,1533460341
2010,Netherlands,NLD,5.1825E+11,5.90651E+11
2010,New Caledonia,NCL,4491985789,1891549545
2010,New Zealand,NZL,40992659831,44356174905
2010,Nicaragua,NIC,5246135011,3544353652
2010,Niger,NER,2807709836,1270669545
2010,Nigeria,NGA,..,..
2010,North Macedonia,MKD,5464749012,3743089872
2010,Northern Mariana Islands,MNP,405000000,335000000
2010,Norway,NOR,1.21079E+11,1.73069E+11
2010,Oman,OMN,24236671001,38408322497
2010,Pakistan,PAK,38066808316,24858636643
2010,Palau,PLW,141443069.5,85446388.24
2010,Panama,PAN,22801278400,21169337600
2010,Papua New Guinea,PNG,..,..
2010,Paraguay,PRY,10663826786,11487694357
2010,Peru,PER,35180390248,41051280917
2010,Philippines,PHL,69239834653,68500918812
2010,Poland,POL,2.02402E+11,1.90729E+11
2010,Portugal,PRT,89801905968,71598934533
2010,Puerto Rico (US),PRI,40810100000,61657200000
2010,Qatar,QAT,29717307692,77975824176
2010,Romania,ROU,65157336606,53811070204
2010,Russian Federation,RUS,3.22367E+11,4.45513E+11
2010,Rwanda,RWA,1625272430,657968197.7
2010,Samoa,WSM,345942427.2,188537218.4
2010,San Marino,SMR,..,..
2010,Sao Tome and Principe,STP,..,..
2010,Saudi Arabia,SAU,1.74203E+11,2.61831E+11
2010,Senegal,SEN,5235657921,3221238634
2010,Serbia,SRB,18599124650,13491229131
2010,Seychelles,SYC,1048324664,896873105.7
2010,Sierra Leone,SLE,769940174.8,421689973.1
2010,Singapore,SGP,4.11718E+11,4.74817E+11
2010,Sint Maarten (Dutch part),SXM,..,..
2010,Slovak Republic,SVK,71092464366,70230239457
2010,Slovenia,SVN,30475638368,30989453005
2010,Solomon Islands,SLB,547833027.7,315704592.3
2010,"Somalia, Fed. Rep.",SOM,..,..
2010,South Africa,ZAF,1.02766E+11,1.07611E+11
2010,South Sudan,SSD,4308920517,8970707666
2010,Spain,ESP,3.83637E+11,3.68818E+11
2010,Sri Lanka,LKA,..,..
2010,St. Kitts and Nevis,KNA,..,..
2010,St. Lucia,LCA,..,..
2010,St. Martin (French part),MAF,..,..
2010,St. Vincent and the Grenadines,VCT,..,..
2010,Sudan,SDN,8993448276,10304137931
2010,Suriname,SUR,1678069306,2295461855
2010,Sweden,SWE,1.98157E+11,2.21132E+11
2010,Switzerland,CHE,3.3073E+11,3.88281E+11
2010,Syrian Arab Republic,SYR,19548915139,19747456812
2010,Tajikistan,TJK,3303747208,842892855.8
2010,Tanzania,TZA,8974145682,6276937179
2010,Thailand,THA,2.0727E+11,2.26788E+11
2010,Timor-Leste,TLS,1109758399,75532265.48
2010,Togo,TGO,1854510188,1315957055
2010,Tonga,TON,213884717.1,45862989.07
2010,Trinidad and Tobago,TTO,..,..
2010,Tunisia,TUN,24115551348,22160316334
2010,Turkiye,TUR,1.98402E+11,1.68951E+11
2010,Turkmenistan,TKM,11508070175,10366666667
2010,Turks and Caicos Islands,TCA,..,..
2010,Tuvalu,TUV,..,..
2010,Uganda,UGA,6520260385,3687465343
2010,Ukraine,UKR,69578265846,65600892379
2010,United Arab Emirates,ARE,1.78611E+11,2.38328E+11
2010,United Kingdom,GBR,7.56633E+11,7.17722E+11
2010,United States,USA,2.38956E+12,1.85725E+12
2010,Uruguay,URY,10636951485,11050981364
2010,Uzbekistan,UZB,12428121727,12090928285
2010,Vanuatu,VUT,369595914.8,326760516.1
2010,"Venezuela, RB",VEN,69227358958,1.12179E+11
2010,Viet Nam,VNM,88029012389,79747480853
2010,Virgin Islands (U.S.),VIR,12411000000,12945000000
2010,West Bank and Gaza,PSE,5264300000,1367300000
2010,"Yemen, Rep.",YEM,10629004000,9270503495
2010,Zambia,ZMB,5672080674,7503512539
2010,Zimbabwe,ZWE,6443500000,3571000000
2010,Africa Eastern and Southern,AFE,2.54009E+11,2.50607E+11
2010,Africa Western and Central,AFW,..,..
2010,Arab World,ARB,7.93196E+11,1.04947E+12
2010,Caribbean small states,CSS,..,..
2010,Central Europe and the Baltics,CEB,7.00838E+11,6.87447E+11
2010,Early-demographic dividend,EAR,2.35937E+12,2.39498E+12
2010,East Asia & Pacific,EAS,4.97978E+12,5.48074E+12
2010,East Asia & Pacific (excluding high income),EAP,2.18936E+12,2.46879E+12
2010,East Asia & Pacific (IDA & IBRD countries),TEA,2.18529E+12,2.46559E+12
2010,Euro area,EMU,4.70676E+12,4.91274E+12
2010,Europe & Central Asia,ECS,7.56252E+12,7.96542E+12
2010,Europe & Central Asia (excluding high income),ECA,4.50208E+11,4.20114E+11
2010,Europe & Central Asia (IDA & IBRD countries),TEC,1.08905E+12,1.1565E+12
2010,European Union,EUU,5.57232E+12,5.81109E+12
2010,Fragile and conflict affected situations,FCS,4.47661E+11,5.36916E+11
2010,Heavily indebted poor countries (HIPC),HPC,1.7446E+11,1.31582E+11
2010,High income,HIC,1.35297E+13,1.39102E+13
2010,IBRD only,IBD,5.25597E+12,5.61371E+12
2010,IDA & IBRD total,IBT,5.68763E+12,5.95794E+12
2010,IDA blend,IDB,1.50899E+11,..
2010,IDA only,IDX,2.73777E+11,2.0843E+11
2010,IDA total,IDA,4.25329E+11,3.66256E+11
2010,Late-demographic dividend,LTE,3.80361E+12,4.36898E+12
2010,Latin America & Caribbean,LCN,1.138E+12,1.16451E+12
2010,Latin America & Caribbean (excluding high income),LAC,8.7306E+11,8.27994E+11
2010,Latin America & the Caribbean (IDA & IBRD countries),TLA,1.06164E+12,1.06928E+12
2010,Least developed countries: UN classification,LDC,2.26398E+11,1.93043E+11
2010,Low & middle income,LMY,4.85809E+12,4.97907E+12
2010,Low income,LIC,1.16083E+11,96740554201
2010,Lower middle income,LMC,1.12562E+12,9.70734E+11
2010,"Middle East, North Africa, Afghanistan & Pakistan",MEA,1.004E+12,1.26892E+12
2010,"Middle East, North Africa, Afghanistan & Pakistan (excluding high income)",MNA,4.65619E+11,4.69919E+11
2010,"Middle East, North Africa, Afghanistan & Pakistan (IDA & IBRD)",TMN,4.6041E+11,4.6856E+11
2010,Middle income,MIC,4.74896E+12,4.89118E+12
2010,North America,NAC,2.89317E+12,2.33235E+12
2010,Not classified,INX,..,..
2010,OECD members,OED,1.18553E+13,1.16875E+13
2010,Other small states,OSS,68183843172,69483437402
2010,Pacific island small states,PSS,..,..
2010,Post-demographic dividend,PST,1.16762E+13,1.15898E+13
2010,Pre-demographic dividend,PRE,2.81354E+11,2.99922E+11
2010,Small states,SST,99511987089,1.03683E+11
2010,South Asia,SAS,5.05471E+11,4.13452E+11
2010,South Asia (IDA & IBRD),TSA,5.05471E+11,4.13452E+11
2010,Sub-Saharan Africa,SSF,3.89413E+11,4.0261E+11
2010,Sub-Saharan Africa (excluding high income),SSA,3.81295E+11,3.97112E+11
2010,Sub-Saharan Africa (IDA & IBRD countries),TSS,3.89413E+11,4.0261E+11
2010,Upper middle income,UMC,3.62273E+12,3.93271E+12
2010,World,WLD,1.84786E+13,1.90191E+13
2011,Afghanistan,AFG,..,..
2011,Albania,ALB,6700234561,3769456502
2011,Algeria,DZA,57272844072,78573489719
2011,American Samoa,ASM,563000000,335000000
2011,Andorra,AND,..,..
2011,Angola,AGO,43838125871,67949213242
2011,Antigua and Barbuda,ATG,..,..
2011,Argentina,ARG,88838309449,97809980731
2011,Armenia,ARM,4757906587,2284326940
2011,Aruba,ABW,2233917877,1839933520
2011,Australia,AUS,2.85511E+11,2.99824E+11
2011,Austria,AUT,2.20839E+11,2.32888E+11
2011,Azerbaijan,AZE,15882135431,37215171600
2011,"Bahamas, The",BHS,5125700000,3769900000
2011,Bahrain,BHR,21506648936,28609308511
2011,Bangladesh,BGD,35365482040,25621279024
2011,Barbados,BRB,..,..
2011,Belarus,BLR,49106586822,48462076577
2011,Belgium,BEL,4.24362E+11,4.23188E+11
2011,Belize,BLZ,919321650,1038907850
2011,Benin,BEN,2819548391,2229520238
2011,Bermuda,BMU,1498077000,3316640000
2011,Bhutan,BTN,1283000014,750018031.7
2011,Bolivia,BOL,9199145865,10565767133
2011,Bosnia and Herzegovina,BIH,10403552398,5972861400
2011,Botswana,BWA,8269310274,6684404436
2011,Brazil,BRA,3.23145E+11,3.03017E+11
2011,British Virgin Islands,VGB,..,..
2011,Brunei Darussalam,BRN,5563288956,12875904772
2011,Bulgaria,BGR,33818482315,33909798231
2011,Burkina Faso,BFA,3781344358,3164493996
2011,Burundi,BDI,..,..
2011,Cabo Verde,CPV,1180649422,672876287.9
2011,Cambodia,KHM,9598623051,8003673661
2011,Cameroon,CMR,8359880286,7421773623
2011,Canada,CAN,5.70643E+11,5.50164E+11
2011,Cayman Islands,CYM,..,..
2011,Central African Republic,CAF,520455628.9,320053983.6
2011,Chad,TCD,4151496749,5449880186
2011,Channel Islands,CHI,..,..
2011,Chile,CHL,87460679541,94745539749
2011,China,CHN,1.82541E+12,2.00631E+12
2011,Colombia,COL,67642788202,64569763970
2011,Comoros,COM,307381614,101862600.1
2011,"Congo, Dem. Rep.",COD,11804040995,10210730651
2011,"Congo, Rep.",COG,7981116108,11524199118
2011,Costa Rica,CRI,15465815788,13886077280
2011,Cote d'Ivoire,CIV,10800620106,12946046205
2011,Croatia,HRV,24987136531,23930419507
2011,Cuba,CUB,15079000000,17319000000
2011,Curacao,CUW,2928268156,2138547486
2011,Cyprus,CYP,15800751377,14775537503
2011,Czechia,CZE,1.53901E+11,1.62581E+11
2011,Denmark,DNK,1.65028E+11,1.86218E+11
2011,Djibouti,DJI,..,..
2011,Dominica,DMA,..,..
2011,Dominican Republic,DOM,20132557520,14097050548
2011,Ecuador,ECU,26794099000,28524740000
2011,"Egypt, Arab Rep.",EGY,58261617900,48537005164
2011,El Salvador,SLV,10201700000,5878600000
2011,Equatorial Guinea,GNQ,8389598997,16038364004
2011,Eritrea,ERI,603784852,374897684.6
2011,Estonia,EST,18754165287,20104199024
2011,Eswatini,SWZ,..,..
2011,Ethiopia,ETH,10079844913,5331910670
2011,Faroe Islands,FRO,1338365701,1313871931
2011,Fiji,FJI,..,..
2011,Finland,FIN,1.09359E+11,1.0721E+11
2011,France,FRA,8.91744E+11,8.47886E+11
2011,French Polynesia,PYF,2357483450,1131115208
2011,Gabon,GAB,5236192837,11243840179
2011,"Gambia, The",GMB,363423204.2,237665945.3
2011,Georgia,GEO,7985635653,5240466055
2011,Germany,DEU,1.40667E+12,1.59228E+12
2011,Ghana,GHA,19416125146,14529631106
2011,Gibraltar,GIB,..,..
2011,Greece,GRC,87759343351,71678227685
2011,Greenland,GRL,2484469273,1020039816
2011,Grenada,GRD,..,..
2011,Guam,GUM,2949000000,928000000
2011,Guatemala,GTM,17803200265,12688259461
2011,Guinea,GIN,3620035711,2212106803
2011,Guinea-Bissau,GNB,339246835.9,223293310.8
2011,Guyana,GUY,..,..
2011,Haiti,HTI,4433440000,1311686715
2011,Honduras,HND,12567072764,9077877620
2011,"Hong Kong SAR, China",HKG,5.19399E+11,5.28967E+11
2011,Hungary,HUN,1.14166E+11,1.22147E+11
2011,Iceland,ISL,7108322148,8306196645
2011,India,IND,5.66668E+11,4.47384E+11
2011,Indonesia,IDN,2.12997E+11,2.35095E+11
2011,"Iran, Islamic Rep.",IRN,1.02453E+11,1.56851E+11
2011,Iraq,IRQ,51552600000,82505400000
2011,Ireland,IRL,2.02164E+11,2.46786E+11
2011,Isle of Man,IMN,..,..
2011,Israel,ISR,93102471848,91640284332
2011,Italy,ITA,6.43859E+11,6.12801E+11
2011,Jamaica,JAM,..,..
2011,Japan,JPN,9.61182E+11,9.20914E+11
2011,Jordan,JOR,21301408451,13743661972
2011,Kazakhstan,KAZ,51341105803,89503237238
2011,Kenya,KEN,17272679879,10100126370
2011,Kiribati,KIR,157292698.6,25804934.98
2011,"Korea, Dem. People's Rep.",PRK,..,..
2011,"Korea, Rep.",KOR,6.58771E+11,6.703E+11
2011,Kosovo,XKX,3881049089,1582361981
2011,Kuwait,KWT,39894339787,1.12784E+11
2011,Kyrgyz Republic,KGZ,5059940641,3380167186
2011,Lao PDR,LAO,4493663457,3530068364
2011,Latvia,LVA,18053570798,16424151962
2011,Lebanon,LBN,26262779873,14518739635
2011,Lesotho,LSO,2632900426,1230967658
2011,Liberia,LBR,..,..
2011,Libya,LBY,11974656742,18374597272
2011,Liechtenstein,LIE,..,..
2011,Lithuania,LTU,32897788514,31728784749
2011,Luxembourg,LUX,85896851544,1.04568E+11
2011,"Macao SAR, China",MAC,11993203469,33289233704
2011,Madagascar,MDG,3900293294,2624531678
2011,Malawi,MWI,..,..
2011,Malaysia,MYS,2.07619E+11,2.5402E+11
2011,Maldives,MDV,..,..
2011,Mali,MLI,3867825754,2804916883
2011,Malta,MLT,9259382278,9538868739
2011,Marshall Islands,MHL,175726000,88306800
2011,Mauritania,MRT,3267485663,3394680269
2011,Mauritius,MUS,7482769252,6011123130
2011,Mexico,MEX,3.89836E+11,3.74148E+11
2011,"Micronesia, Fed. Sts.",FSM,256000000,77000000
2011,Moldova,MDA,5559963077,2738068649
2011,Monaco,MCO,..,..
2011,Mongolia,MNG,7749643777,5470718595
2011,Montenegro,MNE,2898580623,1912900361
2011,Morocco,MAR,49394706346,35175698018
2011,Mozambique,MOZ,7752211163,4587369287
2011,Myanmar,MMR,..,..
2011,Namibia,NAM,7094403704,5703110578
2011,Nauru,NRU,44367190.76,40423440.47
2011,Nepal,NPL,6146530703,1684085753
2011,Netherlands,NLD,6.07987E+11,6.86455E+11
2011,New Caledonia,NCL,4839684687,2079691260
2011,New Zealand,NZL,48544383578,51152198482
2011,Nicaragua,NIC,6530275932,4400107700
2011,Niger,NER,3066746342,1341345173
2011,Nigeria,NGA,..,..
2011,North Macedonia,MKD,6933558214,4945510286
2011,Northern Mariana Islands,MNP,449000000,317000000
2011,Norway,NOR,1.40067E+11,2.08873E+11
2011,Oman,OMN,29235370611,49534460338
2011,Pakistan,PAK,43534938844,31088962295
2011,Palau,PLW,167367996.2,102126518.2
2011,Panama,PAN,28715326100,27745672000
2011,Papua New Guinea,PNG,..,..
2011,Paraguay,PRY,12912863193,13583125547
2011,Peru,PER,43774372753,52392070005
2011,Philippines,PHL,74224237016,68169783856
2011,Poland,POL,2.35449E+11,2.23376E+11
2011,Portugal,PRT,94725068832,84455064293
2011,Puerto Rico (US),PRI,44662200000,64278000000
2011,Qatar,QAT,43792582418,1.21838E+11
2011,Romania,ROU,79042763123,67874157648
2011,Russian Federation,RUS,4.08776E+11,5.73991E+11
2011,Rwanda,RWA,1862867055,871552309.2
2011,Samoa,WSM,395915683.2,211274616
2011,San Marino,SMR,..,..
2011,Sao Tome and Principe,STP,..,..
2011,Saudi Arabia,SAU,1.97978E+11,3.76224E+11
2011,Senegal,SEN,6461833841,3795074624
2011,Serbia,SRB,22563698124,16258681583
2011,Seychelles,SYC,1187202747,1037324780
2011,Sierra Leone,SLE,1662053977,466407643.6
2011,Singapore,SGP,4.91027E+11,5.68009E+11
2011,Sint Maarten (Dutch part),SXM,..,..
2011,Slovak Republic,SVK,84295704904,84383473251
2011,Slovenia,SVN,35608737593,36240298314
2011,Solomon Islands,SLB,607440595.3,533563821.1
2011,"Somalia, Fed. Rep.",SOM,..,..
2011,South Africa,ZAF,1.23431E+11,1.26913E+11
2011,South Sudan,SSD,4047444597,9850171395
2011,Spain,ESP,4.33231E+11,4.37173E+11
2011,Sri Lanka,LKA,..,..
2011,St. Kitts and Nevis,KNA,..,..
2011,St. Lucia,LCA,..,..
2011,St. Martin (French part),MAF,..,..
2011,St. Vincent and the Grenadines,VCT,..,..
2011,Sudan,SDN,8271289474,6865605263
2011,Suriname,SUR,..,..
2011,Sweden,SWE,2.33787E+11,2.59105E+11
2011,Switzerland,CHE,4.23135E+11,4.75707E+11
2011,Syrian Arab Republic,SYR,21157918970,13081933251
2011,Tajikistan,TJK,4131289365,1072842445
2011,Tanzania,TZA,11967748810,7497823535
2011,Thailand,THA,2.55199E+11,2.62743E+11
2011,Timor-Leste,TLS,1400755271,66782567.77
2011,Togo,TGO,2507209432,1707777924
2011,Tonga,TON,259274520.4,67310460.32
2011,Trinidad and Tobago,TTO,..,..
2011,Tunisia,TUN,26011487992,22163031092
2011,Turkiye,TUR,2.54619E+11,1.98304E+11
2011,Turkmenistan,TKM,14986666667,17480701754
2011,Turks and Caicos Islands,TCA,..,..
2011,Tuvalu,TUV,..,..
2011,Uganda,UGA,7497355183,3583112055
2011,Ukraine,UKR,93809110766,83661340362
2011,United Arab Emirates,ARE,2.15973E+11,3.15868E+11
2011,United Kingdom,GBR,8.57771E+11,8.36521E+11
2011,United States,USA,2.69548E+12,2.11586E+12
2011,Uruguay,URY,13504292327,13301545753
2011,Uzbekistan,UZB,15626794596,14254614639
2011,Vanuatu,VUT,395801159.1,351238321
2011,"Venezuela, RB",VEN,62331506073,94764308628
2011,Viet Nam,VNM,1.106E+11,1.05594E+11
2011,Virgin Islands (U.S.),VIR,14313000000,14371000000
2011,West Bank and Gaza,PSE,5723200000,1799400000
2011,"Yemen, Rep.",YEM,10707767722,9929334000
2011,Zambia,ZMB,7583102928,9494352665
2011,Zimbabwe,ZWE,7712750000,4910000000
2011,Africa Eastern and Southern,AFE,3.0394E+11,2.97301E+11
2011,Africa Western and Central,AFW,..,..
2011,Arab World,ARB,9.05877E+11,1.35726E+12
2011,Caribbean small states,CSS,..,..
2011,Central Europe and the Baltics,CEB,8.30974E+11,8.22699E+11
2011,Early-demographic dividend,EAR,2.80398E+12,2.85819E+12
2011,East Asia & Pacific,EAS,6.0972E+12,6.46044E+12
2011,East Asia & Pacific (excluding high income),EAP,2.74054E+12,2.97426E+12
2011,East Asia & Pacific (IDA & IBRD countries),TEA,2.73545E+12,2.97043E+12
2011,Euro area,EMU,5.44825E+12,5.68449E+12
2011,Europe & Central Asia,ECS,8.88098E+12,9.3842E+12
2011,Europe & Central Asia (excluding high income),ECA,5.76247E+11,5.38039E+11
2011,Europe & Central Asia (IDA & IBRD countries),TEC,1.35832E+12,1.46112E+12
2011,European Union,EUU,6.46345E+12,6.7397E+12
2011,Fragile and conflict affected situations,FCS,4.78379E+11,5.37933E+11
2011,Heavily indebted poor countries (HIPC),HPC,2.06103E+11,1.56346E+11
2011,High income,HIC,1.58135E+13,1.63591E+13
2011,IBRD only,IBD,6.4383E+12,6.77571E+12
2011,IDA & IBRD total,IBT,6.95337E+12,7.1793E+12
2011,IDA blend,IDB,1.73935E+11,..
2011,IDA only,IDX,3.27349E+11,2.36788E+11
2011,IDA total,IDA,5.02679E+11,4.24281E+11
2011,Late-demographic dividend,LTE,4.6856E+12,5.36475E+12
2011,Latin America & Caribbean,LCN,1.35836E+12,1.36426E+12
2011,Latin America & Caribbean (excluding high income),LAC,1.06023E+12,1.01459E+12
2011,Latin America & the Caribbean (IDA & IBRD countries),TLA,1.26963E+12,1.26005E+12
2011,Least developed countries: UN classification,LDC,2.71739E+11,2.34127E+11
2011,Low & middle income,LMY,5.9586E+12,6.00912E+12
2011,Low income,LIC,1.2782E+11,93834812382
2011,Lower middle income,LMC,1.36314E+12,1.15515E+12
2011,"Middle East, North Africa, Afghanistan & Pakistan",MEA,1.14848E+12,1.63626E+12
2011,"Middle East, North Africa, Afghanistan & Pakistan (excluding high income)",MNA,4.98602E+11,5.30745E+11
2011,"Middle East, North Africa, Afghanistan & Pakistan (IDA & IBRD)",TMN,4.92935E+11,5.28953E+11
2011,Middle income,MIC,5.83613E+12,5.92239E+12
2011,North America,NAC,3.26762E+12,2.66934E+12
2011,Not classified,INX,..,..
2011,OECD members,OED,1.38569E+13,1.35646E+13
2011,Other small states,OSS,82766508805,86661928251
2011,Pacific island small states,PSS,..,..
2011,Post-demographic dividend,PST,1.36449E+13,1.34826E+13
2011,Pre-demographic dividend,PRE,3.21294E+11,3.7871E+11
2011,Small states,SST,1.20135E+11,1.2836E+11
2011,South Asia,SAS,6.39105E+11,4.96353E+11
2011,South Asia (IDA & IBRD),TSA,6.39105E+11,4.96353E+11
2011,Sub-Saharan Africa,SSF,4.58527E+11,4.82822E+11
2011,Sub-Saharan Africa (excluding high income),SSA,4.49024E+11,4.76276E+11
2011,Sub-Saharan Africa (IDA & IBRD countries),TSS,4.58527E+11,4.82822E+11
2011,Upper middle income,UMC,4.47078E+12,4.78006E+12
2011,World,WLD,2.18551E+13,2.24815E+13
2012,Afghanistan,AFG,..,..
2012,Albania,ALB,5860879318,3565050489
2012,Algeria,DZA,59908816253,78098361758
2012,American Samoa,ASM,646000000,483000000
2012,Andorra,AND,..,..
2012,Angola,AGO,45817586149,71825305616
2012,Antigua and Barbuda,ATG,..,..
2012,Argentina,ARG,78013690407,88655850854
2012,Armenia,ARM,5139736819,2926877147
2012,Aruba,ABW,2184788268,1911810056
2012,Australia,AUS,3.35368E+11,3.32614E+11
2012,Austria,AUT,2.09539E+11,2.20969E+11
2012,Azerbaijan,AZE,17620935664,36912727759
2012,"Bahamas, The",BHS,4944700000,4087400000
2012,Bahrain,BHR,25749202128,31409042553
2012,Bangladesh,BGD,37259465952,26877564843
2012,Barbados,BRB,..,..
2012,Belarus,BLR,48810109273,51745313006
2012,Belgium,BEL,4.00398E+11,3.98976E+11
2012,Belize,BLZ,993819400,1137338150
2012,Benin,BEN,2990340509,2662421032
2012,Bermuda,BMU,1484189000,3221785000
2012,Bhutan,BTN,1149634567,706237987.7
2012,Bolivia,BOL,10233217742,12774727337
2012,Bosnia and Herzegovina,BIH,9611582830,5572942367
2012,Botswana,BWA,8867435078,6691579859
2012,Brazil,BRA,3.26316E+11,2.92808E+11
2012,British Virgin Islands,VGB,..,..
2012,Brunei Darussalam,BRN,6758610783,13364336606
2012,Bulgaria,BGR,34546525410,32766248152
2012,Burkina Faso,BFA,4351201290,3340989541
2012,Burundi,BDI,..,..
2012,Cabo Verde,CPV,1017500236,716706284.5
2012,Cambodia,KHM,11311870012,9498870542
2012,Cameroon,CMR,7888349868,7200040957
2012,Canada,CAN,5.89511E+11,5.54965E+11
2012,Cayman Islands,CYM,..,..
2012,Central African Republic,CAF,539911033.3,289922950.7
2012,Chad,TCD,3755075683,5975646595
2012,Channel Islands,CHI,..,..
2012,Chile,CHL,91617677881,90376114426
2012,China,CHN,1.94321E+12,2.17507E+12
2012,Colombia,COL,74226993322,69731471881
2012,Comoros,COM,323694140.2,90876082.59
2012,"Congo, Dem. Rep.",COD,11004072620,9027221213
2012,"Congo, Rep.",COG,6964355812,10276401661
2012,Costa Rica,CRI,16718693908,14949441144
2012,Cote d'Ivoire,CIV,12821464752,12699449618
2012,Croatia,HRV,23194045079,22273310969
2012,Cuba,CUB,14888000000,18659000000
2012,Curacao,CUW,3086368715,2434245810
2012,Cyprus,CYP,14293543422,13845817627
2012,Czechia,CZE,1.48044E+11,1.57993E+11
2012,Denmark,DNK,1.61048E+11,1.8E+11
2012,Djibouti,DJI,..,..
2012,Dominica,DMA,..,..
2012,Dominican Republic,DOM,20433273135,14999070991
2012,Ecuador,ECU,28225697000,30559355000
2012,"Egypt, Arab Rep.",EGY,67866666667,45766666667
2012,El Salvador,SLV,10495790000,6110250000
2012,Equatorial Guinea,GNQ,10023358088,16098337026
2012,Eritrea,ERI,..,..
2012,Estonia,EST,19463181364,19844301075
2012,Eswatini,SWZ,..,..
2012,Ethiopia,ETH,13699443640,5962716169
2012,Faroe Islands,FRO,1567947800,1275706624
2012,Fiji,FJI,..,..
2012,Finland,FIN,1.04253E+11,1.00235E+11
2012,France,FRA,8.39869E+11,8.14445E+11
2012,French Polynesia,PYF,2197621628,1097443464
2012,Gabon,GAB,5390232337,10465456444
2012,"Gambia, The",GMB,394206041,280760743.8
2012,Georgia,GEO,9139072089,6021090344
2012,Germany,DEU,1.31797E+12,1.53518E+12
2012,Ghana,GHA,21795097067,16656935875
2012,Gibraltar,GIB,..,..
2012,Greece,GRC,79840747061,69182299553
2012,Greenland,GRL,1656269271,978942338.3
2012,Grenada,GRD,..,..
2012,Guam,GUM,3037000000,1004000000
2012,Guatemala,GTM,18197166630,12530944106
2012,Guinea,GIN,4089175128,2531048957
2012,Guinea-Bissau,GNB,314942121.2,148143182.8
2012,Guyana,GUY,..,..
2012,Haiti,HTI,4195362731,1323609594
2012,Honduras,HND,13022871720,9431552770
2012,"Hong Kong SAR, China",HKG,5.63914E+11,5.66883E+11
2012,Hungary,HUN,1.02889E+11,1.10597E+11
2012,Iceland,ISL,7210160315,8097199624
2012,India,IND,5.71307E+11,4.484E+11
2012,Indonesia,IDN,2.29362E+11,2.25744E+11
2012,"Iran, Islamic Rep.",IRN,1.39199E+11,1.44745E+11
2012,Iraq,IRQ,63439263881,97029491174
2012,Ireland,IRL,1.96365E+11,2.35594E+11
2012,Isle of Man,IMN,..,..
2012,Israel,ISR,92906239603,91513991201
2012,Italy,ITA,5.64329E+11,5.87109E+11
2012,Jamaica,JAM,..,..
2012,Japan,JPN,1.0071E+12,9.04147E+11
2012,Jordan,JOR,22976056338,14307042254
2012,Kazakhstan,KAZ,61596840640,91747467851
2012,Kenya,KEN,17910885230,11203175900
2012,Kiribati,KIR,172562371.4,26425542.76
2012,"Korea, Dem. People's Rep.",PRK,..,..
2012,"Korea, Rep.",KOR,6.60911E+11,6.94693E+11
2012,Kosovo,XKX,3503444519,1511407640
2012,Kuwait,KWT,45739026063,1.30069E+11
2012,Kyrgyz Republic,KGZ,6292834349,2932960921
2012,Lao PDR,LAO,6147142346,3860716719
2012,Latvia,LVA,18813181778,17308649301
2012,Lebanon,LBN,26294002587,12680893475
2012,Lesotho,LSO,2686142426,1035578775
2012,Liberia,LBR,..,..
2012,Libya,LBY,29017564162,61880142035
2012,Liechtenstein,LIE,..,..
2012,Lithuania,LTU,33318801482,33580700076
2012,Luxembourg,LUX,84030679321,1.02344E+11
2012,"Macao SAR, China",MAC,14227025641,39208051601
2012,Madagascar,MDG,3574547936,2521980907
2012,Malawi,MWI,..,..
2012,Malaysia,MYS,2.15525E+11,2.49353E+11
2012,Maldives,MDV,..,..
2012,Mali,MLI,3965911340,3346608913
2012,Malta,MLT,9457194311,9686325986
2012,Marshall Islands,MHL,185655700,98977700
2012,Mauritania,MRT,4206931498,3247124766
2012,Mauritius,MUS,7651255049,6245529946
2012,Mexico,MEX,4.10653E+11,3.95855E+11
2012,"Micronesia, Fed. Sts.",FSM,267000000,98000000
2012,Moldova,MDA,5676055632,2711403114
2012,Monaco,MCO,..,..
2012,Mongolia,MNG,8115246247,5356224606
2012,Montenegro,MNE,2710188504,1719147080
2012,Morocco,MAR,49324878353,34323797625
2012,Mozambique,MOZ,12669140465,5009344509
2012,Myanmar,MMR,..,..
2012,Namibia,NAM,7845456567,5224429911
2012,Nauru,NRU,52590223.17,69089116.71
2012,Nepal,NPL,6331144981,1899084545
2012,Netherlands,NLD,5.9044E+11,6.72962E+11
2012,New Caledonia,NCL,4442712899,1715324020
2012,New Zealand,NZL,49626355944,50852168175
2012,Nicaragua,NIC,7131030120,4999461750
2012,Niger,NER,2732427151,1517787336
2012,Nigeria,NGA,..,..
2012,North Macedonia,MKD,6513789341,4421839518
2012,Northern Mariana Islands,MNP,478000000,379000000
2012,Norway,NOR,1.39534E+11,2.11711E+11
2012,Oman,OMN,34397919376,54824447334
2012,Pakistan,PAK,48633322391,29697611485
2012,Palau,PLW,189706146.2,120008514.4
2012,Panama,PAN,32720763400,31007035900
2012,Papua New Guinea,PNG,..,..
2012,Paraguay,PRY,12233898499,12641839183
2012,Peru,PER,48490551588,52881688028
2012,Philippines,PHL,79558185309,71941908435
2012,Poland,POL,2.23205E+11,2.19299E+11
2012,Portugal,PRT,82755123140,81685225652
2012,Puerto Rico (US),PRI,46576200000,58351600000
2012,Qatar,QAT,54693406593,1.42876E+11
2012,Romania,ROU,73233838879,63959863906
2012,Russian Federation,RUS,4.47048E+11,5.94193E+11
2012,Rwanda,RWA,2185172858,918133332.2
2012,Samoa,WSM,436742230.8,202908632.5
2012,San Marino,SMR,..,..
2012,Sao Tome and Principe,STP,..,..
2012,Saudi Arabia,SAU,2.15206E+11,3.99419E+11
2012,Senegal,SEN,6976207985,3969170142
2012,Serbia,SRB,21492658568,15526608641
2012,Seychelles,SYC,1297822757,1122604568
2012,Sierra Leone,SLE,2013822439,1264681732
2012,Singapore,SGP,5.09016E+11,5.80506E+11
2012,Sint Maarten (Dutch part),SXM,..,..
2012,Slovak Republic,SVK,81519904185,86112869512
2012,Slovenia,SVN,32368229615,33953720506
2012,Solomon Islands,SLB,650831798.9,591554033.2
2012,"Somalia, Fed. Rep.",SOM,3012549730,853397770
2012,South Africa,ZAF,1.23559E+11,1.17893E+11
2012,South Sudan,SSD,3434803458,5110494407
2012,Spain,ESP,3.89373E+11,4.16598E+11
2012,Sri Lanka,LKA,..,..
2012,St. Kitts and Nevis,KNA,..,..
2012,St. Lucia,LCA,..,..
2012,St. Martin (French part),MAF,..,..
2012,St. Vincent and the Grenadines,VCT,..,..
2012,Sudan,SDN,5644833333,2580283333
2012,Suriname,SUR,..,..
2012,Sweden,SWE,2.22449E+11,2.46468E+11
2012,Switzerland,CHE,4.02767E+11,4.65238E+11
2012,Syrian Arab Republic,SYR,11943881866,3331967972
2012,Tajikistan,TJK,5030069392,1318781149
2012,Tanzania,TZA,12686872212,8870630510
2012,Thailand,THA,2.73217E+11,2.74121E+11
2012,Timor-Leste,TLS,1408654561,82664338.52
2012,Togo,TGO,2312882854,1785883226
2012,Tonga,TON,286989094.5,80356262.08
2012,Trinidad and Tobago,TTO,..,..
2012,Tunisia,TUN,26323059149,21722011893
2012,Turkiye,TUR,2.51096E+11,2.21029E+11
2012,Turkmenistan,TKM,17758245614,20688070175
2012,Turks and Caicos Islands,TCA,..,..
2012,Tuvalu,TUV,..,..
2012,Uganda,UGA,7648498556,4230158431
2012,Ukraine,UKR,1.00864E+11,86517143161
2012,United Arab Emirates,ARE,2.39749E+11,3.75514E+11
2012,United Kingdom,GBR,8.55876E+11,8.29501E+11
2012,United States,USA,2.76932E+12,2.2177E+12
2012,Uruguay,URY,15804109317,14056802469
2012,Uzbekistan,UZB,16849481582,13019734006
2012,Vanuatu,VUT,397409256.5,383721495.1
2012,"Venezuela, RB",VEN,78769312997,1.09943E+11
2012,Viet Nam,VNM,1.16866E+11,1.24149E+11
2012,Virgin Islands (U.S.),VIR,3149000000,3278000000
2012,West Bank and Gaza,PSE,6299900000,1871100000
2012,"Yemen, Rep.",YEM,12920749767,8802086894
2012,Zambia,ZMB,8998703573,10222369009
2012,Zimbabwe,ZWE,8390500000,4308750000
2012,Africa Eastern and Southern,AFE,3.16243E+11,2.85611E+11
2012,Africa Western and Central,AFW,..,..
2012,Arab World,ARB,1.00874E+12,1.52393E+12
2012,Caribbean small states,CSS,..,..
2012,Central Europe and the Baltics,CEB,7.90596E+11,7.97689E+11
2012,Early-demographic dividend,EAR,2.97425E+12,2.95432E+12
2012,East Asia & Pacific,EAS,6.43698E+12,6.75053E+12
2012,East Asia & Pacific (excluding high income),EAP,2.91799E+12,3.16611E+12
2012,East Asia & Pacific (IDA & IBRD countries),TEA,2.91259E+12,3.16206E+12
2012,Euro area,EMU,5.09159E+12,5.47189E+12
2012,Europe & Central Asia,ECS,8.50823E+12,9.16419E+12
2012,Europe & Central Asia (excluding high income),ECA,5.95566E+11,5.69888E+11
2012,Europe & Central Asia (IDA & IBRD countries),TEC,1.39679E+12,1.50238E+12
2012,European Union,EUU,6.05701E+12,6.48297E+12
2012,Fragile and conflict affected situations,FCS,5.41951E+11,6.10979E+11
2012,Heavily indebted poor countries (HIPC),HPC,2.21982E+11,1.61405E+11
2012,High income,HIC,1.57465E+13,1.64264E+13
2012,IBRD only,IBD,6.79244E+12,7.07084E+12
2012,IDA & IBRD total,IBT,7.33572E+12,7.4672E+12
2012,IDA blend,IDB,1.86191E+11,..
2012,IDA only,IDX,3.42987E+11,2.26342E+11
2012,IDA total,IDA,5.30177E+11,4.06262E+11
2012,Late-demographic dividend,LTE,4.91751E+12,5.64046E+12
2012,Latin America & Caribbean,LCN,1.40626E+12,1.37874E+12
2012,Latin America & Caribbean (excluding high income),LAC,1.08845E+12,1.02932E+12
2012,Latin America & the Caribbean (IDA & IBRD countries),TLA,1.32716E+12,1.28981E+12
2012,Least developed countries: UN classification,LDC,2.93548E+11,2.3691E+11
2012,Low & middle income,LMY,6.28955E+12,6.2722E+12
2012,Low income,LIC,1.20125E+11,72186738451
2012,Lower middle income,LMC,1.42297E+12,1.18719E+12
2012,"Middle East, North Africa, Afghanistan & Pakistan",MEA,1.29573E+12,1.79382E+12
2012,"Middle East, North Africa, Afghanistan & Pakistan (excluding high income)",MNA,5.79241E+11,5.58893E+11
2012,"Middle East, North Africa, Afghanistan & Pakistan (IDA & IBRD)",TMN,5.73017E+11,5.57029E+11
2012,Middle income,MIC,6.17177E+12,6.20331E+12
2012,North America,NAC,3.36031E+12,2.77589E+12
2012,Not classified,INX,..,..
2012,OECD members,OED,1.36567E+13,1.34934E+13
2012,Other small states,OSS,83356883673,85942893250
2012,Pacific island small states,PSS,..,..
2012,Post-demographic dividend,PST,1.35045E+13,1.34392E+13
2012,Pre-demographic dividend,PRE,3.49337E+11,3.96587E+11
2012,Small states,SST,1.21012E+11,1.28295E+11
2012,South Asia,SAS,6.46009E+11,4.98904E+11
2012,South Asia (IDA & IBRD),TSA,6.46009E+11,4.98904E+11
2012,Sub-Saharan Africa,SSF,4.80356E+11,4.72123E+11
2012,Sub-Saharan Africa (excluding high income),SSA,4.66631E+11,4.64667E+11
2012,Sub-Saharan Africa (IDA & IBRD countries),TSS,4.80356E+11,4.72123E+11
2012,Upper middle income,UMC,4.74512E+12,5.02726E+12
2012,World,WLD,2.21335E+13,2.28247E+13
2013,Afghanistan,AFG,..,..
2013,Albania,ALB,5999382666,3694413300
2013,Algeria,DZA,65124130006,70746581763
2013,American Samoa,ASM,651000000,458000000
2013,Andorra,AND,..,..
2013,Angola,AGO,47805328237,67326138853
2013,Antigua and Barbuda,ATG,..,..
2013,Argentina,ARG,81240190817,80690471898
2013,Armenia,ARM,5471934334,3153322766
2013,Aruba,ABW,2241077260,2007054190
2013,Australia,AUS,3.35869E+11,3.15055E+11
2013,Austria,AUT,2.17964E+11,2.29883E+11
2013,Azerbaijan,AZE,19474571756,35905452997
2013,"Bahamas, The",BHS,4681600000,4175100000
2013,Bahrain,BHR,28331382979,34102925532
2013,Bangladesh,BGD,40137513944,29306607470
2013,Barbados,BRB,..,..
2013,Belarus,BLR,46436146193,44057927602
2013,Belgium,BEL,4.12266E+11,4.13572E+11
2013,Belize,BLZ,1071503100,1140192650
2013,Benin,BEN,3959347660,3451240666
2013,Bermuda,BMU,1594256000,3337183000
2013,Bhutan,BTN,1119922659,727610629.7
2013,Bolivia,BOL,11386396498,13518462721
2013,Bosnia and Herzegovina,BIH,9850930687,6134185103
2013,Botswana,BWA,9191467724,8759959354
2013,Brazil,BRA,3.47276E+11,2.90364E+11
2013,British Virgin Islands,VGB,..,..
2013,Brunei Darussalam,BRN,7761572006,12312003443
2013,Bulgaria,BGR,36351571391,36039694836
2013,Burkina Faso,BFA,4968860981,3640311287
2013,Burundi,BDI,..,..
2013,Cabo Verde,CPV,987126463,761183232.7
2013,Cambodia,KHM,13521734447,11214912044
2013,Cameroon,CMR,8781390774,7973145413
2013,Canada,CAN,5.89049E+11,5.60109E+11
2013,Cayman Islands,CYM,..,..
2013,Central African Republic,CAF,396266752.4,253274134.9
2013,Chad,TCD,3819481883,5386661771
2013,Channel Islands,CHI,..,..
2013,Chile,CHL,91695210221,89009025669
2013,China,CHN,2.11939E+12,2.35426E+12
2013,Colombia,COL,76037444586,69107146201
2013,Comoros,COM,337043144.6,101000369.8
2013,"Congo, Dem. Rep.",COD,13405117465,11910448089
2013,"Congo, Rep.",COG,7195794099,9506330379
2013,Costa Rica,CRI,17055279991,15586344043
2013,Cote d'Ivoire,CIV,12482686215,12469056845
2013,Croatia,HRV,24805948031,23620939498
2013,Cuba,CUB,15602000000,18593000000
2013,Curacao,CUW,2794134078,2253910615
2013,Cyprus,CYP,14287083386,14686487061
2013,Czechia,CZE,1.48951E+11,1.61005E+11
2013,Denmark,DNK,1.67807E+11,1.89274E+11
2013,Djibouti,DJI,3911141621,3197793170
2013,Dominica,DMA,..,..
2013,Dominican Republic,DOM,19661135224,15878953122
2013,Ecuador,ECU,29992847000,31264903000
2013,"Egypt, Arab Rep.",EGY,67364341085,49085271318
2013,El Salvador,SLV,11155200000,6536790000
2013,Equatorial Guinea,GNQ,8612715607,14849114362
2013,Eritrea,ERI,..,..
2013,Estonia,EST,20652882303,21239933055
2013,Eswatini,SWZ,1936952297,1866015485
2013,Ethiopia,ETH,13812145920,5948445901
2013,Faroe Islands,FRO,1576924501,1491476969
2013,Fiji,FJI,..,..
2013,Finland,FIN,1.0604E+11,1.03378E+11
2013,France,FRA,8.79403E+11,8.61474E+11
2013,French Polynesia,PYF,2264702276,1116858689
2013,Gabon,GAB,5855446897,10092462762
2013,"Gambia, The",GMB,364299281.3,261079179.2
2013,Georgia,GEO,9262010761,7171991824
2013,Germany,DEU,1.36694E+12,1.58678E+12
2013,Ghana,GHA,22196190510,15988443998
2013,Gibraltar,GIB,..,..
2013,Greece,GRC,77182468214,71740892359
2013,Greenland,GRL,1562929552,1012247895
2013,Grenada,GRD,..,..
2013,Guam,GUM,3241000000,1053000000
2013,Guatemala,GTM,18382912018,11658240732
2013,Guinea,GIN,4519671025,2217341683
2013,Guinea-Bissau,GNB,296762928.3,146638162
2013,Guyana,GUY,..,..
2013,Haiti,HTI,4443359383,1567188287
2013,Honduras,HND,12647258281,8869045891
2013,"Hong Kong SAR, China",HKG,6.09318E+11,6.10972E+11
2013,Hungary,HUN,1.07272E+11,1.15833E+11
2013,Iceland,ISL,7289463604,8580915713
2013,India,IND,5.27555E+11,4.7218E+11
2013,Indonesia,IDN,2.25519E+11,2.18308E+11
2013,"Iran, Islamic Rep.",IRN,1.09607E+11,1.26015E+11
2013,Iraq,IRQ,65103700000,93065600000
2013,Ireland,IRL,2.18622E+11,2.66601E+11
2013,Isle of Man,IMN,..,..
2013,Israel,ISR,93509987330,97916091126
2013,Italy,ITA,5.56754E+11,6.06724E+11
2013,Jamaica,JAM,..,..
2013,Japan,JPN,9.48363E+11,8.22722E+11
2013,Jordan,JOR,24171830986,14228169014
2013,Kazakhstan,KAZ,63395762891,91381274046
2013,Kenya,KEN,18299434695,10972694027
2013,Kiribati,KIR,173118004.5,22119947.33
2013,"Korea, Dem. People's Rep.",PRK,..,..
2013,"Korea, Rep.",KOR,6.4465E+11,7.06343E+11
2013,Kosovo,XKX,3509081009,1549385413
2013,Kuwait,KWT,46580345500,1.23417E+11
2013,Kyrgyz Republic,KGZ,6731846955,3099063074
2013,Lao PDR,LAO,7190675750,4574379416
2013,Latvia,LVA,19561429184,18242229971
2013,Lebanon,LBN,27906587980,12492026093
2013,Lesotho,LSO,2251498995,905412759.6
2013,Liberia,LBR,..,..
2013,Libya,LBY,34997389305,45126728799
2013,Liechtenstein,LIE,..,..
2013,Lithuania,LTU,35924555728,36599310829
2013,Luxembourg,LUX,93990637387,1.15008E+11
2013,"Macao SAR, China",MAC,15854669803,46725257862
2013,Madagascar,MDG,4111627324,2891230458
2013,Malawi,MWI,..,..
2013,Malaysia,MYS,2.16892E+11,2.44491E+11
2013,Maldives,MDV,..,..
2013,Mali,MLI,5294984000,3303494040
2013,Malta,MLT,9691475646,10545177284
2013,Marshall Islands,MHL,206483300,95335100
2013,Mauritania,MRT,4106332169,3290007705
2013,Mauritius,MUS,8992240669,7987464268
2013,Mexico,MEX,4.23928E+11,4.08264E+11
2013,"Micronesia, Fed. Sts.",FSM,263000000,96000000
2013,Moldova,MDA,6039407692,3047744931
2013,Monaco,MCO,..,..
2013,Mongolia,MNG,7728160165,4893217361
2013,Montenegro,MNE,2743260530,1846256367
2013,Morocco,MAR,50467526992,35014914037
2013,Mozambique,MOZ,13997781555,4814395426
2013,Myanmar,MMR,..,..
2013,Namibia,NAM,7252831224,4516479278
2013,Nauru,NRU,73866533.43,95410939.02
2013,Nepal,NPL,7218389060,2059901303
2013,Netherlands,NLD,6.21247E+11,7.10442E+11
2013,New Caledonia,NCL,4380245208,1596111823
2013,New Zealand,NZL,51933398299,55007020975
2013,Nicaragua,NIC,7223504605,4965877905
2013,Niger,NER,2997542747,1736088772
2013,Nigeria,NGA,..,..
2013,North Macedonia,MKD,6648641581,4694501444
2013,Northern Mariana Islands,MNP,525000000,402000000
2013,Norway,NOR,1.4787E+11,2.09676E+11
2013,Oman,OMN,41830949285,59386215865
2013,Pakistan,PAK,48401946136,31497982328
2013,Palau,PLW,195459701.5,123213562
2013,Panama,PAN,32165330900,30311100700
2013,Papua New Guinea,PNG,..,..
2013,Paraguay,PRY,13343028125,14905195671
2013,Peru,PER,50251323236,49908231211
2013,Philippines,PHL,84169697682,74318435289
2013,Poland,POL,2.31368E+11,2.37157E+11
2013,Portugal,PRT,87194990738,89682537232
2013,Puerto Rico (US),PRI,45100800000,62361300000
2013,Qatar,QAT,58953296703,1.4451E+11
2013,Romania,ROU,78106395081,76385138211
2013,Russian Federation,RUS,4.68622E+11,5.92497E+11
2013,Rwanda,RWA,2283504305,1055111447
2013,Samoa,WSM,397089997.8,224169124.1
2013,San Marino,SMR,..,..
2013,Sao Tome and Principe,STP,..,..
2013,Saudi Arabia,SAU,2.29995E+11,3.87745E+11
2013,Senegal,SEN,7241502995,4228273485
2013,Serbia,SRB,23262513959,19287772623
2013,Seychelles,SYC,1357353290,1262543323
2013,Sierra Leone,SLE,2582762766,1420918920
2013,Singapore,SGP,5.28921E+11,6.00013E+11
2013,Sint Maarten (Dutch part),SXM,..,..
2013,Slovak Republic,SVK,87262069996,92074947974
2013,Slovenia,SVN,33607385501,35880641478
2013,Solomon Islands,SLB,690209096.4,590649173.2
2013,"Somalia, Fed. Rep.",SOM,3276855450,942600660
2013,South Africa,ZAF,1.22253E+11,1.13769E+11
2013,South Sudan,SSD,7567840881,1794877729
2013,Spain,ESP,3.93853E+11,4.46191E+11
2013,Sri Lanka,LKA,..,..
2013,St. Kitts and Nevis,KNA,..,..
2013,St. Lucia,LCA,..,..
2013,St. Martin (French part),MAF,..,..
2013,St. Vincent and the Grenadines,VCT,..,..
2013,Sudan,SDN,7465369863,4090246575
2013,Suriname,SUR,..,..
2013,Sweden,SWE,2.27248E+11,2.49633E+11
2013,Switzerland,CHE,4.35221E+11,5.08971E+11
2013,Syrian Arab Republic,SYR,7888121085,1661482225
2013,Tajikistan,TJK,5124434510,936771984.1
2013,Tanzania,TZA,13520661956,8679120270
2013,Thailand,THA,2.74441E+11,2.82343E+11
2013,Timor-Leste,TLS,1033529586,77945685.22
2013,Togo,TGO,2892638363,2054079312
2013,Tonga,TON,282042285.8,91729482.46
2013,Trinidad and Tobago,TTO,..,..
2013,Tunisia,TUN,26321908980,21854753431
2013,Turkiye,TUR,2.75806E+11,2.348E+11
2013,Turkmenistan,TKM,19110175439,19535789474
2013,Turks and Caicos Islands,TCA,..,..
2013,Tuvalu,TUV,..,..
2013,Uganda,UGA,7690477050,4774874142
2013,Ukraine,UKR,97353058927,81719004129
2013,United Arab Emirates,ARE,2.52509E+11,3.92245E+11
2013,United Kingdom,GBR,8.8136E+11,8.44879E+11
2013,United States,USA,2.76638E+12,2.28792E+12
2013,Uruguay,URY,16171486174,14324258530
2013,Uzbekistan,UZB,17367231964,13644942280
2013,Vanuatu,VUT,415009122.9,391908401
2013,"Venezuela, RB",VEN,83583018751,78195615610
2013,Viet Nam,VNM,1.36872E+11,1.42758E+11
2013,Virgin Islands (U.S.),VIR,2792000000,2525000000
2013,West Bank and Gaza,PSE,6845800000,2111100000
2013,"Yemen, Rep.",YEM,12186114206,9036683925
2013,Zambia,ZMB,11207472737,11350236220
2013,Zimbabwe,ZWE,7004000000,4199750000
2013,Africa Eastern and Southern,AFE,3.30755E+11,2.82668E+11
2013,Africa Western and Central,AFW,..,..
2013,Arab World,ARB,1.06567E+12,1.50745E+12
2013,Caribbean small states,CSS,..,..
2013,Central Europe and the Baltics,CEB,8.23863E+11,8.54078E+11
2013,Early-demographic dividend,EAR,2.98519E+12,2.91783E+12
2013,East Asia & Pacific,EAS,6.63222E+12,6.94167E+12
2013,East Asia & Pacific (excluding high income),EAP,3.12222E+12,3.36581E+12
2013,East Asia & Pacific (IDA & IBRD countries),TEA,3.11645E+12,3.36152E+12
2013,Euro area,EMU,5.27725E+12,5.75436E+12
2013,Europe & Central Asia,ECS,8.84158E+12,9.56238E+12
2013,Europe & Central Asia (excluding high income),ECA,6.23587E+11,5.7566E+11
2013,Europe & Central Asia (IDA & IBRD countries),TEC,1.46284E+12,1.54136E+12
2013,European Union,EUU,6.27436E+12,6.81969E+12
2013,Fragile and conflict affected situations,FCS,5.65116E+11,5.32504E+11
2013,Heavily indebted poor countries (HIPC),HPC,2.4021E+11,1.68435E+11
2013,High income,HIC,1.60824E+13,1.69037E+13
2013,IBRD only,IBD,7.05147E+12,7.24897E+12
2013,IDA & IBRD total,IBT,7.62141E+12,7.65668E+12
2013,IDA blend,IDB,1.85807E+11,..
2013,IDA only,IDX,3.69382E+11,2.3419E+11
2013,IDA total,IDA,5.58092E+11,4.18508E+11
2013,Late-demographic dividend,LTE,5.24326E+12,5.93483E+12
2013,Latin America & Caribbean,LCN,1.45602E+12,1.35075E+12
2013,Latin America & Caribbean (excluding high income),LAC,1.13479E+12,1.03146E+12
2013,Latin America & the Caribbean (IDA & IBRD countries),TLA,1.37849E+12,1.25854E+12
2013,Least developed countries: UN classification,LDC,3.2418E+11,2.42332E+11
2013,Low & middle income,LMY,6.53259E+12,6.46161E+12
2013,Low income,LIC,1.31662E+11,73190540795
2013,Lower middle income,LMC,1.42214E+12,1.2447E+12
2013,"Middle East, North Africa, Afghanistan & Pakistan",MEA,1.32175E+12,1.76599E+12
2013,"Middle East, North Africa, Afghanistan & Pakistan (excluding high income)",MNA,5.61005E+11,5.16219E+11
2013,"Middle East, North Africa, Afghanistan & Pakistan (IDA & IBRD)",TMN,5.54212E+11,5.14111E+11
2013,Middle income,MIC,6.40472E+12,6.39165E+12
2013,North America,NAC,3.35702E+12,2.85137E+12
2013,Not classified,INX,..,..
2013,OECD members,OED,1.38971E+13,1.38924E+13
2013,Other small states,OSS,87380845856,91185349023
2013,Pacific island small states,PSS,..,..
2013,Post-demographic dividend,PST,1.37316E+13,1.38139E+13
2013,Pre-demographic dividend,PRE,3.76656E+11,3.88386E+11
2013,Small states,SST,1.26046E+11,1.357E+11
2013,South Asia,SAS,6.04047E+11,5.26456E+11
2013,South Asia (IDA & IBRD),TSA,6.04047E+11,5.26456E+11
2013,Sub-Saharan Africa,SSF,5.02644E+11,4.66807E+11
2013,Sub-Saharan Africa (excluding high income),SSA,4.88896E+11,4.59182E+11
2013,Sub-Saharan Africa (IDA & IBRD countries),TSS,5.02644E+11,4.66807E+11
2013,Upper middle income,UMC,4.97482E+12,5.16058E+12
2013,World,WLD,2.27159E+13,2.34596E+13
2014,Afghanistan,AFG,..,..
2014,Albania,ALB,6243003573,3732057495
2014,Algeria,DZA,70019891159,65994736570
2014,American Samoa,ASM,695000000,429000000
2014,Andorra,AND,..,..
2014,Angola,AGO,49972198759,56798432761
2014,Antigua and Barbuda,ATG,924222222.2,1027285185
2014,Argentina,ARG,73691675720,75818867911
2014,Armenia,ARM,5481836307,3315721292
2014,Aruba,ABW,2261604969,2105825140
2014,Australia,AUS,3.14156E+11,3.09622E+11
2014,Austria,AUT,2.22087E+11,2.36189E+11
2014,Azerbaijan,AZE,19720098375,32558931187
2014,"Bahamas, The",BHS,4809200000,4161900000
2014,Bahrain,BHR,26548936170,32069148936
2014,Bangladesh,BGD,44128305231,32830579730
2014,Barbados,BRB,..,..
2014,Belarus,BLR,43907092067,43300691503
2014,Belgium,BEL,4.25952E+11,4.27143E+11
2014,Belize,BLZ,1103766000,1186559050
2014,Benin,BEN,4495143318,4175438842
2014,Bermuda,BMU,1626299000,3281476000
2014,Bhutan,BTN,1122774035,714242546.6
2014,Bolivia,BOL,13848955977,14285068712
2014,Bosnia and Herzegovina,BIH,10497406268,6307950242
2014,Botswana,BWA,9005846102,9480529369
2014,Brazil,BRA,3.35826E+11,2.70458E+11
2014,British Virgin Islands,VGB,..,..
2014,Brunei Darussalam,BRN,5854952488,11656782738
2014,Bulgaria,BGR,37500760082,36846181919
2014,Burkina Faso,BFA,4446645106,3755133669
2014,Burundi,BDI,..,..
2014,Cabo Verde,CPV,1103776763,760584105.4
2014,Cambodia,KHM,14949702395,12481981424
2014,Cameroon,CMR,9905295758,8590854303
2014,Canada,CAN,5.89434E+11,5.73083E+11
2014,Cayman Islands,CYM,..,..
2014,Central African Republic,CAF,690077856.7,315975056
2014,Chad,TCD,3206574455,4198424641
2014,Channel Islands,CHI,..,..
2014,Chile,CHL,84696629415,85665253392
2014,China,CHN,2.24128E+12,2.46283E+12
2014,Colombia,COL,79499076760,63418461300
2014,Comoros,COM,339810662.5,111239533.7
2014,"Congo, Dem. Rep.",COD,15788562505,12636048300
2014,"Congo, Rep.",COG,9150318842,9521187260
2014,Costa Rica,CRI,17596280761,16313862243
2014,Cote d'Ivoire,CIV,12466424413,13752704950
2014,Croatia,HRV,25511424829,25283592501
2014,Cuba,CUB,13865000000,17812000000
2014,Curacao,CUW,2705363128,2323072626
2014,Cyprus,CYP,15071915752,15317889065
2014,Czechia,CZE,1.58319E+11,1.71579E+11
2014,Denmark,DNK,1.70691E+11,1.9347E+11
2014,Djibouti,DJI,3122554695,3507482741
2014,Dominica,DMA,..,..
2014,Dominican Republic,DOM,20273979988,17026265384
2014,Ecuador,ECU,30888617000,32207202000
2014,"Egypt, Arab Rep.",EGY,69296987088,43529411765
2014,El Salvador,SLV,10969480000,6677020000
2014,Equatorial Guinea,GNQ,8361396883,14357208631
2014,Eritrea,ERI,..,..
2014,Estonia,EST,20931419952,21804108132
2014,Eswatini,SWZ,1983957522,1942020442
2014,Ethiopia,ETH,16182860468,6474164234
2014,Faroe Islands,FRO,1536507921,1556499130
2014,Fiji,FJI,..,..
2014,Finland,FIN,1.03434E+11,1.00657E+11
2014,France,FRA,9.00072E+11,8.79596E+11
2014,French Polynesia,PYF,2247175000,1212243876
2014,Gabon,GAB,5279047843,8104568513
2014,"Gambia, The",GMB,447782687.9,268476270.6
2014,Georgia,GEO,10019433223,7039423515
2014,Germany,DEU,1.39384E+12,1.6531E+12
2014,Ghana,GHA,19468106209,15436790167
2014,Gibraltar,GIB,..,..
2014,Greece,GRC,79339278432,76056457342
2014,Greenland,GRL,1381691866,1093422910
2014,Grenada,GRD,..,..
2014,Guam,GUM,3339000000,1057000000
2014,Guatemala,GTM,19287280906,12579582121
2014,Guinea,GIN,4396562755,2342843829
2014,Guinea-Bissau,GNB,342568005.4,189520128.4
2014,Guyana,GUY,..,..
2014,Haiti,HTI,4752590723,1662345566
2014,Honduras,HND,12923231435,9396732040
2014,"Hong Kong SAR, China",HKG,6.20476E+11,6.21073E+11
2014,Hungary,HUN,1.14782E+11,1.2282E+11
2014,Iceland,ISL,8010515430,9191034651
2014,India,IND,5.29239E+11,4.68346E+11
2014,Indonesia,IDN,2.17485E+11,2.1082E+11
2014,"Iran, Islamic Rep.",IRN,1.0411E+11,1.05543E+11
2014,Iraq,IRQ,68617800000,88949000000
2014,Ireland,IRL,2.56056E+11,3.06723E+11
2014,Isle of Man,IMN,..,..
2014,Israel,ISR,95211692531,99195918584
2014,Italy,ITA,5.61398E+11,6.22038E+11
2014,Jamaica,JAM,..,..
2014,Japan,JPN,9.80025E+11,8.52991E+11
2014,Jordan,JOR,24984507042,15525352113
2014,Kazakhstan,KAZ,56749434113,87108795076
2014,Kenya,KEN,20279300678,11248585738
2014,Kiribati,KIR,184575188.2,24100085.21
2014,"Korea, Dem. People's Rep.",PRK,..,..
2014,"Korea, Rep.",KOR,6.40346E+11,7.12571E+11
2014,Kosovo,XKX,3788279432,1664384745
2014,Kuwait,KWT,51286394768,1.11425E+11
2014,Kyrgyz Republic,KGZ,6547847695,2796703653
2014,Lao PDR,LAO,7742489763,5411896460
2014,Latvia,LVA,20125302947,19247854749
2014,Lebanon,LBN,26962653976,11425578094
2014,Lesotho,LSO,2151620838,931258117.8
2014,Liberia,LBR,..,..
2014,Libya,LBY,25408243621,18495884162
2014,Liechtenstein,LIE,..,..
2014,Lithuania,LTU,34143020506,35075486128
2014,Luxembourg,LUX,1.03652E+11,1.25763E+11
2014,"Macao SAR, China",MAC,18112891378,47024155989
2014,Madagascar,MDG,4218673808,3541731788
2014,Malawi,MWI,..,..
2014,Malaysia,MYS,2.18116E+11,2.49471E+11
2014,Maldives,MDV,2761372693,3375466194
2014,Mali,MLI,5484334534,3240763523
2014,Malta,MLT,10030089111,11523048481
2014,Marshall Islands,MHL,186432600,92294900
2014,Mauritania,MRT,3574551160,2464897184
2014,Mauritius,MUS,9298757802,8575510562
2014,Mexico,MEX,4.45313E+11,4.29315E+11
2014,"Micronesia, Fed. Sts.",FSM,236000000,102000000
2014,Moldova,MDA,5895141394,2964287552
2014,Monaco,MCO,..,..
2014,Mongolia,MNG,6978077008,6388231489
2014,Montenegro,MNE,2755572398,1844142771
2014,Morocco,MAR,49749730471,35897680524
2014,Mozambique,MOZ,15024028377,5894893978
2014,Myanmar,MMR,..,..
2014,Namibia,NAM,7966516584,4851942698
2014,Nauru,NRU,97313147.28,98231195.84
2014,Nepal,NPL,8151238036,2301358066
2014,Netherlands,NLD,6.34097E+11,7.33707E+11
2014,New Caledonia,NCL,4293535822,1976646974
2014,New Zealand,NZL,54700660896,56333268811
2014,Nicaragua,NIC,7329057911,5347156490
2014,Niger,NER,3236694187,1732190087
2014,Nigeria,NGA,..,..
2014,North Macedonia,MKD,7371277954,5415580045
2014,Northern Mariana Islands,MNP,560000000,437000000
2014,Norway,NOR,1.47559E+11,1.99328E+11
2014,Oman,OMN,37856957087,56954486346
2014,Pakistan,PAK,49596212908,30382086972
2014,Palau,PLW,222087982.2,135743316.7
2014,Panama,PAN,30898187800,28227865800
2014,Papua New Guinea,PNG,..,..
2014,Paraguay,PRY,13574782459,14319795162
2014,Peru,PER,48682936932,45391688188
2014,Philippines,PHL,89583209902,81375151612
2014,Poland,POL,2.4837E+11,2.50578E+11
2014,Portugal,PRT,92113305018,92457300369
2014,Puerto Rico (US),PRI,42580400000,62309200000
2014,Qatar,QAT,64004395604,1.40229E+11
2014,Romania,ROU,83680518337,82838251211
2014,Russian Federation,RUS,4.26062E+11,5.58283E+11
2014,Rwanda,RWA,2474497027,1142634329
2014,Samoa,WSM,421513422.4,219822977.5
2014,San Marino,SMR,..,..
2014,Sao Tome and Principe,STP,..,..
2014,Saudi Arabia,SAU,2.59007E+11,3.54973E+11
2014,Senegal,SEN,7258510977,4311504601
2014,Serbia,SRB,23603525028,19804449977
2014,Seychelles,SYC,1584249276,1376210127
2014,Sierra Leone,SLE,2375354044,1553706126
2014,Singapore,SGP,5.30589E+11,6.04392E+11
2014,Sint Maarten (Dutch part),SXM,..,..
2014,Slovak Republic,SVK,87794970707,91989314712
2014,Slovenia,SVN,34570632675,37954050501
2014,Solomon Islands,SLB,682707802.7,565434185.4
2014,"Somalia, Fed. Rep.",SOM,3582435080,1097727150
2014,South Africa,ZAF,1.16262E+11,1.1055E+11
2014,South Sudan,SSD,3664089627,5360319322
2014,Spain,ESP,4.16557E+11,4.58508E+11
2014,Sri Lanka,LKA,..,..
2014,St. Kitts and Nevis,KNA,..,..
2014,St. Lucia,LCA,..,..
2014,St. Martin (French part),MAF,..,..
2014,St. Vincent and the Grenadines,VCT,..,..
2014,Sudan,SDN,6554134831,3767685393
2014,Suriname,SUR,..,..
2014,Sweden,SWE,2.33195E+11,2.51073E+11
2014,Switzerland,CHE,3.98696E+11,4.747E+11
2014,Syrian Arab Republic,SYR,10159432249,1508537236
2014,Tajikistan,TJK,4140500777,835634230.4
2014,Tanzania,TZA,13639784608,9032206214
2014,Thailand,THA,2.54633E+11,2.78596E+11
2014,Timor-Leste,TLS,1131451122,66178355.91
2014,Togo,TGO,2670919336,1862941457
2014,Tonga,TON,254911634.4,74647847.63
2014,Trinidad and Tobago,TTO,..,..
2014,Tunisia,TUN,26724314136,21590469318
2014,Turkiye,TUR,2.68468E+11,2.43288E+11
2014,Turkmenistan,TKM,19287017544,20360701754
2014,Turks and Caicos Islands,TCA,..,..
2014,Tuvalu,TUV,..,..
2014,Uganda,UGA,6870189627,4874969924
2014,Ukraine,UKR,69553942786,64873485476
2014,United Arab Emirates,ARE,2.75111E+11,4.02728E+11
2014,United Kingdom,GBR,9.34526E+11,8.80316E+11
2014,United States,USA,2.88745E+12,2.37855E+12
2014,Uruguay,URY,15709177870,14477839205
2014,Uzbekistan,UZB,16420970314,12972030799
2014,Vanuatu,VUT,416764244.9,397180775.7
2014,"Venezuela, RB",VEN,44361014084,93485691721
2014,Viet Nam,VNM,1.53639E+11,1.62479E+11
2014,Virgin Islands (U.S.),VIR,3063000000,2794000000
2014,West Bank and Gaza,PSE,7263000000,2213600000
2014,"Yemen, Rep.",YEM,11567517016,9287266913
2014,Zambia,ZMB,10142928855,10536766856
2014,Zimbabwe,ZWE,6581500000,4082500000
2014,Africa Eastern and Southern,AFE,3.29277E+11,2.77002E+11
2014,Africa Western and Central,AFW,..,..
2014,Arab World,ARB,1.12174E+12,1.42375E+12
2014,Caribbean small states,CSS,..,..
2014,Central Europe and the Baltics,CEB,8.65728E+11,8.96016E+11
2014,Early-demographic dividend,EAR,2.97677E+12,2.86213E+12
2014,East Asia & Pacific,EAS,6.77987E+12,7.13754E+12
2014,East Asia & Pacific (excluding high income),EAP,3.24222E+12,3.49952E+12
2014,East Asia & Pacific (IDA & IBRD countries),TEA,3.23627E+12,3.49507E+12
2014,Euro area,EMU,5.43677E+12,5.97013E+12
2014,Europe & Central Asia,ECS,8.98149E+12,9.76315E+12
2014,Europe & Central Asia (excluding high income),ECA,5.80451E+11,5.60183E+11
2014,Europe & Central Asia (IDA & IBRD countries),TEC,1.40158E+12,1.51401E+12
2014,European Union,EUU,6.48331E+12,7.07934E+12
2014,Fragile and conflict affected situations,FCS,4.78373E+11,4.94586E+11
2014,Heavily indebted poor countries (HIPC),HPC,2.4715E+11,1.73308E+11
2014,High income,HIC,1.64632E+13,1.72414E+13
2014,IBRD only,IBD,7.06352E+12,7.2744E+12
2014,IDA & IBRD total,IBT,7.64273E+12,7.6947E+12
2014,IDA blend,IDB,1.93506E+11,..
2014,IDA only,IDX,3.739E+11,2.48367E+11
2014,IDA total,IDA,5.69679E+11,4.36059E+11
2014,Late-demographic dividend,LTE,5.38859E+12,6.05257E+12
2014,Latin America & Caribbean,LCN,1.41362E+12,1.35155E+12
2014,Latin America & Caribbean (excluding high income),LAC,1.14306E+12,1.02109E+12
2014,Latin America & the Caribbean (IDA & IBRD countries),TLA,1.34017E+12,1.25976E+12
2014,Least developed countries: UN classification,LDC,3.32168E+11,2.43578E+11
2014,Low & middle income,LMY,6.61696E+12,6.49946E+12
2014,Low income,LIC,1.30794E+11,79237797108
2014,Lower middle income,LMC,1.46292E+12,1.26148E+12
2014,"Middle East, North Africa, Afghanistan & Pakistan",MEA,1.37711E+12,1.66388E+12
2014,"Middle East, North Africa, Afghanistan & Pakistan (excluding high income)",MNA,5.58238E+11,4.54805E+11
2014,"Middle East, North Africa, Afghanistan & Pakistan (IDA & IBRD)",TMN,5.51019E+11,4.52594E+11
2014,Middle income,MIC,6.48951E+12,6.4243E+12
2014,North America,NAC,3.47851E+12,2.95491E+12
2014,Not classified,INX,..,..
2014,OECD members,OED,1.42572E+13,1.42914E+13
2014,Other small states,OSS,87637077927,94608473925
2014,Pacific island small states,PSS,..,..
2014,Post-demographic dividend,PST,1.40083E+13,1.41349E+13
2014,Pre-demographic dividend,PRE,3.85583E+11,3.77436E+11
2014,Small states,SST,1.26612E+11,1.40422E+11
2014,South Asia,SAS,6.1098E+11,5.2637E+11
2014,South Asia (IDA & IBRD),TSA,6.1098E+11,5.2637E+11
2014,Sub-Saharan Africa,SSF,4.99585E+11,4.57417E+11
2014,Sub-Saharan Africa (excluding high income),SSA,4.82785E+11,4.48986E+11
2014,Sub-Saharan Africa (IDA & IBRD countries),TSS,4.99585E+11,4.57417E+11
2014,Upper middle income,UMC,5.02022E+12,5.17752E+12
2014,World,WLD,2.3145E+13,2.38524E+13
2015,Afghanistan,AFG,..,..
2015,Albania,ALB,5070977325,3104897799
2015,Algeria,DZA,61266393934,38489004323
2015,American Samoa,ASM,665000000,428000000
2015,Andorra,AND,..,..
2015,Angola,AGO,29563627047,26813916786
2015,Antigua and Barbuda,ATG,853392592.6,1016366667
2015,Argentina,ARG,70064879912,63671789069
2015,Armenia,ARM,4427830382,3137020863
2015,Aruba,ABW,2079109510,2083567039
2015,Australia,AUS,2.9185E+11,2.71153E+11
2015,Austria,AUT,1.88716E+11,2.02662E+11
2015,Azerbaijan,AZE,18474102155,20060045053
2015,"Bahamas, The",BHS,4006600000,4241600000
2015,Bahrain,BHR,22301861702,25805319149
2015,Bangladesh,BGD,48297463644,33831931004
2015,Barbados,BRB,..,..
2015,Belarus,BLR,32689603598,32749844751
2015,Belgium,BEL,3.55885E+11,3.59051E+11
2015,Belize,BLZ,1151466850,1130908300
2015,Benin,BEN,3648295538,2815204783
2015,Bermuda,BMU,1552149000,3325330000
2015,Bhutan,BTN,1271188136,689951582.8
2015,Bolivia,BOL,12231374703,10186598886
2015,Bosnia and Herzegovina,BIH,8723359335,5760366704
2015,Botswana,BWA,8092740028,7183595979
2015,Brazil,BRA,2.53273E+11,2.32489E+11
2015,British Virgin Islands,VGB,..,..
2015,Brunei Darussalam,BRN,4872546659,6751297357
2015,Bulgaria,BGR,31957259692,32381760372
2015,Burkina Faso,BFA,3902427858,3089098213
2015,Burundi,BDI,..,..
2015,Cabo Verde,CPV,925207213.4,719807460.4
2015,Cambodia,KHM,15985986398,13532995573
2015,Cameroon,CMR,7907933406,6760654005
2015,Canada,CAN,5.34115E+11,4.95747E+11
2015,Cayman Islands,CYM,..,..
2015,Central African Republic,CAF,611811304.2,289437777.7
2015,Chad,TCD,2999716927,4063362924
2015,Channel Islands,CHI,..,..
2015,Chile,CHL,73118253440,70773876095
2015,China,CHN,2.00326E+12,2.3621E+12
2015,Colombia,COL,66653739136,45932176699
2015,Comoros,COM,267288351.6,97918676.05
2015,"Congo, Dem. Rep.",COD,12755729842,10449550919
2015,"Congo, Rep.",COG,9508100092,5080489798
2015,Costa Rica,CRI,17360351864,16930125462
2015,Cote d'Ivoire,CIV,11618672336,12532872785
2015,Croatia,HRV,23062291872,23169362936
2015,Cuba,CUB,12605000000,14941000000
2015,Curacao,CUW,2441508380,2095083799
2015,Cyprus,CYP,13390806128,13939939820
2015,Czechia,CZE,1.39951E+11,1.5131E+11
2015,Denmark,DNK,1.48816E+11,1.68425E+11
2015,Djibouti,DJI,2980599356,3525582233
2015,Dominica,DMA,..,..
2015,Dominican Republic,DOM,20090901342,17058168236
2015,Ecuador,ECU,24373891000,22119535000
2015,"Egypt, Arab Rep.",EGY,71347708895,43423180593
2015,El Salvador,SLV,11033340000,6911040000
2015,Equatorial Guinea,GNQ,5566862109,7470701299
2015,Eritrea,ERI,..,..
2015,Estonia,EST,16894724760,17725037608
2015,Eswatini,SWZ,1696296266,1753178719
2015,Ethiopia,ETH,18812870813,5814937799
2015,Faroe Islands,FRO,1348576905,1369742477
2015,Fiji,FJI,..,..
2015,Finland,FIN,84376236306,83446464504
2015,France,FRA,7.76983E+11,7.74108E+11
2015,French Polynesia,PYF,1918194296,1044598994
2015,Gabon,GAB,4015443369,6620833389
2015,"Gambia, The",GMB,399003138.6,214593793
2015,Georgia,GEO,8659152477,6110413018
2015,Germany,DEU,1.20465E+12,1.45859E+12
2015,Ghana,GHA,21104358074,16725314358
2015,Gibraltar,GIB,..,..
2015,Greece,GRC,64373172350,62624153982
2015,Greenland,GRL,1137634631,939162803.5
2015,Grenada,GRD,..,..
2015,Guam,GUM,3089000000,1048000000
2015,Guatemala,GTM,18695335890,12331439231
2015,Guinea,GIN,4480281599,1890478291
2015,Guinea-Bissau,GNB,337921256.8,288634343
2015,Guyana,GUY,..,..
2015,Haiti,HTI,4481319816,1747466805
2015,Honduras,HND,13027957171,9475891625
2015,"Hong Kong SAR, China",HKG,5.98687E+11,6.06079E+11
2015,Hungary,HUN,1.00015E+11,1.09507E+11
2015,Iceland,ISL,7709275099,9086505055
2015,India,IND,4.65098E+11,4.16788E+11
2015,Indonesia,IDN,1.78864E+11,1.82158E+11
2015,"Iran, Islamic Rep.",IRN,84709856958,76604098445
2015,Iraq,IRQ,58500390394,57560658811
2015,Ireland,IRL,2.93085E+11,3.82725E+11
2015,Isle of Man,IMN,..,..
2015,Israel,ISR,85081011363,93656330689
2015,Italy,ITA,4.85192E+11,5.37834E+11
2015,Jamaica,JAM,..,..
2015,Japan,JPN,7.99672E+11,7.75052E+11
2015,Jordan,JOR,22694366197,14101408451
2015,Kazakhstan,KAZ,45236045679,52581502969
2015,Kenya,KEN,17669406545,10608335823
2015,Kiribati,KIR,183766112.4,26736810.8
2015,"Korea, Dem. People's Rep.",PRK,..,..
2015,"Korea, Rep.",KOR,5.29798E+11,6.30587E+11
2015,Kosovo,XKX,3246709183,1413505663
2015,Kuwait,KWT,51488579434,61607350790
2015,Kyrgyz Republic,KGZ,5060186676,2350023986
2015,Lao PDR,LAO,7479510330,4898081701
2015,Latvia,LVA,16803736936,16490529214
2015,Lebanon,LBN,24315275422,11553482874
2015,Lesotho,LSO,2048938857,1012112198
2015,Liberia,LBR,..,..
2015,Libya,LBY,16894027700,10828621281
2015,Liechtenstein,LIE,..,..
2015,Lithuania,LTU,28908846551,28498914823
2015,Luxembourg,LUX,95691946361,1.15239E+11
2015,"Macao SAR, China",MAC,18221381197,35370496533
2015,Madagascar,MDG,3717317431,3214678738
2015,Malawi,MWI,..,..
2015,Malaysia,MYS,1.86603E+11,2.09287E+11
2015,Maldives,MDV,2778856365,3156089603
2015,Mali,MLI,5197182347,3151534393
2015,Malta,MLT,11166536482,12331139465
2015,Marshall Islands,MHL,173132900,81272900
2015,Mauritania,MRT,2907777571,1862093480
2015,Mauritius,MUS,8339604127,7852564560
2015,Mexico,MEX,4.39822E+11,4.14495E+11
2015,"Micronesia, Fed. Sts.",FSM,248000000,86000000
2015,Moldova,MDA,4457107088,2480197907
2015,Monaco,MCO,..,..
2015,Mongolia,MNG,5283520220,5134139179
2015,Montenegro,MNE,2462552480,1713786925
2015,Morocco,MAR,41176430828,33119569274
2015,Mozambique,MOZ,10728551022,5279638424
2015,Myanmar,MMR,..,..
2015,Namibia,NAM,7012858245,4009342644
2015,Nauru,NRU,108991281.5,60735599.63
2015,Nepal,NPL,8879790220,2488355629
2015,Netherlands,NLD,5.92156E+11,6.51561E+11
2015,New Caledonia,NCL,3668090538,1578920444
2015,New Zealand,NZL,47973639708,49784689412
2015,Nicaragua,NIC,7412965477,5113365846
2015,Niger,NER,2949615182,1381730102
2015,Nigeria,NGA,..,..
2015,North Macedonia,MKD,6537956851,4905245730
2015,Northern Mariana Islands,MNP,635000000,482000000
2015,Norway,NOR,1.23655E+11,1.49733E+11
2015,Oman,OMN,36777633290,39081924577
2015,Pakistan,PAK,50134759860,29920081166
2015,Palau,PLW,211192474.4,151922332.8
2015,Panama,PAN,27433598900,26426478300
2015,Papua New Guinea,PNG,..,..
2015,Paraguay,PRY,11652991233,12577922818
2015,Peru,PER,45316302181,40403976964
2015,Philippines,PHL,97858999139,83377968054
2015,Poland,POL,2.16475E+11,2.26401E+11
2015,Portugal,PRT,79509937177,80984130312
2015,Puerto Rico (US),PRI,43092800000,69463100000
2015,Qatar,QAT,59271428571,92291208791
2015,Romania,ROU,75016620203,73554067275
2015,Russian Federation,RUS,2.8164E+11,3.91366E+11
2015,Rwanda,RWA,2731456265,1130492137
2015,Samoa,WSM,391417174.4,223682230.9
2015,San Marino,SMR,2085261026,2476183221
2015,Sao Tome and Principe,STP,..,..
2015,Saudi Arabia,SAU,2.47307E+11,2.1801E+11
2015,Senegal,SEN,6298158532,4030818416
2015,Serbia,SRB,20707771266,17916931977
2015,Seychelles,SYC,1395023128,1290375235
2015,Sierra Leone,SLE,1764797912,711755890.5
2015,Singapore,SGP,4.65345E+11,5.49422E+11
2015,Sint Maarten (Dutch part),SXM,..,..
2015,Slovak Republic,SVK,79130064373,80879458866
2015,Slovenia,SVN,29706227947,33169954107
2015,Solomon Islands,SLB,625545741.6,527879238.2
2015,"Somalia, Fed. Rep.",SOM,3667158480,1037964070
2015,South Africa,ZAF,1.00591E+11,96085897668
2015,South Sudan,SSD,3467364408,4397355863
2015,Spain,ESP,3.65267E+11,4.01637E+11
2015,Sri Lanka,LKA,22995302427,16927340182
2015,St. Kitts and Nevis,KNA,..,..
2015,St. Lucia,LCA,..,..
2015,St. Martin (French part),MAF,..,..
2015,St. Vincent and the Grenadines,VCT,..,..
2015,Sudan,SDN,6184121212,3322363636
2015,Suriname,SUR,..,..
2015,Sweden,SWE,2.02956E+11,2.19258E+11
2015,Switzerland,CHE,3.70031E+11,4.43048E+11
2015,Syrian Arab Republic,SYR,6058999272,2353296642
2015,Tajikistan,TJK,3319748757,810823484.3
2015,Tanzania,TZA,11214705082,8110109049
2015,Thailand,THA,2.29553E+11,2.71423E+11
2015,Timor-Leste,TLS,906884210.6,48508505.45
2015,Togo,TGO,2441321789,1537319040
2015,Tonga,TON,281906833.6,74196237.31
2015,Trinidad and Tobago,TTO,..,..
2015,Tunisia,TUN,22362683999,17579251896
2015,Turkiye,TUR,2.30162E+11,2.18795E+11
2015,Turkmenistan,TKM,16333428571,12771714286
2015,Turks and Caicos Islands,TCA,..,..
2015,Tuvalu,TUV,..,..
2015,Uganda,UGA,8035899288,4170603009
2015,Ukraine,UKR,50257229466,47880176691
2015,United Arab Emirates,ARE,2.68999E+11,3.5853E+11
2015,United Kingdom,GBR,8.61463E+11,8.212E+11
2015,United States,USA,2.79494E+12,2.27062E+12
2015,Uruguay,URY,13180179646,12965298329
2015,Uzbekistan,UZB,14638435989,11872252205
2015,Vanuatu,VUT,489782622.2,336446281.9
2015,"Venezuela, RB",VEN,24528774647,51103125540
2015,Viet Nam,VNM,1.72245E+11,1.74474E+11
2015,Virgin Islands (U.S.),VIR,1580000000,1525000000
2015,West Bank and Gaza,PSE,7645500000,2244300000
2015,"Yemen, Rep.",YEM,9047502113,3841895933
2015,Zambia,ZMB,9079952777,7892388634
2015,Zimbabwe,ZWE,7507750000,3827000000
2015,Africa Eastern and Southern,AFE,2.79425E+11,2.1747E+11
2015,Africa Western and Central,AFW,..,..
2015,Arab World,ARB,1.04346E+12,1.04027E+12
2015,Caribbean small states,CSS,..,..
2015,Central Europe and the Baltics,CEB,7.5792E+11,7.93087E+11
2015,Early-demographic dividend,EAR,2.71243E+12,2.41651E+12
2015,East Asia & Pacific,EAS,6.01141E+12,6.64721E+12
2015,East Asia & Pacific (excluding high income),EAP,2.93145E+12,3.33459E+12
2015,East Asia & Pacific (IDA & IBRD countries),TEA,2.9261E+12,3.33034E+12
2015,Euro area,EMU,4.80495E+12,5.33667E+12
2015,Europe & Central Asia,ECS,7.84513E+12,8.57772E+12
2015,Europe & Central Asia (excluding high income),ECA,4.80464E+11,4.46414E+11
2015,Europe & Central Asia (IDA & IBRD countries),TEC,1.10861E+12,1.19329E+12
2015,European Union,EUU,5.72013E+12,6.31751E+12
2015,Fragile and conflict affected situations,FCS,3.83302E+11,3.37523E+11
2015,Heavily indebted poor countries (HIPC),HPC,2.3099E+11,1.48431E+11
2015,High income,HIC,1.4763E+13,1.53382E+13
2015,IBRD only,IBD,6.13801E+12,6.41421E+12
2015,IDA & IBRD total,IBT,6.67865E+12,6.79294E+12
2015,IDA blend,IDB,1.84469E+11,..
2015,IDA only,IDX,3.55926E+11,2.27517E+11
2015,IDA total,IDA,5.42524E+11,3.96088E+11
2015,Late-demographic dividend,LTE,4.77255E+12,5.47709E+12
2015,Latin America & Caribbean,LCN,1.25002E+12,1.18834E+12
2015,Latin America & Caribbean (excluding high income),LAC,1.02193E+12,9.14338E+11
2015,Latin America & the Caribbean (IDA & IBRD countries),TLA,1.18044E+12,1.0935E+12
2015,Least developed countries: UN classification,LDC,2.97118E+11,1.90381E+11
2015,Low & middle income,LMY,5.88425E+12,5.86665E+12
2015,Low income,LIC,1.10684E+11,64517446637
2015,Lower middle income,LMC,1.37386E+12,1.15663E+12
2015,"Middle East, North Africa, Afghanistan & Pakistan",MEA,1.27119E+12,1.24715E+12
2015,"Middle East, North Africa, Afghanistan & Pakistan (excluding high income)",MNA,4.88458E+11,3.45871E+11
2015,"Middle East, North Africa, Afghanistan & Pakistan (IDA & IBRD)",TMN,4.80825E+11,3.43627E+11
2015,Middle income,MIC,5.77542E+12,5.80477E+12
2015,North America,NAC,3.33061E+12,2.76969E+12
2015,Not classified,INX,..,..
2015,OECD members,OED,1.28389E+13,1.29387E+13
2015,Other small states,OSS,79351737515,83180871319
2015,Pacific island small states,PSS,..,..
2015,Post-demographic dividend,PST,1.25522E+13,1.27066E+13
2015,Pre-demographic dividend,PRE,3.16667E+11,2.60036E+11
2015,Small states,SST,1.14759E+11,1.24655E+11
2015,South Asia,SAS,5.4932E+11,4.73882E+11
2015,South Asia (IDA & IBRD),TSA,5.4932E+11,4.73882E+11
2015,Sub-Saharan Africa,SSF,4.31618E+11,3.61541E+11
2015,Sub-Saharan Africa (excluding high income),SSA,4.1144E+11,3.53777E+11
2015,Sub-Saharan Africa (IDA & IBRD countries),TSS,4.31618E+11,3.61541E+11
2015,Upper middle income,UMC,4.40083E+12,4.66305E+12
2015,World,WLD,2.06951E+13,2.12709E+13
2016,Afghanistan,AFG,..,..
2016,Albania,ALB,5436220773,3437126545
2016,Algeria,DZA,56532525720,33417246978
2016,American Samoa,ASM,639000000,429000000
2016,Andorra,AND,..,..
2016,Angola,AGO,13386621550,14765476550
2016,Antigua and Barbuda,ATG,923581481.5,1043081481
2016,Argentina,ARG,75639254068,69842604407
2016,Armenia,ARM,4464568368,3558717726
2016,Aruba,ABW,2026504542,2057715084
2016,Australia,AUS,2.61827E+11,2.32663E+11
2016,Austria,AUT,1.92553E+11,2.07329E+11
2016,Azerbaijan,AZE,16528818930,17580756548
2016,"Bahamas, The",BHS,4082400000,3903100000
2016,Bahrain,BHR,21088031915,23918617021
2016,Bangladesh,BGD,46183400773,36922447162
2016,Barbados,BRB,..,..
2016,Belarus,BLR,29922651356,29831676604
2016,Belgium,BEL,3.76759E+11,3.77606E+11
2016,Belize,BLZ,1101719200,1059495900
2016,Benin,BEN,3709467046,3263416598
2016,Bermuda,BMU,1615949000,3403730000
2016,Bhutan,BTN,1161352084,639422100.8
2016,Bolivia,BOL,10831641433,8311504863
2016,Bosnia and Herzegovina,BIH,8958199157,6146467331
2016,Botswana,BWA,6915892156,8236832500
2016,Brazil,BRA,2.16686E+11,2.23863E+11
2016,British Virgin Islands,VGB,..,..
2016,Brunei Darussalam,BRN,4302691141,5651998520
2016,Bulgaria,BGR,31788458645,34439814778
2016,Burkina Faso,BFA,4103751194,3325889850
2016,Burundi,BDI,..,..
2016,Cabo Verde,CPV,997132827.7,767162452.3
2016,Cambodia,KHM,17599744248,14986346465
2016,Cameroon,CMR,7333874148,6407809686
2016,Canada,CAN,5.17396E+11,4.81358E+11
2016,Cayman Islands,CYM,..,..
2016,Central African Republic,CAF,651691428.9,270501993.1
2016,Chad,TCD,2781116603,2944981828
2016,Channel Islands,CHI,..,..
2016,Chile,CHL,70152436857,69624960593
2016,China,CHN,1.94449E+12,2.19997E+12
2016,Colombia,COL,60743865897,41608310927
2016,Comoros,COM,267996110.9,108098874.6
2016,"Congo, Dem. Rep.",COD,14238061710,12013307809
2016,"Congo, Rep.",COG,8765973302,4598648631
2016,Costa Rica,CRI,18194546246,18395635000
2016,Cote d'Ivoire,CIV,10951792956,12073994608
2016,Croatia,HRV,23966071081,24545876244
2016,Cuba,CUB,11226300000,13689600000
2016,Curacao,CUW,2300502793,1905418994
2016,Cyprus,CYP,14424834047,14834399466
2016,Czechia,CZE,1.39582E+11,1.5478E+11
2016,Denmark,DNK,1.48938E+11,1.67779E+11
2016,Djibouti,DJI,2847423771,2703006398
2016,Dominica,DMA,..,..
2016,Dominican Republic,DOM,20804844203,18279168808
2016,Ecuador,ECU,19529599000,20061020000
2016,"Egypt, Arab Rep.",EGY,66159509202,34392638037
2016,El Salvador,SLV,10731440000,6884540000
2016,Equatorial Guinea,GNQ,4629853195,5779217937
2016,Eritrea,ERI,..,..
2016,Estonia,EST,17750100182,18537893089
2016,Eswatini,SWZ,1640478256,1685718188
2016,Ethiopia,ETH,18548030817,5349377913
2016,Faroe Islands,FRO,1407099941,1534259159
2016,Fiji,FJI,..,..
2016,Finland,FIN,86888573649,84368155261
2016,France,FRA,7.8669E+11,7.78134E+11
2016,French Polynesia,PYF,1869204634,1078113651
2016,Gabon,GAB,3659959618,6175468782
2016,"Gambia, The",GMB,376466241.5,189367460.9
2016,Georgia,GEO,8483221245,6177710296
2016,Germany,DEU,1.21561E+12,1.47256E+12
2016,Ghana,GHA,20595796191,17513188147
2016,Gibraltar,GIB,..,..
2016,Greece,GRC,62714485982,60206483726
2016,Greenland,GRL,1220178861,1103566727
2016,Grenada,GRD,..,..
2016,Guam,GUM,3036000000,1119000000
2016,Guatemala,GTM,18243717862,12387053735
2016,Guinea,GIN,7088908468,2524762072
2016,Guinea-Bissau,GNB,380070647.8,296013057.5
2016,Guyana,GUY,..,..
2016,Haiti,HTI,4193901268,1632313491
2016,Honduras,HND,12401102552,9276480535
2016,"Hong Kong SAR, China",HKG,5.927E+11,6.00025E+11
2016,Hungary,HUN,1.00427E+11,1.1107E+11
2016,Iceland,ISL,8490620818,10012449483
2016,India,IND,4.80169E+11,4.39643E+11
2016,Indonesia,IDN,1.70835E+11,1.77886E+11
2016,"Iran, Islamic Rep.",IRN,93653399160,97206283743
2016,Iraq,IRQ,44153354784,46869152413
2016,Ireland,IRL,3.37593E+11,3.94551E+11
2016,Isle of Man,IMN,..,..
2016,Israel,ISR,90475144467,95603619692
2016,Italy,ITA,4.83731E+11,5.43464E+11
2016,Jamaica,JAM,..,..
2016,Japan,JPN,7.63175E+11,8.03489E+11
2016,Jordan,JOR,21671830986,13721126761
2016,Kazakhstan,KAZ,39079991232,43714755378
2016,Kenya,KEN,16171498982,9912815674
2016,Kiribati,KIR,195426975.1,34309348.83
2016,"Korea, Dem. People's Rep.",PRK,..,..
2016,"Korea, Rep.",KOR,5.0196E+11,6.01861E+11
2016,Kosovo,XKX,3420956564,1592308569
2016,Kuwait,KWT,53090012147,52112899115
2016,Kyrgyz Republic,KGZ,4769041755,2440819277
2016,Lao PDR,LAO,6664547720,5284450716
2016,Latvia,LVA,16650471636,16793194617
2016,Lebanon,LBN,23526463868,11112344036
2016,Lesotho,LSO,1914308305,967977351.7
2016,Liberia,LBR,..,..
2016,Libya,LBY,13242815396,7276125978
2016,Liechtenstein,LIE,..,..
2016,Lithuania,LTU,28782248192,29095247185
2016,Luxembourg,LUX,97891285784,1.18896E+11
2016,"Macao SAR, China",MAC,16224010214,34536934288
2016,Madagascar,MDG,3761002302,3447066214
2016,Malawi,MWI,..,..
2016,Malaysia,MYS,1.81126E+11,2.01165E+11
2016,Maldives,MDV,3208964390,3158120132
2016,Mali,MLI,5685145255,3291642790
2016,Malta,MLT,12049018029,13609128879
2016,Marshall Islands,MHL,161103100,73643500
2016,Mauritania,MRT,2510108456,2170784114
2016,Mauritius,MUS,8325979802,7788248023
2016,Mexico,MEX,4.32377E+11,4.09476E+11
2016,"Micronesia, Fed. Sts.",FSM,242000000,92000000
2016,Moldova,MDA,4480341975,2623048026
2016,Monaco,MCO,..,..
2016,Mongolia,MNG,5611142023,5688198400
2016,Montenegro,MNE,2760629319,1777062964
2016,Morocco,MAR,45062154626,34291493550
2016,Mozambique,MOZ,9053287501,4270264153
2016,Myanmar,MMR,..,..
2016,Namibia,NAM,6321350620,3753721655
2016,Nauru,NRU,95358168.19,70608719.96
2016,Nepal,NPL,8322479253,2005968674
2016,Netherlands,NLD,5.58461E+11,6.44981E+11
2016,New Caledonia,NCL,3382003231,1680830644
2016,New Zealand,NZL,48778127774,50322131533
2016,Nicaragua,NIC,7298277151,5165902338
2016,Niger,NER,2527419522,1266928596
2016,Nigeria,NGA,..,..
2016,North Macedonia,MKD,6992767584,5407081873
2016,Northern Mariana Islands,MNP,998000000,882000000
2016,Norway,NOR,1.23078E+11,1.33315E+11
2016,Oman,OMN,31211963589,31042912874
2016,Pakistan,PAK,50070595635,27400963629
2016,Palau,PLW,214013122.6,146216644.3
2016,Panama,PAN,25491123600,24944633900
2016,Papua New Guinea,PNG,..,..
2016,Paraguay,PRY,11049252332,13404881409
2016,Peru,PER,43730752205,43369573655
2016,Philippines,PHL,1.11848E+11,84987391168
2016,Poland,POL,2.2224E+11,2.36187E+11
2016,Portugal,PRT,80804179611,83254740237
2016,Puerto Rico (US),PRI,43316300000,71740000000
2016,Qatar,QAT,63475274725,72397252747
2016,Romania,ROU,80557368318,78593549490
2016,Russian Federation,RUS,2.6383E+11,3.30107E+11
2016,Rwanda,RWA,2961879560,1340967741
2016,Samoa,WSM,391866328.4,242864846.8
2016,San Marino,SMR,2159608546,2541234590
2016,Sao Tome and Principe,STP,..,..
2016,Saudi Arabia,SAU,1.98365E+11,2.00877E+11
2016,Senegal,SEN,6197109692,4105254723
2016,Serbia,SRB,21635087306,19615292711
2016,Seychelles,SYC,1498180127,1338730180
2016,Sierra Leone,SLE,1761706026,858631195.2
2016,Singapore,SGP,4.42036E+11,5.2598E+11
2016,Sint Maarten (Dutch part),SXM,..,..
2016,Slovak Republic,SVK,81715126559,83400999773
2016,Slovenia,SVN,30915723138,34740102172
2016,Solomon Islands,SLB,632096538.7,548051855.6
2016,"Somalia, Fed. Rep.",SOM,3850891890,1067190800
2016,South Africa,ZAF,89649913399,91109021409
2016,South Sudan,SSD,..,..
2016,Spain,ESP,3.68077E+11,4.17368E+11
2016,Sri Lanka,LKA,23449857136,17445193581
2016,St. Kitts and Nevis,KNA,..,..
2016,St. Lucia,LCA,..,..
2016,St. Martin (French part),MAF,..,..
2016,St. Vincent and the Grenadines,VCT,..,..
2016,Sudan,SDN,4381200000,2133433333
2016,Suriname,SUR,..,..
2016,Sweden,SWE,2.07863E+11,2.20295E+11
2016,Switzerland,CHE,3.90368E+11,4.59636E+11
2016,Syrian Arab Republic,SYR,5723436973,2731227397
2016,Tajikistan,TJK,2973477078,923021947.7
2016,Tanzania,TZA,9492226418,8138103521
2016,Thailand,THA,2.21169E+11,2.77248E+11
2016,Timor-Leste,TLS,937594403,51780040.18
2016,Togo,TGO,2411075703,1622914086
2016,Tonga,TON,266264808.6,103126320.3
2016,Trinidad and Tobago,TTO,..,..
2016,Tunisia,TUN,21646548261,16987820951
2016,Turkiye,TUR,2.19777E+11,2.05793E+11
2016,Turkmenistan,TKM,14430000000,8011714286
2016,Turks and Caicos Islands,TCA,..,..
2016,Tuvalu,TUV,..,..
2016,Uganda,UGA,5485150866,3629227691
2016,Ukraine,UKR,52487083453,46023154799
2016,United Arab Emirates,ARE,2.70715E+11,3.60626E+11
2016,United Kingdom,GBR,8.33101E+11,7.8664E+11
2016,United States,USA,2.73883E+12,2.23556E+12
2016,Uruguay,URY,12380729778,15480528867
2016,Uzbekistan,UZB,14522253346,10623491739
2016,Vanuatu,VUT,473823461.6,381590228.2
2016,"Venezuela, RB",VEN,11504701819,35137356634
2016,Viet Nam,VNM,1.83315E+11,1.90527E+11
2016,Virgin Islands (U.S.),VIR,2517000000,1786000000
2016,West Bank and Gaza,PSE,7871500000,2207100000
2016,"Yemen, Rep.",YEM,8227926016,1506137718
2016,Zambia,ZMB,8097049104,7403491271
2016,Zimbabwe,ZWE,6430000000,4100250000
2016,Africa Eastern and Southern,AFE,2.38741E+11,1.9713E+11
2016,Africa Western and Central,AFW,..,..
2016,Arab World,ARB,9.65621E+11,9.5367E+11
2016,Caribbean small states,CSS,..,..
2016,Central Europe and the Baltics,CEB,7.74375E+11,8.22183E+11
2016,Early-demographic dividend,EAR,2.62547E+12,2.3827E+12
2016,East Asia & Pacific,EAS,5.81571E+12,6.41289E+12
2016,East Asia & Pacific (excluding high income),EAP,2.87639E+12,3.18488E+12
2016,East Asia & Pacific (IDA & IBRD countries),TEA,2.87114E+12,3.18083E+12
2016,Euro area,EMU,4.87403E+12,5.41828E+12
2016,Europe & Central Asia,ECS,7.88482E+12,8.55487E+12
2016,Europe & Central Asia (excluding high income),ECA,4.61122E+11,4.15278E+11
2016,Europe & Central Asia (IDA & IBRD countries),TEC,1.0835E+12,1.11915E+12
2016,European Union,EUU,5.80542E+12,6.42142E+12
2016,Fragile and conflict affected situations,FCS,3.36945E+11,2.84731E+11
2016,Heavily indebted poor countries (HIPC),HPC,2.20407E+11,1.44854E+11
2016,High income,HIC,1.45631E+13,1.51644E+13
2016,IBRD only,IBD,5.95422E+12,6.16112E+12
2016,IDA & IBRD total,IBT,6.47645E+12,6.53142E+12
2016,IDA blend,IDB,1.77396E+11,..
2016,IDA only,IDX,3.43979E+11,2.28137E+11
2016,IDA total,IDA,5.23586E+11,3.89237E+11
2016,Late-demographic dividend,LTE,4.70724E+12,5.24767E+12
2016,Latin America & Caribbean,LCN,1.17626E+12,1.16305E+12
2016,Latin America & Caribbean (excluding high income),LAC,9.66082E+11,9.02014E+11
2016,Latin America & the Caribbean (IDA & IBRD countries),TLA,1.10716E+12,1.06744E+12
2016,Least developed countries: UN classification,LDC,2.67937E+11,1.75544E+11
2016,Low & middle income,LMY,5.70493E+12,5.66258E+12
2016,Low income,LIC,1.02508E+11,58455730062
2016,Lower middle income,LMC,1.38337E+12,1.17555E+12
2016,"Middle East, North Africa, Afghanistan & Pakistan",MEA,1.21006E+12,1.18267E+12
2016,"Middle East, North Africa, Afghanistan & Pakistan (excluding high income)",MNA,4.69348E+11,3.32521E+11
2016,"Middle East, North Africa, Afghanistan & Pakistan (IDA & IBRD)",TMN,4.61478E+11,3.30315E+11
2016,Middle income,MIC,5.60325E+12,5.60609E+12
2016,North America,NAC,3.25784E+12,2.72032E+12
2016,Not classified,INX,..,..
2016,OECD members,OED,1.27214E+13,1.28908E+13
2016,Other small states,OSS,83041413688,85228024855
2016,Pacific island small states,PSS,..,..
2016,Post-demographic dividend,PST,1.23695E+13,1.26213E+13
2016,Pre-demographic dividend,PRE,2.64446E+11,2.22725E+11
2016,Small states,SST,1.19636E+11,1.271E+11
2016,South Asia,SAS,5.62495E+11,4.99814E+11
2016,South Asia (IDA & IBRD),TSA,5.62495E+11,4.99814E+11
2016,Sub-Saharan Africa,SSF,3.83681E+11,3.34806E+11
2016,Sub-Saharan Africa (excluding high income),SSA,3.63316E+11,3.27484E+11
2016,Sub-Saharan Africa (IDA & IBRD countries),TSS,3.83681E+11,3.34806E+11
2016,Upper middle income,UMC,4.22179E+12,4.44973E+12
2016,World,WLD,2.03037E+13,2.08777E+13
2017,Afghanistan,AFG,..,..
2017,Albania,ALB,6070375897,4110301306
2017,Algeria,DZA,55990439550,38609773041
2017,American Samoa,ASM,626000000,362000000
2017,Andorra,AND,..,..
2017,Angola,AGO,17050137821,21480034960
2017,Antigua and Barbuda,ATG,970770370.4,988692592.6
2017,Argentina,ARG,89910495567,72860557903
2017,Armenia,ARM,5646879066,4405338883
2017,Aruba,ABW,2136239440,2153472067
2017,Australia,AUS,2.77671E+11,2.81774E+11
2017,Austria,AUT,2.12567E+11,2.25413E+11
2017,Azerbaijan,AZE,17104502500,19839874968
2017,"Bahamas, The",BHS,4556600000,3948900000
2017,Bahrain,BHR,23876329787,26881914894
2017,Bangladesh,BGD,50463186692,37655756193
2017,Barbados,BRB,..,..
2017,Belarus,BLR,36435165204,36550879710
2017,Belgium,BEL,4.18057E+11,4.1798E+11
2017,Belize,BLZ,1085374500,1128699550
2017,Benin,BEN,4352984748,3455561018
2017,Bermuda,BMU,1703748000,3466748000
2017,Bhutan,BTN,1252714125,737148272.6
2017,Bolivia,BOL,11958240289,8973701187
2017,Bosnia and Herzegovina,BIH,10321682505,7390002149
2017,Botswana,BWA,6281640317,6912339737
2017,Brazil,BRA,2.43511E+11,2.58331E+11
2017,British Virgin Islands,VGB,..,..
2017,Brunei Darussalam,BRN,4318058848,6012333921
2017,Bulgaria,BGR,37064926377,39636715495
2017,Burkina Faso,BFA,4629394216,3731626301
2017,Burundi,BDI,..,..
2017,Cabo Verde,CPV,1157777243,840005276.5
2017,Cambodia,KHM,19038733852,16527255663
2017,Cameroon,CMR,7525797298,6624479953
2017,Canada,CAN,5.54923E+11,5.18767E+11
2017,Cayman Islands,CYM,2242928972,3824175297
2017,Central African Republic,CAF,826531337.1,357682916.8
2017,Chad,TCD,2683750770,3095057450
2017,Channel Islands,CHI,..,..
2017,Chile,CHL,76480320654,78238304039
2017,China,CHN,2.20852E+12,2.42422E+12
2017,Colombia,COL,62802582424,47233141872
2017,Comoros,COM,304517256,128229515
2017,"Congo, Dem. Rep.",COD,13075981645,11668171688
2017,"Congo, Rep.",COG,5521298082,5676136547
2017,Costa Rica,CRI,19552292622,19826679965
2017,Cote d'Ivoire,CIV,12162908638,13389390548
2017,Croatia,HRV,27152154620,27482525805
2017,Cuba,CUB,11303600000,14093000000
2017,Curacao,CUW,2432290503,1808826816
2017,Cyprus,CYP,17021049338,16942939835
2017,Czechia,CZE,1.55242E+11,1.7212E+11
2017,Denmark,DNK,1.62057E+11,1.83533E+11
2017,Djibouti,DJI,4306024612,4146589317
2017,Dominica,DMA,..,..
2017,Dominican Republic,DOM,21016707908,19118996310
2017,Ecuador,ECU,23120886000,22445453000
2017,"Egypt, Arab Rep.",EGY,69089673913,37289402174
2017,El Salvador,SLV,11309300000,7251400000
2017,Equatorial Guinea,GNQ,5315346803,7181836774
2017,Eritrea,ERI,..,..
2017,Estonia,EST,19319297994,20411337064
2017,Eswatini,SWZ,1951237993,1925910544
2017,Ethiopia,ETH,17926383871,5826254533
2017,Faroe Islands,FRO,1516062732,1679718269
2017,Fiji,FJI,..,..
2017,Finland,FIN,95883949215,96883717056
2017,France,FRA,8.56502E+11,8.36511E+11
2017,French Polynesia,PYF,2042882817,1140826361
2017,Gabon,GAB,3708781262,7498596949
2017,"Gambia, The",GMB,560621586.3,278118327.1
2017,Georgia,GEO,9341534670,7557302010
2017,Germany,DEU,1.32736E+12,1.58909E+12
2017,Ghana,GHA,22144229691,20456689540
2017,Gibraltar,GIB,..,..
2017,Greece,GRC,72343865240,69691264259
2017,Greenland,GRL,1240880323,1160385304
2017,Grenada,GRD,..,..
2017,Guam,GUM,3024000000,1141000000
2017,Guatemala,GTM,19758074271,13252394991
2017,Guinea,GIN,5842867642,4611027664
2017,Guinea-Bissau,GNB,446570198.3,390049715.3
2017,Guyana,GUY,..,..
2017,Haiti,HTI,4689668692,1660793079
2017,Honduras,HND,13585432743,9970301124
2017,"Hong Kong SAR, China",HKG,6.4123E+11,6.44673E+11
2017,Hungary,HUN,1.13646E+11,1.22904E+11
2017,Iceland,ISL,10196309115,11445214118
2017,India,IND,5.82018E+11,4.98259E+11
2017,Indonesia,IDN,1.94777E+11,2.04924E+11
2017,"Iran, Islamic Rep.",IRN,1.08797E+11,1.114E+11
2017,Iraq,IRQ,48423565034,63496860304
2017,Ireland,IRL,3.65103E+11,4.47623E+11
2017,Isle of Man,IMN,..,..
2017,Israel,ISR,97866153832,1.03871E+11
2017,Italy,ITA,5.40827E+11,5.93973E+11
2017,Jamaica,JAM,..,..
2017,Japan,JPN,8.29947E+11,8.67405E+11
2017,Jordan,JOR,23035774648,14300140845
2017,Kazakhstan,KAZ,40746709252,54041327349
2017,Kenya,KEN,19080378151,10448711418
2017,Kiribati,KIR,194581508.2,29545127.1
2017,"Korea, Dem. People's Rep.",PRK,..,..
2017,"Korea, Rep.",KOR,5.87337E+11,6.64392E+11
2017,Kosovo,XKX,3811644831,1962421137
2017,Kuwait,KWT,56293171254,61787573760
2017,Kyrgyz Republic,KGZ,5112024586,2638475264
2017,Lao PDR,LAO,..,..
2017,Latvia,LVA,18978997355,18851412293
2017,Lebanon,LBN,24672982326,11627344114
2017,Lesotho,LSO,2281133087,1095170222
2017,Liberia,LBR,..,..
2017,Libya,LBY,13667690233,18264984001
2017,Liechtenstein,LIE,..,..
2017,Lithuania,LTU,34056328975,35152006748
2017,Luxembourg,LUX,1.05827E+11,1.26659E+11
2017,"Macao SAR, China",MAC,17507224333,40563040049
2017,Madagascar,MDG,4538023942,4071827553
2017,Malawi,MWI,2917847790,1133605606
2017,Malaysia,MYS,2.01496E+11,2.23414E+11
2017,Maldives,MDV,3508894747,3326197408
2017,Mali,MLI,5599702406,3461471859
2017,Malta,MLT,13654544657,16515906005
2017,Marshall Islands,MHL,183851100,83584300
2017,Mauritania,MRT,3013092796,2346432965
2017,Mauritius,MUS,9258119622,8385997463
2017,Mexico,MEX,4.69597E+11,4.46688E+11
2017,"Micronesia, Fed. Sts.",FSM,261000000,110000000
2017,Moldova,MDA,5336680940,3095306463
2017,Monaco,MCO,..,..
2017,Mongolia,MNG,6517243585,6792836360
2017,Montenegro,MNE,3132676349,1993697173
2017,Morocco,MAR,49273637902,38651885813
2017,Mozambique,MOZ,8582511320,5444267918
2017,Myanmar,MMR,..,..
2017,Namibia,NAM,6137946261,4335454250
2017,Nauru,NRU,89747041.55,65613383.32
2017,Nepal,NPL,10670300514,2263315184
2017,Netherlands,NLD,6.3165E+11,7.22521E+11
2017,New Caledonia,NCL,3478834537,1927265624
2017,New Zealand,NZL,54952779636,56986304614
2017,Nicaragua,NIC,7587978453,5698946073
2017,Niger,NER,2937719594,1432424986
2017,Nigeria,NGA,..,..
2017,North Macedonia,MKD,7800922476,6235363472
2017,Northern Mariana Islands,MNP,969000000,1081000000
2017,Norway,NOR,1.30071E+11,1.4757E+11
2017,Oman,OMN,34959687906,36964889467
2017,Pakistan,PAK,58514391836,27888160733
2017,Palau,PLW,223356903.1,132309906
2017,Panama,PAN,27388495500,26677342700
2017,Papua New Guinea,PNG,..,..
2017,Paraguay,PRY,12834286732,14884925311
2017,Peru,PER,48096481263,52160903521
2017,Philippines,PHL,1.26846E+11,97073582742
2017,Poland,POL,2.58226E+11,2.73121E+11
2017,Portugal,PRT,92464542115,94844484378
2017,Puerto Rico (US),PRI,45938000000,71091600000
2017,Qatar,QAT,62192582418,85204395604
2017,Romania,ROU,94191820736,88964370565
2017,Russian Federation,RUS,3.27207E+11,4.10722E+11
2017,Rwanda,RWA,3067026352,1899456983
2017,Samoa,WSM,392417932.2,262464997.6
2017,San Marino,SMR,2217594643,2579985263
2017,Sao Tome and Principe,STP,..,..
2017,Saudi Arabia,SAU,2.01398E+11,2.39893E+11
2017,Senegal,SEN,7511561693,4604563712
2017,Serbia,SRB,25104841041,22127854000
2017,Seychelles,SYC,1734555859,1573333403
2017,Sierra Leone,SLE,1591024699,796390826
2017,Singapore,SGP,4.98508E+11,5.9023E+11
2017,Sint Maarten (Dutch part),SXM,..,..
2017,Slovak Republic,SVK,88964308586,90173773496
2017,Slovenia,SVN,36028299307,40391857784
2017,Solomon Islands,SLB,639628571.7,568502381.6
2017,"Somalia, Fed. Rep.",SOM,4239776470,994339300
2017,South Africa,ZAF,99923782384,1.04288E+11
2017,South Sudan,SSD,..,..
2017,Spain,ESP,4.13274E+11,4.61297E+11
2017,Sri Lanka,LKA,25400652276,19085446175
2017,St. Kitts and Nevis,KNA,..,..
2017,St. Lucia,LCA,..,..
2017,St. Martin (French part),MAF,..,..
2017,St. Vincent and the Grenadines,VCT,..,..
2017,Sudan,SDN,4838128571,2523314286
2017,Suriname,SUR,..,..
2017,Sweden,SWE,2.25584E+11,2.35036E+11
2017,Switzerland,CHE,3.98165E+11,4.61255E+11
2017,Syrian Arab Republic,SYR,6828054268,3165874598
2017,Tajikistan,TJK,2928462637,1125074885
2017,Tanzania,TZA,9295988101,8344707045
2017,Thailand,THA,2.4743E+11,3.04266E+11
2017,Timor-Leste,TLS,891109643.3,38179922.92
2017,Togo,TGO,2101895827,1616151022
2017,Tonga,TON,302974603.1,102005086.3
2017,Trinidad and Tobago,TTO,..,..
2017,Tunisia,TUN,22805583971,17590956529
2017,Turkiye,TUR,2.55674E+11,2.29268E+11
2017,Turkmenistan,TKM,11797714286,8521428571
2017,Turks and Caicos Islands,TCA,..,..
2017,Tuvalu,TUV,..,..
2017,Uganda,UGA,6202981526,5122376577
2017,Ukraine,UKR,62669875998,53943461809
2017,United Arab Emirates,ARE,2.85337E+11,3.82138E+11
2017,United Kingdom,GBR,8.69551E+11,8.3602E+11
2017,United States,USA,2.93159E+12,2.38826E+12
2017,Uruguay,URY,13291661436,16856823032
2017,Uzbekistan,UZB,16784675095,12880673501
2017,Vanuatu,VUT,509242958.6,419436566.6
2017,"Venezuela, RB",VEN,10749906848,38596593865
2017,Viet Nam,VNM,2.22881E+11,2.30042E+11
2017,Virgin Islands (U.S.),VIR,3580000000,2403000000
2017,West Bank and Gaza,PSE,8503400000,2536000000
2017,"Yemen, Rep.",YEM,8933538625,2600541607
2017,Zambia,ZMB,9467884707,9053912488
2017,Zimbabwe,ZWE,15499601594,12584462151
2017,Africa Eastern and Southern,AFE,2.6831E+11,2.32937E+11
2017,Africa Western and Central,AFW,..,..
2017,Arab World,ARB,1.01198E+12,1.09114E+12
2017,Caribbean small states,CSS,..,..
2017,Central Europe and the Baltics,CEB,8.82869E+11,9.2921E+11
2017,Early-demographic dividend,EAR,2.94728E+12,2.69066E+12
2017,East Asia & Pacific,EAS,6.50772E+12,7.09551E+12
2017,East Asia & Pacific (excluding high income),EAP,3.2731E+12,3.54323E+12
2017,East Asia & Pacific (IDA & IBRD countries),TEA,3.26708E+12,3.53868E+12
2017,Euro area,EMU,5.38703E+12,5.94841E+12
2017,Europe & Central Asia,ECS,8.69272E+12,9.40491E+12
2017,Europe & Central Asia (excluding high income),ECA,5.2582E+11,4.77687E+11
2017,Europe & Central Asia (IDA & IBRD countries),TEC,1.26966E+12,1.31761E+12
2017,European Union,EUU,6.43304E+12,7.06372E+12
2017,Fragile and conflict affected situations,FCS,3.68253E+11,3.57932E+11
2017,Heavily indebted poor countries (HIPC),HPC,2.27061E+11,1.63158E+11
2017,High income,HIC,1.58846E+13,1.65843E+13
2017,IBRD only,IBD,6.78039E+12,6.96114E+12
2017,IDA & IBRD total,IBT,7.36043E+12,7.38074E+12
2017,IDA blend,IDB,2.09097E+11,..
2017,IDA only,IDX,3.69731E+11,2.53976E+11
2017,IDA total,IDA,5.78248E+11,4.41443E+11
2017,Late-demographic dividend,LTE,5.30069E+12,5.88945E+12
2017,Latin America & Caribbean,LCN,1.28858E+12,1.27893E+12
2017,Latin America & Caribbean (excluding high income),LAC,1.06261E+12,9.99856E+11
2017,Latin America & the Caribbean (IDA & IBRD countries),TLA,1.2147E+12,1.18301E+12
2017,Least developed countries: UN classification,LDC,2.90063E+11,2.00738E+11
2017,Low & middle income,LMY,6.45697E+12,6.35741E+12
2017,Low income,LIC,1.07637E+11,66058053922
2017,Lower middle income,LMC,1.60854E+12,1.348E+12
2017,"Middle East, North Africa, Afghanistan & Pakistan",MEA,1.28821E+12,1.34558E+12
2017,"Middle East, North Africa, Afghanistan & Pakistan (excluding high income)",MNA,5.12627E+11,3.92393E+11
2017,"Middle East, North Africa, Afghanistan & Pakistan (IDA & IBRD)",TMN,5.04127E+11,3.89858E+11
2017,Middle income,MIC,6.34858E+12,6.29363E+12
2017,North America,NAC,3.48822E+12,2.91049E+12
2017,Not classified,INX,..,..
2017,OECD members,OED,1.38703E+13,1.40332E+13
2017,Other small states,OSS,94473414608,97029839998
2017,Pacific island small states,PSS,..,..
2017,Post-demographic dividend,PST,1.34865E+13,1.37192E+13
2017,Pre-demographic dividend,PRE,2.82533E+11,2.70756E+11
2017,Small states,SST,1.3535E+11,1.43435E+11
2017,South Asia,SAS,6.73314E+11,5.61327E+11
2017,South Asia (IDA & IBRD),TSA,6.73314E+11,5.61327E+11
2017,Sub-Saharan Africa,SSF,4.20198E+11,3.93141E+11
2017,Sub-Saharan Africa (excluding high income),SSA,4.00569E+11,3.85098E+11
2017,Sub-Saharan Africa (IDA & IBRD countries),TSS,4.20198E+11,3.93141E+11
2017,Upper middle income,UMC,4.74453E+12,4.96961E+12
2017,World,WLD,2.23733E+13,2.29956E+13
2018,Afghanistan,AFG,..,..
2018,Albania,ALB,6856194784,4785182304
2018,Algeria,DZA,56446212848,45570702426
2018,American Samoa,ASM,662000000,436000000
2018,Andorra,AND,..,..
2018,Angola,AGO,20293074054,32444713523
2018,Antigua and Barbuda,ATG,1132907407,1037966667
2018,Argentina,ARG,85681309473,75766598613
2018,Armenia,ARM,6612701455,4907543376
2018,Aruba,ABW,2306963885,2241202793
2018,Australia,AUS,3.11862E+11,3.12606E+11
2018,Austria,AUT,2.38401E+11,2.52098E+11
2018,Azerbaijan,AZE,17704999421,25484215746
2018,"Bahamas, The",BHS,4730600000,4519000000
2018,Bahrain,BHR,27048670213,29959042553
2018,Bangladesh,BGD,63757868051,40732047404
2018,Barbados,BRB,..,..
2018,Belarus,BLR,41384603908,42294886946
2018,Belgium,BEL,4.60129E+11,4.53012E+11
2018,Belize,BLZ,1125906300,1182621350
2018,Benin,BEN,4923520744,3889962074
2018,Bermuda,BMU,1884254000,3719872000
2018,Bhutan,BTN,1305876237,754068443
2018,Bolivia,BOL,12864160304,9854706136
2018,Bosnia and Herzegovina,BIH,11562741847,8600140375
2018,Botswana,BWA,7362391280,7532912345
2018,Brazil,BRA,2.72994E+11,2.80543E+11
2018,British Virgin Islands,VGB,..,..
2018,Brunei Darussalam,BRN,5693328955,7045735066
2018,Bulgaria,BGR,41805033910,43570441787
2018,Burkina Faso,BFA,5166928259,4461756780
2018,Burundi,BDI,..,..
2018,Cabo Verde,CPV,1323093455,1011390796
2018,Cambodia,KHM,20870727998,18386489552
2018,Cameroon,CMR,8730827317,7486173533
2018,Canada,CAN,5.91348E+11,5.5772E+11
2018,Cayman Islands,CYM,2517850071,3958935836
2018,Central African Republic,CAF,748917943.8,354024742.2
2018,Chad,TCD,3202369867,3961229689
2018,Channel Islands,CHI,..,..
2018,Chile,CHL,87715867713,84405336512
2018,China,CHN,2.56412E+12,2.65561E+12
2018,Colombia,COL,68961912989,53136579845
2018,Comoros,COM,354586047.8,152136790.4
2018,"Congo, Dem. Rep.",COD,17774432829,16081644406
2018,"Congo, Rep.",COG,5669133279,9190930875
2018,Costa Rica,CRI,20727758849,21059634092
2018,Cote d'Ivoire,CIV,13661660617,13282104681
2018,Croatia,HRV,30817766729,30285807332
2018,Cuba,CUB,12567100000,14530000000
2018,Curacao,CUW,2803351955,1926703911
2018,Cyprus,CYP,18829376940,19189598629
2018,Czechia,CZE,1.75215E+11,1.90531E+11
2018,Denmark,DNK,1.84151E+11,2.02458E+11
2018,Djibouti,DJI,4188947845,4563067955
2018,Dominica,DMA,..,..
2018,Dominican Republic,DOM,24089276070,20392862253
2018,Ecuador,ECU,26295241000,25304707000
2018,"Egypt, Arab Rep.",EGY,73331457513,47225661227
2018,El Salvador,SLV,12151540000,7528970000
2018,Equatorial Guinea,GNQ,5766764652,7807722846
2018,Eritrea,ERI,..,..
2018,Estonia,EST,22038410928,22761453869
2018,Eswatini,SWZ,2072072243,1897999486
2018,Ethiopia,ETH,19023285015,6977614239
2018,Faroe Islands,FRO,1723651102,1684155449
2018,Fiji,FJI,..,..
2018,Finland,FIN,1.09532E+11,1.07218E+11
2018,France,FRA,9.42517E+11,9.15639E+11
2018,French Polynesia,PYF,2701628756,1287096392
2018,Gabon,GAB,3835211918,9158802465
2018,"Gambia, The",GMB,710441024,372362228.9
2018,Georgia,GEO,10768774512,8896766542
2018,Germany,DEU,1.48544E+12,1.72343E+12
2018,Ghana,GHA,23206913262,22501546549
2018,Gibraltar,GIB,..,..
2018,Greece,GRC,86614659222,82399082670
2018,Greenland,GRL,1384944998,1358435085
2018,Grenada,GRD,..,..
2018,Guam,GUM,3250000000,1165000000
2018,Guatemala,GTM,21149627997,13323267943
2018,Guinea,GIN,5783505600,4767367527
2018,Guinea-Bissau,GNB,459133362.6,395944553.8
2018,Guyana,GUY,..,..
2018,Haiti,HTI,5635999404,1768471543
2018,Honduras,HND,14945193703,9977241928
2018,"Hong Kong SAR, China",HKG,6.82056E+11,6.81283E+11
2018,Hungary,HUN,1.27826E+11,1.34423E+11
2018,Iceland,ISL,11328152833,12397616650
2018,India,IND,6.40301E+11,5.38635E+11
2018,Indonesia,IDN,2.30046E+11,2.18906E+11
2018,"Iran, Islamic Rep.",IRN,1.11114E+11,1.22087E+11
2018,Iraq,IRQ,56839934052,92771934475
2018,Ireland,IRL,3.81869E+11,4.98559E+11
2018,Isle of Man,IMN,..,..
2018,Israel,ISR,1.0932E+11,1.11733E+11
2018,Italy,ITA,5.9753E+11,6.4691E+11
2018,Jamaica,JAM,..,..
2018,Japan,JPN,9.22228E+11,9.23235E+11
2018,Jordan,JOR,22915774648,15092676056
2018,Kazakhstan,KAZ,46453964706,67477058330
2018,Kenya,KEN,20167352977,11564075006
2018,Kiribati,KIR,173538178.7,21134707.4
2018,"Korea, Dem. People's Rep.",PRK,..,..
2018,"Korea, Rep.",KOR,6.43143E+11,7.1971E+11
2018,Kosovo,XKX,4511507218,2289053574
2018,Kuwait,KWT,63048258687,79460231954
2018,Kyrgyz Republic,KGZ,5564289939,2613812661
2018,Lao PDR,LAO,..,..
2018,Latvia,LVA,21399793243,21235396109
2018,Lebanon,LBN,26079751235,11394547410
2018,Lesotho,LSO,2418257077,1273857561
2018,Liberia,LBR,..,..
2018,Libya,LBY,18533195308,30378023791
2018,Liechtenstein,LIE,..,..
2018,Lithuania,LTU,39433464609,40441054996
2018,Luxembourg,LUX,1.17041E+11,1.40194E+11
2018,"Macao SAR, China",MAC,18570067514,45631673035
2018,Madagascar,MDG,4995646271,4339367351
2018,Malawi,MWI,3152063270,1153179791
2018,Malaysia,MYS,2.21902E+11,2.45968E+11
2018,Maldives,MDV,4109616131,3591094857
2018,Mali,MLI,6130932966,4195619517
2018,Malta,MLT,16920962404,19925574550
2018,Marshall Islands,MHL,195264300,87396700
2018,Mauritania,MRT,3928133978,2734291921
2018,Mauritius,MUS,9718132632,8760255080
2018,Mexico,MEX,5.17203E+11,4.90509E+11
2018,"Micronesia, Fed. Sts.",FSM,263000000,143000000
2018,Moldova,MDA,6385757543,3454064033
2018,Monaco,MCO,..,..
2018,Mongolia,MNG,8986286558,7665010102
2018,Montenegro,MNE,3675217207,2361306985
2018,Morocco,MAR,55299739977,43077520359
2018,Mozambique,MOZ,11875190092,6837559087
2018,Myanmar,MMR,..,..
2018,Namibia,NAM,6270647310,4909459328
2018,Nauru,NRU,112562474.8,71669767.15
2018,Nepal,NPL,13453790806,2587877949
2018,Netherlands,NLD,7.11271E+11,8.09393E+11
2018,New Caledonia,NCL,3771288918,2077196183
2018,New Zealand,NZL,59145827447,59071100322
2018,Nicaragua,NIC,6735028773,5506692298
2018,Niger,NER,3368908887,1450068513
2018,Nigeria,NGA,..,..
2018,North Macedonia,MKD,9238355734,7657419790
2018,Northern Mariana Islands,MNP,755000000,660000000
2018,Norway,NOR,1.39774E+11,1.68092E+11
2018,Oman,OMN,35373211964,46322496749
2018,Pakistan,PAK,67821965005,30562205606
2018,Palau,PLW,216162490.8,123289703.4
2018,Panama,PAN,29473747538,28506576357
2018,Papua New Guinea,PNG,..,..
2018,Paraguay,PRY,14165793924,14824374396
2018,Peru,PER,52175148626,56077049768
2018,Philippines,PHL,1.45499E+11,1.04793E+11
2018,Poland,POL,2.98556E+11,3.10584E+11
2018,Portugal,PRT,1.04241E+11,1.0574E+11
2018,Puerto Rico (US),PRI,46488400000,60528400000
2018,Qatar,QAT,65810989011,1.02561E+11
2018,Romania,ROU,1.09548E+11,1.01031E+11
2018,Russian Federation,RUS,3.4452E+11,5.10346E+11
2018,Rwanda,RWA,3342050892,2034369945
2018,Samoa,WSM,412601002.2,280801984.3
2018,San Marino,SMR,2365342429,2757777764
2018,Sao Tome and Principe,STP,..,..
2018,Saudi Arabia,SAU,2.09069E+11,3.14917E+11
2018,Senegal,SEN,8978699798,5305072987
2018,Serbia,SRB,30032669304,25691797086
2018,Seychelles,SYC,1760460019,1553145430
2018,Sierra Leone,SLE,1670393269,718218828.3
2018,Singapore,SGP,5.59645E+11,6.72028E+11
2018,Sint Maarten (Dutch part),SXM,..,..
2018,Slovak Republic,SVK,1.00008E+11,1.01203E+11
2018,Slovenia,SVN,41364665347,45941003425
2018,Solomon Islands,SLB,749072147.7,680540282.6
2018,"Somalia, Fed. Rep.",SOM,4693000000,1119000000
2018,South Africa,ZAF,1.09374E+11,1.11435E+11
2018,South Sudan,SSD,..,..
2018,Spain,ESP,4.60053E+11,4.99283E+11
2018,Sri Lanka,LKA,26788997949,20255985244
2018,St. Kitts and Nevis,KNA,..,..
2018,St. Lucia,LCA,..,..
2018,St. Martin (French part),MAF,..,..
2018,St. Vincent and the Grenadines,VCT,..,..
2018,Sudan,SDN,4597125307,2473599509
2018,Suriname,SUR,..,..
2018,Sweden,SWE,2.44417E+11,2.52514E+11
2018,Switzerland,CHE,4.13214E+11,4.89601E+11
2018,Syrian Arab Republic,SYR,7683752902,3206830228
2018,Tajikistan,TJK,3220194647,1116255903
2018,Tanzania,TZA,10205640648,8401858983
2018,Thailand,THA,2.83801E+11,3.2857E+11
2018,Timor-Leste,TLS,962964808.4,45614258.1
2018,Togo,TGO,2336770685,1710211644
2018,Tonga,TON,320264689.8,104684870.2
2018,Trinidad and Tobago,TTO,..,..
2018,Tunisia,TUN,24922974974,19416275922
2018,Turkiye,TUR,2.45158E+11,2.50129E+11
2018,Turkmenistan,TKM,8560857143,12188857143
2018,Turks and Caicos Islands,TCA,..,..
2018,Tuvalu,TUV,..,..
2018,Uganda,UGA,7096219372,4967717827
2018,Ukraine,UKR,70634825282,59208892251
2018,United Arab Emirates,ARE,2.81536E+11,4.00218E+11
2018,United Kingdom,GBR,9.5762E+11,9.22835E+11
2018,United States,USA,3.13117E+12,2.53809E+12
2018,Uruguay,URY,13963983638,17265046237
2018,Uzbekistan,UZB,23455563381,14190894258
2018,Vanuatu,VUT,494585394.6,517832342.4
2018,"Venezuela, RB",VEN,12333875559,43415619379
2018,Viet Nam,VNM,2.48831E+11,2.61803E+11
2018,Virgin Islands (U.S.),VIR,4163000000,2084000000
2018,West Bank and Gaza,PSE,9023700000,2598000000
2018,"Yemen, Rep.",YEM,10224406925,1891857549
2018,Zambia,ZMB,9717093537,9987165259
2018,Zimbabwe,ZWE,9691544118,8932843137
2018,Africa Eastern and Southern,AFE,2.91011E+11,2.58814E+11
2018,Africa Western and Central,AFW,..,..
2018,Arab World,ARB,1.06095E+12,1.2971E+12
2018,Caribbean small states,CSS,..,..
2018,Central Europe and the Baltics,CEB,1.00801E+12,1.04201E+12
2018,Early-demographic dividend,EAR,3.19141E+12,2.98996E+12
2018,East Asia & Pacific,EAS,7.31674E+12,7.70657E+12
2018,East Asia & Pacific (excluding high income),EAP,3.77634E+12,3.88122E+12
2018,East Asia & Pacific (IDA & IBRD countries),TEA,3.76936E+12,3.87622E+12
2018,Euro area,EMU,5.98545E+12,6.53486E+12
2018,Europe & Central Asia,ECS,9.58186E+12,1.04109E+13
2018,Europe & Central Asia (excluding high income),ECA,5.51781E+11,5.43347E+11
2018,Europe & Central Asia (IDA & IBRD countries),TEC,1.37703E+12,1.53916E+12
2018,European Union,EUU,7.16697E+12,7.76997E+12
2018,Fragile and conflict affected situations,FCS,4.13035E+11,4.4113E+11
2018,Heavily indebted poor countries (HIPC),HPC,2.52749E+11,1.83262E+11
2018,High income,HIC,1.73427E+13,1.81395E+13
2018,IBRD only,IBD,7.5906E+12,7.75212E+12
2018,IDA & IBRD total,IBT,8.24313E+12,8.21082E+12
2018,IDA blend,IDB,2.30737E+11,..
2018,IDA only,IDX,4.20022E+11,2.78596E+11
2018,IDA total,IDA,6.51229E+11,4.79886E+11
2018,Late-demographic dividend,LTE,5.9434E+12,6.54631E+12
2018,Latin America & Caribbean,LCN,1.40668E+12,1.36912E+12
2018,Latin America & Caribbean (excluding high income),LAC,1.16014E+12,1.08468E+12
2018,Latin America & the Caribbean (IDA & IBRD countries),TLA,1.32932E+12,1.28326E+12
2018,Least developed countries: UN classification,LDC,3.38486E+11,2.33564E+11
2018,Low & middle income,LMY,7.24086E+12,7.01423E+12
2018,Low income,LIC,1.25941E+11,75558812969
2018,Lower middle income,LMC,1.78126E+12,1.4868E+12
2018,"Middle East, North Africa, Afghanistan & Pakistan",MEA,1.36291E+12,1.57581E+12
2018,"Middle East, North Africa, Afghanistan & Pakistan (excluding high income)",MNA,5.55019E+11,4.70825E+11
2018,"Middle East, North Africa, Afghanistan & Pakistan (IDA & IBRD)",TMN,5.46003E+11,4.68229E+11
2018,Middle income,MIC,7.11499E+12,6.94154E+12
2018,North America,NAC,3.7244E+12,3.09953E+12
2018,Not classified,INX,..,..
2018,OECD members,OED,1.5179E+13,1.52703E+13
2018,Other small states,OSS,1.06928E+11,1.08798E+11
2018,Pacific island small states,PSS,..,..
2018,Post-demographic dividend,PST,1.47841E+13,1.49117E+13
2018,Pre-demographic dividend,PRE,3.23677E+11,3.4516E+11
2018,Small states,SST,1.52249E+11,1.60803E+11
2018,South Asia,SAS,7.49717E+11,6.06556E+11
2018,South Asia (IDA & IBRD),TSA,7.49717E+11,6.06556E+11
2018,Sub-Saharan Africa,SSF,4.57515E+11,4.40104E+11
2018,Sub-Saharan Africa (excluding high income),SSA,4.36863E+11,4.308E+11
2018,Sub-Saharan Africa (IDA & IBRD countries),TSS,4.57515E+11,4.40104E+11
2018,Upper middle income,UMC,5.33754E+12,5.48119E+12
2018,World,WLD,2.46158E+13,2.52139E+13
2019,Afghanistan,AFG,..,..
2019,Albania,ALB,6926959713,4821429218
2019,Algeria,DZA,50490845024,39481135535
2019,American Samoa,ASM,614000000,399000000
2019,Andorra,AND,..,..
2019,Angola,AGO,19016585500,30001180996
2019,Antigua and Barbuda,ATG,1180425926,1194092593
2019,Argentina,ARG,65845624691,80259482469
2019,Armenia,ARM,7570200592,5755867284
2019,Aruba,ABW,2384139106,2232926816
2019,Australia,AUS,3.06787E+11,3.36478E+11
2019,Austria,AUT,2.31731E+11,2.47609E+11
2019,Azerbaijan,AZE,17712470588,23629764706
2019,"Bahamas, The",BHS,4488400000,4644400000
2019,Bahrain,BHR,25207712766,29564361702
2019,Bangladesh,BGD,64919190426,45992932855
2019,Barbados,BRB,..,..
2019,Belarus,BLR,42353437235,41927532636
2019,Belgium,BEL,4.42789E+11,4.45308E+11
2019,Belize,BLZ,1200664850,1238668200
2019,Benin,BEN,4900485060,4264332527
2019,Bermuda,BMU,1916492000,3841155000
2019,Bhutan,BTN,1221920791,860577748.4
2019,Bolivia,BOL,12643630391,9834601158
2019,Bosnia and Herzegovina,BIH,11158117517,8201250826
2019,Botswana,BWA,7694781425,6203274315
2019,Brazil,BRA,2.76635E+11,2.64563E+11
2019,British Virgin Islands,VGB,..,..
2019,Brunei Darussalam,BRN,6810532693,7804888585
2019,Bulgaria,BGR,41762196902,44050873992
2019,Burkina Faso,BFA,4994381288,4690831780
2019,Burundi,BDI,..,..
2019,Cabo Verde,CPV,1281435257,1051880072
2019,Cambodia,KHM,22117532079,20340881133
2019,Cameroon,CMR,9333197588,7874085867
2019,Canada,CAN,5.89707E+11,5.64142E+11
2019,Cayman Islands,CYM,2695690783,4127896512
2019,Central African Republic,CAF,762137823.1,349974468.9
2019,Chad,TCD,3235878756,3721677783
2019,Channel Islands,CHI,..,..
2019,Chile,CHL,82753869494,77571035536
2019,China,CHN,2.49615E+12,2.62894E+12
2019,Colombia,COL,70067176051,51258795210
2019,Comoros,COM,350371110.8,151737907.2
2019,"Congo, Dem. Rep.",COD,15200849680,13335027132
2019,"Congo, Rep.",COG,4944506821,7854704721
2019,Costa Rica,CRI,20249829012,22111572547
2019,Cote d'Ivoire,CIV,13284189625,13683059069
2019,Croatia,HRV,31288345110,31035693351
2019,Cuba,CUB,10971100000,12632000000
2019,Curacao,CUW,..,..
2019,Cyprus,CYP,19581301860,19846298345
2019,Czechia,CZE,1.69561E+11,1.85212E+11
2019,Denmark,DNK,1.82859E+11,2.03616E+11
2019,Djibouti,DJI,4763668897,5149667175
2019,Dominica,DMA,..,..
2019,Dominican Republic,DOM,24593322194,20793631484
2019,Ecuador,ECU,25859813000,25875328000
2019,"Egypt, Arab Rep.",EGY,78012528474,53041002278
2019,El Salvador,SLV,12388470000,8052490000
2019,Equatorial Guinea,GNQ,4971586018,5810566664
2019,Eritrea,ERI,..,..
2019,Estonia,EST,21780286721,22955204325
2019,Eswatini,SWZ,1933575698,2066646226
2019,Ethiopia,ETH,19170757495,7291628539
2019,Faroe Islands,FRO,1726424994,1821680268
2019,Fiji,FJI,..,..
2019,Finland,FIN,1.06661E+11,1.08457E+11
2019,France,FRA,9.13209E+11,8.95515E+11
2019,French Polynesia,PYF,2572340202,1240128736
2019,Gabon,GAB,3711865707,8678687832
2019,"Gambia, The",GMB,649852994.6,365730558.1
2019,Georgia,GEO,11201362124,9578376986
2019,Germany,DEU,1.45459E+12,1.67663E+12
2019,Ghana,GHA,26913986432,25597786148
2019,Gibraltar,GIB,..,..
2019,Greece,GRC,85057106801,82010713282
2019,Greenland,GRL,1533065635,1230176955
2019,Grenada,GRD,..,..
2019,Guam,GUM,3547000000,1414000000
2019,Guatemala,GTM,21534755008,13591570047
2019,Guinea,GIN,5830607792,4710654158
2019,Guinea-Bissau,GNB,505407400.7,291804550.9
2019,Guyana,GUY,..,..
2019,Haiti,HTI,5107129495,1585349843
2019,Honduras,HND,14740482899,10007373349
2019,"Hong Kong SAR, China",HKG,6.39346E+11,6.45007E+11
2019,Hungary,HUN,1.30069E+11,1.33707E+11
2019,Iceland,ISL,9764032621,11172065684
2019,India,IND,6.02315E+11,5.29245E+11
2019,Indonesia,IDN,2.13035E+11,2.08058E+11
2019,"Iran, Islamic Rep.",IRN,91441131367,77652596277
2019,Iraq,IRQ,72282500000,88902900000
2019,Ireland,IRL,5.14831E+11,5.34362E+11
2019,Isle of Man,IMN,..,..
2019,Israel,ISR,1.09554E+11,1.16111E+11
2019,Italy,ITA,5.60326E+11,6.25066E+11
2019,Jamaica,JAM,..,..
2019,Japan,JPN,9.08592E+11,8.93782E+11
2019,Jordan,JOR,21963521127,16170140845
2019,Kazakhstan,KAZ,51629140773,66197682052
2019,Kenya,KEN,20408407784,11471243360
2019,Kiribati,KIR,180817476.7,32509629.55
2019,"Korea, Dem. People's Rep.",PRK,..,..
2019,"Korea, Rep.",KOR,6.0246E+11,6.48611E+11
2019,Kosovo,XKX,4458677258,2315620151
2019,Kuwait,KWT,55817806338,73327382736
2019,Kyrgyz Republic,KGZ,5712149572,3137172121
2019,Lao PDR,LAO,..,..
2019,Latvia,LVA,20771523762,20699384825
2019,Lebanon,LBN,21820628748,10681277028
2019,Lesotho,LSO,2254606913,1104727470
2019,Liberia,LBR,..,..
2019,Libya,LBY,25373910344,29332965258
2019,Liechtenstein,LIE,..,..
2019,Lithuania,LTU,39443296205,42344067360
2019,Luxembourg,LUX,1.23031E+11,1.44342E+11
2019,"Macao SAR, China",MAC,17929686871,45476533585
2019,Madagascar,MDG,4820540218,4009166482
2019,Malawi,MWI,3448840701,1435575611
2019,Malaysia,MYS,2.10893E+11,2.3838E+11
2019,Maldives,MDV,4100560296,3751360418
2019,Mali,MLI,6608368701,4449175629
2019,Malta,MLT,17734740558,20343827022
2019,Marshall Islands,MHL,270037900,86317100
2019,Mauritania,MRT,4033369861,3347184840
2019,Mauritius,MUS,9899441321,8837804270
2019,Mexico,MEX,5.07719E+11,5.02468E+11
2019,"Micronesia, Fed. Sts.",FSM,272000000,105000000
2019,Moldova,MDA,6624383484,3660834341
2019,Monaco,MCO,..,..
2019,Mongolia,MNG,9259602726,8412612746
2019,Montenegro,MNE,3602221314,2430487406
2019,Morocco,MAR,54024112942,43952860516
2019,Mozambique,MOZ,10618346286,5761757708
2019,Myanmar,MMR,..,..
2019,Namibia,NAM,5832030384,4565372505
2019,Nauru,NRU,119542500.4,75590487.55
2019,Nepal,NPL,14176869011,2659663141
2019,Netherlands,NLD,6.99982E+11,7.92549E+11
2019,New Caledonia,NCL,3778986431,1736827318
2019,New Zealand,NZL,57776826155,58214279832
2019,Nicaragua,NIC,6252718089,5689725119
2019,Niger,NER,3395520048,1386835866
2019,Nigeria,NGA,..,..
2019,North Macedonia,MKD,9602017937,7867370858
2019,Northern Mariana Islands,MNP,734000000,501000000
2019,Norway,NOR,1.40014E+11,1.49767E+11
2019,Oman,OMN,32569570871,43583875163
2019,Pakistan,PAK,62624564039,30136170670
2019,Palau,PLW,217598205.6,108052230.8
2019,Panama,PAN,28061255725,28061045273
2019,Papua New Guinea,PNG,..,..
2019,Paraguay,PRY,13325018619,13686227184
2019,Peru,PER,52301323566,54892296037
2019,Philippines,PHL,1.52459E+11,1.06953E+11
2019,Poland,POL,2.95123E+11,3.17089E+11
2019,Portugal,PRT,1.03533E+11,1.04818E+11
2019,Puerto Rico (US),PRI,49401600000,63684400000
2019,Qatar,QAT,66769780220,92046153846
2019,Romania,ROU,1.11464E+11,1.0087E+11
2019,Russian Federation,RUS,3.52089E+11,4.81411E+11
2019,Rwanda,RWA,3741294749,2258780689
2019,Samoa,WSM,440934535.1,319836966.8
2019,San Marino,SMR,2315691530,2650754111
2019,Sao Tome and Principe,STP,..,..
2019,Saudi Arabia,SAU,2.18975E+11,2.8586E+11
2019,Senegal,SEN,9186797791,5847051726
2019,Serbia,SRB,31573497914,26372690325
2019,Seychelles,SYC,1701471826,1538983436
2019,Sierra Leone,SLE,1817978349,632404802.6
2019,Singapore,SGP,5.54853E+11,6.65398E+11
2019,Sint Maarten (Dutch part),SXM,..,..
2019,Slovak Republic,SVK,97247442001,97210994150
2019,Slovenia,SVN,40802920386,45476824978
2019,Solomon Islands,SLB,752930329.2,590941418.6
2019,"Somalia, Fed. Rep.",SOM,4954000000,1131000000
2019,South Africa,ZAF,1.03935E+11,1.05906E+11
2019,South Sudan,SSD,..,..
2019,Spain,ESP,4.44777E+11,4.8667E+11
2019,Sri Lanka,LKA,24565416647,19422660191
2019,St. Kitts and Nevis,KNA,..,..
2019,St. Lucia,LCA,..,..
2019,St. Martin (French part),MAF,..,..
2019,St. Vincent and the Grenadines,VCT,..,..
2019,Sudan,SDN,5713051071,2733532469
2019,Suriname,SUR,..,..
2019,Sweden,SWE,2.36049E+11,2.56362E+11
2019,Switzerland,CHE,4.12351E+11,4.83068E+11
2019,Syrian Arab Republic,SYR,6546690317,2938069172
2019,Tajikistan,TJK,3408735466,1243456836
2019,Tanzania,TZA,10363463866,9786702082
2019,Thailand,THA,2.72917E+11,3.23769E+11
2019,Timor-Leste,TLS,1004078366,431191709
2019,Togo,TGO,2268030418,1671782879
2019,Tonga,TON,333029713.9,112507464.5
2019,Trinidad and Tobago,TTO,..,..
2019,Tunisia,TUN,23627358335,19255781270
2019,Turkiye,TUR,2.29254E+11,2.56263E+11
2019,Turkmenistan,TKM,7979249244,10093799272
2019,Turks and Caicos Islands,TCA,..,..
2019,Tuvalu,TUV,..,..
2019,Uganda,UGA,7866761702,6048575718
2019,Ukraine,UKR,75832862621,63448583044
2019,United Arab Emirates,ARE,3.06004E+11,4.04863E+11
2019,United Kingdom,GBR,9.5188E+11,9.17434E+11
2019,United States,USA,3.11668E+12,2.53939E+12
2019,Uruguay,URY,13589020114,17363366579
2019,Uzbekistan,UZB,26657560793,17059027390
2019,Vanuatu,VUT,459250866.1,471496742.4
2019,"Venezuela, RB",VEN,7982770099,34459798821
2019,Viet Nam,VNM,2.65976E+11,2.84737E+11
2019,Virgin Islands (U.S.),VIR,4140000000,2265000000
2019,West Bank and Gaza,PSE,9161700000,2659300000
2019,"Yemen, Rep.",YEM,..,..
2019,Zambia,ZMB,7961078355,8073235066
2019,Zimbabwe,ZWE,7784812157,7595268547
2019,Africa Eastern and Southern,AFE,2.79923E+11,2.45596E+11
2019,Africa Western and Central,AFW,..,..
2019,Arab World,ARB,1.10032E+12,1.25008E+12
2019,Caribbean small states,CSS,..,..
2019,Central Europe and the Baltics,CEB,9.99312E+11,1.04065E+12
2019,Early-demographic dividend,EAR,3.08113E+12,2.91679E+12
2019,East Asia & Pacific,EAS,7.11214E+12,7.54252E+12
2019,East Asia & Pacific (excluding high income),EAP,3.69417E+12,3.85917E+12
2019,East Asia & Pacific (IDA & IBRD countries),TEA,3.68736E+12,3.85418E+12
2019,Euro area,EMU,5.96917E+12,6.44325E+12
2019,Europe & Central Asia,ECS,9.55132E+12,1.02746E+13
2019,Europe & Central Asia (excluding high income),ECA,5.53257E+11,5.54004E+11
2019,Europe & Central Asia (IDA & IBRD countries),TEC,1.38498E+12,1.52846E+12
2019,European Union,EUU,7.13605E+12,7.68416E+12
2019,Fragile and conflict affected situations,FCS,4.32754E+11,4.20008E+11
2019,Heavily indebted poor countries (HIPC),HPC,2.52678E+11,1.84766E+11
2019,High income,HIC,1.71924E+13,1.78171E+13
2019,IBRD only,IBD,7.42366E+12,7.62661E+12
2019,IDA & IBRD total,IBT,8.07235E+12,8.09471E+12
2019,IDA blend,IDB,2.24435E+11,..
2019,IDA only,IDX,4.23475E+11,2.89726E+11
2019,IDA total,IDA,6.49742E+11,4.95097E+11
2019,Late-demographic dividend,LTE,6.02428E+12,6.50422E+12
2019,Latin America & Caribbean,LCN,1.36964E+12,1.35379E+12
2019,Latin America & Caribbean (excluding high income),LAC,1.13231E+12,1.08086E+12
2019,Latin America & the Caribbean (IDA & IBRD countries),TLA,1.29103E+12,1.26614E+12
2019,Least developed countries: UN classification,LDC,3.40651E+11,2.38864E+11
2019,Low & middle income,LMY,7.07349E+12,6.93277E+12
2019,Low income,LIC,1.25999E+11,72936315071
2019,Lower middle income,LMC,1.75973E+12,1.52231E+12
2019,"Middle East, North Africa, Afghanistan & Pakistan",MEA,1.3771E+12,1.48779E+12
2019,"Middle East, North Africa, Afghanistan & Pakistan (excluding high income)",MNA,5.44384E+11,4.22148E+11
2019,"Middle East, North Africa, Afghanistan & Pakistan (IDA & IBRD)",TMN,5.35224E+11,4.1949E+11
2019,Middle income,MIC,6.94808E+12,6.86243E+12
2019,North America,NAC,3.7083E+12,3.10737E+12
2019,Not classified,INX,..,..
2019,OECD members,OED,1.50298E+13,1.50959E+13
2019,Other small states,OSS,1.0813E+11,1.11074E+11
2019,Pacific island small states,PSS,..,..
2019,Post-demographic dividend,PST,1.44974E+13,1.4646E+13
2019,Pre-demographic dividend,PRE,3.3757E+11,3.3246E+11
2019,Small states,SST,1.538E+11,1.64203E+11
2019,South Asia,SAS,7.11299E+11,6.01932E+11
2019,South Asia (IDA & IBRD),TSA,7.11299E+11,6.01932E+11
2019,Sub-Saharan Africa,SSF,4.48348E+11,4.25979E+11
2019,Sub-Saharan Africa (excluding high income),SSA,4.27526E+11,4.16275E+11
2019,Sub-Saharan Africa (IDA & IBRD countries),TSS,4.48348E+11,4.25979E+11
2019,Upper middle income,UMC,5.19322E+12,5.37081E+12
2019,World,WLD,2.42952E+13,2.48007E+13
2020,Afghanistan,AFG,7241822542,2079570875
2020,Albania,ALB,5636282434,3435540416
2020,Algeria,DZA,40978554436,25613416650
2020,American Samoa,ASM,686000000,427000000
2020,Andorra,AND,..,..
2020,Angola,AGO,13399763094,18583150428
2020,Antigua and Barbuda,ATG,739748148.1,591277777.8
2020,Argentina,ARG,52454091268,64053810078
2020,Armenia,ARM,5062331396,3802199215
2020,Aruba,ABW,1708907140,1324110862
2020,Australia,AUS,2.74154E+11,3.19175E+11
2020,Austria,AUT,2.09749E+11,2.24423E+11
2020,Azerbaijan,AZE,15537823529,15208764706
2020,"Bahamas, The",BHS,3124200000,2411900000
2020,Bahrain,BHR,23296808511,25249202128
2020,Bangladesh,BGD,59195931838,39053880560
2020,Barbados,BRB,..,..
2020,Belarus,BLR,35547749096,37444144984
2020,Belgium,BEL,4.11855E+11,4.19501E+11
2020,Belize,BLZ,900924400,770543100
2020,Benin,BEN,3915530456,3117343142
2020,Bermuda,BMU,1519287000,3246335000
2020,Bhutan,BTN,1075563545,689742274.7
2020,Bolivia,BOL,8735545774,7139077207
2020,Bosnia and Herzegovina,BIH,9694297978,6996561967
2020,Botswana,BWA,6937525194,4681117525
2020,Brazil,BRA,2.33941E+11,2.42872E+11
2020,British Virgin Islands,VGB,..,..
2020,Brunei Darussalam,BRN,6355257110,6886059826
2020,Bulgaria,BGR,38026808318,39807550749
2020,Burkina Faso,BFA,5133679371,5632452791
2020,Burundi,BDI,..,..
2020,Cabo Verde,CPV,967252867.7,460735344.5
2020,Cambodia,KHM,21651131247,20863615890
2020,Cameroon,CMR,7544311297,6212103785
2020,Canada,CAN,5.24573E+11,4.87991E+11
2020,Cayman Islands,CYM,2592370369,3372493490
2020,Central African Republic,CAF,799194659.2,353021263.3
2020,Chad,TCD,2890407316,3178743027
2020,Channel Islands,CHI,..,..
2020,Chile,CHL,68216603050,79592399893
2020,China,CHN,2.37474E+12,2.72988E+12
2020,Colombia,COL,55511423807,36557247849
2020,Comoros,COM,341962935.2,69125254.13
2020,"Congo, Dem. Rep.",COD,14559943991,13935463326
2020,"Congo, Rep.",COG,3278620369,4669939812
2020,Costa Rica,CRI,17616395251,19908254086
2020,Cote d'Ivoire,CIV,13203807831,13231732415
2020,Croatia,HRV,27975903224,23926007792
2020,Cuba,CUB,8067000000,8769000000
2020,Curacao,CUW,..,..
2020,Cyprus,CYP,20705111101,20353930184
2020,Czechia,CZE,1.53226E+11,1.70154E+11
2020,Denmark,DNK,1.75669E+11,1.95728E+11
2020,Djibouti,DJI,3414846867,3682879345
2020,Dominica,DMA,..,..
2020,Dominican Republic,DOM,20371828907,14764580794
2020,Ecuador,ECU,19849664000,22320897000
2020,"Egypt, Arab Rep.",EGY,75433562071,47872738615
2020,El Salvador,SLV,10450130000,6112370000
2020,Equatorial Guinea,GNQ,3668867870,4041173656
2020,Eritrea,ERI,..,..
2020,Estonia,EST,22032093730,21687304702
2020,Eswatini,SWZ,1670857423,1802851571
2020,Ethiopia,ETH,16655574515,7032893576
2020,Faroe Islands,FRO,1596508305,1551767675
2020,Fiji,FJI,..,..
2020,Finland,FIN,97119792948,97778840103
2020,France,FRA,8.01836E+11,7.56174E+11
2020,French Polynesia,PYF,2025525437,529592952
2020,Gabon,GAB,3454238782,7302825066
2020,"Gambia, The",GMB,684780894.4,174106925.9
2020,Georgia,GEO,8964607358,5908062643
2020,Germany,DEU,1.33273E+12,1.54187E+12
2020,Ghana,GHA,24537944240,22070393252
2020,Gibraltar,GIB,..,..
2020,Greece,GRC,74331725301,60184486580
2020,Greenland,GRL,1442659846,1111209278
2020,Grenada,GRD,..,..
2020,Guam,GUM,3388000000,379000000
2020,Guatemala,GTM,19272211289,12702168189
2020,Guinea,GIN,9692379046,6617433829
2020,Guinea-Bissau,GNB,467483040.9,263737479
2020,Guyana,GUY,..,..
2020,Haiti,HTI,4318064226,1110024755
2020,Honduras,HND,12172518450,8377646121
2020,"Hong Kong SAR, China",HKG,6.01495E+11,6.0815E+11
2020,Hungary,HUN,1.21132E+11,1.23745E+11
2020,Iceland,ISL,7605549122,7522355306
2020,India,IND,5.10245E+11,4.99729E+11
2020,Indonesia,IDN,1.65647E+11,1.83547E+11
2020,"Iran, Islamic Rep.",IRN,71621658126,51664876276
2020,Iraq,IRQ,54255237619,50199918398
2020,Ireland,IRL,5.18714E+11,6.09592E+11
2020,Isle of Man,IMN,..,..
2020,Israel,ISR,98848834109,1.11615E+11
2020,Italy,ITA,4.80945E+11,5.4794E+11
2020,Jamaica,JAM,..,..
2020,Japan,JPN,7.98645E+11,7.85058E+11
2020,Jordan,JOR,18424084507,10444366197
2020,Kazakhstan,KAZ,45332610743,52229576023
2020,Kenya,KEN,19082744157,11516270712
2020,Kiribati,KIR,150178033.4,23017530.92
2020,"Korea, Dem. People's Rep.",PRK,..,..
2020,"Korea, Rep.",KOR,5.39437E+11,6.03713E+11
2020,Kosovo,XKX,4160533506,1674245595
2020,Kuwait,KWT,42529707772,48541470057
2020,Kyrgyz Republic,KGZ,4086471676,2446559920
2020,Lao PDR,LAO,..,..
2020,Latvia,LVA,20436512014,20915609598
2020,Lebanon,LBN,10705132083,5192095746
2020,Lesotho,LSO,1984851479,912849307.4
2020,Liberia,LBR,..,..
2020,Libya,LBY,14343035443,9541308319
2020,Liechtenstein,LIE,..,..
2020,Lithuania,LTU,36377346995,41586229553
2020,Luxembourg,LUX,1.26083E+11,1.5061E+11
2020,"Macao SAR, China",MAC,15615350087,15588938977
2020,Madagascar,MDG,3767772595,2628831061
2020,Malawi,MWI,3534041141,1295183976
2020,Malaysia,MYS,1.8631E+11,2.07799E+11
2020,Maldives,MDV,2454800260,1791004989
2020,Mali,MLI,6395707971,5204085878
2020,Malta,MLT,18440001748,21318535384
2020,Marshall Islands,MHL,174912100,85811100
2020,Mauritania,MRT,3747908632,3420455747
2020,Mauritius,MUS,7606361594,6403116604
2020,Mexico,MEX,4.21735E+11,4.39854E+11
2020,"Micronesia, Fed. Sts.",FSM,253000000,64000000
2020,Moldova,MDA,5921197991,3218731278
2020,Monaco,MCO,..,..
2020,Mongolia,MNG,7345876552,7676311652
2020,Montenegro,MNE,2910145246,1240041483
2020,Morocco,MAR,46174693559,37369771251
2020,Mozambique,MOZ,9554283407,4667776263
2020,Myanmar,MMR,..,..
2020,Namibia,NAM,4577193257,3564380964
2020,Nauru,NRU,113958361.7,54342514.27
2020,Nepal,NPL,11405416698,2275260266
2020,Netherlands,NLD,6.62041E+11,7.57627E+11
2020,New Caledonia,NCL,3454403832,1706103572
2020,New Zealand,NZL,47463185029,46221338363
2020,Nicaragua,NIC,5967676881,5312785104
2020,Niger,NER,3542704274,1338433098
2020,Nigeria,NGA,..,..
2020,North Macedonia,MKD,8710792867,7141154682
2020,Northern Mariana Islands,MNP,556000000,128000000
2020,Norway,NOR,1.21847E+11,1.18416E+11
2020,Oman,OMN,34023407022,35719115735
2020,Pakistan,PAK,52327295403,27935253909
2020,Palau,PLW,210059906,60400894.17
2020,Panama,PAN,18505270156,20695086041
2020,Papua New Guinea,PNG,..,..
2020,Paraguay,PRY,10448804214,11788507798
2020,Peru,PER,42768390082,46347277393
2020,Philippines,PHL,1.19257E+11,91171559891
2020,Poland,POL,2.83721E+11,3.17704E+11
2020,Portugal,PRT,90131397408,85546804978
2020,Puerto Rico (US),PRI,44513200000,62237400000
2020,Qatar,QAT,59064560440,70933241758
2020,Romania,ROU,1.03735E+11,92658939979
2020,Russian Federation,RUS,3.05255E+11,3.81066E+11
2020,Rwanda,RWA,3648739603,1966296086
2020,Samoa,WSM,419570510.7,253683224
2020,San Marino,SMR,2164289734,2535024997
2020,Sao Tome and Principe,STP,..,..
2020,Saudi Arabia,SAU,1.82184E+11,1.82848E+11
2020,Senegal,SEN,9651853853,5077951817
2020,Serbia,SRB,30294542171,25760764788
2020,Seychelles,SYC,1201944067,920042421.5
2020,Sierra Leone,SLE,1385993373,661505016
2020,Singapore,SGP,5.24652E+11,6.34721E+11
2020,Sint Maarten (Dutch part),SXM,..,..
2020,Slovak Republic,SVK,89672126063,90816799596
2020,Slovenia,SVN,36983471636,41785212679
2020,Solomon Islands,SLB,495896246.5,429176031.9
2020,"Somalia, Fed. Rep.",SOM,5353000000,1178000000
2020,South Africa,ZAF,78355182004,93199600859
2020,South Sudan,SSD,..,..
2020,Spain,ESP,3.73587E+11,3.93139E+11
2020,Sri Lanka,LKA,18243032054,13036289441
2020,St. Kitts and Nevis,KNA,..,..
2020,St. Lucia,LCA,..,..
2020,St. Martin (French part),MAF,..,..
2020,St. Vincent and the Grenadines,VCT,..,..
2020,Sudan,SDN,1305725563,1385607465
2020,Suriname,SUR,..,..
2020,Sweden,SWE,2.18725E+11,2.41041E+11
2020,Switzerland,CHE,4.28063E+11,4.75589E+11
2020,Syrian Arab Republic,SYR,3750745660,1648856244
2020,Tajikistan,TJK,3125458368,1409153433
2020,Tanzania,TZA,9552972185,8921839002
2020,Thailand,THA,2.31745E+11,2.5771E+11
2020,Timor-Leste,TLS,1039875900,792950616.5
2020,Togo,TGO,2395207646,1727046855
2020,Tonga,TON,314805680.1,99820527.84
2020,Trinidad and Tobago,TTO,..,..
2020,Tunisia,TUN,19691340861,16143392840
2020,Turkiye,TUR,2.32192E+11,2.10845E+11
2020,Turkmenistan,TKM,7520617144,7396628171
2020,Turks and Caicos Islands,TCA,..,..
2020,Tuvalu,TUV,..,..
2020,Uganda,UGA,8116375577,5796021015
2020,Ukraine,UKR,63171454470,60801578068
2020,United Arab Emirates,ARE,2.97228E+11,3.50277E+11
2020,United Kingdom,GBR,7.95715E+11,8.15802E+11
2020,United States,USA,2.77734E+12,2.15114E+12
2020,Uruguay,URY,11538610209,14026275304
2020,Uzbekistan,UZB,22681149060,14561318344
2020,Vanuatu,VUT,467819379.4,168001386.7
2020,"Venezuela, RB",VEN,5605535147,5571433292
2020,Viet Nam,VNM,2.73356E+11,2.9248E+11
2020,Virgin Islands (U.S.),VIR,3184000000,1620000000
2020,West Bank and Gaza,PSE,8065700000,2385300000
2020,"Yemen, Rep.",YEM,..,..
2020,Zambia,ZMB,5892354558,8473997597
2020,Zimbabwe,ZWE,6794919562,6054269170
2020,Africa Eastern and Southern,AFE,2.29922E+11,2.09517E+11
2020,Africa Western and Central,AFW,..,..
2020,Arab World,ARB,9.56783E+11,9.31629E+11
2020,Caribbean small states,CSS,..,..
2020,Central Europe and the Baltics,CEB,9.33317E+11,9.84787E+11
2020,Early-demographic dividend,EAR,2.59827E+12,2.42587E+12
2020,East Asia & Pacific,EAS,6.5257E+12,7.22964E+12
2020,East Asia & Pacific (excluding high income),EAP,3.42758E+12,3.83019E+12
2020,East Asia & Pacific (IDA & IBRD countries),TEA,3.42127E+12,3.82518E+12
2020,Euro area,EMU,5.45175E+12,5.92678E+12
2020,Europe & Central Asia,ECS,8.70915E+12,9.35895E+12
2020,Europe & Central Asia (excluding high income),ECA,5.1055E+11,4.6152E+11
2020,Europe & Central Asia (IDA & IBRD countries),TEC,1.26926E+12,1.31668E+12
2020,European Union,EUU,6.54598E+12,7.10761E+12
2020,Fragile and conflict affected situations,FCS,3.416E+11,2.78002E+11
2020,Heavily indebted poor countries (HIPC),HPC,2.28148E+11,1.66654E+11
2020,High income,HIC,1.55515E+13,1.60071E+13
2020,IBRD only,IBD,6.6133E+12,7.02014E+12
2020,IDA & IBRD total,IBT,7.18932E+12,7.43748E+12
2020,IDA blend,IDB,1.93161E+11,..
2020,IDA only,IDX,3.80348E+11,2.56662E+11
2020,IDA total,IDA,5.7655E+11,4.37223E+11
2020,Late-demographic dividend,LTE,5.60334E+12,6.25739E+12
2020,Latin America & Caribbean,LCN,1.13033E+12,1.157E+12
2020,Latin America & Caribbean (excluding high income),LAC,9.36164E+11,9.3268E+11
2020,Latin America & the Caribbean (IDA & IBRD countries),TLA,1.06336E+12,1.07886E+12
2020,Least developed countries: UN classification,LDC,3.11555E+11,2.12362E+11
2020,Low & middle income,LMY,6.29535E+12,6.43414E+12
2020,Low income,LIC,1.15973E+11,68533174342
2020,Lower middle income,LMC,1.5426E+12,1.39854E+12
2020,"Middle East, North Africa, Afghanistan & Pakistan",MEA,1.19637E+12,1.13874E+12
2020,"Middle East, North Africa, Afghanistan & Pakistan (excluding high income)",MNA,4.40057E+11,2.92221E+11
2020,"Middle East, North Africa, Afghanistan & Pakistan (IDA & IBRD)",TMN,4.31979E+11,2.89835E+11
2020,Middle income,MIC,6.18056E+12,6.36813E+12
2020,North America,NAC,3.30343E+12,2.64238E+12
2020,Not classified,INX,..,..
2020,OECD members,OED,1.35461E+13,1.36185E+13
2020,Other small states,OSS,1.0025E+11,98182854687
2020,Pacific island small states,PSS,..,..
2020,Post-demographic dividend,PST,1.30553E+13,1.31107E+13
2020,Pre-demographic dividend,PRE,2.92911E+11,2.55658E+11
2020,Small states,SST,1.40205E+11,1.41144E+11
2020,South Asia,SAS,6.02619E+11,5.56575E+11
2020,South Asia (IDA & IBRD),TSA,6.02619E+11,5.56575E+11
2020,Sub-Saharan Africa,SSF,3.85298E+11,3.68367E+11
2020,Sub-Saharan Africa (excluding high income),SSA,3.67496E+11,3.5959E+11
2020,Sub-Saharan Africa (IDA & IBRD countries),TSS,3.85298E+11,3.68367E+11
2020,Upper middle income,UMC,4.64101E+12,4.99685E+12
2020,World,WLD,2.18724E+13,2.24597E+13
2021,Afghanistan,AFG,5286118076,2045190335
2021,Albania,ALB,8016544326,5613909458
2021,Algeria,DZA,43564492198,43660727771
2021,American Samoa,ASM,694000000,332000000
2021,Andorra,AND,..,..
2021,Angola,AGO,17564145355,31385829561
2021,Antigua and Barbuda,ATG,866970370.4,752377777.8
2021,Argentina,ARG,73042905138,87906118245
2021,Armenia,ARM,6048430236,4950452984
2021,Aruba,ABW,2085712922,1945182828
2021,Australia,AUS,2.84039E+11,3.43364E+11
2021,Austria,AUT,2.64636E+11,2.6884E+11
2021,Azerbaijan,AZE,16336941176,25487647059
2021,"Bahamas, The",BHS,4569400000,3366900000
2021,Bahrain,BHR,27577393617,35234574468
2021,Bangladesh,BGD,71021045805,44386125442
2021,Barbados,BRB,..,..
2021,Belarus,BLR,45415029494,49351137897
2021,Belgium,BEL,5.25243E+11,5.36428E+11
2021,Belize,BLZ,1248326800,1155566850
2021,Benin,BEN,4799723189,3700039683
2021,Bermuda,BMU,1713745000,3491937000
2021,Bhutan,BTN,1339649528,808455596.6
2021,Bolivia,BOL,11545547250,11276448090
2021,Bosnia and Herzegovina,BIH,12763502914,10137269156
2021,Botswana,BWA,8783747388,7858679910
2021,Brazil,BRA,3.09853E+11,3.19251E+11
2021,British Virgin Islands,VGB,..,..
2021,Brunei Darussalam,BRN,9377937978,11228855781
2021,Bulgaria,BGR,50088552554,52185365603
2021,Burkina Faso,BFA,5835051415,6460208897
2021,Burundi,BDI,..,..
2021,Cabo Verde,CPV,1099895576,489360327.2
2021,Cambodia,KHM,27158061718,26621743091
2021,Cameroon,CMR,9102291771,7430968539
2021,Canada,CAN,6.28389E+11,6.30478E+11
2021,Cayman Islands,CYM,..,..
2021,Central African Republic,CAF,778394732.8,332868820.8
2021,Chad,TCD,2980116474,4434510318
2021,Channel Islands,CHI,..,..
2021,Chile,CHL,1.03694E+11,1.00881E+11
2021,China,CHN,3.09328E+12,3.55411E+12
2021,Colombia,COL,76006795312,51591453811
2021,Comoros,COM,409033414.3,126168316
2021,"Congo, Dem. Rep.",COD,22184221686,22344866848
2021,"Congo, Rep.",COG,4849428753,7833386314
2021,Costa Rica,CRI,22479844458,23500424069
2021,Cote d'Ivoire,CIV,16610109080,16230487159
2021,Croatia,HRV,36255052908,34354168367
2021,Cuba,CUB,..,..
2021,Curacao,CUW,..,..
2021,Cyprus,CYP,26141704140,27565552210
2021,Czechia,CZE,1.94451E+11,2.05281E+11
2021,Denmark,DNK,2.15702E+11,2.40447E+11
2021,Djibouti,DJI,4096786536,4842477816
2021,Dominica,DMA,..,..
2021,Dominican Republic,DOM,28855223090,20419747259
2021,Ecuador,ECU,28075880000,29009062000
2021,"Egypt, Arab Rep.",EGY,81943913321,44850223072
2021,El Salvador,SLV,15411330000,8359050000
2021,Equatorial Guinea,GNQ,3889425323,5512726595
2021,Eritrea,ERI,..,..
2021,Estonia,EST,30079327378,29617994789
2021,Eswatini,SWZ,2178506944,2144557155
2021,Ethiopia,ETH,18229409472,8323978508
2021,Faroe Islands,FRO,1905548674,1923044781
2021,Fiji,FJI,..,..
2021,Finland,FIN,1.17299E+11,1.17459E+11
2021,France,FRA,9.64104E+11,9.28139E+11
2021,French Polynesia,PYF,2370137505,805906228
2021,Gabon,GAB,4746351486,11849572429
2021,"Gambia, The",GMB,714636609.7,133283633.2
2021,Georgia,GEO,11109489894,8045446645
2021,Germany,DEU,1.62885E+12,1.85185E+12
2021,Ghana,GHA,25963543827,23898089227
2021,Gibraltar,GIB,..,..
2021,Greece,GRC,1.04245E+11,87890002523
2021,Greenland,GRL,1634549912,1121643591
2021,Grenada,GRD,..,..
2021,Guam,GUM,3662000000,193000000
2021,Guatemala,GTM,27347172019,15241812022
2021,Guinea,GIN,10066835236,9596023581
2021,Guinea-Bissau,GNB,520367193.6,334639591.9
2021,Guyana,GUY,..,..
2021,Haiti,HTI,6269039006,1490136140
2021,Honduras,HND,18014411249,11079128213
2021,"Hong Kong SAR, China",HKG,7.32173E+11,7.52719E+11
2021,Hungary,HUN,1.46216E+11,1.45547E+11
2021,Iceland,ISL,10196648319,9802647461
2021,India,IND,7.60903E+11,6.77769E+11
2021,Indonesia,IDN,2.22924E+11,2.5411E+11
2021,"Iran, Islamic Rep.",IRN,84130836516,89695394080
2021,Iraq,IRQ,50706900000,78260500000
2021,Ireland,IRL,5.01937E+11,7.23445E+11
2021,Isle of Man,IMN,..,..
2021,Israel,ISR,1.27745E+11,1.41192E+11
2021,Italy,ITA,6.34811E+11,6.79294E+11
2021,Jamaica,JAM,..,..
2021,Japan,JPN,9.38756E+11,9.12549E+11
2021,Jordan,JOR,23321408451,13869577465
2021,Kazakhstan,KAZ,49324871011,66318146546
2021,Kenya,KEN,24016664626,14381862480
2021,Kiribati,KIR,201765233.6,10754926.79
2021,"Korea, Dem. People's Rep.",PRK,..,..
2021,"Korea, Rep.",KOR,6.98601E+11,7.64083E+11
2021,Kosovo,XKX,6140295602,3144942872
2021,Kuwait,KWT,44914020879,76736406945
2021,Kyrgyz Republic,KGZ,5961602074,3311706968
2021,Lao PDR,LAO,..,..
2021,Latvia,LVA,26722730485,25510768210
2021,Lebanon,LBN,12214357414,6020232988
2021,Lesotho,LSO,2244255203,1113103703
2021,Liberia,LBR,..,..
2021,Libya,LBY,25437768930,32419787681
2021,Liechtenstein,LIE,..,..
2021,Lithuania,LTU,50396505475,53381777500
2021,Luxembourg,LUX,1.57127E+11,1.86266E+11
2021,"Macao SAR, China",MAC,24329800943,28151033560
2021,Madagascar,MDG,4611346609,3314741894
2021,Malawi,MWI,3946615438,1573501118
2021,Malaysia,MYS,2.3699E+11,2.64015E+11
2021,Maldives,MDV,3493320711,3997066754
2021,Mali,MLI,7654213178,5389820861
2021,Malta,MLT,20018221756,23442200552
2021,Marshall Islands,MHL,193524807,120116615.3
2021,Mauritania,MRT,4468397305,3675736239
2021,Mauritius,MUS,8649785320,7062411511
2021,Mexico,MEX,5.59543E+11,5.34122E+11
2021,"Micronesia, Fed. Sts.",FSM,263000000,79000000
2021,Moldova,MDA,7916926177,4196391945
2021,Monaco,MCO,..,..
2021,Mongolia,MNG,9255820395,8950037976
2021,Montenegro,MNE,3645639165,2511149463
2021,Morocco,MAR,60199361761,47060549921
2021,Mozambique,MOZ,11597098164,6523890986
2021,Myanmar,MMR,..,..
2021,Namibia,NAM,6398181204,3963389445
2021,Nauru,NRU,140274086.5,54051776.7
2021,Nepal,NPL,14007303182,1890245952
2021,Netherlands,NLD,8.08831E+11,9.11591E+11
2021,New Caledonia,NCL,3513854951,1425561377
2021,New Zealand,NZL,66621870137,56662187014
2021,Nicaragua,NIC,8497441442,6593588346
2021,Niger,NER,4030357744,1490563681
2021,Nigeria,NGA,..,..
2021,North Macedonia,MKD,11379087216,9162326827
2021,Northern Mariana Islands,MNP,666000000,55000000
2021,Norway,NOR,1.41881E+11,2.16631E+11
2021,Oman,OMN,37217165150,46569570871
2021,Pakistan,PAK,62659182540,31546332473
2021,Palau,PLW,172197204.6,15533028.6
2021,Panama,PAN,25965646117,28041417544
2021,Papua New Guinea,PNG,..,..
2021,Paraguay,PRY,13685252890,14177412820
2021,Peru,PER,59278649389,66169160383
2021,Philippines,PHL,1.48699E+11,1.01486E+11
2021,Poland,POL,3.71024E+11,3.93089E+11
2021,Portugal,PRT,1.13497E+11,1.06387E+11
2021,Puerto Rico (US),PRI,45053600000,57909200000
2021,Qatar,QAT,61204395604,1.05549E+11
2021,Romania,ROU,1.32207E+11,1.16008E+11
2021,Russian Federation,RUS,3.76516E+11,5.488E+11
2021,Rwanda,RWA,3854458169,2160639864
2021,Samoa,WSM,415237392.7,98618303.15
2021,San Marino,SMR,2934824225,3420233101
2021,Sao Tome and Principe,STP,..,..
2021,Saudi Arabia,SAU,2.13515E+11,2.86501E+11
2021,Senegal,SEN,12311805835,6781011709
2021,Serbia,SRB,39697186028,34628348308
2021,Seychelles,SYC,1539328140,1193663263
2021,Sierra Leone,SLE,1906108260,1114288667
2021,Singapore,SGP,6.39391E+11,7.977E+11
2021,Sint Maarten (Dutch part),SXM,..,..
2021,Slovak Republic,SVK,1.09928E+11,1.09378E+11
2021,Slovenia,SVN,48056473878,51509624960
2021,Solomon Islands,SLB,636797050.1,413817855.1
2021,"Somalia, Fed. Rep.",SOM,5969000000,1532000000
2021,South Africa,ZAF,1.04884E+11,1.31E+11
2021,South Sudan,SSD,..,..
2021,Spain,ESP,4.78813E+11,4.93274E+11
2021,Sri Lanka,LKA,21525852946,14985052373
2021,St. Kitts and Nevis,KNA,..,..
2021,St. Lucia,LCA,..,..
2021,St. Martin (French part),MAF,..,..
2021,St. Vincent and the Grenadines,VCT,..,..
2021,Sudan,SDN,642720121.7,770119708
2021,Suriname,SUR,..,..
2021,Sweden,SWE,2.75583E+11,2.99955E+11
2021,Switzerland,CHE,4.80193E+11,5.79842E+11
2021,Syrian Arab Republic,SYR,6560493570,2226608573
2021,Tajikistan,TJK,4258328654,2161333823
2021,Tanzania,TZA,11160170703,9976590469
2021,Thailand,THA,2.97104E+11,2.96425E+11
2021,Timor-Leste,TLS,1317595267,2302354019
2021,Togo,TGO,2839529121,1976054796
2021,Tonga,TON,298418016.5,57546487.81
2021,Trinidad and Tobago,TTO,..,..
2021,Tunisia,TUN,24408983896,19667292546
2021,Turkiye,TUR,2.90243E+11,2.94429E+11
2021,Turkmenistan,TKM,5072752618,8345505968
2021,Turks and Caicos Islands,TCA,..,..
2021,Tuvalu,TUV,..,..
2021,Uganda,UGA,10510437146,6396009274
2021,Ukraine,UKR,83920880267,81281413099
2021,United Arab Emirates,ARE,3.47529E+11,4.25156E+11
2021,United Kingdom,GBR,9.34376E+11,9.35667E+11
2021,United States,USA,3.41546E+12,2.55543E+12
2021,Uruguay,URY,15409770386,20010251506
2021,Uzbekistan,UZB,27959658383,16479144805
2021,Vanuatu,VUT,478984034.2,90797377.86
2021,"Venezuela, RB",VEN,7856090023,8690395621
2021,Viet Nam,VNM,3.40182E+11,3.43937E+11
2021,Virgin Islands (U.S.),VIR,4057000000,4069000000
2021,West Bank and Gaza,PSE,10094400000,3140300000
2021,"Yemen, Rep.",YEM,..,..
2021,Zambia,ZMB,7511107108,11537884956
2021,Zimbabwe,ZWE,10055589043,8158286329
2021,Africa Eastern and Southern,AFE,2.93472E+11,2.88028E+11
2021,Africa Western and Central,AFW,..,..
2021,Arab World,ARB,1.10008E+12,1.28042E+12
2021,Caribbean small states,CSS,..,..
2021,Central Europe and the Baltics,CEB,1.19542E+12,1.21586E+12
2021,Early-demographic dividend,EAR,3.41851E+12,3.25407E+12
2021,East Asia & Pacific,EAS,8.20849E+12,9.05108E+12
2021,East Asia & Pacific (excluding high income),EAP,4.43662E+12,4.90034E+12
2021,East Asia & Pacific (IDA & IBRD countries),TEA,4.42835E+12,4.89385E+12
2021,Euro area,EMU,6.64699E+12,7.24562E+12
2021,Europe & Central Asia,ECS,1.06061E+13,1.16108E+13
2021,Europe & Central Asia (excluding high income),ECA,6.3521E+11,6.29555E+11
2021,Europe & Central Asia (IDA & IBRD countries),TEC,1.6013E+12,1.77399E+12
2021,European Union,EUU,8.03226E+12,8.69813E+12
2021,Fragile and conflict affected situations,FCS,4.15221E+11,4.1234E+11
2021,Heavily indebted poor countries (HIPC),HPC,2.75526E+11,2.10829E+11
2021,High income,HIC,1.89264E+13,1.97266E+13
2021,IBRD only,IBD,8.63473E+12,9.18518E+12
2021,IDA & IBRD total,IBT,9.34538E+12,9.70587E+12
2021,IDA blend,IDB,2.40307E+11,..
2021,IDA only,IDX,4.60096E+11,3.15703E+11
2021,IDA total,IDA,7.02895E+11,5.37661E+11
2021,Late-demographic dividend,LTE,6.9855E+12,7.99241E+12
2021,Latin America & Caribbean,LCN,1.51797E+12,1.46361E+12
2021,Latin America & Caribbean (excluding high income),LAC,1.25991E+12,1.19397E+12
2021,Latin America & the Caribbean (IDA & IBRD countries),TLA,1.44312E+12,1.3833E+12
2021,Least developed countries: UN classification,LDC,3.7261E+11,2.72352E+11
2021,Low & middle income,LMY,8.18936E+12,8.36989E+12
2021,Low income,LIC,1.38355E+11,87042348813
2021,Lower middle income,LMC,2.03998E+12,1.75311E+12
2021,"Middle East, North Africa, Afghanistan & Pakistan",MEA,1.39058E+12,1.56026E+12
2021,"Middle East, North Africa, Afghanistan & Pakistan (excluding high income)",MNA,5.10047E+11,4.19749E+11
2021,"Middle East, North Africa, Afghanistan & Pakistan (IDA & IBRD)",TMN,4.99937E+11,4.16606E+11
2021,Middle income,MIC,8.05118E+12,8.28592E+12
2021,North America,NAC,4.04556E+12,3.1894E+12
2021,Not classified,INX,..,..
2021,OECD members,OED,1.65458E+13,1.65948E+13
2021,Other small states,OSS,1.26852E+11,1.30591E+11
2021,Pacific island small states,PSS,..,..
2021,Post-demographic dividend,PST,1.59738E+13,1.59998E+13
2021,Pre-demographic dividend,PRE,3.36234E+11,3.56318E+11
2021,Small states,SST,1.77625E+11,1.87115E+11
2021,South Asia,SAS,8.7229E+11,7.43836E+11
2021,South Asia (IDA & IBRD),TSA,8.7229E+11,7.43836E+11
2021,Sub-Saharan Africa,SSF,4.7818E+11,4.92314E+11
2021,Sub-Saharan Africa (excluding high income),SSA,4.58854E+11,4.81936E+11
2021,Sub-Saharan Africa (IDA & IBRD countries),TSS,4.7818E+11,4.92314E+11
2021,Upper middle income,UMC,6.01685E+12,6.56262E+12
2021,World,WLD,2.71391E+13,2.81157E+13
2022,Afghanistan,AFG,7901784706,2664599571
2022,Albania,ALB,9033376425,7073859741
2022,Algeria,DZA,46015346670,69460098852
2022,American Samoa,ASM,677000000,409000000
2022,Andorra,AND,..,..
2022,Angola,AGO,26319489923,46181518626
2022,Antigua and Barbuda,ATG,1175559259,1021455556
2022,Argentina,ARG,96991607941,1.03225E+11
2022,Armenia,ARM,10207068194,10063294925
2022,Aruba,ABW,2653499093,2686048558
2022,Australia,AUS,3.43078E+11,4.31733E+11
2022,Austria,AUT,2.94118E+11,2.90687E+11
2022,Azerbaijan,AZE,21274411765,47274117647
2022,"Bahamas, The",BHS,5395300000,5163900000
2022,Bahrain,BHR,33068882979,44581914894
2022,Bangladesh,BGD,96157127887,59275206086
2022,Barbados,BRB,..,..
2022,Belarus,BLR,42031948517,46516126576
2022,Belgium,BEL,5.71921E+11,5.58111E+11
2022,Belize,BLZ,1573075200,1496710050
2022,Benin,BEN,4106516765,3627155582
2022,Bermuda,BMU,1960593000,3960723000
2022,Bhutan,BTN,1741034284,739014454
2022,Bolivia,BOL,15150615137,14163562909
2022,Bosnia and Herzegovina,BIH,15186504626,11851991205
2022,Botswana,BWA,8548721138,8848562925
2022,Brazil,BRA,3.74482E+11,3.83178E+11
2022,British Virgin Islands,VGB,..,..
2022,Brunei Darussalam,BRN,10106443643,14411072072
2022,Bulgaria,BGR,62327426616,63335730821
2022,Burkina Faso,BFA,6760351772,5813561183
2022,Burundi,BDI,..,..
2022,Cabo Verde,CPV,1310225013,869236486
2022,Cambodia,KHM,29462601452,28878876682
2022,Cameroon,CMR,9740770348,8568684369
2022,Canada,CAN,7.31037E+11,7.43495E+11
2022,Cayman Islands,CYM,..,..
2022,Central African Republic,CAF,784669456.4,293074002.7
2022,Chad,TCD,2897673571,5657938456
2022,Channel Islands,CHI,..,..
2022,Chile,CHL,1.19271E+11,1.07257E+11
2022,China,CHN,3.14004E+12,3.71789E+12
2022,Colombia,COL,96411719931,70468824549
2022,Comoros,COM,457719891,158275538.1
2022,"Congo, Dem. Rep.",COD,31691354758,28746630294
2022,"Congo, Rep.",COG,5433021714,10093186511
2022,Costa Rica,CRI,27574429707,29362895414
2022,Cote d'Ivoire,CIV,20283240453,17211097451
2022,Croatia,HRV,46917661962,42370492109
2022,Cuba,CUB,..,..
2022,Curacao,CUW,..,..
2022,Cyprus,CYP,31557519608,32674701777
2022,Czechia,CZE,2.16117E+11,2.18554E+11
2022,Denmark,DNK,2.45032E+11,2.83102E+11
2022,Djibouti,DJI,5096060679,5673808948
2022,Dominica,DMA,..,..
2022,Dominican Republic,DOM,36712443291,24994895245
2022,Ecuador,ECU,35949643000,35914453000
2022,"Egypt, Arab Rep.",EGY,1.04389E+11,71927051672
2022,El Salvador,SLV,17932560000,10336590000
2022,Equatorial Guinea,GNQ,3948328172,7249945761
2022,Eritrea,ERI,..,..
2022,Estonia,EST,33737756552,33421529205
2022,Eswatini,SWZ,2282013574,2112045177
2022,Ethiopia,ETH,22598141428,10151637926
2022,Faroe Islands,FRO,2222973772,2218833104
2022,Fiji,FJI,..,..
2022,Finland,FIN,1.353E+11,1.29715E+11
2022,France,FRA,1.09966E+12,1.02334E+12
2022,French Polynesia,PYF,2682544156,1226708760
2022,Gabon,GAB,5004762839,13813536175
2022,"Gambia, The",GMB,797057189.8,188942455.9
2022,Georgia,GEO,15544538955,13111621768
2022,Germany,DEU,1.81305E+12,1.91686E+12
2022,Ghana,GHA,26205330554,25623315467
2022,Gibraltar,GIB,..,..
2022,Greece,GRC,1.28375E+11,1.0732E+11
2022,Greenland,GRL,1657341448,1285840101
2022,Grenada,GRD,..,..
2022,Guam,GUM,4421000000,545000000
2022,Guatemala,GTM,33938882320,18119750230
2022,Guinea,GIN,9705672892,9043059038
2022,Guinea-Bissau,GNB,577102213.9,273823396.6
2022,Guyana,GUY,..,..
2022,Haiti,HTI,5932425395,1466106038
2022,Honduras,HND,22079730542,13336955013
2022,"Hong Kong SAR, China",HKG,6.82907E+11,6.97583E+11
2022,Hungary,HUN,1.68556E+11,1.58899E+11
2022,Iceland,ISL,13505975928,13632709462
2022,India,IND,8.97551E+11,7.78022E+11
2022,Indonesia,IDN,2.76507E+11,3.23218E+11
2022,"Iran, Islamic Rep.",IRN,98698959865,1.0806E+11
2022,Iraq,IRQ,69638475862,1.27955E+11
2022,Ireland,IRL,5.38743E+11,7.6497E+11
2022,Isle of Man,IMN,..,..
2022,Israel,ISR,1.53665E+11,1.6483E+11
2022,Italy,ITA,7.76766E+11,7.3851E+11
2022,Jamaica,JAM,..,..
2022,Japan,JPN,1.07698E+12,9.18408E+11
2022,Jordan,JOR,30018732394,20743380282
2022,Kazakhstan,KAZ,60354782089,93736589050
2022,Kenya,KEN,27832040675,18262655905
2022,Kiribati,KIR,270259460.7,20535972.42
2022,"Korea, Dem. People's Rep.",PRK,..,..
2022,"Korea, Rep.",KOR,8.14937E+11,8.15019E+11
2022,Kosovo,XKX,6678129416,3613394542
2022,Kuwait,KWT,55915102041,1.10926E+11
2022,Kyrgyz Republic,KGZ,10611929974,5622995972
2022,Lao PDR,LAO,..,..
2022,Latvia,LVA,31311327145,29453042752
2022,Lebanon,LBN,16806427844,7311404299
2022,Lesotho,LSO,2257663700,1095216446
2022,Liberia,LBR,..,..
2022,Libya,LBY,27824997263,39778344211
2022,Liechtenstein,LIE,..,..
2022,Lithuania,LTU,63129065381,61643097917
2022,Luxembourg,LUX,1.53417E+11,1.79629E+11
2022,"Macao SAR, China",MAC,21333615037,21137959774
2022,Madagascar,MDG,6130829741,4680944199
2022,Malawi,MWI,4011385129,1409751313
2022,Malaysia,MYS,2.83919E+11,3.13246E+11
2022,Maldives,MDV,4915296259,5106680724
2022,Mali,MLI,8009736750,5866178905
2022,Malta,MLT,22089352129,24315280709
2022,Marshall Islands,MHL,228608440.4,103432075.5
2022,Mauritania,MRT,5953475024,3798126438
2022,Mauritius,MUS,10431237060,8671207275
2022,Mexico,MEX,6.72827E+11,6.29789E+11
2022,"Micronesia, Fed. Sts.",FSM,289000000,88000000
2022,Moldova,MDA,10297187836,5988282385
2022,Monaco,MCO,..,..
2022,Mongolia,MNG,12219703773,11155726173
2022,Montenegro,MNE,4632837811,3209682769
2022,Morocco,MAR,73752886131,58681916332
2022,Mozambique,MOZ,16136472870,9409084986
2022,Myanmar,MMR,..,..
2022,Namibia,NAM,7391349289,5085407033
2022,Nauru,NRU,172986947.4,81992870.37
2022,Nepal,NPL,17408444770,2760241582
2022,Netherlands,NLD,9.17438E+11,1.00932E+12
2022,New Caledonia,NCL,3376896803,1480256674
2022,New Zealand,NZL,73427735097,60000634042
2022,Nicaragua,NIC,10249854374,7800991077
2022,Niger,NER,4075011586,4075011586
2022,Nigeria,NGA,..,..
2022,North Macedonia,MKD,13007595538,10140779609
2022,Northern Mariana Islands,MNP,777000000,244000000
2022,Norway,NOR,1.61654E+11,3.30944E+11
2022,Oman,OMN,46681404421,69482444733
2022,Pakistan,PAK,84315688680,39515650036
2022,Palau,PLW,218303802.5,38204284.67
2022,Panama,PAN,34758827459,36730407984
2022,Papua New Guinea,PNG,..,..
2022,Paraguay,PRY,16516240285,14418957277
2022,Peru,PER,70042848043,70945282635
2022,Philippines,PHL,1.78086E+11,1.14785E+11
2022,Poland,POL,4.22017E+11,4.33729E+11
2022,Portugal,PRT,1.33285E+11,1.27118E+11
2022,Puerto Rico (US),PRI,52152000000,59706800000
2022,Qatar,QAT,74520054945,1.61693E+11
2022,Romania,ROU,1.48949E+11,1.28503E+11
2022,Russian Federation,RUS,3.45174E+11,6.35242E+11
2022,Rwanda,RWA,5148962370,2993214862
2022,Samoa,WSM,439102052.5,102172238.5
2022,San Marino,SMR,3164970423,3611090151
2022,Sao Tome and Principe,STP,..,..
2022,Saudi Arabia,SAU,2.58213E+11,4.45881E+11
2022,Senegal,SEN,14697565401,7417917497
2022,Serbia,SRB,47552026634,40579106357
2022,Seychelles,SYC,2012397151,1818966306
2022,Sierra Leone,SLE,2013408070,1194958862
2022,Singapore,SGP,7.44364E+11,9.47355E+11
2022,Sint Maarten (Dutch part),SXM,..,..
2022,Slovak Republic,SVK,1.2157E+11,1.14713E+11
2022,Slovenia,SVN,55305344696,56494607282
2022,Solomon Islands,SLB,684987594.7,412603523.3
2022,"Somalia, Fed. Rep.",SOM,7456000000,1804000000
2022,South Africa,ZAF,1.28017E+11,1.36705E+11
2022,South Sudan,SSD,..,..
2022,Spain,ESP,5.62068E+11,5.74783E+11
2022,Sri Lanka,LKA,18626984758,15984910765
2022,St. Kitts and Nevis,KNA,..,..
2022,St. Lucia,LCA,..,..
2022,St. Martin (French part),MAF,..,..
2022,St. Vincent and the Grenadines,VCT,..,..
2022,Sudan,SDN,582633199.5,811770224.7
2022,Suriname,SUR,..,..
2022,Sweden,SWE,3.03636E+11,3.12333E+11
2022,Switzerland,CHE,5.16666E+11,6.30825E+11
2022,Syrian Arab Republic,SYR,6803218572,1608744496
2022,Tajikistan,TJK,5258453958,1751996066
2022,Tanzania,TZA,14839056923,11675750362
2022,Thailand,THA,3.34491E+11,3.24017E+11
2022,Timor-Leste,TLS,1347906339,1784364499
2022,Togo,TGO,3161651830,2162409655
2022,Tonga,TON,330368566.5,59899929.85
2022,Trinidad and Tobago,TTO,..,..
2022,Tunisia,TUN,29101043949,23060703699
2022,Turkiye,TUR,3.86711E+11,3.53225E+11
2022,Turkmenistan,TKM,5269577517,10500003956
2022,Turks and Caicos Islands,TCA,..,..
2022,Tuvalu,TUV,..,..
2022,Uganda,UGA,10244593521,5477862278
2022,Ukraine,UKR,84155821685,57417372455
2022,United Arab Emirates,ARE,4.27992E+11,5.21897E+11
2022,United Kingdom,GBR,1.11779E+12,1.08359E+12
2022,United States,USA,3.97631E+12,3.01738E+12
2022,Uruguay,URY,19553991329,23530155862
2022,Uzbekistan,UZB,35654761540,20962647201
2022,Vanuatu,VUT,571554063.5,99441790.09
2022,"Venezuela, RB",VEN,10280202849,14552961819
2022,Viet Nam,VNM,3.70999E+11,3.86241E+11
2022,Virgin Islands (U.S.),VIR,5058000000,4549000000
2022,West Bank and Gaza,PSE,12258000000,3533400000
2022,"Yemen, Rep.",YEM,..,..
2022,Zambia,ZMB,8487628172,11722089926
2022,Zimbabwe,ZWE,12784886010,9659224064
2022,Africa Eastern and Southern,AFE,3.63759E+11,3.33485E+11
2022,Africa Western and Central,AFW,..,..
2022,Arab World,ARB,1.34754E+12,1.79285E+12
2022,Caribbean small states,CSS,..,..
2022,Central Europe and the Baltics,CEB,1.36994E+12,1.34112E+12
2022,Early-demographic dividend,EAR,4.16553E+12,3.98635E+12
2022,East Asia & Pacific,EAS,8.88951E+12,9.6986E+12
2022,East Asia & Pacific (excluding high income),EAP,4.69038E+12,5.27324E+12
2022,East Asia & Pacific (IDA & IBRD countries),TEA,4.6817E+12,5.2663E+12
2022,Euro area,EMU,7.52976E+12,7.81545E+12
2022,Europe & Central Asia,ECS,1.20298E+13,1.28439E+13
2022,Europe & Central Asia (excluding high income),ECA,7.83462E+11,7.42639E+11
2022,Europe & Central Asia (IDA & IBRD countries),TEC,1.80885E+12,2.04582E+12
2022,European Union,EUU,9.0964E+12,9.41391E+12
2022,Fragile and conflict affected situations,FCS,4.90154E+11,4.93607E+11
2022,Heavily indebted poor countries (HIPC),HPC,3.25963E+11,2.42781E+11
2022,High income,HIC,2.1532E+13,2.21333E+13
2022,IBRD only,IBD,9.64227E+12,1.03492E+13
2022,IDA & IBRD total,IBT,1.04905E+13,1.09561E+13
2022,IDA blend,IDB,3.02153E+11,..
2022,IDA only,IDX,5.48733E+11,3.68406E+11
2022,IDA total,IDA,8.51184E+11,6.33444E+11
2022,Late-demographic dividend,LTE,7.5562E+12,8.89367E+12
2022,Latin America & Caribbean,LCN,1.84452E+12,1.72741E+12
2022,Latin America & Caribbean (excluding high income),LAC,1.5351E+12,1.41882E+12
2022,Latin America & the Caribbean (IDA & IBRD countries),TLA,1.75613E+12,1.64006E+12
2022,Least developed countries: UN classification,LDC,4.59881E+11,3.31253E+11
2022,Low & middle income,LMY,9.23649E+12,9.42789E+12
2022,Low income,LIC,1.6648E+11,1.03846E+11
2022,Lower middle income,LMC,2.41607E+12,2.05537E+12
2022,"Middle East, North Africa, Afghanistan & Pakistan",MEA,1.7024E+12,2.12297E+12
2022,"Middle East, North Africa, Afghanistan & Pakistan (excluding high income)",MNA,6.29276E+11,5.79153E+11
2022,"Middle East, North Africa, Afghanistan & Pakistan (IDA & IBRD)",TMN,6.16999E+11,5.75612E+11
2022,Middle income,MIC,9.0717E+12,9.32835E+12
2022,North America,NAC,4.70931E+12,3.76484E+12
2022,Not classified,INX,..,..
2022,OECD members,OED,1.90664E+13,1.85227E+13
2022,Other small states,OSS,1.48781E+11,1.52252E+11
2022,Pacific island small states,PSS,..,..
2022,Post-demographic dividend,PST,1.81857E+13,1.77035E+13
2022,Pre-demographic dividend,PRE,4.17232E+11,4.73469E+11
2022,Small states,SST,2.08624E+11,2.20124E+11
2022,South Asia,SAS,1.0364E+12,8.61888E+11
2022,South Asia (IDA & IBRD),TSA,1.0364E+12,8.61888E+11
2022,Sub-Saharan Africa,SSF,5.6987E+11,5.64432E+11
2022,Sub-Saharan Africa (excluding high income),SSA,5.45609E+11,5.51233E+11
2022,Sub-Saharan Africa (IDA & IBRD countries),TSS,5.6987E+11,5.64432E+11
2022,Upper middle income,UMC,6.66846E+12,7.31347E+12
2022,World,WLD,3.07993E+13,3.1588E+13
2023,Afghanistan,AFG,8701650584,2890629761
2023,Albania,ALB,10320565554,9025058562
2023,Algeria,DZA,49460165881,58981242697
2023,American Samoa,ASM,..,..
2023,Andorra,AND,..,..
2023,Angola,AGO,22191419586,34643370052
2023,Antigua and Barbuda,ATG,..,..
2023,Argentina,ARG,89980573298,83276004575
2023,Armenia,ARM,15094573227,14755463718
2023,Aruba,ABW,2938113155,3159820076
2023,Australia,AUS,3.87533E+11,4.63117E+11
2023,Austria,AUT,2.92777E+11,3.02184E+11
2023,Azerbaijan,AZE,25016411765,35487352941
2023,"Bahamas, The",BHS,5915800000,5774300000
2023,Bahrain,BHR,32379255319,40349468085
2023,Bangladesh,BGD,77972815573,57551452001
2023,Barbados,BRB,..,..
2023,Belarus,BLR,47515586812,47855354382
2023,Belgium,BEL,5.4128E+11,5.38932E+11
2023,Belize,BLZ,1571040800,1676688500
2023,Benin,BEN,4851357176,3935350522
2023,Bermuda,BMU,2004079000,4309464000
2023,Bhutan,BTN,1607335845,855304391.5
2023,Bolivia,BOL,14239423386,11725676874
2023,Bosnia and Herzegovina,BIH,15369301952,12121804353
2023,Botswana,BWA,7095497383,6260106089
2023,Brazil,BRA,3.4394E+11,3.93732E+11
2023,British Virgin Islands,VGB,..,..
2023,Brunei Darussalam,BRN,9081237975,11578413348
2023,Bulgaria,BGR,59167765913,63368607609
2023,Burkina Faso,BFA,6877000996,5820632564
2023,Burundi,BDI,..,..
2023,Cabo Verde,CPV,1396322821,983790279.6
2023,Cambodia,KHM,28497892006,28319442900
2023,Cameroon,CMR,10269387816,8226588945
2023,Canada,CAN,7.23341E+11,7.24806E+11
2023,Cayman Islands,CYM,..,..
2023,Central African Republic,CAF,742108359.7,369034170.9
2023,Chad,TCD,3259674588,5340996645
2023,Channel Islands,CHI,..,..
2023,Chile,CHL,1.00366E+11,1.03377E+11
2023,China,CHN,3.10646E+12,3.49009E+12
2023,Colombia,COL,82622449841,65315982251
2023,Comoros,COM,468756733,137392339.9
2023,"Congo, Dem. Rep.",COD,31210388008,29372039343
2023,"Congo, Rep.",COG,6023391374,8717056859
2023,Costa Rica,CRI,29025566716,33661220608
2023,Cote d'Ivoire,CIV,21311191335,18123337011
2023,Croatia,HRV,46845527799,45010620958
2023,Cuba,CUB,..,..
2023,Curacao,CUW,..,..
2023,Cyprus,CYP,33093940574,33809199429
2023,Czechia,CZE,2.19076E+11,2.36031E+11
2023,Denmark,DNK,2.44049E+11,2.80482E+11
2023,Djibouti,DJI,5269169091,5876570580
2023,Dominica,DMA,..,..
2023,Dominican Republic,DOM,34354476733,25685265157
2023,Ecuador,ECU,34444318000,34606783000
2023,"Egypt, Arab Rep.",EGY,84507686603,75645997562
2023,El Salvador,SLV,17034500000,10629170000
2023,Equatorial Guinea,GNQ,3064765429,4515830509
2023,Eritrea,ERI,..,..
2023,Estonia,EST,31856671495,32253419230
2023,Eswatini,SWZ,2367140007,2241325006
2023,Ethiopia,ETH,19025475349,8962144165
2023,Faroe Islands,FRO,2213738519,2255264259
2023,Fiji,FJI,..,..
2023,Finland,FIN,1.26182E+11,1.26249E+11
2023,France,FRA,1.10544E+12,1.05307E+12
2023,French Polynesia,PYF,2921687952,1477156129
2023,Gabon,GAB,5380346061,12355875610
2023,"Gambia, The",GMB,783973745.6,168026281.3
2023,Georgia,GEO,17815477929,15163333695
2023,Germany,DEU,1.77905E+12,1.96026E+12
2023,Ghana,GHA,26272099172,25590486225
2023,Gibraltar,GIB,..,..
2023,Greece,GRC,1.1815E+11,1.06505E+11
2023,Greenland,GRL,1699579793,1357184773
2023,Grenada,GRD,..,..
2023,Guam,GUM,..,..
2023,Guatemala,GTM,33075327816,17331723650
2023,Guinea,GIN,11584168920,9888943025
2023,Guinea-Bissau,GNB,580147329.3,281024787.2
2023,Guyana,GUY,..,..
2023,Haiti,HTI,5064824088,1046262834
2023,Honduras,HND,21102469278,12838311191
2023,"Hong Kong SAR, China",HKG,6.71438E+11,6.73673E+11
2023,Hungary,HUN,1.64517E+11,1.73225E+11
2023,Iceland,ISL,13703554743,13984488269
2023,India,IND,8.56651E+11,7.80409E+11
2023,Indonesia,IDN,2.68508E+11,2.98282E+11
2023,"Iran, Islamic Rep.",IRN,1.16537E+11,1.09444E+11
2023,Iraq,IRQ,80207455824,1.06561E+11
2023,Ireland,IRL,5.85093E+11,7.74613E+11
2023,Isle of Man,IMN,..,..
2023,Israel,ISR,1.4126E+11,1.55758E+11
2023,Italy,ITA,7.36154E+11,7.72202E+11
2023,Jamaica,JAM,..,..
2023,Japan,JPN,9.81638E+11,9.20644E+11
2023,Jordan,JOR,29034084507,22232112676
2023,Kazakhstan,KAZ,72487044600,90729107012
2023,Kenya,KEN,26037169470,18157616431
2023,Kiribati,KIR,293469858.5,17086211.22
2023,"Korea, Dem. People's Rep.",PRK,..,..
2023,"Korea, Rep.",KOR,7.55197E+11,7.62299E+11
2023,Kosovo,XKX,7360352732,4149654015
2023,Kuwait,KWT,63424320849,95476667155
2023,Kyrgyz Republic,KGZ,14495454762,5599943025
2023,Lao PDR,LAO,..,..
2023,Latvia,LVA,29797383500,28230078137
2023,Lebanon,LBN,14788907443,6134302023
2023,Lesotho,LSO,2088115593,909092611.5
2023,Liberia,LBR,..,..
2023,Libya,LBY,31811705188,38383285195
2023,Liechtenstein,LIE,..,..
2023,Lithuania,LTU,57902756764,61017599737
2023,Luxembourg,LUX,1.64426E+11,1.93009E+11
2023,"Macao SAR, China",MAC,24390733922,42166632149
2023,Madagascar,MDG,5416411472,4285368913
2023,Malawi,MWI,4168480304,1502749518
2023,Malaysia,MYS,2.55626E+11,2.74681E+11
2023,Maldives,MDV,4986030514,4902444408
2023,Mali,MLI,8134805408,6141418068
2023,Malta,MLT,22950535431,27032786890
2023,Marshall Islands,MHL,210797443.4,101742836
2023,Mauritania,MRT,5766571761,4119866589
2023,Mauritius,MUS,11015762508,9715616542
2023,Mexico,MEX,6.74539E+11,6.48642E+11
2023,"Micronesia, Fed. Sts.",FSM,310000000,122000000
2023,Moldova,MDA,9840310840,5867982593
2023,Monaco,MCO,..,..
2023,Mongolia,MNG,13537979922,15499351628
2023,Montenegro,MNE,5165898282,3763258103
2023,Morocco,MAR,74040709936,61945010973
2023,Mozambique,MOZ,12645606812,9543000054
2023,Myanmar,MMR,..,..
2023,Namibia,NAM,8331402956,5413327919
2023,Nauru,NRU,152175961.4,65824011.63
2023,Nepal,NPL,14187827151,2875793499
2023,Netherlands,NLD,8.80498E+11,9.93383E+11
2023,New Caledonia,NCL,3389254426,1654638546
2023,New Zealand,NZL,68115161812,60519517737
2023,Nicaragua,NIC,10532819128,8163866826
2023,Niger,NER,3802106874,3958747564
2023,Nigeria,NGA,..,..
2023,North Macedonia,MKD,12747090322,10685882458
2023,Northern Mariana Islands,MNP,..,..
2023,Norway,NOR,1.56726E+11,2.31391E+11
2023,Oman,OMN,47632509753,65386996099
2023,Pakistan,PAK,60515108026,35331726544
2023,Palau,PLW,222538085.9,72729423.52
2023,Panama,PAN,35804273222,38242852827
2023,Papua New Guinea,PNG,..,..
2023,Paraguay,PRY,17394262697,18137259903
2023,Peru,PER,63135412810,72440065324
2023,Philippines,PHL,1.78245E+11,1.16418E+11
2023,Poland,POL,4.23642E+11,4.70257E+11
2023,Portugal,PRT,1.34412E+11,1.37847E+11
2023,Puerto Rico (US),PRI,56884900000,63557700000
2023,Qatar,QAT,..,..
2023,Romania,ROU,1.53468E+11,1.36476E+11
2023,Russian Federation,RUS,3.79948E+11,4.65938E+11
2023,Rwanda,RWA,5718525530,3583751987
2023,Samoa,WSM,570854269.2,273855926
2023,San Marino,SMR,3142476627,3771054549
2023,Sao Tome and Principe,STP,..,..
2023,Saudi Arabia,SAU,2.91565E+11,3.68531E+11
2023,Senegal,SEN,14822697637,7092341812
2023,Serbia,SRB,48332534030,44799890209
2023,Seychelles,SYC,2130921149,1824457782
2023,Sierra Leone,SLE,2202122026,1344997465
2023,Singapore,SGP,7.285E+11,9.17683E+11
2023,Sint Maarten (Dutch part),SXM,..,..
2023,Slovak Republic,SVK,1.20084E+11,1.22216E+11
2023,Slovenia,SVN,53133605229,57785396949
2023,Solomon Islands,SLB,977101703.4,546110325
2023,"Somalia, Fed. Rep.",SOM,8896000000,2404000000
2023,South Africa,ZAF,1.23686E+11,1.26844E+11
2023,South Sudan,SSD,..,..
2023,Spain,ESP,5.50316E+11,6.12434E+11
2023,Sri Lanka,LKA,19126705844,17320146785
2023,St. Kitts and Nevis,KNA,..,..
2023,St. Lucia,LCA,..,..
2023,St. Martin (French part),MAF,..,..
2023,St. Vincent and the Grenadines,VCT,..,..
2023,Sudan,SDN,544859101.1,442116378
2023,Suriname,SUR,..,..
2023,Sweden,SWE,3.03529E+11,3.19579E+11
2023,Switzerland,CHE,5.54426E+11,6.5591E+11
2023,Syrian Arab Republic,SYR,..,..
2023,Tajikistan,TJK,5931426227,2104997683
2023,Tanzania,TZA,16609619513,13589709116
2023,Thailand,THA,3.26979E+11,3.37633E+11
2023,Timor-Leste,TLS,1380581842,476747010.4
2023,Togo,TGO,..,..
2023,Tonga,TON,383530877.2,87157766.99
2023,Trinidad and Tobago,TTO,..,..
2023,Tunisia,TUN,28484270163,25567813965
2023,Turkiye,TUR,3.85393E+11,3.64212E+11
2023,Turkmenistan,TKM,5725230206,9924474193
2023,Turks and Caicos Islands,TCA,..,..
2023,Tuvalu,TUV,..,..
2023,Uganda,UGA,10602364862,5658032305
2023,Ukraine,UKR,89177561166,51286538170
2023,United Arab Emirates,ARE,4.81852E+11,5.58402E+11
2023,United Kingdom,GBR,1.1316E+12,1.09165E+12
2023,United States,USA,3.84981E+12,3.05247E+12
2023,Uruguay,URY,19319070768,21947089986
2023,Uzbekistan,UZB,42781543619,25070018775
2023,Vanuatu,VUT,..,..
2023,"Venezuela, RB",VEN,10265991383,18496292168
2023,Viet Nam,VNM,3.3993E+11,3.75146E+11
2023,Virgin Islands (U.S.),VIR,..,..
2023,West Bank and Gaza,PSE,11027800000,3167200000
2023,"Yemen, Rep.",YEM,..,..
2023,Zambia,ZMB,10312987263,11264526288
2023,Zimbabwe,ZWE,8312992658,6140199792
2023,Africa Eastern and Southern,AFE,3.46592E+11,3.08446E+11
2023,Africa Western and Central,AFW,..,..
2023,Arab World,ARB,1.44241E+12,1.69526E+12
2023,Caribbean small states,CSS,..,..
2023,Central Europe and the Baltics,CEB,1.35949E+12,1.42587E+12
2023,Early-demographic dividend,EAR,4.06922E+12,3.86338E+12
2023,East Asia & Pacific,EAS,8.5835E+12,9.30934E+12
2023,East Asia & Pacific (excluding high income),EAP,4.58156E+12,4.98614E+12
2023,East Asia & Pacific (IDA & IBRD countries),TEA,4.57307E+12,4.9796E+12
2023,Euro area,EMU,7.40944E+12,7.97804E+12
2023,Europe & Central Asia,ECS,1.20381E+13,1.28596E+13
2023,Europe & Central Asia (excluding high income),ECA,8.3057E+11,7.52602E+11
2023,Europe & Central Asia (IDA & IBRD countries),TEC,1.89364E+12,1.93365E+12
2023,European Union,EUU,8.97689E+12,9.65746E+12
2023,Fragile and conflict affected situations,FCS,4.98617E+11,4.46557E+11
2023,Heavily indebted poor countries (HIPC),HPC,3.27433E+11,2.42074E+11
2023,High income,HIC,2.12333E+13,2.19859E+13
2023,IBRD only,IBD,9.49131E+12,9.91203E+12
2023,IDA & IBRD total,IBT,1.02989E+13,1.05091E+13
2023,IDA blend,IDB,2.71436E+11,..
2023,IDA only,IDX,5.29343E+11,3.70583E+11
2023,IDA total,IDA,8.04254E+11,6.28534E+11
2023,Late-demographic dividend,LTE,7.57422E+12,8.54754E+12
2023,Latin America & Caribbean,LCN,1.76685E+12,1.74266E+12
2023,Latin America & Caribbean (excluding high income),LAC,1.47015E+12,1.42449E+12
2023,Latin America & the Caribbean (IDA & IBRD countries),TLA,1.67394E+12,1.65013E+12
2023,Least developed countries: UN classification,LDC,4.29512E+11,3.16184E+11
2023,Low & middle income,LMY,9.02533E+12,9.10079E+12
2023,Low income,LIC,1.64264E+11,1.04795E+11
2023,Lower middle income,LMC,2.27415E+12,2.03873E+12
2023,"Middle East, North Africa, Afghanistan & Pakistan",MEA,1.7773E+12,2.01677E+12
2023,"Middle East, North Africa, Afghanistan & Pakistan (excluding high income)",MNA,6.16877E+11,5.52025E+11
2023,"Middle East, North Africa, Afghanistan & Pakistan (IDA & IBRD)",TMN,6.05845E+11,5.48851E+11
2023,Middle income,MIC,8.86304E+12,9.00098E+12
2023,North America,NAC,4.57516E+12,3.78158E+12
2023,Not classified,INX,..,..
2023,OECD members,OED,1.86967E+13,1.86995E+13
2023,Other small states,OSS,1.50012E+11,1.53249E+11
2023,Pacific island small states,PSS,..,..
2023,Post-demographic dividend,PST,1.77996E+13,1.7781E+13
2023,Pre-demographic dividend,PRE,4.30529E+11,4.28947E+11
2023,Small states,SST,2.11572E+11,2.23109E+11
2023,South Asia,SAS,9.74532E+11,8.63914E+11
2023,South Asia (IDA & IBRD),TSA,9.74532E+11,8.63914E+11
2023,Sub-Saharan Africa,SSF,5.55897E+11,5.29578E+11
2023,Sub-Saharan Africa (excluding high income),SSA,5.35587E+11,5.17743E+11
2023,Sub-Saharan Africa (IDA & IBRD countries),TSS,5.55897E+11,5.29578E+11
2023,Upper middle income,UMC,6.59666E+12,7.00603E+12
2023,World,WLD,3.02869E+13,3.1118E+13
2024,Afghanistan,AFG,..,..
2024,Albania,ALB,11675880655,9813761314
2024,Algeria,DZA,54624467792,53466882957
2024,American Samoa,ASM,..,..
2024,Andorra,AND,..,..
2024,Angola,AGO,19552084465,31798017664
2024,Antigua and Barbuda,ATG,..,..
2024,Argentina,ARG,80944817978,97349127043
2024,Armenia,ARM,19840049652,19109663382
2024,Aruba,ABW,3257796508,3582826086
2024,Australia,AUS,3.95749E+11,4.32606E+11
2024,Austria,AUT,2.84228E+11,2.97762E+11
2024,Azerbaijan,AZE,27338823529,34112882353
2024,"Bahamas, The",BHS,6564100000,5982200000
2024,Bahrain,BHR,33044414894,41303457447
2024,Bangladesh,BGD,73445483484,47087839244
2024,Barbados,BRB,..,..
2024,Belarus,BLR,50783533445,49423786393
2024,Belgium,BEL,5.34805E+11,5.32216E+11
2024,Belize,BLZ,1721921750,1769154200
2024,Benin,BEN,4683140134,4047363784
2024,Bermuda,BMU,2137200000,4814800000
2024,Bhutan,BTN,..,..
2024,Bolivia,BOL,14018232750,11763846802
2024,Bosnia and Herzegovina,BIH,16075269921,12103908243
2024,Botswana,BWA,8480830491,5315056809
2024,Brazil,BRA,3.85709E+11,3.92105E+11
2024,British Virgin Islands,VGB,..,..
2024,Brunei Darussalam,BRN,8946253008,11393732326
2024,Bulgaria,BGR,61042597196,63891606678
2024,Burkina Faso,BFA,7387126426,6603895284
2024,Burundi,BDI,..,..
2024,Cabo Verde,CPV,1471907534,1158263032
2024,Cambodia,KHM,33412575812,33078910281
2024,Cameroon,CMR,9982430836,8353326094
2024,Canada,CAN,7.33807E+11,7.2792E+11
2024,Cayman Islands,CYM,..,..
2024,Central African Republic,CAF,864653558.5,412917514
2024,Chad,TCD,3531613266,5811653283
2024,Channel Islands,CHI,..,..
2024,Chile,CHL,99531074993,1.11377E+11
2024,China,CHN,3.21934E+12,3.75306E+12
2024,Colombia,COL,87642599037,67426785841
2024,Comoros,COM,496590153.1,142823532.4
2024,"Congo, Dem. Rep.",COD,36758285261,34597093711
2024,"Congo, Rep.",COG,6352207277,8296952539
2024,Costa Rica,CRI,31274194800,36740228685
2024,Cote d'Ivoire,CIV,21984235110,22673498101
2024,Croatia,HRV,50928383014,46623095274
2024,Cuba,CUB,..,..
2024,Curacao,CUW,..,..
2024,Cyprus,CYP,35144118889,36513113033
2024,Czechia,CZE,2.17302E+11,2.38996E+11
2024,Denmark,DNK,2.57954E+11,3.01421E+11
2024,Djibouti,DJI,4767585148,5248946382
2024,Dominica,DMA,..,..
2024,Dominican Republic,DOM,36061223105,28296491456
2024,Ecuador,ECU,33568458200,37750170800
2024,"Egypt, Arab Rep.",EGY,90357257459,63713393368
2024,El Salvador,SLV,18354040000,11585810000
2024,Equatorial Guinea,GNQ,3239596744,4488990305
2024,Eritrea,ERI,..,..
2024,Estonia,EST,32506629311,32636565839
2024,Eswatini,SWZ,2610423259,2611937419
2024,Ethiopia,ETH,17760943867,8294520633
2024,Faroe Islands,FRO,2074963893,2211130769
2024,Fiji,FJI,..,..
2024,Finland,FIN,1.24115E+11,1.25177E+11
2024,France,FRA,1.08145E+12,1.07107E+12
2024,French Polynesia,PYF,2918236639,1158591620
2024,Gabon,GAB,5739732546,13494077458
2024,"Gambia, The",GMB,803756504.8,210399924.4
2024,Georgia,GEO,19023475737,16347695471
2024,Germany,DEU,1.76444E+12,1.94143E+12
2024,Ghana,GHA,28244066026,29197465999
2024,Gibraltar,GIB,..,..
2024,Greece,GRC,1.22136E+11,1.07906E+11
2024,Greenland,GRL,..,..
2024,Grenada,GRD,..,..
2024,Guam,GUM,..,..
2024,Guatemala,GTM,35602767957,17990664478
2024,Guinea,GIN,14101095980,10351843899
2024,Guinea-Bissau,GNB,598062698.3,262820174.5
2024,Guyana,GUY,..,..
2024,Haiti,HTI,4754024349,857816740
2024,Honduras,HND,21351448804,12444557871
2024,"Hong Kong SAR, China",HKG,7.23059E+11,7.39642E+11
2024,Hungary,HUN,1.58386E+11,1.67913E+11
2024,Iceland,ISL,14471061048,14117485077
2024,India,IND,9.18334E+11,8.27405E+11
2024,Indonesia,IDN,2.84696E+11,3.09746E+11
2024,"Iran, Islamic Rep.",IRN,1.35498E+11,1.11929E+11
2024,Iraq,IRQ,92844392288,1.04886E+11
2024,Ireland,IRL,6.22469E+11,8.77093E+11
2024,Isle of Man,IMN,..,..
2024,Israel,ISR,1.40592E+11,1.53656E+11
2024,Italy,ITA,7.21836E+11,7.73888E+11
2024,Jamaica,JAM,..,..
2024,Japan,JPN,9.52042E+11,9.17044E+11
2024,Jordan,JOR,30446760563,22734507042
2024,Kazakhstan,KAZ,74543688674,92070351467
2024,Kenya,KEN,27822985577,20536686007
2024,Kiribati,KIR,..,..
2024,"Korea, Dem. People's Rep.",PRK,..,..
2024,"Korea, Rep.",KOR,7.55486E+11,8.31889E+11
2024,Kosovo,XKX,8066641704,4674665916
2024,Kuwait,KWT,..,..
2024,Kyrgyz Republic,KGZ,14718020577,7593078868
2024,Lao PDR,LAO,..,..
2024,Latvia,LVA,29237162725,28540727743
2024,Lebanon,LBN,..,..
2024,Lesotho,LSO,..,..
2024,Liberia,LBR,..,..
2024,Libya,LBY,27562617338,34896676633
2024,Liechtenstein,LIE,..,..
2024,Lithuania,LTU,58504093078,62899954052
2024,Luxembourg,LUX,1.49001E+11,1.78662E+11
2024,"Macao SAR, China",MAC,24679130369,45603671397
2024,Madagascar,MDG,5525278015,4052441956
2024,Malawi,MWI,..,..
2024,Malaysia,MYS,2.78761E+11,3.01221E+11
2024,Maldives,MDV,5526396213,5523181581
2024,Mali,MLI,7323175198,6046342987
2024,Malta,MLT,24892773004,29587849038
2024,Marshall Islands,MHL,237149025,122031784.1
2024,Mauritania,MRT,5692691361,4517112387
2024,Mauritius,MUS,11697830481,10025062117
2024,Mexico,MEX,7.03294E+11,6.81349E+11
2024,"Micronesia, Fed. Sts.",FSM,337000000,127000000
2024,Moldova,MDA,10420162581,5717372649
2024,Monaco,MCO,..,..
2024,Mongolia,MNG,16592364970,16350790018
2024,Montenegro,MNE,5474504715,3617891054
2024,Morocco,MAR,80608604200,67454245753
2024,Mozambique,MOZ,12015027433,9743034216
2024,Myanmar,MMR,..,..
2024,Namibia,NAM,9091147388,5568765591
2024,Nauru,NRU,179699761.8,89948220.77
2024,Nepal,NPL,14122194838,3270882001
2024,Netherlands,NLD,8.67462E+11,1.00147E+12
2024,New Caledonia,NCL,2451338024,999771629.4
2024,New Zealand,NZL,68735355084,64536380922
2024,Nicaragua,NIC,11434873062,7968788635
2024,Niger,NER,4502353239,5430937501
2024,Nigeria,NGA,..,..
2024,North Macedonia,MKD,12653697200,10455662631
2024,Northern Mariana Islands,MNP,..,..
2024,Norway,NOR,1.63802E+11,2.29666E+11
2024,Oman,OMN,52261638492,70788296489
2024,Pakistan,PAK,63865509443,38607805446
2024,Palau,PLW,..,..
2024,Panama,PAN,34017704881,38380161274
2024,Papua New Guinea,PNG,..,..
2024,Paraguay,PRY,17618518949,16539167593
2024,Peru,PER,66342594208,82536982274
2024,Philippines,PHL,1.85164E+11,1.18975E+11
2024,Poland,POL,4.42177E+11,4.78889E+11
2024,Portugal,PRT,1.37603E+11,1.4339E+11
2024,Puerto Rico (US),PRI,53872000000,65380300000
2024,Qatar,QAT,..,..
2024,Romania,ROU,1.59192E+11,1.36204E+11
2024,Russian Federation,RUS,3.82412E+11,4.76431E+11
2024,Rwanda,RWA,5577000115,4392652634
2024,Samoa,WSM,574545148.8,360459829.4
2024,San Marino,SMR,..,..
2024,Sao Tome and Principe,STP,..,..
2024,Saudi Arabia,SAU,3.17012E+11,3.60897E+11
2024,Senegal,SEN,14254913873,8100664780
2024,Serbia,SRB,52383977874,48277776722
2024,Seychelles,SYC,2236609631,1845801876
2024,Sierra Leone,SLE,1622864248,1203610314
2024,Singapore,SGP,7.86021E+11,9.78598E+11
2024,Sint Maarten (Dutch part),SXM,..,..
2024,Slovak Republic,SVK,1.20822E+11,1.20475E+11
2024,Slovenia,SVN,54539677618,59047049757
2024,Solomon Islands,SLB,1121200954,642590820.2
2024,"Somalia, Fed. Rep.",SOM,11861000000,3735000000
2024,South Africa,ZAF,1.19761E+11,1.27532E+11
2024,South Sudan,SSD,..,..
2024,Spain,ESP,5.67649E+11,6.39463E+11
2024,Sri Lanka,LKA,22277780976,19680136462
2024,St. Kitts and Nevis,KNA,..,..
2024,St. Lucia,LCA,..,..
2024,St. Martin (French part),MAF,..,..
2024,St. Vincent and the Grenadines,VCT,..,..
2024,Sudan,SDN,633066205.9,358103583.8
2024,Suriname,SUR,..,..
2024,Sweden,SWE,3.11357E+11,3.27875E+11
2024,Switzerland,CHE,5.80072E+11,6.75815E+11
2024,Syrian Arab Republic,SYR,..,..
2024,Tajikistan,TJK,..,..
2024,Tanzania,TZA,17095546885,15635226304
2024,Thailand,THA,3.51173E+11,3.68824E+11
2024,Timor-Leste,TLS,1583732768,196962615.5
2024,Togo,TGO,..,..
2024,Tonga,TON,..,..
2024,Trinidad and Tobago,TTO,..,..
2024,Tunisia,TUN,28898464568,25667010359
2024,Turkiye,TUR,3.67379E+11,3.74686E+11
2024,Turkmenistan,TKM,5735835361,9030077768
2024,Turks and Caicos Islands,TCA,..,..
2024,Tuvalu,TUV,..,..
2024,Uganda,UGA,13960593896,9034338030
2024,Ukraine,UKR,92209661950,56097413427
2024,United Arab Emirates,ARE,..,..
2024,United Kingdom,GBR,1.17422E+12,1.14209E+12
2024,United States,USA,4.1031E+12,3.1935E+12
2024,Uruguay,URY,19191233873,23285155540
2024,Uzbekistan,UZB,43642721046,26172759004
2024,Vanuatu,VUT,..,..
2024,"Venezuela, RB",VEN,11047411084,20198598348
2024,Viet Nam,VNM,3.98774E+11,4.29484E+11
2024,Virgin Islands (U.S.),VIR,..,..
2024,West Bank and Gaza,PSE,8264200000,2884800000
2024,"Yemen, Rep.",YEM,..,..
2024,Zambia,ZMB,6971790366,8851528098
2024,Zimbabwe,ZWE,9735878259,7497382687
2024,Africa Eastern and Southern,AFE,3.53911E+11,3.19825E+11
2024,Africa Western and Central,AFW,..,..
2024,Arab World,ARB,..,..
2024,Caribbean small states,CSS,..,..
2024,Central Europe and the Baltics,CEB,1.38464E+12,1.43612E+12
2024,Early-demographic dividend,EAR,4.22279E+12,3.97858E+12
2024,East Asia & Pacific,EAS,8.95781E+12,9.91397E+12
2024,East Asia & Pacific (excluding high income),EAP,4.83543E+12,5.38463E+12
2024,East Asia & Pacific (IDA & IBRD countries),TEA,4.82649E+12,5.37762E+12
2024,Euro area,EMU,7.38377E+12,8.10585E+12
2024,Europe & Central Asia,ECS,1.21364E+13,1.3129E+13
2024,Europe & Central Asia (excluding high income),ECA,8.37949E+11,7.81491E+11
2024,Europe & Central Asia (IDA & IBRD countries),TEC,1.93377E+12,1.9835E+12
2024,European Union,EUU,8.99118E+12,9.82104E+12
2024,Fragile and conflict affected situations,FCS,5.27271E+11,4.61051E+11
2024,Heavily indebted poor countries (HIPC),HPC,3.42796E+11,2.6429E+11
2024,High income,HIC,2.17553E+13,2.26165E+13
2024,IBRD only,IBD,9.95682E+12,1.04583E+13
2024,IDA & IBRD total,IBT,1.08019E+13,1.10938E+13
2024,IDA blend,IDB,2.84575E+11,..
2024,IDA only,IDX,5.5295E+11,3.90592E+11
2024,IDA total,IDA,8.41007E+11,6.70944E+11
2024,Late-demographic dividend,LTE,7.97788E+12,9.14484E+12
2024,Latin America & Caribbean,LCN,1.84321E+12,1.82416E+12
2024,Latin America & Caribbean (excluding high income),LAC,1.54695E+12,1.48783E+12
2024,Latin America & the Caribbean (IDA & IBRD countries),TLA,1.75127E+12,1.72825E+12
2024,Least developed countries: UN classification,LDC,4.40956E+11,3.22195E+11
2024,Low & middle income,LMY,9.49407E+12,9.65122E+12
2024,Low income,LIC,1.83883E+11,1.21766E+11
2024,Lower middle income,LMC,2.43531E+12,2.16021E+12
2024,"Middle East, North Africa, Afghanistan & Pakistan",MEA,1.9057E+12,..
2024,"Middle East, North Africa, Afghanistan & Pakistan (excluding high income)",MNA,6.68222E+11,5.40538E+11
2024,"Middle East, North Africa, Afghanistan & Pakistan (IDA & IBRD)",TMN,6.60004E+11,5.37646E+11
2024,Middle income,MIC,9.3148E+12,9.53683E+12
2024,North America,NAC,4.83904E+12,3.92624E+12
2024,Not classified,INX,..,..
2024,OECD members,OED,1.90312E+13,1.91626E+13
2024,Other small states,OSS,1.57134E+11,1.59646E+11
2024,Pacific island small states,PSS,..,..
2024,Post-demographic dividend,PST,1.81848E+13,1.82214E+13
2024,Pre-demographic dividend,PRE,4.62815E+11,4.50053E+11
2024,Small states,SST,2.22373E+11,2.3274E+11
2024,South Asia,SAS,1.03531E+12,9.04021E+11
2024,South Asia (IDA & IBRD),TSA,1.03531E+12,9.04021E+11
2024,Sub-Saharan Africa,SSF,5.7043E+11,5.60269E+11
2024,Sub-Saharan Africa (excluding high income),SSA,5.51633E+11,5.49328E+11
2024,Sub-Saharan Africa (IDA & IBRD countries),TSS,5.7043E+11,5.60269E+11
2024,Upper middle income,UMC,6.89032E+12,7.42302E+12
2024,World,WLD,3.12787E+13,3.23044E+13
2025,Afghanistan,AFG,..,..
2025,Albania,ALB,..,..
2025,Algeria,DZA,..,..
2025,American Samoa,ASM,..,..
2025,Andorra,AND,..,..
2025,Angola,AGO,..,..
2025,Antigua and Barbuda,ATG,..,..
2025,Argentina,ARG,..,..
2025,Armenia,ARM,..,..
2025,Aruba,ABW,..,..
2025,Australia,AUS,..,..
2025,Austria,AUT,..,..
2025,Azerbaijan,AZE,..,..
2025,"Bahamas, The",BHS,..,..
2025,Bahrain,BHR,..,..
2025,Bangladesh,BGD,..,..
2025,Barbados,BRB,..,..
2025,Belarus,BLR,..,..
2025,Belgium,BEL,..,..
2025,Belize,BLZ,..,..
2025,Benin,BEN,..,..
2025,Bermuda,BMU,..,..
2025,Bhutan,BTN,..,..
2025,Bolivia,BOL,..,..
2025,Bosnia and Herzegovina,BIH,..,..
2025,Botswana,BWA,..,..
2025,Brazil,BRA,..,..
2025,British Virgin Islands,VGB,..,..
2025,Brunei Darussalam,BRN,..,..
2025,Bulgaria,BGR,..,..
2025,Burkina Faso,BFA,..,..
2025,Burundi,BDI,..,..
2025,Cabo Verde,CPV,..,..
2025,Cambodia,KHM,..,..
2025,Cameroon,CMR,..,..
2025,Canada,CAN,..,..
2025,Cayman Islands,CYM,..,..
2025,Central African Republic,CAF,..,..
2025,Chad,TCD,..,..
2025,Channel Islands,CHI,..,..
2025,Chile,CHL,..,..
2025,China,CHN,..,..
2025,Colombia,COL,..,..
2025,Comoros,COM,..,..
2025,"Congo, Dem. Rep.",COD,..,..
2025,"Congo, Rep.",COG,..,..
2025,Costa Rica,CRI,..,..
2025,Cote d'Ivoire,CIV,..,..
2025,Croatia,HRV,..,..
2025,Cuba,CUB,..,..
2025,Curacao,CUW,..,..
2025,Cyprus,CYP,..,..
2025,Czechia,CZE,..,..
2025,Denmark,DNK,..,..
2025,Djibouti,DJI,..,..
2025,Dominica,DMA,..,..
2025,Dominican Republic,DOM,..,..
2025,Ecuador,ECU,..,..
2025,"Egypt, Arab Rep.",EGY,..,..
2025,El Salvador,SLV,..,..
2025,Equatorial Guinea,GNQ,..,..
2025,Eritrea,ERI,..,..
2025,Estonia,EST,..,..
2025,Eswatini,SWZ,..,..
2025,Ethiopia,ETH,..,..
2025,Faroe Islands,FRO,..,..
2025,Fiji,FJI,..,..
2025,Finland,FIN,..,..
2025,France,FRA,..,..
2025,French Polynesia,PYF,..,..
2025,Gabon,GAB,..,..
2025,"Gambia, The",GMB,..,..
2025,Georgia,GEO,..,..
2025,Germany,DEU,..,..
2025,Ghana,GHA,..,..
2025,Gibraltar,GIB,..,..
2025,Greece,GRC,..,..
2025,Greenland,GRL,..,..
2025,Grenada,GRD,..,..
2025,Guam,GUM,..,..
2025,Guatemala,GTM,..,..
2025,Guinea,GIN,..,..
2025,Guinea-Bissau,GNB,..,..
2025,Guyana,GUY,..,..
2025,Haiti,HTI,..,..
2025,Honduras,HND,..,..
2025,"Hong Kong SAR, China",HKG,..,..
2025,Hungary,HUN,..,..
2025,Iceland,ISL,..,..
2025,India,IND,..,..
2025,Indonesia,IDN,..,..
2025,"Iran, Islamic Rep.",IRN,..,..
2025,Iraq,IRQ,..,..
2025,Ireland,IRL,..,..
2025,Isle of Man,IMN,..,..
2025,Israel,ISR,..,..
2025,Italy,ITA,..,..
2025,Jamaica,JAM,..,..
2025,Japan,JPN,..,..
2025,Jordan,JOR,..,..
2025,Kazakhstan,KAZ,..,..
2025,Kenya,KEN,..,..
2025,Kiribati,KIR,..,..
2025,"Korea, Dem. People's Rep.",PRK,..,..
2025,"Korea, Rep.",KOR,..,..
2025,Kosovo,XKX,..,..
2025,Kuwait,KWT,..,..
2025,Kyrgyz Republic,KGZ,..,..
2025,Lao PDR,LAO,..,..
2025,Latvia,LVA,..,..
2025,Lebanon,LBN,..,..
2025,Lesotho,LSO,..,..
2025,Liberia,LBR,..,..
2025,Libya,LBY,..,..
2025,Liechtenstein,LIE,..,..
2025,Lithuania,LTU,..,..
2025,Luxembourg,LUX,..,..
2025,"Macao SAR, China",MAC,..,..
2025,Madagascar,MDG,..,..
2025,Malawi,MWI,..,..
2025,Malaysia,MYS,..,..
2025,Maldives,MDV,..,..
2025,Mali,MLI,..,..
2025,Malta,MLT,..,..
2025,Marshall Islands,MHL,..,..
2025,Mauritania,MRT,..,..
2025,Mauritius,MUS,..,..
2025,Mexico,MEX,..,..
2025,"Micronesia, Fed. Sts.",FSM,..,..
2025,Moldova,MDA,..,..
2025,Monaco,MCO,..,..
2025,Mongolia,MNG,..,..
2025,Montenegro,MNE,..,..
2025,Morocco,MAR,..,..
2025,Mozambique,MOZ,..,..
2025,Myanmar,MMR,..,..
2025,Namibia,NAM,..,..
2025,Nauru,NRU,..,..
2025,Nepal,NPL,..,..
2025,Netherlands,NLD,..,..
2025,New Caledonia,NCL,..,..
2025,New Zealand,NZL,..,..
2025,Nicaragua,NIC,..,..
2025,Niger,NER,..,..
2025,Nigeria,NGA,..,..
2025,North Macedonia,MKD,..,..
2025,Northern Mariana Islands,MNP,..,..
2025,Norway,NOR,..,..
2025,Oman,OMN,..,..
2025,Pakistan,PAK,..,..
2025,Palau,PLW,..,..
2025,Panama,PAN,..,..
2025,Papua New Guinea,PNG,..,..
2025,Paraguay,PRY,..,..
2025,Peru,PER,..,..
2025,Philippines,PHL,..,..
2025,Poland,POL,..,..
2025,Portugal,PRT,..,..
2025,Puerto Rico (US),PRI,..,..
2025,Qatar,QAT,..,..
2025,Romania,ROU,..,..
2025,Russian Federation,RUS,..,..
2025,Rwanda,RWA,..,..
2025,Samoa,WSM,..,..
2025,San Marino,SMR,..,..
2025,Sao Tome and Principe,STP,..,..
2025,Saudi Arabia,SAU,..,..
2025,Senegal,SEN,..,..
2025,Serbia,SRB,..,..
2025,Seychelles,SYC,..,..
2025,Sierra Leone,SLE,..,..
2025,Singapore,SGP,..,..
2025,Sint Maarten (Dutch part),SXM,..,..
2025,Slovak Republic,SVK,..,..
2025,Slovenia,SVN,..,..
2025,Solomon Islands,SLB,..,..
2025,"Somalia, Fed. Rep.",SOM,..,..
2025,South Africa,ZAF,..,..
2025,South Sudan,SSD,..,..
2025,Spain,ESP,..,..
2025,Sri Lanka,LKA,..,..
2025,St. Kitts and Nevis,KNA,..,..
2025,St. Lucia,LCA,..,..
2025,St. Martin (French part),MAF,..,..
2025,St. Vincent and the Grenadines,VCT,..,..
2025,Sudan,SDN,..,..
2025,Suriname,SUR,..,..
2025,Sweden,SWE,..,..
2025,Switzerland,CHE,..,..
2025,Syrian Arab Republic,SYR,..,..
2025,Tajikistan,TJK,..,..
2025,Tanzania,TZA,..,..
2025,Thailand,THA,..,..
2025,Timor-Leste,TLS,..,..
2025,Togo,TGO,..,..
2025,Tonga,TON,..,..
2025,Trinidad and Tobago,TTO,..,..
2025,Tunisia,TUN,..,..
2025,Turkiye,TUR,..,..
2025,Turkmenistan,TKM,..,..
2025,Turks and Caicos Islands,TCA,..,..
2025,Tuvalu,TUV,..,..
2025,Uganda,UGA,..,..
2025,Ukraine,UKR,..,..
2025,United Arab Emirates,ARE,..,..
2025,United Kingdom,GBR,..,..
2025,United States,USA,..,..
2025,Uruguay,URY,..,..
2025,Uzbekistan,UZB,..,..
2025,Vanuatu,VUT,..,..
2025,"Venezuela, RB",VEN,..,..
2025,Viet Nam,VNM,..,..
2025,Virgin Islands (U.S.),VIR,..,..
2025,West Bank and Gaza,PSE,..,..
2025,"Yemen, Rep.",YEM,..,..
2025,Zambia,ZMB,..,..
2025,Zimbabwe,ZWE,..,..
2025,Africa Eastern and Southern,AFE,..,..
2025,Africa Western and Central,AFW,..,..
2025,Arab World,ARB,..,..
2025,Caribbean small states,CSS,..,..
2025,Central Europe and the Baltics,CEB,..,..
2025,Early-demographic dividend,EAR,..,..
2025,East Asia & Pacific,EAS,..,..
2025,East Asia & Pacific (excluding high income),EAP,..,..
2025,East Asia & Pacific (IDA & IBRD countries),TEA,..,..
2025,Euro area,EMU,..,..
2025,Europe & Central Asia,ECS,..,..
2025,Europe & Central Asia (excluding high income),ECA,..,..
2025,Europe & Central Asia (IDA & IBRD countries),TEC,..,..
2025,European Union,EUU,..,..
2025,Fragile and conflict affected situations,FCS,..,..
2025,Heavily indebted poor countries (HIPC),HPC,..,..
2025,High income,HIC,..,..
2025,IBRD only,IBD,..,..
2025,IDA & IBRD total,IBT,..,..
2025,IDA blend,IDB,..,..
2025,IDA only,IDX,..,..
2025,IDA total,IDA,..,..
2025,Late-demographic dividend,LTE,..,..
2025,Latin America & Caribbean,LCN,..,..
2025,Latin America & Caribbean (excluding high income),LAC,..,..
2025,Latin America & the Caribbean (IDA & IBRD countries),TLA,..,..
2025,Least developed countries: UN classification,LDC,..,..
2025,Low & middle income,LMY,..,..
2025,Low income,LIC,..,..
2025,Lower middle income,LMC,..,..
2025,"Middle East, North Africa, Afghanistan & Pakistan",MEA,..,..
2025,"Middle East, North Africa, Afghanistan & Pakistan (excluding high income)",MNA,..,..
2025,"Middle East, North Africa, Afghanistan & Pakistan (IDA & IBRD)",TMN,..,..
2025,Middle income,MIC,..,..
2025,North America,NAC,..,..
2025,Not classified,INX,..,..
2025,OECD members,OED,..,..
2025,Other small states,OSS,..,..
2025,Pacific island small states,PSS,..,..
2025,Post-demographic dividend,PST,..,..
2025,Pre-demographic dividend,PRE,..,..
2025,Small states,SST,..,..
2025,South Asia,SAS,..,..
2025,South Asia (IDA & IBRD),TSA,..,..
2025,Sub-Saharan Africa,SSF,..,..
2025,Sub-Saharan Africa (excluding high income),SSA,..,..
2025,Sub-Saharan Africa (IDA & IBRD countries),TSS,..,..
2025,Upper middle income,UMC,..,..
2025,World,WLD,..,..