country,year,s_Australia,s_Canada,s_EU,s_India,s_Japan,s_Russia,s_Switzerland,s_United Kingdom,s_United States,descr_trade,sanction
Afghanistan,1950,0,0,0,0,0,0,0,0,0,,0
Afghanistan,1951,0,0,0,0,0,0,0,0,0,,0
Afghanistan,1952,0,0,0,0,0,0,0,0,0,,0
Afghanistan,1953,0,0,0,0,0,0,0,0,0,,0
Afghanistan,1954,0,0,0,0,0,0,0,0,0,,0
Afghanistan,1955,0,0,0,0,0,0,0,0,0,,0
Afghanistan,1956,0,0,0,0,0,0,0,0,0,,0
Afghanistan,1957,0,0,0,0,0,0,0,0,0,,0
Afghanistan,1958,0,0,0,0,0,0,0,0,0,,0
Afghanistan,1959,0,0,0,0,0,0,0,0,0,,0
Afghanistan,1960,0,0,0,0,0,0,0,0,0,,0
Afghanistan,1961,0,0,0,0,0,0,0,0,0,,0
Afghanistan,1962,0,0,0,0,0,0,0,0,0,,0
Afghanistan,1963,0,0,0,0,0,0,0,0,0,,0
Afghanistan,1964,0,0,0,0,0,0,0,0,0,,0
Afghanistan,1965,0,0,0,0,0,0,0,0,0,,0
Afghanistan,1966,0,0,0,0,0,0,0,0,0,,0
Afghanistan,1967,0,0,0,0,0,0,0,0,0,,0
Afghanistan,1968,0,0,0,0,0,0,0,0,0,,0
Afghanistan,1969,0,0,0,0,0,0,0,0,0,,0
Afghanistan,1970,0,0,0,0,0,0,0,0,0,,0
Afghanistan,1971,0,0,0,0,0,0,0,0,0,,0
Afghanistan,1972,0,0,0,0,0,0,0,0,0,,0
Afghanistan,1973,0,0,0,0,0,0,0,0,0,,0
Afghanistan,1974,0,0,0,0,0,0,0,0,0,,0
Afghanistan,1975,0,0,0,0,0,0,0,0,0,,0
Afghanistan,1976,0,0,0,0,0,0,0,0,0,,0
Afghanistan,1977,0,0,0,0,0,0,0,0,0,,0
Afghanistan,1978,0,0,0,0,0,0,0,0,0,,0
Afghanistan,1979,0,0,0,0,0,0,0,0,0,,0
Afghanistan,1980,0,0,0,0,0,0,0,0,0,,0
Afghanistan,1981,0,0,0,0,0,0,0,0,0,,0
Afghanistan,1982,0,0,0,0,0,0,0,0,0,,0
Afghanistan,1983,0,0,0,0,0,0,0,0,0,,0
Afghanistan,1984,0,0,0,0,0,0,0,0,0,,0
Afghanistan,1985,0,0,0,0,0,0,0,0,0,,0
Afghanistan,1986,0,0,0,0,0,0,0,0,0,,0
Afghanistan,1987,0,0,0,0,0,0,0,0,0,,0
Afghanistan,1988,0,0,0,0,0,0,0,0,0,,0
Afghanistan,1989,0,0,0,0,0,0,0,0,0,,0
Afghanistan,1990,0,0,0,0,0,0,0,0,0,,0
Afghanistan,1991,0,0,0,0,0,0,0,0,0,,0
Afghanistan,1992,0,0,0,0,0,0,0,0,0,,0
Afghanistan,1993,0,0,0,0,0,0,0,0,0,,0
Afghanistan,1994,0,0,0,0,0,0,0,0,0,,0
Afghanistan,1995,0,0,0,0,0,0,0,0,0,,0
Afghanistan,1996,0,0,0,0,0,0,0,0,0,,0
Afghanistan,1997,0,0,0,0,0,0,0,0,0,,0
Afghanistan,1998,0,0,0,0,0,0,0,0,0,,0
Afghanistan,1999,0,0,0,0,0,0,0,0,1,"exp_part, imp_part",1
Afghanistan,2000,0,0,0,0,0,0,0,0,1,"exp_part, imp_part",1
Afghanistan,2001,0,0,1,0,0,0,1,0,1,"exp_part; exp_part, imp_part",1
Afghanistan,2002,0,0,1,0,0,0,1,0,1,"exp_part; exp_part, imp_part",1
Afghanistan,2003,0,0,0,0,0,0,0,0,0,,0
Afghanistan,2004,0,0,0,0,0,0,0,0,0,,0
Afghanistan,2005,0,0,0,0,0,0,0,0,0,,0
Afghanistan,2006,0,0,0,0,0,0,0,0,0,,0
Afghanistan,2007,0,0,0,0,0,0,0,0,0,,0
Afghanistan,2008,0,0,0,0,0,0,0,0,0,,0
Afghanistan,2009,0,0,0,0,0,0,0,0,0,,0
Afghanistan,2010,0,0,0,0,0,0,0,0,0,,0
Afghanistan,2011,0,0,0,0,0,0,0,0,0,,0
Afghanistan,2012,0,0,0,0,0,0,0,0,0,,0
Afghanistan,2013,0,0,0,0,0,0,0,0,0,,0
Afghanistan,2014,0,0,0,0,0,0,0,0,0,,0
Afghanistan,2015,0,0,0,0,0,0,0,0,0,,0
Afghanistan,2016,0,0,0,0,0,0,0,0,0,,0
Afghanistan,2017,0,0,0,0,0,0,0,0,0,,0
Afghanistan,2018,0,0,0,0,0,0,0,0,0,,0
Afghanistan,2019,0,0,0,0,0,0,0,0,0,,0
Afghanistan,2020,0,0,0,0,0,0,0,0,0,,0
Afghanistan,2021,0,0,0,0,0,0,0,0,0,,0
Afghanistan,2022,0,0,0,0,0,0,0,0,0,,0
Albania,1950,0,0,0,0,0,0,0,0,0,,0
Albania,1951,0,0,0,0,0,0,0,0,0,,0
Albania,1952,0,0,0,0,0,0,0,0,0,,0
Albania,1953,0,0,0,0,0,0,0,0,0,,0
Albania,1954,0,0,0,0,0,0,0,0,0,,0
Albania,1955,0,0,0,0,0,0,0,0,0,,0
Albania,1956,0,0,0,0,0,0,0,0,0,,0
Albania,1957,0,0,0,0,0,0,0,0,0,,0
Albania,1958,0,0,0,0,0,0,0,0,0,,0
Albania,1959,0,0,0,0,0,0,0,0,0,,0
Albania,1960,0,0,0,0,0,0,0,0,0,,0
Albania,1961,0,0,0,0,0,0,0,0,0,,0
Albania,1962,0,0,0,0,0,0,0,0,0,,0
Albania,1963,0,0,0,0,0,0,0,0,0,,0
Albania,1964,0,0,0,0,0,0,0,0,0,,0
Albania,1965,0,0,0,0,0,0,0,0,0,,0
Albania,1966,0,0,0,0,0,0,0,0,0,,0
Albania,1967,0,0,0,0,0,0,0,0,0,,0
Albania,1968,0,0,0,0,0,0,0,0,0,,0
Albania,1969,0,0,0,0,0,0,0,0,0,,0
Albania,1970,0,0,0,0,0,0,0,0,0,,0
Albania,1971,0,0,0,0,0,0,0,0,0,,0
Albania,1972,0,0,0,0,0,0,0,0,0,,0
Albania,1973,0,0,0,0,0,0,0,0,0,,0
Albania,1974,0,0,0,0,0,0,0,0,0,,0
Albania,1975,0,0,0,0,0,0,0,0,0,,0
Albania,1976,0,0,0,0,0,0,0,0,0,,0
Albania,1977,0,0,0,0,0,0,0,0,0,,0
Albania,1978,0,0,0,0,0,0,0,0,0,,0
Albania,1979,0,0,0,0,0,0,0,0,0,,0
Albania,1980,0,0,0,0,0,0,0,0,0,,0
Albania,1981,0,0,0,0,0,0,0,0,0,,0
Albania,1982,0,0,0,0,0,0,0,0,0,,0
Albania,1983,0,0,0,0,0,0,0,0,0,,0
Albania,1984,0,0,0,0,0,0,0,0,0,,0
Albania,1985,0,0,0,0,0,0,0,0,0,,0
Albania,1986,0,0,0,0,0,0,0,0,0,,0
Albania,1987,0,0,0,0,0,0,0,0,0,,0
Albania,1988,0,0,0,0,0,0,0,0,0,,0
Albania,1989,0,0,0,0,0,0,0,0,0,,0
Albania,1990,0,0,0,0,0,0,0,0,0,,0
Albania,1991,0,0,0,0,0,0,0,0,0,,0
Albania,1992,0,0,0,0,0,0,0,0,0,,0
Albania,1993,0,0,0,0,0,0,0,0,0,,0
Albania,1994,0,0,0,0,0,0,0,0,0,,0
Albania,1995,0,0,0,0,0,0,0,0,0,,0
Albania,1996,0,0,0,0,0,0,0,0,0,,0
Albania,1997,0,0,0,0,0,0,0,0,0,,0
Albania,1998,0,0,0,0,0,0,0,0,0,,0
Albania,1999,0,0,0,0,0,0,0,0,0,,0
Albania,2000,0,0,0,0,0,0,0,0,0,,0
Albania,2001,0,0,0,0,0,0,0,0,0,,0
Albania,2002,0,0,0,0,0,0,0,0,0,,0
Albania,2003,0,0,0,0,0,0,0,0,0,,0
Albania,2004,0,0,0,0,0,0,0,0,0,,0
Albania,2005,0,0,0,0,0,0,0,0,0,,0
Albania,2006,0,0,0,0,0,0,0,0,0,,0
Albania,2007,0,0,0,0,0,0,0,0,0,,0
Albania,2008,0,0,0,0,0,0,0,0,0,,0
Albania,2009,0,0,0,0,0,0,0,0,0,,0
Albania,2010,0,0,0,0,0,0,0,0,0,,0
Albania,2011,0,0,0,0,0,0,0,0,0,,0
Albania,2012,0,0,0,0,0,0,0,0,0,,0
Albania,2013,0,0,0,0,0,0,0,0,0,,0
Albania,2014,0,0,0,0,0,0,0,0,0,,0
Albania,2015,0,0,0,0,0,1,0,0,0,imp_part,1
Albania,2016,0,0,0,0,0,1,0,0,0,imp_part,1
Albania,2017,0,0,0,0,0,1,0,0,0,imp_part,1
Albania,2018,0,0,0,0,0,1,0,0,0,imp_part,1
Albania,2019,0,0,0,0,0,1,0,0,0,imp_part,1
Albania,2020,0,0,0,0,0,1,0,0,0,imp_part,1
Albania,2021,0,0,0,0,0,1,0,0,0,imp_part,1
Albania,2022,0,0,0,0,0,1,0,0,0,imp_part,1
Algeria,1950,0,0,0,0,0,0,0,0,0,,0
Algeria,1951,0,0,0,0,0,0,0,0,0,,0
Algeria,1952,0,0,0,0,0,0,0,0,0,,0
Algeria,1953,0,0,0,0,0,0,0,0,0,,0
Algeria,1954,0,0,0,0,0,0,0,0,0,,0
Algeria,1955,0,0,0,0,0,0,0,0,0,,0
Algeria,1956,0,0,0,0,0,0,0,0,0,,0
Algeria,1957,0,0,0,0,0,0,0,0,0,,0
Algeria,1958,0,0,0,0,0,0,0,0,0,,0
Algeria,1959,0,0,0,0,0,0,0,0,0,,0
Algeria,1960,0,0,0,0,0,0,0,0,0,,0
Algeria,1961,0,0,0,0,0,0,0,0,0,,0
Algeria,1962,0,0,0,0,0,0,0,0,0,,0
Algeria,1963,0,0,0,0,0,0,0,0,0,,0
Algeria,1964,0,0,0,0,0,0,0,0,0,,0
Algeria,1965,0,0,0,0,0,0,0,0,0,,0
Algeria,1966,0,0,0,0,0,0,0,0,0,,0
Algeria,1967,0,0,0,0,0,0,0,0,0,,0
Algeria,1968,0,0,0,0,0,0,0,0,0,,0
Algeria,1969,0,0,0,0,0,0,0,0,0,,0
Algeria,1970,0,0,0,0,0,0,0,0,0,,0
Algeria,1971,0,0,0,0,0,0,0,0,0,,0
Algeria,1972,0,0,0,0,0,0,0,0,0,,0
Algeria,1973,0,0,0,0,0,0,0,0,0,,0
Algeria,1974,0,0,0,0,0,0,0,0,0,,0
Algeria,1975,0,0,0,0,0,0,0,0,0,,0
Algeria,1976,0,0,0,0,0,0,0,0,0,,0
Algeria,1977,0,0,0,0,0,0,0,0,0,,0
Algeria,1978,0,0,0,0,0,0,0,0,0,,0
Algeria,1979,0,0,0,0,0,0,0,0,0,,0
Algeria,1980,0,0,0,0,0,0,0,0,0,,0
Algeria,1981,0,0,0,0,0,0,0,0,0,,0
Algeria,1982,0,0,0,0,0,0,0,0,0,,0
Algeria,1983,0,0,0,0,0,0,0,0,0,,0
Algeria,1984,0,0,0,0,0,0,0,0,0,,0
Algeria,1985,0,0,0,0,0,0,0,0,0,,0
Algeria,1986,0,0,0,0,0,0,0,0,0,,0
Algeria,1987,0,0,0,0,0,0,0,0,0,,0
Algeria,1988,0,0,0,0,0,0,0,0,0,,0
Algeria,1989,0,0,0,0,0,0,0,0,0,,0
Algeria,1990,0,0,0,0,0,0,0,0,0,,0
Algeria,1991,0,0,0,0,0,0,0,0,0,,0
Algeria,1992,0,0,1,0,0,0,0,0,0,exp_part,1
Algeria,1993,0,0,1,0,0,0,0,0,0,exp_part,1
Algeria,1994,0,0,1,0,0,0,0,0,0,exp_part,1
Algeria,1995,0,0,0,0,0,0,0,0,0,,0
Algeria,1996,0,0,0,0,0,0,0,0,0,,0
Algeria,1997,0,0,0,0,0,0,0,0,0,,0
Algeria,1998,0,0,0,0,0,0,0,0,0,,0
Algeria,1999,0,0,0,0,0,0,0,0,0,,0
Algeria,2000,0,0,0,0,0,0,0,0,0,,0
Algeria,2001,0,0,0,0,0,0,0,0,0,,0
Algeria,2002,0,0,0,0,0,0,0,0,0,,0
Algeria,2003,0,0,0,0,0,0,0,0,0,,0
Algeria,2004,0,0,0,0,0,0,0,0,0,,0
Algeria,2005,0,0,0,0,0,0,0,0,0,,0
Algeria,2006,0,0,0,0,0,0,0,0,0,,0
Algeria,2007,0,0,0,0,0,0,0,0,0,,0
Algeria,2008,0,0,0,0,0,0,0,0,0,,0
Algeria,2009,0,0,0,0,0,0,0,0,0,,0
Algeria,2010,0,0,0,0,0,0,0,0,0,,0
Algeria,2011,0,0,0,0,0,0,0,0,0,,0
Algeria,2012,0,0,0,0,0,0,0,0,0,,0
Algeria,2013,0,0,0,0,0,0,0,0,0,,0
Algeria,2014,0,0,0,0,0,0,0,0,0,,0
Algeria,2015,0,0,0,0,0,0,0,0,0,,0
Algeria,2016,0,0,0,0,0,0,0,0,0,,0
Algeria,2017,0,0,0,0,0,0,0,0,0,,0
Algeria,2018,0,0,0,0,0,0,0,0,0,,0
Algeria,2019,0,0,0,0,0,0,0,0,0,,0
Algeria,2020,0,0,0,0,0,0,0,0,0,,0
Algeria,2021,0,0,0,0,0,0,0,0,0,,0
Algeria,2022,0,0,0,0,0,0,0,0,0,,0
Angola,1950,0,0,0,0,0,0,0,0,0,,0
Angola,1951,0,0,0,0,0,0,0,0,0,,0
Angola,1952,0,0,0,0,0,0,0,0,0,,0
Angola,1953,0,0,0,0,0,0,0,0,0,,0
Angola,1954,0,0,0,0,0,0,0,0,0,,0
Angola,1955,0,0,0,0,0,0,0,0,0,,0
Angola,1956,0,0,0,0,0,0,0,0,0,,0
Angola,1957,0,0,0,0,0,0,0,0,0,,0
Angola,1958,0,0,0,0,0,0,0,0,0,,0
Angola,1959,0,0,0,0,0,0,0,0,0,,0
Angola,1960,0,0,0,0,0,0,0,0,0,,0
Angola,1961,0,0,0,0,0,0,0,0,0,,0
Angola,1962,0,0,0,0,0,0,0,0,0,,0
Angola,1963,0,0,0,0,0,0,0,0,0,,0
Angola,1964,0,0,0,0,0,0,0,0,0,,0
Angola,1965,0,0,0,0,0,0,0,0,0,,0
Angola,1966,0,0,0,0,0,0,0,0,0,,0
Angola,1967,0,0,0,0,0,0,0,0,0,,0
Angola,1968,0,0,0,0,0,0,0,0,0,,0
Angola,1969,0,0,0,0,0,0,0,0,0,,0
Angola,1970,0,0,0,0,0,0,0,0,0,,0
Angola,1971,0,0,0,0,0,0,0,0,0,,0
Angola,1972,0,0,0,0,0,0,0,0,0,,0
Angola,1973,0,0,0,0,0,0,0,0,0,,0
Angola,1974,0,0,0,0,0,0,0,0,0,,0
Angola,1975,0,0,0,0,0,0,0,0,0,,0
Angola,1976,0,0,0,0,0,0,0,0,0,,0
Angola,1977,0,0,0,0,0,0,0,0,0,,0
Angola,1978,0,0,0,0,0,0,0,0,0,,0
Angola,1979,0,0,0,0,0,0,0,0,0,,0
Angola,1980,0,0,0,0,0,0,0,0,0,,0
Angola,1981,0,0,0,0,0,0,0,0,0,,0
Angola,1982,0,0,0,0,0,0,0,0,0,,0
Angola,1983,0,0,0,0,0,0,0,0,0,,0
Angola,1984,0,0,0,0,0,0,0,0,0,,0
Angola,1985,0,0,0,0,0,0,0,0,0,,0
Angola,1986,0,0,0,0,0,0,0,0,1,imp_part,1
Angola,1987,0,0,0,0,0,0,0,0,1,imp_part,1
Angola,1988,0,0,0,0,0,0,0,0,1,imp_part,1
Angola,1989,0,0,0,0,0,0,0,0,1,imp_part,1
Angola,1990,0,0,0,0,0,0,0,0,1,imp_part,1
Angola,1991,0,0,0,0,0,0,0,0,1,imp_part,1
Angola,1992,0,0,0,0,0,0,0,0,1,imp_part,1
Angola,1993,0,0,0,0,0,0,0,0,1,"exp_part, imp_part",1
Angola,1994,0,0,0,0,0,0,0,0,1,"exp_part, imp_part",1
Angola,1995,0,0,0,0,0,0,0,0,1,"exp_part, imp_part",1
Angola,1996,0,0,0,0,0,0,0,0,1,"exp_part, imp_part",1
Angola,1997,0,0,0,0,0,0,0,0,1,"exp_part, imp_part",1
Angola,1998,0,0,0,0,0,0,0,0,1,"exp_part, imp_part",1
Angola,1999,0,0,0,0,0,0,0,0,1,"exp_part, imp_part",1
Angola,2000,0,0,0,0,0,0,0,0,1,"exp_part, imp_part",1
Angola,2001,0,0,0,0,0,0,0,0,1,"exp_part, imp_part",1
Angola,2002,0,0,0,0,0,0,0,0,1,"exp_part, imp_part",1
Angola,2003,0,0,0,0,0,0,0,0,1,"exp_part, imp_part",1
Angola,2004,0,0,0,0,0,0,0,0,0,,0
Angola,2005,0,0,0,0,0,0,0,0,0,,0
Angola,2006,0,0,0,0,0,0,0,0,0,,0
Angola,2007,0,0,0,0,0,0,0,0,0,,0
Angola,2008,0,0,0,0,0,0,0,0,0,,0
Angola,2009,0,0,0,0,0,0,0,0,0,,0
Angola,2010,0,0,0,0,0,0,0,0,0,,0
Angola,2011,0,0,0,0,0,0,0,0,0,,0
Angola,2012,0,0,0,0,0,0,0,0,0,,0
Angola,2013,0,0,0,0,0,0,0,0,0,,0
Angola,2014,0,0,0,0,0,0,0,0,0,,0
Angola,2015,0,0,0,0,0,0,0,0,0,,0
Angola,2016,0,0,0,0,0,0,0,0,0,,0
Angola,2017,0,0,0,0,0,0,0,0,0,,0
Angola,2018,0,0,0,0,0,0,0,0,0,,0
Angola,2019,0,0,0,0,0,0,0,0,0,,0
Angola,2020,0,0,0,0,0,0,0,0,0,,0
Angola,2021,0,0,0,0,0,0,0,0,1,"exp_part, imp_part",1
Angola,2022,0,0,0,0,0,0,0,0,1,"exp_part, imp_part",1
Arab Rep.,1950,0,0,0,0,0,0,0,0,0,,0
Arab Rep.,1951,0,0,0,0,0,0,0,0,0,,0
Arab Rep.,1952,0,0,0,0,0,0,0,0,0,,0
Arab Rep.,1953,0,0,0,0,0,0,0,0,0,,0
Arab Rep.,1954,0,0,0,0,0,0,0,0,0,,0
Arab Rep.,1955,0,0,0,0,0,0,0,0,0,,0
Arab Rep.,1956,0,0,0,0,0,0,0,0,0,,0
Arab Rep.,1957,0,0,0,0,0,0,0,0,0,,0
Arab Rep.,1958,0,0,0,0,0,0,0,0,0,,0
Arab Rep.,1959,0,0,0,0,0,0,0,0,0,,0
Arab Rep.,1960,0,0,0,0,0,0,0,0,0,,0
Arab Rep.,1961,0,0,0,0,0,0,0,0,0,,0
Arab Rep.,1962,0,0,0,0,0,0,0,0,0,,0
Arab Rep.,1963,0,0,0,0,0,0,0,0,0,,0
Arab Rep.,1964,0,0,0,0,0,0,0,0,0,,0
Arab Rep.,1965,0,0,0,0,0,0,0,0,0,,0
Arab Rep.,1966,0,0,0,0,0,0,0,0,0,,0
Arab Rep.,1967,0,0,0,0,0,0,0,0,0,,0
Arab Rep.,1968,0,0,0,0,0,0,0,0,0,,0
Arab Rep.,1969,0,0,0,0,0,0,0,0,0,,0
Arab Rep.,1970,0,0,0,0,0,0,0,0,0,,0
Arab Rep.,1971,0,0,0,0,0,0,0,0,0,,0
Arab Rep.,1972,0,0,0,0,0,0,0,0,0,,0
Arab Rep.,1973,0,0,0,0,0,0,0,0,0,,0
Arab Rep.,1974,0,0,0,0,0,0,0,0,0,,0
Arab Rep.,1975,0,0,0,0,0,0,0,0,0,,0
Arab Rep.,1976,0,0,0,0,0,0,0,0,0,,0
Arab Rep.,1977,0,0,0,0,0,0,0,0,0,,0
Arab Rep.,1978,0,0,0,0,0,0,0,0,0,,0
Arab Rep.,1979,0,0,0,0,0,0,0,0,0,,0
Arab Rep.,1980,0,0,0,0,0,0,0,0,0,,0
Arab Rep.,1981,0,0,0,0,0,0,0,0,0,,0
Arab Rep.,1982,0,0,0,0,0,0,0,0,0,,0
Arab Rep.,1983,0,0,0,0,0,0,0,0,0,,0
Arab Rep.,1984,0,0,0,0,0,0,0,0,0,,0
Arab Rep.,1985,0,0,0,0,0,0,0,0,0,,0
Arab Rep.,1986,0,0,0,0,0,0,0,0,0,,0
Arab Rep.,1987,0,0,0,0,0,0,0,0,0,,0
Arab Rep.,1988,0,0,0,0,0,0,0,0,0,,0
Arab Rep.,1989,0,0,0,0,0,0,0,0,0,,0
Arab Rep.,1990,0,0,0,0,0,0,0,0,0,,0
Arab Rep.,1991,0,0,0,0,0,0,0,0,0,,0
Arab Rep.,1992,0,0,0,0,0,0,0,0,0,,0
Arab Rep.,1993,0,0,0,0,0,0,0,0,0,,0
Arab Rep.,1994,0,0,0,0,0,0,0,0,0,,0
Arab Rep.,1995,0,0,0,0,0,0,0,0,0,,0
Arab Rep.,1996,0,0,0,0,0,0,0,0,0,,0
Arab Rep.,1997,0,0,0,0,0,0,0,0,0,,0
Arab Rep.,1998,0,0,0,0,0,0,0,0,0,,0
Arab Rep.,1999,0,0,0,0,0,0,0,0,0,,0
Arab Rep.,2000,0,0,0,0,0,0,0,0,0,,0
Arab Rep.,2001,0,0,0,0,0,0,0,0,0,,0
Arab Rep.,2002,0,0,0,0,0,0,0,0,0,,0
Arab Rep.,2003,0,0,0,0,0,0,0,0,0,,0
Arab Rep.,2004,0,0,0,0,0,0,0,0,0,,0
Arab Rep.,2005,0,0,0,0,0,0,0,0,0,,0
Arab Rep.,2006,0,0,0,0,0,0,0,0,0,,0
Arab Rep.,2007,0,0,0,0,0,0,0,0,0,,0
Arab Rep.,2008,0,0,0,0,0,0,0,0,0,,0
Arab Rep.,2009,0,0,0,0,0,0,0,0,0,,0
Arab Rep.,2010,0,0,0,0,0,0,0,0,0,,0
Arab Rep.,2011,0,0,0,0,0,0,0,0,0,,0
Arab Rep.,2012,0,0,0,0,0,0,0,0,0,,0
Arab Rep.,2013,0,0,1,0,0,0,0,0,0,exp_part,1
Arab Rep.,2014,0,0,1,0,0,0,0,0,0,exp_part,1
Arab Rep.,2015,0,0,1,0,0,0,0,0,0,exp_part,1
Arab Rep.,2016,0,0,1,0,0,0,0,0,0,exp_part,1
Arab Rep.,2017,0,0,1,0,0,0,0,0,0,exp_part,1
Arab Rep.,2018,0,0,1,0,0,0,0,0,0,exp_part,1
Arab Rep.,2019,0,0,1,0,0,0,0,0,0,exp_part,1
Arab Rep.,2020,0,0,1,0,0,0,0,0,0,exp_part,1
Arab Rep.,2021,0,0,1,0,0,0,0,1,0,exp_part,1
Arab Rep.,2022,0,0,1,0,0,0,0,1,0,exp_part,1
Argentina,1950,0,0,0,0,0,0,0,0,0,,0
Argentina,1951,0,0,0,0,0,0,0,0,0,,0
Argentina,1952,0,0,0,0,0,0,0,0,0,,0
Argentina,1953,0,0,0,0,0,0,0,0,0,,0
Argentina,1954,0,0,0,0,0,0,0,0,0,,0
Argentina,1955,0,0,0,0,0,0,0,0,0,,0
Argentina,1956,0,0,0,0,0,0,0,0,0,,0
Argentina,1957,0,0,0,0,0,0,0,0,0,,0
Argentina,1958,0,0,0,0,0,0,0,0,0,,0
Argentina,1959,0,0,0,0,0,0,0,0,0,,0
Argentina,1960,0,0,0,0,0,0,0,0,0,,0
Argentina,1961,0,0,0,0,0,0,0,0,0,,0
Argentina,1962,0,0,0,0,0,0,0,0,0,,0
Argentina,1963,0,0,0,0,0,0,0,0,0,,0
Argentina,1964,0,0,0,0,0,0,0,0,0,,0
Argentina,1965,0,0,0,0,0,0,0,0,0,,0
Argentina,1966,0,0,0,0,0,0,0,0,0,,0
Argentina,1967,0,0,0,0,0,0,0,0,0,,0
Argentina,1968,0,0,0,0,0,0,0,0,0,,0
Argentina,1969,0,0,0,0,0,0,0,0,0,,0
Argentina,1970,0,0,0,0,0,0,0,0,0,,0
Argentina,1971,0,0,0,0,0,0,0,0,0,,0
Argentina,1972,0,0,0,0,0,0,0,0,0,,0
Argentina,1973,0,0,0,0,0,0,0,0,0,,0
Argentina,1974,0,0,0,0,0,0,0,0,0,,0
Argentina,1975,0,0,0,0,0,0,0,0,0,,0
Argentina,1976,0,0,0,0,0,0,0,0,0,,0
Argentina,1977,0,0,0,0,0,0,0,0,1,exp_part,1
Argentina,1978,0,0,0,0,0,0,0,0,1,exp_part,1
Argentina,1979,0,0,0,0,0,0,0,0,1,exp_part,1
Argentina,1980,0,0,0,0,0,0,0,0,1,exp_part,1
Argentina,1981,0,0,0,0,0,0,0,0,1,exp_part,1
Argentina,1982,1,1,0,0,0,0,0,1,1,exp_part; imp_compl,1
Argentina,1983,0,0,0,0,0,0,0,1,1,exp_part; imp_compl,1
Argentina,1984,0,0,0,0,0,0,0,1,1,exp_part; imp_compl,1
Argentina,1985,0,0,0,0,0,0,0,1,1,exp_part; imp_compl,1
Argentina,1986,0,0,0,0,0,0,0,0,1,exp_part,1
Argentina,1987,0,0,0,0,0,0,0,0,1,exp_part,1
Argentina,1988,0,0,0,0,0,0,0,0,1,exp_part,1
Argentina,1989,0,0,0,0,0,0,0,0,1,exp_part,1
Argentina,1990,0,0,0,0,0,0,0,0,0,,0
Argentina,1991,0,0,0,0,0,0,0,0,0,,0
Argentina,1992,0,0,0,0,0,0,0,0,0,,0
Argentina,1993,0,0,0,0,0,0,0,0,0,,0
Argentina,1994,0,0,0,0,0,0,0,0,0,,0
Argentina,1995,0,0,0,0,0,0,0,0,0,,0
Argentina,1996,0,0,0,0,0,0,0,0,0,,0
Argentina,1997,0,0,0,0,0,0,0,0,0,,0
Argentina,1998,0,0,0,0,0,0,0,0,0,,0
Argentina,1999,0,0,0,0,0,0,0,0,0,,0
Argentina,2000,0,0,0,0,0,0,0,0,0,,0
Argentina,2001,0,0,0,0,0,0,0,0,0,,0
Argentina,2002,0,0,0,0,0,0,0,0,0,,0
Argentina,2003,0,0,0,0,0,0,0,0,0,,0
Argentina,2004,0,0,0,0,0,0,0,0,0,,0
Argentina,2005,0,0,0,0,0,0,0,0,0,,0
Argentina,2006,0,0,0,0,0,0,0,0,0,,0
Argentina,2007,0,0,0,0,0,0,0,0,0,,0
Argentina,2008,0,0,0,0,0,0,0,0,0,,0
Argentina,2009,0,0,0,0,0,0,0,0,0,,0
Argentina,2010,0,0,0,0,0,0,0,0,0,,0
Argentina,2011,0,0,0,0,0,0,0,0,0,,0
Argentina,2012,0,0,0,0,0,0,0,0,0,,0
Argentina,2013,0,0,0,0,0,0,0,0,0,,0
Argentina,2014,0,0,0,0,0,0,0,0,0,,0
Argentina,2015,0,0,0,0,0,0,0,0,0,,0
Argentina,2016,0,0,0,0,0,0,0,0,0,,0
Argentina,2017,0,0,0,0,0,0,0,0,0,,0
Argentina,2018,0,0,0,0,0,0,0,0,0,,0
Argentina,2019,0,0,0,0,0,0,0,0,0,,0
Argentina,2020,0,0,0,0,0,0,0,0,0,,0
Argentina,2021,0,0,0,0,0,0,0,0,0,,0
Argentina,2022,0,0,0,0,0,0,0,0,0,,0
Armenia,1950,0,0,0,0,0,0,0,0,0,,0
Armenia,1951,0,0,0,0,0,0,0,0,0,,0
Armenia,1952,0,0,0,0,0,0,0,0,0,,0
Armenia,1953,0,0,0,0,0,0,0,0,0,,0
Armenia,1954,0,0,0,0,0,0,0,0,0,,0
Armenia,1955,0,0,0,0,0,0,0,0,0,,0
Armenia,1956,0,0,0,0,0,0,0,0,0,,0
Armenia,1957,0,0,0,0,0,0,0,0,0,,0
Armenia,1958,0,0,0,0,0,0,0,0,0,,0
Armenia,1959,0,0,0,0,0,0,0,0,0,,0
Armenia,1960,0,0,0,0,0,0,0,0,0,,0
Armenia,1961,0,0,0,0,0,0,0,0,0,,0
Armenia,1962,0,0,0,0,0,0,0,0,0,,0
Armenia,1963,0,0,0,0,0,0,0,0,0,,0
Armenia,1964,0,0,0,0,0,0,0,0,0,,0
Armenia,1965,0,0,0,0,0,0,0,0,0,,0
Armenia,1966,0,0,0,0,0,0,0,0,0,,0
Armenia,1967,0,0,0,0,0,0,0,0,0,,0
Armenia,1968,0,0,0,0,0,0,0,0,0,,0
Armenia,1969,0,0,0,0,0,0,0,0,0,,0
Armenia,1970,0,0,0,0,0,0,0,0,0,,0
Armenia,1971,0,0,0,0,0,0,0,0,0,,0
Armenia,1972,0,0,0,0,0,0,0,0,0,,0
Armenia,1973,0,0,0,0,0,0,0,0,0,,0
Armenia,1974,0,0,0,0,0,0,0,0,0,,0
Armenia,1975,0,0,0,0,0,0,0,0,0,,0
Armenia,1976,0,0,0,0,0,0,0,0,0,,0
Armenia,1977,0,0,0,0,0,0,0,0,0,,0
Armenia,1978,0,0,0,0,0,0,0,0,0,,0
Armenia,1979,0,0,0,0,0,0,0,0,0,,0
Armenia,1980,0,0,0,0,0,0,0,0,0,,0
Armenia,1981,0,0,0,0,0,0,0,0,0,,0
Armenia,1982,0,0,0,0,0,0,0,0,0,,0
Armenia,1983,0,0,0,0,0,0,0,0,0,,0
Armenia,1984,0,0,0,0,0,0,0,0,0,,0
Armenia,1985,0,0,0,0,0,0,0,0,0,,0
Armenia,1986,0,0,0,0,0,0,0,0,0,,0
Armenia,1987,0,0,0,0,0,0,0,0,0,,0
Armenia,1988,0,0,0,0,0,0,0,0,0,,0
Armenia,1989,0,0,0,0,0,0,0,0,0,,0
Armenia,1990,0,0,0,0,0,0,0,0,0,,0
Armenia,1991,0,0,0,0,0,0,0,0,0,,0
Armenia,1992,0,0,0,0,0,0,0,0,0,,0
Armenia,1993,0,0,0,0,0,0,0,0,0,,0
Armenia,1994,0,0,0,0,0,0,0,0,0,,0
Armenia,1995,0,0,0,0,0,0,0,0,0,,0
Armenia,1996,0,0,0,0,0,0,0,0,0,,0
Armenia,1997,0,0,0,0,0,0,0,0,0,,0
Armenia,1998,0,0,0,0,0,0,0,0,0,,0
Armenia,1999,0,0,0,0,0,0,0,0,0,,0
Armenia,2000,0,0,0,0,0,0,0,0,0,,0
Armenia,2001,0,0,0,0,0,0,0,0,0,,0
Armenia,2002,0,0,0,0,0,0,0,0,0,,0
Armenia,2003,0,0,0,0,0,0,0,0,0,,0
Armenia,2004,0,0,0,0,0,0,0,0,0,,0
Armenia,2005,0,0,0,0,0,0,0,0,0,,0
Armenia,2006,0,0,0,0,0,0,0,0,0,,0
Armenia,2007,0,0,0,0,0,0,0,0,0,,0
Armenia,2008,0,0,0,0,0,0,0,0,0,,0
Armenia,2009,0,0,0,0,0,0,0,0,0,,0
Armenia,2010,0,0,0,0,0,0,0,0,0,,0
Armenia,2011,0,0,0,0,0,0,0,0,0,,0
Armenia,2012,0,0,0,0,0,0,0,0,0,,0
Armenia,2013,0,0,0,0,0,0,0,0,0,,0
Armenia,2014,0,0,0,0,0,0,0,1,0,exp_part,1
Armenia,2015,0,0,0,0,0,0,0,1,0,exp_part,1
Armenia,2016,0,0,0,0,0,0,0,1,0,exp_part,1
Armenia,2017,0,0,0,0,0,0,0,1,0,exp_part,1
Armenia,2018,0,0,0,0,0,0,0,1,0,exp_part,1
Armenia,2019,0,0,0,0,0,0,0,1,0,exp_part,1
Armenia,2020,0,0,0,0,0,0,0,1,0,exp_part,1
Armenia,2021,0,0,0,0,0,0,0,1,0,exp_part,1
Armenia,2022,0,0,0,0,0,0,0,1,0,exp_part,1
Australia,1950,0,0,0,0,0,0,0,0,0,,0
Australia,1951,0,0,0,0,0,0,0,0,0,,0
Australia,1952,0,0,0,0,0,0,0,0,0,,0
Australia,1953,0,0,0,0,0,0,0,0,0,,0
Australia,1954,0,0,0,0,0,0,0,0,0,,0
Australia,1955,0,0,0,0,0,0,0,0,0,,0
Australia,1956,0,0,0,0,0,0,0,0,0,,0
Australia,1957,0,0,0,0,0,0,0,0,0,,0
Australia,1958,0,0,0,0,0,0,0,0,0,,0
Australia,1959,0,0,0,0,0,0,0,0,0,,0
Australia,1960,0,0,0,0,0,0,0,0,0,,0
Australia,1961,0,0,0,0,0,0,0,0,0,,0
Australia,1962,0,0,0,0,0,0,0,0,0,,0
Australia,1963,0,0,0,0,0,0,0,0,0,,0
Australia,1964,0,0,0,0,0,0,0,0,0,,0
Australia,1965,0,0,0,0,0,0,0,0,0,,0
Australia,1966,0,0,0,0,0,0,0,0,0,,0
Australia,1967,0,0,0,0,0,0,0,0,0,,0
Australia,1968,0,0,0,0,0,0,0,0,0,,0
Australia,1969,0,0,0,0,0,0,0,0,0,,0
Australia,1970,0,0,0,0,0,0,0,0,0,,0
Australia,1971,0,0,0,0,0,0,0,0,0,,0
Australia,1972,0,0,0,0,0,0,0,0,0,,0
Australia,1973,0,0,0,0,0,0,0,0,0,,0
Australia,1974,0,0,0,0,0,0,0,0,0,,0
Australia,1975,0,0,0,0,0,0,0,0,0,,0
Australia,1976,0,0,0,0,0,0,0,0,0,,0
Australia,1977,0,0,0,0,0,0,0,0,0,,0
Australia,1978,0,0,0,0,0,0,0,0,0,,0
Australia,1979,0,0,0,0,0,0,0,0,0,,0
Australia,1980,0,0,0,0,0,0,0,0,0,,0
Australia,1981,0,0,0,0,0,0,0,0,0,,0
Australia,1982,0,0,0,0,0,0,0,0,0,,0
Australia,1983,0,0,0,0,0,0,0,0,0,,0
Australia,1984,0,0,0,0,0,0,0,0,0,,0
Australia,1985,0,0,0,0,0,0,0,0,0,,0
Australia,1986,0,0,0,0,0,0,0,0,0,,0
Australia,1987,0,0,0,0,0,0,0,0,0,,0
Australia,1988,0,0,0,0,0,0,0,0,0,,0
Australia,1989,0,0,0,0,0,0,0,0,0,,0
Australia,1990,0,0,0,0,0,0,0,0,0,,0
Australia,1991,0,0,0,0,0,0,0,0,0,,0
Australia,1992,0,0,0,0,0,0,0,0,0,,0
Australia,1993,0,0,0,0,0,0,0,0,0,,0
Australia,1994,0,0,0,0,0,0,0,0,0,,0
Australia,1995,0,0,0,0,0,0,0,0,0,,0
Australia,1996,0,0,0,0,0,0,0,0,0,,0
Australia,1997,0,0,0,0,0,0,0,0,0,,0
Australia,1998,0,0,0,0,0,0,0,0,0,,0
Australia,1999,0,0,0,0,0,0,0,0,0,,0
Australia,2000,0,0,0,0,0,0,0,0,0,,0
Australia,2001,0,0,0,0,0,0,0,0,0,,0
Australia,2002,0,0,0,0,0,0,0,0,0,,0
Australia,2003,0,0,0,0,0,0,0,0,0,,0
Australia,2004,0,0,0,0,0,0,0,0,0,,0
Australia,2005,0,0,0,0,0,0,0,0,0,,0
Australia,2006,0,0,0,0,0,0,0,0,0,,0
Australia,2007,0,0,0,0,0,0,0,0,0,,0
Australia,2008,0,0,0,0,0,0,0,0,0,,0
Australia,2009,0,0,0,0,0,0,0,0,0,,0
Australia,2010,0,0,0,0,0,0,0,0,0,,0
Australia,2011,0,0,0,0,0,0,0,0,0,,0
Australia,2012,0,0,0,0,0,0,0,0,0,,0
Australia,2013,0,0,0,0,0,0,0,0,0,,0
Australia,2014,0,0,0,0,0,1,0,0,0,imp_part,1
Australia,2015,0,0,0,0,0,1,0,0,0,imp_part,1
Australia,2016,0,0,0,0,0,1,0,0,0,imp_part,1
Australia,2017,0,0,0,0,0,1,0,0,0,imp_part,1
Australia,2018,0,0,0,0,0,1,0,0,0,imp_part,1
Australia,2019,0,0,0,0,0,1,0,0,0,imp_part,1
Australia,2020,0,0,0,0,0,1,0,0,0,imp_part,1
Australia,2021,0,0,0,0,0,1,0,0,0,imp_part,1
Australia,2022,0,0,0,0,0,1,0,0,0,imp_part,1
Azerbaijan,1950,0,0,0,0,0,0,0,0,0,,0
Azerbaijan,1951,0,0,0,0,0,0,0,0,0,,0
Azerbaijan,1952,0,0,0,0,0,0,0,0,0,,0
Azerbaijan,1953,0,0,0,0,0,0,0,0,0,,0
Azerbaijan,1954,0,0,0,0,0,0,0,0,0,,0
Azerbaijan,1955,0,0,0,0,0,0,0,0,0,,0
Azerbaijan,1956,0,0,0,0,0,0,0,0,0,,0
Azerbaijan,1957,0,0,0,0,0,0,0,0,0,,0
Azerbaijan,1958,0,0,0,0,0,0,0,0,0,,0
Azerbaijan,1959,0,0,0,0,0,0,0,0,0,,0
Azerbaijan,1960,0,0,0,0,0,0,0,0,0,,0
Azerbaijan,1961,0,0,0,0,0,0,0,0,0,,0
Azerbaijan,1962,0,0,0,0,0,0,0,0,0,,0
Azerbaijan,1963,0,0,0,0,0,0,0,0,0,,0
Azerbaijan,1964,0,0,0,0,0,0,0,0,0,,0
Azerbaijan,1965,0,0,0,0,0,0,0,0,0,,0
Azerbaijan,1966,0,0,0,0,0,0,0,0,0,,0
Azerbaijan,1967,0,0,0,0,0,0,0,0,0,,0
Azerbaijan,1968,0,0,0,0,0,0,0,0,0,,0
Azerbaijan,1969,0,0,0,0,0,0,0,0,0,,0
Azerbaijan,1970,0,0,0,0,0,0,0,0,0,,0
Azerbaijan,1971,0,0,0,0,0,0,0,0,0,,0
Azerbaijan,1972,0,0,0,0,0,0,0,0,0,,0
Azerbaijan,1973,0,0,0,0,0,0,0,0,0,,0
Azerbaijan,1974,0,0,0,0,0,0,0,0,0,,0
Azerbaijan,1975,0,0,0,0,0,0,0,0,0,,0
Azerbaijan,1976,0,0,0,0,0,0,0,0,0,,0
Azerbaijan,1977,0,0,0,0,0,0,0,0,0,,0
Azerbaijan,1978,0,0,0,0,0,0,0,0,0,,0
Azerbaijan,1979,0,0,0,0,0,0,0,0,0,,0
Azerbaijan,1980,0,0,0,0,0,0,0,0,0,,0
Azerbaijan,1981,0,0,0,0,0,0,0,0,0,,0
Azerbaijan,1982,0,0,0,0,0,0,0,0,0,,0
Azerbaijan,1983,0,0,0,0,0,0,0,0,0,,0
Azerbaijan,1984,0,0,0,0,0,0,0,0,0,,0
Azerbaijan,1985,0,0,0,0,0,0,0,0,0,,0
Azerbaijan,1986,0,0,0,0,0,0,0,0,0,,0
Azerbaijan,1987,0,0,0,0,0,0,0,0,0,,0
Azerbaijan,1988,0,0,0,0,0,0,0,0,0,,0
Azerbaijan,1989,0,0,0,0,0,0,0,0,0,,0
Azerbaijan,1990,0,0,0,0,0,0,0,0,0,,0
Azerbaijan,1991,0,0,0,0,0,0,0,0,0,,0
Azerbaijan,1992,0,0,0,0,0,0,0,0,0,,0
Azerbaijan,1993,0,0,0,0,0,0,0,0,0,,0
Azerbaijan,1994,0,0,0,0,0,0,0,0,0,,0
Azerbaijan,1995,0,0,0,0,0,0,0,0,0,,0
Azerbaijan,1996,0,0,0,0,0,0,0,0,0,,0
Azerbaijan,1997,0,0,0,0,0,0,0,0,0,,0
Azerbaijan,1998,0,0,0,0,0,0,0,0,0,,0
Azerbaijan,1999,0,0,0,0,0,0,0,0,0,,0
Azerbaijan,2000,0,0,0,0,0,0,0,0,0,,0
Azerbaijan,2001,0,0,0,0,0,0,0,0,0,,0
Azerbaijan,2002,0,0,0,0,0,0,0,0,0,,0
Azerbaijan,2003,0,0,0,0,0,0,0,0,0,,0
Azerbaijan,2004,0,0,0,0,0,0,0,0,0,,0
Azerbaijan,2005,0,0,0,0,0,0,0,0,0,,0
Azerbaijan,2006,0,0,0,0,0,0,0,0,0,,0
Azerbaijan,2007,0,0,0,0,0,0,0,0,0,,0
Azerbaijan,2008,0,0,0,0,0,0,0,0,0,,0
Azerbaijan,2009,0,0,0,0,0,0,0,0,0,,0
Azerbaijan,2010,0,0,0,0,0,0,0,0,0,,0
Azerbaijan,2011,0,0,0,0,0,0,0,0,0,,0
Azerbaijan,2012,0,0,0,0,0,0,0,0,0,,0
Azerbaijan,2013,0,0,0,0,0,0,0,0,0,,0
Azerbaijan,2014,0,0,0,0,0,0,0,1,0,exp_part,1
Azerbaijan,2015,0,0,0,0,0,0,0,1,0,exp_part,1
Azerbaijan,2016,0,0,0,0,0,0,0,1,0,exp_part,1
Azerbaijan,2017,0,0,0,0,0,0,0,1,0,exp_part,1
Azerbaijan,2018,0,0,0,0,0,0,0,1,0,exp_part,1
Azerbaijan,2019,0,0,0,0,0,0,0,1,0,exp_part,1
Azerbaijan,2020,0,0,0,0,0,0,0,1,0,exp_part,1
Azerbaijan,2021,0,0,0,0,0,0,0,1,0,exp_part,1
Azerbaijan,2022,0,0,0,0,0,0,0,1,0,exp_part,1
Bangladesh,1950,0,0,0,0,0,0,0,0,0,,0
Bangladesh,1951,0,0,0,0,0,0,0,0,0,,0
Bangladesh,1952,0,0,0,0,0,0,0,0,0,,0
Bangladesh,1953,0,0,0,0,0,0,0,0,0,,0
Bangladesh,1954,0,0,0,0,0,0,0,0,0,,0
Bangladesh,1955,0,0,0,0,0,0,0,0,0,,0
Bangladesh,1956,0,0,0,0,0,0,0,0,0,,0
Bangladesh,1957,0,0,0,0,0,0,0,0,0,,0
Bangladesh,1958,0,0,0,0,0,0,0,0,0,,0
Bangladesh,1959,0,0,0,0,0,0,0,0,0,,0
Bangladesh,1960,0,0,0,0,0,0,0,0,0,,0
Bangladesh,1961,0,0,0,0,0,0,0,0,0,,0
Bangladesh,1962,0,0,0,0,0,0,0,0,0,,0
Bangladesh,1963,0,0,0,0,0,0,0,0,0,,0
Bangladesh,1964,0,0,0,0,0,0,0,0,0,,0
Bangladesh,1965,0,0,0,0,0,0,0,0,0,,0
Bangladesh,1966,0,0,0,0,0,0,0,0,0,,0
Bangladesh,1967,0,0,0,0,0,0,0,0,0,,0
Bangladesh,1968,0,0,0,0,0,0,0,0,0,,0
Bangladesh,1969,0,0,0,0,0,0,0,0,0,,0
Bangladesh,1970,0,0,0,0,0,0,0,0,0,,0
Bangladesh,1971,0,0,0,0,0,0,0,0,0,,0
Bangladesh,1972,0,0,0,0,0,0,0,0,0,,0
Bangladesh,1973,0,0,0,0,0,0,0,0,0,,0
Bangladesh,1974,0,0,0,0,0,0,0,0,0,,0
Bangladesh,1975,0,0,0,0,0,0,0,0,0,,0
Bangladesh,1976,0,0,0,0,0,0,0,0,0,,0
Bangladesh,1977,0,0,0,0,0,0,0,0,0,,0
Bangladesh,1978,0,0,0,0,0,0,0,0,0,,0
Bangladesh,1979,0,0,0,0,0,0,0,0,0,,0
Bangladesh,1980,0,0,0,0,0,0,0,0,0,,0
Bangladesh,1981,0,0,0,0,0,0,0,0,0,,0
Bangladesh,1982,0,0,0,0,0,0,0,0,0,,0
Bangladesh,1983,0,0,0,0,0,0,0,0,0,,0
Bangladesh,1984,0,0,0,0,0,0,0,0,0,,0
Bangladesh,1985,0,0,0,0,0,0,0,0,0,,0
Bangladesh,1986,0,0,0,0,0,0,0,0,0,,0
Bangladesh,1987,0,0,0,0,0,0,0,0,0,,0
Bangladesh,1988,0,0,0,0,0,0,0,0,0,,0
Bangladesh,1989,0,0,0,0,0,0,0,0,0,,0
Bangladesh,1990,0,0,0,0,0,0,0,0,0,,0
Bangladesh,1991,0,0,0,0,0,0,0,0,0,,0
Bangladesh,1992,0,0,0,0,0,0,0,0,0,,0
Bangladesh,1993,0,0,0,0,0,0,0,0,0,,0
Bangladesh,1994,0,0,0,0,0,0,0,0,0,,0
Bangladesh,1995,0,0,0,0,0,0,0,0,0,,0
Bangladesh,1996,0,0,0,0,0,0,0,0,0,,0
Bangladesh,1997,0,0,0,0,0,0,0,0,0,,0
Bangladesh,1998,0,0,0,0,0,0,0,0,0,,0
Bangladesh,1999,0,0,0,0,0,0,0,0,0,,0
Bangladesh,2000,0,0,0,0,0,0,0,0,0,,0
Bangladesh,2001,0,0,0,0,0,0,0,0,0,,0
Bangladesh,2002,0,0,0,0,0,0,0,0,0,,0
Bangladesh,2003,0,0,0,0,0,0,0,0,0,,0
Bangladesh,2004,0,0,0,0,0,0,0,0,0,,0
Bangladesh,2005,0,0,0,0,0,0,0,0,0,,0
Bangladesh,2006,0,0,0,0,0,0,0,0,0,,0
Bangladesh,2007,0,0,0,0,0,0,0,0,0,,0
Bangladesh,2008,0,0,0,0,0,0,0,0,0,,0
Bangladesh,2009,0,0,0,0,0,0,0,0,0,,0
Bangladesh,2010,0,0,0,0,0,0,0,0,0,,0
Bangladesh,2011,0,0,0,0,0,0,0,0,0,,0
Bangladesh,2012,0,0,0,0,0,0,0,0,0,,0
Bangladesh,2013,0,0,0,0,0,0,0,0,0,,0
Bangladesh,2014,0,0,0,0,0,0,0,0,0,,0
Bangladesh,2015,0,0,0,0,0,0,0,0,0,,0
Bangladesh,2016,0,0,0,0,0,0,0,0,0,,0
Bangladesh,2017,0,0,0,0,0,0,0,0,0,,0
Bangladesh,2018,0,0,0,0,0,0,0,0,0,,0
Bangladesh,2019,0,0,0,0,0,0,0,0,0,,0
Bangladesh,2020,0,0,0,0,0,0,0,0,0,,0
Bangladesh,2021,0,0,0,0,0,0,0,0,1,"exp_part, imp_part",1
Bangladesh,2022,0,0,0,0,0,0,0,0,1,"exp_part, imp_part",1
Belarus,1950,0,0,0,0,0,0,0,0,0,,0
Belarus,1951,0,0,0,0,0,0,0,0,0,,0
Belarus,1952,0,0,0,0,0,0,0,0,0,,0
Belarus,1953,0,0,0,0,0,0,0,0,0,,0
Belarus,1954,0,0,0,0,0,0,0,0,0,,0
Belarus,1955,0,0,0,0,0,0,0,0,0,,0
Belarus,1956,0,0,0,0,0,0,0,0,0,,0
Belarus,1957,0,0,0,0,0,0,0,0,0,,0
Belarus,1958,0,0,0,0,0,0,0,0,0,,0
Belarus,1959,0,0,0,0,0,0,0,0,0,,0
Belarus,1960,0,0,0,0,0,0,0,0,0,,0
Belarus,1961,0,0,0,0,0,0,0,0,0,,0
Belarus,1962,0,0,0,0,0,0,0,0,0,,0
Belarus,1963,0,0,0,0,0,0,0,0,0,,0
Belarus,1964,0,0,0,0,0,0,0,0,0,,0
Belarus,1965,0,0,0,0,0,0,0,0,0,,0
Belarus,1966,0,0,0,0,0,0,0,0,0,,0
Belarus,1967,0,0,0,0,0,0,0,0,0,,0
Belarus,1968,0,0,0,0,0,0,0,0,0,,0
Belarus,1969,0,0,0,0,0,0,0,0,0,,0
Belarus,1970,0,0,0,0,0,0,0,0,0,,0
Belarus,1971,0,0,0,0,0,0,0,0,0,,0
Belarus,1972,0,0,0,0,0,0,0,0,0,,0
Belarus,1973,0,0,0,0,0,0,0,0,0,,0
Belarus,1974,0,0,0,0,0,0,0,0,0,,0
Belarus,1975,0,0,0,0,0,0,0,0,0,,0
Belarus,1976,0,0,0,0,0,0,0,0,0,,0
Belarus,1977,0,0,0,0,0,0,0,0,0,,0
Belarus,1978,0,0,0,0,0,0,0,0,0,,0
Belarus,1979,0,0,0,0,0,0,0,0,0,,0
Belarus,1980,0,0,0,0,0,0,0,0,0,,0
Belarus,1981,0,0,0,0,0,0,0,0,0,,0
Belarus,1982,0,0,0,0,0,0,0,0,0,,0
Belarus,1983,0,0,0,0,0,0,0,0,0,,0
Belarus,1984,0,0,0,0,0,0,0,0,0,,0
Belarus,1985,0,0,0,0,0,0,0,0,0,,0
Belarus,1986,0,0,0,0,0,0,0,0,0,,0
Belarus,1987,0,0,0,0,0,0,0,0,0,,0
Belarus,1988,0,0,0,0,0,0,0,0,0,,0
Belarus,1989,0,0,0,0,0,0,0,0,0,,0
Belarus,1990,0,0,0,0,0,0,0,0,0,,0
Belarus,1991,0,0,0,0,0,0,0,0,0,,0
Belarus,1992,0,0,0,0,0,0,0,0,0,,0
Belarus,1993,0,0,0,0,0,0,0,0,0,,0
Belarus,1994,0,0,0,0,0,0,0,0,0,,0
Belarus,1995,0,0,0,0,0,0,0,0,0,,0
Belarus,1996,0,0,0,0,0,0,0,0,0,,0
Belarus,1997,0,0,0,0,0,0,0,0,0,,0
Belarus,1998,0,0,0,0,0,0,0,0,0,,0
Belarus,1999,0,0,0,0,0,0,0,0,0,,0
Belarus,2000,0,0,0,0,0,0,0,0,0,,0
Belarus,2001,0,0,0,0,0,0,0,0,0,,0
Belarus,2002,0,0,0,0,0,0,0,0,0,,0
Belarus,2003,0,0,0,0,0,0,0,0,0,,0
Belarus,2004,0,0,0,0,0,0,0,0,0,,0
Belarus,2005,0,0,0,0,0,0,0,0,0,,0
Belarus,2006,0,1,0,0,0,0,0,0,1,"exp_part; exp_part, imp_part",1
Belarus,2007,0,1,0,0,0,0,0,0,1,"exp_part; exp_part, imp_part",1
Belarus,2008,0,1,0,0,0,0,0,0,1,"exp_part; exp_part, imp_part",1
Belarus,2009,0,1,0,0,0,0,0,0,1,"exp_part; exp_part, imp_part",1
Belarus,2010,0,1,0,0,0,1,0,0,1,"exp_part; exp_part, imp_part",1
Belarus,2011,0,1,1,0,0,0,0,0,1,"exp_part; exp_part, imp_part",1
Belarus,2012,0,1,1,0,0,0,0,0,1,"exp_part; exp_part, imp_part",1
Belarus,2013,0,1,1,0,0,0,0,0,1,"exp_part; exp_part, imp_part",1
Belarus,2014,0,1,1,0,0,0,0,0,1,"exp_part; exp_part, imp_part",1
Belarus,2015,0,1,1,0,0,0,0,0,1,"exp_part; exp_part, imp_part",1
Belarus,2016,0,1,1,0,0,0,0,0,1,"exp_part; exp_part, imp_part",1
Belarus,2017,0,0,0,0,0,0,0,0,1,"exp_part, imp_part",1
Belarus,2018,0,0,0,0,0,0,0,0,1,"exp_part, imp_part",1
Belarus,2019,0,0,0,0,0,0,0,0,1,"exp_part, imp_part",1
Belarus,2020,0,0,0,0,0,0,0,0,1,"exp_part, imp_part",1
Belarus,2021,0,0,0,0,0,0,0,0,1,"exp_part, imp_part",1
Belarus,2022,0,0,1,0,1,0,1,1,1,"exp_part; exp_part, imp_part; exp_part,imp_part",1
Belize,1950,0,0,0,0,0,0,0,0,0,,0
Belize,1951,0,0,0,0,0,0,0,0,0,,0
Belize,1952,0,0,0,0,0,0,0,0,0,,0
Belize,1953,0,0,0,0,0,0,0,0,0,,0
Belize,1954,0,0,0,0,0,0,0,0,0,,0
Belize,1955,0,0,0,0,0,0,0,0,0,,0
Belize,1956,0,0,0,0,0,0,0,0,0,,0
Belize,1957,0,0,0,0,0,0,0,0,0,,0
Belize,1958,0,0,0,0,0,0,0,0,0,,0
Belize,1959,0,0,0,0,0,0,0,0,0,,0
Belize,1960,0,0,0,0,0,0,0,0,0,,0
Belize,1961,0,0,0,0,0,0,0,0,0,,0
Belize,1962,0,0,0,0,0,0,0,0,0,,0
Belize,1963,0,0,0,0,0,0,0,0,0,,0
Belize,1964,0,0,0,0,0,0,0,0,0,,0
Belize,1965,0,0,0,0,0,0,0,0,0,,0
Belize,1966,0,0,0,0,0,0,0,0,0,,0
Belize,1967,0,0,0,0,0,0,0,0,0,,0
Belize,1968,0,0,0,0,0,0,0,0,0,,0
Belize,1969,0,0,0,0,0,0,0,0,0,,0
Belize,1970,0,0,0,0,0,0,0,0,0,,0
Belize,1971,0,0,0,0,0,0,0,0,0,,0
Belize,1972,0,0,0,0,0,0,0,0,0,,0
Belize,1973,0,0,0,0,0,0,0,0,0,,0
Belize,1974,0,0,0,0,0,0,0,0,0,,0
Belize,1975,0,0,0,0,0,0,0,0,0,,0
Belize,1976,0,0,0,0,0,0,0,0,0,,0
Belize,1977,0,0,0,0,0,0,0,0,0,,0
Belize,1978,0,0,0,0,0,0,0,0,0,,0
Belize,1979,0,0,0,0,0,0,0,0,0,,0
Belize,1980,0,0,0,0,0,0,0,0,0,,0
Belize,1981,0,0,0,0,0,0,0,0,0,,0
Belize,1982,0,0,0,0,0,0,0,0,0,,0
Belize,1983,0,0,0,0,0,0,0,0,0,,0
Belize,1984,0,0,0,0,0,0,0,0,0,,0
Belize,1985,0,0,0,0,0,0,0,0,0,,0
Belize,1986,0,0,0,0,0,0,0,0,0,,0
Belize,1987,0,0,0,0,0,0,0,0,0,,0
Belize,1988,0,0,0,0,0,0,0,0,0,,0
Belize,1989,0,0,0,0,0,0,0,0,0,,0
Belize,1990,0,0,0,0,0,0,0,0,0,,0
Belize,1991,0,0,0,0,0,0,0,0,0,,0
Belize,1992,0,0,0,0,0,0,0,0,0,,0
Belize,1993,0,0,0,0,0,0,0,0,0,,0
Belize,1994,0,0,0,0,0,0,0,0,0,,0
Belize,1995,0,0,0,0,0,0,0,0,0,,0
Belize,1996,0,0,0,0,0,0,0,0,0,,0
Belize,1997,0,0,0,0,0,0,0,0,1,imp_part,1
Belize,1998,0,0,0,0,0,0,0,0,1,imp_part,1
Belize,1999,0,0,0,0,0,0,0,0,1,imp_part,1
Belize,2000,0,0,0,0,0,0,0,0,1,imp_part,1
Belize,2001,0,0,1,0,0,0,0,0,1,imp_part,1
Belize,2002,0,0,1,0,0,0,0,0,1,imp_part,1
Belize,2003,0,0,1,0,0,0,0,0,1,imp_part,1
Belize,2004,0,0,1,0,0,0,0,0,1,imp_part,1
Belize,2005,0,0,0,0,0,0,0,0,0,,0
Belize,2006,0,0,0,0,0,0,0,0,0,,0
Belize,2007,0,0,0,0,0,0,0,0,0,,0
Belize,2008,0,0,0,0,0,0,0,0,0,,0
Belize,2009,0,0,0,0,0,0,0,0,0,,0
Belize,2010,0,0,0,0,0,0,0,0,0,,0
Belize,2011,0,0,0,0,0,0,0,0,1,"exp_part, imp_part",1
Belize,2012,0,0,0,0,0,0,0,0,1,"exp_part, imp_part",1
Belize,2013,0,0,0,0,0,0,0,0,1,"exp_part, imp_part; imp_part",1
Belize,2014,0,0,1,0,0,0,0,0,1,"exp_part, imp_part; imp_part",1
Belize,2015,0,0,0,0,0,0,0,0,1,"exp_part, imp_part; imp_part",1
Belize,2016,0,0,0,0,0,0,0,0,1,"exp_part, imp_part; imp_part",1
Belize,2017,0,0,0,0,0,0,0,0,1,"exp_part, imp_part; imp_part",1
Belize,2018,0,0,0,0,0,0,0,0,1,"exp_part, imp_part; imp_part",1
Belize,2019,0,0,0,0,0,0,0,0,1,"exp_part, imp_part; imp_part",1
Belize,2020,0,0,0,0,0,0,0,0,1,"exp_part, imp_part; imp_part",1
Belize,2021,0,0,0,0,0,0,0,0,1,"exp_part, imp_part; imp_part",1
Belize,2022,0,0,0,0,0,0,0,0,1,"exp_part, imp_part; imp_part",1
Bolivia,1950,0,0,0,0,0,0,0,0,0,,0
Bolivia,1951,0,0,0,0,0,0,0,0,0,,0
Bolivia,1952,0,0,0,0,0,0,0,0,0,,0
Bolivia,1953,0,0,0,0,0,0,0,0,0,,0
Bolivia,1954,0,0,0,0,0,0,0,0,0,,0
Bolivia,1955,0,0,0,0,0,0,0,0,0,,0
Bolivia,1956,0,0,0,0,0,0,0,0,0,,0
Bolivia,1957,0,0,0,0,0,0,0,0,0,,0
Bolivia,1958,0,0,0,0,0,0,0,0,0,,0
Bolivia,1959,0,0,0,0,0,0,0,0,0,,0
Bolivia,1960,0,0,0,0,0,0,0,0,0,,0
Bolivia,1961,0,0,0,0,0,0,0,0,0,,0
Bolivia,1962,0,0,0,0,0,0,0,0,0,,0
Bolivia,1963,0,0,0,0,0,0,0,0,0,,0
Bolivia,1964,0,0,0,0,0,0,0,0,0,,0
Bolivia,1965,0,0,0,0,0,0,0,0,0,,0
Bolivia,1966,0,0,0,0,0,0,0,0,0,,0
Bolivia,1967,0,0,0,0,0,0,0,0,0,,0
Bolivia,1968,0,0,0,0,0,0,0,0,0,,0
Bolivia,1969,0,0,0,0,0,0,0,0,0,,0
Bolivia,1970,0,0,0,0,0,0,0,0,0,,0
Bolivia,1971,0,0,0,0,0,0,0,0,0,,0
Bolivia,1972,0,0,0,0,0,0,0,0,0,,0
Bolivia,1973,0,0,0,0,0,0,0,0,0,,0
Bolivia,1974,0,0,0,0,0,0,0,0,0,,0
Bolivia,1975,0,0,0,0,0,0,0,0,0,,0
Bolivia,1976,0,0,0,0,0,0,0,0,0,,0
Bolivia,1977,0,0,0,0,0,0,0,0,0,,0
Bolivia,1978,0,0,0,0,0,0,0,0,0,,0
Bolivia,1979,0,0,0,0,0,0,0,0,0,,0
Bolivia,1980,0,0,0,0,0,0,0,0,0,,0
Bolivia,1981,0,0,0,0,0,0,0,0,0,,0
Bolivia,1982,0,0,0,0,0,0,0,0,0,,0
Bolivia,1983,0,0,0,0,0,0,0,0,0,,0
Bolivia,1984,0,0,0,0,0,0,0,0,0,,0
Bolivia,1985,0,0,0,0,0,0,0,0,0,,0
Bolivia,1986,0,0,0,0,0,0,0,0,0,,0
Bolivia,1987,0,0,0,0,0,0,0,0,0,,0
Bolivia,1988,0,0,0,0,0,0,0,0,0,,0
Bolivia,1989,0,0,0,0,0,0,0,0,0,,0
Bolivia,1990,0,0,0,0,0,0,0,0,0,,0
Bolivia,1991,0,0,0,0,0,0,0,0,0,,0
Bolivia,1992,0,0,0,0,0,0,0,0,0,,0
Bolivia,1993,0,0,0,0,0,0,0,0,0,,0
Bolivia,1994,0,0,0,0,0,0,0,0,0,,0
Bolivia,1995,0,0,0,0,0,0,0,0,0,,0
Bolivia,1996,0,0,0,0,0,0,0,0,0,,0
Bolivia,1997,0,0,0,0,0,0,0,0,0,,0
Bolivia,1998,0,0,0,0,0,0,0,0,0,,0
Bolivia,1999,0,0,0,0,0,0,0,0,0,,0
Bolivia,2000,0,0,0,0,0,0,0,0,0,,0
Bolivia,2001,0,0,0,0,0,0,0,0,0,,0
Bolivia,2002,0,0,0,0,0,0,0,0,0,,0
Bolivia,2003,0,0,0,0,0,0,0,0,0,,0
Bolivia,2004,0,0,0,0,0,0,0,0,0,,0
Bolivia,2005,0,0,0,0,0,0,0,0,0,,0
Bolivia,2006,0,0,0,0,0,0,0,0,0,,0
Bolivia,2007,0,0,0,0,0,0,0,0,0,,0
Bolivia,2008,0,0,0,0,0,0,0,0,0,,0
Bolivia,2009,0,0,0,0,0,0,0,0,0,,0
Bolivia,2010,0,0,0,0,0,0,0,0,0,,0
Bolivia,2011,0,0,0,0,0,0,0,0,1,"exp_part, imp_part",1
Bolivia,2012,0,0,0,0,0,0,0,0,1,"exp_part, imp_part",1
Bolivia,2013,0,0,0,0,0,0,0,0,1,"exp_part, imp_part",1
Bolivia,2014,0,0,0,0,0,0,0,0,1,"exp_part, imp_part",1
Bolivia,2015,0,0,0,0,0,0,0,0,1,"exp_part, imp_part",1
Bolivia,2016,0,0,0,0,0,0,0,0,1,"exp_part, imp_part",1
Bolivia,2017,0,0,0,0,0,0,0,0,1,"exp_part, imp_part",1
Bolivia,2018,0,0,0,0,0,0,0,0,1,"exp_part, imp_part",1
Bolivia,2019,0,0,0,0,0,0,0,0,1,"exp_part, imp_part",1
Bolivia,2020,0,0,0,0,0,0,0,0,1,"exp_part, imp_part",1
Bolivia,2021,0,0,0,0,0,0,0,0,1,"exp_part, imp_part",1
Bolivia,2022,0,0,0,0,0,0,0,0,1,"exp_part, imp_part",1
Brazil,1950,0,0,0,0,0,0,0,0,0,,0
Brazil,1951,0,0,0,0,0,0,0,0,0,,0
Brazil,1952,0,0,0,0,0,0,0,0,0,,0
Brazil,1953,0,0,0,0,0,0,0,0,0,,0
Brazil,1954,0,0,0,0,0,0,0,0,0,,0
Brazil,1955,0,0,0,0,0,0,0,0,0,,0
Brazil,1956,0,0,0,0,0,0,0,0,0,,0
Brazil,1957,0,0,0,0,0,0,0,0,0,,0
Brazil,1958,0,0,0,0,0,0,0,0,0,,0
Brazil,1959,0,0,0,0,0,0,0,0,0,,0
Brazil,1960,0,0,0,0,0,0,0,0,0,,0
Brazil,1961,0,0,0,0,0,0,0,0,0,,0
Brazil,1962,0,0,0,0,0,0,0,0,0,,0
Brazil,1963,0,0,0,0,0,0,0,0,0,,0
Brazil,1964,0,0,0,0,0,0,0,0,0,,0
Brazil,1965,0,0,0,0,0,0,0,0,0,,0
Brazil,1966,0,0,0,0,0,0,0,0,0,,0
Brazil,1967,0,0,0,0,0,0,0,0,0,,0
Brazil,1968,0,0,0,0,0,0,0,0,0,,0
Brazil,1969,0,0,0,0,0,0,0,0,0,,0
Brazil,1970,0,0,0,0,0,0,0,0,0,,0
Brazil,1971,0,0,0,0,0,0,0,0,0,,0
Brazil,1972,0,0,0,0,0,0,0,0,0,,0
Brazil,1973,0,0,0,0,0,0,0,0,0,,0
Brazil,1974,0,0,0,0,0,0,0,0,0,,0
Brazil,1975,0,0,0,0,0,0,0,0,0,,0
Brazil,1976,0,0,0,0,0,0,0,0,0,,0
Brazil,1977,0,0,0,0,0,0,0,0,0,,0
Brazil,1978,0,0,0,0,0,0,0,0,1,exp_part,1
Brazil,1979,0,0,0,0,0,0,0,0,1,exp_part,1
Brazil,1980,0,0,0,0,0,0,0,0,1,exp_part,1
Brazil,1981,0,0,0,0,0,0,0,0,1,exp_part,1
Brazil,1982,0,0,0,0,0,0,0,0,0,,0
Brazil,1983,0,0,0,0,0,0,0,0,0,,0
Brazil,1984,0,0,0,0,0,0,0,0,0,,0
Brazil,1985,0,0,0,0,0,0,0,0,0,,0
Brazil,1986,0,0,0,0,0,0,0,0,0,,0
Brazil,1987,0,0,0,0,0,0,0,0,0,,0
Brazil,1988,0,0,0,0,0,0,0,0,0,,0
Brazil,1989,0,0,0,0,0,0,0,0,0,,0
Brazil,1990,0,0,0,0,0,0,0,0,0,,0
Brazil,1991,0,0,0,0,0,0,0,0,0,,0
Brazil,1992,0,0,0,0,0,0,0,0,0,,0
Brazil,1993,0,0,0,0,0,0,0,0,0,,0
Brazil,1994,0,0,0,0,0,0,0,0,0,,0
Brazil,1995,0,0,0,0,0,0,0,0,0,,0
Brazil,1996,0,0,0,0,0,0,0,0,0,,0
Brazil,1997,0,0,0,0,0,0,0,0,0,,0
Brazil,1998,0,0,0,0,0,0,0,0,0,,0
Brazil,1999,0,0,0,0,0,0,0,0,0,,0
Brazil,2000,0,0,0,0,0,0,0,0,0,,0
Brazil,2001,0,0,0,0,0,0,0,0,0,,0
Brazil,2002,0,0,0,0,0,0,0,0,0,,0
Brazil,2003,0,0,0,0,0,0,0,0,0,,0
Brazil,2004,0,0,0,0,0,0,0,0,0,,0
Brazil,2005,0,0,0,0,0,0,0,0,0,,0
Brazil,2006,0,0,0,0,0,0,0,0,0,,0
Brazil,2007,0,0,0,0,0,0,0,0,0,,0
Brazil,2008,0,0,0,0,0,0,0,0,0,,0
Brazil,2009,0,0,0,0,0,0,0,0,0,,0
Brazil,2010,0,0,0,0,0,0,0,0,0,,0
Brazil,2011,0,0,0,0,0,0,0,0,0,,0
Brazil,2012,0,0,0,0,0,0,0,0,0,,0
Brazil,2013,0,0,0,0,0,0,0,0,0,,0
Brazil,2014,0,0,0,0,0,0,0,0,0,,0
Brazil,2015,0,0,0,0,0,0,0,0,0,,0
Brazil,2016,0,0,0,0,0,0,0,0,0,,0
Brazil,2017,0,0,0,0,0,0,0,0,0,,0
Brazil,2018,0,0,0,0,0,0,0,0,0,,0
Brazil,2019,0,0,0,0,0,0,0,0,0,,0
Brazil,2020,0,0,0,0,0,0,0,0,0,,0
Brazil,2021,0,0,0,0,0,0,0,0,0,,0
Brazil,2022,0,0,0,0,0,0,0,0,0,,0
Bulgaria,1950,0,0,0,0,0,0,0,0,0,,0
Bulgaria,1951,0,0,0,0,0,0,0,0,0,,0
Bulgaria,1952,0,0,0,0,0,0,0,0,0,,0
Bulgaria,1953,0,0,0,0,0,0,0,0,0,,0
Bulgaria,1954,0,0,0,0,0,0,0,0,0,,0
Bulgaria,1955,0,0,0,0,0,0,0,0,0,,0
Bulgaria,1956,0,0,0,0,0,0,0,0,0,,0
Bulgaria,1957,0,0,0,0,0,0,0,0,0,,0
Bulgaria,1958,0,0,0,0,0,0,0,0,0,,0
Bulgaria,1959,0,0,0,0,0,0,0,0,0,,0
Bulgaria,1960,0,0,0,0,0,0,0,0,0,,0
Bulgaria,1961,0,0,0,0,0,0,0,0,0,,0
Bulgaria,1962,0,0,0,0,0,0,0,0,0,,0
Bulgaria,1963,0,0,0,0,0,0,0,0,0,,0
Bulgaria,1964,0,0,0,0,0,0,0,0,0,,0
Bulgaria,1965,0,0,0,0,0,0,0,0,0,,0
Bulgaria,1966,0,0,0,0,0,0,0,0,0,,0
Bulgaria,1967,0,0,0,0,0,0,0,0,0,,0
Bulgaria,1968,0,0,0,0,0,0,0,0,0,,0
Bulgaria,1969,0,0,0,0,0,0,0,0,0,,0
Bulgaria,1970,0,0,0,0,0,0,0,0,0,,0
Bulgaria,1971,0,0,0,0,0,0,0,0,0,,0
Bulgaria,1972,0,0,0,0,0,0,0,0,0,,0
Bulgaria,1973,0,0,0,0,0,0,0,0,0,,0
Bulgaria,1974,0,0,0,0,0,0,0,0,0,,0
Bulgaria,1975,0,0,0,0,0,0,0,0,0,,0
Bulgaria,1976,0,0,0,0,0,0,0,0,0,,0
Bulgaria,1977,0,0,0,0,0,0,0,0,0,,0
Bulgaria,1978,0,0,0,0,0,0,0,0,0,,0
Bulgaria,1979,0,0,0,0,0,0,0,0,0,,0
Bulgaria,1980,0,0,0,0,0,0,0,0,0,,0
Bulgaria,1981,0,0,0,0,0,0,0,0,0,,0
Bulgaria,1982,0,0,0,0,0,0,0,0,0,,0
Bulgaria,1983,0,0,0,0,0,0,0,0,0,,0
Bulgaria,1984,0,0,0,0,0,0,0,0,0,,0
Bulgaria,1985,0,0,0,0,0,0,0,0,0,,0
Bulgaria,1986,0,0,0,0,0,0,0,0,0,,0
Bulgaria,1987,0,0,0,0,0,0,0,0,0,,0
Bulgaria,1988,0,0,0,0,0,0,0,0,0,,0
Bulgaria,1989,0,0,0,0,0,0,0,0,0,,0
Bulgaria,1990,0,0,0,0,0,0,0,0,0,,0
Bulgaria,1991,0,0,0,0,0,0,0,0,0,,0
Bulgaria,1992,0,0,0,0,0,0,0,0,0,,0
Bulgaria,1993,0,0,0,0,0,0,0,0,0,,0
Bulgaria,1994,0,0,0,0,0,0,0,0,0,,0
Bulgaria,1995,0,0,0,0,0,0,0,0,0,,0
Bulgaria,1996,0,0,0,0,0,0,0,0,0,,0
Bulgaria,1997,0,0,0,0,0,0,0,0,0,,0
Bulgaria,1998,0,0,0,0,0,0,0,0,0,,0
Bulgaria,1999,0,0,0,0,0,0,0,0,0,,0
Bulgaria,2000,0,0,0,0,0,0,0,0,0,,0
Bulgaria,2001,0,0,0,0,0,0,0,0,0,,0
Bulgaria,2002,0,0,0,0,0,0,0,0,0,,0
Bulgaria,2003,0,0,0,0,0,0,0,0,0,,0
Bulgaria,2004,0,0,0,0,0,0,0,0,0,,0
Bulgaria,2005,0,0,0,0,0,0,0,0,0,,0
Bulgaria,2006,0,0,0,0,0,0,0,0,0,,0
Bulgaria,2007,0,0,0,0,0,0,0,0,0,,0
Bulgaria,2008,0,0,0,0,0,0,0,0,0,,0
Bulgaria,2009,0,0,0,0,0,0,0,0,0,,0
Bulgaria,2010,0,0,0,0,0,0,0,0,0,,0
Bulgaria,2011,0,0,0,0,0,0,0,0,0,,0
Bulgaria,2012,0,0,0,0,0,0,0,0,0,,0
Bulgaria,2013,0,0,0,0,0,0,0,0,0,,0
Bulgaria,2014,0,0,0,0,0,0,0,0,0,,0
Bulgaria,2015,0,0,0,0,0,0,0,0,0,,0
Bulgaria,2016,0,0,0,0,0,0,0,0,0,,0
Bulgaria,2017,0,0,0,0,0,0,0,0,0,,0
Bulgaria,2018,0,0,0,0,0,0,0,0,0,,0
Bulgaria,2019,0,0,0,0,0,0,0,0,0,,0
Bulgaria,2020,0,0,0,0,0,0,0,0,0,,0
Bulgaria,2021,0,0,0,0,0,0,0,0,1,"exp_part, imp_part",1
Bulgaria,2022,0,0,0,0,0,1,0,0,1,"exp_part; exp_part, imp_part",1
Cambodia,1950,0,0,0,0,0,0,0,0,0,,0
Cambodia,1951,0,0,0,0,0,0,0,0,0,,0
Cambodia,1952,0,0,0,0,0,0,0,0,0,,0
Cambodia,1953,0,0,0,0,0,0,0,0,0,,0
Cambodia,1954,0,0,0,0,0,0,0,0,0,,0
Cambodia,1955,0,0,0,0,0,0,0,0,0,,0
Cambodia,1956,0,0,0,0,0,0,0,0,0,,0
Cambodia,1957,0,0,0,0,0,0,0,0,0,,0
Cambodia,1958,0,0,0,0,0,0,0,0,0,,0
Cambodia,1959,0,0,0,0,0,0,0,0,0,,0
Cambodia,1960,0,0,0,0,0,0,0,0,0,,0
Cambodia,1961,0,0,0,0,0,0,0,0,0,,0
Cambodia,1962,0,0,0,0,0,0,0,0,0,,0
Cambodia,1963,0,0,0,0,0,0,0,0,0,,0
Cambodia,1964,0,0,0,0,0,0,0,0,0,,0
Cambodia,1965,0,0,0,0,0,0,0,0,0,,0
Cambodia,1966,0,0,0,0,0,0,0,0,0,,0
Cambodia,1967,0,0,0,0,0,0,0,0,0,,0
Cambodia,1968,0,0,0,0,0,0,0,0,0,,0
Cambodia,1969,0,0,0,0,0,0,0,0,0,,0
Cambodia,1970,0,0,0,0,0,0,0,0,0,,0
Cambodia,1971,0,0,0,0,0,0,0,0,0,,0
Cambodia,1972,0,0,0,0,0,0,0,0,0,,0
Cambodia,1973,0,0,0,0,0,0,0,0,0,,0
Cambodia,1974,0,0,0,0,0,0,0,0,0,,0
Cambodia,1975,0,0,0,0,0,0,0,0,1,"exp_compl, imp_compl",1
Cambodia,1976,0,0,0,0,0,0,0,0,1,"exp_compl, imp_compl",1
Cambodia,1977,0,0,0,0,0,0,0,0,1,"exp_compl, imp_compl",1
Cambodia,1978,0,0,0,0,0,0,0,0,1,"exp_compl, imp_compl",1
Cambodia,1979,0,0,0,0,0,0,0,0,1,"exp_compl, imp_compl",1
Cambodia,1980,0,0,0,0,0,0,0,0,1,"exp_compl, imp_compl",1
Cambodia,1981,0,0,0,0,0,0,0,0,1,"exp_compl, imp_compl",1
Cambodia,1982,0,0,0,0,0,0,0,0,1,"exp_compl, imp_compl",1
Cambodia,1983,0,0,0,0,0,0,0,0,1,"exp_compl, imp_compl",1
Cambodia,1984,0,0,0,0,0,0,0,0,1,"exp_compl, imp_compl",1
Cambodia,1985,0,0,0,0,0,0,0,0,1,"exp_compl, imp_compl",1
Cambodia,1986,0,0,0,0,0,0,0,0,1,"exp_compl, imp_compl",1
Cambodia,1987,0,0,0,0,0,0,0,0,1,"exp_compl, imp_compl",1
Cambodia,1988,0,0,0,0,0,0,0,0,1,"exp_compl, imp_compl",1
Cambodia,1989,0,0,0,0,0,0,0,0,1,"exp_compl, imp_compl",1
Cambodia,1990,0,0,0,0,0,0,0,0,1,"exp_compl, imp_compl",1
Cambodia,1991,0,0,0,0,0,0,0,0,1,"exp_compl, imp_compl",1
Cambodia,1992,0,0,0,0,0,0,0,0,1,"exp_compl, imp_compl",1
Cambodia,1993,0,0,0,0,0,0,0,0,0,,0
Cambodia,1994,0,0,0,0,0,0,0,0,0,,0
Cambodia,1995,0,0,0,0,0,0,0,0,0,,0
Cambodia,1996,0,0,0,0,0,0,0,0,0,,0
Cambodia,1997,0,0,0,0,0,0,0,0,0,,0
Cambodia,1998,0,0,0,0,0,0,0,0,0,,0
Cambodia,1999,0,0,0,0,0,0,0,0,0,,0
Cambodia,2000,0,0,0,0,0,0,0,0,0,,0
Cambodia,2001,0,0,0,0,0,0,0,0,0,,0
Cambodia,2002,0,0,0,0,0,0,0,0,0,,0
Cambodia,2003,0,0,0,0,0,0,0,0,0,,0
Cambodia,2004,0,0,0,0,0,0,0,0,0,,0
Cambodia,2005,0,0,0,0,0,0,0,0,0,,0
Cambodia,2006,0,0,0,0,0,0,0,0,0,,0
Cambodia,2007,0,0,0,0,0,0,0,0,0,,0
Cambodia,2008,0,0,0,0,0,0,0,0,0,,0
Cambodia,2009,0,0,0,0,0,0,0,0,0,,0
Cambodia,2010,0,0,0,0,0,0,0,0,0,,0
Cambodia,2011,0,0,0,0,0,0,0,0,0,,0
Cambodia,2012,0,0,0,0,0,0,0,0,0,,0
Cambodia,2013,0,0,0,0,0,0,0,0,0,,0
Cambodia,2014,0,0,0,0,0,0,0,0,0,,0
Cambodia,2015,0,0,0,0,0,0,0,0,0,,0
Cambodia,2016,0,0,0,0,0,0,0,0,0,,0
Cambodia,2017,0,0,0,0,0,0,0,0,0,,0
Cambodia,2018,0,0,0,0,0,0,0,0,0,,0
Cambodia,2019,0,0,0,0,0,0,0,0,0,,0
Cambodia,2020,0,0,0,0,0,0,0,0,0,,0
Cambodia,2021,0,0,0,0,0,0,0,0,0,,0
Cambodia,2022,0,0,0,0,0,0,0,0,0,,0
Cameroon,1950,0,0,0,0,0,0,0,0,0,,0
Cameroon,1951,0,0,0,0,0,0,0,0,0,,0
Cameroon,1952,0,0,0,0,0,0,0,0,0,,0
Cameroon,1953,0,0,0,0,0,0,0,0,0,,0
Cameroon,1954,0,0,0,0,0,0,0,0,0,,0
Cameroon,1955,0,0,0,0,0,0,0,0,0,,0
Cameroon,1956,0,0,0,0,0,0,0,0,0,,0
Cameroon,1957,0,0,0,0,0,0,0,0,0,,0
Cameroon,1958,0,0,0,0,0,0,0,0,0,,0
Cameroon,1959,0,0,0,0,0,0,0,0,0,,0
Cameroon,1960,0,0,0,0,0,0,0,0,0,,0
Cameroon,1961,0,0,0,0,0,0,0,0,0,,0
Cameroon,1962,0,0,0,0,0,0,0,0,0,,0
Cameroon,1963,0,0,0,0,0,0,0,0,0,,0
Cameroon,1964,0,0,0,0,0,0,0,0,0,,0
Cameroon,1965,0,0,0,0,0,0,0,0,0,,0
Cameroon,1966,0,0,0,0,0,0,0,0,0,,0
Cameroon,1967,0,0,0,0,0,0,0,0,0,,0
Cameroon,1968,0,0,0,0,0,0,0,0,0,,0
Cameroon,1969,0,0,0,0,0,0,0,0,0,,0
Cameroon,1970,0,0,0,0,0,0,0,0,0,,0
Cameroon,1971,0,0,0,0,0,0,0,0,0,,0
Cameroon,1972,0,0,0,0,0,0,0,0,0,,0
Cameroon,1973,0,0,0,0,0,0,0,0,0,,0
Cameroon,1974,0,0,0,0,0,0,0,0,0,,0
Cameroon,1975,0,0,0,0,0,0,0,0,0,,0
Cameroon,1976,0,0,0,0,0,0,0,0,0,,0
Cameroon,1977,0,0,0,0,0,0,0,0,0,,0
Cameroon,1978,0,0,0,0,0,0,0,0,0,,0
Cameroon,1979,0,0,0,0,0,0,0,0,0,,0
Cameroon,1980,0,0,0,0,0,0,0,0,0,,0
Cameroon,1981,0,0,0,0,0,0,0,0,0,,0
Cameroon,1982,0,0,0,0,0,0,0,0,0,,0
Cameroon,1983,0,0,0,0,0,0,0,0,0,,0
Cameroon,1984,0,0,0,0,0,0,0,0,0,,0
Cameroon,1985,0,0,0,0,0,0,0,0,0,,0
Cameroon,1986,0,0,0,0,0,0,0,0,0,,0
Cameroon,1987,0,0,0,0,0,0,0,0,0,,0
Cameroon,1988,0,0,0,0,0,0,0,0,0,,0
Cameroon,1989,0,0,0,0,0,0,0,0,0,,0
Cameroon,1990,0,0,0,0,0,0,0,0,0,,0
Cameroon,1991,0,0,0,0,0,0,0,0,0,,0
Cameroon,1992,0,0,0,0,0,0,0,0,1,imp_part,1
Cameroon,1993,0,0,0,0,0,0,0,0,1,imp_part,1
Cameroon,1994,0,0,0,0,0,0,0,0,1,imp_part,1
Cameroon,1995,0,0,0,0,0,0,0,0,1,imp_part,1
Cameroon,1996,0,0,0,0,0,0,0,0,1,imp_part,1
Cameroon,1997,0,0,0,0,0,0,0,0,1,imp_part,1
Cameroon,1998,0,0,0,0,0,0,0,0,1,imp_part,1
Cameroon,1999,0,0,0,0,0,0,0,0,0,,0
Cameroon,2000,0,0,0,0,0,0,0,0,0,,0
Cameroon,2001,0,0,0,0,0,0,0,0,0,,0
Cameroon,2002,0,0,0,0,0,0,0,0,0,,0
Cameroon,2003,0,0,0,0,0,0,0,0,0,,0
Cameroon,2004,0,0,0,0,0,0,0,0,0,,0
Cameroon,2005,0,0,0,0,0,0,0,0,0,,0
Cameroon,2006,0,0,0,0,0,0,0,0,0,,0
Cameroon,2007,0,0,0,0,0,0,0,0,0,,0
Cameroon,2008,0,0,0,0,0,0,0,0,0,,0
Cameroon,2009,0,0,0,0,0,0,0,0,0,,0
Cameroon,2010,0,0,0,0,0,0,0,0,0,,0
Cameroon,2011,0,0,0,0,0,0,0,0,0,,0
Cameroon,2012,0,0,0,0,0,0,0,0,0,,0
Cameroon,2013,0,0,0,0,0,0,0,0,0,,0
Cameroon,2014,0,0,0,0,0,0,0,0,0,,0
Cameroon,2015,0,0,0,0,0,0,0,0,0,,0
Cameroon,2016,0,0,0,0,0,0,0,0,0,,0
Cameroon,2017,0,0,0,0,0,0,0,0,0,,0
Cameroon,2018,0,0,0,0,0,0,0,0,0,,0
Cameroon,2019,0,0,0,0,0,0,0,0,0,,0
Cameroon,2020,0,0,0,0,0,0,0,0,0,,0
Cameroon,2021,0,0,0,0,0,0,0,0,0,,0
Cameroon,2022,0,0,0,0,0,0,0,0,0,,0
Canada,1950,0,0,0,0,0,0,0,0,0,,0
Canada,1951,0,0,0,0,0,0,0,0,0,,0
Canada,1952,0,0,0,0,0,0,0,0,0,,0
Canada,1953,0,0,0,0,0,0,0,0,0,,0
Canada,1954,0,0,0,0,0,0,0,0,0,,0
Canada,1955,0,0,0,0,0,0,0,0,0,,0
Canada,1956,0,0,0,0,0,0,0,0,0,,0
Canada,1957,0,0,0,0,0,0,0,0,0,,0
Canada,1958,0,0,0,0,0,0,0,0,0,,0
Canada,1959,0,0,0,0,0,0,0,0,0,,0
Canada,1960,0,0,0,0,0,0,0,0,0,,0
Canada,1961,0,0,0,0,0,0,0,0,0,,0
Canada,1962,0,0,0,0,0,0,0,0,0,,0
Canada,1963,0,0,0,0,0,0,0,0,0,,0
Canada,1964,0,0,0,0,0,0,0,0,0,,0
Canada,1965,0,0,0,0,0,0,0,0,0,,0
Canada,1966,0,0,0,0,0,0,0,0,0,,0
Canada,1967,0,0,0,0,0,0,0,0,0,,0
Canada,1968,0,0,0,0,0,0,0,0,0,,0
Canada,1969,0,0,0,0,0,0,0,0,0,,0
Canada,1970,0,0,0,0,0,0,0,0,0,,0
Canada,1971,0,0,0,0,0,0,0,0,0,,0
Canada,1972,0,0,0,0,0,0,0,0,0,,0
Canada,1973,0,0,0,0,0,0,0,0,0,,0
Canada,1974,0,0,0,0,0,0,0,0,0,,0
Canada,1975,0,0,0,0,0,0,0,0,0,,0
Canada,1976,0,0,0,0,0,0,0,0,0,,0
Canada,1977,0,0,0,0,0,0,0,0,0,,0
Canada,1978,0,0,0,0,0,0,0,0,0,,0
Canada,1979,0,0,0,0,0,0,0,0,0,,0
Canada,1980,0,0,0,0,0,0,0,0,0,,0
Canada,1981,0,0,0,0,0,0,0,0,0,,0
Canada,1982,0,0,0,0,0,0,0,0,0,,0
Canada,1983,0,0,0,0,0,0,0,0,0,,0
Canada,1984,0,0,0,0,0,0,0,0,0,,0
Canada,1985,0,0,0,0,0,0,0,0,0,,0
Canada,1986,0,0,0,0,0,0,0,0,0,,0
Canada,1987,0,0,0,0,0,0,0,0,0,,0
Canada,1988,0,0,0,0,0,0,0,0,0,,0
Canada,1989,0,0,0,0,0,0,0,0,0,,0
Canada,1990,0,0,0,0,0,0,0,0,0,,0
Canada,1991,0,0,0,0,0,0,0,0,0,,0
Canada,1992,0,0,0,0,0,0,0,0,0,,0
Canada,1993,0,0,0,0,0,0,0,0,0,,0
Canada,1994,0,0,0,0,0,0,0,0,0,,0
Canada,1995,0,0,0,0,0,0,0,0,0,,0
Canada,1996,0,0,0,0,0,0,0,0,0,,0
Canada,1997,0,0,0,0,0,0,0,0,0,,0
Canada,1998,0,0,0,0,0,0,0,0,0,,0
Canada,1999,0,0,0,0,0,0,0,0,0,,0
Canada,2000,0,0,0,0,0,0,0,0,0,,0
Canada,2001,0,0,0,0,0,0,0,0,0,,0
Canada,2002,0,0,0,0,0,0,0,0,0,,0
Canada,2003,0,0,0,0,1,0,0,0,1,imp_part,1
Canada,2004,0,0,0,0,1,0,0,0,1,imp_part,1
Canada,2005,0,0,0,0,1,0,0,0,1,imp_part,1
Canada,2006,0,0,0,0,1,0,0,0,0,imp_part,1
Canada,2007,0,0,0,0,0,0,0,0,0,,0
Canada,2008,0,0,0,0,0,0,0,0,0,,0
Canada,2009,0,0,0,0,0,0,0,0,0,,0
Canada,2010,0,0,0,0,0,0,0,0,0,,0
Canada,2011,0,0,0,0,0,0,0,0,0,,0
Canada,2012,0,0,0,0,0,0,0,0,0,,0
Canada,2013,0,0,0,0,0,0,0,0,0,,0
Canada,2014,0,0,0,0,0,1,0,0,0,imp_part,1
Canada,2015,0,0,0,0,0,1,0,0,0,imp_part,1
Canada,2016,0,0,0,0,0,1,0,0,0,imp_part,1
Canada,2017,0,0,0,0,0,1,0,0,0,imp_part,1
Canada,2018,0,0,0,0,0,1,0,0,0,imp_part,1
Canada,2019,0,0,0,0,0,1,0,0,0,imp_part,1
Canada,2020,0,0,0,0,0,1,0,0,0,imp_part,1
Canada,2021,0,0,0,0,0,1,0,0,0,imp_part,1
Canada,2022,0,0,0,0,0,1,0,0,0,imp_part,1
Central African Republic,1950,0,0,0,0,0,0,0,0,0,,0
Central African Republic,1951,0,0,0,0,0,0,0,0,0,,0
Central African Republic,1952,0,0,0,0,0,0,0,0,0,,0
Central African Republic,1953,0,0,0,0,0,0,0,0,0,,0
Central African Republic,1954,0,0,0,0,0,0,0,0,0,,0
Central African Republic,1955,0,0,0,0,0,0,0,0,0,,0
Central African Republic,1956,0,0,0,0,0,0,0,0,0,,0
Central African Republic,1957,0,0,0,0,0,0,0,0,0,,0
Central African Republic,1958,0,0,0,0,0,0,0,0,0,,0
Central African Republic,1959,0,0,0,0,0,0,0,0,0,,0
Central African Republic,1960,0,0,0,0,0,0,0,0,0,,0
Central African Republic,1961,0,0,0,0,0,0,0,0,0,,0
Central African Republic,1962,0,0,0,0,0,0,0,0,0,,0
Central African Republic,1963,0,0,0,0,0,0,0,0,0,,0
Central African Republic,1964,0,0,0,0,0,0,0,0,0,,0
Central African Republic,1965,0,0,0,0,0,0,0,0,0,,0
Central African Republic,1966,0,0,0,0,0,0,0,0,0,,0
Central African Republic,1967,0,0,0,0,0,0,0,0,0,,0
Central African Republic,1968,0,0,0,0,0,0,0,0,0,,0
Central African Republic,1969,0,0,0,0,0,0,0,0,0,,0
Central African Republic,1970,0,0,0,0,0,0,0,0,0,,0
Central African Republic,1971,0,0,0,0,0,0,0,0,0,,0
Central African Republic,1972,0,0,0,0,0,0,0,0,0,,0
Central African Republic,1973,0,0,0,0,0,0,0,0,0,,0
Central African Republic,1974,0,0,0,0,0,0,0,0,0,,0
Central African Republic,1975,0,0,0,0,0,0,0,0,0,,0
Central African Republic,1976,0,0,0,0,0,0,0,0,0,,0
Central African Republic,1977,0,0,0,0,0,0,0,0,0,,0
Central African Republic,1978,0,0,0,0,0,0,0,0,0,,0
Central African Republic,1979,0,0,0,0,0,0,0,0,0,,0
Central African Republic,1980,0,0,0,0,0,0,0,0,0,,0
Central African Republic,1981,0,0,0,0,0,0,0,0,0,,0
Central African Republic,1982,0,0,0,0,0,0,0,0,0,,0
Central African Republic,1983,0,0,0,0,0,0,0,0,0,,0
Central African Republic,1984,0,0,0,0,0,0,0,0,0,,0
Central African Republic,1985,0,0,0,0,0,0,0,0,0,,0
Central African Republic,1986,0,0,0,0,0,0,0,0,0,,0
Central African Republic,1987,0,0,0,0,0,0,0,0,0,,0
Central African Republic,1988,0,0,0,0,0,0,0,0,0,,0
Central African Republic,1989,0,0,0,0,0,0,0,0,0,,0
Central African Republic,1990,0,0,0,0,0,0,0,0,0,,0
Central African Republic,1991,0,0,0,0,0,0,0,0,0,,0
Central African Republic,1992,0,0,0,0,0,0,0,0,0,,0
Central African Republic,1993,0,0,0,0,0,0,0,0,0,,0
Central African Republic,1994,0,0,0,0,0,0,0,0,0,,0
Central African Republic,1995,0,0,0,0,0,0,0,0,0,,0
Central African Republic,1996,0,0,0,0,0,0,0,0,0,,0
Central African Republic,1997,0,0,0,0,0,0,0,0,0,,0
Central African Republic,1998,0,0,0,0,0,0,0,0,0,,0
Central African Republic,1999,0,0,0,0,0,0,0,0,0,,0
Central African Republic,2000,0,0,0,0,0,0,0,0,0,,0
Central African Republic,2001,0,0,0,0,0,0,0,0,0,,0
Central African Republic,2002,0,0,0,0,0,0,0,0,0,,0
Central African Republic,2003,0,0,0,0,0,0,0,0,0,,0
Central African Republic,2004,0,0,0,0,0,0,0,0,0,,0
Central African Republic,2005,0,0,0,0,0,0,0,0,0,,0
Central African Republic,2006,0,0,0,0,0,0,0,0,0,,0
Central African Republic,2007,0,0,0,0,0,0,0,0,0,,0
Central African Republic,2008,0,0,0,0,0,0,0,0,0,,0
Central African Republic,2009,0,0,0,0,0,0,0,0,0,,0
Central African Republic,2010,0,0,0,0,0,0,0,0,0,,0
Central African Republic,2011,0,0,0,0,0,0,0,0,0,,0
Central African Republic,2012,0,0,0,0,0,0,0,0,0,,0
Central African Republic,2013,0,0,0,0,0,0,0,0,0,,0
Central African Republic,2014,0,0,0,0,0,0,0,0,0,,0
Central African Republic,2015,0,0,0,0,0,0,0,0,0,,0
Central African Republic,2016,0,0,0,0,0,0,0,0,0,,0
Central African Republic,2017,0,0,0,0,0,0,0,0,0,,0
Central African Republic,2018,0,0,0,0,0,0,0,0,0,,0
Central African Republic,2019,0,0,0,0,0,0,0,0,0,,0
Central African Republic,2020,0,0,0,0,0,0,0,0,1,"exp_part,imp_part",1
Central African Republic,2021,0,0,0,0,0,0,0,0,1,"exp_part,imp_part",1
Central African Republic,2022,0,0,0,0,0,0,0,0,1,"exp_part,imp_part",1
Chile,1950,0,0,0,0,0,0,0,0,0,,0
Chile,1951,0,0,0,0,0,0,0,0,0,,0
Chile,1952,0,0,0,0,0,0,0,0,0,,0
Chile,1953,0,0,0,0,0,0,0,0,0,,0
Chile,1954,0,0,0,0,0,0,0,0,0,,0
Chile,1955,0,0,0,0,0,0,0,0,0,,0
Chile,1956,0,0,0,0,0,0,0,0,0,,0
Chile,1957,0,0,0,0,0,0,0,0,0,,0
Chile,1958,0,0,0,0,0,0,0,0,0,,0
Chile,1959,0,0,0,0,0,0,0,0,0,,0
Chile,1960,0,0,0,0,0,0,0,0,0,,0
Chile,1961,0,0,0,0,0,0,0,0,0,,0
Chile,1962,0,0,0,0,0,0,0,0,0,,0
Chile,1963,0,0,0,0,0,0,0,0,0,,0
Chile,1964,0,0,0,0,0,0,0,0,0,,0
Chile,1965,0,0,0,0,0,0,0,0,0,,0
Chile,1966,0,0,0,0,0,0,0,0,0,,0
Chile,1967,0,0,0,0,0,0,0,0,0,,0
Chile,1968,0,0,0,0,0,0,0,0,0,,0
Chile,1969,0,0,0,0,0,0,0,0,0,,0
Chile,1970,0,0,0,0,0,0,0,0,0,,0
Chile,1971,0,0,0,0,0,0,0,0,0,,0
Chile,1972,0,0,0,0,0,0,0,0,0,,0
Chile,1973,0,0,0,0,0,0,0,0,0,,0
Chile,1974,0,0,0,0,0,0,0,1,0,exp_part,1
Chile,1975,0,0,0,0,0,0,0,1,0,exp_part,1
Chile,1976,0,0,0,0,0,0,0,1,0,exp_part,1
Chile,1977,0,0,0,0,0,0,0,1,0,exp_part,1
Chile,1978,0,0,0,0,0,0,0,1,0,exp_part,1
Chile,1979,0,0,0,0,0,0,0,1,0,exp_part,1
Chile,1980,0,0,0,0,0,0,0,1,0,exp_part,1
Chile,1981,0,0,0,0,0,0,0,0,0,,0
Chile,1982,0,0,0,0,0,0,0,0,0,,0
Chile,1983,0,0,0,0,0,0,0,0,0,,0
Chile,1984,0,0,0,0,0,0,0,0,0,,0
Chile,1985,0,0,0,0,0,0,0,0,0,,0
Chile,1986,0,0,0,0,0,0,0,0,0,,0
Chile,1987,0,0,0,0,0,0,0,0,0,,0
Chile,1988,0,0,0,0,0,0,0,0,0,,0
Chile,1989,0,0,0,0,0,0,0,0,1,exp_part,1
Chile,1990,0,0,0,0,0,0,0,0,0,,0
Chile,1991,0,0,0,0,0,0,0,0,0,,0
Chile,1992,0,0,0,0,0,0,0,0,0,,0
Chile,1993,0,0,0,0,0,0,0,0,0,,0
Chile,1994,0,0,0,0,0,0,0,0,0,,0
Chile,1995,0,0,0,0,0,0,0,0,0,,0
Chile,1996,0,0,0,0,0,0,0,0,0,,0
Chile,1997,0,0,0,0,0,0,0,0,0,,0
Chile,1998,0,0,0,0,0,0,0,0,0,,0
Chile,1999,0,0,0,0,0,0,0,0,0,,0
Chile,2000,0,0,0,0,0,0,0,0,0,,0
Chile,2001,0,0,0,0,0,0,0,0,0,,0
Chile,2002,0,0,0,0,0,0,0,0,0,,0
Chile,2003,0,0,0,0,0,0,0,0,0,,0
Chile,2004,0,0,0,0,0,0,0,0,0,,0
Chile,2005,0,0,0,0,0,0,0,0,0,,0
Chile,2006,0,0,0,0,0,0,0,0,0,,0
Chile,2007,0,0,0,0,0,0,0,0,0,,0
Chile,2008,0,0,0,0,0,0,0,0,0,,0
Chile,2009,0,0,0,0,0,0,0,0,0,,0
Chile,2010,0,0,0,0,0,0,0,0,0,,0
Chile,2011,0,0,0,0,0,0,0,0,0,,0
Chile,2012,0,0,0,0,0,0,0,0,0,,0
Chile,2013,0,0,0,0,0,0,0,0,0,,0
Chile,2014,0,0,0,0,0,0,0,0,0,,0
Chile,2015,0,0,0,0,0,0,0,0,0,,0
Chile,2016,0,0,0,0,0,0,0,0,0,,0
Chile,2017,0,0,0,0,0,0,0,0,0,,0
Chile,2018,0,0,0,0,0,0,0,0,0,,0
Chile,2019,0,0,0,0,0,0,0,0,0,,0
Chile,2020,0,0,0,0,0,0,0,0,0,,0
Chile,2021,0,0,0,0,0,0,0,0,0,,0
Chile,2022,0,0,0,0,0,0,0,0,0,,0
China,1950,0,0,0,0,0,0,0,1,1,"exp_compl, imp_compl; exp_part",1
China,1951,0,0,0,0,0,0,0,1,1,"exp_compl, imp_compl; exp_part",1
China,1952,0,0,0,0,1,0,0,1,1,"exp_compl, imp_compl; exp_part",1
China,1953,0,0,0,0,1,0,0,1,1,"exp_compl, imp_compl; exp_part",1
China,1954,0,0,0,0,1,0,0,1,1,"exp_compl, imp_compl; exp_part",1
China,1955,0,0,0,0,0,0,0,1,1,"exp_compl, imp_compl; exp_part",1
China,1956,0,0,0,0,0,0,0,1,1,"exp_compl, imp_compl; exp_part",1
China,1957,0,0,0,0,0,0,0,0,1,"exp_compl, imp_compl",1
China,1958,0,0,0,0,0,0,0,0,1,"exp_compl, imp_compl",1
China,1959,0,0,0,0,0,0,0,0,1,"exp_compl, imp_compl",1
China,1960,0,0,0,0,0,0,0,0,1,"exp_compl, imp_compl",1
China,1961,0,0,0,0,0,0,0,0,1,"exp_compl, imp_compl",1
China,1962,0,0,0,0,0,0,0,0,1,"exp_compl, imp_compl",1
China,1963,0,0,0,0,0,0,0,0,1,"exp_compl, imp_compl",1
China,1964,0,0,0,0,0,0,0,0,1,"exp_compl, imp_compl",1
China,1965,0,0,0,0,0,0,0,0,1,"exp_compl, imp_compl",1
China,1966,0,0,0,0,0,0,0,0,1,"exp_compl, imp_compl",1
China,1967,0,0,0,0,0,0,0,0,1,"exp_compl, imp_compl",1
China,1968,0,0,0,0,0,0,0,0,1,"exp_compl, imp_compl",1
China,1969,0,0,0,0,0,0,0,0,1,"exp_compl, imp_compl",1
China,1970,0,0,0,0,0,0,0,0,1,"exp_compl, imp_compl",1
China,1971,0,0,0,0,0,0,0,0,1,"exp_compl, imp_compl",1
China,1972,0,0,0,0,0,0,0,0,1,"exp_compl, imp_compl",1
China,1973,0,0,0,0,0,0,0,0,0,,0
China,1974,0,0,0,0,0,0,0,0,0,,0
China,1975,0,0,0,0,0,0,0,0,0,,0
China,1976,0,0,0,0,0,0,0,0,0,,0
China,1977,0,0,0,0,0,0,0,0,0,,0
China,1978,0,0,0,0,0,0,0,0,0,,0
China,1979,0,0,0,0,0,0,0,0,0,,0
China,1980,0,0,0,0,0,0,0,0,0,,0
China,1981,0,0,0,0,0,0,0,0,0,,0
China,1982,0,0,0,0,0,0,0,0,0,,0
China,1983,0,0,0,0,0,0,0,0,0,,0
China,1984,0,0,0,0,0,0,0,0,0,,0
China,1985,0,0,0,0,0,0,0,0,0,,0
China,1986,0,0,0,0,0,0,0,0,0,,0
China,1987,0,0,0,0,0,0,0,0,0,,0
China,1988,0,0,0,0,0,0,0,0,0,,0
China,1989,0,0,0,0,0,0,0,0,0,,0
China,1990,0,0,0,0,0,0,0,0,0,,0
China,1991,0,0,0,0,0,0,0,0,0,,0
China,1992,0,0,0,0,0,0,0,0,0,,0
China,1993,0,0,0,0,0,0,0,0,1,exp_part,1
China,1994,0,0,0,0,0,0,0,0,1,exp_part,1
China,1995,0,0,0,0,0,0,0,0,0,,0
China,1996,0,0,0,0,0,0,0,0,0,,0
China,1997,0,0,0,0,0,0,0,0,0,,0
China,1998,0,0,0,0,0,0,0,0,0,,0
China,1999,0,0,0,0,0,0,0,0,0,,0
China,2000,0,0,0,0,0,0,0,0,0,,0
China,2001,0,0,0,0,0,0,0,0,0,,0
China,2002,0,0,0,0,0,0,0,0,0,,0
China,2003,0,0,0,0,0,0,0,0,0,,0
China,2004,0,0,0,0,0,0,0,0,0,,0
China,2005,0,0,0,0,0,0,0,0,0,,0
China,2006,0,0,0,0,0,0,0,0,0,,0
China,2007,0,0,0,0,0,0,0,0,0,,0
China,2008,0,0,0,0,0,0,0,0,0,,0
China,2009,0,0,0,0,0,0,0,0,0,,0
China,2010,0,0,0,0,0,0,0,0,0,,0
China,2011,0,0,0,0,0,0,0,0,0,,0
China,2012,0,0,0,0,0,0,0,0,0,,0
China,2013,0,0,0,0,0,0,0,0,0,,0
China,2014,0,0,0,0,0,0,0,0,0,,0
China,2015,0,0,0,0,0,0,0,0,0,,0
China,2016,0,0,0,0,0,0,0,0,0,,0
China,2017,0,0,0,0,0,0,0,0,1,"exp_part, imp_part",1
China,2018,0,0,0,0,0,0,0,0,1,"exp_part, imp_part",1
China,2019,0,0,0,0,0,0,0,0,1,"exp_part, imp_part",1
China,2020,0,0,0,0,0,0,0,0,1,"exp_part, imp_part",1
China,2021,0,0,0,0,0,0,0,0,1,"exp_part, imp_part",1
China,2022,0,0,0,0,0,0,0,0,1,"exp_part, imp_part",1
Colombia,1950,0,0,0,0,0,0,0,0,0,,0
Colombia,1951,0,0,0,0,0,0,0,0,0,,0
Colombia,1952,0,0,0,0,0,0,0,0,0,,0
Colombia,1953,0,0,0,0,0,0,0,0,0,,0
Colombia,1954,0,0,0,0,0,0,0,0,0,,0
Colombia,1955,0,0,0,0,0,0,0,0,0,,0
Colombia,1956,0,0,0,0,0,0,0,0,0,,0
Colombia,1957,0,0,0,0,0,0,0,0,0,,0
Colombia,1958,0,0,0,0,0,0,0,0,0,,0
Colombia,1959,0,0,0,0,0,0,0,0,0,,0
Colombia,1960,0,0,0,0,0,0,0,0,0,,0
Colombia,1961,0,0,0,0,0,0,0,0,0,,0
Colombia,1962,0,0,0,0,0,0,0,0,0,,0
Colombia,1963,0,0,0,0,0,0,0,0,0,,0
Colombia,1964,0,0,0,0,0,0,0,0,0,,0
Colombia,1965,0,0,0,0,0,0,0,0,0,,0
Colombia,1966,0,0,0,0,0,0,0,0,0,,0
Colombia,1967,0,0,0,0,0,0,0,0,0,,0
Colombia,1968,0,0,0,0,0,0,0,0,0,,0
Colombia,1969,0,0,0,0,0,0,0,0,0,,0
Colombia,1970,0,0,0,0,0,0,0,0,0,,0
Colombia,1971,0,0,0,0,0,0,0,0,0,,0
Colombia,1972,0,0,0,0,0,0,0,0,0,,0
Colombia,1973,0,0,0,0,0,0,0,0,0,,0
Colombia,1974,0,0,0,0,0,0,0,0,0,,0
Colombia,1975,0,0,0,0,0,0,0,0,0,,0
Colombia,1976,0,0,0,0,0,0,0,0,0,,0
Colombia,1977,0,0,0,0,0,0,0,0,0,,0
Colombia,1978,0,0,0,0,0,0,0,0,0,,0
Colombia,1979,0,0,0,0,0,0,0,0,0,,0
Colombia,1980,0,0,0,0,0,0,0,0,0,,0
Colombia,1981,0,0,0,0,0,0,0,0,0,,0
Colombia,1982,0,0,0,0,0,0,0,0,0,,0
Colombia,1983,0,0,0,0,0,0,0,0,0,,0
Colombia,1984,0,0,0,0,0,0,0,0,0,,0
Colombia,1985,0,0,0,0,0,0,0,0,0,,0
Colombia,1986,0,0,0,0,0,0,0,0,0,,0
Colombia,1987,0,0,0,0,0,0,0,0,0,,0
Colombia,1988,0,0,0,0,0,0,0,0,0,,0
Colombia,1989,0,0,0,0,0,0,0,0,0,,0
Colombia,1990,0,0,0,0,0,0,0,0,0,,0
Colombia,1991,0,0,0,0,0,0,0,0,0,,0
Colombia,1992,0,0,0,0,0,0,0,0,0,,0
Colombia,1993,0,0,0,0,0,0,0,0,0,,0
Colombia,1994,0,0,0,0,0,0,0,0,0,,0
Colombia,1995,0,0,0,0,0,0,0,0,0,,0
Colombia,1996,0,0,0,0,0,0,0,0,0,,0
Colombia,1997,0,0,0,0,0,0,0,0,0,,0
Colombia,1998,0,0,0,0,0,0,0,0,0,,0
Colombia,1999,0,0,0,0,0,0,0,0,0,,0
Colombia,2000,0,0,0,0,0,0,0,0,0,,0
Colombia,2001,0,0,0,0,0,0,0,0,0,,0
Colombia,2002,0,0,0,0,0,0,0,0,0,,0
Colombia,2003,0,0,0,0,0,0,0,0,0,,0
Colombia,2004,0,0,0,0,0,0,0,0,0,,0
Colombia,2005,0,0,0,0,0,0,0,0,0,,0
Colombia,2006,0,0,0,0,0,0,0,0,0,,0
Colombia,2007,0,0,0,0,0,0,0,0,0,,0
Colombia,2008,0,0,0,0,0,0,0,0,0,,0
Colombia,2009,0,0,0,0,0,0,0,0,0,,0
Colombia,2010,0,0,0,0,0,0,0,0,1,"exp_part, imp_part",1
Colombia,2011,0,0,0,0,0,0,0,0,1,"exp_part, imp_part",1
Colombia,2012,0,0,0,0,0,0,0,0,1,"exp_part, imp_part",1
Colombia,2013,0,0,0,0,0,0,0,0,1,"exp_part, imp_part",1
Colombia,2014,0,0,0,0,0,0,0,0,1,"exp_part, imp_part",1
Colombia,2015,0,0,0,0,0,0,0,0,1,"exp_part, imp_part",1
Colombia,2016,0,0,0,0,0,0,0,0,1,"exp_part, imp_part",1
Colombia,2017,0,0,0,0,0,0,0,0,1,"exp_part, imp_part",1
Colombia,2018,0,0,0,0,0,0,0,0,1,"exp_part, imp_part",1
Colombia,2019,0,0,0,0,0,0,0,0,1,"exp_part, imp_part",1
Colombia,2020,0,0,0,0,0,0,0,0,1,"exp_part, imp_part",1
Colombia,2021,0,0,0,0,0,0,0,0,1,"exp_part, imp_part",1
Colombia,2022,0,0,0,0,0,0,0,0,0,,0
Comecon,1950,0,0,0,0,0,0,1,0,0,exp_part,1
Comecon,1951,0,0,0,0,0,0,1,0,0,exp_part,1
Comecon,1952,0,0,0,0,0,0,1,0,0,exp_part,1
Comecon,1953,0,0,0,0,0,0,1,0,0,exp_part,1
Comecon,1954,0,0,0,0,0,0,1,0,0,exp_part,1
Comecon,1955,0,0,0,0,0,0,1,0,0,exp_part,1
Comecon,1956,0,0,0,0,0,0,1,0,0,exp_part,1
Comecon,1957,0,0,0,0,0,0,1,0,0,exp_part,1
Comecon,1958,0,0,0,0,0,0,1,0,0,exp_part,1
Comecon,1959,0,0,0,0,0,0,1,0,0,exp_part,1
Comecon,1960,0,0,0,0,0,0,1,0,0,exp_part,1
Comecon,1961,0,0,0,0,0,0,1,0,0,exp_part,1
Comecon,1962,0,0,0,0,0,0,1,0,0,exp_part,1
Comecon,1963,0,0,0,0,0,0,1,0,0,exp_part,1
Comecon,1964,0,0,0,0,0,0,1,0,0,exp_part,1
Comecon,1965,0,0,0,0,0,0,1,0,0,exp_part,1
Comecon,1966,0,0,0,0,0,0,1,0,0,exp_part,1
Comecon,1967,0,0,0,0,0,0,1,0,0,exp_part,1
Comecon,1968,0,0,0,0,0,0,1,0,0,exp_part,1
Comecon,1969,0,0,0,0,0,0,1,0,0,exp_part,1
Comecon,1970,0,0,0,0,0,0,1,0,0,exp_part,1
Comecon,1971,0,0,0,0,0,0,1,0,0,exp_part,1
Comecon,1972,0,0,0,0,0,0,1,0,0,exp_part,1
Comecon,1973,0,0,0,0,0,0,1,0,0,exp_part,1
Comecon,1974,0,0,0,0,0,0,1,0,0,exp_part,1
Comecon,1975,0,0,0,0,0,0,1,0,0,exp_part,1
Comecon,1976,0,0,0,0,0,0,1,0,0,exp_part,1
Comecon,1977,0,0,0,0,0,0,1,0,0,exp_part,1
Comecon,1978,0,0,0,0,0,0,1,0,0,exp_part,1
Comecon,1979,0,0,0,0,0,0,1,0,0,exp_part,1
Comecon,1980,0,0,0,0,0,0,1,0,0,exp_part,1
Comecon,1981,0,0,0,0,0,0,1,0,0,exp_part,1
Comecon,1982,0,0,0,0,0,0,1,0,0,exp_part,1
Comecon,1983,0,0,0,0,0,0,1,0,0,exp_part,1
Comecon,1984,0,0,0,0,0,0,1,0,0,exp_part,1
Comecon,1985,0,0,0,0,0,0,1,0,0,exp_part,1
Comecon,1986,0,0,0,0,0,0,1,0,0,exp_part,1
Comecon,1987,0,0,0,0,0,0,1,0,0,exp_part,1
Comecon,1988,0,0,0,0,0,0,1,0,0,exp_part,1
Comecon,1989,0,0,0,0,0,0,1,0,0,exp_part,1
Comecon,1990,0,0,0,0,0,0,1,0,0,exp_part,1
Comecon,1991,0,0,0,0,0,0,1,0,0,exp_part,1
Comecon,1992,0,0,0,0,0,0,1,0,0,exp_part,1
Comecon,1993,0,0,0,0,0,0,1,0,0,exp_part,1
Comecon,1994,0,0,0,0,0,0,1,0,0,exp_part,1
Comecon,1995,0,0,0,0,0,0,0,0,0,,0
Comecon,1996,0,0,0,0,0,0,0,0,0,,0
Comecon,1997,0,0,0,0,0,0,0,0,0,,0
Comecon,1998,0,0,0,0,0,0,0,0,0,,0
Comecon,1999,0,0,0,0,0,0,0,0,0,,0
Comecon,2000,0,0,0,0,0,0,0,0,0,,0
Comecon,2001,0,0,0,0,0,0,0,0,0,,0
Comecon,2002,0,0,0,0,0,0,0,0,0,,0
Comecon,2003,0,0,0,0,0,0,0,0,0,,0
Comecon,2004,0,0,0,0,0,0,0,0,0,,0
Comecon,2005,0,0,0,0,0,0,0,0,0,,0
Comecon,2006,0,0,0,0,0,0,0,0,0,,0
Comecon,2007,0,0,0,0,0,0,0,0,0,,0
Comecon,2008,0,0,0,0,0,0,0,0,0,,0
Comecon,2009,0,0,0,0,0,0,0,0,0,,0
Comecon,2010,0,0,0,0,0,0,0,0,0,,0
Comecon,2011,0,0,0,0,0,0,0,0,0,,0
Comecon,2012,0,0,0,0,0,0,0,0,0,,0
Comecon,2013,0,0,0,0,0,0,0,0,0,,0
Comecon,2014,0,0,0,0,0,0,0,0,0,,0
Comecon,2015,0,0,0,0,0,0,0,0,0,,0
Comecon,2016,0,0,0,0,0,0,0,0,0,,0
Comecon,2017,0,0,0,0,0,0,0,0,0,,0
Comecon,2018,0,0,0,0,0,0,0,0,0,,0
Comecon,2019,0,0,0,0,0,0,0,0,0,,0
Comecon,2020,0,0,0,0,0,0,0,0,0,,0
Comecon,2021,0,0,0,0,0,0,0,0,0,,0
Comecon,2022,0,0,0,0,0,0,0,0,0,,0
Congo,1950,0,0,0,0,0,0,0,0,0,,0
Congo,1951,0,0,0,0,0,0,0,0,0,,0
Congo,1952,0,0,0,0,0,0,0,0,0,,0
Congo,1953,0,0,0,0,0,0,0,0,0,,0
Congo,1954,0,0,0,0,0,0,0,0,0,,0
Congo,1955,0,0,0,0,0,0,0,0,0,,0
Congo,1956,0,0,0,0,0,0,0,0,0,,0
Congo,1957,0,0,0,0,0,0,0,0,0,,0
Congo,1958,0,0,0,0,0,0,0,0,0,,0
Congo,1959,0,0,0,0,0,0,0,0,0,,0
Congo,1960,0,0,0,0,0,0,0,0,0,,0
Congo,1961,0,0,0,0,0,0,0,0,0,,0
Congo,1962,0,0,0,0,0,0,0,0,0,,0
Congo,1963,0,0,0,0,0,0,0,0,0,,0
Congo,1964,0,0,0,0,0,0,0,0,0,,0
Congo,1965,0,0,0,0,0,0,0,0,0,,0
Congo,1966,0,0,0,0,0,0,0,0,0,,0
Congo,1967,0,0,0,0,0,0,0,0,0,,0
Congo,1968,0,0,0,0,0,0,0,0,0,,0
Congo,1969,0,0,0,0,0,0,0,0,0,,0
Congo,1970,0,0,0,0,0,0,0,0,0,,0
Congo,1971,0,0,0,0,0,0,0,0,0,,0
Congo,1972,0,0,0,0,0,0,0,0,0,,0
Congo,1973,0,0,0,0,0,0,0,0,0,,0
Congo,1974,0,0,0,0,0,0,0,0,0,,0
Congo,1975,0,0,0,0,0,0,0,0,0,,0
Congo,1976,0,0,0,0,0,0,0,0,0,,0
Congo,1977,0,0,0,0,0,0,0,0,0,,0
Congo,1978,0,0,0,0,0,0,0,0,0,,0
Congo,1979,0,0,0,0,0,0,0,0,0,,0
Congo,1980,0,0,0,0,0,0,0,0,0,,0
Congo,1981,0,0,0,0,0,0,0,0,0,,0
Congo,1982,0,0,0,0,0,0,0,0,0,,0
Congo,1983,0,0,0,0,0,0,0,0,0,,0
Congo,1984,0,0,0,0,0,0,0,0,0,,0
Congo,1985,0,0,0,0,0,0,0,0,0,,0
Congo,1986,0,0,0,0,0,0,0,0,0,,0
Congo,1987,0,0,0,0,0,0,0,0,0,,0
Congo,1988,0,0,0,0,0,0,0,0,0,,0
Congo,1989,0,0,0,0,0,0,0,0,0,,0
Congo,1990,0,0,0,0,0,0,0,0,0,,0
Congo,1991,0,0,0,0,0,0,0,0,0,,0
Congo,1992,0,0,0,0,0,0,0,0,0,,0
Congo,1993,0,0,0,0,0,0,0,0,0,,0
Congo,1994,0,0,0,0,0,0,0,0,0,,0
Congo,1995,0,0,0,0,0,0,0,0,0,,0
Congo,1996,0,0,0,0,0,0,0,0,0,,0
Congo,1997,0,0,0,0,0,0,0,0,0,,0
Congo,1998,0,0,0,0,0,0,0,0,0,,0
Congo,1999,0,0,0,0,0,0,0,0,0,,0
Congo,2000,0,0,0,0,0,0,0,0,0,,0
Congo,2001,0,0,0,0,0,0,0,0,0,,0
Congo,2002,0,0,0,0,0,0,0,0,0,,0
Congo,2003,0,0,0,0,0,0,0,0,0,,0
Congo,2004,0,0,0,0,0,0,0,0,0,,0
Congo,2005,0,0,0,0,0,0,0,0,0,,0
Congo,2006,0,0,0,0,0,0,0,0,1,"exp_part, imp_part",1
Congo,2007,0,0,0,0,0,0,0,0,1,"exp_part, imp_part",1
Congo,2008,0,0,0,0,0,0,0,0,1,"exp_part, imp_part",1
Congo,2009,0,0,0,0,0,0,0,0,1,"exp_part, imp_part",1
Congo,2010,0,0,0,0,0,0,0,0,1,"exp_part, imp_part",1
Congo,2011,0,0,0,0,0,0,0,0,1,"exp_part, imp_part",1
Congo,2012,0,0,0,0,0,0,0,0,1,"exp_part, imp_part",1
Congo,2013,0,0,0,0,0,0,0,0,1,"exp_part, imp_part",1
Congo,2014,0,0,0,0,0,0,0,0,1,"exp_part, imp_part",1
Congo,2015,0,0,0,0,0,0,0,0,1,"exp_part, imp_part",1
Congo,2016,0,0,0,0,0,0,0,0,1,"exp_part, imp_part",1
Congo,2017,0,0,0,0,0,0,0,0,1,"exp_part, imp_part",1
Congo,2018,0,0,0,0,0,0,0,0,1,"exp_part, imp_part",1
Congo,2019,0,0,0,0,0,0,0,0,1,"exp_part, imp_part",1
Congo,2020,0,0,0,0,0,0,0,0,1,"exp_part, imp_part",1
Congo,2021,0,0,0,0,0,0,0,0,1,"exp_part, imp_part",1
Congo,2022,0,0,0,0,0,0,0,0,1,"exp_part, imp_part",1
Costa Rica,1950,0,0,0,0,0,0,0,0,0,,0
Costa Rica,1951,0,0,0,0,0,0,0,0,0,,0
Costa Rica,1952,0,0,0,0,0,0,0,0,0,,0
Costa Rica,1953,0,0,0,0,0,0,0,0,0,,0
Costa Rica,1954,0,0,0,0,0,0,0,0,0,,0
Costa Rica,1955,0,0,0,0,0,0,0,0,0,,0
Costa Rica,1956,0,0,0,0,0,0,0,0,0,,0
Costa Rica,1957,0,0,0,0,0,0,0,0,0,,0
Costa Rica,1958,0,0,0,0,0,0,0,0,0,,0
Costa Rica,1959,0,0,0,0,0,0,0,0,0,,0
Costa Rica,1960,0,0,0,0,0,0,0,0,0,,0
Costa Rica,1961,0,0,0,0,0,0,0,0,0,,0
Costa Rica,1962,0,0,0,0,0,0,0,0,0,,0
Costa Rica,1963,0,0,0,0,0,0,0,0,0,,0
Costa Rica,1964,0,0,0,0,0,0,0,0,0,,0
Costa Rica,1965,0,0,0,0,0,0,0,0,0,,0
Costa Rica,1966,0,0,0,0,0,0,0,0,0,,0
Costa Rica,1967,0,0,0,0,0,0,0,0,0,,0
Costa Rica,1968,0,0,0,0,0,0,0,0,0,,0
Costa Rica,1969,0,0,0,0,0,0,0,0,0,,0
Costa Rica,1970,0,0,0,0,0,0,0,0,0,,0
Costa Rica,1971,0,0,0,0,0,0,0,0,0,,0
Costa Rica,1972,0,0,0,0,0,0,0,0,0,,0
Costa Rica,1973,0,0,0,0,0,0,0,0,0,,0
Costa Rica,1974,0,0,0,0,0,0,0,0,0,,0
Costa Rica,1975,0,0,0,0,0,0,0,0,0,,0
Costa Rica,1976,0,0,0,0,0,0,0,0,0,,0
Costa Rica,1977,0,0,0,0,0,0,0,0,0,,0
Costa Rica,1978,0,0,0,0,0,0,0,0,0,,0
Costa Rica,1979,0,0,0,0,0,0,0,0,0,,0
Costa Rica,1980,0,0,0,0,0,0,0,0,0,,0
Costa Rica,1981,0,0,0,0,0,0,0,0,0,,0
Costa Rica,1982,0,0,0,0,0,0,0,0,0,,0
Costa Rica,1983,0,0,0,0,0,0,0,0,0,,0
Costa Rica,1984,0,0,0,0,0,0,0,0,0,,0
Costa Rica,1985,0,0,0,0,0,0,0,0,0,,0
Costa Rica,1986,0,0,0,0,0,0,0,0,0,,0
Costa Rica,1987,0,0,0,0,0,0,0,0,0,,0
Costa Rica,1988,0,0,0,0,0,0,0,0,0,,0
Costa Rica,1989,0,0,0,0,0,0,0,0,0,,0
Costa Rica,1990,0,0,0,0,0,0,0,0,0,,0
Costa Rica,1991,0,0,0,0,0,0,0,0,0,,0
Costa Rica,1992,0,0,0,0,0,0,0,0,0,,0
Costa Rica,1993,0,0,0,0,0,0,0,0,0,,0
Costa Rica,1994,0,0,0,0,0,0,0,0,0,,0
Costa Rica,1995,0,0,0,0,0,0,0,0,0,,0
Costa Rica,1996,0,0,0,0,0,0,0,0,0,,0
Costa Rica,1997,0,0,0,0,0,0,0,0,0,,0
Costa Rica,1998,0,0,0,0,0,0,0,0,0,,0
Costa Rica,1999,0,0,0,0,0,0,0,0,0,,0
Costa Rica,2000,0,0,0,0,0,0,0,0,0,,0
Costa Rica,2001,0,0,0,0,0,0,0,0,0,,0
Costa Rica,2002,0,0,0,0,0,0,0,0,0,,0
Costa Rica,2003,0,0,0,0,0,0,0,0,0,,0
Costa Rica,2004,0,0,0,0,0,0,0,0,0,,0
Costa Rica,2005,0,0,0,0,0,0,0,0,0,,0
Costa Rica,2006,0,0,0,0,0,0,0,0,0,,0
Costa Rica,2007,0,0,0,0,0,0,0,0,0,,0
Costa Rica,2008,0,0,0,0,0,0,0,0,0,,0
Costa Rica,2009,0,0,0,0,0,0,0,0,0,,0
Costa Rica,2010,0,0,0,0,0,0,0,0,0,,0
Costa Rica,2011,0,0,0,0,0,0,0,0,1,"exp_part, imp_part",1
Costa Rica,2012,0,0,0,0,0,0,0,0,1,"exp_part, imp_part",1
Costa Rica,2013,0,0,0,0,0,0,0,0,1,"exp_part, imp_part",1
Costa Rica,2014,0,0,0,0,0,0,0,0,1,"exp_part, imp_part",1
Costa Rica,2015,0,0,0,0,0,0,0,0,1,"exp_part, imp_part",1
Costa Rica,2016,0,0,0,0,0,0,0,0,1,"exp_part, imp_part",1
Costa Rica,2017,0,0,0,0,0,0,0,0,1,"exp_part, imp_part",1
Costa Rica,2018,0,0,0,0,0,0,0,0,1,"exp_part, imp_part",1
Costa Rica,2019,0,0,0,0,0,0,0,0,1,"exp_part, imp_part",1
Costa Rica,2020,0,0,0,0,0,0,0,0,1,"exp_part, imp_part",1
Costa Rica,2021,0,0,0,0,0,0,0,0,1,"exp_part, imp_part",1
Costa Rica,2022,0,0,0,0,0,0,0,0,1,"exp_part, imp_part",1
Cote d'Ivoire,1950,0,0,0,0,0,0,0,0,0,,0
Cote d'Ivoire,1951,0,0,0,0,0,0,0,0,0,,0
Cote d'Ivoire,1952,0,0,0,0,0,0,0,0,0,,0
Cote d'Ivoire,1953,0,0,0,0,0,0,0,0,0,,0
Cote d'Ivoire,1954,0,0,0,0,0,0,0,0,0,,0
Cote d'Ivoire,1955,0,0,0,0,0,0,0,0,0,,0
Cote d'Ivoire,1956,0,0,0,0,0,0,0,0,0,,0
Cote d'Ivoire,1957,0,0,0,0,0,0,0,0,0,,0
Cote d'Ivoire,1958,0,0,0,0,0,0,0,0,0,,0
Cote d'Ivoire,1959,0,0,0,0,0,0,0,0,0,,0
Cote d'Ivoire,1960,0,0,0,0,0,0,0,0,0,,0
Cote d'Ivoire,1961,0,0,0,0,0,0,0,0,0,,0
Cote d'Ivoire,1962,0,0,0,0,0,0,0,0,0,,0
Cote d'Ivoire,1963,0,0,0,0,0,0,0,0,0,,0
Cote d'Ivoire,1964,0,0,0,0,0,0,0,0,0,,0
Cote d'Ivoire,1965,0,0,0,0,0,0,0,0,0,,0
Cote d'Ivoire,1966,0,0,0,0,0,0,0,0,0,,0
Cote d'Ivoire,1967,0,0,0,0,0,0,0,0,0,,0
Cote d'Ivoire,1968,0,0,0,0,0,0,0,0,0,,0
Cote d'Ivoire,1969,0,0,0,0,0,0,0,0,0,,0
Cote d'Ivoire,1970,0,0,0,0,0,0,0,0,0,,0
Cote d'Ivoire,1971,0,0,0,0,0,0,0,0,0,,0
Cote d'Ivoire,1972,0,0,0,0,0,0,0,0,0,,0
Cote d'Ivoire,1973,0,0,0,0,0,0,0,0,0,,0
Cote d'Ivoire,1974,0,0,0,0,0,0,0,0,0,,0
Cote d'Ivoire,1975,0,0,0,0,0,0,0,0,0,,0
Cote d'Ivoire,1976,0,0,0,0,0,0,0,0,0,,0
Cote d'Ivoire,1977,0,0,0,0,0,0,0,0,0,,0
Cote d'Ivoire,1978,0,0,0,0,0,0,0,0,0,,0
Cote d'Ivoire,1979,0,0,0,0,0,0,0,0,0,,0
Cote d'Ivoire,1980,0,0,0,0,0,0,0,0,0,,0
Cote d'Ivoire,1981,0,0,0,0,0,0,0,0,0,,0
Cote d'Ivoire,1982,0,0,0,0,0,0,0,0,0,,0
Cote d'Ivoire,1983,0,0,0,0,0,0,0,0,0,,0
Cote d'Ivoire,1984,0,0,0,0,0,0,0,0,0,,0
Cote d'Ivoire,1985,0,0,0,0,0,0,0,0,0,,0
Cote d'Ivoire,1986,0,0,0,0,0,0,0,0,0,,0
Cote d'Ivoire,1987,0,0,0,0,0,0,0,0,0,,0
Cote d'Ivoire,1988,0,0,0,0,0,0,0,0,0,,0
Cote d'Ivoire,1989,0,0,0,0,0,0,0,0,0,,0
Cote d'Ivoire,1990,0,0,0,0,0,0,0,0,0,,0
Cote d'Ivoire,1991,0,0,0,0,0,0,0,0,0,,0
Cote d'Ivoire,1992,0,0,0,0,0,0,0,0,0,,0
Cote d'Ivoire,1993,0,0,0,0,0,0,0,0,0,,0
Cote d'Ivoire,1994,0,0,0,0,0,0,0,0,0,,0
Cote d'Ivoire,1995,0,0,0,0,0,0,0,0,0,,0
Cote d'Ivoire,1996,0,0,0,0,0,0,0,0,0,,0
Cote d'Ivoire,1997,0,0,0,0,0,0,0,0,0,,0
Cote d'Ivoire,1998,0,0,0,0,0,0,0,0,0,,0
Cote d'Ivoire,1999,0,0,0,0,0,0,0,0,0,,0
Cote d'Ivoire,2000,0,0,0,0,0,0,0,0,0,,0
Cote d'Ivoire,2001,0,0,0,0,0,0,0,0,0,,0
Cote d'Ivoire,2002,0,0,0,0,0,0,0,0,0,,0
Cote d'Ivoire,2003,0,0,0,0,0,0,0,0,0,,0
Cote d'Ivoire,2004,0,0,0,0,0,0,0,0,0,,0
Cote d'Ivoire,2005,0,0,1,0,0,0,0,0,0,exp_part,1
Cote d'Ivoire,2006,0,0,1,0,0,0,0,0,0,exp_part,1
Cote d'Ivoire,2007,0,0,1,0,0,0,0,0,0,exp_part,1
Cote d'Ivoire,2008,0,0,1,0,0,0,0,0,0,exp_part,1
Cote d'Ivoire,2009,0,0,1,0,0,0,0,0,0,exp_part,1
Cote d'Ivoire,2010,0,0,1,0,0,0,0,0,0,exp_part,1
Cote d'Ivoire,2011,0,0,1,0,0,0,0,0,0,exp_part,1
Cote d'Ivoire,2012,0,0,1,0,0,0,0,0,0,exp_part,1
Cote d'Ivoire,2013,0,0,1,0,0,0,0,0,0,exp_part,1
Cote d'Ivoire,2014,0,0,1,0,0,0,0,0,0,exp_part,1
Cote d'Ivoire,2015,0,0,1,0,0,0,0,0,0,exp_part,1
Cote d'Ivoire,2016,0,0,1,0,0,0,0,0,0,exp_part,1
Cote d'Ivoire,2017,0,0,0,0,0,0,0,0,0,,0
Cote d'Ivoire,2018,0,0,0,0,0,0,0,0,0,,0
Cote d'Ivoire,2019,0,0,0,0,0,0,0,0,0,,0
Cote d'Ivoire,2020,0,0,0,0,0,0,0,0,0,,0
Cote d'Ivoire,2021,0,0,0,0,0,0,0,0,0,,0
Cote d'Ivoire,2022,0,0,0,0,0,0,0,0,0,,0
Cuba,1950,0,0,0,0,0,0,0,0,0,,0
Cuba,1951,0,0,0,0,0,0,0,0,0,,0
Cuba,1952,0,0,0,0,0,0,0,0,0,,0
Cuba,1953,0,0,0,0,0,0,0,0,0,,0
Cuba,1954,0,0,0,0,0,0,0,0,0,,0
Cuba,1955,0,0,0,0,0,0,0,0,0,,0
Cuba,1956,0,0,0,0,0,0,0,0,0,,0
Cuba,1957,0,0,0,0,0,0,0,0,0,,0
Cuba,1958,0,0,0,0,0,0,0,0,0,,0
Cuba,1959,0,0,0,0,0,0,0,0,0,,0
Cuba,1960,0,0,0,0,0,0,0,0,1,"exp_part, imp_part",1
Cuba,1961,0,0,0,0,0,0,0,0,1,"exp_part, imp_part",1
Cuba,1962,0,0,0,0,0,0,0,0,1,"exp_compl, imp_compl; exp_part, imp_part",1
Cuba,1963,0,0,0,0,0,0,0,0,1,"exp_compl, imp_compl; exp_part, imp_part",1
Cuba,1964,0,0,0,0,0,0,0,0,1,"exp_compl, imp_compl; exp_part, imp_part",1
Cuba,1965,0,0,0,0,0,0,0,0,1,"exp_compl, imp_compl",1
Cuba,1966,0,0,0,0,0,0,0,0,1,"exp_compl, imp_compl",1
Cuba,1967,0,0,0,0,0,0,0,0,1,"exp_compl, imp_compl",1
Cuba,1968,0,0,0,0,0,0,0,0,1,"exp_compl, imp_compl",1
Cuba,1969,0,0,0,0,0,0,0,0,1,"exp_compl, imp_compl",1
Cuba,1970,0,0,0,0,0,0,0,0,1,"exp_compl, imp_compl",1
Cuba,1971,0,0,0,0,0,0,0,0,1,"exp_compl, imp_compl",1
Cuba,1972,0,0,0,0,0,0,0,0,1,"exp_compl, imp_compl",1
Cuba,1973,0,0,0,0,0,0,0,0,1,"exp_compl, imp_compl",1
Cuba,1974,0,0,0,0,0,0,0,0,1,"exp_compl, imp_compl",1
Cuba,1975,0,0,0,0,0,0,0,0,1,"exp_compl, imp_compl",1
Cuba,1976,0,0,0,0,0,0,0,0,1,"exp_compl, imp_compl",1
Cuba,1977,0,0,0,0,0,0,0,0,1,"exp_compl, imp_compl",1
Cuba,1978,0,0,0,0,0,0,0,0,1,"exp_compl, imp_compl",1
Cuba,1979,0,0,0,0,0,0,0,0,1,"exp_compl, imp_compl",1
Cuba,1980,0,0,0,0,0,0,0,0,1,"exp_compl, imp_compl",1
Cuba,1981,0,0,0,0,0,0,0,0,1,"exp_compl, imp_compl",1
Cuba,1982,0,0,0,0,0,0,0,0,1,"exp_compl, imp_compl",1
Cuba,1983,0,0,0,0,0,0,0,0,1,"exp_compl, imp_compl",1
Cuba,1984,0,0,0,0,0,0,0,0,1,"exp_compl, imp_compl",1
Cuba,1985,0,0,0,0,0,0,0,0,1,"exp_compl, imp_compl",1
Cuba,1986,0,0,0,0,0,0,0,0,1,"exp_compl, imp_compl",1
Cuba,1987,0,0,0,0,0,0,0,0,1,"exp_compl, imp_compl",1
Cuba,1988,0,0,0,0,0,0,0,0,1,"exp_compl, imp_compl",1
Cuba,1989,0,0,0,0,0,0,0,0,1,"exp_compl, imp_compl",1
Cuba,1990,0,0,0,0,0,0,0,0,1,"exp_compl, imp_compl",1
Cuba,1991,0,0,0,0,0,0,0,0,1,"exp_compl, imp_compl",1
Cuba,1992,0,0,0,0,0,0,0,0,1,"exp_compl, imp_compl",1
Cuba,1993,0,0,0,0,0,0,0,0,1,"exp_compl, imp_compl",1
Cuba,1994,0,0,0,0,0,0,0,0,1,"exp_compl, imp_compl",1
Cuba,1995,0,0,0,0,0,0,0,0,1,"exp_compl, imp_compl",1
Cuba,1996,0,0,0,0,0,0,0,0,1,"exp_compl, imp_compl",1
Cuba,1997,0,0,0,0,0,0,0,0,1,"exp_compl, imp_compl",1
Cuba,1998,0,0,0,0,0,0,0,0,1,"exp_compl, imp_compl",1
Cuba,1999,0,0,0,0,0,0,0,0,1,"exp_compl, imp_compl",1
Cuba,2000,0,0,0,0,0,0,0,0,1,"exp_compl, imp_compl",1
Cuba,2001,0,0,0,0,0,0,0,0,1,"exp_compl, imp_compl",1
Cuba,2002,0,0,0,0,0,0,0,0,1,"exp_compl, imp_compl",1
Cuba,2003,0,0,0,0,0,0,0,0,1,"exp_compl, imp_compl",1
Cuba,2004,0,0,0,0,0,0,0,0,1,"exp_compl, imp_compl",1
Cuba,2005,0,0,0,0,0,0,0,0,1,"exp_compl, imp_compl",1
Cuba,2006,0,0,0,0,0,0,0,0,1,"exp_compl, imp_compl",1
Cuba,2007,0,0,0,0,0,0,0,0,1,"exp_compl, imp_compl",1
Cuba,2008,0,0,0,0,0,0,0,0,1,"exp_compl, imp_compl",1
Cuba,2009,0,0,0,0,0,0,0,0,1,"exp_compl, imp_compl",1
Cuba,2010,0,0,0,0,0,0,0,0,1,"exp_compl, imp_compl",1
Cuba,2011,0,0,0,0,0,0,0,0,1,"exp_compl, imp_compl",1
Cuba,2012,0,0,0,0,0,0,0,0,1,"exp_compl, imp_compl",1
Cuba,2013,0,0,0,0,0,0,0,0,1,"exp_compl, imp_compl",1
Cuba,2014,0,0,0,0,0,0,0,0,1,"exp_compl, imp_compl",1
Cuba,2015,0,0,0,0,0,0,0,0,1,"exp_compl, imp_compl",1
Cuba,2016,0,0,0,0,0,0,0,0,1,"exp_compl, imp_compl",1
Cuba,2017,0,0,0,0,0,0,0,0,1,"exp_compl, imp_compl",1
Cuba,2018,0,0,0,0,0,0,0,0,1,"exp_compl, imp_compl",1
Cuba,2019,0,0,0,0,0,0,0,0,1,"exp_compl, imp_compl",1
Cuba,2020,0,0,0,0,0,0,0,0,1,"exp_compl, imp_compl",1
Cuba,2021,0,0,0,0,0,0,0,0,1,"exp_compl, imp_compl",1
Cuba,2022,0,0,0,0,0,0,0,0,1,"exp_compl, imp_compl",1
Democratic Republic of the,1950,0,0,0,0,0,0,0,0,0,,0
Democratic Republic of the,1951,0,0,0,0,0,0,0,0,0,,0
Democratic Republic of the,1952,0,0,0,0,0,0,0,0,0,,0
Democratic Republic of the,1953,0,0,0,0,0,0,0,0,0,,0
Democratic Republic of the,1954,0,0,0,0,0,0,0,0,0,,0
Democratic Republic of the,1955,0,0,0,0,0,0,0,0,0,,0
Democratic Republic of the,1956,0,0,0,0,0,0,0,0,0,,0
Democratic Republic of the,1957,0,0,0,0,0,0,0,0,0,,0
Democratic Republic of the,1958,0,0,0,0,0,0,0,0,0,,0
Democratic Republic of the,1959,0,0,0,0,0,0,0,0,0,,0
Democratic Republic of the,1960,0,0,0,0,0,0,0,0,0,,0
Democratic Republic of the,1961,0,0,0,0,0,0,0,0,0,,0
Democratic Republic of the,1962,0,0,0,0,0,0,0,0,0,,0
Democratic Republic of the,1963,0,0,0,0,0,0,0,0,0,,0
Democratic Republic of the,1964,0,0,0,0,0,0,0,0,0,,0
Democratic Republic of the,1965,0,0,0,0,0,0,0,0,0,,0
Democratic Republic of the,1966,0,0,0,0,0,0,0,0,0,,0
Democratic Republic of the,1967,0,0,0,0,0,0,0,0,0,,0
Democratic Republic of the,1968,0,0,0,0,0,0,0,0,0,,0
Democratic Republic of the,1969,0,0,0,0,0,0,0,0,0,,0
Democratic Republic of the,1970,0,0,0,0,0,0,0,0,0,,0
Democratic Republic of the,1971,0,0,0,0,0,0,0,0,0,,0
Democratic Republic of the,1972,0,0,0,0,0,0,0,0,0,,0
Democratic Republic of the,1973,0,0,0,0,0,0,0,0,0,,0
Democratic Republic of the,1974,0,0,0,0,0,0,0,0,0,,0
Democratic Republic of the,1975,0,0,0,0,0,0,0,0,0,,0
Democratic Republic of the,1976,0,0,0,0,0,0,0,0,0,,0
Democratic Republic of the,1977,0,0,0,0,0,0,0,0,0,,0
Democratic Republic of the,1978,0,0,0,0,0,0,0,0,0,,0
Democratic Republic of the,1979,0,0,0,0,0,0,0,0,0,,0
Democratic Republic of the,1980,0,0,0,0,0,0,0,0,0,,0
Democratic Republic of the,1981,0,0,0,0,0,0,0,0,0,,0
Democratic Republic of the,1982,0,0,0,0,0,0,0,0,0,,0
Democratic Republic of the,1983,0,0,0,0,0,0,0,0,0,,0
Democratic Republic of the,1984,0,0,0,0,0,0,0,0,0,,0
Democratic Republic of the,1985,0,0,0,0,0,0,0,0,0,,0
Democratic Republic of the,1986,0,0,0,0,0,0,0,0,0,,0
Democratic Republic of the,1987,0,0,0,0,0,0,0,0,0,,0
Democratic Republic of the,1988,0,0,0,0,0,0,0,0,0,,0
Democratic Republic of the,1989,0,0,0,0,0,0,0,0,0,,0
Democratic Republic of the,1990,0,0,0,0,0,0,0,0,0,,0
Democratic Republic of the,1991,0,0,0,0,0,0,0,0,0,,0
Democratic Republic of the,1992,0,0,0,0,0,0,0,0,0,,0
Democratic Republic of the,1993,0,0,0,0,0,0,0,0,0,,0
Democratic Republic of the,1994,0,0,0,0,0,0,0,0,0,,0
Democratic Republic of the,1995,0,0,0,0,0,0,0,0,0,,0
Democratic Republic of the,1996,0,0,0,0,0,0,0,0,0,,0
Democratic Republic of the,1997,0,0,0,0,0,0,0,0,0,,0
Democratic Republic of the,1998,0,0,0,0,0,0,0,0,0,,0
Democratic Republic of the,1999,0,0,0,0,0,0,0,0,0,,0
Democratic Republic of the,2000,0,0,0,0,0,0,0,0,0,,0
Democratic Republic of the,2001,0,0,0,0,0,0,0,0,0,,0
Democratic Republic of the,2002,0,0,0,0,0,0,0,0,0,,0
Democratic Republic of the,2003,0,0,0,0,0,0,0,0,0,,0
Democratic Republic of the,2004,0,0,0,0,0,0,0,0,0,,0
Democratic Republic of the,2005,0,0,0,0,0,0,0,0,0,,0
Democratic Republic of the,2006,0,0,0,0,0,0,0,0,1,"exp_part, imp_part",1
Democratic Republic of the,2007,0,0,0,0,0,0,0,0,1,"exp_part, imp_part",1
Democratic Republic of the,2008,0,0,0,0,0,0,0,0,1,"exp_part, imp_part",1
Democratic Republic of the,2009,0,0,0,0,0,0,0,0,1,"exp_part, imp_part",1
Democratic Republic of the,2010,0,0,0,0,0,0,0,0,1,"exp_part, imp_part",1
Democratic Republic of the,2011,0,0,0,0,0,0,0,0,1,"exp_part, imp_part",1
Democratic Republic of the,2012,0,0,0,0,0,0,0,0,1,"exp_part, imp_part",1
Democratic Republic of the,2013,0,0,0,0,0,0,0,0,1,"exp_part, imp_part",1
Democratic Republic of the,2014,0,0,0,0,0,0,0,0,1,"exp_part, imp_part",1
Democratic Republic of the,2015,0,0,0,0,0,0,0,0,1,"exp_part, imp_part",1
Democratic Republic of the,2016,0,0,0,0,0,0,0,0,1,"exp_part, imp_part",1
Democratic Republic of the,2017,0,0,0,0,0,0,0,0,1,"exp_part, imp_part",1
Democratic Republic of the,2018,0,0,0,0,0,0,0,0,1,"exp_part, imp_part",1
Democratic Republic of the,2019,0,0,0,0,0,0,0,0,1,"exp_part, imp_part",1
Democratic Republic of the,2020,0,0,0,0,0,0,0,0,1,"exp_part, imp_part",1
Democratic Republic of the,2021,0,0,0,0,0,0,0,0,1,"exp_part, imp_part",1
Democratic Republic of the,2022,0,0,0,0,0,0,0,0,1,"exp_part, imp_part",1
Dominican Republic,1950,0,0,0,0,0,0,0,0,0,,0
Dominican Republic,1951,0,0,0,0,0,0,0,0,0,,0
Dominican Republic,1952,0,0,0,0,0,0,0,0,0,,0
Dominican Republic,1953,0,0,0,0,0,0,0,0,0,,0
Dominican Republic,1954,0,0,0,0,0,0,0,0,0,,0
Dominican Republic,1955,0,0,0,0,0,0,0,0,0,,0
Dominican Republic,1956,0,0,0,0,0,0,0,0,0,,0
Dominican Republic,1957,0,0,0,0,0,0,0,0,0,,0
Dominican Republic,1958,0,0,0,0,0,0,0,0,0,,0
Dominican Republic,1959,0,0,0,0,0,0,0,0,0,,0
Dominican Republic,1960,0,0,0,0,0,0,0,0,1,imp_part,1
Dominican Republic,1961,0,0,0,0,0,0,0,0,1,imp_part,1
Dominican Republic,1962,0,0,0,0,0,0,0,0,0,,0
Dominican Republic,1963,0,0,0,0,0,0,0,0,0,,0
Dominican Republic,1964,0,0,0,0,0,0,0,0,0,,0
Dominican Republic,1965,0,0,0,0,0,0,0,0,0,,0
Dominican Republic,1966,0,0,0,0,0,0,0,0,0,,0
Dominican Republic,1967,0,0,0,0,0,0,0,0,0,,0
Dominican Republic,1968,0,0,0,0,0,0,0,0,0,,0
Dominican Republic,1969,0,0,0,0,0,0,0,0,0,,0
Dominican Republic,1970,0,0,0,0,0,0,0,0,0,,0
Dominican Republic,1971,0,0,0,0,0,0,0,0,0,,0
Dominican Republic,1972,0,0,0,0,0,0,0,0,0,,0
Dominican Republic,1973,0,0,0,0,0,0,0,0,0,,0
Dominican Republic,1974,0,0,0,0,0,0,0,0,0,,0
Dominican Republic,1975,0,0,0,0,0,0,0,0,0,,0
Dominican Republic,1976,0,0,0,0,0,0,0,0,0,,0
Dominican Republic,1977,0,0,0,0,0,0,0,0,0,,0
Dominican Republic,1978,0,0,0,0,0,0,0,0,0,,0
Dominican Republic,1979,0,0,0,0,0,0,0,0,0,,0
Dominican Republic,1980,0,0,0,0,0,0,0,0,0,,0
Dominican Republic,1981,0,0,0,0,0,0,0,0,0,,0
Dominican Republic,1982,0,0,0,0,0,0,0,0,0,,0
Dominican Republic,1983,0,0,0,0,0,0,0,0,0,,0
Dominican Republic,1984,0,0,0,0,0,0,0,0,0,,0
Dominican Republic,1985,0,0,0,0,0,0,0,0,0,,0
Dominican Republic,1986,0,0,0,0,0,0,0,0,0,,0
Dominican Republic,1987,0,0,0,0,0,0,0,0,0,,0
Dominican Republic,1988,0,0,0,0,0,0,0,0,0,,0
Dominican Republic,1989,0,0,0,0,0,0,0,0,0,,0
Dominican Republic,1990,0,0,0,0,0,0,0,0,0,,0
Dominican Republic,1991,0,0,0,0,0,0,0,0,0,,0
Dominican Republic,1992,0,0,0,0,0,0,0,0,0,,0
Dominican Republic,1993,0,0,0,0,0,0,0,0,0,,0
Dominican Republic,1994,0,0,0,0,0,0,0,0,0,,0
Dominican Republic,1995,0,0,0,0,0,0,0,0,0,,0
Dominican Republic,1996,0,0,0,0,0,0,0,0,0,,0
Dominican Republic,1997,0,0,0,0,0,0,0,0,0,,0
Dominican Republic,1998,0,0,0,0,0,0,0,0,0,,0
Dominican Republic,1999,0,0,0,0,0,0,0,0,0,,0
Dominican Republic,2000,0,0,0,0,0,0,0,0,0,,0
Dominican Republic,2001,0,0,0,0,0,0,0,0,0,,0
Dominican Republic,2002,0,0,0,0,0,0,0,0,0,,0
Dominican Republic,2003,0,0,0,0,0,0,0,0,0,,0
Dominican Republic,2004,0,0,0,0,0,0,0,0,0,,0
Dominican Republic,2005,0,0,0,0,0,0,0,0,0,,0
Dominican Republic,2006,0,0,0,0,0,0,0,0,0,,0
Dominican Republic,2007,0,0,0,0,0,0,0,0,0,,0
Dominican Republic,2008,0,0,0,0,0,0,0,0,0,,0
Dominican Republic,2009,0,0,0,0,0,0,0,0,0,,0
Dominican Republic,2010,0,0,0,0,0,0,0,0,0,,0
Dominican Republic,2011,0,0,0,0,0,0,0,0,1,"exp_part, imp_part",1
Dominican Republic,2012,0,0,0,0,0,0,0,0,1,"exp_part, imp_part",1
Dominican Republic,2013,0,0,0,0,0,0,0,0,1,"exp_part, imp_part",1
Dominican Republic,2014,0,0,0,0,0,0,0,0,1,"exp_part, imp_part",1
Dominican Republic,2015,0,0,0,0,0,0,0,0,1,"exp_part, imp_part",1
Dominican Republic,2016,0,0,0,0,0,0,0,0,1,"exp_part, imp_part",1
Dominican Republic,2017,0,0,0,0,0,0,0,0,1,"exp_part, imp_part",1
Dominican Republic,2018,0,0,0,0,0,0,0,0,1,"exp_part, imp_part",1
Dominican Republic,2019,0,0,0,0,0,0,0,0,1,"exp_part, imp_part",1
Dominican Republic,2020,0,0,0,0,0,0,0,0,1,"exp_part, imp_part",1
Dominican Republic,2021,0,0,0,0,0,0,0,0,1,"exp_part, imp_part",1
Dominican Republic,2022,0,0,0,0,0,0,0,0,1,"exp_part, imp_part",1
EEC,1950,0,0,0,0,0,0,0,0,0,,0
EEC,1951,0,0,0,0,0,0,0,0,0,,0
EEC,1952,0,0,0,0,0,0,0,0,0,,0
EEC,1953,0,0,0,0,0,0,0,0,0,,0
EEC,1954,0,0,0,0,0,0,0,0,0,,0
EEC,1955,0,0,0,0,0,0,0,0,0,,0
EEC,1956,0,0,0,0,0,0,0,0,0,,0
EEC,1957,0,0,0,0,0,0,0,0,0,,0
EEC,1958,0,0,0,0,0,0,0,0,0,,0
EEC,1959,0,0,0,0,0,0,0,0,0,,0
EEC,1960,0,0,0,0,0,0,0,0,0,,0
EEC,1961,0,0,0,0,0,0,0,0,0,,0
EEC,1962,0,0,0,0,0,0,0,0,0,,0
EEC,1963,0,0,0,0,0,0,0,0,0,,0
EEC,1964,0,0,0,0,0,0,0,0,0,,0
EEC,1965,0,0,0,0,0,0,0,0,0,,0
EEC,1966,0,0,0,0,0,0,0,0,0,,0
EEC,1967,0,0,0,0,0,0,0,0,0,,0
EEC,1968,0,0,0,0,0,0,0,0,0,,0
EEC,1969,0,0,0,0,0,0,0,0,0,,0
EEC,1970,0,0,0,0,0,0,0,0,0,,0
EEC,1971,0,0,0,0,0,0,0,0,0,,0
EEC,1972,0,0,0,0,0,0,0,0,0,,0
EEC,1973,0,0,0,0,0,0,0,0,0,,0
EEC,1974,0,0,0,0,0,0,0,0,0,,0
EEC,1975,0,0,0,0,0,0,0,0,0,,0
EEC,1976,0,0,0,0,0,0,0,0,0,,0
EEC,1977,0,1,0,0,0,0,0,0,0,exp_part,1
EEC,1978,0,1,0,0,0,0,0,0,0,exp_part,1
EEC,1979,0,0,0,0,0,0,0,0,0,,0
EEC,1980,0,0,0,0,0,0,0,0,0,,0
EEC,1981,0,0,0,0,0,0,0,0,0,,0
EEC,1982,0,0,0,0,0,0,0,0,0,,0
EEC,1983,0,0,0,0,0,0,0,0,0,,0
EEC,1984,0,0,0,0,0,0,0,0,0,,0
EEC,1985,0,0,0,0,0,0,0,0,0,,0
EEC,1986,0,0,0,0,0,0,0,0,0,,0
EEC,1987,0,0,0,0,0,0,0,0,0,,0
EEC,1988,0,0,0,0,0,0,0,0,0,,0
EEC,1989,0,0,0,0,0,0,0,0,0,,0
EEC,1990,0,0,0,0,0,0,0,0,0,,0
EEC,1991,0,0,0,0,0,0,0,0,0,,0
EEC,1992,0,0,0,0,0,0,0,0,0,,0
EEC,1993,0,0,0,0,0,0,0,0,0,,0
EEC,1994,0,0,0,0,0,0,0,0,0,,0
EEC,1995,0,0,0,0,0,0,0,0,0,,0
EEC,1996,0,0,0,0,0,0,0,0,0,,0
EEC,1997,0,0,0,0,0,0,0,0,0,,0
EEC,1998,0,0,0,0,0,0,0,0,0,,0
EEC,1999,0,0,0,0,0,0,0,0,0,,0
EEC,2000,0,0,0,0,0,0,0,0,0,,0
EEC,2001,0,0,0,0,0,0,0,0,0,,0
EEC,2002,0,0,0,0,0,0,0,0,0,,0
EEC,2003,0,0,0,0,0,0,0,0,0,,0
EEC,2004,0,0,0,0,0,0,0,0,0,,0
EEC,2005,0,0,0,0,0,0,0,0,0,,0
EEC,2006,0,0,0,0,0,0,0,0,0,,0
EEC,2007,0,0,0,0,0,0,0,0,0,,0
EEC,2008,0,0,0,0,0,0,0,0,0,,0
EEC,2009,0,0,0,0,0,0,0,0,0,,0
EEC,2010,0,0,0,0,0,0,0,0,0,,0
EEC,2011,0,0,0,0,0,0,0,0,0,,0
EEC,2012,0,0,0,0,0,0,0,0,0,,0
EEC,2013,0,0,0,0,0,0,0,0,0,,0
EEC,2014,0,0,0,0,0,0,0,0,0,,0
EEC,2015,0,0,0,0,0,0,0,0,0,,0
EEC,2016,0,0,0,0,0,0,0,0,0,,0
EEC,2017,0,0,0,0,0,0,0,0,0,,0
EEC,2018,0,0,0,0,0,0,0,0,0,,0
EEC,2019,0,0,0,0,0,0,0,0,0,,0
EEC,2020,0,0,0,0,0,0,0,0,0,,0
EEC,2021,0,0,0,0,0,0,0,0,0,,0
EEC,2022,0,0,0,0,0,0,0,0,0,,0
EEU,1950,0,0,0,0,0,0,0,0,0,,0
EEU,1951,0,0,0,0,0,0,0,0,0,,0
EEU,1952,0,0,0,0,0,0,0,0,0,,0
EEU,1953,0,0,0,0,0,0,0,0,0,,0
EEU,1954,0,0,0,0,0,0,0,0,0,,0
EEU,1955,0,0,0,0,0,0,0,0,0,,0
EEU,1956,0,0,0,0,0,0,0,0,0,,0
EEU,1957,0,0,0,0,0,0,0,0,0,,0
EEU,1958,0,0,0,0,0,0,0,0,0,,0
EEU,1959,0,0,0,0,0,0,0,0,0,,0
EEU,1960,0,0,0,0,0,0,0,0,0,,0
EEU,1961,0,0,0,0,0,0,0,0,0,,0
EEU,1962,0,0,0,0,0,0,0,0,0,,0
EEU,1963,0,0,0,0,0,0,0,0,0,,0
EEU,1964,0,0,0,0,0,0,0,0,0,,0
EEU,1965,0,0,0,0,0,0,0,0,0,,0
EEU,1966,0,0,0,0,0,0,0,0,0,,0
EEU,1967,0,0,0,0,0,0,0,0,0,,0
EEU,1968,0,0,0,0,0,0,0,0,0,,0
EEU,1969,0,0,0,0,0,0,0,0,0,,0
EEU,1970,0,0,0,0,0,0,0,0,0,,0
EEU,1971,0,0,0,0,0,0,0,0,0,,0
EEU,1972,0,0,0,0,0,0,0,0,0,,0
EEU,1973,0,0,0,0,0,0,0,0,0,,0
EEU,1974,0,0,0,0,0,0,0,0,0,,0
EEU,1975,0,0,0,0,0,0,0,0,0,,0
EEU,1976,0,0,0,0,0,0,0,0,0,,0
EEU,1977,0,0,0,0,0,0,0,0,0,,0
EEU,1978,0,0,0,0,0,0,0,0,0,,0
EEU,1979,0,0,0,0,0,0,0,0,0,,0
EEU,1980,0,0,0,0,0,0,0,0,0,,0
EEU,1981,0,0,0,0,0,0,0,0,0,,0
EEU,1982,0,0,0,0,0,0,0,0,0,,0
EEU,1983,0,0,0,0,0,0,0,0,0,,0
EEU,1984,0,0,0,0,0,0,0,0,0,,0
EEU,1985,0,0,0,0,0,0,0,0,0,,0
EEU,1986,0,0,0,0,0,0,0,0,0,,0
EEU,1987,0,0,0,0,0,0,0,0,0,,0
EEU,1988,0,0,0,0,0,0,0,0,0,,0
EEU,1989,0,0,0,0,0,0,0,0,0,,0
EEU,1990,0,0,0,0,0,0,0,0,0,,0
EEU,1991,0,0,0,0,0,0,0,0,0,,0
EEU,1992,0,0,0,0,0,0,0,0,0,,0
EEU,1993,0,0,0,0,0,0,0,0,0,,0
EEU,1994,0,0,0,0,0,0,0,0,0,,0
EEU,1995,0,0,0,0,0,0,0,0,0,,0
EEU,1996,0,0,0,0,0,0,0,0,0,,0
EEU,1997,0,0,0,0,0,0,0,0,0,,0
EEU,1998,0,0,0,0,0,0,0,0,0,,0
EEU,1999,0,0,0,0,0,0,0,0,0,,0
EEU,2000,0,0,0,0,0,0,0,0,0,,0
EEU,2001,0,0,0,0,0,0,0,0,0,,0
EEU,2002,0,0,0,0,0,0,0,0,0,,0
EEU,2003,0,0,0,0,0,0,0,0,0,,0
EEU,2004,0,0,0,0,0,0,0,0,0,,0
EEU,2005,0,0,0,0,0,0,0,0,0,,0
EEU,2006,0,0,0,0,0,0,0,0,0,,0
EEU,2007,0,0,0,0,0,0,0,0,0,,0
EEU,2008,0,0,0,0,0,0,0,0,0,,0
EEU,2009,0,0,0,0,0,0,0,0,0,,0
EEU,2010,0,0,0,0,0,0,0,0,0,,0
EEU,2011,0,0,0,0,0,0,0,0,0,,0
EEU,2012,0,0,0,0,0,0,0,0,0,,0
EEU,2013,0,0,0,0,0,0,0,0,0,,0
EEU,2014,0,0,0,0,0,0,0,0,0,,0
EEU,2015,0,0,0,0,0,0,0,0,0,,0
EEU,2016,0,0,0,0,0,0,0,0,0,,0
EEU,2017,0,0,0,0,0,0,0,0,0,,0
EEU,2018,0,0,0,0,0,0,0,0,0,,0
EEU,2019,0,0,0,0,0,0,0,0,0,,0
EEU,2020,0,0,0,0,0,0,0,0,0,,0
EEU,2021,0,0,0,0,0,0,0,0,0,,0
EEU,2022,0,0,0,0,0,1,0,0,0,exp_part,1
EU,1950,0,0,0,0,0,0,0,0,0,,0
EU,1951,0,0,0,0,0,0,0,0,0,,0
EU,1952,0,0,0,0,0,0,0,0,0,,0
EU,1953,0,0,0,0,0,0,0,0,0,,0
EU,1954,0,0,0,0,0,0,0,0,0,,0
EU,1955,0,0,0,0,0,0,0,0,0,,0
EU,1956,0,0,0,0,0,0,0,0,0,,0
EU,1957,0,0,0,0,0,0,0,0,0,,0
EU,1958,0,0,0,0,0,0,0,0,0,,0
EU,1959,0,0,0,0,0,0,0,0,0,,0
EU,1960,0,0,0,0,0,0,0,0,0,,0
EU,1961,0,0,0,0,0,0,0,0,0,,0
EU,1962,0,0,0,0,0,0,0,0,0,,0
EU,1963,0,0,0,0,0,0,0,0,0,,0
EU,1964,0,0,0,0,0,0,0,0,0,,0
EU,1965,0,0,0,0,0,0,0,0,0,,0
EU,1966,0,0,0,0,0,0,0,0,0,,0
EU,1967,0,0,0,0,0,0,0,0,0,,0
EU,1968,0,0,0,0,0,0,0,0,0,,0
EU,1969,0,0,0,0,0,0,0,0,0,,0
EU,1970,0,0,0,0,0,0,0,0,0,,0
EU,1971,0,0,0,0,0,0,0,0,0,,0
EU,1972,0,0,0,0,0,0,0,0,0,,0
EU,1973,0,0,0,0,0,0,0,0,0,,0
EU,1974,0,0,0,0,0,0,0,0,0,,0
EU,1975,0,0,0,0,0,0,0,0,0,,0
EU,1976,0,0,0,0,0,0,0,0,0,,0
EU,1977,0,0,0,0,0,0,0,0,0,,0
EU,1978,0,0,0,0,0,0,0,0,0,,0
EU,1979,0,0,0,0,0,0,0,0,0,,0
EU,1980,0,0,0,0,0,0,0,0,0,,0
EU,1981,0,0,0,0,0,0,0,0,0,,0
EU,1982,0,0,0,0,0,0,0,0,0,,0
EU,1983,0,0,0,0,0,0,0,0,0,,0
EU,1984,0,0,0,0,0,0,0,0,0,,0
EU,1985,0,0,0,0,0,0,0,0,0,,0
EU,1986,0,0,0,0,0,0,0,0,0,,0
EU,1987,0,0,0,0,0,0,0,0,0,,0
EU,1988,0,0,0,0,0,0,0,0,0,,0
EU,1989,0,0,0,0,0,0,0,0,0,,0
EU,1990,0,0,0,0,0,0,0,0,0,,0
EU,1991,0,0,0,0,0,0,0,0,0,,0
EU,1992,0,0,0,0,0,0,0,0,0,,0
EU,1993,0,0,0,0,0,0,0,0,0,,0
EU,1994,0,0,0,0,0,0,0,0,0,,0
EU,1995,0,0,0,0,0,0,0,0,0,,0
EU,1996,0,1,0,0,0,0,0,0,0,imp_part,1
EU,1997,0,1,0,0,0,0,0,0,0,imp_part,1
EU,1998,0,1,0,0,0,0,0,0,0,imp_part,1
EU,1999,0,1,0,0,0,0,0,0,0,imp_part,1
EU,2000,0,1,0,0,0,0,0,0,0,imp_part,1
EU,2001,0,1,0,0,0,0,0,0,0,imp_part,1
EU,2002,0,1,0,0,0,0,0,0,0,imp_part,1
EU,2003,0,1,0,0,0,0,0,0,0,imp_part,1
EU,2004,0,1,0,0,0,0,0,0,0,imp_part,1
EU,2005,0,1,0,0,0,0,0,0,0,imp_part,1
EU,2006,0,1,0,0,0,0,0,0,0,imp_part,1
EU,2007,0,1,0,0,0,0,0,0,0,imp_part,1
EU,2008,0,1,0,0,0,0,0,0,0,imp_part,1
EU,2009,0,1,0,0,0,0,0,0,0,imp_part,1
EU,2010,0,1,0,0,0,0,0,0,0,imp_part,1
EU,2011,0,1,0,0,0,0,0,0,0,imp_part,1
EU,2012,0,1,0,0,0,0,0,0,0,imp_part,1
EU,2013,0,1,0,0,0,0,0,0,0,imp_part,1
EU,2014,0,1,0,0,0,1,0,0,0,imp_part,1
EU,2015,0,1,0,0,0,1,0,0,0,imp_part,1
EU,2016,0,0,0,0,0,1,0,0,0,imp_part,1
EU,2017,0,0,0,0,0,1,0,0,0,imp_part,1
EU,2018,0,0,0,0,0,1,0,0,0,imp_part,1
EU,2019,0,0,0,0,0,1,0,0,0,imp_part,1
EU,2020,0,0,0,0,0,1,0,0,0,imp_part,1
EU,2021,0,0,0,0,0,1,0,0,0,imp_part,1
EU,2022,0,0,0,0,0,1,0,0,0,"exp_part, imp_part; imp_part",1
Egypt,1950,0,0,0,0,0,0,0,0,0,,0
Egypt,1951,0,0,0,0,0,0,0,0,0,,0
Egypt,1952,0,0,0,0,0,0,0,0,0,,0
Egypt,1953,0,0,0,0,0,0,0,0,0,,0
Egypt,1954,0,0,0,0,0,0,0,0,0,,0
Egypt,1955,0,0,0,0,0,0,0,0,0,,0
Egypt,1956,0,0,0,0,0,0,0,0,0,,0
Egypt,1957,0,0,0,0,0,0,0,0,0,,0
Egypt,1958,0,0,0,0,0,0,0,0,0,,0
Egypt,1959,0,0,0,0,0,0,0,0,0,,0
Egypt,1960,0,0,0,0,0,0,0,0,0,,0
Egypt,1961,0,0,0,0,0,0,0,0,0,,0
Egypt,1962,0,0,0,0,0,0,0,0,0,,0
Egypt,1963,0,0,0,0,0,0,0,0,0,,0
Egypt,1964,0,0,0,0,0,0,0,0,0,,0
Egypt,1965,0,0,0,0,0,0,0,0,0,,0
Egypt,1966,0,0,0,0,0,0,0,0,0,,0
Egypt,1967,0,0,0,0,0,0,0,0,0,,0
Egypt,1968,0,0,0,0,0,0,0,0,0,,0
Egypt,1969,0,0,0,0,0,0,0,0,0,,0
Egypt,1970,0,0,0,0,0,0,0,0,0,,0
Egypt,1971,0,0,0,0,0,0,0,0,0,,0
Egypt,1972,0,0,0,0,0,0,0,0,0,,0
Egypt,1973,0,0,0,0,0,0,0,0,0,,0
Egypt,1974,0,0,0,0,0,0,0,0,0,,0
Egypt,1975,0,0,0,0,0,0,0,0,0,,0
Egypt,1976,0,0,0,0,0,0,0,0,0,,0
Egypt,1977,0,0,0,0,0,0,0,0,0,,0
Egypt,1978,0,0,0,0,0,0,0,0,0,,0
Egypt,1979,0,0,0,0,0,0,0,0,0,,0
Egypt,1980,0,0,0,0,0,0,0,0,0,,0
Egypt,1981,0,0,0,0,0,0,0,0,0,,0
Egypt,1982,0,0,0,0,0,0,0,0,0,,0
Egypt,1983,0,0,0,0,0,0,0,0,0,,0
Egypt,1984,0,0,0,0,0,0,0,0,0,,0
Egypt,1985,0,0,0,0,0,0,0,0,0,,0
Egypt,1986,0,0,0,0,0,0,0,0,0,,0
Egypt,1987,0,0,0,0,0,0,0,0,0,,0
Egypt,1988,0,0,0,0,0,0,0,0,0,,0
Egypt,1989,0,0,0,0,0,0,0,0,0,,0
Egypt,1990,0,0,0,0,0,0,0,0,0,,0
Egypt,1991,0,0,0,0,0,0,0,0,0,,0
Egypt,1992,0,0,0,0,0,0,0,0,0,,0
Egypt,1993,0,0,0,0,0,0,0,0,0,,0
Egypt,1994,0,0,0,0,0,0,0,0,0,,0
Egypt,1995,0,0,0,0,0,0,0,0,0,,0
Egypt,1996,0,0,0,0,0,0,0,0,0,,0
Egypt,1997,0,0,0,0,0,0,0,0,0,,0
Egypt,1998,0,0,0,0,0,0,0,0,0,,0
Egypt,1999,0,0,0,0,0,0,0,0,0,,0
Egypt,2000,0,0,0,0,0,0,0,0,0,,0
Egypt,2001,0,0,0,0,0,0,0,0,0,,0
Egypt,2002,0,0,0,0,0,0,0,0,0,,0
Egypt,2003,0,0,0,0,0,0,0,0,0,,0
Egypt,2004,0,0,0,0,0,0,0,0,0,,0
Egypt,2005,0,0,0,0,0,0,0,0,0,,0
Egypt,2006,0,0,0,0,0,0,0,0,0,,0
Egypt,2007,0,0,0,0,0,0,0,0,0,,0
Egypt,2008,0,0,0,0,0,0,0,0,0,,0
Egypt,2009,0,0,0,0,0,0,0,0,0,,0
Egypt,2010,0,0,0,0,0,0,0,0,0,,0
Egypt,2011,0,0,0,0,0,0,0,0,0,,0
Egypt,2012,0,0,0,0,0,0,0,0,0,,0
Egypt,2013,0,0,1,0,0,0,0,0,0,exp_part,1
Egypt,2014,0,0,1,0,0,0,0,0,0,exp_part,1
Egypt,2015,0,0,1,0,0,0,0,0,0,exp_part,1
Egypt,2016,0,0,1,0,0,0,0,0,0,exp_part,1
Egypt,2017,0,0,1,0,0,0,0,0,0,exp_part,1
Egypt,2018,0,0,1,0,0,0,0,0,0,exp_part,1
Egypt,2019,0,0,1,0,0,0,0,0,0,exp_part,1
Egypt,2020,0,0,1,0,0,0,0,0,0,exp_part,1
Egypt,2021,0,0,1,0,0,0,0,1,0,exp_part,1
Egypt,2022,0,0,1,0,0,0,0,1,0,exp_part,1
Eritrea,1950,0,0,0,0,0,0,0,0,0,,0
Eritrea,1951,0,0,0,0,0,0,0,0,0,,0
Eritrea,1952,0,0,0,0,0,0,0,0,0,,0
Eritrea,1953,0,0,0,0,0,0,0,0,0,,0
Eritrea,1954,0,0,0,0,0,0,0,0,0,,0
Eritrea,1955,0,0,0,0,0,0,0,0,0,,0
Eritrea,1956,0,0,0,0,0,0,0,0,0,,0
Eritrea,1957,0,0,0,0,0,0,0,0,0,,0
Eritrea,1958,0,0,0,0,0,0,0,0,0,,0
Eritrea,1959,0,0,0,0,0,0,0,0,0,,0
Eritrea,1960,0,0,0,0,0,0,0,0,0,,0
Eritrea,1961,0,0,0,0,0,0,0,0,0,,0
Eritrea,1962,0,0,0,0,0,0,0,0,0,,0
Eritrea,1963,0,0,0,0,0,0,0,0,0,,0
Eritrea,1964,0,0,0,0,0,0,0,0,0,,0
Eritrea,1965,0,0,0,0,0,0,0,0,0,,0
Eritrea,1966,0,0,0,0,0,0,0,0,0,,0
Eritrea,1967,0,0,0,0,0,0,0,0,0,,0
Eritrea,1968,0,0,0,0,0,0,0,0,0,,0
Eritrea,1969,0,0,0,0,0,0,0,0,0,,0
Eritrea,1970,0,0,0,0,0,0,0,0,0,,0
Eritrea,1971,0,0,0,0,0,0,0,0,0,,0
Eritrea,1972,0,0,0,0,0,0,0,0,0,,0
Eritrea,1973,0,0,0,0,0,0,0,0,0,,0
Eritrea,1974,0,0,0,0,0,0,0,0,0,,0
Eritrea,1975,0,0,0,0,0,0,0,0,0,,0
Eritrea,1976,0,0,0,0,0,0,0,0,0,,0
Eritrea,1977,0,0,0,0,0,0,0,0,0,,0
Eritrea,1978,0,0,0,0,0,0,0,0,0,,0
Eritrea,1979,0,0,0,0,0,0,0,0,0,,0
Eritrea,1980,0,0,0,0,0,0,0,0,0,,0
Eritrea,1981,0,0,0,0,0,0,0,0,0,,0
Eritrea,1982,0,0,0,0,0,0,0,0,0,,0
Eritrea,1983,0,0,0,0,0,0,0,0,0,,0
Eritrea,1984,0,0,0,0,0,0,0,0,0,,0
Eritrea,1985,0,0,0,0,0,0,0,0,0,,0
Eritrea,1986,0,0,0,0,0,0,0,0,0,,0
Eritrea,1987,0,0,0,0,0,0,0,0,0,,0
Eritrea,1988,0,0,0,0,0,0,0,0,0,,0
Eritrea,1989,0,0,0,0,0,0,0,0,0,,0
Eritrea,1990,0,0,0,0,0,0,0,0,0,,0
Eritrea,1991,0,0,0,0,0,0,0,0,0,,0
Eritrea,1992,0,0,0,0,0,0,0,0,0,,0
Eritrea,1993,0,0,0,0,0,0,0,0,0,,0
Eritrea,1994,0,0,0,0,0,0,0,0,0,,0
Eritrea,1995,0,0,0,0,0,0,0,0,0,,0
Eritrea,1996,0,0,0,0,0,0,0,0,0,,0
Eritrea,1997,0,0,0,0,0,0,0,0,0,,0
Eritrea,1998,0,0,0,0,0,0,0,0,0,,0
Eritrea,1999,0,0,0,0,0,0,0,0,0,,0
Eritrea,2000,0,0,0,0,0,0,0,0,0,,0
Eritrea,2001,0,0,0,0,0,0,0,0,0,,0
Eritrea,2002,0,0,0,0,0,0,0,0,0,,0
Eritrea,2003,0,0,0,0,0,0,0,0,0,,0
Eritrea,2004,0,0,0,0,0,0,0,0,0,,0
Eritrea,2005,0,0,0,0,0,0,0,0,0,,0
Eritrea,2006,0,0,0,0,0,0,0,0,0,,0
Eritrea,2007,0,0,0,0,0,0,0,0,0,,0
Eritrea,2008,0,0,0,0,0,0,0,0,0,,0
Eritrea,2009,0,0,0,0,0,1,0,0,0,exp_part,1
Eritrea,2010,0,0,0,0,0,1,0,0,0,exp_part,1
Eritrea,2011,0,0,0,0,0,1,0,0,0,exp_part,1
Eritrea,2012,0,0,0,0,0,1,0,0,0,exp_part,1
Eritrea,2013,0,0,0,0,0,1,0,0,0,exp_part,1
Eritrea,2014,0,0,0,0,0,1,0,0,0,exp_part,1
Eritrea,2015,0,0,0,0,0,1,0,0,0,exp_part,1
Eritrea,2016,0,0,0,0,0,1,0,0,0,exp_part,1
Eritrea,2017,0,0,0,0,0,1,0,0,0,exp_part,1
Eritrea,2018,0,0,0,0,0,1,0,0,0,exp_part,1
Eritrea,2019,0,0,0,0,0,0,0,0,0,,0
Eritrea,2020,0,0,0,0,0,0,0,0,0,,0
Eritrea,2021,0,0,0,0,0,0,0,0,0,,0
Eritrea,2022,0,0,0,0,0,0,0,0,0,,0
Estonia,1950,0,0,0,0,0,0,0,0,0,,0
Estonia,1951,0,0,0,0,0,0,0,0,0,,0
Estonia,1952,0,0,0,0,0,0,0,0,0,,0
Estonia,1953,0,0,0,0,0,0,0,0,0,,0
Estonia,1954,0,0,0,0,0,0,0,0,0,,0
Estonia,1955,0,0,0,0,0,0,0,0,0,,0
Estonia,1956,0,0,0,0,0,0,0,0,0,,0
Estonia,1957,0,0,0,0,0,0,0,0,0,,0
Estonia,1958,0,0,0,0,0,0,0,0,0,,0
Estonia,1959,0,0,0,0,0,0,0,0,0,,0
Estonia,1960,0,0,0,0,0,0,0,0,0,,0
Estonia,1961,0,0,0,0,0,0,0,0,0,,0
Estonia,1962,0,0,0,0,0,0,0,0,0,,0
Estonia,1963,0,0,0,0,0,0,0,0,0,,0
Estonia,1964,0,0,0,0,0,0,0,0,0,,0
Estonia,1965,0,0,0,0,0,0,0,0,0,,0
Estonia,1966,0,0,0,0,0,0,0,0,0,,0
Estonia,1967,0,0,0,0,0,0,0,0,0,,0
Estonia,1968,0,0,0,0,0,0,0,0,0,,0
Estonia,1969,0,0,0,0,0,0,0,0,0,,0
Estonia,1970,0,0,0,0,0,0,0,0,0,,0
Estonia,1971,0,0,0,0,0,0,0,0,0,,0
Estonia,1972,0,0,0,0,0,0,0,0,0,,0
Estonia,1973,0,0,0,0,0,0,0,0,0,,0
Estonia,1974,0,0,0,0,0,0,0,0,0,,0
Estonia,1975,0,0,0,0,0,0,0,0,0,,0
Estonia,1976,0,0,0,0,0,0,0,0,0,,0
Estonia,1977,0,0,0,0,0,0,0,0,0,,0
Estonia,1978,0,0,0,0,0,0,0,0,0,,0
Estonia,1979,0,0,0,0,0,0,0,0,0,,0
Estonia,1980,0,0,0,0,0,0,0,0,0,,0
Estonia,1981,0,0,0,0,0,0,0,0,0,,0
Estonia,1982,0,0,0,0,0,0,0,0,0,,0
Estonia,1983,0,0,0,0,0,0,0,0,0,,0
Estonia,1984,0,0,0,0,0,0,0,0,0,,0
Estonia,1985,0,0,0,0,0,0,0,0,0,,0
Estonia,1986,0,0,0,0,0,0,0,0,0,,0
Estonia,1987,0,0,0,0,0,0,0,0,0,,0
Estonia,1988,0,0,0,0,0,0,0,0,0,,0
Estonia,1989,0,0,0,0,0,0,0,0,0,,0
Estonia,1990,0,0,0,0,0,0,0,0,0,,0
Estonia,1991,0,0,0,0,0,0,0,0,0,,0
Estonia,1992,0,0,0,0,0,1,0,0,0,"exp_part; exp_part, imp_part",1
Estonia,1993,0,0,0,0,0,1,0,0,0,"exp_part; exp_part, imp_part",1
Estonia,1994,0,0,0,0,0,1,0,0,0,"exp_part, imp_part",1
Estonia,1995,0,0,0,0,0,1,0,0,0,"exp_part, imp_part",1
Estonia,1996,0,0,0,0,0,1,0,0,0,"exp_part, imp_part",1
Estonia,1997,0,0,0,0,0,1,0,0,0,"exp_part, imp_part",1
Estonia,1998,0,0,0,0,0,1,0,0,0,"exp_part, imp_part",1
Estonia,1999,0,0,0,0,0,0,0,0,0,,0
Estonia,2000,0,0,0,0,0,0,0,0,0,,0
Estonia,2001,0,0,0,0,0,0,0,0,0,,0
Estonia,2002,0,0,0,0,0,0,0,0,0,,0
Estonia,2003,0,0,0,0,0,0,0,0,0,,0
Estonia,2004,0,0,0,0,0,0,0,0,0,,0
Estonia,2005,0,0,0,0,0,0,0,0,0,,0
Estonia,2006,0,0,0,0,0,0,0,0,0,,0
Estonia,2007,0,0,0,0,0,0,0,0,0,,0
Estonia,2008,0,0,0,0,0,0,0,0,0,,0
Estonia,2009,0,0,0,0,0,0,0,0,0,,0
Estonia,2010,0,0,0,0,0,0,0,0,0,,0
Estonia,2011,0,0,0,0,0,0,0,0,0,,0
Estonia,2012,0,0,0,0,0,0,0,0,0,,0
Estonia,2013,0,0,0,0,0,0,0,0,0,,0
Estonia,2014,0,0,0,0,0,0,0,0,0,,0
Estonia,2015,0,0,0,0,0,0,0,0,0,,0
Estonia,2016,0,0,0,0,0,0,0,0,0,,0
Estonia,2017,0,0,0,0,0,0,0,0,0,,0
Estonia,2018,0,0,0,0,0,0,0,0,0,,0
Estonia,2019,0,0,0,0,0,0,0,0,0,,0
Estonia,2020,0,0,0,0,0,0,0,0,0,,0
Estonia,2021,0,0,0,0,0,0,0,0,0,,0
Estonia,2022,0,0,0,0,0,0,0,0,0,,0
Ethiopia (excludes Eritrea),1950,0,0,0,0,0,0,0,0,0,,0
Ethiopia (excludes Eritrea),1951,0,0,0,0,0,0,0,0,0,,0
Ethiopia (excludes Eritrea),1952,0,0,0,0,0,0,0,0,0,,0
Ethiopia (excludes Eritrea),1953,0,0,0,0,0,0,0,0,0,,0
Ethiopia (excludes Eritrea),1954,0,0,0,0,0,0,0,0,0,,0
Ethiopia (excludes Eritrea),1955,0,0,0,0,0,0,0,0,0,,0
Ethiopia (excludes Eritrea),1956,0,0,0,0,0,0,0,0,0,,0
Ethiopia (excludes Eritrea),1957,0,0,0,0,0,0,0,0,0,,0
Ethiopia (excludes Eritrea),1958,0,0,0,0,0,0,0,0,0,,0
Ethiopia (excludes Eritrea),1959,0,0,0,0,0,0,0,0,0,,0
Ethiopia (excludes Eritrea),1960,0,0,0,0,0,0,0,0,0,,0
Ethiopia (excludes Eritrea),1961,0,0,0,0,0,0,0,0,0,,0
Ethiopia (excludes Eritrea),1962,0,0,0,0,0,0,0,0,0,,0
Ethiopia (excludes Eritrea),1963,0,0,0,0,0,0,0,0,0,,0
Ethiopia (excludes Eritrea),1964,0,0,0,0,0,0,0,0,0,,0
Ethiopia (excludes Eritrea),1965,0,0,0,0,0,0,0,0,0,,0
Ethiopia (excludes Eritrea),1966,0,0,0,0,0,0,0,0,0,,0
Ethiopia (excludes Eritrea),1967,0,0,0,0,0,0,0,0,0,,0
Ethiopia (excludes Eritrea),1968,0,0,0,0,0,0,0,0,0,,0
Ethiopia (excludes Eritrea),1969,0,0,0,0,0,0,0,0,0,,0
Ethiopia (excludes Eritrea),1970,0,0,0,0,0,0,0,0,0,,0
Ethiopia (excludes Eritrea),1971,0,0,0,0,0,0,0,0,0,,0
Ethiopia (excludes Eritrea),1972,0,0,0,0,0,0,0,0,0,,0
Ethiopia (excludes Eritrea),1973,0,0,0,0,0,0,0,0,0,,0
Ethiopia (excludes Eritrea),1974,0,0,0,0,0,0,0,0,0,,0
Ethiopia (excludes Eritrea),1975,0,0,0,0,0,0,0,0,0,,0
Ethiopia (excludes Eritrea),1976,0,0,0,0,0,0,0,0,0,,0
Ethiopia (excludes Eritrea),1977,0,0,0,0,0,0,0,0,0,,0
Ethiopia (excludes Eritrea),1978,0,0,0,0,0,0,0,0,0,,0
Ethiopia (excludes Eritrea),1979,0,0,0,0,0,0,0,0,0,,0
Ethiopia (excludes Eritrea),1980,0,0,0,0,0,0,0,0,0,,0
Ethiopia (excludes Eritrea),1981,0,0,0,0,0,0,0,0,0,,0
Ethiopia (excludes Eritrea),1982,0,0,0,0,0,0,0,0,0,,0
Ethiopia (excludes Eritrea),1983,0,0,0,0,0,0,0,0,0,,0
Ethiopia (excludes Eritrea),1984,0,0,0,0,0,0,0,0,0,,0
Ethiopia (excludes Eritrea),1985,0,0,0,0,0,0,0,0,0,,0
Ethiopia (excludes Eritrea),1986,0,0,0,0,0,0,0,0,0,,0
Ethiopia (excludes Eritrea),1987,0,0,0,0,0,0,0,0,0,,0
Ethiopia (excludes Eritrea),1988,0,0,0,0,0,0,0,0,0,,0
Ethiopia (excludes Eritrea),1989,0,0,0,0,0,0,0,0,0,,0
Ethiopia (excludes Eritrea),1990,0,0,0,0,0,0,0,0,0,,0
Ethiopia (excludes Eritrea),1991,0,0,0,0,0,0,0,0,0,,0
Ethiopia (excludes Eritrea),1992,0,0,0,0,0,0,0,0,0,,0
Ethiopia (excludes Eritrea),1993,0,0,0,0,0,0,0,0,0,,0
Ethiopia (excludes Eritrea),1994,0,0,0,0,0,0,0,0,0,,0
Ethiopia (excludes Eritrea),1995,0,0,0,0,0,0,0,0,0,,0
Ethiopia (excludes Eritrea),1996,0,0,0,0,0,0,0,0,0,,0
Ethiopia (excludes Eritrea),1997,0,0,0,0,0,0,0,0,0,,0
Ethiopia (excludes Eritrea),1998,0,0,0,0,0,0,0,0,0,,0
Ethiopia (excludes Eritrea),1999,0,0,0,0,0,0,0,0,0,,0
Ethiopia (excludes Eritrea),2000,0,0,0,0,0,0,0,0,0,,0
Ethiopia (excludes Eritrea),2001,0,0,0,0,0,0,0,0,0,,0
Ethiopia (excludes Eritrea),2002,0,0,0,0,0,0,0,0,0,,0
Ethiopia (excludes Eritrea),2003,0,0,0,0,0,0,0,0,0,,0
Ethiopia (excludes Eritrea),2004,0,0,0,0,0,0,0,0,0,,0
Ethiopia (excludes Eritrea),2005,0,0,0,0,0,0,0,0,0,,0
Ethiopia (excludes Eritrea),2006,0,0,0,0,0,0,0,0,0,,0
Ethiopia (excludes Eritrea),2007,0,0,0,0,0,0,0,0,0,,0
Ethiopia (excludes Eritrea),2008,0,0,0,0,0,0,0,0,0,,0
Ethiopia (excludes Eritrea),2009,0,0,0,0,0,0,0,0,0,,0
Ethiopia (excludes Eritrea),2010,0,0,0,0,0,0,0,0,0,,0
Ethiopia (excludes Eritrea),2011,0,0,0,0,0,0,0,0,0,,0
Ethiopia (excludes Eritrea),2012,0,0,0,0,0,0,0,0,0,,0
Ethiopia (excludes Eritrea),2013,0,0,0,0,0,0,0,0,0,,0
Ethiopia (excludes Eritrea),2014,0,0,0,0,0,0,0,0,0,,0
Ethiopia (excludes Eritrea),2015,0,0,0,0,0,0,0,0,0,,0
Ethiopia (excludes Eritrea),2016,0,0,0,0,0,0,0,0,0,,0
Ethiopia (excludes Eritrea),2017,0,0,0,0,0,0,0,0,0,,0
Ethiopia (excludes Eritrea),2018,0,0,0,0,0,0,0,0,0,,0
Ethiopia (excludes Eritrea),2019,0,0,0,0,0,0,0,0,0,,0
Ethiopia (excludes Eritrea),2020,0,0,0,0,0,0,0,0,0,,0
Ethiopia (excludes Eritrea),2021,0,0,0,0,0,0,0,0,1,"exp_part, imp_part",1
Ethiopia (excludes Eritrea),2022,0,0,0,0,0,0,0,0,1,"exp_part, imp_part",1
Fiji,1950,0,0,0,0,0,0,0,0,0,,0
Fiji,1951,0,0,0,0,0,0,0,0,0,,0
Fiji,1952,0,0,0,0,0,0,0,0,0,,0
Fiji,1953,0,0,0,0,0,0,0,0,0,,0
Fiji,1954,0,0,0,0,0,0,0,0,0,,0
Fiji,1955,0,0,0,0,0,0,0,0,0,,0
Fiji,1956,0,0,0,0,0,0,0,0,0,,0
Fiji,1957,0,0,0,0,0,0,0,0,0,,0
Fiji,1958,0,0,0,0,0,0,0,0,0,,0
Fiji,1959,0,0,0,0,0,0,0,0,0,,0
Fiji,1960,0,0,0,0,0,0,0,0,0,,0
Fiji,1961,0,0,0,0,0,0,0,0,0,,0
Fiji,1962,0,0,0,0,0,0,0,0,0,,0
Fiji,1963,0,0,0,0,0,0,0,0,0,,0
Fiji,1964,0,0,0,0,0,0,0,0,0,,0
Fiji,1965,0,0,0,0,0,0,0,0,0,,0
Fiji,1966,0,0,0,0,0,0,0,0,0,,0
Fiji,1967,0,0,0,0,0,0,0,0,0,,0
Fiji,1968,0,0,0,0,0,0,0,0,0,,0
Fiji,1969,0,0,0,0,0,0,0,0,0,,0
Fiji,1970,0,0,0,0,0,0,0,0,0,,0
Fiji,1971,0,0,0,0,0,0,0,0,0,,0
Fiji,1972,0,0,0,0,0,0,0,0,0,,0
Fiji,1973,0,0,0,0,0,0,0,0,0,,0
Fiji,1974,0,0,0,0,0,0,0,0,0,,0
Fiji,1975,0,0,0,0,0,0,0,0,0,,0
Fiji,1976,0,0,0,0,0,0,0,0,0,,0
Fiji,1977,0,0,0,0,0,0,0,0,0,,0
Fiji,1978,0,0,0,0,0,0,0,0,0,,0
Fiji,1979,0,0,0,0,0,0,0,0,0,,0
Fiji,1980,0,0,0,0,0,0,0,0,0,,0
Fiji,1981,0,0,0,0,0,0,0,0,0,,0
Fiji,1982,0,0,0,0,0,0,0,0,0,,0
Fiji,1983,0,0,0,0,0,0,0,0,0,,0
Fiji,1984,0,0,0,0,0,0,0,0,0,,0
Fiji,1985,0,0,0,0,0,0,0,0,0,,0
Fiji,1986,0,0,0,0,0,0,0,0,0,,0
Fiji,1987,1,0,0,1,0,0,0,0,0,"exp_compl; exp_compl, imp_compl",1
Fiji,1988,0,0,0,1,0,0,0,0,0,"exp_compl, imp_compl",1
Fiji,1989,0,0,0,1,0,0,0,0,0,"exp_compl, imp_compl",1
Fiji,1990,0,0,0,1,0,0,0,0,0,"exp_compl, imp_compl",1
Fiji,1991,0,0,0,1,0,0,0,0,0,"exp_compl, imp_compl",1
Fiji,1992,0,0,0,1,0,0,0,0,0,"exp_compl, imp_compl",1
Fiji,1993,0,0,0,1,0,0,0,0,0,"exp_compl, imp_compl",1
Fiji,1994,0,0,0,1,0,0,0,0,0,"exp_compl, imp_compl",1
Fiji,1995,0,0,0,1,0,0,0,0,0,"exp_compl, imp_compl",1
Fiji,1996,0,0,0,1,0,0,0,0,0,"exp_compl, imp_compl",1
Fiji,1997,0,0,0,1,0,0,0,0,0,"exp_compl, imp_compl",1
Fiji,1998,0,0,0,1,0,0,0,0,0,"exp_compl, imp_compl",1
Fiji,1999,0,0,0,0,0,0,0,0,0,,0
Fiji,2000,1,0,0,0,0,0,0,1,0,exp_compl; exp_part,1
Fiji,2001,0,0,0,0,0,0,0,1,0,exp_part,1
Fiji,2002,0,0,0,0,0,0,0,1,0,exp_part,1
Fiji,2003,0,0,0,0,0,0,0,1,0,exp_part,1
Fiji,2004,0,0,0,0,0,0,0,0,0,,0
Fiji,2005,0,0,0,0,0,0,0,0,0,,0
Fiji,2006,0,0,0,0,0,0,0,0,0,,0
Fiji,2007,0,0,1,0,0,0,0,0,0,exp_part,1
Fiji,2008,0,0,1,0,0,0,0,0,0,exp_part,1
Fiji,2009,0,0,1,0,0,0,0,0,0,exp_part,1
Fiji,2010,0,0,1,0,0,0,0,0,0,exp_part,1
Fiji,2011,0,0,1,0,0,0,0,0,0,exp_part,1
Fiji,2012,0,0,1,0,0,0,0,0,0,exp_part,1
Fiji,2013,0,0,1,0,0,0,0,0,0,exp_part,1
Fiji,2014,0,0,1,0,0,0,0,0,0,exp_part,1
Fiji,2015,0,0,1,0,0,0,0,0,0,exp_part,1
Fiji,2016,0,0,0,0,0,0,0,0,0,,0
Fiji,2017,0,0,0,0,0,0,0,0,0,,0
Fiji,2018,0,0,0,0,0,0,0,0,0,,0
Fiji,2019,0,0,0,0,0,0,0,0,0,,0
Fiji,2020,0,0,0,0,0,0,0,0,0,,0
Fiji,2021,0,0,0,0,0,0,0,0,0,,0
Fiji,2022,0,0,0,0,0,0,0,0,0,,0
France,1950,0,0,0,0,0,0,0,0,0,,0
France,1951,0,0,0,0,0,0,0,0,0,,0
France,1952,0,0,0,0,0,0,0,0,0,,0
France,1953,0,0,0,0,0,0,0,0,0,,0
France,1954,0,0,0,0,0,0,0,0,0,,0
France,1955,0,0,0,0,0,0,0,0,0,,0
France,1956,0,0,0,0,0,0,0,0,0,,0
France,1957,0,0,0,0,0,0,0,0,0,,0
France,1958,0,0,0,0,0,0,0,0,0,,0
France,1959,0,0,0,0,0,0,0,0,0,,0
France,1960,0,0,0,0,0,0,0,0,0,,0
France,1961,0,0,0,0,0,0,0,0,0,,0
France,1962,0,0,0,0,0,0,0,0,0,,0
France,1963,0,0,0,0,0,0,0,0,0,,0
France,1964,0,0,0,0,0,0,0,0,0,,0
France,1965,0,0,0,0,0,0,0,0,0,,0
France,1966,0,0,0,0,0,0,0,0,0,,0
France,1967,0,0,0,0,0,0,0,0,0,,0
France,1968,0,0,0,0,0,0,0,0,0,,0
France,1969,0,0,0,0,0,0,0,0,0,,0
France,1970,0,0,0,0,0,0,0,0,0,,0
France,1971,0,0,0,0,0,0,0,0,0,,0
France,1972,0,0,0,0,0,0,0,0,0,,0
France,1973,0,0,0,0,0,0,0,0,0,,0
France,1974,0,0,0,0,0,0,0,0,0,,0
France,1975,0,0,0,0,0,0,0,0,0,,0
France,1976,0,0,0,0,0,0,0,0,0,,0
France,1977,0,0,0,0,0,0,0,0,0,,0
France,1978,0,0,0,0,0,0,0,0,0,,0
France,1979,0,0,0,0,0,0,0,0,0,,0
France,1980,0,0,0,0,0,0,0,0,0,,0
France,1981,0,0,0,0,0,0,0,0,0,,0
France,1982,0,0,0,0,0,0,0,0,0,,0
France,1983,1,0,0,0,0,0,0,0,0,exp_part,1
France,1984,1,0,0,0,0,0,0,0,0,exp_part,1
France,1985,1,0,0,0,0,0,0,0,1,exp_part; imp_part,1
France,1986,1,0,0,0,0,0,0,0,0,exp_part,1
France,1987,0,0,0,0,0,0,0,0,0,,0
France,1988,1,0,0,0,0,0,0,0,0,exp_part,1
France,1989,1,0,0,0,0,0,0,0,0,exp_part,1
France,1990,1,0,0,0,0,0,0,0,0,exp_part,1
France,1991,1,0,0,0,0,0,0,0,0,exp_part,1
France,1992,1,0,0,0,0,0,0,0,0,exp_part,1
France,1993,1,0,0,0,0,0,0,0,0,exp_part,1
France,1994,1,0,0,0,0,0,0,0,0,exp_part,1
France,1995,1,0,0,0,1,0,0,1,1,exp_part; imp_part,1
France,1996,1,0,0,0,0,0,0,1,1,exp_part; imp_part,1
France,1997,0,0,0,0,0,0,0,0,0,,0
France,1998,0,0,0,0,0,0,0,0,1,imp_part,1
France,1999,0,0,0,0,0,0,0,0,1,imp_part,1
France,2000,0,0,0,0,0,0,0,0,1,imp_part,1
France,2001,0,0,0,0,0,0,0,0,1,imp_part,1
France,2002,0,0,0,0,0,0,0,0,1,imp_part,1
France,2003,0,0,0,0,0,0,0,0,1,imp_part,1
France,2004,0,0,0,0,0,0,0,0,1,imp_part,1
France,2005,0,0,0,0,0,0,0,0,1,imp_part,1
France,2006,0,0,0,0,0,0,0,0,1,imp_part,1
France,2007,0,0,0,0,0,0,0,0,1,imp_part,1
France,2008,0,0,0,0,0,0,0,0,1,imp_part,1
France,2009,0,0,0,0,0,0,0,0,1,imp_part,1
France,2010,0,0,0,0,0,0,0,0,1,imp_part,1
France,2011,0,0,0,0,0,0,0,0,1,imp_part,1
France,2012,0,0,0,0,0,0,0,0,1,imp_part,1
France,2013,0,0,0,0,0,0,0,0,1,imp_part,1
France,2014,0,0,0,0,0,0,0,0,1,imp_part,1
France,2015,0,0,0,0,0,0,0,0,1,imp_part,1
France,2016,0,0,0,0,0,0,0,0,1,imp_part,1
France,2017,0,0,0,0,0,0,0,0,1,imp_part,1
France,2018,0,0,0,0,0,0,0,0,0,,0
France,2019,0,0,0,0,0,0,0,0,0,,0
France,2020,0,0,0,0,0,0,0,0,0,,0
France,2021,0,0,0,0,0,0,0,0,0,,0
France,2022,0,0,0,0,0,0,0,0,0,,0
Gambia,1950,0,0,0,0,0,0,0,0,0,,0
Gambia,1951,0,0,0,0,0,0,0,0,0,,0
Gambia,1952,0,0,0,0,0,0,0,0,0,,0
Gambia,1953,0,0,0,0,0,0,0,0,0,,0
Gambia,1954,0,0,0,0,0,0,0,0,0,,0
Gambia,1955,0,0,0,0,0,0,0,0,0,,0
Gambia,1956,0,0,0,0,0,0,0,0,0,,0
Gambia,1957,0,0,0,0,0,0,0,0,0,,0
Gambia,1958,0,0,0,0,0,0,0,0,0,,0
Gambia,1959,0,0,0,0,0,0,0,0,0,,0
Gambia,1960,0,0,0,0,0,0,0,0,0,,0
Gambia,1961,0,0,0,0,0,0,0,0,0,,0
Gambia,1962,0,0,0,0,0,0,0,0,0,,0
Gambia,1963,0,0,0,0,0,0,0,0,0,,0
Gambia,1964,0,0,0,0,0,0,0,0,0,,0
Gambia,1965,0,0,0,0,0,0,0,0,0,,0
Gambia,1966,0,0,0,0,0,0,0,0,0,,0
Gambia,1967,0,0,0,0,0,0,0,0,0,,0
Gambia,1968,0,0,0,0,0,0,0,0,0,,0
Gambia,1969,0,0,0,0,0,0,0,0,0,,0
Gambia,1970,0,0,0,0,0,0,0,0,0,,0
Gambia,1971,0,0,0,0,0,0,0,0,0,,0
Gambia,1972,0,0,0,0,0,0,0,0,0,,0
Gambia,1973,0,0,0,0,0,0,0,0,0,,0
Gambia,1974,0,0,0,0,0,0,0,0,0,,0
Gambia,1975,0,0,0,0,0,0,0,0,0,,0
Gambia,1976,0,0,0,0,0,0,0,0,0,,0
Gambia,1977,0,0,0,0,0,0,0,0,0,,0
Gambia,1978,0,0,0,0,0,0,0,0,0,,0
Gambia,1979,0,0,0,0,0,0,0,0,0,,0
Gambia,1980,0,0,0,0,0,0,0,0,0,,0
Gambia,1981,0,0,0,0,0,0,0,0,0,,0
Gambia,1982,0,0,0,0,0,0,0,0,0,,0
Gambia,1983,0,0,0,0,0,0,0,0,0,,0
Gambia,1984,0,0,0,0,0,0,0,0,0,,0
Gambia,1985,0,0,0,0,0,0,0,0,0,,0
Gambia,1986,0,0,0,0,0,0,0,0,0,,0
Gambia,1987,0,0,0,0,0,0,0,0,0,,0
Gambia,1988,0,0,0,0,0,0,0,0,0,,0
Gambia,1989,0,0,0,0,0,0,0,0,0,,0
Gambia,1990,0,0,0,0,0,0,0,0,0,,0
Gambia,1991,0,0,0,0,0,0,0,0,0,,0
Gambia,1992,0,0,0,0,0,0,0,0,0,,0
Gambia,1993,0,0,0,0,0,0,0,0,0,,0
Gambia,1994,0,0,0,0,0,0,0,0,0,,0
Gambia,1995,0,0,0,0,0,0,0,0,0,,0
Gambia,1996,0,0,0,0,0,0,0,0,0,,0
Gambia,1997,0,0,0,0,0,0,0,0,0,,0
Gambia,1998,0,0,0,0,0,0,0,0,0,,0
Gambia,1999,0,0,0,0,0,0,0,0,0,,0
Gambia,2000,0,0,0,0,0,0,0,0,0,,0
Gambia,2001,0,0,0,0,0,0,0,0,0,,0
Gambia,2002,0,0,0,0,0,0,0,0,0,,0
Gambia,2003,0,0,0,0,0,0,0,0,0,,0
Gambia,2004,0,0,0,0,0,0,0,0,0,,0
Gambia,2005,0,0,0,0,0,0,0,0,0,,0
Gambia,2006,0,0,0,0,0,0,0,0,0,,0
Gambia,2007,0,0,0,0,0,0,0,0,0,,0
Gambia,2008,0,0,0,0,0,0,0,0,0,,0
Gambia,2009,0,0,0,0,0,0,0,0,0,,0
Gambia,2010,0,0,0,0,0,0,0,0,0,,0
Gambia,2011,0,0,0,0,0,0,0,0,0,,0
Gambia,2012,0,0,0,0,0,0,0,0,0,,0
Gambia,2013,0,0,0,0,0,0,0,0,0,,0
Gambia,2014,0,0,0,0,0,0,0,0,0,,0
Gambia,2015,0,0,0,0,0,0,0,0,0,,0
Gambia,2016,0,0,0,0,0,0,0,0,0,,0
Gambia,2017,0,0,0,0,0,0,0,0,0,,0
Gambia,2018,0,0,0,0,0,0,0,0,0,,0
Gambia,2019,0,0,0,0,0,0,0,0,0,,0
Gambia,2020,0,0,0,0,0,0,0,0,1,"exp_part, imp_part",1
Gambia,2021,0,0,0,0,0,0,0,0,1,"exp_part, imp_part",1
Gambia,2022,0,0,0,0,0,0,0,0,1,"exp_part, imp_part",1
Georgia,1950,0,0,0,0,0,0,0,0,0,,0
Georgia,1951,0,0,0,0,0,0,0,0,0,,0
Georgia,1952,0,0,0,0,0,0,0,0,0,,0
Georgia,1953,0,0,0,0,0,0,0,0,0,,0
Georgia,1954,0,0,0,0,0,0,0,0,0,,0
Georgia,1955,0,0,0,0,0,0,0,0,0,,0
Georgia,1956,0,0,0,0,0,0,0,0,0,,0
Georgia,1957,0,0,0,0,0,0,0,0,0,,0
Georgia,1958,0,0,0,0,0,0,0,0,0,,0
Georgia,1959,0,0,0,0,0,0,0,0,0,,0
Georgia,1960,0,0,0,0,0,0,0,0,0,,0
Georgia,1961,0,0,0,0,0,0,0,0,0,,0
Georgia,1962,0,0,0,0,0,0,0,0,0,,0
Georgia,1963,0,0,0,0,0,0,0,0,0,,0
Georgia,1964,0,0,0,0,0,0,0,0,0,,0
Georgia,1965,0,0,0,0,0,0,0,0,0,,0
Georgia,1966,0,0,0,0,0,0,0,0,0,,0
Georgia,1967,0,0,0,0,0,0,0,0,0,,0
Georgia,1968,0,0,0,0,0,0,0,0,0,,0
Georgia,1969,0,0,0,0,0,0,0,0,0,,0
Georgia,1970,0,0,0,0,0,0,0,0,0,,0
Georgia,1971,0,0,0,0,0,0,0,0,0,,0
Georgia,1972,0,0,0,0,0,0,0,0,0,,0
Georgia,1973,0,0,0,0,0,0,0,0,0,,0
Georgia,1974,0,0,0,0,0,0,0,0,0,,0
Georgia,1975,0,0,0,0,0,0,0,0,0,,0
Georgia,1976,0,0,0,0,0,0,0,0,0,,0
Georgia,1977,0,0,0,0,0,0,0,0,0,,0
Georgia,1978,0,0,0,0,0,0,0,0,0,,0
Georgia,1979,0,0,0,0,0,0,0,0,0,,0
Georgia,1980,0,0,0,0,0,0,0,0,0,,0
Georgia,1981,0,0,0,0,0,0,0,0,0,,0
Georgia,1982,0,0,0,0,0,0,0,0,0,,0
Georgia,1983,0,0,0,0,0,0,0,0,0,,0
Georgia,1984,0,0,0,0,0,0,0,0,0,,0
Georgia,1985,0,0,0,0,0,0,0,0,0,,0
Georgia,1986,0,0,0,0,0,0,0,0,0,,0
Georgia,1987,0,0,0,0,0,0,0,0,0,,0
Georgia,1988,0,0,0,0,0,0,0,0,0,,0
Georgia,1989,0,0,0,0,0,0,0,0,0,,0
Georgia,1990,0,0,0,0,0,0,0,0,0,,0
Georgia,1991,0,0,0,0,0,0,0,0,0,,0
Georgia,1992,0,0,0,0,0,0,0,0,0,,0
Georgia,1993,0,0,0,0,0,0,0,0,0,,0
Georgia,1994,0,0,0,0,0,0,0,0,0,,0
Georgia,1995,0,0,0,0,0,0,0,0,0,,0
Georgia,1996,0,0,0,0,0,0,0,0,0,,0
Georgia,1997,0,0,0,0,0,0,0,0,0,,0
Georgia,1998,0,0,0,0,0,0,0,0,0,,0
Georgia,1999,0,0,0,0,0,0,0,0,0,,0
Georgia,2000,0,0,0,0,0,0,0,0,0,,0
Georgia,2001,0,0,0,0,0,0,0,0,0,,0
Georgia,2002,0,0,0,0,0,0,0,0,0,,0
Georgia,2003,0,0,0,0,0,0,0,0,0,,0
Georgia,2004,0,0,0,0,0,0,0,0,0,,0
Georgia,2005,0,0,0,0,0,0,0,0,0,,0
Georgia,2006,0,0,0,0,0,1,0,0,0,"exp_compl, imp_compl; imp_part",1
Georgia,2007,0,0,0,0,0,1,0,0,0,"exp_compl, imp_compl; imp_part",1
Georgia,2008,0,0,0,0,0,1,0,0,0,"exp_compl, imp_compl; imp_part",1
Georgia,2009,0,0,0,0,0,1,0,0,0,"exp_compl, imp_compl; exp_part; imp_part",1
Georgia,2010,0,0,0,0,0,1,0,0,0,"exp_compl, imp_compl; exp_part; imp_part",1
Georgia,2011,0,0,0,0,0,1,0,0,0,"exp_compl, imp_compl; exp_part; imp_part",1
Georgia,2012,0,0,0,0,0,1,0,0,0,imp_part,1
Georgia,2013,0,0,0,0,0,1,0,0,0,imp_part,1
Georgia,2014,0,0,0,0,0,0,0,0,0,,0
Georgia,2015,0,0,0,0,0,0,0,0,0,,0
Georgia,2016,0,0,0,0,0,0,0,0,0,,0
Georgia,2017,0,0,0,0,0,0,0,0,0,,0
Georgia,2018,0,0,0,0,0,0,0,0,0,,0
Georgia,2019,0,0,0,0,0,0,0,0,0,,0
Georgia,2020,0,0,0,0,0,0,0,0,0,,0
Georgia,2021,0,0,0,0,0,0,0,0,0,,0
Georgia,2022,0,0,0,0,0,0,0,0,0,,0
Germany,1950,0,0,0,0,0,0,0,0,0,,0
Germany,1951,0,0,0,0,0,0,0,0,0,,0
Germany,1952,0,0,0,0,0,0,0,0,0,,0
Germany,1953,0,0,0,0,0,0,0,0,0,,0
Germany,1954,0,0,0,0,0,0,0,0,0,,0
Germany,1955,0,0,0,0,0,0,0,0,0,,0
Germany,1956,0,0,0,0,0,0,0,0,0,,0
Germany,1957,0,0,0,0,0,0,0,0,0,,0
Germany,1958,0,0,0,0,0,0,0,0,0,,0
Germany,1959,0,0,0,0,0,0,0,0,0,,0
Germany,1960,0,0,0,0,0,0,0,0,0,,0
Germany,1961,0,0,0,0,0,0,0,0,0,,0
Germany,1962,0,0,0,0,0,0,0,0,0,,0
Germany,1963,0,0,0,0,0,0,0,0,0,,0
Germany,1964,0,0,0,0,0,0,0,0,0,,0
Germany,1965,0,0,0,0,0,0,0,0,0,,0
Germany,1966,0,0,0,0,0,0,0,0,0,,0
Germany,1967,0,0,0,0,0,0,0,0,0,,0
Germany,1968,0,0,0,0,0,0,0,0,0,,0
Germany,1969,0,0,0,0,0,0,0,0,0,,0
Germany,1970,0,0,0,0,0,0,0,0,0,,0
Germany,1971,0,0,0,0,0,0,0,0,0,,0
Germany,1972,0,0,0,0,0,0,0,0,0,,0
Germany,1973,0,0,0,0,0,0,0,0,0,,0
Germany,1974,0,0,0,0,0,0,0,0,0,,0
Germany,1975,0,0,0,0,0,0,0,0,0,,0
Germany,1976,0,0,0,0,0,0,0,0,0,,0
Germany,1977,0,0,0,0,0,0,0,0,1,exp_part,1
Germany,1978,0,0,0,0,0,0,0,0,0,,0
Germany,1979,0,0,0,0,0,0,0,0,0,,0
Germany,1980,0,0,0,0,0,0,0,0,0,,0
Germany,1981,0,0,0,0,0,0,0,0,0,,0
Germany,1982,0,0,0,0,0,0,0,0,0,,0
Germany,1983,0,0,0,0,0,0,0,0,0,,0
Germany,1984,0,0,0,0,0,0,0,0,0,,0
Germany,1985,0,0,0,0,0,0,0,0,0,,0
Germany,1986,0,0,0,0,0,0,0,0,0,,0
Germany,1987,0,0,0,0,0,0,0,0,0,,0
Germany,1988,0,0,0,0,0,0,0,0,0,,0
Germany,1989,0,0,0,0,0,0,0,0,0,,0
Germany,1990,0,0,0,0,0,0,0,0,0,,0
Germany,1991,0,0,0,0,0,0,0,0,0,,0
Germany,1992,0,0,0,0,0,0,0,0,0,,0
Germany,1993,0,0,0,0,0,0,0,0,0,,0
Germany,1994,0,0,0,0,0,0,0,0,0,,0
Germany,1995,0,0,0,0,0,0,0,0,0,,0
Germany,1996,0,0,0,0,0,0,0,0,0,,0
Germany,1997,0,0,0,0,0,0,0,0,0,,0
Germany,1998,0,0,0,0,0,0,0,0,0,,0
Germany,1999,0,0,0,0,0,0,0,0,0,,0
Germany,2000,0,0,0,0,0,0,0,0,0,,0
Germany,2001,0,0,0,0,0,0,0,0,0,,0
Germany,2002,0,0,0,0,0,0,0,0,0,,0
Germany,2003,0,0,0,0,0,0,0,0,0,,0
Germany,2004,0,0,0,0,0,0,0,0,0,,0
Germany,2005,0,0,0,0,0,0,0,0,0,,0
Germany,2006,0,0,0,0,0,0,0,0,0,,0
Germany,2007,0,0,0,0,0,0,0,0,0,,0
Germany,2008,0,0,0,0,0,0,0,0,0,,0
Germany,2009,0,0,0,0,0,0,0,0,0,,0
Germany,2010,0,0,0,0,0,0,0,0,0,,0
Germany,2011,0,0,0,0,0,0,0,0,0,,0
Germany,2012,0,0,0,0,0,0,0,0,0,,0
Germany,2013,0,0,0,0,0,0,0,0,0,,0
Germany,2014,0,0,0,0,0,0,0,0,0,,0
Germany,2015,0,0,0,0,0,0,0,0,0,,0
Germany,2016,0,0,0,0,0,0,0,0,0,,0
Germany,2017,0,0,0,0,0,0,0,0,0,,0
Germany,2018,0,0,0,0,0,0,0,0,0,,0
Germany,2019,0,0,0,0,0,0,0,0,0,,0
Germany,2020,0,0,0,0,0,0,0,0,0,,0
Germany,2021,0,0,0,0,0,0,0,0,0,,0
Germany,2022,0,0,0,0,0,0,0,0,0,,0
Ghana,1950,0,0,0,0,0,0,0,0,0,,0
Ghana,1951,0,0,0,0,0,0,0,0,0,,0
Ghana,1952,0,0,0,0,0,0,0,0,0,,0
Ghana,1953,0,0,0,0,0,0,0,0,0,,0
Ghana,1954,0,0,0,0,0,0,0,0,0,,0
Ghana,1955,0,0,0,0,0,0,0,0,0,,0
Ghana,1956,0,0,0,0,0,0,0,0,0,,0
Ghana,1957,0,0,0,0,0,0,0,0,0,,0
Ghana,1958,0,0,0,0,0,0,0,0,0,,0
Ghana,1959,0,0,0,0,0,0,0,0,0,,0
Ghana,1960,0,0,0,0,0,0,0,0,0,,0
Ghana,1961,0,0,0,0,0,0,0,0,0,,0
Ghana,1962,0,0,0,0,0,0,0,0,0,,0
Ghana,1963,0,0,0,0,0,0,0,0,0,,0
Ghana,1964,0,0,0,0,0,0,0,0,0,,0
Ghana,1965,0,0,0,0,0,0,0,0,0,,0
Ghana,1966,0,0,0,0,0,0,0,0,0,,0
Ghana,1967,0,0,0,0,0,0,0,0,0,,0
Ghana,1968,0,0,0,0,0,0,0,0,0,,0
Ghana,1969,0,0,0,0,0,0,0,0,0,,0
Ghana,1970,0,0,0,0,0,0,0,0,0,,0
Ghana,1971,0,0,0,0,0,0,0,0,0,,0
Ghana,1972,0,0,0,0,0,0,0,0,0,,0
Ghana,1973,0,0,0,0,0,0,0,0,0,,0
Ghana,1974,0,0,0,0,0,0,0,0,0,,0
Ghana,1975,0,0,0,0,0,0,0,0,0,,0
Ghana,1976,0,0,0,0,0,0,0,0,0,,0
Ghana,1977,0,0,0,0,0,0,0,0,0,,0
Ghana,1978,0,0,0,0,0,0,0,0,0,,0
Ghana,1979,0,0,0,0,0,0,0,0,0,,0
Ghana,1980,0,0,0,0,0,0,0,0,0,,0
Ghana,1981,0,0,0,0,0,0,0,0,0,,0
Ghana,1982,0,0,0,0,0,0,0,0,0,,0
Ghana,1983,0,0,0,0,0,0,0,0,0,,0
Ghana,1984,0,0,0,0,0,0,0,0,0,,0
Ghana,1985,0,0,0,0,0,0,0,0,0,,0
Ghana,1986,0,0,0,0,0,0,0,0,0,,0
Ghana,1987,0,0,0,0,0,0,0,0,0,,0
Ghana,1988,0,0,0,0,0,0,0,0,0,,0
Ghana,1989,0,0,0,0,0,0,0,0,0,,0
Ghana,1990,0,0,0,0,0,0,0,0,0,,0
Ghana,1991,0,0,0,0,0,0,0,0,0,,0
Ghana,1992,0,0,0,0,0,0,0,0,0,,0
Ghana,1993,0,0,0,0,0,0,0,0,0,,0
Ghana,1994,0,0,0,0,0,0,0,0,0,,0
Ghana,1995,0,0,0,0,0,0,0,0,0,,0
Ghana,1996,0,0,0,0,0,0,0,0,0,,0
Ghana,1997,0,0,0,0,0,0,0,0,0,,0
Ghana,1998,0,0,0,0,0,0,0,0,0,,0
Ghana,1999,0,0,0,0,0,0,0,0,0,,0
Ghana,2000,0,0,0,0,0,0,0,0,0,,0
Ghana,2001,0,0,0,0,0,0,0,0,0,,0
Ghana,2002,0,0,0,0,0,0,0,0,0,,0
Ghana,2003,0,0,0,0,0,0,0,0,0,,0
Ghana,2004,0,0,0,0,0,0,0,0,0,,0
Ghana,2005,0,0,0,0,0,0,0,0,0,,0
Ghana,2006,0,0,0,0,0,0,0,0,0,,0
Ghana,2007,0,0,0,0,0,0,0,0,0,,0
Ghana,2008,0,0,0,0,0,0,0,0,0,,0
Ghana,2009,0,0,0,0,0,0,0,0,0,,0
Ghana,2010,0,0,0,0,0,0,0,0,0,,0
Ghana,2011,0,0,0,0,0,0,0,0,0,,0
Ghana,2012,0,0,0,0,0,0,0,0,0,,0
Ghana,2013,0,0,0,0,0,0,0,0,0,,0
Ghana,2014,0,0,0,0,0,0,0,0,0,,0
Ghana,2015,0,0,0,0,0,0,0,0,0,,0
Ghana,2016,0,0,0,0,0,0,0,0,0,,0
Ghana,2017,0,0,0,0,0,0,0,0,0,,0
Ghana,2018,0,0,0,0,0,0,0,0,1,"exp_part, imp_part",1
Ghana,2019,0,0,0,0,0,0,0,0,1,"exp_part, imp_part",1
Ghana,2020,0,0,0,0,0,0,0,0,1,"exp_part, imp_part",1
Ghana,2021,0,0,0,0,0,0,0,0,1,"exp_part, imp_part",1
Ghana,2022,0,0,0,0,0,0,0,0,1,"exp_part, imp_part",1
Greece,1950,0,0,0,0,0,0,0,0,0,,0
Greece,1951,0,0,0,0,0,0,0,0,0,,0
Greece,1952,0,0,0,0,0,0,0,0,0,,0
Greece,1953,0,0,0,0,0,0,0,0,0,,0
Greece,1954,0,0,0,0,0,0,0,0,0,,0
Greece,1955,0,0,0,0,0,0,0,0,0,,0
Greece,1956,0,0,0,0,0,0,0,0,0,,0
Greece,1957,0,0,0,0,0,0,0,0,0,,0
Greece,1958,0,0,0,0,0,0,0,0,0,,0
Greece,1959,0,0,0,0,0,0,0,0,0,,0
Greece,1960,0,0,0,0,0,0,0,0,0,,0
Greece,1961,0,0,0,0,0,0,0,0,0,,0
Greece,1962,0,0,0,0,0,0,0,0,0,,0
Greece,1963,0,0,0,0,0,0,0,0,0,,0
Greece,1964,0,0,0,0,0,0,0,0,0,,0
Greece,1965,0,0,0,0,0,0,0,0,0,,0
Greece,1966,0,0,0,0,0,0,0,0,0,,0
Greece,1967,0,0,0,0,0,0,0,0,0,,0
Greece,1968,0,0,0,0,0,0,0,0,0,,0
Greece,1969,0,0,0,0,0,0,0,0,0,,0
Greece,1970,0,0,0,0,0,0,0,0,0,,0
Greece,1971,0,0,0,0,0,0,0,0,0,,0
Greece,1972,0,0,0,0,0,0,0,0,0,,0
Greece,1973,0,0,0,0,0,0,0,0,0,,0
Greece,1974,0,0,0,0,0,0,0,0,0,,0
Greece,1975,0,0,0,0,0,0,0,0,0,,0
Greece,1976,0,0,0,0,0,0,0,0,0,,0
Greece,1977,0,0,0,0,0,0,0,0,0,,0
Greece,1978,0,0,0,0,0,0,0,0,0,,0
Greece,1979,0,0,0,0,0,0,0,0,0,,0
Greece,1980,0,0,0,0,0,0,0,0,0,,0
Greece,1981,0,0,0,0,0,0,0,0,0,,0
Greece,1982,0,0,0,0,0,0,0,0,0,,0
Greece,1983,0,0,0,0,0,0,0,0,0,,0
Greece,1984,0,0,0,0,0,0,0,0,0,,0
Greece,1985,0,0,0,0,0,0,0,0,0,,0
Greece,1986,0,0,0,0,0,0,0,0,0,,0
Greece,1987,0,0,0,0,0,0,0,0,0,,0
Greece,1988,0,0,0,0,0,0,0,0,0,,0
Greece,1989,0,0,0,0,0,0,0,0,0,,0
Greece,1990,0,0,0,0,0,0,0,0,0,,0
Greece,1991,0,0,0,0,0,0,0,0,0,,0
Greece,1992,0,0,0,0,0,0,0,0,0,,0
Greece,1993,0,0,0,0,0,0,0,0,0,,0
Greece,1994,0,0,0,0,0,0,0,0,0,,0
Greece,1995,0,0,0,0,0,0,0,0,0,,0
Greece,1996,0,0,0,0,0,0,0,0,0,,0
Greece,1997,0,0,0,0,0,0,0,0,0,,0
Greece,1998,0,0,0,0,0,0,0,0,0,,0
Greece,1999,0,0,0,0,0,0,0,0,0,,0
Greece,2000,0,0,0,0,0,0,0,0,0,,0
Greece,2001,0,0,0,0,0,0,0,0,0,,0
Greece,2002,0,0,0,0,0,0,0,0,0,,0
Greece,2003,0,0,0,0,0,0,0,0,0,,0
Greece,2004,0,0,0,0,0,0,0,0,0,,0
Greece,2005,0,0,0,0,0,0,0,0,0,,0
Greece,2006,0,0,0,0,0,0,0,0,0,,0
Greece,2007,0,0,0,0,0,0,0,0,0,,0
Greece,2008,0,0,0,0,0,0,0,0,0,,0
Greece,2009,0,0,0,0,0,0,0,0,0,,0
Greece,2010,0,0,0,0,0,0,0,0,0,,0
Greece,2011,0,0,0,0,0,0,0,0,0,,0
Greece,2012,0,0,0,0,0,0,0,0,0,,0
Greece,2013,0,0,0,0,0,0,0,0,1,"exp_part, imp_part",1
Greece,2014,0,0,0,0,0,0,0,0,1,"exp_part, imp_part",1
Greece,2015,0,0,0,0,0,0,0,0,1,"exp_part, imp_part",1
Greece,2016,0,0,0,0,0,0,0,0,1,"exp_part, imp_part",1
Greece,2017,0,0,0,0,0,0,0,0,1,"exp_part, imp_part",1
Greece,2018,0,0,0,0,0,0,0,0,1,"exp_part, imp_part",1
Greece,2019,0,0,0,0,0,0,0,0,1,"exp_part, imp_part",1
Greece,2020,0,0,0,0,0,0,0,0,1,"exp_part, imp_part",1
Greece,2021,0,0,0,0,0,0,0,0,1,"exp_part, imp_part",1
Greece,2022,0,0,0,0,0,0,0,0,1,"exp_part, imp_part",1
Guatemala,1950,0,0,0,0,0,0,0,0,0,,0
Guatemala,1951,0,0,0,0,0,0,0,0,0,,0
Guatemala,1952,0,0,0,0,0,0,0,0,0,,0
Guatemala,1953,0,0,0,0,0,0,0,0,0,,0
Guatemala,1954,0,0,0,0,0,0,0,0,0,,0
Guatemala,1955,0,0,0,0,0,0,0,0,0,,0
Guatemala,1956,0,0,0,0,0,0,0,0,0,,0
Guatemala,1957,0,0,0,0,0,0,0,0,0,,0
Guatemala,1958,0,0,0,0,0,0,0,0,0,,0
Guatemala,1959,0,0,0,0,0,0,0,0,0,,0
Guatemala,1960,0,0,0,0,0,0,0,0,0,,0
Guatemala,1961,0,0,0,0,0,0,0,0,0,,0
Guatemala,1962,0,0,0,0,0,0,0,0,0,,0
Guatemala,1963,0,0,0,0,0,0,0,0,0,,0
Guatemala,1964,0,0,0,0,0,0,0,0,0,,0
Guatemala,1965,0,0,0,0,0,0,0,0,0,,0
Guatemala,1966,0,0,0,0,0,0,0,0,0,,0
Guatemala,1967,0,0,0,0,0,0,0,0,0,,0
Guatemala,1968,0,0,0,0,0,0,0,0,0,,0
Guatemala,1969,0,0,0,0,0,0,0,0,0,,0
Guatemala,1970,0,0,0,0,0,0,0,0,0,,0
Guatemala,1971,0,0,0,0,0,0,0,0,0,,0
Guatemala,1972,0,0,0,0,0,0,0,0,0,,0
Guatemala,1973,0,0,0,0,0,0,0,0,0,,0
Guatemala,1974,0,0,0,0,0,0,0,0,0,,0
Guatemala,1975,0,0,0,0,0,0,0,0,0,,0
Guatemala,1976,0,0,0,0,0,0,0,0,0,,0
Guatemala,1977,0,0,0,0,0,0,0,0,0,,0
Guatemala,1978,0,0,0,0,0,0,0,0,0,,0
Guatemala,1979,0,0,0,0,0,0,0,0,0,,0
Guatemala,1980,0,0,0,0,0,0,0,0,0,,0
Guatemala,1981,0,0,0,0,0,0,0,0,0,,0
Guatemala,1982,0,0,0,0,0,0,0,0,0,,0
Guatemala,1983,0,0,0,0,0,0,0,0,0,,0
Guatemala,1984,0,0,0,0,0,0,0,0,0,,0
Guatemala,1985,0,0,0,0,0,0,0,0,0,,0
Guatemala,1986,0,0,0,0,0,0,0,0,0,,0
Guatemala,1987,0,0,0,0,0,0,0,0,0,,0
Guatemala,1988,0,0,0,0,0,0,0,0,0,,0
Guatemala,1989,0,0,0,0,0,0,0,0,0,,0
Guatemala,1990,0,0,0,0,0,0,0,0,0,,0
Guatemala,1991,0,0,0,0,0,0,0,0,0,,0
Guatemala,1992,0,0,0,0,0,0,0,0,0,,0
Guatemala,1993,0,0,0,0,0,0,0,0,0,,0
Guatemala,1994,0,0,0,0,0,0,0,0,0,,0
Guatemala,1995,0,0,0,0,0,0,0,0,0,,0
Guatemala,1996,0,0,0,0,0,0,0,0,0,,0
Guatemala,1997,0,0,0,0,0,0,0,0,0,,0
Guatemala,1998,0,0,0,0,0,0,0,0,0,,0
Guatemala,1999,0,0,0,0,0,0,0,0,0,,0
Guatemala,2000,0,0,0,0,0,0,0,0,0,,0
Guatemala,2001,0,0,0,0,0,0,0,0,0,,0
Guatemala,2002,0,0,0,0,0,0,0,0,0,,0
Guatemala,2003,0,0,0,0,0,0,0,0,0,,0
Guatemala,2004,0,0,0,0,0,0,0,0,0,,0
Guatemala,2005,0,0,0,0,0,0,0,0,0,,0
Guatemala,2006,0,0,0,0,0,0,0,0,0,,0
Guatemala,2007,0,0,0,0,0,0,0,0,0,,0
Guatemala,2008,0,0,0,0,0,0,0,0,0,,0
Guatemala,2009,0,0,0,0,0,0,0,0,0,,0
Guatemala,2010,0,0,0,0,0,0,0,0,0,,0
Guatemala,2011,0,0,0,0,0,0,0,0,0,,0
Guatemala,2012,0,0,0,0,0,0,0,0,0,,0
Guatemala,2013,0,0,0,0,0,0,0,0,0,,0
Guatemala,2014,0,0,0,0,0,0,0,0,0,,0
Guatemala,2015,0,0,0,0,0,0,0,0,0,,0
Guatemala,2016,0,0,0,0,0,0,0,0,0,,0
Guatemala,2017,0,0,0,0,0,0,0,0,0,,0
Guatemala,2018,0,0,0,0,0,0,0,0,0,,0
Guatemala,2019,0,0,0,0,0,0,0,0,0,,0
Guatemala,2020,0,0,0,0,0,0,0,0,0,,0
Guatemala,2021,0,0,0,0,0,0,0,1,1,"exp_part, imp_part",1
Guatemala,2022,0,0,0,0,0,0,0,1,1,"exp_part, imp_part",1
Guinea,1950,0,0,0,0,0,0,0,0,0,,0
Guinea,1951,0,0,0,0,0,0,0,0,0,,0
Guinea,1952,0,0,0,0,0,0,0,0,0,,0
Guinea,1953,0,0,0,0,0,0,0,0,0,,0
Guinea,1954,0,0,0,0,0,0,0,0,0,,0
Guinea,1955,0,0,0,0,0,0,0,0,0,,0
Guinea,1956,0,0,0,0,0,0,0,0,0,,0
Guinea,1957,0,0,0,0,0,0,0,0,0,,0
Guinea,1958,0,0,0,0,0,0,0,0,0,,0
Guinea,1959,0,0,0,0,0,0,0,0,0,,0
Guinea,1960,0,0,0,0,0,0,0,0,0,,0
Guinea,1961,0,0,0,0,0,0,0,0,0,,0
Guinea,1962,0,0,0,0,0,0,0,0,0,,0
Guinea,1963,0,0,0,0,0,0,0,0,0,,0
Guinea,1964,0,0,0,0,0,0,0,0,0,,0
Guinea,1965,0,0,0,0,0,0,0,0,0,,0
Guinea,1966,0,0,0,0,0,0,0,0,0,,0
Guinea,1967,0,0,0,0,0,0,0,0,0,,0
Guinea,1968,0,0,0,0,0,0,0,0,0,,0
Guinea,1969,0,0,0,0,0,0,0,0,0,,0
Guinea,1970,0,0,0,0,0,0,0,0,0,,0
Guinea,1971,0,0,0,0,0,0,0,0,0,,0
Guinea,1972,0,0,0,0,0,0,0,0,0,,0
Guinea,1973,0,0,0,0,0,0,0,0,0,,0
Guinea,1974,0,0,0,0,0,0,0,0,0,,0
Guinea,1975,0,0,0,0,0,0,0,0,0,,0
Guinea,1976,0,0,0,0,0,0,0,0,0,,0
Guinea,1977,0,0,0,0,0,0,0,0,0,,0
Guinea,1978,0,0,0,0,0,0,0,0,0,,0
Guinea,1979,0,0,0,0,0,0,0,0,0,,0
Guinea,1980,0,0,0,0,0,0,0,0,0,,0
Guinea,1981,0,0,0,0,0,0,0,0,0,,0
Guinea,1982,0,0,0,0,0,0,0,0,0,,0
Guinea,1983,0,0,0,0,0,0,0,0,0,,0
Guinea,1984,0,0,0,0,0,0,0,0,0,,0
Guinea,1985,0,0,0,0,0,0,0,0,0,,0
Guinea,1986,0,0,0,0,0,0,0,0,0,,0
Guinea,1987,0,0,0,0,0,0,0,0,0,,0
Guinea,1988,0,0,0,0,0,0,0,0,0,,0
Guinea,1989,0,0,0,0,0,0,0,0,0,,0
Guinea,1990,0,0,0,0,0,0,0,0,0,,0
Guinea,1991,0,0,0,0,0,0,0,0,0,,0
Guinea,1992,0,0,0,0,0,0,0,0,0,,0
Guinea,1993,0,0,0,0,0,0,0,0,0,,0
Guinea,1994,0,0,0,0,0,0,0,0,0,,0
Guinea,1995,0,0,0,0,0,0,0,0,0,,0
Guinea,1996,0,0,0,0,0,0,0,0,0,,0
Guinea,1997,0,0,0,0,0,0,0,0,0,,0
Guinea,1998,0,0,0,0,0,0,0,0,0,,0
Guinea,1999,0,0,0,0,0,0,0,0,0,,0
Guinea,2000,0,0,0,0,0,0,0,0,0,,0
Guinea,2001,0,0,0,0,0,0,0,0,0,,0
Guinea,2002,0,0,0,0,0,0,0,0,0,,0
Guinea,2003,0,0,0,0,0,0,0,0,0,,0
Guinea,2004,0,0,0,0,0,0,0,0,0,,0
Guinea,2005,0,0,0,0,0,0,0,0,0,,0
Guinea,2006,0,0,0,0,0,0,0,0,0,,0
Guinea,2007,0,0,0,0,0,0,0,0,0,,0
Guinea,2008,0,0,0,0,0,0,0,0,0,,0
Guinea,2009,0,0,1,0,0,0,0,0,0,exp_part,1
Guinea,2010,0,0,1,0,0,0,1,0,0,exp_part,1
Guinea,2011,0,0,1,0,0,0,1,0,0,exp_part,1
Guinea,2012,0,0,1,0,0,0,1,0,0,exp_part,1
Guinea,2013,0,0,1,0,0,0,1,0,0,exp_part,1
Guinea,2014,0,0,1,0,0,0,1,0,0,exp_part,1
Guinea,2015,0,0,0,0,0,0,0,0,0,,0
Guinea,2016,0,0,0,0,0,0,0,0,0,,0
Guinea,2017,0,0,0,0,0,0,0,0,0,,0
Guinea,2018,0,0,0,0,0,0,0,0,0,,0
Guinea,2019,0,0,0,0,0,0,0,0,0,,0
Guinea,2020,0,0,0,0,0,0,0,0,0,,0
Guinea,2021,0,0,0,0,0,0,0,0,0,,0
Guinea,2022,0,0,0,0,0,0,0,0,1,"exp_part, imp_part",1
Haiti,1950,0,0,0,0,0,0,0,0,0,,0
Haiti,1951,0,0,0,0,0,0,0,0,0,,0
Haiti,1952,0,0,0,0,0,0,0,0,0,,0
Haiti,1953,0,0,0,0,0,0,0,0,0,,0
Haiti,1954,0,0,0,0,0,0,0,0,0,,0
Haiti,1955,0,0,0,0,0,0,0,0,0,,0
Haiti,1956,0,0,0,0,0,0,0,0,0,,0
Haiti,1957,0,0,0,0,0,0,0,0,0,,0
Haiti,1958,0,0,0,0,0,0,0,0,0,,0
Haiti,1959,0,0,0,0,0,0,0,0,0,,0
Haiti,1960,0,0,0,0,0,0,0,0,0,,0
Haiti,1961,0,0,0,0,0,0,0,0,0,,0
Haiti,1962,0,0,0,0,0,0,0,0,0,,0
Haiti,1963,0,0,0,0,0,0,0,0,0,,0
Haiti,1964,0,0,0,0,0,0,0,0,0,,0
Haiti,1965,0,0,0,0,0,0,0,0,0,,0
Haiti,1966,0,0,0,0,0,0,0,0,0,,0
Haiti,1967,0,0,0,0,0,0,0,0,0,,0
Haiti,1968,0,0,0,0,0,0,0,0,0,,0
Haiti,1969,0,0,0,0,0,0,0,0,0,,0
Haiti,1970,0,0,0,0,0,0,0,0,0,,0
Haiti,1971,0,0,0,0,0,0,0,0,0,,0
Haiti,1972,0,0,0,0,0,0,0,0,0,,0
Haiti,1973,0,0,0,0,0,0,0,0,0,,0
Haiti,1974,0,0,0,0,0,0,0,0,0,,0
Haiti,1975,0,0,0,0,0,0,0,0,0,,0
Haiti,1976,0,0,0,0,0,0,0,0,0,,0
Haiti,1977,0,0,0,0,0,0,0,0,0,,0
Haiti,1978,0,0,0,0,0,0,0,0,0,,0
Haiti,1979,0,0,0,0,0,0,0,0,0,,0
Haiti,1980,0,0,0,0,0,0,0,0,0,,0
Haiti,1981,0,0,0,0,0,0,0,0,0,,0
Haiti,1982,0,0,0,0,0,0,0,0,0,,0
Haiti,1983,0,0,0,0,0,0,0,0,0,,0
Haiti,1984,0,0,0,0,0,0,0,0,0,,0
Haiti,1985,0,0,0,0,0,0,0,0,0,,0
Haiti,1986,0,0,0,0,0,0,0,0,0,,0
Haiti,1987,0,0,0,0,0,0,0,0,0,,0
Haiti,1988,0,0,0,0,0,0,0,0,0,,0
Haiti,1989,0,0,0,0,0,0,0,0,0,,0
Haiti,1990,0,0,0,0,0,0,0,0,0,,0
Haiti,1991,0,1,0,0,0,0,0,0,1,"exp_compl, imp_compl",1
Haiti,1992,0,1,0,0,0,0,0,0,1,"exp_compl, imp_compl",1
Haiti,1993,0,1,0,0,0,0,0,0,1,"exp_compl, imp_compl",1
Haiti,1994,0,1,0,0,0,0,0,0,1,"exp_compl, imp_compl",1
Haiti,1995,0,0,0,0,0,0,0,0,0,,0
Haiti,1996,0,0,0,0,0,0,0,0,0,,0
Haiti,1997,0,0,0,0,0,0,0,0,0,,0
Haiti,1998,0,0,0,0,0,0,0,0,0,,0
Haiti,1999,0,0,0,0,0,0,0,0,0,,0
Haiti,2000,0,0,0,0,0,0,0,0,0,,0
Haiti,2001,0,0,0,0,0,0,0,0,0,,0
Haiti,2002,0,0,0,0,0,0,0,0,0,,0
Haiti,2003,0,0,0,0,0,0,0,0,0,,0
Haiti,2004,0,0,0,0,0,0,0,0,0,,0
Haiti,2005,0,0,0,0,0,0,0,0,0,,0
Haiti,2006,0,0,0,0,0,0,0,0,0,,0
Haiti,2007,0,0,0,0,0,0,0,0,0,,0
Haiti,2008,0,0,0,0,0,0,0,0,0,,0
Haiti,2009,0,0,0,0,0,0,0,0,0,,0
Haiti,2010,0,0,0,0,0,0,0,0,0,,0
Haiti,2011,0,0,0,0,0,0,0,0,0,,0
Haiti,2012,0,0,0,0,0,0,0,0,0,,0
Haiti,2013,0,0,0,0,0,0,0,0,0,,0
Haiti,2014,0,0,0,0,0,0,0,0,0,,0
Haiti,2015,0,0,0,0,0,0,0,0,0,,0
Haiti,2016,0,0,0,0,0,0,0,0,0,,0
Haiti,2017,0,0,0,0,0,0,0,0,0,,0
Haiti,2018,0,0,0,0,0,0,0,0,0,,0
Haiti,2019,0,0,0,0,0,0,0,0,0,,0
Haiti,2020,0,0,0,0,0,0,0,0,1,"exp_part, imp_part",1
Haiti,2021,0,0,0,0,0,0,0,0,1,"exp_part, imp_part",1
Haiti,2022,0,0,0,0,0,0,0,0,1,"exp_part, imp_part",1
Hong Kong,1950,0,0,0,0,0,0,0,0,0,,0
Hong Kong,1951,0,0,0,0,0,0,0,0,0,,0
Hong Kong,1952,0,0,0,0,0,0,0,0,0,,0
Hong Kong,1953,0,0,0,0,0,0,0,0,0,,0
Hong Kong,1954,0,0,0,0,0,0,0,0,0,,0
Hong Kong,1955,0,0,0,0,0,0,0,0,0,,0
Hong Kong,1956,0,0,0,0,0,0,0,0,0,,0
Hong Kong,1957,0,0,0,0,0,0,0,0,0,,0
Hong Kong,1958,0,0,0,0,0,0,0,0,0,,0
Hong Kong,1959,0,0,0,0,0,0,0,0,0,,0
Hong Kong,1960,0,0,0,0,0,0,0,0,0,,0
Hong Kong,1961,0,0,0,0,0,0,0,0,0,,0
Hong Kong,1962,0,0,0,0,0,0,0,0,0,,0
Hong Kong,1963,0,0,0,0,0,0,0,0,0,,0
Hong Kong,1964,0,0,0,0,0,0,0,0,0,,0
Hong Kong,1965,0,0,0,0,0,0,0,0,0,,0
Hong Kong,1966,0,0,0,0,0,0,0,0,0,,0
Hong Kong,1967,0,0,0,0,0,0,0,0,0,,0
Hong Kong,1968,0,0,0,0,0,0,0,0,0,,0
Hong Kong,1969,0,0,0,0,0,0,0,0,0,,0
Hong Kong,1970,0,0,0,0,0,0,0,0,0,,0
Hong Kong,1971,0,0,0,0,0,0,0,0,0,,0
Hong Kong,1972,0,0,0,0,0,0,0,0,0,,0
Hong Kong,1973,0,0,0,0,0,0,0,0,0,,0
Hong Kong,1974,0,0,0,0,0,0,0,0,0,,0
Hong Kong,1975,0,0,0,0,0,0,0,0,0,,0
Hong Kong,1976,0,0,0,0,0,0,0,0,0,,0
Hong Kong,1977,0,0,0,0,0,0,0,0,0,,0
Hong Kong,1978,0,0,0,0,0,0,0,0,0,,0
Hong Kong,1979,0,0,0,0,0,0,0,0,0,,0
Hong Kong,1980,0,0,0,0,0,0,0,0,0,,0
Hong Kong,1981,0,0,0,0,0,0,0,0,0,,0
Hong Kong,1982,0,0,0,0,0,0,0,0,0,,0
Hong Kong,1983,0,0,0,0,0,0,0,0,0,,0
Hong Kong,1984,0,0,0,0,0,0,0,0,0,,0
Hong Kong,1985,0,0,0,0,0,0,0,0,0,,0
Hong Kong,1986,0,0,0,0,0,0,0,0,0,,0
Hong Kong,1987,0,0,0,0,0,0,0,0,0,,0
Hong Kong,1988,0,0,0,0,0,0,0,0,0,,0
Hong Kong,1989,0,0,0,0,0,0,0,0,0,,0
Hong Kong,1990,0,0,0,0,0,0,0,0,0,,0
Hong Kong,1991,0,0,0,0,0,0,0,0,0,,0
Hong Kong,1992,0,0,0,0,0,0,0,0,0,,0
Hong Kong,1993,0,0,0,0,0,0,0,0,0,,0
Hong Kong,1994,0,0,0,0,0,0,0,0,0,,0
Hong Kong,1995,0,0,0,0,0,0,0,0,0,,0
Hong Kong,1996,0,0,0,0,0,0,0,0,0,,0
Hong Kong,1997,0,0,0,0,0,0,0,0,0,,0
Hong Kong,1998,0,0,0,0,0,0,0,0,0,,0
Hong Kong,1999,0,0,0,0,0,0,0,0,0,,0
Hong Kong,2000,0,0,0,0,0,0,0,0,0,,0
Hong Kong,2001,0,0,0,0,0,0,0,0,0,,0
Hong Kong,2002,0,0,0,0,0,0,0,0,0,,0
Hong Kong,2003,0,0,0,0,0,0,0,0,0,,0
Hong Kong,2004,0,0,0,0,0,0,0,0,0,,0
Hong Kong,2005,0,0,0,0,0,0,0,0,0,,0
Hong Kong,2006,0,0,0,0,0,0,0,0,0,,0
Hong Kong,2007,0,0,0,0,0,0,0,0,0,,0
Hong Kong,2008,0,0,0,0,0,0,0,0,0,,0
Hong Kong,2009,0,0,0,0,0,0,0,0,0,,0
Hong Kong,2010,0,0,0,0,0,0,0,0,0,,0
Hong Kong,2011,0,0,0,0,0,0,0,0,0,,0
Hong Kong,2012,0,0,0,0,0,0,0,0,0,,0
Hong Kong,2013,0,0,0,0,0,0,0,0,0,,0
Hong Kong,2014,0,0,0,0,0,0,0,0,0,,0
Hong Kong,2015,0,0,0,0,0,0,0,0,0,,0
Hong Kong,2016,0,0,0,0,0,0,0,0,0,,0
Hong Kong,2017,0,0,0,0,0,0,0,0,0,,0
Hong Kong,2018,0,0,0,0,0,0,0,0,0,,0
Hong Kong,2019,0,0,0,0,0,0,0,0,0,,0
Hong Kong,2020,0,0,0,0,0,0,0,0,1,"exp_part, imp_part",1
Hong Kong,2021,0,0,0,0,0,0,0,0,1,"exp_part, imp_part",1
Hong Kong,2022,0,0,0,0,0,0,0,0,1,"exp_part, imp_part",1
Iceland,1950,0,0,0,0,0,0,0,0,0,,0
Iceland,1951,0,0,0,0,0,0,0,0,0,,0
Iceland,1952,0,0,0,0,0,0,0,0,0,,0
Iceland,1953,0,0,0,0,0,0,0,0,0,,0
Iceland,1954,0,0,0,0,0,0,0,0,0,,0
Iceland,1955,0,0,0,0,0,0,0,0,0,,0
Iceland,1956,0,0,0,0,0,0,0,0,0,,0
Iceland,1957,0,0,0,0,0,0,0,0,0,,0
Iceland,1958,0,0,0,0,0,0,0,0,0,,0
Iceland,1959,0,0,0,0,0,0,0,0,0,,0
Iceland,1960,0,0,0,0,0,0,0,0,0,,0
Iceland,1961,0,0,0,0,0,0,0,0,0,,0
Iceland,1962,0,0,0,0,0,0,0,0,0,,0
Iceland,1963,0,0,0,0,0,0,0,0,0,,0
Iceland,1964,0,0,0,0,0,0,0,0,0,,0
Iceland,1965,0,0,0,0,0,0,0,0,0,,0
Iceland,1966,0,0,0,0,0,0,0,0,0,,0
Iceland,1967,0,0,0,0,0,0,0,0,0,,0
Iceland,1968,0,0,0,0,0,0,0,0,0,,0
Iceland,1969,0,0,0,0,0,0,0,0,0,,0
Iceland,1970,0,0,0,0,0,0,0,0,0,,0
Iceland,1971,0,0,0,0,0,0,0,0,0,,0
Iceland,1972,0,0,0,0,0,0,0,0,0,,0
Iceland,1973,0,0,0,0,0,0,0,0,0,,0
Iceland,1974,0,0,0,0,0,0,0,0,0,,0
Iceland,1975,0,0,0,0,0,0,0,0,0,,0
Iceland,1976,0,0,0,0,0,0,0,0,0,,0
Iceland,1977,0,0,0,0,0,0,0,0,0,,0
Iceland,1978,0,0,0,0,0,0,0,0,0,,0
Iceland,1979,0,0,0,0,0,0,0,0,0,,0
Iceland,1980,0,0,0,0,0,0,0,0,0,,0
Iceland,1981,0,0,0,0,0,0,0,0,0,,0
Iceland,1982,0,0,0,0,0,0,0,0,0,,0
Iceland,1983,0,0,0,0,0,0,0,0,0,,0
Iceland,1984,0,0,0,0,0,0,0,0,0,,0
Iceland,1985,0,0,0,0,0,0,0,0,0,,0
Iceland,1986,0,0,0,0,0,0,0,0,0,,0
Iceland,1987,0,0,0,0,0,0,0,0,0,,0
Iceland,1988,0,0,0,0,0,0,0,0,0,,0
Iceland,1989,0,0,0,0,0,0,0,0,0,,0
Iceland,1990,0,0,0,0,0,0,0,0,0,,0
Iceland,1991,0,0,0,0,0,0,0,0,0,,0
Iceland,1992,0,0,0,0,0,0,0,0,0,,0
Iceland,1993,0,0,0,0,0,0,0,0,0,,0
Iceland,1994,0,0,0,0,0,0,0,0,0,,0
Iceland,1995,0,0,0,0,0,0,0,0,0,,0
Iceland,1996,0,0,0,0,0,0,0,0,0,,0
Iceland,1997,0,0,0,0,0,0,0,0,0,,0
Iceland,1998,0,0,0,0,0,0,0,0,0,,0
Iceland,1999,0,0,0,0,0,0,0,0,0,,0
Iceland,2000,0,0,0,0,0,0,0,0,0,,0
Iceland,2001,0,0,0,0,0,0,0,0,0,,0
Iceland,2002,0,0,0,0,0,0,0,0,0,,0
Iceland,2003,0,0,0,0,0,0,0,0,0,,0
Iceland,2004,0,0,0,0,0,0,0,0,0,,0
Iceland,2005,0,0,0,0,0,0,0,0,0,,0
Iceland,2006,0,0,0,0,0,0,0,0,0,,0
Iceland,2007,0,0,0,0,0,0,0,0,0,,0
Iceland,2008,0,0,0,0,0,0,0,0,0,,0
Iceland,2009,0,0,0,0,0,0,0,0,0,,0
Iceland,2010,0,0,0,0,0,0,0,0,0,,0
Iceland,2011,0,0,0,0,0,0,0,0,0,,0
Iceland,2012,0,0,0,0,0,0,0,0,0,,0
Iceland,2013,0,0,0,0,0,0,0,0,0,,0
Iceland,2014,0,0,0,0,0,0,0,0,0,,0
Iceland,2015,0,0,0,0,0,1,0,0,0,imp_part,1
Iceland,2016,0,0,0,0,0,1,0,0,0,imp_part,1
Iceland,2017,0,0,0,0,0,1,0,0,0,imp_part,1
Iceland,2018,0,0,0,0,0,1,0,0,0,imp_part,1
Iceland,2019,0,0,0,0,0,1,0,0,0,imp_part,1
Iceland,2020,0,0,0,0,0,1,0,0,0,imp_part,1
Iceland,2021,0,0,0,0,0,1,0,0,0,imp_part,1
Iceland,2022,0,0,0,0,0,1,0,0,0,imp_part,1
India,1950,0,0,0,0,0,0,0,0,0,,0
India,1951,0,0,0,0,0,0,0,0,0,,0
India,1952,0,0,0,0,0,0,0,0,0,,0
India,1953,0,0,0,0,0,0,0,0,0,,0
India,1954,0,0,0,0,0,0,0,0,0,,0
India,1955,0,0,0,0,0,0,0,0,0,,0
India,1956,0,0,0,0,0,0,0,0,0,,0
India,1957,0,0,0,0,0,0,0,0,0,,0
India,1958,0,0,0,0,0,0,0,0,0,,0
India,1959,0,0,0,0,0,0,0,0,0,,0
India,1960,0,0,0,0,0,0,0,0,0,,0
India,1961,0,0,0,0,0,0,0,0,0,,0
India,1962,0,0,0,0,0,0,0,0,0,,0
India,1963,0,0,0,0,0,0,0,0,0,,0
India,1964,0,0,0,0,0,0,0,0,0,,0
India,1965,0,0,0,0,0,0,0,0,0,,0
India,1966,0,0,0,0,0,0,0,0,0,,0
India,1967,0,0,0,0,0,0,0,0,0,,0
India,1968,0,0,0,0,0,0,0,0,0,,0
India,1969,0,0,0,0,0,0,0,0,0,,0
India,1970,0,0,0,0,0,0,0,0,0,,0
India,1971,0,0,0,0,0,0,0,0,0,,0
India,1972,0,0,0,0,0,0,0,0,0,,0
India,1973,0,0,0,0,0,0,0,0,0,,0
India,1974,0,1,0,0,0,0,0,0,1,"exp_part; exp_part, imp_part",1
India,1975,0,1,0,0,0,0,0,0,1,"exp_part; exp_part, imp_part",1
India,1976,0,1,0,0,0,0,0,0,1,"exp_part; exp_part, imp_part",1
India,1977,0,1,0,0,0,0,0,0,1,"exp_part; exp_part, imp_part",1
India,1978,0,1,0,0,0,0,0,0,1,"exp_part; exp_part, imp_part",1
India,1979,0,1,0,0,0,0,0,0,1,"exp_part; exp_part, imp_part",1
India,1980,0,1,0,0,0,0,0,0,1,"exp_part; exp_part, imp_part",1
India,1981,0,1,0,0,0,0,0,0,1,"exp_part; exp_part, imp_part",1
India,1982,0,1,0,0,0,0,0,0,1,"exp_part; exp_part, imp_part",1
India,1983,0,1,0,0,0,0,0,0,1,"exp_part; exp_part, imp_part",1
India,1984,0,1,0,0,0,0,0,0,1,"exp_part; exp_part, imp_part",1
India,1985,0,1,0,0,0,0,0,0,1,"exp_part; exp_part, imp_part",1
India,1986,0,1,0,0,0,0,0,0,1,"exp_part; exp_part, imp_part",1
India,1987,0,1,0,0,0,0,0,0,1,"exp_part; exp_part, imp_part",1
India,1988,0,1,0,0,0,0,0,0,1,"exp_part; exp_part, imp_part",1
India,1989,0,1,0,0,0,0,0,0,1,"exp_part; exp_part, imp_part",1
India,1990,0,1,0,0,0,0,0,0,1,"exp_part; exp_part, imp_part",1
India,1991,0,1,0,0,0,0,0,0,1,"exp_part; exp_part, imp_part",1
India,1992,0,1,0,0,0,0,0,0,1,"exp_part; exp_part, imp_part",1
India,1993,0,1,0,0,0,0,0,0,1,"exp_part; exp_part, imp_part",1
India,1994,0,1,0,0,0,0,0,0,1,"exp_part; exp_part, imp_part",1
India,1995,0,1,0,0,0,0,0,0,1,"exp_part; exp_part, imp_part",1
India,1996,0,1,0,0,0,0,0,0,1,"exp_part; exp_part, imp_part",1
India,1997,0,1,0,0,0,0,0,0,1,"exp_part; exp_part, imp_part",1
India,1998,0,1,0,0,0,0,0,0,1,"exp_part; exp_part, imp_part",1
India,1999,0,1,0,0,0,0,0,0,1,"exp_part; exp_part, imp_part",1
India,2000,0,1,0,0,0,0,0,0,1,"exp_part; exp_part, imp_part",1
India,2001,0,1,0,0,0,0,0,0,1,"exp_part; exp_part, imp_part",1
India,2002,0,1,0,0,0,0,0,0,1,"exp_part; exp_part, imp_part",1
India,2003,0,1,0,0,0,0,0,0,1,"exp_part; exp_part, imp_part",1
India,2004,0,1,0,0,0,0,0,0,1,"exp_part; exp_part, imp_part",1
India,2005,0,1,0,0,0,0,0,0,1,"exp_part; exp_part, imp_part",1
India,2006,0,1,0,0,0,0,0,0,1,"exp_part; exp_part, imp_part",1
India,2007,0,1,0,0,0,0,0,0,1,"exp_part; exp_part, imp_part",1
India,2008,0,1,0,0,0,0,0,0,1,"exp_part; exp_part, imp_part",1
India,2009,0,0,0,0,0,0,0,0,0,,0
India,2010,0,0,0,0,0,0,0,0,0,,0
India,2011,0,0,0,0,0,0,0,0,0,,0
India,2012,0,0,0,0,0,0,0,0,0,,0
India,2013,0,0,0,0,0,0,0,0,0,,0
India,2014,0,0,0,0,0,0,0,0,0,,0
India,2015,0,0,0,0,0,0,0,0,0,,0
India,2016,0,0,0,0,0,0,0,0,0,,0
India,2017,0,0,0,0,0,0,0,0,0,,0
India,2018,0,0,0,0,0,0,0,0,0,,0
India,2019,0,0,0,0,0,0,0,0,0,,0
India,2020,0,0,0,0,0,0,0,0,0,,0
India,2021,0,0,0,0,0,0,0,0,0,,0
India,2022,0,0,0,0,0,0,0,0,0,,0
Indonesia,1950,0,0,0,0,0,0,0,0,0,,0
Indonesia,1951,0,0,0,0,0,0,0,0,0,,0
Indonesia,1952,0,0,0,0,0,0,0,0,0,,0
Indonesia,1953,0,0,0,0,0,0,0,0,0,,0
Indonesia,1954,0,0,0,0,0,0,0,0,0,,0
Indonesia,1955,0,0,0,0,0,0,0,0,0,,0
Indonesia,1956,0,0,0,0,0,0,0,0,0,,0
Indonesia,1957,0,0,0,0,0,0,0,0,0,,0
Indonesia,1958,0,0,0,0,0,0,0,0,0,,0
Indonesia,1959,0,0,0,0,0,0,0,0,0,,0
Indonesia,1960,0,0,0,0,0,0,0,0,0,,0
Indonesia,1961,0,0,0,0,0,0,0,0,0,,0
Indonesia,1962,0,0,0,0,0,0,0,0,0,,0
Indonesia,1963,0,0,0,0,0,0,0,0,0,,0
Indonesia,1964,0,0,0,0,0,0,0,0,0,,0
Indonesia,1965,0,0,0,0,0,0,0,0,0,,0
Indonesia,1966,0,0,0,0,0,0,0,0,0,,0
Indonesia,1967,0,0,0,0,0,0,0,0,0,,0
Indonesia,1968,0,0,0,0,0,0,0,0,0,,0
Indonesia,1969,0,0,0,0,0,0,0,0,0,,0
Indonesia,1970,0,0,0,0,0,0,0,0,0,,0
Indonesia,1971,0,0,0,0,0,0,0,0,0,,0
Indonesia,1972,0,0,0,0,0,0,0,0,0,,0
Indonesia,1973,0,0,0,0,0,0,0,0,0,,0
Indonesia,1974,0,0,0,0,0,0,0,0,0,,0
Indonesia,1975,0,0,0,0,0,0,0,0,0,,0
Indonesia,1976,0,0,0,0,0,0,0,0,0,,0
Indonesia,1977,0,0,0,0,0,0,0,0,0,,0
Indonesia,1978,0,0,0,0,0,0,0,0,0,,0
Indonesia,1979,0,0,0,0,0,0,0,0,0,,0
Indonesia,1980,0,0,0,0,0,0,0,0,0,,0
Indonesia,1981,0,0,0,0,0,0,0,0,0,,0
Indonesia,1982,0,0,0,0,0,0,0,0,0,,0
Indonesia,1983,0,0,0,0,0,0,0,0,0,,0
Indonesia,1984,0,0,0,0,0,0,0,0,0,,0
Indonesia,1985,0,0,0,0,0,0,0,0,0,,0
Indonesia,1986,0,0,0,0,0,0,0,0,0,,0
Indonesia,1987,0,0,0,0,0,0,0,0,0,,0
Indonesia,1988,0,0,0,0,0,0,0,0,0,,0
Indonesia,1989,0,0,0,0,0,0,0,0,0,,0
Indonesia,1990,0,0,0,0,0,0,0,0,0,,0
Indonesia,1991,0,0,0,0,0,0,0,0,0,,0
Indonesia,1992,0,0,0,0,0,0,0,0,0,,0
Indonesia,1993,0,0,0,0,0,0,0,0,0,,0
Indonesia,1994,0,0,0,0,0,0,0,0,0,,0
Indonesia,1995,0,0,0,0,0,0,0,0,0,,0
Indonesia,1996,0,0,0,0,0,0,0,0,0,,0
Indonesia,1997,0,0,0,0,0,0,0,0,0,,0
Indonesia,1998,0,0,0,0,0,0,0,0,0,,0
Indonesia,1999,0,0,1,0,0,0,0,0,0,exp_part,1
Indonesia,2000,0,0,1,0,0,0,0,0,0,exp_part,1
Indonesia,2001,0,0,0,0,0,0,0,0,0,,0
Indonesia,2002,0,0,0,0,0,0,0,0,0,,0
Indonesia,2003,0,0,0,0,0,0,0,0,0,,0
Indonesia,2004,0,0,0,0,0,0,0,0,0,,0
Indonesia,2005,0,0,0,0,0,0,0,0,0,,0
Indonesia,2006,0,0,0,0,0,0,0,0,0,,0
Indonesia,2007,0,0,0,0,0,0,0,0,0,,0
Indonesia,2008,0,0,0,0,0,0,0,0,0,,0
Indonesia,2009,0,0,0,0,0,0,0,0,0,,0
Indonesia,2010,0,0,0,0,0,0,0,0,0,,0
Indonesia,2011,1,0,0,0,0,0,0,0,1,"exp_part; exp_part, imp_part",1
Indonesia,2012,0,0,0,0,0,0,0,0,1,"exp_part, imp_part",1
Indonesia,2013,0,0,0,0,0,0,0,0,1,"exp_part, imp_part",1
Indonesia,2014,0,0,0,0,0,0,0,0,1,"exp_part, imp_part",1
Indonesia,2015,0,0,0,0,0,0,0,0,1,"exp_part, imp_part",1
Indonesia,2016,0,0,0,0,0,0,0,0,1,"exp_part, imp_part",1
Indonesia,2017,0,0,0,0,0,0,0,0,1,"exp_part, imp_part",1
Indonesia,2018,0,0,0,0,0,0,0,0,1,"exp_part, imp_part",1
Indonesia,2019,0,0,0,0,0,0,0,0,1,"exp_part, imp_part",1
Indonesia,2020,0,0,0,0,0,0,0,0,1,"exp_part, imp_part",1
Indonesia,2021,0,0,0,0,0,0,0,0,1,"exp_part, imp_part",1
Indonesia,2022,0,0,0,0,0,0,0,0,1,"exp_part, imp_part",1
Iran,1950,0,0,0,0,0,0,0,0,0,,0
Iran,1951,0,0,0,0,0,0,0,0,0,,0
Iran,1952,0,0,0,0,0,0,0,0,0,,0
Iran,1953,0,0,0,0,0,0,0,0,0,,0
Iran,1954,0,0,0,0,0,0,0,0,0,,0
Iran,1955,0,0,0,0,0,0,0,0,0,,0
Iran,1956,0,0,0,0,0,0,0,0,0,,0
Iran,1957,0,0,0,0,0,0,0,0,0,,0
Iran,1958,0,0,0,0,0,0,0,0,0,,0
Iran,1959,0,0,0,0,0,0,0,0,0,,0
Iran,1960,0,0,0,0,0,0,0,0,0,,0
Iran,1961,0,0,0,0,0,0,0,0,0,,0
Iran,1962,0,0,0,0,0,0,0,0,0,,0
Iran,1963,0,0,0,0,0,0,0,0,0,,0
Iran,1964,0,0,0,0,0,0,0,0,0,,0
Iran,1965,0,0,0,0,0,0,0,0,0,,0
Iran,1966,0,0,0,0,0,0,0,0,0,,0
Iran,1967,0,0,0,0,0,0,0,0,0,,0
Iran,1968,0,0,0,0,0,0,0,0,0,,0
Iran,1969,0,0,0,0,0,0,0,0,0,,0
Iran,1970,0,0,0,0,0,0,0,0,0,,0
Iran,1971,0,0,0,0,0,0,0,0,0,,0
Iran,1972,0,0,0,0,0,0,0,0,0,,0
Iran,1973,0,0,0,0,0,0,0,0,0,,0
Iran,1974,0,0,0,0,0,0,0,0,0,,0
Iran,1975,0,0,0,0,0,0,0,0,0,,0
Iran,1976,0,0,0,0,0,0,0,0,0,,0
Iran,1977,0,0,0,0,0,0,0,0,0,,0
Iran,1978,0,0,0,0,0,0,0,0,0,,0
Iran,1979,0,0,0,0,0,0,0,0,1,imp_part,1
Iran,1980,0,0,0,0,0,0,0,0,1,imp_part,1
Iran,1981,0,0,0,0,0,0,0,0,1,imp_part,1
Iran,1982,0,0,0,0,0,0,0,0,0,,0
Iran,1983,0,0,0,0,0,0,0,0,0,,0
Iran,1984,0,0,0,0,0,0,0,0,1,exp_part,1
Iran,1985,0,0,0,0,0,0,0,0,1,exp_part,1
Iran,1986,0,0,0,0,0,0,0,0,1,exp_part,1
Iran,1987,0,0,0,0,0,0,0,0,1,exp_part; imp_compl,1
Iran,1988,0,0,0,0,0,0,0,0,1,exp_part; imp_compl,1
Iran,1989,0,0,0,0,0,0,0,0,1,exp_part; imp_compl,1
Iran,1990,0,0,0,0,0,0,0,0,1,exp_part; imp_compl,1
Iran,1991,0,0,0,0,0,0,0,0,1,exp_part; imp_compl,1
Iran,1992,0,0,0,0,0,0,0,0,1,exp_part; imp_compl,1
Iran,1993,0,0,0,0,0,0,0,0,1,exp_part; imp_compl,1
Iran,1994,0,0,0,0,0,0,0,0,1,exp_part; imp_compl,1
Iran,1995,0,0,0,0,0,0,0,0,1,"exp_compl, imp_compl; exp_part; imp_compl",1
Iran,1996,0,0,0,0,0,0,0,0,1,"exp_compl, imp_compl; exp_part",1
Iran,1997,0,0,0,0,0,0,0,0,1,"exp_compl, imp_compl; exp_part",1
Iran,1998,0,0,0,0,0,0,0,0,1,"exp_compl, imp_compl; exp_part",1
Iran,1999,0,0,0,0,0,0,0,0,1,"exp_compl, imp_compl; exp_part",1
Iran,2000,0,0,0,0,0,0,0,0,1,"exp_compl, imp_compl; exp_part",1
Iran,2001,0,0,0,0,0,0,0,0,1,"exp_compl, imp_compl; exp_part",1
Iran,2002,0,0,0,0,0,0,0,0,1,"exp_compl, imp_compl; exp_part",1
Iran,2003,0,0,0,0,0,0,0,0,1,"exp_compl, imp_compl; exp_part",1
Iran,2004,0,0,0,0,0,0,0,0,1,"exp_compl, imp_compl; exp_part",1
Iran,2005,0,0,0,0,0,0,0,0,1,"exp_compl, imp_compl; exp_part",1
Iran,2006,0,0,0,0,1,0,0,0,1,"exp_compl, imp_compl; exp_part; imp_part",1
Iran,2007,0,0,0,0,1,0,0,0,1,"exp_compl, imp_compl; exp_part; imp_part",1
Iran,2008,1,0,0,0,1,0,0,0,1,"exp_compl, imp_compl; exp_part; exp_part, imp_part; imp_part",1
Iran,2009,1,0,0,0,1,0,0,0,1,"exp_compl, imp_compl; exp_part; exp_part, imp_part; imp_part",1
Iran,2010,1,1,0,0,1,0,0,0,1,"exp_compl, imp_compl; exp_part; exp_part, imp_part; imp_part",1
Iran,2011,1,1,0,0,1,0,1,0,1,"exp_compl, imp_compl; exp_part; exp_part, imp_part; imp_part",1
Iran,2012,1,1,1,0,1,0,1,0,1,"exp_compl, imp_compl; exp_part; exp_part, imp_part; imp_part",1
Iran,2013,1,1,1,0,1,0,1,0,1,"exp_compl, imp_compl; exp_part; exp_part, imp_part; imp_part",1
Iran,2014,1,1,1,0,1,0,1,0,1,"exp_compl, imp_compl; exp_part; exp_part, imp_part; imp_part",1
Iran,2015,1,1,1,0,1,0,1,0,1,"exp_compl, imp_compl; exp_part; exp_part, imp_part; imp_part",1
Iran,2016,1,1,1,0,1,0,1,0,1,"exp_compl, imp_compl; exp_part; exp_part, imp_part; imp_part",1
Iran,2017,0,1,0,0,0,0,0,0,1,exp_part,1
Iran,2018,0,1,0,0,0,0,0,0,1,"exp_part; exp_part,imp_part",1
Iran,2019,0,1,0,0,0,0,0,0,1,"exp_part; exp_part,imp_part",1
Iran,2020,0,1,0,0,0,0,0,0,1,"exp_part; exp_part,imp_part",1
Iran,2021,0,1,0,0,0,0,0,0,1,"exp_part; exp_part,imp_part",1
Iran,2022,0,1,0,0,0,0,0,0,1,"exp_part; exp_part,imp_part",1
Iraq,1950,0,0,0,0,0,0,0,0,0,,0
Iraq,1951,0,0,0,0,0,0,0,0,0,,0
Iraq,1952,0,0,0,0,0,0,0,0,0,,0
Iraq,1953,0,0,0,0,0,0,0,0,0,,0
Iraq,1954,0,0,0,0,0,0,0,0,0,,0
Iraq,1955,0,0,0,0,0,0,0,0,0,,0
Iraq,1956,0,0,0,0,0,0,0,0,0,,0
Iraq,1957,0,0,0,0,0,0,0,0,0,,0
Iraq,1958,0,0,0,0,0,0,0,0,0,,0
Iraq,1959,0,0,0,0,0,0,0,0,0,,0
Iraq,1960,0,0,0,0,0,0,0,0,0,,0
Iraq,1961,0,0,0,0,0,0,0,0,0,,0
Iraq,1962,0,0,0,0,0,0,0,0,0,,0
Iraq,1963,0,0,0,0,0,0,0,0,0,,0
Iraq,1964,0,0,0,0,0,0,0,0,0,,0
Iraq,1965,0,0,0,0,0,0,0,0,0,,0
Iraq,1966,0,0,0,0,0,0,0,0,0,,0
Iraq,1967,0,0,0,0,0,0,0,0,0,,0
Iraq,1968,0,0,0,0,0,0,0,0,0,,0
Iraq,1969,0,0,0,0,0,0,0,0,0,,0
Iraq,1970,0,0,0,0,0,0,0,0,0,,0
Iraq,1971,0,0,0,0,0,0,0,0,0,,0
Iraq,1972,0,0,0,0,0,0,0,0,0,,0
Iraq,1973,0,0,0,0,0,0,0,0,0,,0
Iraq,1974,0,0,0,0,0,0,0,0,0,,0
Iraq,1975,0,0,0,0,0,0,0,0,0,,0
Iraq,1976,0,0,0,0,0,0,0,0,0,,0
Iraq,1977,0,0,0,0,0,0,0,0,0,,0
Iraq,1978,0,0,0,0,0,0,0,0,0,,0
Iraq,1979,0,0,0,0,0,0,0,0,0,,0
Iraq,1980,0,0,0,0,0,0,0,0,1,exp_part,1
Iraq,1981,0,0,0,0,0,0,0,0,1,exp_part,1
Iraq,1982,0,0,0,0,0,0,0,0,1,exp_part,1
Iraq,1983,0,0,0,0,0,0,0,0,1,exp_part,1
Iraq,1984,0,0,0,0,0,0,0,0,1,exp_part,1
Iraq,1985,0,0,0,0,0,0,0,0,1,exp_part,1
Iraq,1986,0,0,0,0,0,0,0,0,1,exp_part,1
Iraq,1987,0,0,0,0,0,0,0,0,1,exp_part,1
Iraq,1988,0,0,0,0,0,0,0,0,1,exp_part,1
Iraq,1989,0,0,0,0,0,0,0,0,1,exp_part,1
Iraq,1990,0,0,1,0,0,0,0,0,1,exp_part,1
Iraq,1991,0,0,1,0,0,0,0,0,0,exp_part,1
Iraq,1992,0,0,1,0,0,0,0,0,0,exp_part,1
Iraq,1993,0,0,1,0,0,0,0,0,0,exp_part,1
Iraq,1994,0,0,1,0,0,0,0,0,0,exp_part,1
Iraq,1995,0,0,1,0,0,0,0,0,0,exp_part,1
Iraq,1996,0,0,1,0,0,0,0,0,0,exp_part,1
Iraq,1997,0,0,1,0,0,0,0,0,0,exp_part,1
Iraq,1998,0,0,1,0,0,0,0,0,0,exp_part,1
Iraq,1999,0,0,1,0,0,0,0,0,0,exp_part,1
Iraq,2000,0,0,1,0,0,0,0,0,0,exp_part,1
Iraq,2001,0,0,1,0,0,0,0,0,0,exp_part,1
Iraq,2002,0,0,1,0,0,0,0,0,0,exp_part,1
Iraq,2003,0,0,1,0,0,0,0,0,0,exp_part,1
Iraq,2004,0,0,0,0,0,0,0,0,0,,0
Iraq,2005,0,0,0,0,0,0,0,0,0,,0
Iraq,2006,0,0,0,0,0,0,0,0,0,,0
Iraq,2007,0,0,0,0,0,0,0,0,0,,0
Iraq,2008,0,0,0,0,0,0,0,0,0,,0
Iraq,2009,0,0,0,0,0,0,0,0,0,,0
Iraq,2010,0,0,0,0,0,0,0,0,0,,0
Iraq,2011,0,0,0,0,0,0,0,0,0,,0
Iraq,2012,0,0,0,0,0,0,0,0,0,,0
Iraq,2013,0,0,0,0,0,0,0,0,0,,0
Iraq,2014,0,0,0,0,0,0,0,0,0,,0
Iraq,2015,0,0,0,0,0,0,0,0,0,,0
Iraq,2016,0,0,0,0,0,0,0,0,0,,0
Iraq,2017,0,0,0,0,0,0,0,0,0,,0
Iraq,2018,0,0,0,0,0,0,0,0,0,,0
Iraq,2019,0,0,0,0,0,0,0,0,1,"exp_part, imp_part",1
Iraq,2020,0,0,0,0,0,0,0,0,1,"exp_part, imp_part",1
Iraq,2021,0,0,0,0,0,0,0,0,1,"exp_part, imp_part",1
Iraq,2022,0,0,0,0,0,0,0,0,1,"exp_part, imp_part",1
Ireland,1950,0,0,0,0,0,0,0,0,0,,0
Ireland,1951,0,0,0,0,0,0,0,0,0,,0
Ireland,1952,0,0,0,0,0,0,0,0,0,,0
Ireland,1953,0,0,0,0,0,0,0,0,0,,0
Ireland,1954,0,0,0,0,0,0,0,0,0,,0
Ireland,1955,0,0,0,0,0,0,0,0,0,,0
Ireland,1956,0,0,0,0,0,0,0,0,0,,0
Ireland,1957,0,0,0,0,0,0,0,0,0,,0
Ireland,1958,0,0,0,0,0,0,0,0,0,,0
Ireland,1959,0,0,0,0,0,0,0,0,0,,0
Ireland,1960,0,0,0,0,0,0,0,0,0,,0
Ireland,1961,0,0,0,0,0,0,0,0,0,,0
Ireland,1962,0,0,0,0,0,0,0,0,0,,0
Ireland,1963,0,0,0,0,0,0,0,0,0,,0
Ireland,1964,0,0,0,0,0,0,0,0,0,,0
Ireland,1965,0,0,0,0,0,0,0,0,0,,0
Ireland,1966,0,0,0,0,0,0,0,0,0,,0
Ireland,1967,0,0,0,0,0,0,0,0,0,,0
Ireland,1968,0,0,0,0,0,0,0,0,0,,0
Ireland,1969,0,0,0,0,0,0,0,0,0,,0
Ireland,1970,0,0,0,0,0,0,0,0,0,,0
Ireland,1971,0,0,0,0,0,0,0,0,0,,0
Ireland,1972,0,0,0,0,0,0,0,0,0,,0
Ireland,1973,0,0,0,0,0,0,0,0,0,,0
Ireland,1974,0,0,0,0,0,0,0,0,0,,0
Ireland,1975,0,0,0,0,0,0,0,0,0,,0
Ireland,1976,0,0,0,0,0,0,0,0,0,,0
Ireland,1977,0,0,0,0,0,0,0,0,0,,0
Ireland,1978,0,0,0,0,0,0,0,0,0,,0
Ireland,1979,0,0,0,0,0,0,0,0,0,,0
Ireland,1980,0,0,0,0,0,0,0,0,0,,0
Ireland,1981,0,0,0,0,0,0,0,0,0,,0
Ireland,1982,0,0,0,0,0,0,0,0,0,,0
Ireland,1983,0,0,0,0,0,0,0,0,0,,0
Ireland,1984,0,0,0,0,0,0,0,0,0,,0
Ireland,1985,0,0,0,0,0,0,0,0,0,,0
Ireland,1986,0,0,0,0,0,0,0,0,0,,0
Ireland,1987,0,0,0,0,0,0,0,0,0,,0
Ireland,1988,0,0,0,0,0,0,0,0,0,,0
Ireland,1989,0,0,0,0,0,0,0,0,0,,0
Ireland,1990,0,0,0,0,0,0,0,0,0,,0
Ireland,1991,0,0,0,0,0,0,0,0,0,,0
Ireland,1992,0,0,0,0,0,0,0,0,0,,0
Ireland,1993,0,0,0,0,0,0,0,0,0,,0
Ireland,1994,0,0,0,0,0,0,0,0,0,,0
Ireland,1995,0,0,0,0,0,0,0,0,0,,0
Ireland,1996,0,0,0,0,0,0,0,0,0,,0
Ireland,1997,0,0,0,0,0,0,0,0,0,,0
Ireland,1998,0,0,0,0,0,0,0,0,1,imp_part,1
Ireland,1999,0,0,0,0,0,0,0,0,1,imp_part,1
Ireland,2000,0,0,0,0,0,0,0,0,1,imp_part,1
Ireland,2001,0,0,0,0,0,0,0,0,1,imp_part,1
Ireland,2002,0,0,0,0,0,0,0,0,1,imp_part,1
Ireland,2003,0,0,0,0,0,0,0,0,1,imp_part,1
Ireland,2004,0,0,0,0,0,0,0,0,1,imp_part,1
Ireland,2005,0,0,0,0,0,0,0,0,1,imp_part,1
Ireland,2006,0,0,0,0,0,0,0,0,1,imp_part,1
Ireland,2007,0,0,0,0,0,0,0,0,1,imp_part,1
Ireland,2008,0,0,0,0,0,0,0,0,1,imp_part,1
Ireland,2009,0,0,0,0,0,0,0,0,1,imp_part,1
Ireland,2010,0,0,0,0,0,0,0,0,1,imp_part,1
Ireland,2011,0,0,0,0,0,0,0,0,1,imp_part,1
Ireland,2012,0,0,0,0,0,0,0,0,1,imp_part,1
Ireland,2013,0,0,0,0,0,0,0,0,1,imp_part,1
Ireland,2014,0,0,0,0,0,0,0,0,1,imp_part,1
Ireland,2015,0,0,0,0,0,0,0,0,0,,0
Ireland,2016,0,0,0,0,0,0,0,0,0,,0
Ireland,2017,0,0,0,0,0,0,0,0,0,,0
Ireland,2018,0,0,0,0,0,0,0,0,0,,0
Ireland,2019,0,0,0,0,0,0,0,0,0,,0
Ireland,2020,0,0,0,0,0,0,0,0,0,,0
Ireland,2021,0,0,0,0,0,0,0,0,0,,0
Ireland,2022,0,0,0,0,0,0,0,0,0,,0
Israel,1950,0,0,0,0,0,0,0,0,0,,0
Israel,1951,0,0,0,0,0,0,0,0,0,,0
Israel,1952,0,0,0,0,0,0,0,0,0,,0
Israel,1953,0,0,0,0,0,0,0,0,0,,0
Israel,1954,0,0,0,0,0,0,0,0,0,,0
Israel,1955,0,0,0,0,0,0,0,0,0,,0
Israel,1956,0,0,0,0,0,0,0,0,0,,0
Israel,1957,0,0,0,0,0,0,0,0,0,,0
Israel,1958,0,0,0,0,0,0,0,0,0,,0
Israel,1959,0,0,0,0,0,0,0,0,0,,0
Israel,1960,0,0,0,0,0,0,0,0,0,,0
Israel,1961,0,0,0,0,0,0,0,0,0,,0
Israel,1962,0,0,0,0,0,0,0,0,0,,0
Israel,1963,0,0,0,0,0,0,0,0,0,,0
Israel,1964,0,0,0,0,0,0,0,0,0,,0
Israel,1965,0,0,0,0,0,0,0,0,0,,0
Israel,1966,0,0,0,0,0,0,0,0,0,,0
Israel,1967,0,0,0,0,0,0,0,0,0,,0
Israel,1968,0,0,0,0,0,0,0,0,0,,0
Israel,1969,0,0,0,0,0,0,0,0,0,,0
Israel,1970,0,0,0,0,0,0,0,0,0,,0
Israel,1971,0,0,0,0,0,0,0,0,0,,0
Israel,1972,0,0,0,0,0,0,0,0,0,,0
Israel,1973,0,0,0,0,0,0,0,0,0,,0
Israel,1974,0,0,0,0,0,0,0,0,0,,0
Israel,1975,0,0,0,0,0,0,0,0,0,,0
Israel,1976,0,0,0,0,0,0,0,0,0,,0
Israel,1977,0,0,0,0,0,0,0,0,0,,0
Israel,1978,0,0,0,0,0,0,0,0,0,,0
Israel,1979,0,0,0,0,0,0,0,0,0,,0
Israel,1980,0,0,0,0,0,0,0,0,0,,0
Israel,1981,0,0,0,0,0,0,0,0,0,,0
Israel,1982,0,0,0,0,0,0,0,0,0,,0
Israel,1983,0,0,0,0,0,0,0,0,0,,0
Israel,1984,0,0,0,0,0,0,0,0,0,,0
Israel,1985,0,0,0,0,0,0,0,0,0,,0
Israel,1986,0,0,0,0,0,0,0,0,0,,0
Israel,1987,0,0,0,0,0,0,0,0,0,,0
Israel,1988,0,0,0,0,0,0,0,0,0,,0
Israel,1989,0,0,0,0,0,0,0,0,0,,0
Israel,1990,0,0,0,0,0,0,0,0,0,,0
Israel,1991,0,0,0,0,0,0,0,0,0,,0
Israel,1992,0,0,0,0,0,0,0,0,0,,0
Israel,1993,0,0,0,0,0,0,0,0,0,,0
Israel,1994,0,0,0,0,0,0,0,0,0,,0
Israel,1995,0,0,0,0,0,0,0,0,0,,0
Israel,1996,0,0,0,0,0,0,0,0,0,,0
Israel,1997,0,0,0,0,0,0,0,0,0,,0
Israel,1998,0,0,0,0,0,0,0,0,0,,0
Israel,1999,0,0,0,0,0,0,0,0,0,,0
Israel,2000,0,0,0,0,0,0,0,0,0,,0
Israel,2001,0,0,0,0,0,0,0,0,0,,0
Israel,2002,0,0,0,0,0,0,0,0,0,,0
Israel,2003,0,0,0,0,0,0,0,0,0,,0
Israel,2004,0,0,0,0,0,0,0,0,0,,0
Israel,2005,0,0,0,0,0,0,0,0,0,,0
Israel,2006,0,0,0,0,0,0,0,0,0,,0
Israel,2007,0,0,0,0,0,0,0,0,0,,0
Israel,2008,0,0,0,0,0,0,0,0,0,,0
Israel,2009,0,0,0,0,0,0,0,0,0,,0
Israel,2010,0,0,0,0,0,0,0,0,0,,0
Israel,2011,0,0,0,0,0,0,0,0,0,,0
Israel,2012,0,0,0,0,0,0,0,0,0,,0
Israel,2013,0,0,0,0,0,0,0,0,0,,0
Israel,2014,0,0,0,0,0,0,0,1,0,exp_part,1
Israel,2015,0,0,0,0,0,0,0,1,0,exp_part,1
Israel,2016,0,0,0,0,0,0,0,1,0,exp_part,1
Israel,2017,0,0,0,0,0,0,0,1,0,exp_part,1
Israel,2018,0,0,0,0,0,0,0,1,0,exp_part,1
Israel,2019,0,0,0,0,0,0,0,1,0,exp_part,1
Israel,2020,0,0,0,0,0,0,0,1,0,exp_part,1
Israel,2021,0,0,0,0,0,0,0,1,0,exp_part,1
Israel,2022,0,0,0,0,0,0,0,1,0,exp_part,1
Jamaica,1950,0,0,0,0,0,0,0,0,0,,0
Jamaica,1951,0,0,0,0,0,0,0,0,0,,0
Jamaica,1952,0,0,0,0,0,0,0,0,0,,0
Jamaica,1953,0,0,0,0,0,0,0,0,0,,0
Jamaica,1954,0,0,0,0,0,0,0,0,0,,0
Jamaica,1955,0,0,0,0,0,0,0,0,0,,0
Jamaica,1956,0,0,0,0,0,0,0,0,0,,0
Jamaica,1957,0,0,0,0,0,0,0,0,0,,0
Jamaica,1958,0,0,0,0,0,0,0,0,0,,0
Jamaica,1959,0,0,0,0,0,0,0,0,0,,0
Jamaica,1960,0,0,0,0,0,0,0,0,0,,0
Jamaica,1961,0,0,0,0,0,0,0,0,0,,0
Jamaica,1962,0,0,0,0,0,0,0,0,0,,0
Jamaica,1963,0,0,0,0,0,0,0,0,0,,0
Jamaica,1964,0,0,0,0,0,0,0,0,0,,0
Jamaica,1965,0,0,0,0,0,0,0,0,0,,0
Jamaica,1966,0,0,0,0,0,0,0,0,0,,0
Jamaica,1967,0,0,0,0,0,0,0,0,0,,0
Jamaica,1968,0,0,0,0,0,0,0,0,0,,0
Jamaica,1969,0,0,0,0,0,0,0,0,0,,0
Jamaica,1970,0,0,0,0,0,0,0,0,0,,0
Jamaica,1971,0,0,0,0,0,0,0,0,0,,0
Jamaica,1972,0,0,0,0,0,0,0,0,0,,0
Jamaica,1973,0,0,0,0,0,0,0,0,0,,0
Jamaica,1974,0,0,0,0,0,0,0,0,0,,0
Jamaica,1975,0,0,0,0,0,0,0,0,0,,0
Jamaica,1976,0,0,0,0,0,0,0,0,0,,0
Jamaica,1977,0,0,0,0,0,0,0,0,0,,0
Jamaica,1978,0,0,0,0,0,0,0,0,0,,0
Jamaica,1979,0,0,0,0,0,0,0,0,0,,0
Jamaica,1980,0,0,0,0,0,0,0,0,0,,0
Jamaica,1981,0,0,0,0,0,0,0,0,0,,0
Jamaica,1982,0,0,0,0,0,0,0,0,0,,0
Jamaica,1983,0,0,0,0,0,0,0,0,0,,0
Jamaica,1984,0,0,0,0,0,0,0,0,0,,0
Jamaica,1985,0,0,0,0,0,0,0,0,0,,0
Jamaica,1986,0,0,0,0,0,0,0,0,0,,0
Jamaica,1987,0,0,0,0,0,0,0,0,0,,0
Jamaica,1988,0,0,0,0,0,0,0,0,0,,0
Jamaica,1989,0,0,0,0,0,0,0,0,0,,0
Jamaica,1990,0,0,0,0,0,0,0,0,0,,0
Jamaica,1991,0,0,0,0,0,0,0,0,0,,0
Jamaica,1992,0,0,0,0,0,0,0,0,0,,0
Jamaica,1993,0,0,0,0,0,0,0,0,0,,0
Jamaica,1994,0,0,0,0,0,0,0,0,0,,0
Jamaica,1995,0,0,0,0,0,0,0,0,0,,0
Jamaica,1996,0,0,0,0,0,0,0,0,0,,0
Jamaica,1997,0,0,0,0,0,0,0,0,0,,0
Jamaica,1998,0,0,0,0,0,0,0,0,0,,0
Jamaica,1999,0,0,0,0,0,0,0,0,0,,0
Jamaica,2000,0,0,0,0,0,0,0,0,0,,0
Jamaica,2001,0,0,0,0,0,0,0,0,0,,0
Jamaica,2002,0,0,0,0,0,0,0,0,0,,0
Jamaica,2003,0,0,0,0,0,0,0,0,0,,0
Jamaica,2004,0,0,0,0,0,0,0,0,0,,0
Jamaica,2005,0,0,0,0,0,0,0,0,0,,0
Jamaica,2006,0,0,0,0,0,0,0,0,0,,0
Jamaica,2007,0,0,0,0,0,0,0,0,0,,0
Jamaica,2008,0,0,0,0,0,0,0,0,0,,0
Jamaica,2009,0,0,0,0,0,0,0,0,0,,0
Jamaica,2010,0,0,0,0,0,0,0,0,0,,0
Jamaica,2011,0,0,0,0,0,0,0,0,1,"exp_part, imp_part",1
Jamaica,2012,0,0,0,0,0,0,0,0,1,"exp_part, imp_part",1
Jamaica,2013,0,0,0,0,0,0,0,0,1,"exp_part, imp_part",1
Jamaica,2014,0,0,0,0,0,0,0,0,1,"exp_part, imp_part",1
Jamaica,2015,0,0,0,0,0,0,0,0,1,"exp_part, imp_part",1
Jamaica,2016,0,0,0,0,0,0,0,0,1,"exp_part, imp_part",1
Jamaica,2017,0,0,0,0,0,0,0,0,1,"exp_part, imp_part",1
Jamaica,2018,0,0,0,0,0,0,0,0,1,"exp_part, imp_part",1
Jamaica,2019,0,0,0,0,0,0,0,0,1,"exp_part, imp_part",1
Jamaica,2020,0,0,0,0,0,0,0,0,1,"exp_part, imp_part",1
Jamaica,2021,0,0,0,0,0,0,0,0,1,"exp_part, imp_part",1
Jamaica,2022,0,0,0,0,0,0,0,0,1,"exp_part, imp_part",1
Japan,1950,0,0,0,0,0,0,0,0,0,,0
Japan,1951,0,0,0,0,0,0,0,0,0,,0
Japan,1952,0,0,0,0,0,0,0,0,0,,0
Japan,1953,0,0,0,0,0,0,0,0,0,,0
Japan,1954,0,0,0,0,0,0,0,0,0,,0
Japan,1955,0,0,0,0,0,0,0,0,0,,0
Japan,1956,0,0,0,0,0,0,0,0,0,,0
Japan,1957,0,0,0,0,0,0,0,0,0,,0
Japan,1958,0,0,0,0,0,0,0,0,0,,0
Japan,1959,0,0,0,0,0,0,0,0,0,,0
Japan,1960,0,0,0,0,0,0,0,0,0,,0
Japan,1961,0,0,0,0,0,0,0,0,0,,0
Japan,1962,0,0,0,0,0,0,0,0,0,,0
Japan,1963,0,0,0,0,0,0,0,0,0,,0
Japan,1964,0,0,0,0,0,0,0,0,0,,0
Japan,1965,0,0,0,0,0,0,0,0,0,,0
Japan,1966,0,0,0,0,0,0,0,0,0,,0
Japan,1967,0,0,0,0,0,0,0,0,0,,0
Japan,1968,0,0,0,0,0,0,0,0,0,,0
Japan,1969,0,0,0,0,0,0,0,0,0,,0
Japan,1970,0,0,0,0,0,0,0,0,0,,0
Japan,1971,0,0,0,0,0,0,0,0,0,,0
Japan,1972,0,0,0,0,0,0,0,0,0,,0
Japan,1973,0,0,0,0,0,0,0,0,0,,0
Japan,1974,0,0,0,0,0,0,0,0,0,,0
Japan,1975,0,0,0,0,0,0,0,0,0,,0
Japan,1976,0,0,0,0,0,0,0,0,0,,0
Japan,1977,0,1,0,0,0,0,0,0,0,exp_part,1
Japan,1978,0,1,0,0,0,0,0,0,0,exp_part,1
Japan,1979,0,0,0,0,0,0,0,0,0,,0
Japan,1980,0,0,0,0,0,0,0,0,0,,0
Japan,1981,0,0,0,0,0,0,0,0,0,,0
Japan,1982,0,0,0,0,0,0,0,0,0,,0
Japan,1983,0,0,0,0,0,0,0,0,0,,0
Japan,1984,0,0,0,0,0,0,0,0,0,,0
Japan,1985,0,0,0,0,0,0,0,0,0,,0
Japan,1986,0,0,0,0,0,0,0,0,0,,0
Japan,1987,0,0,0,0,0,0,0,0,0,,0
Japan,1988,0,0,0,0,0,0,0,0,0,,0
Japan,1989,0,0,0,0,0,0,0,0,0,,0
Japan,1990,0,0,0,0,0,0,0,0,0,,0
Japan,1991,0,0,0,0,0,0,0,0,0,,0
Japan,1992,0,0,0,0,0,0,0,0,0,,0
Japan,1993,0,0,0,0,0,0,0,0,0,,0
Japan,1994,0,0,0,0,0,0,0,0,0,,0
Japan,1995,0,0,0,0,0,0,0,0,0,,0
Japan,1996,0,0,0,0,0,0,0,0,0,,0
Japan,1997,0,0,0,0,0,0,0,0,0,,0
Japan,1998,0,0,0,0,0,0,0,0,0,,0
Japan,1999,0,0,0,0,0,0,0,0,0,,0
Japan,2000,0,0,0,0,0,0,0,0,0,,0
Japan,2001,0,0,0,0,0,0,0,0,0,,0
Japan,2002,0,0,0,0,0,0,0,0,0,,0
Japan,2003,0,0,0,0,0,0,0,0,0,,0
Japan,2004,0,0,0,0,0,0,0,0,0,,0
Japan,2005,0,0,0,0,0,0,0,0,0,,0
Japan,2006,0,0,0,0,0,0,0,0,0,,0
Japan,2007,0,0,0,0,0,0,0,0,0,,0
Japan,2008,0,0,0,0,0,0,0,0,0,,0
Japan,2009,0,0,0,0,0,0,0,0,0,,0
Japan,2010,0,0,0,0,0,0,0,0,0,,0
Japan,2011,0,0,0,0,0,0,0,0,0,,0
Japan,2012,0,0,0,0,0,0,0,0,0,,0
Japan,2013,0,0,0,0,0,0,0,0,0,,0
Japan,2014,0,0,0,0,0,0,0,0,0,,0
Japan,2015,0,0,0,0,0,0,0,0,0,,0
Japan,2016,0,0,0,0,0,0,0,0,0,,0
Japan,2017,0,0,0,0,0,0,0,0,0,,0
Japan,2018,0,0,0,0,0,0,0,0,0,,0
Japan,2019,0,0,0,0,0,0,0,0,0,,0
Japan,2020,0,0,0,0,0,0,0,0,0,,0
Japan,2021,0,0,0,0,0,0,0,0,0,,0
Japan,2022,0,0,0,0,0,0,0,0,0,,0
Kazakhstan,1950,0,0,0,0,0,0,0,0,0,,0
Kazakhstan,1951,0,0,0,0,0,0,0,0,0,,0
Kazakhstan,1952,0,0,0,0,0,0,0,0,0,,0
Kazakhstan,1953,0,0,0,0,0,0,0,0,0,,0
Kazakhstan,1954,0,0,0,0,0,0,0,0,0,,0
Kazakhstan,1955,0,0,0,0,0,0,0,0,0,,0
Kazakhstan,1956,0,0,0,0,0,0,0,0,0,,0
Kazakhstan,1957,0,0,0,0,0,0,0,0,0,,0
Kazakhstan,1958,0,0,0,0,0,0,0,0,0,,0
Kazakhstan,1959,0,0,0,0,0,0,0,0,0,,0
Kazakhstan,1960,0,0,0,0,0,0,0,0,0,,0
Kazakhstan,1961,0,0,0,0,0,0,0,0,0,,0
Kazakhstan,1962,0,0,0,0,0,0,0,0,0,,0
Kazakhstan,1963,0,0,0,0,0,0,0,0,0,,0
Kazakhstan,1964,0,0,0,0,0,0,0,0,0,,0
Kazakhstan,1965,0,0,0,0,0,0,0,0,0,,0
Kazakhstan,1966,0,0,0,0,0,0,0,0,0,,0
Kazakhstan,1967,0,0,0,0,0,0,0,0,0,,0
Kazakhstan,1968,0,0,0,0,0,0,0,0,0,,0
Kazakhstan,1969,0,0,0,0,0,0,0,0,0,,0
Kazakhstan,1970,0,0,0,0,0,0,0,0,0,,0
Kazakhstan,1971,0,0,0,0,0,0,0,0,0,,0
Kazakhstan,1972,0,0,0,0,0,0,0,0,0,,0
Kazakhstan,1973,0,0,0,0,0,0,0,0,0,,0
Kazakhstan,1974,0,0,0,0,0,0,0,0,0,,0
Kazakhstan,1975,0,0,0,0,0,0,0,0,0,,0
Kazakhstan,1976,0,0,0,0,0,0,0,0,0,,0
Kazakhstan,1977,0,0,0,0,0,0,0,0,0,,0
Kazakhstan,1978,0,0,0,0,0,0,0,0,0,,0
Kazakhstan,1979,0,0,0,0,0,0,0,0,0,,0
Kazakhstan,1980,0,0,0,0,0,0,0,0,0,,0
Kazakhstan,1981,0,0,0,0,0,0,0,0,0,,0
Kazakhstan,1982,0,0,0,0,0,0,0,0,0,,0
Kazakhstan,1983,0,0,0,0,0,0,0,0,0,,0
Kazakhstan,1984,0,0,0,0,0,0,0,0,0,,0
Kazakhstan,1985,0,0,0,0,0,0,0,0,0,,0
Kazakhstan,1986,0,0,0,0,0,0,0,0,0,,0
Kazakhstan,1987,0,0,0,0,0,0,0,0,0,,0
Kazakhstan,1988,0,0,0,0,0,0,0,0,0,,0
Kazakhstan,1989,0,0,0,0,0,0,0,0,0,,0
Kazakhstan,1990,0,0,0,0,0,0,0,0,0,,0
Kazakhstan,1991,0,0,0,0,0,0,0,0,0,,0
Kazakhstan,1992,0,0,0,0,0,0,0,0,0,,0
Kazakhstan,1993,0,0,0,0,0,0,0,0,0,,0
Kazakhstan,1994,0,0,0,0,0,1,0,0,0,"exp_part, imp_part",1
Kazakhstan,1995,0,0,0,0,0,1,0,0,0,"exp_part, imp_part",1
Kazakhstan,1996,0,0,0,0,0,0,0,0,0,,0
Kazakhstan,1997,0,0,0,0,0,0,0,0,0,,0
Kazakhstan,1998,0,0,0,0,0,0,0,0,0,,0
Kazakhstan,1999,0,0,0,0,0,0,0,0,0,,0
Kazakhstan,2000,0,0,0,0,0,0,0,0,0,,0
Kazakhstan,2001,0,0,0,0,0,0,0,0,0,,0
Kazakhstan,2002,0,0,0,0,0,0,0,0,0,,0
Kazakhstan,2003,0,0,0,0,0,0,0,0,0,,0
Kazakhstan,2004,0,0,0,0,0,0,0,0,0,,0
Kazakhstan,2005,0,0,0,0,0,0,0,0,0,,0
Kazakhstan,2006,0,0,0,0,0,0,0,0,0,,0
Kazakhstan,2007,0,0,0,0,0,0,0,0,0,,0
Kazakhstan,2008,0,0,0,0,0,0,0,0,0,,0
Kazakhstan,2009,0,0,0,0,0,0,0,0,0,,0
Kazakhstan,2010,0,0,0,0,0,0,0,0,0,,0
Kazakhstan,2011,0,0,0,0,0,0,0,0,0,,0
Kazakhstan,2012,0,0,0,0,0,0,0,0,0,,0
Kazakhstan,2013,0,0,0,0,0,0,0,0,0,,0
Kazakhstan,2014,0,0,0,0,0,0,0,0,0,,0
Kazakhstan,2015,0,0,0,0,0,0,0,0,0,,0
Kazakhstan,2016,0,0,0,0,0,0,0,0,0,,0
Kazakhstan,2017,0,0,0,0,0,0,0,0,0,,0
Kazakhstan,2018,0,0,0,0,0,0,0,0,0,,0
Kazakhstan,2019,0,0,0,0,0,0,0,0,0,,0
Kazakhstan,2020,0,0,0,0,0,0,0,0,0,,0
Kazakhstan,2021,0,0,0,0,0,0,0,0,0,,0
Kazakhstan,2022,0,0,0,0,0,0,0,0,0,,0
Korea,1950,0,0,0,0,0,0,0,0,1,"exp_compl, imp_compl",1
Korea,1951,0,0,0,0,0,0,0,0,1,"exp_compl, imp_compl",1
Korea,1952,0,0,0,0,0,0,0,0,1,"exp_compl, imp_compl",1
Korea,1953,0,0,0,0,0,0,0,0,1,"exp_compl, imp_compl",1
Korea,1954,0,0,0,0,0,0,0,0,1,"exp_compl, imp_compl",1
Korea,1955,0,0,0,0,0,0,0,0,1,"exp_compl, imp_compl",1
Korea,1956,0,0,0,0,0,0,0,0,1,"exp_compl, imp_compl",1
Korea,1957,0,0,0,0,0,0,0,0,1,"exp_compl, imp_compl",1
Korea,1958,0,0,0,0,0,0,0,0,1,"exp_compl, imp_compl",1
Korea,1959,0,0,0,0,0,0,0,0,1,"exp_compl, imp_compl",1
Korea,1960,0,0,0,0,0,0,0,0,1,"exp_compl, imp_compl",1
Korea,1961,0,0,0,0,0,0,0,0,1,"exp_compl, imp_compl",1
Korea,1962,0,0,0,0,0,0,0,0,1,"exp_compl, imp_compl",1
Korea,1963,0,0,0,0,0,0,0,0,1,"exp_compl, imp_compl",1
Korea,1964,0,0,0,0,0,0,0,0,1,"exp_compl, imp_compl",1
Korea,1965,0,0,0,0,0,0,0,0,1,"exp_compl, imp_compl",1
Korea,1966,0,0,0,0,0,0,0,0,1,"exp_compl, imp_compl",1
Korea,1967,0,0,0,0,0,0,0,0,1,"exp_compl, imp_compl",1
Korea,1968,0,0,0,0,0,0,0,0,1,"exp_compl, imp_compl",1
Korea,1969,0,0,0,0,0,0,0,0,1,"exp_compl, imp_compl",1
Korea,1970,0,0,0,0,0,0,0,0,1,"exp_compl, imp_compl",1
Korea,1971,0,0,0,0,0,0,0,0,1,"exp_compl, imp_compl",1
Korea,1972,0,0,0,0,0,0,0,0,1,"exp_compl, imp_compl",1
Korea,1973,0,0,0,0,0,0,0,0,1,"exp_compl, imp_compl",1
Korea,1974,0,0,0,0,0,0,0,0,1,"exp_compl, imp_compl",1
Korea,1975,0,0,0,0,0,0,0,0,1,"exp_compl, imp_compl",1
Korea,1976,0,0,0,0,0,0,0,0,1,"exp_compl, imp_compl",1
Korea,1977,0,0,0,0,0,0,0,0,1,"exp_compl, imp_compl",1
Korea,1978,0,0,0,0,0,0,0,0,1,"exp_compl, imp_compl",1
Korea,1979,0,0,0,0,0,0,0,0,1,"exp_compl, imp_compl",1
Korea,1980,0,0,0,0,0,0,0,0,1,"exp_compl, imp_compl",1
Korea,1981,0,0,0,0,0,0,0,0,1,"exp_compl, imp_compl",1
Korea,1982,0,0,0,0,0,0,0,0,1,"exp_compl, imp_compl",1
Korea,1983,0,0,0,0,0,0,0,0,1,"exp_compl, imp_compl",1
Korea,1984,0,0,0,0,0,0,0,0,1,"exp_compl, imp_compl",1
Korea,1985,0,0,0,0,0,0,0,0,1,"exp_compl, imp_compl",1
Korea,1986,0,0,0,0,0,0,0,0,1,"exp_compl, imp_compl",1
Korea,1987,0,0,0,0,0,0,0,0,1,"exp_compl, imp_compl",1
Korea,1988,0,0,0,0,0,0,0,0,1,"exp_compl, imp_compl",1
Korea,1989,0,0,0,0,0,0,0,0,1,"exp_compl, imp_compl",1
Korea,1990,0,0,0,0,0,0,0,0,1,"exp_compl, imp_compl",1
Korea,1991,0,0,0,0,0,0,0,0,1,"exp_compl, imp_compl",1
Korea,1992,0,0,0,0,0,0,0,0,1,"exp_compl, imp_compl",1
Korea,1993,0,0,0,0,0,0,0,0,1,"exp_compl, imp_compl",1
Korea,1994,0,0,0,0,0,0,0,0,1,"exp_compl, imp_compl",1
Korea,1995,0,0,0,0,0,0,0,0,1,"exp_compl, imp_compl",1
Korea,1996,0,0,0,0,0,0,0,0,1,"exp_compl, imp_compl",1
Korea,1997,0,0,0,0,0,0,0,0,1,"exp_compl, imp_compl",1
Korea,1998,0,0,0,0,0,0,0,0,1,"exp_compl, imp_compl",1
Korea,1999,0,0,0,0,0,0,0,0,1,"exp_compl, imp_compl",1
Korea,2000,0,0,0,0,0,0,0,0,1,"exp_compl, imp_compl",1
Korea,2001,0,0,0,0,0,0,0,0,1,"exp_compl, imp_compl",1
Korea,2002,0,0,0,0,0,0,0,0,1,"exp_compl, imp_compl; exp_part",1
Korea,2003,0,0,0,0,0,0,0,0,1,"exp_compl, imp_compl; exp_part",1
Korea,2004,0,0,0,0,0,0,0,0,1,"exp_compl, imp_compl; exp_part",1
Korea,2005,0,0,0,0,0,0,0,0,1,"exp_compl, imp_compl; exp_part",1
Korea,2006,1,0,1,0,1,0,0,0,1,"exp_compl, imp_compl; exp_part; exp_part, imp_part; imp_compl",1
Korea,2007,1,0,1,0,1,0,0,0,1,"exp_compl, imp_compl; exp_part; exp_part, imp_part; imp_compl",1
Korea,2008,1,0,1,0,1,0,0,0,1,"exp_compl, imp_compl; exp_part; exp_part, imp_part; imp_compl",1
Korea,2009,1,0,1,0,1,0,0,0,1,"exp_compl; exp_part; exp_part, imp_part; imp_compl",1
Korea,2010,1,0,1,0,1,0,0,0,1,"exp_compl; exp_part; exp_part, imp_part; imp_compl",1
Korea,2011,1,1,1,0,1,0,0,0,1,"exp_compl; exp_compl, imp_compl; exp_part; exp_part, imp_part; imp_compl",1
Korea,2012,1,1,1,0,1,0,0,0,1,"exp_compl; exp_compl, imp_compl; exp_part; exp_part, imp_part; imp_compl",1
Korea,2013,1,1,1,0,1,0,0,0,1,"exp_compl; exp_compl, imp_compl; exp_part; exp_part, imp_part; imp_compl",1
Korea,2014,1,1,1,0,1,0,0,0,1,"exp_compl; exp_compl, imp_compl; exp_part; exp_part, imp_part; imp_compl",1
Korea,2015,1,1,1,0,1,0,0,0,1,"exp_compl; exp_compl, imp_compl; exp_part; exp_part, imp_part; imp_compl",1
Korea,2016,1,1,1,0,1,0,0,0,1,"exp_compl; exp_compl, imp_compl; exp_part; exp_part, imp_part; imp_compl",1
Korea,2017,1,1,1,0,1,0,0,0,1,"exp_compl; exp_compl, imp_compl; exp_part; exp_part, imp_part; imp_compl",1
Korea,2018,1,1,1,0,1,0,0,0,1,"exp_compl; exp_compl, imp_compl; exp_part; exp_part, imp_part; imp_compl",1
Korea,2019,1,1,1,0,1,0,0,0,1,"exp_compl; exp_compl, imp_compl; exp_part; exp_part, imp_part; imp_compl",1
Korea,2020,1,1,1,0,1,0,0,0,1,"exp_compl; exp_compl, imp_compl; exp_part; exp_part, imp_part; imp_compl",1
Korea,2021,1,1,1,0,1,0,0,0,1,"exp_compl; exp_compl, imp_compl; exp_part; exp_part, imp_part; imp_compl",1
Korea,2022,1,1,1,0,1,0,0,0,1,"exp_compl; exp_compl, imp_compl; exp_part; exp_part, imp_part; imp_compl",1
Kuwait,1950,0,0,0,0,0,0,0,0,0,,0
Kuwait,1951,0,0,0,0,0,0,0,0,0,,0
Kuwait,1952,0,0,0,0,0,0,0,0,0,,0
Kuwait,1953,0,0,0,0,0,0,0,0,0,,0
Kuwait,1954,0,0,0,0,0,0,0,0,0,,0
Kuwait,1955,0,0,0,0,0,0,0,0,0,,0
Kuwait,1956,0,0,0,0,0,0,0,0,0,,0
Kuwait,1957,0,0,0,0,0,0,0,0,0,,0
Kuwait,1958,0,0,0,0,0,0,0,0,0,,0
Kuwait,1959,0,0,0,0,0,0,0,0,0,,0
Kuwait,1960,0,0,0,0,0,0,0,0,0,,0
Kuwait,1961,0,0,0,0,0,0,0,0,0,,0
Kuwait,1962,0,0,0,0,0,0,0,0,0,,0
Kuwait,1963,0,0,0,0,0,0,0,0,0,,0
Kuwait,1964,0,0,0,0,0,0,0,0,0,,0
Kuwait,1965,0,0,0,0,0,0,0,0,0,,0
Kuwait,1966,0,0,0,0,0,0,0,0,0,,0
Kuwait,1967,0,0,0,0,0,0,0,0,0,,0
Kuwait,1968,0,0,0,0,0,0,0,0,0,,0
Kuwait,1969,0,0,0,0,0,0,0,0,0,,0
Kuwait,1970,0,0,0,0,0,0,0,0,0,,0
Kuwait,1971,0,0,0,0,0,0,0,0,0,,0
Kuwait,1972,0,0,0,0,0,0,0,0,0,,0
Kuwait,1973,0,0,0,0,0,0,0,0,0,,0
Kuwait,1974,0,0,0,0,0,0,0,0,0,,0
Kuwait,1975,0,0,0,0,0,0,0,0,0,,0
Kuwait,1976,0,0,0,0,0,0,0,0,0,,0
Kuwait,1977,0,0,0,0,0,0,0,0,0,,0
Kuwait,1978,0,0,0,0,0,0,0,0,0,,0
Kuwait,1979,0,0,0,0,0,0,0,0,0,,0
Kuwait,1980,0,0,0,0,0,0,0,0,0,,0
Kuwait,1981,0,0,0,0,0,0,0,0,0,,0
Kuwait,1982,0,0,0,0,0,0,0,0,0,,0
Kuwait,1983,0,0,0,0,0,0,0,0,0,,0
Kuwait,1984,0,0,0,0,0,0,0,0,0,,0
Kuwait,1985,0,0,0,0,0,0,0,0,0,,0
Kuwait,1986,0,0,0,0,0,0,0,0,0,,0
Kuwait,1987,0,0,0,0,0,0,0,0,0,,0
Kuwait,1988,0,0,0,0,0,0,0,0,0,,0
Kuwait,1989,0,0,0,0,0,0,0,0,0,,0
Kuwait,1990,0,0,0,0,1,0,0,0,1,"exp_compl, imp_part; exp_part, imp_part",1
Kuwait,1991,0,0,0,0,1,0,0,0,1,"exp_compl, imp_part; exp_part, imp_part",1
Kuwait,1992,0,0,0,0,0,0,0,0,0,,0
Kuwait,1993,0,0,0,0,0,0,0,0,0,,0
Kuwait,1994,0,0,0,0,0,0,0,0,0,,0
Kuwait,1995,0,0,0,0,0,0,0,0,0,,0
Kuwait,1996,0,0,0,0,0,0,0,0,0,,0
Kuwait,1997,0,0,0,0,0,0,0,0,0,,0
Kuwait,1998,0,0,0,0,0,0,0,0,0,,0
Kuwait,1999,0,0,0,0,0,0,0,0,0,,0
Kuwait,2000,0,0,0,0,0,0,0,0,0,,0
Kuwait,2001,0,0,0,0,0,0,0,0,0,,0
Kuwait,2002,0,0,0,0,0,0,0,0,0,,0
Kuwait,2003,0,0,0,0,0,0,0,0,0,,0
Kuwait,2004,0,0,0,0,0,0,0,0,0,,0
Kuwait,2005,0,0,0,0,0,0,0,0,0,,0
Kuwait,2006,0,0,0,0,0,0,0,0,0,,0
Kuwait,2007,0,0,0,0,0,0,0,0,0,,0
Kuwait,2008,0,0,0,0,0,0,0,0,0,,0
Kuwait,2009,0,0,0,0,0,0,0,0,0,,0
Kuwait,2010,0,0,0,0,0,0,0,0,0,,0
Kuwait,2011,0,0,0,0,0,0,0,0,0,,0
Kuwait,2012,0,0,0,0,0,0,0,0,0,,0
Kuwait,2013,0,0,0,0,0,0,0,0,0,,0
Kuwait,2014,0,0,0,0,0,0,0,0,0,,0
Kuwait,2015,0,0,0,0,0,0,0,0,0,,0
Kuwait,2016,0,0,0,0,0,0,0,0,0,,0
Kuwait,2017,0,0,0,0,0,0,0,0,0,,0
Kuwait,2018,0,0,0,0,0,0,0,0,0,,0
Kuwait,2019,0,0,0,0,0,0,0,0,0,,0
Kuwait,2020,0,0,0,0,0,0,0,0,0,,0
Kuwait,2021,0,0,0,0,0,0,0,0,1,"exp_part, imp_part",1
Kuwait,2022,0,0,0,0,0,0,0,0,1,"exp_part, imp_part",1
Kyrgyzstan,1950,0,0,0,0,0,0,0,0,0,,0
Kyrgyzstan,1951,0,0,0,0,0,0,0,0,0,,0
Kyrgyzstan,1952,0,0,0,0,0,0,0,0,0,,0
Kyrgyzstan,1953,0,0,0,0,0,0,0,0,0,,0
Kyrgyzstan,1954,0,0,0,0,0,0,0,0,0,,0
Kyrgyzstan,1955,0,0,0,0,0,0,0,0,0,,0
Kyrgyzstan,1956,0,0,0,0,0,0,0,0,0,,0
Kyrgyzstan,1957,0,0,0,0,0,0,0,0,0,,0
Kyrgyzstan,1958,0,0,0,0,0,0,0,0,0,,0
Kyrgyzstan,1959,0,0,0,0,0,0,0,0,0,,0
Kyrgyzstan,1960,0,0,0,0,0,0,0,0,0,,0
Kyrgyzstan,1961,0,0,0,0,0,0,0,0,0,,0
Kyrgyzstan,1962,0,0,0,0,0,0,0,0,0,,0
Kyrgyzstan,1963,0,0,0,0,0,0,0,0,0,,0
Kyrgyzstan,1964,0,0,0,0,0,0,0,0,0,,0
Kyrgyzstan,1965,0,0,0,0,0,0,0,0,0,,0
Kyrgyzstan,1966,0,0,0,0,0,0,0,0,0,,0
Kyrgyzstan,1967,0,0,0,0,0,0,0,0,0,,0
Kyrgyzstan,1968,0,0,0,0,0,0,0,0,0,,0
Kyrgyzstan,1969,0,0,0,0,0,0,0,0,0,,0
Kyrgyzstan,1970,0,0,0,0,0,0,0,0,0,,0
Kyrgyzstan,1971,0,0,0,0,0,0,0,0,0,,0
Kyrgyzstan,1972,0,0,0,0,0,0,0,0,0,,0
Kyrgyzstan,1973,0,0,0,0,0,0,0,0,0,,0
Kyrgyzstan,1974,0,0,0,0,0,0,0,0,0,,0
Kyrgyzstan,1975,0,0,0,0,0,0,0,0,0,,0
Kyrgyzstan,1976,0,0,0,0,0,0,0,0,0,,0
Kyrgyzstan,1977,0,0,0,0,0,0,0,0,0,,0
Kyrgyzstan,1978,0,0,0,0,0,0,0,0,0,,0
Kyrgyzstan,1979,0,0,0,0,0,0,0,0,0,,0
Kyrgyzstan,1980,0,0,0,0,0,0,0,0,0,,0
Kyrgyzstan,1981,0,0,0,0,0,0,0,0,0,,0
Kyrgyzstan,1982,0,0,0,0,0,0,0,0,0,,0
Kyrgyzstan,1983,0,0,0,0,0,0,0,0,0,,0
Kyrgyzstan,1984,0,0,0,0,0,0,0,0,0,,0
Kyrgyzstan,1985,0,0,0,0,0,0,0,0,0,,0
Kyrgyzstan,1986,0,0,0,0,0,0,0,0,0,,0
Kyrgyzstan,1987,0,0,0,0,0,0,0,0,0,,0
Kyrgyzstan,1988,0,0,0,0,0,0,0,0,0,,0
Kyrgyzstan,1989,0,0,0,0,0,0,0,0,0,,0
Kyrgyzstan,1990,0,0,0,0,0,0,0,0,0,,0
Kyrgyzstan,1991,0,0,0,0,0,0,0,0,0,,0
Kyrgyzstan,1992,0,0,0,0,0,0,0,0,0,,0
Kyrgyzstan,1993,0,0,0,0,0,0,0,0,0,,0
Kyrgyzstan,1994,0,0,0,0,0,0,0,0,0,,0
Kyrgyzstan,1995,0,0,0,0,0,0,0,0,0,,0
Kyrgyzstan,1996,0,0,0,0,0,0,0,0,0,,0
Kyrgyzstan,1997,0,0,0,0,0,0,0,0,0,,0
Kyrgyzstan,1998,0,0,0,0,0,0,0,0,0,,0
Kyrgyzstan,1999,0,0,0,0,0,0,0,0,0,,0
Kyrgyzstan,2000,0,0,0,0,0,0,0,0,0,,0
Kyrgyzstan,2001,0,0,0,0,0,0,0,0,0,,0
Kyrgyzstan,2002,0,0,0,0,0,0,0,0,0,,0
Kyrgyzstan,2003,0,0,0,0,0,0,0,0,0,,0
Kyrgyzstan,2004,0,0,0,0,0,0,0,0,0,,0
Kyrgyzstan,2005,0,0,0,0,0,0,0,0,0,,0
Kyrgyzstan,2006,0,0,0,0,0,0,0,0,0,,0
Kyrgyzstan,2007,0,0,0,0,0,0,0,0,0,,0
Kyrgyzstan,2008,0,0,0,0,0,0,0,0,0,,0
Kyrgyzstan,2009,0,0,0,0,0,0,0,0,0,,0
Kyrgyzstan,2010,0,0,0,0,0,0,0,0,0,,0
Kyrgyzstan,2011,0,0,0,0,0,0,0,0,0,,0
Kyrgyzstan,2012,0,0,0,0,0,0,0,0,0,,0
Kyrgyzstan,2013,0,0,0,0,0,0,0,0,0,,0
Kyrgyzstan,2014,0,0,0,0,0,0,0,0,0,,0
Kyrgyzstan,2015,0,0,0,0,0,0,0,0,0,,0
Kyrgyzstan,2016,0,0,0,0,0,0,0,0,0,,0
Kyrgyzstan,2017,0,0,0,0,0,0,0,0,0,,0
Kyrgyzstan,2018,0,0,0,0,0,0,0,0,0,,0
Kyrgyzstan,2019,0,0,0,0,0,0,0,0,0,,0
Kyrgyzstan,2020,0,0,0,0,0,0,0,0,1,"exp_part, imp_part",1
Kyrgyzstan,2021,0,0,0,0,0,0,0,0,1,"exp_part, imp_part",1
Kyrgyzstan,2022,0,0,0,0,0,0,0,0,1,"exp_part, imp_part",1
Latvia,1950,0,0,0,0,0,0,0,0,0,,0
Latvia,1951,0,0,0,0,0,0,0,0,0,,0
Latvia,1952,0,0,0,0,0,0,0,0,0,,0
Latvia,1953,0,0,0,0,0,0,0,0,0,,0
Latvia,1954,0,0,0,0,0,0,0,0,0,,0
Latvia,1955,0,0,0,0,0,0,0,0,0,,0
Latvia,1956,0,0,0,0,0,0,0,0,0,,0
Latvia,1957,0,0,0,0,0,0,0,0,0,,0
Latvia,1958,0,0,0,0,0,0,0,0,0,,0
Latvia,1959,0,0,0,0,0,0,0,0,0,,0
Latvia,1960,0,0,0,0,0,0,0,0,0,,0
Latvia,1961,0,0,0,0,0,0,0,0,0,,0
Latvia,1962,0,0,0,0,0,0,0,0,0,,0
Latvia,1963,0,0,0,0,0,0,0,0,0,,0
Latvia,1964,0,0,0,0,0,0,0,0,0,,0
Latvia,1965,0,0,0,0,0,0,0,0,0,,0
Latvia,1966,0,0,0,0,0,0,0,0,0,,0
Latvia,1967,0,0,0,0,0,0,0,0,0,,0
Latvia,1968,0,0,0,0,0,0,0,0,0,,0
Latvia,1969,0,0,0,0,0,0,0,0,0,,0
Latvia,1970,0,0,0,0,0,0,0,0,0,,0
Latvia,1971,0,0,0,0,0,0,0,0,0,,0
Latvia,1972,0,0,0,0,0,0,0,0,0,,0
Latvia,1973,0,0,0,0,0,0,0,0,0,,0
Latvia,1974,0,0,0,0,0,0,0,0,0,,0
Latvia,1975,0,0,0,0,0,0,0,0,0,,0
Latvia,1976,0,0,0,0,0,0,0,0,0,,0
Latvia,1977,0,0,0,0,0,0,0,0,0,,0
Latvia,1978,0,0,0,0,0,0,0,0,0,,0
Latvia,1979,0,0,0,0,0,0,0,0,0,,0
Latvia,1980,0,0,0,0,0,0,0,0,0,,0
Latvia,1981,0,0,0,0,0,0,0,0,0,,0
Latvia,1982,0,0,0,0,0,0,0,0,0,,0
Latvia,1983,0,0,0,0,0,0,0,0,0,,0
Latvia,1984,0,0,0,0,0,0,0,0,0,,0
Latvia,1985,0,0,0,0,0,0,0,0,0,,0
Latvia,1986,0,0,0,0,0,0,0,0,0,,0
Latvia,1987,0,0,0,0,0,0,0,0,0,,0
Latvia,1988,0,0,0,0,0,0,0,0,0,,0
Latvia,1989,0,0,0,0,0,0,0,0,0,,0
Latvia,1990,0,0,0,0,0,0,0,0,0,,0
Latvia,1991,0,0,0,0,0,0,0,0,0,,0
Latvia,1992,0,0,0,0,0,1,0,0,0,"exp_part, imp_part",1
Latvia,1993,0,0,0,0,0,1,0,0,0,"exp_part, imp_part",1
Latvia,1994,0,0,0,0,0,1,0,0,0,"exp_part, imp_part",1
Latvia,1995,0,0,0,0,0,1,0,0,0,"exp_part, imp_part",1
Latvia,1996,0,0,0,0,0,1,0,0,0,"exp_part, imp_part",1
Latvia,1997,0,0,0,0,0,1,0,0,0,"exp_part, imp_part",1
Latvia,1998,0,0,0,0,0,1,0,0,0,"exp_part, imp_part",1
Latvia,1999,0,0,0,0,0,0,0,0,0,,0
Latvia,2000,0,0,0,0,0,0,0,0,0,,0
Latvia,2001,0,0,0,0,0,0,0,0,0,,0
Latvia,2002,0,0,0,0,0,0,0,0,0,,0
Latvia,2003,0,0,0,0,0,0,0,0,0,,0
Latvia,2004,0,0,0,0,0,0,0,0,0,,0
Latvia,2005,0,0,0,0,0,0,0,0,0,,0
Latvia,2006,0,0,0,0,0,0,0,0,0,,0
Latvia,2007,0,0,0,0,0,0,0,0,0,,0
Latvia,2008,0,0,0,0,0,0,0,0,0,,0
Latvia,2009,0,0,0,0,0,0,0,0,0,,0
Latvia,2010,0,0,0,0,0,0,0,0,0,,0
Latvia,2011,0,0,0,0,0,0,0,0,0,,0
Latvia,2012,0,0,0,0,0,0,0,0,0,,0
Latvia,2013,0,0,0,0,0,0,0,0,0,,0
Latvia,2014,0,0,0,0,0,0,0,0,0,,0
Latvia,2015,0,0,0,0,0,0,0,0,0,,0
Latvia,2016,0,0,0,0,0,0,0,0,0,,0
Latvia,2017,0,0,0,0,0,0,0,0,0,,0
Latvia,2018,0,0,0,0,0,0,0,0,0,,0
Latvia,2019,0,0,0,0,0,0,0,0,1,"exp_part, imp_part",1
Latvia,2020,0,0,0,0,0,0,0,0,1,"exp_part, imp_part",1
Latvia,2021,0,0,0,0,0,0,0,0,1,"exp_part, imp_part",1
Latvia,2022,0,0,0,0,0,0,0,0,1,"exp_part, imp_part",1
Lebanon,1950,0,0,0,0,0,0,0,0,0,,0
Lebanon,1951,0,0,0,0,0,0,0,0,0,,0
Lebanon,1952,0,0,0,0,0,0,0,0,0,,0
Lebanon,1953,0,0,0,0,0,0,0,0,0,,0
Lebanon,1954,0,0,0,0,0,0,0,0,0,,0
Lebanon,1955,0,0,0,0,0,0,0,0,0,,0
Lebanon,1956,0,0,0,0,0,0,0,0,0,,0
Lebanon,1957,0,0,0,0,0,0,0,0,0,,0
Lebanon,1958,0,0,0,0,0,0,0,0,0,,0
Lebanon,1959,0,0,0,0,0,0,0,0,0,,0
Lebanon,1960,0,0,0,0,0,0,0,0,0,,0
Lebanon,1961,0,0,0,0,0,0,0,0,0,,0
Lebanon,1962,0,0,0,0,0,0,0,0,0,,0
Lebanon,1963,0,0,0,0,0,0,0,0,0,,0
Lebanon,1964,0,0,0,0,0,0,0,0,0,,0
Lebanon,1965,0,0,0,0,0,0,0,0,0,,0
Lebanon,1966,0,0,0,0,0,0,0,0,0,,0
Lebanon,1967,0,0,0,0,0,0,0,0,0,,0
Lebanon,1968,0,0,0,0,0,0,0,0,0,,0
Lebanon,1969,0,0,0,0,0,0,0,0,0,,0
Lebanon,1970,0,0,0,0,0,0,0,0,0,,0
Lebanon,1971,0,0,0,0,0,0,0,0,0,,0
Lebanon,1972,0,0,0,0,0,0,0,0,0,,0
Lebanon,1973,0,0,0,0,0,0,0,0,0,,0
Lebanon,1974,0,0,0,0,0,0,0,0,0,,0
Lebanon,1975,0,0,0,0,0,0,0,0,0,,0
Lebanon,1976,0,0,0,0,0,0,0,0,0,,0
Lebanon,1977,0,0,0,0,0,0,0,0,0,,0
Lebanon,1978,0,0,0,0,0,0,0,0,0,,0
Lebanon,1979,0,0,0,0,0,0,0,0,0,,0
Lebanon,1980,0,0,0,0,0,0,0,0,0,,0
Lebanon,1981,0,0,0,0,0,0,0,0,0,,0
Lebanon,1982,0,0,0,0,0,0,0,0,0,,0
Lebanon,1983,0,0,0,0,0,0,0,0,0,,0
Lebanon,1984,0,0,0,0,0,0,0,0,0,,0
Lebanon,1985,0,0,0,0,0,0,0,0,0,,0
Lebanon,1986,0,0,0,0,0,0,0,0,0,,0
Lebanon,1987,0,0,0,0,0,0,0,0,0,,0
Lebanon,1988,0,0,0,0,0,0,0,0,0,,0
Lebanon,1989,0,0,0,0,0,0,0,0,0,,0
Lebanon,1990,0,0,0,0,0,0,0,0,0,,0
Lebanon,1991,0,0,0,0,0,0,0,0,0,,0
Lebanon,1992,0,0,0,0,0,0,0,0,0,,0
Lebanon,1993,0,0,0,0,0,0,0,0,0,,0
Lebanon,1994,0,0,0,0,0,0,0,0,0,,0
Lebanon,1995,0,0,0,0,0,0,0,0,0,,0
Lebanon,1996,0,0,0,0,0,0,0,0,0,,0
Lebanon,1997,0,0,0,0,0,0,0,0,0,,0
Lebanon,1998,0,0,0,0,0,0,0,0,0,,0
Lebanon,1999,0,0,0,0,0,0,0,0,0,,0
Lebanon,2000,0,0,0,0,0,0,0,0,0,,0
Lebanon,2001,0,0,0,0,0,0,0,0,0,,0
Lebanon,2002,0,0,0,0,0,0,0,0,0,,0
Lebanon,2003,0,0,0,0,0,0,0,0,0,,0
Lebanon,2004,0,0,0,0,0,0,0,0,0,,0
Lebanon,2005,0,0,0,0,0,0,0,0,0,,0
Lebanon,2006,0,0,0,0,0,0,0,0,0,,0
Lebanon,2007,0,0,0,0,0,0,0,0,0,,0
Lebanon,2008,0,0,0,0,0,0,0,0,0,,0
Lebanon,2009,0,0,0,0,0,0,0,0,0,,0
Lebanon,2010,0,0,0,0,0,0,0,0,0,,0
Lebanon,2011,0,0,0,0,0,0,0,0,0,,0
Lebanon,2012,0,0,0,0,0,0,0,0,0,,0
Lebanon,2013,0,0,0,0,0,0,0,0,0,,0
Lebanon,2014,0,0,0,0,0,0,0,0,0,,0
Lebanon,2015,0,0,0,0,0,0,0,0,0,,0
Lebanon,2016,0,0,0,0,0,0,0,0,0,,0
Lebanon,2017,0,0,0,0,0,0,0,0,0,,0
Lebanon,2018,0,0,0,0,0,0,0,0,1,"exp_part, imp_part",1
Lebanon,2019,0,0,0,0,0,0,0,0,1,"exp_part, imp_part",1
Lebanon,2020,0,0,0,0,0,0,0,0,1,"exp_part, imp_part",1
Lebanon,2021,0,0,0,0,0,0,0,0,1,"exp_part, imp_part",1
Lebanon,2022,0,0,0,0,0,0,0,0,1,"exp_part, imp_part",1
Lesotho,1950,0,0,0,0,0,0,0,0,0,,0
Lesotho,1951,0,0,0,0,0,0,0,0,0,,0
Lesotho,1952,0,0,0,0,0,0,0,0,0,,0
Lesotho,1953,0,0,0,0,0,0,0,0,0,,0
Lesotho,1954,0,0,0,0,0,0,0,0,0,,0
Lesotho,1955,0,0,0,0,0,0,0,0,0,,0
Lesotho,1956,0,0,0,0,0,0,0,0,0,,0
Lesotho,1957,0,0,0,0,0,0,0,0,0,,0
Lesotho,1958,0,0,0,0,0,0,0,0,0,,0
Lesotho,1959,0,0,0,0,0,0,0,0,0,,0
Lesotho,1960,0,0,0,0,0,0,0,0,0,,0
Lesotho,1961,0,0,0,0,0,0,0,0,0,,0
Lesotho,1962,0,0,0,0,0,0,0,0,0,,0
Lesotho,1963,0,0,0,0,0,0,0,0,0,,0
Lesotho,1964,0,0,0,0,0,0,0,0,0,,0
Lesotho,1965,0,0,0,0,0,0,0,0,0,,0
Lesotho,1966,0,0,0,0,0,0,0,0,0,,0
Lesotho,1967,0,0,0,0,0,0,0,0,0,,0
Lesotho,1968,0,0,0,0,0,0,0,0,0,,0
Lesotho,1969,0,0,0,0,0,0,0,0,0,,0
Lesotho,1970,0,0,0,0,0,0,0,0,0,,0
Lesotho,1971,0,0,0,0,0,0,0,0,0,,0
Lesotho,1972,0,0,0,0,0,0,0,0,0,,0
Lesotho,1973,0,0,0,0,0,0,0,0,0,,0
Lesotho,1974,0,0,0,0,0,0,0,0,0,,0
Lesotho,1975,0,0,0,0,0,0,0,0,0,,0
Lesotho,1976,0,0,0,0,0,0,0,0,0,,0
Lesotho,1977,0,0,0,0,0,0,0,0,0,,0
Lesotho,1978,0,0,0,0,0,0,0,0,0,,0
Lesotho,1979,0,0,0,0,0,0,0,0,0,,0
Lesotho,1980,0,0,0,0,0,0,0,0,0,,0
Lesotho,1981,0,0,0,0,0,0,0,0,0,,0
Lesotho,1982,0,0,0,0,0,0,0,0,0,,0
Lesotho,1983,0,0,0,0,0,0,0,0,0,,0
Lesotho,1984,0,0,0,0,0,0,0,0,0,,0
Lesotho,1985,0,0,0,0,0,0,0,0,0,,0
Lesotho,1986,0,0,0,0,0,0,0,0,0,,0
Lesotho,1987,0,0,0,0,0,0,0,0,0,,0
Lesotho,1988,0,0,0,0,0,0,0,0,0,,0
Lesotho,1989,0,0,0,0,0,0,0,0,0,,0
Lesotho,1990,0,0,0,0,0,0,0,0,0,,0
Lesotho,1991,0,0,0,0,0,0,0,0,0,,0
Lesotho,1992,0,0,0,0,0,0,0,0,0,,0
Lesotho,1993,0,0,0,0,0,0,0,0,0,,0
Lesotho,1994,0,0,0,0,0,0,0,0,0,,0
Lesotho,1995,0,0,0,0,0,0,0,0,0,,0
Lesotho,1996,0,0,0,0,0,0,0,0,0,,0
Lesotho,1997,0,0,0,0,0,0,0,0,0,,0
Lesotho,1998,0,0,0,0,0,0,0,0,0,,0
Lesotho,1999,0,0,0,0,0,0,0,0,0,,0
Lesotho,2000,0,0,0,0,0,0,0,0,0,,0
Lesotho,2001,0,0,0,0,0,0,0,0,0,,0
Lesotho,2002,0,0,0,0,0,0,0,0,0,,0
Lesotho,2003,0,0,0,0,0,0,0,0,0,,0
Lesotho,2004,0,0,0,0,0,0,0,0,0,,0
Lesotho,2005,0,0,0,0,0,0,0,0,0,,0
Lesotho,2006,0,0,0,0,0,0,0,0,0,,0
Lesotho,2007,0,0,0,0,0,0,0,0,0,,0
Lesotho,2008,0,0,0,0,0,0,0,0,0,,0
Lesotho,2009,0,0,0,0,0,0,0,0,0,,0
Lesotho,2010,0,0,0,0,0,0,0,0,0,,0
Lesotho,2011,0,0,0,0,0,0,0,0,0,,0
Lesotho,2012,0,0,0,0,0,0,0,0,0,,0
Lesotho,2013,0,0,0,0,0,0,0,0,0,,0
Lesotho,2014,0,0,0,0,0,0,0,0,0,,0
Lesotho,2015,0,0,0,0,0,0,0,0,0,,0
Lesotho,2016,0,0,0,0,0,0,0,0,0,,0
Lesotho,2017,0,0,0,0,0,0,0,0,0,,0
Lesotho,2018,0,0,0,0,0,0,0,0,0,,0
Lesotho,2019,0,0,0,0,0,0,0,0,0,,0
Lesotho,2020,0,0,0,0,0,0,0,0,1,"exp_part, imp_part",1
Lesotho,2021,0,0,0,0,0,0,0,0,1,"exp_part, imp_part",1
Lesotho,2022,0,0,0,0,0,0,0,0,0,,0
Liberia,1950,0,0,0,0,0,0,0,0,0,,0
Liberia,1951,0,0,0,0,0,0,0,0,0,,0
Liberia,1952,0,0,0,0,0,0,0,0,0,,0
Liberia,1953,0,0,0,0,0,0,0,0,0,,0
Liberia,1954,0,0,0,0,0,0,0,0,0,,0
Liberia,1955,0,0,0,0,0,0,0,0,0,,0
Liberia,1956,0,0,0,0,0,0,0,0,0,,0
Liberia,1957,0,0,0,0,0,0,0,0,0,,0
Liberia,1958,0,0,0,0,0,0,0,0,0,,0
Liberia,1959,0,0,0,0,0,0,0,0,0,,0
Liberia,1960,0,0,0,0,0,0,0,0,0,,0
Liberia,1961,0,0,0,0,0,0,0,0,0,,0
Liberia,1962,0,0,0,0,0,0,0,0,0,,0
Liberia,1963,0,0,0,0,0,0,0,0,0,,0
Liberia,1964,0,0,0,0,0,0,0,0,0,,0
Liberia,1965,0,0,0,0,0,0,0,0,0,,0
Liberia,1966,0,0,0,0,0,0,0,0,0,,0
Liberia,1967,0,0,0,0,0,0,0,0,0,,0
Liberia,1968,0,0,0,0,0,0,0,0,0,,0
Liberia,1969,0,0,0,0,0,0,0,0,0,,0
Liberia,1970,0,0,0,0,0,0,0,0,0,,0
Liberia,1971,0,0,0,0,0,0,0,0,0,,0
Liberia,1972,0,0,0,0,0,0,0,0,0,,0
Liberia,1973,0,0,0,0,0,0,0,0,0,,0
Liberia,1974,0,0,0,0,0,0,0,0,0,,0
Liberia,1975,0,0,0,0,0,0,0,0,0,,0
Liberia,1976,0,0,0,0,0,0,0,0,0,,0
Liberia,1977,0,0,0,0,0,0,0,0,0,,0
Liberia,1978,0,0,0,0,0,0,0,0,0,,0
Liberia,1979,0,0,0,0,0,0,0,0,0,,0
Liberia,1980,0,0,0,0,0,0,0,0,0,,0
Liberia,1981,0,0,0,0,0,0,0,0,0,,0
Liberia,1982,0,0,0,0,0,0,0,0,0,,0
Liberia,1983,0,0,0,0,0,0,0,0,0,,0
Liberia,1984,0,0,0,0,0,0,0,0,0,,0
Liberia,1985,0,0,0,0,0,0,0,0,0,,0
Liberia,1986,0,0,0,0,0,0,0,0,0,,0
Liberia,1987,0,0,0,0,0,0,0,0,0,,0
Liberia,1988,0,0,0,0,0,0,0,0,0,,0
Liberia,1989,0,0,0,0,0,0,0,0,0,,0
Liberia,1990,0,0,0,0,0,0,0,0,0,,0
Liberia,1991,0,0,0,0,0,0,0,0,0,,0
Liberia,1992,0,0,0,0,0,0,0,0,0,,0
Liberia,1993,0,0,0,0,0,0,0,0,0,,0
Liberia,1994,0,0,0,0,0,0,0,0,0,,0
Liberia,1995,0,0,0,0,0,0,0,0,0,,0
Liberia,1996,0,0,0,0,0,0,0,0,0,,0
Liberia,1997,0,0,0,0,0,0,0,0,0,,0
Liberia,1998,0,0,0,0,0,0,0,0,0,,0
Liberia,1999,0,0,0,0,0,0,0,0,0,,0
Liberia,2000,0,0,0,0,0,0,0,0,0,,0
Liberia,2001,0,0,1,0,0,0,0,0,0,imp_part,1
Liberia,2002,0,0,1,0,0,0,0,0,0,imp_part,1
Liberia,2003,0,0,1,0,0,0,0,0,0,imp_part,1
Liberia,2004,0,0,1,0,0,0,0,0,1,"exp_part, imp_part; imp_part",1
Liberia,2005,0,0,1,0,0,0,0,0,1,"exp_part, imp_part; imp_part",1
Liberia,2006,0,0,1,0,0,0,0,0,1,"exp_part, imp_part; imp_part",1
Liberia,2007,0,0,1,0,0,0,0,0,1,"exp_part, imp_part; imp_part",1
Liberia,2008,0,0,1,0,0,0,0,0,1,"exp_part, imp_part; imp_part",1
Liberia,2009,0,0,1,0,0,0,0,0,1,"exp_part, imp_part; imp_part",1
Liberia,2010,0,0,1,0,0,0,0,0,1,"exp_part, imp_part; imp_part",1
Liberia,2011,0,0,1,0,0,0,0,0,1,"exp_part, imp_part; imp_part",1
Liberia,2012,0,0,1,0,0,0,0,0,1,"exp_part, imp_part; imp_part",1
Liberia,2013,0,0,1,0,0,0,0,0,1,"exp_part, imp_part; imp_part",1
Liberia,2014,0,0,1,0,0,0,0,0,1,"exp_part, imp_part; imp_part",1
Liberia,2015,0,0,1,0,0,0,0,0,1,"exp_part, imp_part; imp_part",1
Liberia,2016,0,0,1,0,0,0,0,0,0,imp_part,1
Liberia,2017,0,0,0,0,0,0,0,0,0,,0
Liberia,2018,0,0,0,0,0,0,0,0,0,,0
Liberia,2019,0,0,0,0,0,0,0,0,0,,0
Liberia,2020,0,0,0,0,0,0,0,0,1,"exp_part, imp_part",1
Liberia,2021,0,0,0,0,0,0,0,0,1,"exp_part, imp_part",1
Liberia,2022,0,0,0,0,0,0,0,0,1,"exp_part, imp_part",1
Libya,1950,0,0,0,0,0,0,0,0,0,,0
Libya,1951,0,0,0,0,0,0,0,0,0,,0
Libya,1952,0,0,0,0,0,0,0,0,0,,0
Libya,1953,0,0,0,0,0,0,0,0,0,,0
Libya,1954,0,0,0,0,0,0,0,0,0,,0
Libya,1955,0,0,0,0,0,0,0,0,0,,0
Libya,1956,0,0,0,0,0,0,0,0,0,,0
Libya,1957,0,0,0,0,0,0,0,0,0,,0
Libya,1958,0,0,0,0,0,0,0,0,0,,0
Libya,1959,0,0,0,0,0,0,0,0,0,,0
Libya,1960,0,0,0,0,0,0,0,0,0,,0
Libya,1961,0,0,0,0,0,0,0,0,0,,0
Libya,1962,0,0,0,0,0,0,0,0,0,,0
Libya,1963,0,0,0,0,0,0,0,0,0,,0
Libya,1964,0,0,0,0,0,0,0,0,0,,0
Libya,1965,0,0,0,0,0,0,0,0,0,,0
Libya,1966,0,0,0,0,0,0,0,0,0,,0
Libya,1967,0,0,0,0,0,0,0,0,0,,0
Libya,1968,0,0,0,0,0,0,0,0,0,,0
Libya,1969,0,0,0,0,0,0,0,0,0,,0
Libya,1970,0,0,0,0,0,0,0,0,0,,0
Libya,1971,0,0,0,0,0,0,0,0,0,,0
Libya,1972,0,0,0,0,0,0,0,0,0,,0
Libya,1973,0,0,0,0,0,0,0,0,0,,0
Libya,1974,0,0,0,0,0,0,0,0,0,,0
Libya,1975,0,0,0,0,0,0,0,0,0,,0
Libya,1976,0,0,0,0,0,0,0,0,0,,0
Libya,1977,0,0,0,0,0,0,0,0,0,,0
Libya,1978,0,0,0,0,0,0,0,0,1,exp_part,1
Libya,1979,0,0,0,0,0,0,0,0,1,exp_part,1
Libya,1980,0,0,0,0,0,0,0,0,1,exp_part,1
Libya,1981,0,0,0,0,0,0,0,0,1,exp_part,1
Libya,1982,0,0,0,0,0,0,0,0,1,"exp_part; exp_part, imp_part",1
Libya,1983,0,0,0,0,0,0,0,0,1,"exp_part; exp_part, imp_part",1
Libya,1984,0,0,0,0,0,0,0,0,1,"exp_part; exp_part, imp_part",1
Libya,1985,0,0,0,0,0,0,0,0,1,"exp_part; exp_part, imp_part",1
Libya,1986,0,0,0,0,0,0,0,0,1,"exp_part; exp_part, imp_part",1
Libya,1987,0,0,0,0,0,0,0,0,1,"exp_part; exp_part, imp_part",1
Libya,1988,0,0,0,0,0,0,0,0,1,"exp_part; exp_part, imp_part",1
Libya,1989,0,0,0,0,0,0,0,0,1,"exp_part; exp_part, imp_part",1
Libya,1990,0,0,0,0,0,0,0,0,1,"exp_part; exp_part, imp_part",1
Libya,1991,0,0,0,0,0,0,0,0,1,"exp_part; exp_part, imp_part",1
Libya,1992,0,0,0,0,0,0,0,0,1,"exp_part; exp_part, imp_part",1
Libya,1993,0,0,0,0,0,0,0,0,1,"exp_part; exp_part, imp_part",1
Libya,1994,0,0,0,0,0,0,0,0,1,"exp_part; exp_part, imp_part",1
Libya,1995,0,0,0,0,0,0,0,0,1,"exp_part; exp_part, imp_part",1
Libya,1996,0,0,0,0,0,0,0,0,1,"exp_part; exp_part, imp_part",1
Libya,1997,0,0,0,0,0,0,0,0,1,"exp_part; exp_part, imp_part",1
Libya,1998,0,0,0,0,0,0,0,0,1,"exp_part; exp_part, imp_part",1
Libya,1999,0,0,0,0,0,0,0,0,1,"exp_part; exp_part, imp_part",1
Libya,2000,0,0,0,0,0,0,0,0,1,"exp_part; exp_part, imp_part",1
Libya,2001,0,0,0,0,0,0,0,0,1,"exp_part; exp_part, imp_part",1
Libya,2002,0,0,0,0,0,0,0,0,1,"exp_part; exp_part, imp_part",1
Libya,2003,0,0,0,0,0,0,0,0,1,"exp_part; exp_part, imp_part",1
Libya,2004,0,0,0,0,0,0,0,0,1,"exp_part; exp_part, imp_part",1
Libya,2005,0,0,0,0,0,0,0,0,1,exp_part,1
Libya,2006,0,0,0,0,0,0,0,0,1,exp_part,1
Libya,2007,0,0,0,0,0,0,0,0,1,exp_part,1
Libya,2008,0,0,0,0,0,0,0,0,1,exp_part,1
Libya,2009,0,0,0,0,0,0,0,0,1,exp_part,1
Libya,2010,0,0,0,0,0,0,0,0,1,exp_part,1
Libya,2011,0,1,1,0,0,0,1,0,1,"exp_part; exp_part, imp_part",1
Libya,2012,0,1,1,0,0,0,1,0,1,"exp_part; exp_part, imp_part",1
Libya,2013,0,1,1,0,0,0,1,0,1,"exp_part; exp_part, imp_part",1
Libya,2014,0,1,1,0,0,0,1,0,1,"exp_part; exp_part, imp_part",1
Libya,2015,0,1,1,0,0,0,1,0,1,"exp_part; exp_part, imp_part",1
Libya,2016,0,1,1,0,0,0,1,0,1,"exp_part; exp_part, imp_part",1
Libya,2017,0,1,1,0,0,0,1,0,1,"exp_part; exp_part, imp_part",1
Libya,2018,0,1,1,0,0,0,1,0,1,"exp_part; exp_part, imp_part",1
Libya,2019,0,1,1,0,0,0,1,0,1,"exp_part; exp_part, imp_part",1
Libya,2020,0,1,1,0,0,0,1,0,1,"exp_part; exp_part, imp_part",1
Libya,2021,0,1,1,0,0,0,1,1,1,"exp_part; exp_part, imp_part",1
Libya,2022,0,1,1,0,0,0,1,1,1,"exp_part; exp_part, imp_part",1
Liechtenstein,1950,0,0,0,0,0,0,0,0,0,,0
Liechtenstein,1951,0,0,0,0,0,0,0,0,0,,0
Liechtenstein,1952,0,0,0,0,0,0,0,0,0,,0
Liechtenstein,1953,0,0,0,0,0,0,0,0,0,,0
Liechtenstein,1954,0,0,0,0,0,0,0,0,0,,0
Liechtenstein,1955,0,0,0,0,0,0,0,0,0,,0
Liechtenstein,1956,0,0,0,0,0,0,0,0,0,,0
Liechtenstein,1957,0,0,0,0,0,0,0,0,0,,0
Liechtenstein,1958,0,0,0,0,0,0,0,0,0,,0
Liechtenstein,1959,0,0,0,0,0,0,0,0,0,,0
Liechtenstein,1960,0,0,0,0,0,0,0,0,0,,0
Liechtenstein,1961,0,0,0,0,0,0,0,0,0,,0
Liechtenstein,1962,0,0,0,0,0,0,0,0,0,,0
Liechtenstein,1963,0,0,0,0,0,0,0,0,0,,0
Liechtenstein,1964,0,0,0,0,0,0,0,0,0,,0
Liechtenstein,1965,0,0,0,0,0,0,0,0,0,,0
Liechtenstein,1966,0,0,0,0,0,0,0,0,0,,0
Liechtenstein,1967,0,0,0,0,0,0,0,0,0,,0
Liechtenstein,1968,0,0,0,0,0,0,0,0,0,,0
Liechtenstein,1969,0,0,0,0,0,0,0,0,0,,0
Liechtenstein,1970,0,0,0,0,0,0,0,0,0,,0
Liechtenstein,1971,0,0,0,0,0,0,0,0,0,,0
Liechtenstein,1972,0,0,0,0,0,0,0,0,0,,0
Liechtenstein,1973,0,0,0,0,0,0,0,0,0,,0
Liechtenstein,1974,0,0,0,0,0,0,0,0,0,,0
Liechtenstein,1975,0,0,0,0,0,0,0,0,0,,0
Liechtenstein,1976,0,0,0,0,0,0,0,0,0,,0
Liechtenstein,1977,0,0,0,0,0,0,0,0,0,,0
Liechtenstein,1978,0,0,0,0,0,0,0,0,0,,0
Liechtenstein,1979,0,0,0,0,0,0,0,0,0,,0
Liechtenstein,1980,0,0,0,0,0,0,0,0,0,,0
Liechtenstein,1981,0,0,0,0,0,0,0,0,0,,0
Liechtenstein,1982,0,0,0,0,0,0,0,0,0,,0
Liechtenstein,1983,0,0,0,0,0,0,0,0,0,,0
Liechtenstein,1984,0,0,0,0,0,0,0,0,0,,0
Liechtenstein,1985,0,0,0,0,0,0,0,0,0,,0
Liechtenstein,1986,0,0,0,0,0,0,0,0,0,,0
Liechtenstein,1987,0,0,0,0,0,0,0,0,0,,0
Liechtenstein,1988,0,0,0,0,0,0,0,0,0,,0
Liechtenstein,1989,0,0,0,0,0,0,0,0,0,,0
Liechtenstein,1990,0,0,0,0,0,0,0,0,0,,0
Liechtenstein,1991,0,0,0,0,0,0,0,0,0,,0
Liechtenstein,1992,0,0,0,0,0,0,0,0,0,,0
Liechtenstein,1993,0,0,0,0,0,0,0,0,0,,0
Liechtenstein,1994,0,0,0,0,0,0,0,0,0,,0
Liechtenstein,1995,0,0,0,0,0,0,0,0,0,,0
Liechtenstein,1996,0,0,0,0,0,0,0,0,0,,0
Liechtenstein,1997,0,0,0,0,0,0,0,0,0,,0
Liechtenstein,1998,0,0,0,0,0,0,0,0,0,,0
Liechtenstein,1999,0,0,0,0,0,0,0,0,0,,0
Liechtenstein,2000,0,0,0,0,0,0,0,0,0,,0
Liechtenstein,2001,0,0,0,0,0,0,0,0,0,,0
Liechtenstein,2002,0,0,0,0,0,0,0,0,0,,0
Liechtenstein,2003,0,0,0,0,0,0,0,0,0,,0
Liechtenstein,2004,0,0,0,0,0,0,0,0,0,,0
Liechtenstein,2005,0,0,0,0,0,0,0,0,0,,0
Liechtenstein,2006,0,0,0,0,0,0,0,0,0,,0
Liechtenstein,2007,0,0,0,0,0,0,0,0,0,,0
Liechtenstein,2008,0,0,0,0,0,0,0,0,0,,0
Liechtenstein,2009,0,0,0,0,0,0,0,0,0,,0
Liechtenstein,2010,0,0,0,0,0,0,0,0,0,,0
Liechtenstein,2011,0,0,0,0,0,0,0,0,0,,0
Liechtenstein,2012,0,0,0,0,0,0,0,0,0,,0
Liechtenstein,2013,0,0,0,0,0,0,0,0,0,,0
Liechtenstein,2014,0,0,0,0,0,0,0,0,0,,0
Liechtenstein,2015,0,0,0,0,0,1,0,0,0,imp_part,1
Liechtenstein,2016,0,0,0,0,0,1,0,0,0,imp_part,1
Liechtenstein,2017,0,0,0,0,0,1,0,0,0,imp_part,1
Liechtenstein,2018,0,0,0,0,0,1,0,0,0,imp_part,1
Liechtenstein,2019,0,0,0,0,0,1,0,0,0,imp_part,1
Liechtenstein,2020,0,0,0,0,0,1,0,0,0,imp_part,1
Liechtenstein,2021,0,0,0,0,0,1,0,0,0,imp_part,1
Liechtenstein,2022,0,0,0,0,0,1,0,0,0,imp_part,1
Lithuania,1950,0,0,0,0,0,0,0,0,0,,0
Lithuania,1951,0,0,0,0,0,0,0,0,0,,0
Lithuania,1952,0,0,0,0,0,0,0,0,0,,0
Lithuania,1953,0,0,0,0,0,0,0,0,0,,0
Lithuania,1954,0,0,0,0,0,0,0,0,0,,0
Lithuania,1955,0,0,0,0,0,0,0,0,0,,0
Lithuania,1956,0,0,0,0,0,0,0,0,0,,0
Lithuania,1957,0,0,0,0,0,0,0,0,0,,0
Lithuania,1958,0,0,0,0,0,0,0,0,0,,0
Lithuania,1959,0,0,0,0,0,0,0,0,0,,0
Lithuania,1960,0,0,0,0,0,0,0,0,0,,0
Lithuania,1961,0,0,0,0,0,0,0,0,0,,0
Lithuania,1962,0,0,0,0,0,0,0,0,0,,0
Lithuania,1963,0,0,0,0,0,0,0,0,0,,0
Lithuania,1964,0,0,0,0,0,0,0,0,0,,0
Lithuania,1965,0,0,0,0,0,0,0,0,0,,0
Lithuania,1966,0,0,0,0,0,0,0,0,0,,0
Lithuania,1967,0,0,0,0,0,0,0,0,0,,0
Lithuania,1968,0,0,0,0,0,0,0,0,0,,0
Lithuania,1969,0,0,0,0,0,0,0,0,0,,0
Lithuania,1970,0,0,0,0,0,0,0,0,0,,0
Lithuania,1971,0,0,0,0,0,0,0,0,0,,0
Lithuania,1972,0,0,0,0,0,0,0,0,0,,0
Lithuania,1973,0,0,0,0,0,0,0,0,0,,0
Lithuania,1974,0,0,0,0,0,0,0,0,0,,0
Lithuania,1975,0,0,0,0,0,0,0,0,0,,0
Lithuania,1976,0,0,0,0,0,0,0,0,0,,0
Lithuania,1977,0,0,0,0,0,0,0,0,0,,0
Lithuania,1978,0,0,0,0,0,0,0,0,0,,0
Lithuania,1979,0,0,0,0,0,0,0,0,0,,0
Lithuania,1980,0,0,0,0,0,0,0,0,0,,0
Lithuania,1981,0,0,0,0,0,0,0,0,0,,0
Lithuania,1982,0,0,0,0,0,0,0,0,0,,0
Lithuania,1983,0,0,0,0,0,0,0,0,0,,0
Lithuania,1984,0,0,0,0,0,0,0,0,0,,0
Lithuania,1985,0,0,0,0,0,0,0,0,0,,0
Lithuania,1986,0,0,0,0,0,0,0,0,0,,0
Lithuania,1987,0,0,0,0,0,0,0,0,0,,0
Lithuania,1988,0,0,0,0,0,0,0,0,0,,0
Lithuania,1989,0,0,0,0,0,0,0,0,0,,0
Lithuania,1990,0,0,0,0,0,0,0,0,0,,0
Lithuania,1991,0,0,0,0,0,0,0,0,0,,0
Lithuania,1992,0,0,0,0,0,1,0,0,0,exp_part,1
Lithuania,1993,0,0,0,0,0,0,0,0,0,,0
Lithuania,1994,0,0,0,0,0,0,0,0,0,,0
Lithuania,1995,0,0,0,0,0,0,0,0,0,,0
Lithuania,1996,0,0,0,0,0,0,0,0,0,,0
Lithuania,1997,0,0,0,0,0,0,0,0,0,,0
Lithuania,1998,0,0,0,0,0,0,0,0,0,,0
Lithuania,1999,0,0,0,0,0,0,0,0,0,,0
Lithuania,2000,0,0,0,0,0,0,0,0,0,,0
Lithuania,2001,0,0,0,0,0,0,0,0,0,,0
Lithuania,2002,0,0,0,0,0,0,0,0,0,,0
Lithuania,2003,0,0,0,0,0,0,0,0,0,,0
Lithuania,2004,0,0,0,0,0,0,0,0,0,,0
Lithuania,2005,0,0,0,0,0,0,0,0,0,,0
Lithuania,2006,0,0,0,0,0,0,0,0,0,,0
Lithuania,2007,0,0,0,0,0,0,0,0,0,,0
Lithuania,2008,0,0,0,0,0,0,0,0,0,,0
Lithuania,2009,0,0,0,0,0,0,0,0,0,,0
Lithuania,2010,0,0,0,0,0,0,0,0,0,,0
Lithuania,2011,0,0,0,0,0,0,0,0,0,,0
Lithuania,2012,0,0,0,0,0,0,0,0,0,,0
Lithuania,2013,0,0,0,0,0,1,0,0,0,imp_part,1
Lithuania,2014,0,0,0,0,0,1,0,0,0,imp_part,1
Lithuania,2015,0,0,0,0,0,0,0,0,0,,0
Lithuania,2016,0,0,0,0,0,0,0,0,0,,0
Lithuania,2017,0,0,0,0,0,0,0,0,0,,0
Lithuania,2018,0,0,0,0,0,0,0,0,0,,0
Lithuania,2019,0,0,0,0,0,0,0,0,0,,0
Lithuania,2020,0,0,0,0,0,0,0,0,0,,0
Lithuania,2021,0,0,0,0,0,0,0,0,0,,0
Lithuania,2022,0,0,0,0,0,0,0,0,0,,0
Mali,1950,0,0,0,0,0,0,0,0,0,,0
Mali,1951,0,0,0,0,0,0,0,0,0,,0
Mali,1952,0,0,0,0,0,0,0,0,0,,0
Mali,1953,0,0,0,0,0,0,0,0,0,,0
Mali,1954,0,0,0,0,0,0,0,0,0,,0
Mali,1955,0,0,0,0,0,0,0,0,0,,0
Mali,1956,0,0,0,0,0,0,0,0,0,,0
Mali,1957,0,0,0,0,0,0,0,0,0,,0
Mali,1958,0,0,0,0,0,0,0,0,0,,0
Mali,1959,0,0,0,0,0,0,0,0,0,,0
Mali,1960,0,0,0,0,0,0,0,0,0,,0
Mali,1961,0,0,0,0,0,0,0,0,0,,0
Mali,1962,0,0,0,0,0,0,0,0,0,,0
Mali,1963,0,0,0,0,0,0,0,0,0,,0
Mali,1964,0,0,0,0,0,0,0,0,0,,0
Mali,1965,0,0,0,0,0,0,0,0,0,,0
Mali,1966,0,0,0,0,0,0,0,0,0,,0
Mali,1967,0,0,0,0,0,0,0,0,0,,0
Mali,1968,0,0,0,0,0,0,0,0,0,,0
Mali,1969,0,0,0,0,0,0,0,0,0,,0
Mali,1970,0,0,0,0,0,0,0,0,0,,0
Mali,1971,0,0,0,0,0,0,0,0,0,,0
Mali,1972,0,0,0,0,0,0,0,0,0,,0
Mali,1973,0,0,0,0,0,0,0,0,0,,0
Mali,1974,0,0,0,0,0,0,0,0,0,,0
Mali,1975,0,0,0,0,0,0,0,0,0,,0
Mali,1976,0,0,0,0,0,0,0,0,0,,0
Mali,1977,0,0,0,0,0,0,0,0,0,,0
Mali,1978,0,0,0,0,0,0,0,0,0,,0
Mali,1979,0,0,0,0,0,0,0,0,0,,0
Mali,1980,0,0,0,0,0,0,0,0,0,,0
Mali,1981,0,0,0,0,0,0,0,0,0,,0
Mali,1982,0,0,0,0,0,0,0,0,0,,0
Mali,1983,0,0,0,0,0,0,0,0,0,,0
Mali,1984,0,0,0,0,0,0,0,0,0,,0
Mali,1985,0,0,0,0,0,0,0,0,0,,0
Mali,1986,0,0,0,0,0,0,0,0,0,,0
Mali,1987,0,0,0,0,0,0,0,0,0,,0
Mali,1988,0,0,0,0,0,0,0,0,0,,0
Mali,1989,0,0,0,0,0,0,0,0,0,,0
Mali,1990,0,0,0,0,0,0,0,0,0,,0
Mali,1991,0,0,0,0,0,0,0,0,0,,0
Mali,1992,0,0,0,0,0,0,0,0,0,,0
Mali,1993,0,0,0,0,0,0,0,0,0,,0
Mali,1994,0,0,0,0,0,0,0,0,0,,0
Mali,1995,0,0,0,0,0,0,0,0,0,,0
Mali,1996,0,0,0,0,0,0,0,0,0,,0
Mali,1997,0,0,0,0,0,0,0,0,0,,0
Mali,1998,0,0,0,0,0,0,0,0,0,,0
Mali,1999,0,0,0,0,0,0,0,0,0,,0
Mali,2000,0,0,0,0,0,0,0,0,0,,0
Mali,2001,0,0,0,0,0,0,0,0,0,,0
Mali,2002,0,0,0,0,0,0,0,0,0,,0
Mali,2003,0,0,0,0,0,0,0,0,0,,0
Mali,2004,0,0,0,0,0,0,0,0,0,,0
Mali,2005,0,0,0,0,0,0,0,0,0,,0
Mali,2006,0,0,0,0,0,0,0,0,0,,0
Mali,2007,0,0,0,0,0,0,0,0,0,,0
Mali,2008,0,0,0,0,0,0,0,0,0,,0
Mali,2009,0,0,0,0,0,0,0,0,0,,0
Mali,2010,0,0,0,0,0,0,0,0,0,,0
Mali,2011,0,0,0,0,0,0,0,0,0,,0
Mali,2012,0,0,0,0,0,0,0,0,0,,0
Mali,2013,0,0,0,0,0,0,0,0,1,"exp_part, imp_part",1
Mali,2014,0,0,0,0,0,0,0,0,0,,0
Mali,2015,0,0,0,0,0,0,0,0,0,,0
Mali,2016,0,0,0,0,0,0,0,0,0,,0
Mali,2017,0,0,0,0,0,0,0,0,0,,0
Mali,2018,0,0,0,0,0,0,0,0,0,,0
Mali,2019,0,0,0,0,0,0,0,0,0,,0
Mali,2020,0,0,0,0,0,0,0,0,0,,0
Mali,2021,0,0,0,0,0,0,0,0,0,,0
Mali,2022,0,0,0,0,0,0,0,0,0,,0
Malta,1950,0,0,0,0,0,0,0,0,0,,0
Malta,1951,0,0,0,0,0,0,0,0,0,,0
Malta,1952,0,0,0,0,0,0,0,0,0,,0
Malta,1953,0,0,0,0,0,0,0,0,0,,0
Malta,1954,0,0,0,0,0,0,0,0,0,,0
Malta,1955,0,0,0,0,0,0,0,0,0,,0
Malta,1956,0,0,0,0,0,0,0,0,0,,0
Malta,1957,0,0,0,0,0,0,0,0,0,,0
Malta,1958,0,0,0,0,0,0,0,0,0,,0
Malta,1959,0,0,0,0,0,0,0,0,0,,0
Malta,1960,0,0,0,0,0,0,0,0,0,,0
Malta,1961,0,0,0,0,0,0,0,0,0,,0
Malta,1962,0,0,0,0,0,0,0,0,0,,0
Malta,1963,0,0,0,0,0,0,0,0,0,,0
Malta,1964,0,0,0,0,0,0,0,0,0,,0
Malta,1965,0,0,0,0,0,0,0,0,0,,0
Malta,1966,0,0,0,0,0,0,0,0,0,,0
Malta,1967,0,0,0,0,0,0,0,0,0,,0
Malta,1968,0,0,0,0,0,0,0,0,0,,0
Malta,1969,0,0,0,0,0,0,0,0,0,,0
Malta,1970,0,0,0,0,0,0,0,0,0,,0
Malta,1971,0,0,0,0,0,0,0,0,0,,0
Malta,1972,0,0,0,0,0,0,0,0,0,,0
Malta,1973,0,0,0,0,0,0,0,0,0,,0
Malta,1974,0,0,0,0,0,0,0,0,0,,0
Malta,1975,0,0,0,0,0,0,0,0,0,,0
Malta,1976,0,0,0,0,0,0,0,0,0,,0
Malta,1977,0,0,0,0,0,0,0,0,0,,0
Malta,1978,0,0,0,0,0,0,0,0,0,,0
Malta,1979,0,0,0,0,0,0,0,0,0,,0
Malta,1980,0,0,0,0,0,0,0,0,0,,0
Malta,1981,0,0,0,0,0,0,0,0,0,,0
Malta,1982,0,0,0,0,0,0,0,0,0,,0
Malta,1983,0,0,0,0,0,0,0,0,0,,0
Malta,1984,0,0,0,0,0,0,0,0,0,,0
Malta,1985,0,0,0,0,0,0,0,0,0,,0
Malta,1986,0,0,0,0,0,0,0,0,0,,0
Malta,1987,0,0,0,0,0,0,0,0,0,,0
Malta,1988,0,0,0,0,0,0,0,0,0,,0
Malta,1989,0,0,0,0,0,0,0,0,0,,0
Malta,1990,0,0,0,0,0,0,0,0,0,,0
Malta,1991,0,0,0,0,0,0,0,0,0,,0
Malta,1992,0,0,0,0,0,0,0,0,0,,0
Malta,1993,0,0,0,0,0,0,0,0,0,,0
Malta,1994,0,0,0,0,0,0,0,0,0,,0
Malta,1995,0,0,0,0,0,0,0,0,0,,0
Malta,1996,0,0,0,0,0,0,0,0,0,,0
Malta,1997,0,0,0,0,0,0,0,0,0,,0
Malta,1998,0,0,0,0,0,0,0,0,0,,0
Malta,1999,0,0,0,0,0,0,0,0,0,,0
Malta,2000,0,0,0,0,0,0,0,0,0,,0
Malta,2001,0,0,0,0,0,0,0,0,0,,0
Malta,2002,0,0,0,0,0,0,0,0,0,,0
Malta,2003,0,0,0,0,0,0,0,0,0,,0
Malta,2004,0,0,0,0,0,0,0,0,0,,0
Malta,2005,0,0,0,0,0,0,0,0,0,,0
Malta,2006,0,0,0,0,0,0,0,0,0,,0
Malta,2007,0,0,0,0,0,0,0,0,0,,0
Malta,2008,0,0,0,0,0,0,0,0,0,,0
Malta,2009,0,0,0,0,0,0,0,0,0,,0
Malta,2010,0,0,0,0,0,0,0,0,0,,0
Malta,2011,0,0,0,0,0,0,0,0,0,,0
Malta,2012,0,0,0,0,0,0,0,0,0,,0
Malta,2013,0,0,0,0,0,0,0,0,0,,0
Malta,2014,0,0,0,0,0,0,0,0,0,,0
Malta,2015,0,0,0,0,0,0,0,0,0,,0
Malta,2016,0,0,0,0,0,0,0,0,0,,0
Malta,2017,0,0,0,0,0,0,0,0,0,,0
Malta,2018,0,0,0,0,0,0,0,0,0,,0
Malta,2019,0,0,0,0,0,0,0,0,0,,0
Malta,2020,0,0,0,0,0,0,0,0,1,"exp_part, imp_part",1
Malta,2021,0,0,0,0,0,0,0,0,1,"exp_part, imp_part",1
Malta,2022,0,0,0,0,0,0,0,0,1,"exp_part, imp_part",1
Moldova,1950,0,0,0,0,0,0,0,0,0,,0
Moldova,1951,0,0,0,0,0,0,0,0,0,,0
Moldova,1952,0,0,0,0,0,0,0,0,0,,0
Moldova,1953,0,0,0,0,0,0,0,0,0,,0
Moldova,1954,0,0,0,0,0,0,0,0,0,,0
Moldova,1955,0,0,0,0,0,0,0,0,0,,0
Moldova,1956,0,0,0,0,0,0,0,0,0,,0
Moldova,1957,0,0,0,0,0,0,0,0,0,,0
Moldova,1958,0,0,0,0,0,0,0,0,0,,0
Moldova,1959,0,0,0,0,0,0,0,0,0,,0
Moldova,1960,0,0,0,0,0,0,0,0,0,,0
Moldova,1961,0,0,0,0,0,0,0,0,0,,0
Moldova,1962,0,0,0,0,0,0,0,0,0,,0
Moldova,1963,0,0,0,0,0,0,0,0,0,,0
Moldova,1964,0,0,0,0,0,0,0,0,0,,0
Moldova,1965,0,0,0,0,0,0,0,0,0,,0
Moldova,1966,0,0,0,0,0,0,0,0,0,,0
Moldova,1967,0,0,0,0,0,0,0,0,0,,0
Moldova,1968,0,0,0,0,0,0,0,0,0,,0
Moldova,1969,0,0,0,0,0,0,0,0,0,,0
Moldova,1970,0,0,0,0,0,0,0,0,0,,0
Moldova,1971,0,0,0,0,0,0,0,0,0,,0
Moldova,1972,0,0,0,0,0,0,0,0,0,,0
Moldova,1973,0,0,0,0,0,0,0,0,0,,0
Moldova,1974,0,0,0,0,0,0,0,0,0,,0
Moldova,1975,0,0,0,0,0,0,0,0,0,,0
Moldova,1976,0,0,0,0,0,0,0,0,0,,0
Moldova,1977,0,0,0,0,0,0,0,0,0,,0
Moldova,1978,0,0,0,0,0,0,0,0,0,,0
Moldova,1979,0,0,0,0,0,0,0,0,0,,0
Moldova,1980,0,0,0,0,0,0,0,0,0,,0
Moldova,1981,0,0,0,0,0,0,0,0,0,,0
Moldova,1982,0,0,0,0,0,0,0,0,0,,0
Moldova,1983,0,0,0,0,0,0,0,0,0,,0
Moldova,1984,0,0,0,0,0,0,0,0,0,,0
Moldova,1985,0,0,0,0,0,0,0,0,0,,0
Moldova,1986,0,0,0,0,0,0,0,0,0,,0
Moldova,1987,0,0,0,0,0,0,0,0,0,,0
Moldova,1988,0,0,0,0,0,0,0,0,0,,0
Moldova,1989,0,0,0,0,0,0,0,0,0,,0
Moldova,1990,0,0,0,0,0,0,0,0,0,,0
Moldova,1991,0,0,0,0,0,0,0,0,0,,0
Moldova,1992,0,0,0,0,0,0,0,0,0,,0
Moldova,1993,0,0,0,0,0,0,0,0,0,,0
Moldova,1994,0,0,0,0,0,0,0,0,0,,0
Moldova,1995,0,0,0,0,0,0,0,0,0,,0
Moldova,1996,0,0,0,0,0,0,0,0,0,,0
Moldova,1997,0,0,0,0,0,0,0,0,0,,0
Moldova,1998,0,0,0,0,0,0,0,0,0,,0
Moldova,1999,0,0,0,0,0,0,0,0,0,,0
Moldova,2000,0,0,0,0,0,0,0,0,0,,0
Moldova,2001,0,0,0,0,0,0,0,0,0,,0
Moldova,2002,0,0,0,0,0,0,0,0,0,,0
Moldova,2003,0,0,0,0,0,0,0,0,0,,0
Moldova,2004,0,0,0,0,0,0,0,0,0,,0
Moldova,2005,0,0,0,0,0,0,0,0,0,,0
Moldova,2006,0,0,0,0,0,1,0,0,0,imp_part,1
Moldova,2007,0,0,0,0,0,1,0,0,0,imp_part,1
Moldova,2008,0,0,0,0,0,0,0,0,0,,0
Moldova,2009,0,0,0,0,0,0,0,0,0,,0
Moldova,2010,0,0,0,0,0,0,0,0,0,,0
Moldova,2011,0,0,0,0,0,0,0,0,0,,0
Moldova,2012,0,0,0,0,0,0,0,0,0,,0
Moldova,2013,0,0,0,0,0,1,0,0,0,imp_part,1
Moldova,2014,0,0,0,0,0,1,0,0,0,imp_part,1
Moldova,2015,0,0,0,0,0,1,0,0,0,imp_part,1
Moldova,2016,0,0,0,0,0,1,0,0,0,imp_part,1
Moldova,2017,0,0,0,0,0,1,0,0,0,imp_part,1
Moldova,2018,0,0,0,0,0,1,0,0,0,imp_part,1
Moldova,2019,0,0,0,0,0,1,0,0,0,imp_part,1
Moldova,2020,0,0,0,0,0,1,0,0,0,imp_part,1
Moldova,2021,0,0,0,0,0,1,0,0,0,imp_part,1
Moldova,2022,0,0,0,0,0,0,0,0,0,,0
Montenegro,1950,0,0,0,0,0,0,0,0,0,,0
Montenegro,1951,0,0,0,0,0,0,0,0,0,,0
Montenegro,1952,0,0,0,0,0,0,0,0,0,,0
Montenegro,1953,0,0,0,0,0,0,0,0,0,,0
Montenegro,1954,0,0,0,0,0,0,0,0,0,,0
Montenegro,1955,0,0,0,0,0,0,0,0,0,,0
Montenegro,1956,0,0,0,0,0,0,0,0,0,,0
Montenegro,1957,0,0,0,0,0,0,0,0,0,,0
Montenegro,1958,0,0,0,0,0,0,0,0,0,,0
Montenegro,1959,0,0,0,0,0,0,0,0,0,,0
Montenegro,1960,0,0,0,0,0,0,0,0,0,,0
Montenegro,1961,0,0,0,0,0,0,0,0,0,,0
Montenegro,1962,0,0,0,0,0,0,0,0,0,,0
Montenegro,1963,0,0,0,0,0,0,0,0,0,,0
Montenegro,1964,0,0,0,0,0,0,0,0,0,,0
Montenegro,1965,0,0,0,0,0,0,0,0,0,,0
Montenegro,1966,0,0,0,0,0,0,0,0,0,,0
Montenegro,1967,0,0,0,0,0,0,0,0,0,,0
Montenegro,1968,0,0,0,0,0,0,0,0,0,,0
Montenegro,1969,0,0,0,0,0,0,0,0,0,,0
Montenegro,1970,0,0,0,0,0,0,0,0,0,,0
Montenegro,1971,0,0,0,0,0,0,0,0,0,,0
Montenegro,1972,0,0,0,0,0,0,0,0,0,,0
Montenegro,1973,0,0,0,0,0,0,0,0,0,,0
Montenegro,1974,0,0,0,0,0,0,0,0,0,,0
Montenegro,1975,0,0,0,0,0,0,0,0,0,,0
Montenegro,1976,0,0,0,0,0,0,0,0,0,,0
Montenegro,1977,0,0,0,0,0,0,0,0,0,,0
Montenegro,1978,0,0,0,0,0,0,0,0,0,,0
Montenegro,1979,0,0,0,0,0,0,0,0,0,,0
Montenegro,1980,0,0,0,0,0,0,0,0,0,,0
Montenegro,1981,0,0,0,0,0,0,0,0,0,,0
Montenegro,1982,0,0,0,0,0,0,0,0,0,,0
Montenegro,1983,0,0,0,0,0,0,0,0,0,,0
Montenegro,1984,0,0,0,0,0,0,0,0,0,,0
Montenegro,1985,0,0,0,0,0,0,0,0,0,,0
Montenegro,1986,0,0,0,0,0,0,0,0,0,,0
Montenegro,1987,0,0,0,0,0,0,0,0,0,,0
Montenegro,1988,0,0,0,0,0,0,0,0,0,,0
Montenegro,1989,0,0,0,0,0,0,0,0,0,,0
Montenegro,1990,0,0,0,0,0,0,0,0,0,,0
Montenegro,1991,0,0,0,0,0,0,0,0,0,,0
Montenegro,1992,0,0,0,0,0,0,0,0,0,,0
Montenegro,1993,0,0,0,0,0,0,0,0,0,,0
Montenegro,1994,0,0,0,0,0,0,0,0,0,,0
Montenegro,1995,0,0,0,0,0,0,0,0,0,,0
Montenegro,1996,0,0,0,0,0,0,0,0,0,,0
Montenegro,1997,0,0,0,0,0,0,0,0,0,,0
Montenegro,1998,0,0,0,0,0,0,0,0,0,,0
Montenegro,1999,0,0,0,0,0,0,0,0,0,,0
Montenegro,2000,0,0,0,0,0,0,0,0,0,,0
Montenegro,2001,0,0,0,0,0,0,0,0,0,,0
Montenegro,2002,0,0,0,0,0,0,0,0,0,,0
Montenegro,2003,0,0,0,0,0,0,0,0,0,,0
Montenegro,2004,0,0,0,0,0,0,0,0,0,,0
Montenegro,2005,0,0,0,0,0,0,0,0,0,,0
Montenegro,2006,0,0,0,0,0,0,0,0,0,,0
Montenegro,2007,0,0,0,0,0,0,0,0,0,,0
Montenegro,2008,0,0,0,0,0,0,0,0,0,,0
Montenegro,2009,0,0,0,0,0,0,0,0,0,,0
Montenegro,2010,0,0,0,0,0,0,0,0,0,,0
Montenegro,2011,0,0,0,0,0,0,0,0,0,,0
Montenegro,2012,0,0,0,0,0,0,0,0,0,,0
Montenegro,2013,0,0,0,0,0,0,0,0,0,,0
Montenegro,2014,0,0,0,0,0,0,0,0,0,,0
Montenegro,2015,0,0,0,0,0,1,0,0,0,imp_part,1
Montenegro,2016,0,0,0,0,0,1,0,0,0,imp_part,1
Montenegro,2017,0,0,0,0,0,1,0,0,0,imp_part,1
Montenegro,2018,0,0,0,0,0,1,0,0,0,imp_part,1
Montenegro,2019,0,0,0,0,0,1,0,0,0,imp_part,1
Montenegro,2020,0,0,0,0,0,1,0,0,0,imp_part,1
Montenegro,2021,0,0,0,0,0,1,0,0,0,imp_part,1
Montenegro,2022,0,0,0,0,0,1,0,0,0,imp_part,1
Mozambique,1950,0,0,0,0,0,0,0,0,0,,0
Mozambique,1951,0,0,0,0,0,0,0,0,0,,0
Mozambique,1952,0,0,0,0,0,0,0,0,0,,0
Mozambique,1953,0,0,0,0,0,0,0,0,0,,0
Mozambique,1954,0,0,0,0,0,0,0,0,0,,0
Mozambique,1955,0,0,0,0,0,0,0,0,0,,0
Mozambique,1956,0,0,0,0,0,0,0,0,0,,0
Mozambique,1957,0,0,0,0,0,0,0,0,0,,0
Mozambique,1958,0,0,0,0,0,0,0,0,0,,0
Mozambique,1959,0,0,0,0,0,0,0,0,0,,0
Mozambique,1960,0,0,0,0,0,0,0,0,0,,0
Mozambique,1961,0,0,0,0,0,0,0,0,0,,0
Mozambique,1962,0,0,0,0,0,0,0,0,0,,0
Mozambique,1963,0,0,0,0,0,0,0,0,0,,0
Mozambique,1964,0,0,0,0,0,0,0,0,0,,0
Mozambique,1965,0,0,0,0,0,0,0,0,0,,0
Mozambique,1966,0,0,0,0,0,0,0,0,0,,0
Mozambique,1967,0,0,0,0,0,0,0,0,0,,0
Mozambique,1968,0,0,0,0,0,0,0,0,0,,0
Mozambique,1969,0,0,0,0,0,0,0,0,0,,0
Mozambique,1970,0,0,0,0,0,0,0,0,0,,0
Mozambique,1971,0,0,0,0,0,0,0,0,0,,0
Mozambique,1972,0,0,0,0,0,0,0,0,0,,0
Mozambique,1973,0,0,0,0,0,0,0,0,0,,0
Mozambique,1974,0,0,0,0,0,0,0,0,0,,0
Mozambique,1975,0,0,0,0,0,0,0,0,0,,0
Mozambique,1976,0,0,0,0,0,0,0,0,0,,0
Mozambique,1977,0,0,0,0,0,0,0,0,0,,0
Mozambique,1978,0,0,0,0,0,0,0,0,0,,0
Mozambique,1979,0,0,0,0,0,0,0,0,0,,0
Mozambique,1980,0,0,0,0,0,0,0,0,0,,0
Mozambique,1981,0,0,0,0,0,0,0,0,0,,0
Mozambique,1982,0,0,0,0,0,0,0,0,0,,0
Mozambique,1983,0,0,0,0,0,0,0,0,0,,0
Mozambique,1984,0,0,0,0,0,0,0,0,0,,0
Mozambique,1985,0,0,0,0,0,0,0,0,0,,0
Mozambique,1986,0,0,0,0,0,0,0,0,0,,0
Mozambique,1987,0,0,0,0,0,0,0,0,0,,0
Mozambique,1988,0,0,0,0,0,0,0,0,0,,0
Mozambique,1989,0,0,0,0,0,0,0,0,0,,0
Mozambique,1990,0,0,0,0,0,0,0,0,0,,0
Mozambique,1991,0,0,0,0,0,0,0,0,0,,0
Mozambique,1992,0,0,0,0,0,0,0,0,0,,0
Mozambique,1993,0,0,0,0,0,0,0,0,0,,0
Mozambique,1994,0,0,0,0,0,0,0,0,0,,0
Mozambique,1995,0,0,0,0,0,0,0,0,0,,0
Mozambique,1996,0,0,0,0,0,0,0,0,0,,0
Mozambique,1997,0,0,0,0,0,0,0,0,0,,0
Mozambique,1998,0,0,0,0,0,0,0,0,0,,0
Mozambique,1999,0,0,0,0,0,0,0,0,0,,0
Mozambique,2000,0,0,0,0,0,0,0,0,0,,0
Mozambique,2001,0,0,0,0,0,0,0,0,0,,0
Mozambique,2002,0,0,0,0,0,0,0,0,0,,0
Mozambique,2003,0,0,0,0,0,0,0,0,0,,0
Mozambique,2004,0,0,0,0,0,0,0,0,0,,0
Mozambique,2005,0,0,0,0,0,0,0,0,0,,0
Mozambique,2006,0,0,0,0,0,0,0,0,0,,0
Mozambique,2007,0,0,0,0,0,0,0,0,0,,0
Mozambique,2008,0,0,0,0,0,0,0,0,0,,0
Mozambique,2009,0,0,0,0,0,0,0,0,0,,0
Mozambique,2010,0,0,0,0,0,0,0,0,0,,0
Mozambique,2011,0,0,0,0,0,0,0,0,0,,0
Mozambique,2012,0,0,0,0,0,0,0,0,0,,0
Mozambique,2013,0,0,0,0,0,0,0,0,0,,0
Mozambique,2014,0,0,0,0,0,0,0,0,0,,0
Mozambique,2015,0,0,0,0,0,0,0,0,0,,0
Mozambique,2016,0,0,0,0,0,0,0,0,0,,0
Mozambique,2017,0,0,0,0,0,0,0,0,0,,0
Mozambique,2018,0,0,0,0,0,0,0,0,0,,0
Mozambique,2019,0,0,0,0,0,0,0,0,0,,0
Mozambique,2020,0,0,0,0,0,0,0,0,0,,0
Mozambique,2021,0,0,0,0,0,0,0,0,1,"exp_part, imp_part",1
Mozambique,2022,0,0,0,0,0,0,0,0,1,"exp_part, imp_part",1
Myanmar,1950,0,0,0,0,0,0,0,0,0,,0
Myanmar,1951,0,0,0,0,0,0,0,0,0,,0
Myanmar,1952,0,0,0,0,0,0,0,0,0,,0
Myanmar,1953,0,0,0,0,0,0,0,0,0,,0
Myanmar,1954,0,0,0,0,0,0,0,0,0,,0
Myanmar,1955,0,0,0,0,0,0,0,0,0,,0
Myanmar,1956,0,0,0,0,0,0,0,0,0,,0
Myanmar,1957,0,0,0,0,0,0,0,0,0,,0
Myanmar,1958,0,0,0,0,0,0,0,0,0,,0
Myanmar,1959,0,0,0,0,0,0,0,0,0,,0
Myanmar,1960,0,0,0,0,0,0,0,0,0,,0
Myanmar,1961,0,0,0,0,0,0,0,0,0,,0
Myanmar,1962,0,0,0,0,0,0,0,0,0,,0
Myanmar,1963,0,0,0,0,0,0,0,0,0,,0
Myanmar,1964,0,0,0,0,0,0,0,0,0,,0
Myanmar,1965,0,0,0,0,0,0,0,0,0,,0
Myanmar,1966,0,0,0,0,0,0,0,0,0,,0
Myanmar,1967,0,0,0,0,0,0,0,0,0,,0
Myanmar,1968,0,0,0,0,0,0,0,0,0,,0
Myanmar,1969,0,0,0,0,0,0,0,0,0,,0
Myanmar,1970,0,0,0,0,0,0,0,0,0,,0
Myanmar,1971,0,0,0,0,0,0,0,0,0,,0
Myanmar,1972,0,0,0,0,0,0,0,0,0,,0
Myanmar,1973,0,0,0,0,0,0,0,0,0,,0
Myanmar,1974,0,0,0,0,0,0,0,0,0,,0
Myanmar,1975,0,0,0,0,0,0,0,0,0,,0
Myanmar,1976,0,0,0,0,0,0,0,0,0,,0
Myanmar,1977,0,0,0,0,0,0,0,0,0,,0
Myanmar,1978,0,0,0,0,0,0,0,0,0,,0
Myanmar,1979,0,0,0,0,0,0,0,0,0,,0
Myanmar,1980,0,0,0,0,0,0,0,0,0,,0
Myanmar,1981,0,0,0,0,0,0,0,0,0,,0
Myanmar,1982,0,0,0,0,0,0,0,0,0,,0
Myanmar,1983,0,0,0,0,0,0,0,0,0,,0
Myanmar,1984,0,0,0,0,0,0,0,0,0,,0
Myanmar,1985,0,0,0,0,0,0,0,0,0,,0
Myanmar,1986,0,0,0,0,0,0,0,0,0,,0
Myanmar,1987,0,0,0,0,0,0,0,0,0,,0
Myanmar,1988,0,0,0,0,0,0,0,0,0,,0
Myanmar,1989,0,0,0,0,0,0,0,0,1,imp_part,1
Myanmar,1990,0,0,0,0,0,0,0,0,1,imp_compl; imp_part,1
Myanmar,1991,0,0,0,0,0,0,0,0,1,imp_compl; imp_part,1
Myanmar,1992,0,0,0,0,0,0,0,0,1,imp_compl; imp_part,1
Myanmar,1993,0,0,0,0,0,0,0,0,1,imp_compl; imp_part,1
Myanmar,1994,0,0,0,0,0,0,0,0,1,imp_compl; imp_part,1
Myanmar,1995,0,0,0,0,0,0,0,0,1,imp_compl; imp_part,1
Myanmar,1996,0,0,0,0,0,0,0,0,1,imp_compl; imp_part,1
Myanmar,1997,0,0,0,0,0,0,0,0,1,imp_compl; imp_part,1
Myanmar,1998,0,0,0,0,0,0,0,0,1,imp_compl; imp_part,1
Myanmar,1999,0,0,0,0,0,0,0,0,1,imp_compl; imp_part,1
Myanmar,2000,0,0,1,0,0,0,1,0,1,exp_part; imp_compl; imp_part,1
Myanmar,2001,0,0,1,0,0,0,1,0,1,exp_part; imp_compl; imp_part,1
Myanmar,2002,0,0,1,0,0,0,1,0,1,exp_part; imp_compl; imp_part,1
Myanmar,2003,0,0,1,0,0,0,1,0,1,exp_part; imp_compl; imp_part,1
Myanmar,2004,0,0,1,0,0,0,1,0,1,exp_part; imp_compl; imp_part,1
Myanmar,2005,0,0,1,0,0,0,1,0,1,exp_part; imp_compl; imp_part,1
Myanmar,2006,0,0,1,0,0,0,1,0,1,exp_part; imp_compl; imp_part,1
Myanmar,2007,0,1,1,0,0,0,1,0,1,"exp_compl, imp_compl; exp_part; exp_part, imp_part; imp_compl; imp_part",1
Myanmar,2008,0,1,1,0,0,0,1,0,1,"exp_compl, imp_compl; exp_part; exp_part, imp_part; imp_compl; imp_part",1
Myanmar,2009,0,1,1,0,0,0,1,0,1,"exp_compl, imp_compl; exp_part; exp_part, imp_part; imp_compl; imp_part",1
Myanmar,2010,0,1,1,0,0,0,1,0,1,"exp_compl, imp_compl; exp_part; exp_part, imp_part; imp_compl; imp_part",1
Myanmar,2011,0,1,1,0,0,0,1,0,1,"exp_compl, imp_compl; exp_part; exp_part, imp_part; imp_compl; imp_part",1
Myanmar,2012,0,1,1,0,0,0,1,0,1,"exp_compl, imp_compl; exp_part; exp_part, imp_part; imp_compl; imp_part",1
Myanmar,2013,0,0,1,0,0,0,0,0,1,"exp_part; exp_part, imp_part; imp_compl; imp_part",1
Myanmar,2014,0,0,1,0,0,0,0,0,1,"exp_part; exp_part, imp_part; imp_compl; imp_part",1
Myanmar,2015,0,0,1,0,0,0,0,0,1,"exp_part; exp_part, imp_part; imp_compl; imp_part",1
Myanmar,2016,0,0,1,0,0,0,0,0,1,"exp_part; exp_part, imp_part; imp_compl; imp_part",1
Myanmar,2017,0,0,1,0,0,0,0,0,0,exp_part,1
Myanmar,2018,0,0,1,0,0,0,0,0,0,exp_part,1
Myanmar,2019,0,0,1,0,0,0,0,0,0,exp_part,1
Myanmar,2020,0,0,1,0,0,0,0,0,0,exp_part,1
Myanmar,2021,0,0,1,0,0,0,0,1,1,"exp_part; exp_part, imp_part",1
Myanmar,2022,0,0,1,0,0,0,0,1,1,"exp_part; exp_part, imp_part",1
Nepal,1950,0,0,0,0,0,0,0,0,0,,0
Nepal,1951,0,0,0,0,0,0,0,0,0,,0
Nepal,1952,0,0,0,0,0,0,0,0,0,,0
Nepal,1953,0,0,0,0,0,0,0,0,0,,0
Nepal,1954,0,0,0,0,0,0,0,0,0,,0
Nepal,1955,0,0,0,0,0,0,0,0,0,,0
Nepal,1956,0,0,0,0,0,0,0,0,0,,0
Nepal,1957,0,0,0,0,0,0,0,0,0,,0
Nepal,1958,0,0,0,0,0,0,0,0,0,,0
Nepal,1959,0,0,0,0,0,0,0,0,0,,0
Nepal,1960,0,0,0,0,0,0,0,0,0,,0
Nepal,1961,0,0,0,0,0,0,0,0,0,,0
Nepal,1962,0,0,0,1,0,0,0,0,0,exp_part,1
Nepal,1963,0,0,0,1,0,0,0,0,0,exp_part,1
Nepal,1964,0,0,0,1,0,0,0,0,0,exp_part,1
Nepal,1965,0,0,0,1,0,0,0,0,0,exp_part,1
Nepal,1966,0,0,0,0,0,0,0,0,0,,0
Nepal,1967,0,0,0,0,0,0,0,0,0,,0
Nepal,1968,0,0,0,0,0,0,0,0,0,,0
Nepal,1969,0,0,0,0,0,0,0,0,0,,0
Nepal,1970,0,0,0,0,0,0,0,0,0,,0
Nepal,1971,0,0,0,0,0,0,0,0,0,,0
Nepal,1972,0,0,0,0,0,0,0,0,0,,0
Nepal,1973,0,0,0,0,0,0,0,0,0,,0
Nepal,1974,0,0,0,0,0,0,0,0,0,,0
Nepal,1975,0,0,0,0,0,0,0,0,0,,0
Nepal,1976,0,0,0,0,0,0,0,0,0,,0
Nepal,1977,0,0,0,0,0,0,0,0,0,,0
Nepal,1978,0,0,0,0,0,0,0,0,0,,0
Nepal,1979,0,0,0,0,0,0,0,0,0,,0
Nepal,1980,0,0,0,0,0,0,0,0,0,,0
Nepal,1981,0,0,0,0,0,0,0,0,0,,0
Nepal,1982,0,0,0,0,0,0,0,0,0,,0
Nepal,1983,0,0,0,0,0,0,0,0,0,,0
Nepal,1984,0,0,0,0,0,0,0,0,0,,0
Nepal,1985,0,0,0,0,0,0,0,0,0,,0
Nepal,1986,0,0,0,0,0,0,0,0,0,,0
Nepal,1987,0,0,0,0,0,0,0,0,0,,0
Nepal,1988,0,0,0,0,0,0,0,0,0,,0
Nepal,1989,0,0,0,1,0,0,0,0,0,"exp_compl, imp_compl",1
Nepal,1990,0,0,0,1,0,0,0,0,0,"exp_compl, imp_compl",1
Nepal,1991,0,0,0,0,0,0,0,0,0,,0
Nepal,1992,0,0,0,0,0,0,0,0,0,,0
Nepal,1993,0,0,0,0,0,0,0,0,0,,0
Nepal,1994,0,0,0,0,0,0,0,0,0,,0
Nepal,1995,0,0,0,0,0,0,0,0,0,,0
Nepal,1996,0,0,0,0,0,0,0,0,0,,0
Nepal,1997,0,0,0,0,0,0,0,0,0,,0
Nepal,1998,0,0,0,0,0,0,0,0,0,,0
Nepal,1999,0,0,0,0,0,0,0,0,0,,0
Nepal,2000,0,0,0,0,0,0,0,0,0,,0
Nepal,2001,0,0,0,0,0,0,0,0,0,,0
Nepal,2002,0,0,0,0,0,0,0,0,0,,0
Nepal,2003,0,0,0,0,0,0,0,0,0,,0
Nepal,2004,0,0,0,0,0,0,0,0,0,,0
Nepal,2005,0,0,0,0,0,0,0,0,0,,0
Nepal,2006,0,0,0,0,0,0,0,0,0,,0
Nepal,2007,0,0,0,0,0,0,0,0,0,,0
Nepal,2008,0,0,0,0,0,0,0,0,0,,0
Nepal,2009,0,0,0,0,0,0,0,0,0,,0
Nepal,2010,0,0,0,0,0,0,0,0,0,,0
Nepal,2011,0,0,0,0,0,0,0,0,0,,0
Nepal,2012,0,0,0,0,0,0,0,0,0,,0
Nepal,2013,0,0,0,0,0,0,0,0,0,,0
Nepal,2014,0,0,0,0,0,0,0,0,0,,0
Nepal,2015,0,0,0,1,0,0,0,0,0,exp_part,1
Nepal,2016,0,0,0,1,0,0,0,0,0,exp_part,1
Nepal,2017,0,0,0,0,0,0,0,0,0,,0
Nepal,2018,0,0,0,0,0,0,0,0,0,,0
Nepal,2019,0,0,0,0,0,0,0,0,0,,0
Nepal,2020,0,0,0,0,0,0,0,0,0,,0
Nepal,2021,0,0,0,0,0,0,0,0,0,,0
Nepal,2022,0,0,0,0,0,0,0,0,0,,0
Nicaragua,1950,0,0,0,0,0,0,0,0,0,,0
Nicaragua,1951,0,0,0,0,0,0,0,0,0,,0
Nicaragua,1952,0,0,0,0,0,0,0,0,0,,0
Nicaragua,1953,0,0,0,0,0,0,0,0,0,,0
Nicaragua,1954,0,0,0,0,0,0,0,0,0,,0
Nicaragua,1955,0,0,0,0,0,0,0,0,0,,0
Nicaragua,1956,0,0,0,0,0,0,0,0,0,,0
Nicaragua,1957,0,0,0,0,0,0,0,0,0,,0
Nicaragua,1958,0,0,0,0,0,0,0,0,0,,0
Nicaragua,1959,0,0,0,0,0,0,0,0,0,,0
Nicaragua,1960,0,0,0,0,0,0,0,0,0,,0
Nicaragua,1961,0,0,0,0,0,0,0,0,0,,0
Nicaragua,1962,0,0,0,0,0,0,0,0,0,,0
Nicaragua,1963,0,0,0,0,0,0,0,0,0,,0
Nicaragua,1964,0,0,0,0,0,0,0,0,0,,0
Nicaragua,1965,0,0,0,0,0,0,0,0,0,,0
Nicaragua,1966,0,0,0,0,0,0,0,0,0,,0
Nicaragua,1967,0,0,0,0,0,0,0,0,0,,0
Nicaragua,1968,0,0,0,0,0,0,0,0,0,,0
Nicaragua,1969,0,0,0,0,0,0,0,0,0,,0
Nicaragua,1970,0,0,0,0,0,0,0,0,0,,0
Nicaragua,1971,0,0,0,0,0,0,0,0,0,,0
Nicaragua,1972,0,0,0,0,0,0,0,0,0,,0
Nicaragua,1973,0,0,0,0,0,0,0,0,0,,0
Nicaragua,1974,0,0,0,0,0,0,0,0,0,,0
Nicaragua,1975,0,0,0,0,0,0,0,0,0,,0
Nicaragua,1976,0,0,0,0,0,0,0,0,0,,0
Nicaragua,1977,0,0,0,0,0,0,0,0,1,exp_part,1
Nicaragua,1978,0,0,0,0,0,0,0,0,1,exp_part,1
Nicaragua,1979,0,0,0,0,0,0,0,0,1,exp_part,1
Nicaragua,1980,0,0,0,0,0,0,0,0,0,,0
Nicaragua,1981,0,0,0,0,0,0,0,0,0,,0
Nicaragua,1982,0,0,0,0,0,0,0,0,0,,0
Nicaragua,1983,0,0,0,0,0,0,0,0,1,imp_part,1
Nicaragua,1984,0,0,0,0,0,0,0,0,1,imp_part,1
Nicaragua,1985,0,0,0,0,0,0,0,0,1,"exp_compl, imp_compl; imp_part",1
Nicaragua,1986,0,0,0,0,0,0,0,0,1,"exp_compl, imp_compl",1
Nicaragua,1987,0,0,0,0,0,0,0,0,1,"exp_compl, imp_compl",1
Nicaragua,1988,0,0,0,0,0,0,0,0,1,"exp_compl, imp_compl",1
Nicaragua,1989,0,0,0,0,0,0,0,0,1,"exp_compl, imp_compl",1
Nicaragua,1990,0,0,0,0,0,0,0,0,1,"exp_compl, imp_compl",1
Nicaragua,1991,0,0,0,0,0,0,0,0,0,,0
Nicaragua,1992,0,0,0,0,0,0,0,0,0,,0
Nicaragua,1993,0,0,0,0,0,0,0,0,0,,0
Nicaragua,1994,0,0,0,0,0,0,0,0,0,,0
Nicaragua,1995,0,0,0,0,0,0,0,0,0,,0
Nicaragua,1996,0,0,0,0,0,0,0,0,0,,0
Nicaragua,1997,0,0,0,0,0,0,0,0,0,,0
Nicaragua,1998,0,0,0,0,0,0,0,0,0,,0
Nicaragua,1999,0,0,0,0,0,0,0,0,0,,0
Nicaragua,2000,0,0,0,0,0,0,0,0,0,,0
Nicaragua,2001,0,0,0,0,0,0,0,0,0,,0
Nicaragua,2002,0,0,0,0,0,0,0,0,0,,0
Nicaragua,2003,0,0,0,0,0,0,0,0,0,,0
Nicaragua,2004,0,0,0,0,0,0,0,0,0,,0
Nicaragua,2005,0,0,0,0,0,0,0,0,0,,0
Nicaragua,2006,0,0,0,0,0,0,0,0,0,,0
Nicaragua,2007,0,0,0,0,0,0,0,0,0,,0
Nicaragua,2008,0,0,0,0,0,0,0,0,0,,0
Nicaragua,2009,0,0,0,0,0,0,0,0,0,,0
Nicaragua,2010,0,0,0,0,0,0,0,0,0,,0
Nicaragua,2011,0,0,0,0,0,0,0,0,0,,0
Nicaragua,2012,0,0,0,0,0,0,0,0,0,,0
Nicaragua,2013,0,0,0,0,0,0,0,0,0,,0
Nicaragua,2014,0,0,0,0,0,0,0,0,0,,0
Nicaragua,2015,0,0,0,0,0,0,0,0,0,,0
Nicaragua,2016,0,0,0,0,0,0,0,0,0,,0
Nicaragua,2017,0,0,0,0,0,0,0,0,0,,0
Nicaragua,2018,0,0,0,0,0,0,0,0,1,"exp_part, imp_part",1
Nicaragua,2019,0,1,0,0,0,0,0,0,1,"exp_part, imp_part",1
Nicaragua,2020,0,1,0,0,0,0,0,0,1,"exp_part, imp_part",1
Nicaragua,2021,0,1,0,0,0,0,0,0,1,"exp_part, imp_part",1
Nicaragua,2022,0,1,0,0,0,0,0,0,1,"exp_part, imp_part",1
Nigeria,1950,0,0,0,0,0,0,0,0,0,,0
Nigeria,1951,0,0,0,0,0,0,0,0,0,,0
Nigeria,1952,0,0,0,0,0,0,0,0,0,,0
Nigeria,1953,0,0,0,0,0,0,0,0,0,,0
Nigeria,1954,0,0,0,0,0,0,0,0,0,,0
Nigeria,1955,0,0,0,0,0,0,0,0,0,,0
Nigeria,1956,0,0,0,0,0,0,0,0,0,,0
Nigeria,1957,0,0,0,0,0,0,0,0,0,,0
Nigeria,1958,0,0,0,0,0,0,0,0,0,,0
Nigeria,1959,0,0,0,0,0,0,0,0,0,,0
Nigeria,1960,0,0,0,0,0,0,0,0,0,,0
Nigeria,1961,0,0,0,0,0,0,0,0,0,,0
Nigeria,1962,0,0,0,0,0,0,0,0,0,,0
Nigeria,1963,0,0,0,0,0,0,0,0,0,,0
Nigeria,1964,0,0,0,0,0,0,0,0,0,,0
Nigeria,1965,0,0,0,0,0,0,0,0,0,,0
Nigeria,1966,0,0,0,0,0,0,0,0,0,,0
Nigeria,1967,0,0,0,0,0,0,0,0,0,,0
Nigeria,1968,0,0,0,0,0,0,0,0,0,,0
Nigeria,1969,0,0,0,0,0,0,0,0,0,,0
Nigeria,1970,0,0,0,0,0,0,0,0,0,,0
Nigeria,1971,0,0,0,0,0,0,0,0,0,,0
Nigeria,1972,0,0,0,0,0,0,0,0,0,,0
Nigeria,1973,0,0,0,0,0,0,0,0,0,,0
Nigeria,1974,0,0,0,0,0,0,0,0,0,,0
Nigeria,1975,0,0,0,0,0,0,0,0,0,,0
Nigeria,1976,0,0,0,0,0,0,0,0,0,,0
Nigeria,1977,0,0,0,0,0,0,0,0,0,,0
Nigeria,1978,0,0,0,0,0,0,0,0,0,,0
Nigeria,1979,0,0,0,0,0,0,0,0,0,,0
Nigeria,1980,0,0,0,0,0,0,0,0,0,,0
Nigeria,1981,0,0,0,0,0,0,0,0,0,,0
Nigeria,1982,0,0,0,0,0,0,0,0,0,,0
Nigeria,1983,0,0,0,0,0,0,0,0,0,,0
Nigeria,1984,0,0,0,0,0,0,0,0,0,,0
Nigeria,1985,0,0,0,0,0,0,0,0,0,,0
Nigeria,1986,0,0,0,0,0,0,0,0,0,,0
Nigeria,1987,0,0,0,0,0,0,0,0,0,,0
Nigeria,1988,0,0,0,0,0,0,0,0,0,,0
Nigeria,1989,0,0,0,0,0,0,0,0,0,,0
Nigeria,1990,0,0,0,0,0,0,0,0,0,,0
Nigeria,1991,0,0,0,0,0,0,0,0,0,,0
Nigeria,1992,0,0,0,0,0,0,0,0,0,,0
Nigeria,1993,0,0,0,0,0,0,0,0,0,,0
Nigeria,1994,0,0,0,0,0,0,0,0,0,,0
Nigeria,1995,0,0,0,0,0,0,0,0,0,,0
Nigeria,1996,0,0,0,0,0,0,0,0,0,,0
Nigeria,1997,0,0,0,0,0,0,0,0,0,,0
Nigeria,1998,0,0,0,0,0,0,0,0,0,,0
Nigeria,1999,0,0,0,0,0,0,0,0,0,,0
Nigeria,2000,0,0,0,0,0,0,0,0,0,,0
Nigeria,2001,0,0,0,0,0,0,0,0,0,,0
Nigeria,2002,0,0,0,0,0,0,0,0,0,,0
Nigeria,2003,0,0,0,0,0,0,0,0,0,,0
Nigeria,2004,0,0,0,0,0,0,0,0,0,,0
Nigeria,2005,0,0,0,0,0,0,0,0,0,,0
Nigeria,2006,0,0,0,0,0,0,0,0,0,,0
Nigeria,2007,0,0,0,0,0,0,0,0,0,,0
Nigeria,2008,0,0,0,0,0,0,0,0,0,,0
Nigeria,2009,0,0,0,0,0,0,0,0,0,,0
Nigeria,2010,0,0,0,0,0,0,0,0,0,,0
Nigeria,2011,0,0,0,0,0,0,0,0,0,,0
Nigeria,2012,0,0,0,0,0,0,0,0,0,,0
Nigeria,2013,0,0,0,0,0,0,0,0,1,"exp_part, imp_part",1
Nigeria,2014,0,0,0,0,0,0,0,0,1,"exp_part, imp_part",1
Nigeria,2015,0,0,0,0,0,0,0,0,1,"exp_part, imp_part",1
Nigeria,2016,0,0,0,0,0,0,0,0,1,"exp_part, imp_part",1
Nigeria,2017,0,0,0,0,0,0,0,0,1,"exp_part, imp_part",1
Nigeria,2018,0,0,0,0,0,0,0,0,1,"exp_part, imp_part",1
Nigeria,2019,0,0,0,0,0,0,0,0,1,"exp_part, imp_part",1
Nigeria,2020,0,0,0,0,0,0,0,0,1,"exp_part, imp_part",1
Nigeria,2021,0,0,0,0,0,0,0,0,1,"exp_part, imp_part",1
Nigeria,2022,0,0,0,0,0,0,0,0,1,"exp_part, imp_part",1
North,1950,0,0,0,0,0,0,0,0,1,"exp_compl, imp_compl",1
North,1951,0,0,0,0,0,0,0,0,1,"exp_compl, imp_compl",1
North,1952,0,0,0,0,0,0,0,0,1,"exp_compl, imp_compl",1
North,1953,0,0,0,0,0,0,0,0,1,"exp_compl, imp_compl",1
North,1954,0,0,0,0,0,0,0,0,1,"exp_compl, imp_compl",1
North,1955,0,0,0,0,0,0,0,0,1,"exp_compl, imp_compl",1
North,1956,0,0,0,0,0,0,0,0,1,"exp_compl, imp_compl",1
North,1957,0,0,0,0,0,0,0,0,1,"exp_compl, imp_compl",1
North,1958,0,0,0,0,0,0,0,0,1,"exp_compl, imp_compl",1
North,1959,0,0,0,0,0,0,0,0,1,"exp_compl, imp_compl",1
North,1960,0,0,0,0,0,0,0,0,1,"exp_compl, imp_compl",1
North,1961,0,0,0,0,0,0,0,0,1,"exp_compl, imp_compl",1
North,1962,0,0,0,0,0,0,0,0,1,"exp_compl, imp_compl",1
North,1963,0,0,0,0,0,0,0,0,1,"exp_compl, imp_compl",1
North,1964,0,0,0,0,0,0,0,0,1,"exp_compl, imp_compl",1
North,1965,0,0,0,0,0,0,0,0,1,"exp_compl, imp_compl",1
North,1966,0,0,0,0,0,0,0,0,1,"exp_compl, imp_compl",1
North,1967,0,0,0,0,0,0,0,0,1,"exp_compl, imp_compl",1
North,1968,0,0,0,0,0,0,0,0,1,"exp_compl, imp_compl",1
North,1969,0,0,0,0,0,0,0,0,1,"exp_compl, imp_compl",1
North,1970,0,0,0,0,0,0,0,0,1,"exp_compl, imp_compl",1
North,1971,0,0,0,0,0,0,0,0,1,"exp_compl, imp_compl",1
North,1972,0,0,0,0,0,0,0,0,1,"exp_compl, imp_compl",1
North,1973,0,0,0,0,0,0,0,0,1,"exp_compl, imp_compl",1
North,1974,0,0,0,0,0,0,0,0,1,"exp_compl, imp_compl",1
North,1975,0,0,0,0,0,0,0,0,1,"exp_compl, imp_compl",1
North,1976,0,0,0,0,0,0,0,0,1,"exp_compl, imp_compl",1
North,1977,0,0,0,0,0,0,0,0,1,"exp_compl, imp_compl",1
North,1978,0,0,0,0,0,0,0,0,1,"exp_compl, imp_compl",1
North,1979,0,0,0,0,0,0,0,0,1,"exp_compl, imp_compl",1
North,1980,0,0,0,0,0,0,0,0,1,"exp_compl, imp_compl",1
North,1981,0,0,0,0,0,0,0,0,1,"exp_compl, imp_compl",1
North,1982,0,0,0,0,0,0,0,0,1,"exp_compl, imp_compl",1
North,1983,0,0,0,0,0,0,0,0,1,"exp_compl, imp_compl",1
North,1984,0,0,0,0,0,0,0,0,1,"exp_compl, imp_compl",1
North,1985,0,0,0,0,0,0,0,0,1,"exp_compl, imp_compl",1
North,1986,0,0,0,0,0,0,0,0,1,"exp_compl, imp_compl",1
North,1987,0,0,0,0,0,0,0,0,1,"exp_compl, imp_compl",1
North,1988,0,0,0,0,0,0,0,0,1,"exp_compl, imp_compl",1
North,1989,0,0,0,0,0,0,0,0,1,"exp_compl, imp_compl",1
North,1990,0,0,0,0,0,0,0,0,1,"exp_compl, imp_compl",1
North,1991,0,0,0,0,0,0,0,0,1,"exp_compl, imp_compl",1
North,1992,0,0,0,0,0,0,0,0,1,"exp_compl, imp_compl",1
North,1993,0,0,0,0,0,0,0,0,1,"exp_compl, imp_compl",1
North,1994,0,0,0,0,0,0,0,0,1,"exp_compl, imp_compl",1
North,1995,0,0,0,0,0,0,0,0,1,"exp_compl, imp_compl",1
North,1996,0,0,0,0,0,0,0,0,1,"exp_compl, imp_compl",1
North,1997,0,0,0,0,0,0,0,0,1,"exp_compl, imp_compl",1
North,1998,0,0,0,0,0,0,0,0,1,"exp_compl, imp_compl",1
North,1999,0,0,0,0,0,0,0,0,1,"exp_compl, imp_compl",1
North,2000,0,0,0,0,0,0,0,0,1,"exp_compl, imp_compl",1
North,2001,0,0,0,0,0,0,0,0,1,"exp_compl, imp_compl",1
North,2002,0,0,0,0,0,0,0,0,1,"exp_compl, imp_compl; exp_part",1
North,2003,0,0,0,0,0,0,0,0,1,"exp_compl, imp_compl; exp_part",1
North,2004,0,0,0,0,0,0,0,0,1,"exp_compl, imp_compl; exp_part",1
North,2005,0,0,0,0,0,0,0,0,1,"exp_compl, imp_compl; exp_part",1
North,2006,1,0,1,0,1,0,0,0,1,"exp_compl, imp_compl; exp_part; exp_part, imp_part; imp_compl",1
North,2007,1,0,1,0,1,0,0,0,1,"exp_compl, imp_compl; exp_part; exp_part, imp_part; imp_compl",1
North,2008,1,0,1,0,1,0,0,0,1,"exp_compl, imp_compl; exp_part; exp_part, imp_part; imp_compl",1
North,2009,1,0,1,0,1,0,0,0,1,"exp_compl; exp_part; exp_part, imp_part; imp_compl",1
North,2010,1,0,1,0,1,0,0,0,1,"exp_compl; exp_part; exp_part, imp_part; imp_compl",1
North,2011,1,1,1,0,1,0,0,0,1,"exp_compl; exp_compl, imp_compl; exp_part; exp_part, imp_part; imp_compl",1
North,2012,1,1,1,0,1,0,0,0,1,"exp_compl; exp_compl, imp_compl; exp_part; exp_part, imp_part; imp_compl",1
North,2013,1,1,1,0,1,0,0,0,1,"exp_compl; exp_compl, imp_compl; exp_part; exp_part, imp_part; imp_compl",1
North,2014,1,1,1,0,1,0,0,0,1,"exp_compl; exp_compl, imp_compl; exp_part; exp_part, imp_part; imp_compl",1
North,2015,1,1,1,0,1,0,0,0,1,"exp_compl; exp_compl, imp_compl; exp_part; exp_part, imp_part; imp_compl",1
North,2016,1,1,1,0,1,0,0,0,1,"exp_compl; exp_compl, imp_compl; exp_part; exp_part, imp_part; imp_compl",1
North,2017,1,1,1,0,1,0,0,0,1,"exp_compl; exp_compl, imp_compl; exp_part; exp_part, imp_part; imp_compl",1
North,2018,1,1,1,0,1,0,0,0,1,"exp_compl; exp_compl, imp_compl; exp_part; exp_part, imp_part; imp_compl",1
North,2019,1,1,1,0,1,0,0,0,1,"exp_compl; exp_compl, imp_compl; exp_part; exp_part, imp_part; imp_compl",1
North,2020,1,1,1,0,1,0,0,0,1,"exp_compl; exp_compl, imp_compl; exp_part; exp_part, imp_part; imp_compl",1
North,2021,1,1,1,0,1,0,0,0,1,"exp_compl; exp_compl, imp_compl; exp_part; exp_part, imp_part; imp_compl",1
North,2022,1,1,1,0,1,0,0,0,1,"exp_compl; exp_compl, imp_compl; exp_part; exp_part, imp_part; imp_compl",1
North Vietnam,1950,0,0,0,0,0,0,0,0,0,,0
North Vietnam,1951,0,0,0,0,0,0,0,0,0,,0
North Vietnam,1952,0,0,0,0,0,0,0,0,0,,0
North Vietnam,1953,0,0,0,0,0,0,0,0,0,,0
North Vietnam,1954,0,0,0,0,0,0,0,0,1,exp_compl,1
North Vietnam,1955,0,0,0,0,0,0,0,0,1,exp_compl,1
North Vietnam,1956,0,0,0,0,0,0,0,0,1,exp_compl,1
North Vietnam,1957,0,0,0,0,0,0,0,0,1,exp_compl,1
North Vietnam,1958,0,0,0,0,0,0,0,0,1,exp_compl,1
North Vietnam,1959,0,0,0,0,0,0,0,0,1,exp_compl,1
North Vietnam,1960,0,0,0,0,0,0,0,0,1,exp_compl,1
North Vietnam,1961,0,0,0,0,0,0,0,0,1,exp_compl,1
North Vietnam,1962,0,0,0,0,0,0,0,0,1,exp_compl,1
North Vietnam,1963,0,0,0,0,0,0,0,0,1,exp_compl,1
North Vietnam,1964,0,0,0,0,0,0,0,0,1,"exp_compl; exp_compl, imp_compl",1
North Vietnam,1965,0,0,0,0,0,0,0,0,1,"exp_compl, imp_compl",1
North Vietnam,1966,0,0,0,0,0,0,0,0,1,"exp_compl, imp_compl",1
North Vietnam,1967,0,0,0,0,0,0,0,0,1,"exp_compl, imp_compl",1
North Vietnam,1968,0,0,0,0,0,0,0,0,1,"exp_compl, imp_compl",1
North Vietnam,1969,0,0,0,0,0,0,0,0,1,"exp_compl, imp_compl",1
North Vietnam,1970,0,0,0,0,0,0,0,0,1,"exp_compl, imp_compl",1
North Vietnam,1971,0,0,0,0,0,0,0,0,1,"exp_compl, imp_compl",1
North Vietnam,1972,0,0,0,0,0,0,0,0,1,"exp_compl, imp_compl",1
North Vietnam,1973,0,0,0,0,0,0,0,0,1,"exp_compl, imp_compl",1
North Vietnam,1974,0,0,0,0,0,0,0,0,1,"exp_compl, imp_compl",1
North Vietnam,1975,0,0,0,0,0,0,0,0,1,"exp_compl, imp_compl",1
North Vietnam,1976,0,0,0,0,0,0,0,0,0,,0
North Vietnam,1977,0,0,0,0,0,0,0,0,0,,0
North Vietnam,1978,0,0,0,0,0,0,0,0,0,,0
North Vietnam,1979,0,0,0,0,0,0,0,0,0,,0
North Vietnam,1980,0,0,0,0,0,0,0,0,0,,0
North Vietnam,1981,0,0,0,0,0,0,0,0,0,,0
North Vietnam,1982,0,0,0,0,0,0,0,0,0,,0
North Vietnam,1983,0,0,0,0,0,0,0,0,0,,0
North Vietnam,1984,0,0,0,0,0,0,0,0,0,,0
North Vietnam,1985,0,0,0,0,0,0,0,0,0,,0
North Vietnam,1986,0,0,0,0,0,0,0,0,0,,0
North Vietnam,1987,0,0,0,0,0,0,0,0,0,,0
North Vietnam,1988,0,0,0,0,0,0,0,0,0,,0
North Vietnam,1989,0,0,0,0,0,0,0,0,0,,0
North Vietnam,1990,0,0,0,0,0,0,0,0,0,,0
North Vietnam,1991,0,0,0,0,0,0,0,0,0,,0
North Vietnam,1992,0,0,0,0,0,0,0,0,0,,0
North Vietnam,1993,0,0,0,0,0,0,0,0,0,,0
North Vietnam,1994,0,0,0,0,0,0,0,0,0,,0
North Vietnam,1995,0,0,0,0,0,0,0,0,0,,0
North Vietnam,1996,0,0,0,0,0,0,0,0,0,,0
North Vietnam,1997,0,0,0,0,0,0,0,0,0,,0
North Vietnam,1998,0,0,0,0,0,0,0,0,0,,0
North Vietnam,1999,0,0,0,0,0,0,0,0,0,,0
North Vietnam,2000,0,0,0,0,0,0,0,0,0,,0
North Vietnam,2001,0,0,0,0,0,0,0,0,0,,0
North Vietnam,2002,0,0,0,0,0,0,0,0,0,,0
North Vietnam,2003,0,0,0,0,0,0,0,0,0,,0
North Vietnam,2004,0,0,0,0,0,0,0,0,0,,0
North Vietnam,2005,0,0,0,0,0,0,0,0,0,,0
North Vietnam,2006,0,0,0,0,0,0,0,0,0,,0
North Vietnam,2007,0,0,0,0,0,0,0,0,0,,0
North Vietnam,2008,0,0,0,0,0,0,0,0,0,,0
North Vietnam,2009,0,0,0,0,0,0,0,0,0,,0
North Vietnam,2010,0,0,0,0,0,0,0,0,0,,0
North Vietnam,2011,0,0,0,0,0,0,0,0,0,,0
North Vietnam,2012,0,0,0,0,0,0,0,0,0,,0
North Vietnam,2013,0,0,0,0,0,0,0,0,0,,0
North Vietnam,2014,0,0,0,0,0,0,0,0,0,,0
North Vietnam,2015,0,0,0,0,0,0,0,0,0,,0
North Vietnam,2016,0,0,0,0,0,0,0,0,0,,0
North Vietnam,2017,0,0,0,0,0,0,0,0,0,,0
North Vietnam,2018,0,0,0,0,0,0,0,0,0,,0
North Vietnam,2019,0,0,0,0,0,0,0,0,0,,0
North Vietnam,2020,0,0,0,0,0,0,0,0,0,,0
North Vietnam,2021,0,0,0,0,0,0,0,0,0,,0
North Vietnam,2022,0,0,0,0,0,0,0,0,0,,0
Norway,1950,0,0,0,0,0,0,0,0,0,,0
Norway,1951,0,0,0,0,0,0,0,0,0,,0
Norway,1952,0,0,0,0,0,0,0,0,0,,0
Norway,1953,0,0,0,0,0,0,0,0,0,,0
Norway,1954,0,0,0,0,0,0,0,0,0,,0
Norway,1955,0,0,0,0,0,0,0,0,0,,0
Norway,1956,0,0,0,0,0,0,0,0,0,,0
Norway,1957,0,0,0,0,0,0,0,0,0,,0
Norway,1958,0,0,0,0,0,0,0,0,0,,0
Norway,1959,0,0,0,0,0,0,0,0,0,,0
Norway,1960,0,0,0,0,0,0,0,0,0,,0
Norway,1961,0,0,0,0,0,0,0,0,0,,0
Norway,1962,0,0,0,0,0,0,0,0,0,,0
Norway,1963,0,0,0,0,0,0,0,0,0,,0
Norway,1964,0,0,0,0,0,0,0,0,0,,0
Norway,1965,0,0,0,0,0,0,0,0,0,,0
Norway,1966,0,0,0,0,0,0,0,0,0,,0
Norway,1967,0,0,0,0,0,0,0,0,0,,0
Norway,1968,0,0,0,0,0,0,0,0,0,,0
Norway,1969,0,0,0,0,0,0,0,0,0,,0
Norway,1970,0,0,0,0,0,0,0,0,0,,0
Norway,1971,0,0,0,0,0,0,0,0,0,,0
Norway,1972,0,0,0,0,0,0,0,0,0,,0
Norway,1973,0,0,0,0,0,0,0,0,0,,0
Norway,1974,0,0,0,0,0,0,0,0,0,,0
Norway,1975,0,0,0,0,0,0,0,0,0,,0
Norway,1976,0,0,0,0,0,0,0,0,0,,0
Norway,1977,0,0,0,0,0,0,0,0,0,,0
Norway,1978,0,0,0,0,0,0,0,0,0,,0
Norway,1979,0,0,0,0,0,0,0,0,0,,0
Norway,1980,0,0,0,0,0,0,0,0,0,,0
Norway,1981,0,0,0,0,0,0,0,0,0,,0
Norway,1982,0,0,0,0,0,0,0,0,0,,0
Norway,1983,0,0,0,0,0,0,0,0,0,,0
Norway,1984,0,0,0,0,0,0,0,0,0,,0
Norway,1985,0,0,0,0,0,0,0,0,0,,0
Norway,1986,0,0,0,0,0,0,0,0,0,,0
Norway,1987,0,0,0,0,0,0,0,0,0,,0
Norway,1988,0,0,0,0,0,0,0,0,0,,0
Norway,1989,0,0,0,0,0,0,0,0,0,,0
Norway,1990,0,0,0,0,0,0,0,0,0,,0
Norway,1991,0,0,0,0,0,0,0,0,0,,0
Norway,1992,0,0,0,0,0,0,0,0,0,,0
Norway,1993,0,0,0,0,0,0,0,0,0,,0
Norway,1994,0,0,0,0,0,0,0,0,0,,0
Norway,1995,0,0,0,0,0,0,0,0,0,,0
Norway,1996,0,0,0,0,0,0,0,0,0,,0
Norway,1997,0,0,0,0,0,0,0,0,0,,0
Norway,1998,0,0,0,0,0,0,0,0,0,,0
Norway,1999,0,0,0,0,0,0,0,0,0,,0
Norway,2000,0,0,0,0,0,0,0,0,0,,0
Norway,2001,0,0,0,0,0,0,0,0,0,,0
Norway,2002,0,0,0,0,0,0,0,0,0,,0
Norway,2003,0,0,0,0,0,0,0,0,0,,0
Norway,2004,0,0,0,0,0,0,0,0,0,,0
Norway,2005,0,0,0,0,0,0,0,0,0,,0
Norway,2006,0,0,0,0,0,0,0,0,0,,0
Norway,2007,0,0,0,0,0,0,0,0,0,,0
Norway,2008,0,0,0,0,0,0,0,0,0,,0
Norway,2009,0,0,0,0,0,0,0,0,0,,0
Norway,2010,0,0,0,0,0,0,0,0,0,,0
Norway,2011,0,0,0,0,0,0,0,0,0,,0
Norway,2012,0,0,0,0,0,0,0,0,0,,0
Norway,2013,0,0,0,0,0,0,0,0,0,,0
Norway,2014,0,0,0,0,0,1,0,0,0,imp_part,1
Norway,2015,0,0,0,0,0,1,0,0,0,imp_part,1
Norway,2016,0,0,0,0,0,1,0,0,0,imp_part,1
Norway,2017,0,0,0,0,0,1,0,0,0,imp_part,1
Norway,2018,0,0,0,0,0,1,0,0,0,imp_part,1
Norway,2019,0,0,0,0,0,1,0,0,0,imp_part,1
Norway,2020,0,0,0,0,0,1,0,0,0,imp_part,1
Norway,2021,0,0,0,0,0,1,0,0,0,imp_part,1
Norway,2022,0,0,0,0,0,1,0,0,0,imp_part,1
Pakistan,1950,0,0,0,1,0,0,0,0,0,"exp_compl, imp_compl",1
Pakistan,1951,0,0,0,1,0,0,0,0,0,"exp_compl, imp_compl",1
Pakistan,1952,0,0,0,0,0,0,0,0,0,,0
Pakistan,1953,0,0,0,0,0,0,0,0,0,,0
Pakistan,1954,0,0,0,0,0,0,0,0,0,,0
Pakistan,1955,0,0,0,0,0,0,0,0,0,,0
Pakistan,1956,0,0,0,0,0,0,0,0,0,,0
Pakistan,1957,0,0,0,0,0,0,0,0,0,,0
Pakistan,1958,0,0,0,0,0,0,0,0,0,,0
Pakistan,1959,0,0,0,0,0,0,0,0,0,,0
Pakistan,1960,0,0,0,0,0,0,0,0,0,,0
Pakistan,1961,0,0,0,0,0,0,0,0,0,,0
Pakistan,1962,0,0,0,0,0,0,0,0,0,,0
Pakistan,1963,0,0,0,0,0,0,0,0,0,,0
Pakistan,1964,0,0,0,0,0,0,0,0,0,,0
Pakistan,1965,0,0,0,0,0,0,0,0,0,,0
Pakistan,1966,0,0,0,0,0,0,0,0,0,,0
Pakistan,1967,0,0,0,0,0,0,0,0,0,,0
Pakistan,1968,0,0,0,0,0,0,0,0,0,,0
Pakistan,1969,0,0,0,0,0,0,0,0,0,,0
Pakistan,1970,0,0,0,0,0,0,0,0,0,,0
Pakistan,1971,0,0,0,1,0,0,0,0,0,"exp_compl, imp_compl",1
Pakistan,1972,0,0,0,1,0,0,0,0,0,"exp_compl, imp_compl",1
Pakistan,1973,0,0,0,1,0,0,0,0,0,"exp_compl, imp_compl",1
Pakistan,1974,0,1,0,1,0,0,0,0,0,"exp_compl, imp_compl; exp_part",1
Pakistan,1975,0,1,0,1,0,0,0,0,0,"exp_compl, imp_compl; exp_part",1
Pakistan,1976,0,1,0,1,0,0,0,0,0,"exp_compl, imp_compl; exp_part",1
Pakistan,1977,0,0,0,0,0,0,0,0,0,,0
Pakistan,1978,0,0,0,0,0,0,0,0,0,,0
Pakistan,1979,0,0,0,0,0,0,0,0,0,,0
Pakistan,1980,0,0,0,0,0,0,0,0,0,,0
Pakistan,1981,0,0,0,0,0,0,0,0,0,,0
Pakistan,1982,0,0,0,0,0,0,0,0,0,,0
Pakistan,1983,0,0,0,0,0,0,0,0,0,,0
Pakistan,1984,0,0,0,0,0,0,0,0,0,,0
Pakistan,1985,0,0,0,0,0,0,0,0,0,,0
Pakistan,1986,0,0,0,0,0,0,0,0,0,,0
Pakistan,1987,0,0,0,0,0,0,0,0,0,,0
Pakistan,1988,0,0,0,0,0,0,0,0,0,,0
Pakistan,1989,0,0,0,0,0,0,0,0,0,,0
Pakistan,1990,0,0,0,0,0,0,0,0,0,,0
Pakistan,1991,0,0,0,0,0,0,0,0,0,,0
Pakistan,1992,0,0,0,0,0,0,0,0,0,,0
Pakistan,1993,0,0,0,0,0,0,0,0,1,exp_part,1
Pakistan,1994,0,0,0,0,0,0,0,0,1,exp_part,1
Pakistan,1995,0,0,0,0,0,0,0,0,1,exp_part,1
Pakistan,1996,0,0,0,0,0,0,0,0,0,,0
Pakistan,1997,0,0,0,0,0,0,0,0,0,,0
Pakistan,1998,0,0,0,0,0,0,0,0,0,,0
Pakistan,1999,0,0,0,0,0,0,0,0,0,,0
Pakistan,2000,0,0,0,0,0,0,0,0,0,,0
Pakistan,2001,0,0,0,0,0,0,0,0,0,,0
Pakistan,2002,0,0,0,0,0,0,0,0,0,,0
Pakistan,2003,0,0,0,0,0,0,0,0,0,,0
Pakistan,2004,0,0,0,0,0,0,0,0,0,,0
Pakistan,2005,0,0,0,0,0,0,0,0,0,,0
Pakistan,2006,0,0,0,0,0,0,0,0,0,,0
Pakistan,2007,0,0,0,0,0,0,0,0,0,,0
Pakistan,2008,0,0,0,0,0,0,0,0,0,,0
Pakistan,2009,0,0,0,0,0,0,0,0,0,,0
Pakistan,2010,0,0,0,0,0,0,0,0,0,,0
Pakistan,2011,0,0,0,0,0,0,0,0,0,,0
Pakistan,2012,0,0,0,0,0,0,0,0,0,,0
Pakistan,2013,0,0,0,0,0,0,0,0,0,,0
Pakistan,2014,0,0,0,0,0,0,0,0,0,,0
Pakistan,2015,0,0,0,0,0,0,0,0,0,,0
Pakistan,2016,0,0,0,0,0,0,0,0,0,,0
Pakistan,2017,0,0,0,0,0,0,0,0,0,,0
Pakistan,2018,0,0,0,0,0,0,0,0,0,,0
Pakistan,2019,0,0,0,0,0,0,0,0,0,,0
Pakistan,2020,0,0,0,0,0,0,0,0,0,,0
Pakistan,2021,0,0,0,0,0,0,0,0,0,,0
Pakistan,2022,0,0,0,0,0,0,0,0,0,,0
Palestine,1950,0,0,0,0,0,0,0,0,0,,0
Palestine,1951,0,0,0,0,0,0,0,0,0,,0
Palestine,1952,0,0,0,0,0,0,0,0,0,,0
Palestine,1953,0,0,0,0,0,0,0,0,0,,0
Palestine,1954,0,0,0,0,0,0,0,0,0,,0
Palestine,1955,0,0,0,0,0,0,0,0,0,,0
Palestine,1956,0,0,0,0,0,0,0,0,0,,0
Palestine,1957,0,0,0,0,0,0,0,0,0,,0
Palestine,1958,0,0,0,0,0,0,0,0,0,,0
Palestine,1959,0,0,0,0,0,0,0,0,0,,0
Palestine,1960,0,0,0,0,0,0,0,0,0,,0
Palestine,1961,0,0,0,0,0,0,0,0,0,,0
Palestine,1962,0,0,0,0,0,0,0,0,0,,0
Palestine,1963,0,0,0,0,0,0,0,0,0,,0
Palestine,1964,0,0,0,0,0,0,0,0,0,,0
Palestine,1965,0,0,0,0,0,0,0,0,0,,0
Palestine,1966,0,0,0,0,0,0,0,0,0,,0
Palestine,1967,0,0,0,0,0,0,0,0,0,,0
Palestine,1968,0,0,0,0,0,0,0,0,0,,0
Palestine,1969,0,0,0,0,0,0,0,0,0,,0
Palestine,1970,0,0,0,0,0,0,0,0,0,,0
Palestine,1971,0,0,0,0,0,0,0,0,0,,0
Palestine,1972,0,0,0,0,0,0,0,0,0,,0
Palestine,1973,0,0,0,0,0,0,0,0,0,,0
Palestine,1974,0,0,0,0,0,0,0,0,0,,0
Palestine,1975,0,0,0,0,0,0,0,0,0,,0
Palestine,1976,0,0,0,0,0,0,0,0,0,,0
Palestine,1977,0,0,0,0,0,0,0,0,0,,0
Palestine,1978,0,0,0,0,0,0,0,0,0,,0
Palestine,1979,0,0,0,0,0,0,0,0,0,,0
Palestine,1980,0,0,0,0,0,0,0,0,0,,0
Palestine,1981,0,0,0,0,0,0,0,0,0,,0
Palestine,1982,0,0,0,0,0,0,0,0,0,,0
Palestine,1983,0,0,0,0,0,0,0,0,0,,0
Palestine,1984,0,0,0,0,0,0,0,0,0,,0
Palestine,1985,0,0,0,0,0,0,0,0,0,,0
Palestine,1986,0,0,0,0,0,0,0,0,0,,0
Palestine,1987,0,0,0,0,0,0,0,0,0,,0
Palestine,1988,0,0,0,0,0,0,0,0,0,,0
Palestine,1989,0,0,0,0,0,0,0,0,0,,0
Palestine,1990,0,0,0,0,0,0,0,0,0,,0
Palestine,1991,0,0,0,0,0,0,0,0,0,,0
Palestine,1992,0,0,0,0,0,0,0,0,0,,0
Palestine,1993,0,0,0,0,0,0,0,0,0,,0
Palestine,1994,0,0,0,0,0,0,0,0,0,,0
Palestine,1995,0,0,0,0,0,0,0,0,0,,0
Palestine,1996,0,0,0,0,0,0,0,0,0,,0
Palestine,1997,0,0,0,0,0,0,0,0,0,,0
Palestine,1998,0,0,0,0,0,0,0,0,0,,0
Palestine,1999,0,0,0,0,0,0,0,0,0,,0
Palestine,2000,0,0,0,0,0,0,0,0,0,,0
Palestine,2001,0,0,0,0,0,0,0,0,0,,0
Palestine,2002,0,0,0,0,0,0,0,0,0,,0
Palestine,2003,0,0,0,0,0,0,0,0,0,,0
Palestine,2004,0,0,0,0,0,0,0,0,0,,0
Palestine,2005,0,0,0,0,0,0,0,0,0,,0
Palestine,2006,0,0,0,0,0,0,0,0,0,,0
Palestine,2007,0,0,0,0,0,0,0,0,0,,0
Palestine,2008,0,0,0,0,0,0,0,0,0,,0
Palestine,2009,0,0,0,0,0,0,0,0,0,,0
Palestine,2010,0,0,0,0,0,0,0,0,0,,0
Palestine,2011,0,0,0,0,0,0,0,0,0,,0
Palestine,2012,0,0,0,0,0,0,0,0,1,"exp_part, imp_part",1
Palestine,2013,0,0,0,0,0,0,0,0,1,"exp_part, imp_part",1
Palestine,2014,0,0,0,0,0,0,0,0,1,"exp_part, imp_part",1
Palestine,2015,0,0,0,0,0,0,0,0,1,"exp_part, imp_part",1
Palestine,2016,0,0,0,0,0,0,0,0,1,"exp_part, imp_part",1
Palestine,2017,0,0,0,0,0,0,0,0,0,,0
Palestine,2018,0,0,0,0,0,0,0,0,0,,0
Palestine,2019,0,0,0,0,0,0,0,0,0,,0
Palestine,2020,0,0,0,0,0,0,0,0,0,,0
Palestine,2021,0,0,0,0,0,0,0,0,0,,0
Palestine,2022,0,0,0,0,0,0,0,0,0,,0
Panama,1950,0,0,0,0,0,0,0,0,0,,0
Panama,1951,0,0,0,0,0,0,0,0,0,,0
Panama,1952,0,0,0,0,0,0,0,0,0,,0
Panama,1953,0,0,0,0,0,0,0,0,0,,0
Panama,1954,0,0,0,0,0,0,0,0,0,,0
Panama,1955,0,0,0,0,0,0,0,0,0,,0
Panama,1956,0,0,0,0,0,0,0,0,0,,0
Panama,1957,0,0,0,0,0,0,0,0,0,,0
Panama,1958,0,0,0,0,0,0,0,0,0,,0
Panama,1959,0,0,0,0,0,0,0,0,0,,0
Panama,1960,0,0,0,0,0,0,0,0,0,,0
Panama,1961,0,0,0,0,0,0,0,0,0,,0
Panama,1962,0,0,0,0,0,0,0,0,0,,0
Panama,1963,0,0,0,0,0,0,0,0,0,,0
Panama,1964,0,0,0,0,0,0,0,0,0,,0
Panama,1965,0,0,0,0,0,0,0,0,0,,0
Panama,1966,0,0,0,0,0,0,0,0,0,,0
Panama,1967,0,0,0,0,0,0,0,0,0,,0
Panama,1968,0,0,0,0,0,0,0,0,0,,0
Panama,1969,0,0,0,0,0,0,0,0,0,,0
Panama,1970,0,0,0,0,0,0,0,0,0,,0
Panama,1971,0,0,0,0,0,0,0,0,0,,0
Panama,1972,0,0,0,0,0,0,0,0,0,,0
Panama,1973,0,0,0,0,0,0,0,0,0,,0
Panama,1974,0,0,0,0,0,0,0,0,0,,0
Panama,1975,0,0,0,0,0,0,0,0,0,,0
Panama,1976,0,0,0,0,0,0,0,0,0,,0
Panama,1977,0,0,0,0,0,0,0,0,0,,0
Panama,1978,0,0,0,0,0,0,0,0,0,,0
Panama,1979,0,0,0,0,0,0,0,0,0,,0
Panama,1980,0,0,0,0,0,0,0,0,0,,0
Panama,1981,0,0,0,0,0,0,0,0,0,,0
Panama,1982,0,0,0,0,0,0,0,0,0,,0
Panama,1983,0,0,0,0,0,0,0,0,0,,0
Panama,1984,0,0,0,0,0,0,0,0,0,,0
Panama,1985,0,0,0,0,0,0,0,0,0,,0
Panama,1986,0,0,0,0,0,0,0,0,0,,0
Panama,1987,0,0,0,0,0,0,0,0,1,imp_part,1
Panama,1988,0,0,0,0,0,0,0,0,1,imp_part,1
Panama,1989,0,0,0,0,0,0,0,0,1,imp_part,1
Panama,1990,0,0,0,0,0,0,0,0,0,,0
Panama,1991,0,0,0,0,0,0,0,0,0,,0
Panama,1992,0,0,0,0,0,0,0,0,0,,0
Panama,1993,0,0,0,0,0,0,0,0,0,,0
Panama,1994,0,0,0,0,0,0,0,0,0,,0
Panama,1995,0,0,0,0,0,0,0,0,0,,0
Panama,1996,0,0,0,0,0,0,0,0,0,,0
Panama,1997,0,0,0,0,0,0,0,0,0,,0
Panama,1998,0,0,0,0,0,0,0,0,0,,0
Panama,1999,0,0,0,0,0,0,0,0,0,,0
Panama,2000,0,0,0,0,0,0,0,0,0,,0
Panama,2001,0,0,0,0,0,0,0,0,0,,0
Panama,2002,0,0,0,0,0,0,0,0,0,,0
Panama,2003,0,0,0,0,0,0,0,0,0,,0
Panama,2004,0,0,0,0,0,0,0,0,0,,0
Panama,2005,0,0,0,0,0,0,0,0,0,,0
Panama,2006,0,0,0,0,0,0,0,0,0,,0
Panama,2007,0,0,0,0,0,0,0,0,0,,0
Panama,2008,0,0,0,0,0,0,0,0,0,,0
Panama,2009,0,0,0,0,0,0,0,0,0,,0
Panama,2010,0,0,0,0,0,0,0,0,0,,0
Panama,2011,0,0,0,0,0,0,0,0,1,"exp_part, imp_part",1
Panama,2012,0,0,0,0,0,0,0,0,1,"exp_part, imp_part",1
Panama,2013,0,0,0,0,0,0,0,0,1,"exp_part, imp_part",1
Panama,2014,0,0,0,0,0,0,0,0,1,"exp_part, imp_part",1
Panama,2015,0,0,0,0,0,0,0,0,1,"exp_part, imp_part",1
Panama,2016,0,0,0,0,0,0,0,0,1,"exp_part, imp_part",1
Panama,2017,0,0,0,0,0,0,0,0,1,"exp_part, imp_part",1
Panama,2018,0,0,0,0,0,0,0,0,1,"exp_part, imp_part",1
Panama,2019,0,0,0,0,0,0,0,0,1,"exp_part, imp_part",1
Panama,2020,0,0,0,0,0,0,0,0,1,"exp_part, imp_part",1
Panama,2021,0,0,0,0,0,0,0,0,1,"exp_part, imp_part",1
Panama,2022,0,0,0,0,0,0,0,0,1,"exp_part, imp_part",1
Paraguay,1950,0,0,0,0,0,0,0,0,0,,0
Paraguay,1951,0,0,0,0,0,0,0,0,0,,0
Paraguay,1952,0,0,0,0,0,0,0,0,0,,0
Paraguay,1953,0,0,0,0,0,0,0,0,0,,0
Paraguay,1954,0,0,0,0,0,0,0,0,0,,0
Paraguay,1955,0,0,0,0,0,0,0,0,0,,0
Paraguay,1956,0,0,0,0,0,0,0,0,0,,0
Paraguay,1957,0,0,0,0,0,0,0,0,0,,0
Paraguay,1958,0,0,0,0,0,0,0,0,0,,0
Paraguay,1959,0,0,0,0,0,0,0,0,0,,0
Paraguay,1960,0,0,0,0,0,0,0,0,0,,0
Paraguay,1961,0,0,0,0,0,0,0,0,0,,0
Paraguay,1962,0,0,0,0,0,0,0,0,0,,0
Paraguay,1963,0,0,0,0,0,0,0,0,0,,0
Paraguay,1964,0,0,0,0,0,0,0,0,0,,0
Paraguay,1965,0,0,0,0,0,0,0,0,0,,0
Paraguay,1966,0,0,0,0,0,0,0,0,0,,0
Paraguay,1967,0,0,0,0,0,0,0,0,0,,0
Paraguay,1968,0,0,0,0,0,0,0,0,0,,0
Paraguay,1969,0,0,0,0,0,0,0,0,0,,0
Paraguay,1970,0,0,0,0,0,0,0,0,0,,0
Paraguay,1971,0,0,0,0,0,0,0,0,0,,0
Paraguay,1972,0,0,0,0,0,0,0,0,0,,0
Paraguay,1973,0,0,0,0,0,0,0,0,0,,0
Paraguay,1974,0,0,0,0,0,0,0,0,0,,0
Paraguay,1975,0,0,0,0,0,0,0,0,0,,0
Paraguay,1976,0,0,0,0,0,0,0,0,0,,0
Paraguay,1977,0,0,0,0,0,0,0,0,0,,0
Paraguay,1978,0,0,0,0,0,0,0,0,0,,0
Paraguay,1979,0,0,0,0,0,0,0,0,0,,0
Paraguay,1980,0,0,0,0,0,0,0,0,0,,0
Paraguay,1981,0,0,0,0,0,0,0,0,0,,0
Paraguay,1982,0,0,0,0,0,0,0,0,0,,0
Paraguay,1983,0,0,0,0,0,0,0,0,0,,0
Paraguay,1984,0,0,0,0,0,0,0,0,0,,0
Paraguay,1985,0,0,0,0,0,0,0,0,0,,0
Paraguay,1986,0,0,0,0,0,0,0,0,0,,0
Paraguay,1987,0,0,0,0,0,0,0,0,0,,0
Paraguay,1988,0,0,0,0,0,0,0,0,0,,0
Paraguay,1989,0,0,0,0,0,0,0,0,0,,0
Paraguay,1990,0,0,0,0,0,0,0,0,0,,0
Paraguay,1991,0,0,0,0,0,0,0,0,0,,0
Paraguay,1992,0,0,0,0,0,0,0,0,0,,0
Paraguay,1993,0,0,0,0,0,0,0,0,0,,0
Paraguay,1994,0,0,0,0,0,0,0,0,0,,0
Paraguay,1995,0,0,0,0,0,0,0,0,0,,0
Paraguay,1996,0,0,0,0,0,0,0,0,0,,0
Paraguay,1997,0,0,0,0,0,0,0,0,0,,0
Paraguay,1998,0,0,0,0,0,0,0,0,0,,0
Paraguay,1999,0,0,0,0,0,0,0,0,0,,0
Paraguay,2000,0,0,0,0,0,0,0,0,0,,0
Paraguay,2001,0,0,0,0,0,0,0,0,0,,0
Paraguay,2002,0,0,0,0,0,0,0,0,0,,0
Paraguay,2003,0,0,0,0,0,0,0,0,0,,0
Paraguay,2004,0,0,0,0,0,0,0,0,0,,0
Paraguay,2005,0,0,0,0,0,0,0,0,0,,0
Paraguay,2006,0,0,0,0,0,0,0,0,0,,0
Paraguay,2007,0,0,0,0,0,0,0,0,0,,0
Paraguay,2008,0,0,0,0,0,0,0,0,0,,0
Paraguay,2009,0,0,0,0,0,0,0,0,0,,0
Paraguay,2010,0,0,0,0,0,0,0,0,0,,0
Paraguay,2011,0,0,0,0,0,0,0,0,0,,0
Paraguay,2012,0,0,0,0,0,0,0,0,0,,0
Paraguay,2013,0,0,0,0,0,0,0,0,0,,0
Paraguay,2014,0,0,0,0,0,0,0,0,0,,0
Paraguay,2015,0,0,0,0,0,0,0,0,0,,0
Paraguay,2016,0,0,0,0,0,0,0,0,0,,0
Paraguay,2017,0,0,0,0,0,0,0,0,0,,0
Paraguay,2018,0,0,0,0,0,0,0,0,0,,0
Paraguay,2019,0,0,0,0,0,0,0,0,0,,0
Paraguay,2020,0,0,0,0,0,0,0,0,0,,0
Paraguay,2021,0,0,0,0,0,0,0,0,1,"exp_part, imp_part",1
Paraguay,2022,0,0,0,0,0,0,0,0,1,"exp_part, imp_part",1
Poland,1950,0,0,0,0,0,0,0,0,0,,0
Poland,1951,0,0,0,0,0,0,0,0,0,,0
Poland,1952,0,0,0,0,0,0,0,0,0,,0
Poland,1953,0,0,0,0,0,0,0,0,0,,0
Poland,1954,0,0,0,0,0,0,0,0,0,,0
Poland,1955,0,0,0,0,0,0,0,0,0,,0
Poland,1956,0,0,0,0,0,0,0,0,0,,0
Poland,1957,0,0,0,0,0,0,0,0,0,,0
Poland,1958,0,0,0,0,0,0,0,0,0,,0
Poland,1959,0,0,0,0,0,0,0,0,0,,0
Poland,1960,0,0,0,0,0,0,0,0,0,,0
Poland,1961,0,0,0,0,0,0,0,0,0,,0
Poland,1962,0,0,0,0,0,0,0,0,0,,0
Poland,1963,0,0,0,0,0,0,0,0,0,,0
Poland,1964,0,0,0,0,0,0,0,0,0,,0
Poland,1965,0,0,0,0,0,0,0,0,0,,0
Poland,1966,0,0,0,0,0,0,0,0,0,,0
Poland,1967,0,0,0,0,0,0,0,0,0,,0
Poland,1968,0,0,0,0,0,0,0,0,0,,0
Poland,1969,0,0,0,0,0,0,0,0,0,,0
Poland,1970,0,0,0,0,0,0,0,0,0,,0
Poland,1971,0,0,0,0,0,0,0,0,0,,0
Poland,1972,0,0,0,0,0,0,0,0,0,,0
Poland,1973,0,0,0,0,0,0,0,0,0,,0
Poland,1974,0,0,0,0,0,0,0,0,0,,0
Poland,1975,0,0,0,0,0,0,0,0,0,,0
Poland,1976,0,0,0,0,0,0,0,0,0,,0
Poland,1977,0,0,0,0,0,0,0,0,0,,0
Poland,1978,0,0,0,0,0,0,0,0,0,,0
Poland,1979,0,0,0,0,0,0,0,0,0,,0
Poland,1980,0,0,0,0,0,0,0,0,0,,0
Poland,1981,0,0,0,0,0,0,0,0,1,exp_part,1
Poland,1982,0,0,0,0,0,0,0,0,1,exp_part; imp_part,1
Poland,1983,0,0,0,0,0,0,0,0,1,exp_part; imp_part,1
Poland,1984,0,0,0,0,0,0,0,0,1,exp_part; imp_part,1
Poland,1985,0,0,0,0,0,0,0,0,1,exp_part; imp_part,1
Poland,1986,0,0,0,0,0,0,0,0,1,exp_part; imp_part,1
Poland,1987,0,0,0,0,0,0,0,0,1,exp_part; imp_part,1
Poland,1988,0,0,0,0,0,0,0,0,0,,0
Poland,1989,0,0,0,0,0,0,0,0,0,,0
Poland,1990,0,0,0,0,0,0,0,0,0,,0
Poland,1991,0,0,0,0,0,0,0,0,0,,0
Poland,1992,0,0,0,0,0,0,0,0,0,,0
Poland,1993,0,0,0,0,0,0,0,0,0,,0
Poland,1994,0,0,0,0,0,0,0,0,0,,0
Poland,1995,0,0,0,0,0,0,0,0,0,,0
Poland,1996,0,0,0,0,0,0,0,0,0,,0
Poland,1997,0,0,0,0,0,0,0,0,0,,0
Poland,1998,0,0,0,0,0,0,0,0,0,,0
Poland,1999,0,0,0,0,0,0,0,0,0,,0
Poland,2000,0,0,0,0,0,0,0,0,0,,0
Poland,2001,0,0,0,0,0,0,0,0,0,,0
Poland,2002,0,0,0,0,0,0,0,0,0,,0
Poland,2003,0,0,0,0,0,0,0,0,0,,0
Poland,2004,0,0,0,0,0,0,0,0,0,,0
Poland,2005,0,0,0,0,0,0,0,0,0,,0
Poland,2006,0,0,0,0,0,0,0,0,0,,0
Poland,2007,0,0,0,0,0,0,0,0,0,,0
Poland,2008,0,0,0,0,0,0,0,0,0,,0
Poland,2009,0,0,0,0,0,0,0,0,0,,0
Poland,2010,0,0,0,0,0,0,0,0,0,,0
Poland,2011,0,0,0,0,0,0,0,0,0,,0
Poland,2012,0,0,0,0,0,0,0,0,0,,0
Poland,2013,0,0,0,0,0,0,0,0,0,,0
Poland,2014,0,0,0,0,0,0,0,0,0,,0
Poland,2015,0,0,0,0,0,0,0,0,0,,0
Poland,2016,0,0,0,0,0,0,0,0,0,,0
Poland,2017,0,0,0,0,0,0,0,0,0,,0
Poland,2018,0,0,0,0,0,0,0,0,0,,0
Poland,2019,0,0,0,0,0,0,0,0,0,,0
Poland,2020,0,0,0,0,0,0,0,0,0,,0
Poland,2021,0,0,0,0,0,0,0,0,0,,0
Poland,2022,0,0,0,0,0,1,0,0,0,exp_part,1
Portugal,1950,0,0,0,0,0,0,0,0,0,,0
Portugal,1951,0,0,0,0,0,0,0,0,0,,0
Portugal,1952,0,0,0,0,0,0,0,0,0,,0
Portugal,1953,0,0,0,0,0,0,0,0,0,,0
Portugal,1954,0,0,0,0,0,0,0,0,0,,0
Portugal,1955,0,0,0,1,0,0,0,0,0,"exp_compl, imp_compl",1
Portugal,1956,0,0,0,1,0,0,0,0,0,"exp_compl, imp_compl",1
Portugal,1957,0,0,0,1,0,0,0,0,0,"exp_compl, imp_compl",1
Portugal,1958,0,0,0,1,0,0,0,0,0,"exp_compl, imp_compl",1
Portugal,1959,0,0,0,1,0,0,0,0,0,"exp_compl, imp_compl",1
Portugal,1960,0,0,0,1,0,0,0,0,0,"exp_compl, imp_compl",1
Portugal,1961,0,0,0,1,0,0,0,0,0,"exp_compl, imp_compl",1
Portugal,1962,0,0,0,0,0,0,0,0,0,,0
Portugal,1963,0,0,0,0,0,0,0,0,0,,0
Portugal,1964,0,0,0,0,0,0,0,0,0,,0
Portugal,1965,0,0,0,0,0,0,0,0,0,,0
Portugal,1966,0,0,0,0,0,0,0,0,0,,0
Portugal,1967,0,0,0,0,0,0,0,0,0,,0
Portugal,1968,0,0,0,0,0,0,0,0,0,,0
Portugal,1969,0,0,0,0,0,0,0,0,0,,0
Portugal,1970,0,0,0,0,0,0,0,0,0,,0
Portugal,1971,0,0,0,0,0,0,0,0,0,,0
Portugal,1972,0,0,0,0,0,0,0,0,0,,0
Portugal,1973,0,0,0,0,0,0,0,0,0,,0
Portugal,1974,0,0,0,0,0,0,0,0,0,,0
Portugal,1975,0,0,0,0,0,0,0,0,0,,0
Portugal,1976,0,0,0,0,0,0,0,0,0,,0
Portugal,1977,0,0,0,0,0,0,0,0,0,,0
Portugal,1978,0,0,0,0,0,0,0,0,0,,0
Portugal,1979,0,0,0,0,0,0,0,0,0,,0
Portugal,1980,0,0,0,0,0,0,0,0,0,,0
Portugal,1981,0,0,0,0,0,0,0,0,0,,0
Portugal,1982,0,0,0,0,0,0,0,0,0,,0
Portugal,1983,0,0,0,0,0,0,0,0,0,,0
Portugal,1984,0,0,0,0,0,0,0,0,0,,0
Portugal,1985,0,0,0,0,0,0,0,0,0,,0
Portugal,1986,0,0,0,0,0,0,0,0,0,,0
Portugal,1987,0,0,0,0,0,0,0,0,0,,0
Portugal,1988,0,0,0,0,0,0,0,0,0,,0
Portugal,1989,0,0,0,0,0,0,0,0,0,,0
Portugal,1990,0,0,0,0,0,0,0,0,0,,0
Portugal,1991,0,0,0,0,0,0,0,0,0,,0
Portugal,1992,0,0,0,0,0,0,0,0,0,,0
Portugal,1993,0,0,0,0,0,0,0,0,0,,0
Portugal,1994,0,0,0,0,0,0,0,0,0,,0
Portugal,1995,0,0,0,0,0,0,0,0,0,,0
Portugal,1996,0,0,0,0,0,0,0,0,0,,0
Portugal,1997,0,0,0,0,0,0,0,0,0,,0
Portugal,1998,0,0,0,0,0,0,0,0,0,,0
Portugal,1999,0,0,0,0,0,0,0,0,0,,0
Portugal,2000,0,0,0,0,0,0,0,0,0,,0
Portugal,2001,0,0,0,0,0,0,0,0,0,,0
Portugal,2002,0,0,0,0,0,0,0,0,0,,0
Portugal,2003,0,0,0,0,0,0,0,0,0,,0
Portugal,2004,0,0,0,0,0,0,0,0,0,,0
Portugal,2005,0,0,0,0,0,0,0,0,0,,0
Portugal,2006,0,0,0,0,0,0,0,0,0,,0
Portugal,2007,0,0,0,0,0,0,0,0,0,,0
Portugal,2008,0,0,0,0,0,0,0,0,0,,0
Portugal,2009,0,0,0,0,0,0,0,0,0,,0
Portugal,2010,0,0,0,0,0,0,0,0,0,,0
Portugal,2011,0,0,0,0,0,0,0,0,0,,0
Portugal,2012,0,0,0,0,0,0,0,0,0,,0
Portugal,2013,0,0,0,0,0,0,0,0,0,,0
Portugal,2014,0,0,0,0,0,0,0,0,0,,0
Portugal,2015,0,0,0,0,0,0,0,0,0,,0
Portugal,2016,0,0,0,0,0,0,0,0,0,,0
Portugal,2017,0,0,0,0,0,0,0,0,0,,0
Portugal,2018,0,0,0,0,0,0,0,0,0,,0
Portugal,2019,0,0,0,0,0,0,0,0,0,,0
Portugal,2020,0,0,0,0,0,0,0,0,0,,0
Portugal,2021,0,0,0,0,0,0,0,0,0,,0
Portugal,2022,0,0,0,0,0,0,0,0,0,,0
Rhodesia,1950,0,0,0,0,0,0,0,0,0,,0
Rhodesia,1951,0,0,0,0,0,0,0,0,0,,0
Rhodesia,1952,0,0,0,0,0,0,0,0,0,,0
Rhodesia,1953,0,0,0,0,0,0,0,0,0,,0
Rhodesia,1954,0,0,0,0,0,0,0,0,0,,0
Rhodesia,1955,0,0,0,0,0,0,0,0,0,,0
Rhodesia,1956,0,0,0,0,0,0,0,0,0,,0
Rhodesia,1957,0,0,0,0,0,0,0,0,0,,0
Rhodesia,1958,0,0,0,0,0,0,0,0,0,,0
Rhodesia,1959,0,0,0,0,0,0,0,0,0,,0
Rhodesia,1960,0,0,0,0,0,0,0,0,0,,0
Rhodesia,1961,0,0,0,0,0,0,0,0,0,,0
Rhodesia,1962,0,0,0,0,0,0,0,0,0,,0
Rhodesia,1963,0,0,0,0,0,0,0,0,0,,0
Rhodesia,1964,0,0,0,0,0,0,0,0,0,,0
Rhodesia,1965,0,0,0,0,0,0,0,1,0,"exp_part, imp_part",1
Rhodesia,1966,1,1,0,0,0,0,1,1,0,"exp_compl, imp_part; exp_part, imp_part",1
Rhodesia,1967,1,1,0,0,0,0,1,1,1,"exp_compl, imp_part; exp_part, imp_part",1
Rhodesia,1968,1,1,0,0,0,0,1,1,1,"exp_compl, imp_part; exp_part, imp_part",1
Rhodesia,1969,1,1,0,0,0,0,1,1,1,"exp_compl, imp_part; exp_part, imp_part",1
Rhodesia,1970,1,1,0,0,0,0,1,1,1,"exp_compl, imp_part; exp_part, imp_part",1
Rhodesia,1971,1,1,0,0,0,0,1,1,1,"exp_compl, imp_part; exp_part, imp_part",1
Rhodesia,1972,1,1,0,0,0,0,1,1,1,"exp_compl, imp_part; exp_part, imp_part",1
Rhodesia,1973,1,1,0,0,0,0,1,1,1,"exp_compl, imp_part; exp_part, imp_part",1
Rhodesia,1974,1,1,0,0,0,0,1,1,1,"exp_compl, imp_part; exp_part, imp_part",1
Rhodesia,1975,1,1,0,0,0,0,1,1,1,"exp_compl, imp_part; exp_part, imp_part",1
Rhodesia,1976,1,1,0,0,0,0,1,1,1,"exp_compl, imp_part; exp_part, imp_part",1
Rhodesia,1977,1,1,0,0,0,0,1,1,1,"exp_compl, imp_part; exp_part, imp_part",1
Rhodesia,1978,1,1,0,0,0,0,1,1,1,"exp_compl, imp_part; exp_part, imp_part",1
Rhodesia,1979,1,1,0,0,0,0,1,1,1,"exp_compl, imp_part; exp_part, imp_part",1
Rhodesia,1980,0,0,0,0,0,0,0,0,0,,0
Rhodesia,1981,0,0,0,0,0,0,0,0,0,,0
Rhodesia,1982,0,0,0,0,0,0,0,0,0,,0
Rhodesia,1983,0,0,0,0,0,0,0,0,0,,0
Rhodesia,1984,0,0,0,0,0,0,0,0,0,,0
Rhodesia,1985,0,0,0,0,0,0,0,0,0,,0
Rhodesia,1986,0,0,0,0,0,0,0,0,0,,0
Rhodesia,1987,0,0,0,0,0,0,0,0,0,,0
Rhodesia,1988,0,0,0,0,0,0,0,0,0,,0
Rhodesia,1989,0,0,0,0,0,0,0,0,0,,0
Rhodesia,1990,0,0,0,0,0,0,0,0,0,,0
Rhodesia,1991,0,0,0,0,0,0,0,0,0,,0
Rhodesia,1992,0,0,0,0,0,0,0,0,0,,0
Rhodesia,1993,0,0,0,0,0,0,0,0,0,,0
Rhodesia,1994,0,0,0,0,0,0,0,0,0,,0
Rhodesia,1995,0,0,0,0,0,0,0,0,0,,0
Rhodesia,1996,0,0,0,0,0,0,0,0,0,,0
Rhodesia,1997,0,0,0,0,0,0,0,0,0,,0
Rhodesia,1998,0,0,0,0,0,0,0,0,0,,0
Rhodesia,1999,0,0,0,0,0,0,0,0,0,,0
Rhodesia,2000,0,0,0,0,0,0,0,0,0,,0
Rhodesia,2001,0,0,0,0,0,0,0,0,0,,0
Rhodesia,2002,0,0,0,0,0,0,0,0,0,,0
Rhodesia,2003,0,0,0,0,0,0,0,0,0,,0
Rhodesia,2004,0,0,0,0,0,0,0,0,0,,0
Rhodesia,2005,0,0,0,0,0,0,0,0,0,,0
Rhodesia,2006,0,0,0,0,0,0,0,0,0,,0
Rhodesia,2007,0,0,0,0,0,0,0,0,0,,0
Rhodesia,2008,0,0,0,0,0,0,0,0,0,,0
Rhodesia,2009,0,0,0,0,0,0,0,0,0,,0
Rhodesia,2010,0,0,0,0,0,0,0,0,0,,0
Rhodesia,2011,0,0,0,0,0,0,0,0,0,,0
Rhodesia,2012,0,0,0,0,0,0,0,0,0,,0
Rhodesia,2013,0,0,0,0,0,0,0,0,0,,0
Rhodesia,2014,0,0,0,0,0,0,0,0,0,,0
Rhodesia,2015,0,0,0,0,0,0,0,0,0,,0
Rhodesia,2016,0,0,0,0,0,0,0,0,0,,0
Rhodesia,2017,0,0,0,0,0,0,0,0,0,,0
Rhodesia,2018,0,0,0,0,0,0,0,0,0,,0
Rhodesia,2019,0,0,0,0,0,0,0,0,0,,0
Rhodesia,2020,0,0,0,0,0,0,0,0,0,,0
Rhodesia,2021,0,0,0,0,0,0,0,0,0,,0
Rhodesia,2022,0,0,0,0,0,0,0,0,0,,0
Romania,1950,0,0,0,0,0,0,0,0,0,,0
Romania,1951,0,0,0,0,0,0,0,0,0,,0
Romania,1952,0,0,0,0,0,0,0,0,0,,0
Romania,1953,0,0,0,0,0,0,0,0,0,,0
Romania,1954,0,0,0,0,0,0,0,0,0,,0
Romania,1955,0,0,0,0,0,0,0,0,0,,0
Romania,1956,0,0,0,0,0,0,0,0,0,,0
Romania,1957,0,0,0,0,0,0,0,0,1,"exp_compl, imp_compl",1
Romania,1958,0,0,0,0,0,0,0,0,1,"exp_compl, imp_compl",1
Romania,1959,0,0,0,0,0,0,0,0,1,"exp_compl, imp_compl",1
Romania,1960,0,0,0,0,0,0,0,0,1,"exp_compl, imp_compl",1
Romania,1961,0,0,0,0,0,0,0,0,0,,0
Romania,1962,0,0,0,0,0,0,0,0,0,,0
Romania,1963,0,0,0,0,0,0,0,0,0,,0
Romania,1964,0,0,0,0,0,0,0,0,0,,0
Romania,1965,0,0,0,0,0,0,0,0,0,,0
Romania,1966,0,0,0,0,0,0,0,0,0,,0
Romania,1967,0,0,0,0,0,0,0,0,0,,0
Romania,1968,0,0,0,0,0,0,0,0,0,,0
Romania,1969,0,0,0,0,0,0,0,0,0,,0
Romania,1970,0,0,0,0,0,0,0,0,0,,0
Romania,1971,0,0,0,0,0,0,0,0,0,,0
Romania,1972,0,0,0,0,0,0,0,0,0,,0
Romania,1973,0,0,0,0,0,0,0,0,0,,0
Romania,1974,0,0,0,0,0,0,0,0,0,,0
Romania,1975,0,0,0,0,0,0,0,0,0,,0
Romania,1976,0,0,0,0,0,0,0,0,0,,0
Romania,1977,0,0,0,0,0,0,0,0,0,,0
Romania,1978,0,0,0,0,0,0,0,0,0,,0
Romania,1979,0,0,0,0,0,0,0,0,0,,0
Romania,1980,0,0,0,0,0,0,0,0,0,,0
Romania,1981,0,0,0,0,0,0,0,0,0,,0
Romania,1982,0,0,0,0,0,0,0,0,0,,0
Romania,1983,0,0,0,0,0,0,0,0,0,,0
Romania,1984,0,0,0,0,0,0,0,0,0,,0
Romania,1985,0,0,0,0,0,0,0,0,0,,0
Romania,1986,0,0,0,0,0,0,0,0,0,,0
Romania,1987,0,0,0,0,0,0,0,0,1,imp_part,1
Romania,1988,0,0,0,0,0,0,0,0,1,imp_part,1
Romania,1989,0,0,0,0,0,0,0,0,1,imp_part,1
Romania,1990,0,0,0,0,0,0,0,0,1,imp_part,1
Romania,1991,0,0,0,0,0,0,0,0,1,imp_part,1
Romania,1992,0,0,0,0,0,0,0,0,1,imp_part,1
Romania,1993,0,0,0,0,0,0,0,0,1,imp_part,1
Romania,1994,0,0,0,0,0,0,0,0,1,imp_part,1
Romania,1995,0,0,0,0,0,0,0,0,1,imp_part,1
Romania,1996,0,0,0,0,0,0,0,0,1,imp_part,1
Romania,1997,0,0,0,0,0,0,0,0,0,,0
Romania,1998,0,0,0,0,0,0,0,0,0,,0
Romania,1999,0,0,0,0,0,0,0,0,0,,0
Romania,2000,0,0,0,0,0,0,0,0,0,,0
Romania,2001,0,0,0,0,0,0,0,0,0,,0
Romania,2002,0,0,0,0,0,0,0,0,0,,0
Romania,2003,0,0,0,0,0,0,0,0,0,,0
Romania,2004,0,0,0,0,0,0,0,0,0,,0
Romania,2005,0,0,0,0,0,0,0,0,0,,0
Romania,2006,0,0,0,0,0,0,0,0,0,,0
Romania,2007,0,0,0,0,0,0,0,0,0,,0
Romania,2008,0,0,0,0,0,0,0,0,0,,0
Romania,2009,0,0,0,0,0,0,0,0,0,,0
Romania,2010,0,0,0,0,0,0,0,0,0,,0
Romania,2011,0,0,0,0,0,0,0,0,0,,0
Romania,2012,0,0,0,0,0,0,0,0,0,,0
Romania,2013,0,0,0,0,0,0,0,0,0,,0
Romania,2014,0,0,0,0,0,0,0,0,0,,0
Romania,2015,0,0,0,0,0,0,0,0,0,,0
Romania,2016,0,0,0,0,0,0,0,0,0,,0
Romania,2017,0,0,0,0,0,0,0,0,0,,0
Romania,2018,0,0,0,0,0,0,0,0,0,,0
Romania,2019,0,0,0,0,0,0,0,0,0,,0
Romania,2020,0,0,0,0,0,0,0,0,0,,0
Romania,2021,0,0,0,0,0,0,0,0,0,,0
Romania,2022,0,0,0,0,0,0,0,0,0,,0
Russia,1950,0,0,0,0,0,0,0,0,0,,0
Russia,1951,0,0,0,0,0,0,0,0,0,,0
Russia,1952,0,0,0,0,0,0,0,0,0,,0
Russia,1953,0,0,0,0,0,0,0,0,0,,0
Russia,1954,0,0,0,0,0,0,0,0,0,,0
Russia,1955,0,0,0,0,0,0,0,0,0,,0
Russia,1956,0,0,0,0,0,0,0,0,0,,0
Russia,1957,0,0,0,0,0,0,0,0,0,,0
Russia,1958,0,0,0,0,0,0,0,0,0,,0
Russia,1959,0,0,0,0,0,0,0,0,0,,0
Russia,1960,0,0,0,0,0,0,0,0,0,,0
Russia,1961,0,0,0,0,0,0,0,0,0,,0
Russia,1962,0,0,0,0,0,0,0,0,0,,0
Russia,1963,0,0,0,0,0,0,0,0,0,,0
Russia,1964,0,0,0,0,0,0,0,0,0,,0
Russia,1965,0,0,0,0,0,0,0,0,0,,0
Russia,1966,0,0,0,0,0,0,0,0,0,,0
Russia,1967,0,0,0,0,0,0,0,0,0,,0
Russia,1968,0,0,0,0,0,0,0,0,0,,0
Russia,1969,0,0,0,0,0,0,0,0,0,,0
Russia,1970,0,0,0,0,0,0,0,0,0,,0
Russia,1971,0,0,0,0,0,0,0,0,0,,0
Russia,1972,0,0,0,0,0,0,0,0,0,,0
Russia,1973,0,0,0,0,0,0,0,0,0,,0
Russia,1974,0,0,0,0,0,0,0,0,0,,0
Russia,1975,0,0,0,0,0,0,0,0,0,,0
Russia,1976,0,0,0,0,0,0,0,0,0,,0
Russia,1977,0,0,0,0,0,0,0,0,0,,0
Russia,1978,0,0,0,0,0,0,0,0,0,,0
Russia,1979,0,0,0,0,0,0,0,0,0,,0
Russia,1980,0,0,0,0,0,0,0,0,0,,0
Russia,1981,0,0,0,0,0,0,0,0,0,,0
Russia,1982,0,0,0,0,0,0,0,0,0,,0
Russia,1983,0,0,0,0,0,0,0,0,0,,0
Russia,1984,0,0,0,0,0,0,0,0,0,,0
Russia,1985,0,0,0,0,0,0,0,0,0,,0
Russia,1986,0,0,0,0,0,0,0,0,0,,0
Russia,1987,0,0,0,0,0,0,0,0,0,,0
Russia,1988,0,0,0,0,0,0,0,0,0,,0
Russia,1989,0,0,0,0,0,0,0,0,0,,0
Russia,1990,0,0,0,0,0,0,0,0,0,,0
Russia,1991,0,0,0,0,0,0,0,0,0,,0
Russia,1992,0,0,0,0,0,0,0,0,0,,0
Russia,1993,0,0,0,0,0,0,0,0,0,,0
Russia,1994,0,0,0,0,0,0,0,0,0,,0
Russia,1995,0,0,0,0,0,0,0,0,0,,0
Russia,1996,0,0,0,0,0,0,0,0,0,,0
Russia,1997,0,0,0,0,0,0,0,0,0,,0
Russia,1998,0,0,0,0,0,0,0,0,0,,0
Russia,1999,0,0,0,0,0,0,0,0,0,,0
Russia,2000,0,0,0,0,0,0,0,0,0,,0
Russia,2001,0,0,0,0,0,0,0,0,0,,0
Russia,2002,0,0,0,0,0,0,0,0,0,,0
Russia,2003,0,0,0,0,0,0,0,0,0,,0
Russia,2004,0,0,0,0,0,0,0,0,0,,0
Russia,2005,0,0,0,0,0,0,0,0,0,,0
Russia,2006,0,0,0,0,0,0,0,0,0,,0
Russia,2007,0,0,0,0,0,0,0,0,0,,0
Russia,2008,0,0,0,0,0,0,0,0,0,,0
Russia,2009,0,0,0,0,0,0,0,0,0,,0
Russia,2010,0,0,0,0,0,0,0,0,0,,0
Russia,2011,0,0,0,0,0,0,0,0,0,,0
Russia,2012,0,0,0,0,0,0,0,0,0,,0
Russia,2013,0,0,0,0,0,0,0,0,0,,0
Russia,2014,1,1,1,0,1,0,1,0,1,"exp_part; exp_part, imp_part; imp_part",1
Russia,2015,1,1,1,0,1,0,1,0,1,"exp_part; exp_part, imp_part; imp_part",1
Russia,2016,1,1,1,0,1,0,1,0,1,"exp_part; exp_part, imp_part; imp_part",1
Russia,2017,1,1,1,0,1,0,1,0,1,"exp_part; exp_part, imp_part; imp_part",1
Russia,2018,1,1,1,0,1,0,1,0,1,"exp_part; exp_part, imp_part; imp_part",1
Russia,2019,1,1,1,0,1,0,1,0,1,"exp_part; exp_part, imp_part; imp_part",1
Russia,2020,1,1,1,0,1,0,1,0,1,"exp_part; exp_part, imp_part; imp_part",1
Russia,2021,1,1,1,0,1,0,1,1,1,"exp_part; exp_part, imp_part; imp_part",1
Russia,2022,1,1,1,0,1,0,1,1,1,"exp_part; exp_part, imp_part; exp_part,imp_compl; exp_part,imp_part; imp_part",1
Saudi Arabia,1950,0,0,0,0,0,0,0,0,0,,0
Saudi Arabia,1951,0,0,0,0,0,0,0,0,0,,0
Saudi Arabia,1952,0,0,0,0,0,0,0,0,0,,0
Saudi Arabia,1953,0,0,0,0,0,0,0,0,0,,0
Saudi Arabia,1954,0,0,0,0,0,0,0,0,0,,0
Saudi Arabia,1955,0,0,0,0,0,0,0,0,0,,0
Saudi Arabia,1956,0,0,0,0,0,0,0,0,0,,0
Saudi Arabia,1957,0,0,0,0,0,0,0,0,0,,0
Saudi Arabia,1958,0,0,0,0,0,0,0,0,0,,0
Saudi Arabia,1959,0,0,0,0,0,0,0,0,0,,0
Saudi Arabia,1960,0,0,0,0,0,0,0,0,0,,0
Saudi Arabia,1961,0,0,0,0,0,0,0,0,0,,0
Saudi Arabia,1962,0,0,0,0,0,0,0,0,0,,0
Saudi Arabia,1963,0,0,0,0,0,0,0,0,0,,0
Saudi Arabia,1964,0,0,0,0,0,0,0,0,0,,0
Saudi Arabia,1965,0,0,0,0,0,0,0,0,0,,0
Saudi Arabia,1966,0,0,0,0,0,0,0,0,0,,0
Saudi Arabia,1967,0,0,0,0,0,0,0,0,0,,0
Saudi Arabia,1968,0,0,0,0,0,0,0,0,0,,0
Saudi Arabia,1969,0,0,0,0,0,0,0,0,0,,0
Saudi Arabia,1970,0,0,0,0,0,0,0,0,0,,0
Saudi Arabia,1971,0,0,0,0,0,0,0,0,0,,0
Saudi Arabia,1972,0,0,0,0,0,0,0,0,0,,0
Saudi Arabia,1973,0,0,0,0,0,0,0,0,0,,0
Saudi Arabia,1974,0,0,0,0,0,0,0,0,0,,0
Saudi Arabia,1975,0,0,0,0,0,0,0,0,0,,0
Saudi Arabia,1976,0,0,0,0,0,0,0,0,0,,0
Saudi Arabia,1977,0,0,0,0,0,0,0,0,0,,0
Saudi Arabia,1978,0,0,0,0,0,0,0,0,0,,0
Saudi Arabia,1979,0,0,0,0,0,0,0,0,0,,0
Saudi Arabia,1980,0,0,0,0,0,0,0,0,0,,0
Saudi Arabia,1981,0,0,0,0,0,0,0,0,0,,0
Saudi Arabia,1982,0,0,0,0,0,0,0,0,0,,0
Saudi Arabia,1983,0,0,0,0,0,0,0,0,0,,0
Saudi Arabia,1984,0,0,0,0,0,0,0,0,0,,0
Saudi Arabia,1985,0,0,0,0,0,0,0,0,0,,0
Saudi Arabia,1986,0,0,0,0,0,0,0,0,0,,0
Saudi Arabia,1987,0,0,0,0,0,0,0,0,0,,0
Saudi Arabia,1988,0,0,0,0,0,0,0,0,0,,0
Saudi Arabia,1989,0,0,0,0,0,0,0,0,0,,0
Saudi Arabia,1990,0,0,0,0,0,0,0,0,0,,0
Saudi Arabia,1991,0,0,0,0,0,0,0,0,0,,0
Saudi Arabia,1992,0,0,0,0,0,0,0,0,0,,0
Saudi Arabia,1993,0,0,0,0,0,0,0,0,0,,0
Saudi Arabia,1994,0,0,0,0,0,0,0,0,0,,0
Saudi Arabia,1995,0,0,0,0,0,0,0,0,0,,0
Saudi Arabia,1996,0,0,0,0,0,0,0,0,0,,0
Saudi Arabia,1997,0,0,0,0,0,0,0,0,0,,0
Saudi Arabia,1998,0,0,0,0,0,0,0,0,0,,0
Saudi Arabia,1999,0,0,0,0,0,0,0,0,0,,0
Saudi Arabia,2000,0,0,0,0,0,0,0,0,0,,0
Saudi Arabia,2001,0,0,0,0,0,0,0,0,0,,0
Saudi Arabia,2002,0,0,0,0,0,0,0,0,0,,0
Saudi Arabia,2003,0,0,0,0,0,0,0,0,0,,0
Saudi Arabia,2004,0,0,0,0,0,0,0,0,0,,0
Saudi Arabia,2005,0,0,0,0,0,0,0,0,0,,0
Saudi Arabia,2006,0,0,0,0,0,0,0,0,0,,0
Saudi Arabia,2007,0,0,0,0,0,0,0,0,0,,0
Saudi Arabia,2008,0,0,0,0,0,0,0,0,0,,0
Saudi Arabia,2009,0,0,0,0,0,0,0,0,0,,0
Saudi Arabia,2010,0,0,0,0,0,0,0,0,0,,0
Saudi Arabia,2011,0,0,0,0,0,0,0,0,0,,0
Saudi Arabia,2012,0,0,0,0,0,0,0,0,0,,0
Saudi Arabia,2013,0,0,0,0,0,0,0,0,0,,0
Saudi Arabia,2014,0,0,0,0,0,0,0,0,0,,0
Saudi Arabia,2015,0,0,0,0,0,0,0,0,0,,0
Saudi Arabia,2016,0,0,0,0,0,0,0,0,0,,0
Saudi Arabia,2017,0,0,0,0,0,0,0,0,0,,0
Saudi Arabia,2018,0,1,0,0,0,0,0,0,1,"exp_part, imp_part",1
Saudi Arabia,2019,0,1,0,0,0,0,0,0,1,"exp_part, imp_part",1
Saudi Arabia,2020,0,1,0,0,0,0,0,0,1,"exp_part, imp_part",1
Saudi Arabia,2021,0,1,0,0,0,0,0,0,1,"exp_part, imp_part",1
Saudi Arabia,2022,0,1,0,0,0,0,0,0,1,"exp_part, imp_part",1
Sierra Leone,1950,0,0,0,0,0,0,0,0,0,,0
Sierra Leone,1951,0,0,0,0,0,0,0,0,0,,0
Sierra Leone,1952,0,0,0,0,0,0,0,0,0,,0
Sierra Leone,1953,0,0,0,0,0,0,0,0,0,,0
Sierra Leone,1954,0,0,0,0,0,0,0,0,0,,0
Sierra Leone,1955,0,0,0,0,0,0,0,0,0,,0
Sierra Leone,1956,0,0,0,0,0,0,0,0,0,,0
Sierra Leone,1957,0,0,0,0,0,0,0,0,0,,0
Sierra Leone,1958,0,0,0,0,0,0,0,0,0,,0
Sierra Leone,1959,0,0,0,0,0,0,0,0,0,,0
Sierra Leone,1960,0,0,0,0,0,0,0,0,0,,0
Sierra Leone,1961,0,0,0,0,0,0,0,0,0,,0
Sierra Leone,1962,0,0,0,0,0,0,0,0,0,,0
Sierra Leone,1963,0,0,0,0,0,0,0,0,0,,0
Sierra Leone,1964,0,0,0,0,0,0,0,0,0,,0
Sierra Leone,1965,0,0,0,0,0,0,0,0,0,,0
Sierra Leone,1966,0,0,0,0,0,0,0,0,0,,0
Sierra Leone,1967,0,0,0,0,0,0,0,0,0,,0
Sierra Leone,1968,0,0,0,0,0,0,0,0,0,,0
Sierra Leone,1969,0,0,0,0,0,0,0,0,0,,0
Sierra Leone,1970,0,0,0,0,0,0,0,0,0,,0
Sierra Leone,1971,0,0,0,0,0,0,0,0,0,,0
Sierra Leone,1972,0,0,0,0,0,0,0,0,0,,0
Sierra Leone,1973,0,0,0,0,0,0,0,0,0,,0
Sierra Leone,1974,0,0,0,0,0,0,0,0,0,,0
Sierra Leone,1975,0,0,0,0,0,0,0,0,0,,0
Sierra Leone,1976,0,0,0,0,0,0,0,0,0,,0
Sierra Leone,1977,0,0,0,0,0,0,0,0,0,,0
Sierra Leone,1978,0,0,0,0,0,0,0,0,0,,0
Sierra Leone,1979,0,0,0,0,0,0,0,0,0,,0
Sierra Leone,1980,0,0,0,0,0,0,0,0,0,,0
Sierra Leone,1981,0,0,0,0,0,0,0,0,0,,0
Sierra Leone,1982,0,0,0,0,0,0,0,0,0,,0
Sierra Leone,1983,0,0,0,0,0,0,0,0,0,,0
Sierra Leone,1984,0,0,0,0,0,0,0,0,0,,0
Sierra Leone,1985,0,0,0,0,0,0,0,0,0,,0
Sierra Leone,1986,0,0,0,0,0,0,0,0,0,,0
Sierra Leone,1987,0,0,0,0,0,0,0,0,0,,0
Sierra Leone,1988,0,0,0,0,0,0,0,0,0,,0
Sierra Leone,1989,0,0,0,0,0,0,0,0,0,,0
Sierra Leone,1990,0,0,0,0,0,0,0,0,0,,0
Sierra Leone,1991,0,0,0,0,0,0,0,0,0,,0
Sierra Leone,1992,0,0,0,0,0,0,0,0,0,,0
Sierra Leone,1993,0,0,0,0,0,0,0,0,0,,0
Sierra Leone,1994,0,0,0,0,0,0,0,0,0,,0
Sierra Leone,1995,0,0,0,0,0,0,0,0,0,,0
Sierra Leone,1996,0,0,0,0,0,0,0,0,0,,0
Sierra Leone,1997,0,0,0,0,0,0,0,0,0,,0
Sierra Leone,1998,0,0,0,0,0,0,0,0,0,,0
Sierra Leone,1999,0,0,0,0,0,0,0,0,0,,0
Sierra Leone,2000,0,0,0,0,0,0,0,0,0,,0
Sierra Leone,2001,0,0,0,0,0,0,0,0,0,,0
Sierra Leone,2002,0,0,0,0,0,0,0,0,0,,0
Sierra Leone,2003,0,0,0,0,0,0,0,0,0,,0
Sierra Leone,2004,0,0,0,0,0,0,0,0,0,,0
Sierra Leone,2005,0,0,0,0,0,0,0,0,0,,0
Sierra Leone,2006,0,0,0,0,0,0,0,0,0,,0
Sierra Leone,2007,0,0,0,0,0,0,0,0,0,,0
Sierra Leone,2008,0,0,0,0,0,0,0,0,0,,0
Sierra Leone,2009,0,0,0,0,0,0,0,0,0,,0
Sierra Leone,2010,0,0,0,0,0,0,0,0,0,,0
Sierra Leone,2011,0,0,0,0,0,0,0,0,0,,0
Sierra Leone,2012,0,0,0,0,0,0,0,0,0,,0
Sierra Leone,2013,0,0,0,0,0,0,0,0,0,,0
Sierra Leone,2014,0,0,0,0,0,0,0,0,0,,0
Sierra Leone,2015,0,0,0,0,0,0,0,0,0,,0
Sierra Leone,2016,0,0,0,0,0,0,0,0,0,,0
Sierra Leone,2017,0,0,0,0,0,0,0,0,0,,0
Sierra Leone,2018,0,0,0,0,0,0,0,0,1,"exp_part, imp_part",1
Sierra Leone,2019,0,0,0,0,0,0,0,0,1,"exp_part, imp_part",1
Sierra Leone,2020,0,0,0,0,0,0,0,0,1,"exp_part, imp_part",1
Sierra Leone,2021,0,0,0,0,0,0,0,0,1,"exp_part, imp_part",1
Sierra Leone,2022,0,0,0,0,0,0,0,0,1,"exp_part, imp_part",1
Somalia,1950,0,0,0,0,0,0,0,0,0,,0
Somalia,1951,0,0,0,0,0,0,0,0,0,,0
Somalia,1952,0,0,0,0,0,0,0,0,0,,0
Somalia,1953,0,0,0,0,0,0,0,0,0,,0
Somalia,1954,0,0,0,0,0,0,0,0,0,,0
Somalia,1955,0,0,0,0,0,0,0,0,0,,0
Somalia,1956,0,0,0,0,0,0,0,0,0,,0
Somalia,1957,0,0,0,0,0,0,0,0,0,,0
Somalia,1958,0,0,0,0,0,0,0,0,0,,0
Somalia,1959,0,0,0,0,0,0,0,0,0,,0
Somalia,1960,0,0,0,0,0,0,0,0,0,,0
Somalia,1961,0,0,0,0,0,0,0,0,0,,0
Somalia,1962,0,0,0,0,0,0,0,0,0,,0
Somalia,1963,0,0,0,0,0,0,0,0,0,,0
Somalia,1964,0,0,0,0,0,0,0,0,0,,0
Somalia,1965,0,0,0,0,0,0,0,0,0,,0
Somalia,1966,0,0,0,0,0,0,0,0,0,,0
Somalia,1967,0,0,0,0,0,0,0,0,0,,0
Somalia,1968,0,0,0,0,0,0,0,0,0,,0
Somalia,1969,0,0,0,0,0,0,0,0,0,,0
Somalia,1970,0,0,0,0,0,0,0,0,0,,0
Somalia,1971,0,0,0,0,0,0,0,0,0,,0
Somalia,1972,0,0,0,0,0,0,0,0,0,,0
Somalia,1973,0,0,0,0,0,0,0,0,0,,0
Somalia,1974,0,0,0,0,0,0,0,0,0,,0
Somalia,1975,0,0,0,0,0,0,0,0,0,,0
Somalia,1976,0,0,0,0,0,0,0,0,0,,0
Somalia,1977,0,0,0,0,0,0,0,0,0,,0
Somalia,1978,0,0,0,0,0,0,0,0,0,,0
Somalia,1979,0,0,0,0,0,0,0,0,0,,0
Somalia,1980,0,0,0,0,0,0,0,0,0,,0
Somalia,1981,0,0,0,0,0,0,0,0,0,,0
Somalia,1982,0,0,0,0,0,0,0,0,0,,0
Somalia,1983,0,0,0,0,0,0,0,0,0,,0
Somalia,1984,0,0,0,0,0,0,0,0,0,,0
Somalia,1985,0,0,0,0,0,0,0,0,0,,0
Somalia,1986,0,0,0,0,0,0,0,0,0,,0
Somalia,1987,0,0,0,0,0,0,0,0,0,,0
Somalia,1988,0,0,0,0,0,0,0,0,0,,0
Somalia,1989,0,0,0,0,0,0,0,0,0,,0
Somalia,1990,0,0,0,0,0,0,0,0,0,,0
Somalia,1991,0,0,0,0,0,0,0,0,0,,0
Somalia,1992,0,0,0,0,0,0,0,0,0,,0
Somalia,1993,0,0,0,0,0,0,0,0,0,,0
Somalia,1994,0,0,0,0,0,0,0,0,0,,0
Somalia,1995,0,0,0,0,0,0,0,0,0,,0
Somalia,1996,0,0,0,0,0,0,0,0,0,,0
Somalia,1997,0,0,0,0,0,0,0,0,0,,0
Somalia,1998,0,0,0,0,0,0,0,0,0,,0
Somalia,1999,0,0,0,0,0,0,0,0,0,,0
Somalia,2000,0,0,0,0,0,0,0,0,0,,0
Somalia,2001,0,0,0,0,0,0,0,0,0,,0
Somalia,2002,0,0,0,0,0,0,0,0,0,,0
Somalia,2003,0,0,0,0,0,0,0,0,0,,0
Somalia,2004,0,0,0,0,0,0,0,0,0,,0
Somalia,2005,0,0,0,0,0,0,0,0,0,,0
Somalia,2006,0,0,0,0,0,0,0,0,0,,0
Somalia,2007,0,0,0,0,0,0,0,0,0,,0
Somalia,2008,0,0,0,0,0,0,0,0,0,,0
Somalia,2009,0,0,0,0,0,0,1,0,0,imp_part,1
Somalia,2010,0,0,0,0,0,0,1,0,1,imp_part,1
Somalia,2011,0,0,0,0,0,0,1,0,1,imp_part,1
Somalia,2012,0,0,1,0,0,0,1,0,1,imp_part,1
Somalia,2013,0,0,1,0,0,0,1,0,1,imp_part,1
Somalia,2014,0,0,1,0,0,0,1,0,1,imp_part,1
Somalia,2015,0,0,1,0,0,0,1,0,1,imp_part,1
Somalia,2016,0,0,1,0,0,0,1,0,1,imp_part,1
Somalia,2017,0,0,1,0,0,0,1,0,1,imp_part,1
Somalia,2018,0,0,1,0,0,0,1,0,1,imp_part,1
Somalia,2019,0,0,1,0,0,0,1,0,1,imp_part,1
Somalia,2020,0,0,1,0,0,0,1,0,1,imp_part,1
Somalia,2021,0,0,1,0,0,0,1,1,1,imp_part,1
Somalia,2022,0,0,1,0,0,0,1,1,1,imp_part,1
South Africa,1950,0,0,0,0,0,0,0,0,0,,0
South Africa,1951,0,0,0,0,0,0,0,0,0,,0
South Africa,1952,0,0,0,0,0,0,0,0,0,,0
South Africa,1953,0,0,0,0,0,0,0,0,0,,0
South Africa,1954,0,0,0,0,0,0,0,0,0,,0
South Africa,1955,0,0,0,0,0,0,0,0,0,,0
South Africa,1956,0,0,0,0,0,0,0,0,0,,0
South Africa,1957,0,0,0,0,0,0,0,0,0,,0
South Africa,1958,0,0,0,0,0,0,0,0,0,,0
South Africa,1959,0,0,0,0,0,0,0,0,0,,0
South Africa,1960,0,0,0,0,0,0,0,0,0,,0
South Africa,1961,0,0,0,0,0,0,0,0,0,,0
South Africa,1962,0,0,0,0,0,0,0,0,0,,0
South Africa,1963,0,0,0,0,0,0,1,0,0,exp_part,1
South Africa,1964,0,0,0,1,0,0,1,0,0,"exp_compl, imp_compl; exp_part",1
South Africa,1965,0,0,0,1,0,0,1,0,0,"exp_compl, imp_compl; exp_part",1
South Africa,1966,0,0,0,1,0,0,1,0,0,"exp_compl, imp_compl; exp_part",1
South Africa,1967,0,0,0,1,0,0,1,0,0,"exp_compl, imp_compl; exp_part",1
South Africa,1968,0,0,0,1,0,0,1,0,0,"exp_compl, imp_compl; exp_part",1
South Africa,1969,0,0,0,1,0,0,1,0,0,"exp_compl, imp_compl; exp_part",1
South Africa,1970,0,0,0,1,0,0,1,0,0,"exp_compl, imp_compl; exp_part",1
South Africa,1971,0,0,0,1,0,0,1,0,0,"exp_compl, imp_compl; exp_part",1
South Africa,1972,0,0,0,1,0,0,1,0,0,"exp_compl, imp_compl; exp_part",1
South Africa,1973,0,0,0,1,0,0,1,0,0,"exp_compl, imp_compl; exp_part",1
South Africa,1974,0,0,0,1,0,0,1,0,0,"exp_compl, imp_compl; exp_part",1
South Africa,1975,0,0,0,1,0,0,1,0,1,"exp_compl, imp_compl; exp_part",1
South Africa,1976,0,0,0,1,0,0,1,0,1,"exp_compl, imp_compl; exp_part",1
South Africa,1977,0,0,0,1,0,0,1,0,1,"exp_compl, imp_compl; exp_part",1
South Africa,1978,0,0,0,1,0,0,1,0,1,"exp_compl, imp_compl; exp_part",1
South Africa,1979,0,0,0,1,0,0,1,0,1,"exp_compl, imp_compl; exp_part",1
South Africa,1980,0,0,0,1,0,0,1,0,1,"exp_compl, imp_compl; exp_part",1
South Africa,1981,0,0,0,1,0,0,1,0,1,"exp_compl, imp_compl; exp_part",1
South Africa,1982,0,0,0,1,0,0,1,0,1,"exp_compl, imp_compl; exp_part",1
South Africa,1983,0,0,0,1,0,0,1,0,0,"exp_compl, imp_compl; exp_part",1
South Africa,1984,0,0,0,1,0,0,1,0,0,"exp_compl, imp_compl; exp_part",1
South Africa,1985,1,0,0,1,0,0,1,0,1,"exp_compl, imp_compl; exp_part; exp_part, imp_part",1
South Africa,1986,1,0,0,1,1,0,1,0,1,"exp_compl, imp_compl; exp_part; exp_part, imp_part",1
South Africa,1987,1,0,0,1,1,0,1,0,1,"exp_compl, imp_compl; exp_part; exp_part, imp_part",1
South Africa,1988,1,0,0,1,1,0,1,0,1,"exp_compl, imp_compl; exp_part; exp_part, imp_part",1
South Africa,1989,1,0,0,1,1,0,1,0,1,"exp_compl, imp_compl; exp_part; exp_part, imp_part",1
South Africa,1990,1,0,0,1,1,0,1,0,1,"exp_compl, imp_compl; exp_part; exp_part, imp_part",1
South Africa,1991,1,0,0,1,1,0,1,0,1,"exp_compl, imp_compl; exp_part; exp_part, imp_part",1
South Africa,1992,1,0,0,1,1,0,1,0,1,"exp_compl, imp_compl; exp_part; exp_part, imp_part",1
South Africa,1993,1,0,0,1,1,0,1,0,1,"exp_compl, imp_compl; exp_part; exp_part, imp_part",1
South Africa,1994,1,0,0,0,1,0,1,0,1,"exp_part; exp_part, imp_part",1
South Africa,1995,0,0,0,0,0,0,0,0,0,,0
South Africa,1996,0,0,0,0,0,0,0,0,0,,0
South Africa,1997,0,0,0,0,0,0,0,0,0,,0
South Africa,1998,0,0,0,0,0,0,0,0,0,,0
South Africa,1999,0,0,0,0,0,0,0,0,0,,0
South Africa,2000,0,0,0,0,0,0,0,0,0,,0
South Africa,2001,0,0,0,0,0,0,0,0,0,,0
South Africa,2002,0,0,0,0,0,0,0,0,0,,0
South Africa,2003,0,0,0,0,0,0,0,0,0,,0
South Africa,2004,0,0,0,0,0,0,0,0,0,,0
South Africa,2005,0,0,0,0,0,0,0,0,0,,0
South Africa,2006,0,0,0,0,0,0,0,0,0,,0
South Africa,2007,0,0,0,0,0,0,0,0,0,,0
South Africa,2008,0,0,0,0,0,0,0,0,0,,0
South Africa,2009,0,0,0,0,0,0,0,0,0,,0
South Africa,2010,0,0,0,0,0,0,0,0,0,,0
South Africa,2011,0,0,0,0,0,0,0,0,0,,0
South Africa,2012,0,0,0,0,0,0,0,0,0,,0
South Africa,2013,0,0,0,0,0,0,0,0,0,,0
South Africa,2014,0,0,0,0,0,0,0,0,0,,0
South Africa,2015,0,0,0,0,0,0,0,0,0,,0
South Africa,2016,0,0,0,0,0,0,0,0,0,,0
South Africa,2017,0,0,0,0,0,0,0,0,0,,0
South Africa,2018,0,0,0,0,0,0,0,0,0,,0
South Africa,2019,0,0,0,0,0,0,0,0,1,"exp_part, imp_part",1
South Africa,2020,0,0,0,0,0,0,0,0,1,"exp_part, imp_part",1
South Africa,2021,0,0,0,0,0,0,0,0,1,"exp_part, imp_part",1
South Africa,2022,0,0,0,0,0,0,0,0,1,"exp_part, imp_part",1
South Sudan,1950,0,0,0,0,0,0,0,0,0,,0
South Sudan,1951,0,0,0,0,0,0,0,0,0,,0
South Sudan,1952,0,0,0,0,0,0,0,0,0,,0
South Sudan,1953,0,0,0,0,0,0,0,0,0,,0
South Sudan,1954,0,0,0,0,0,0,0,0,0,,0
South Sudan,1955,0,0,0,0,0,0,0,0,0,,0
South Sudan,1956,0,0,0,0,0,0,0,0,0,,0
South Sudan,1957,0,0,0,0,0,0,0,0,0,,0
South Sudan,1958,0,0,0,0,0,0,0,0,0,,0
South Sudan,1959,0,0,0,0,0,0,0,0,0,,0
South Sudan,1960,0,0,0,0,0,0,0,0,0,,0
South Sudan,1961,0,0,0,0,0,0,0,0,0,,0
South Sudan,1962,0,0,0,0,0,0,0,0,0,,0
South Sudan,1963,0,0,0,0,0,0,0,0,0,,0
South Sudan,1964,0,0,0,0,0,0,0,0,0,,0
South Sudan,1965,0,0,0,0,0,0,0,0,0,,0
South Sudan,1966,0,0,0,0,0,0,0,0,0,,0
South Sudan,1967,0,0,0,0,0,0,0,0,0,,0
South Sudan,1968,0,0,0,0,0,0,0,0,0,,0
South Sudan,1969,0,0,0,0,0,0,0,0,0,,0
South Sudan,1970,0,0,0,0,0,0,0,0,0,,0
South Sudan,1971,0,0,0,0,0,0,0,0,0,,0
South Sudan,1972,0,0,0,0,0,0,0,0,0,,0
South Sudan,1973,0,0,0,0,0,0,0,0,0,,0
South Sudan,1974,0,0,0,0,0,0,0,0,0,,0
South Sudan,1975,0,0,0,0,0,0,0,0,0,,0
South Sudan,1976,0,0,0,0,0,0,0,0,0,,0
South Sudan,1977,0,0,0,0,0,0,0,0,0,,0
South Sudan,1978,0,0,0,0,0,0,0,0,0,,0
South Sudan,1979,0,0,0,0,0,0,0,0,0,,0
South Sudan,1980,0,0,0,0,0,0,0,0,0,,0
South Sudan,1981,0,0,0,0,0,0,0,0,0,,0
South Sudan,1982,0,0,0,0,0,0,0,0,0,,0
South Sudan,1983,0,0,0,0,0,0,0,0,0,,0
South Sudan,1984,0,0,0,0,0,0,0,0,0,,0
South Sudan,1985,0,0,0,0,0,0,0,0,0,,0
South Sudan,1986,0,0,0,0,0,0,0,0,0,,0
South Sudan,1987,0,0,0,0,0,0,0,0,0,,0
South Sudan,1988,0,0,0,0,0,0,0,0,0,,0
South Sudan,1989,0,0,0,0,0,0,0,0,0,,0
South Sudan,1990,0,0,0,0,0,0,0,0,0,,0
South Sudan,1991,0,0,0,0,0,0,0,0,0,,0
South Sudan,1992,0,0,0,0,0,0,0,0,0,,0
South Sudan,1993,0,0,0,0,0,0,0,0,0,,0
South Sudan,1994,0,0,0,0,0,0,0,0,0,,0
South Sudan,1995,0,0,0,0,0,0,0,0,0,,0
South Sudan,1996,0,0,0,0,0,0,0,0,0,,0
South Sudan,1997,0,0,0,0,0,0,0,0,0,,0
South Sudan,1998,0,0,0,0,0,0,0,0,0,,0
South Sudan,1999,0,0,0,0,0,0,0,0,0,,0
South Sudan,2000,0,0,0,0,0,0,0,0,0,,0
South Sudan,2001,0,0,0,0,0,0,0,0,0,,0
South Sudan,2002,0,0,0,0,0,0,0,0,0,,0
South Sudan,2003,0,0,0,0,0,0,0,0,0,,0
South Sudan,2004,0,0,0,0,0,0,0,0,0,,0
South Sudan,2005,0,0,0,0,0,0,0,0,0,,0
South Sudan,2006,0,0,0,0,0,0,0,0,0,,0
South Sudan,2007,0,0,0,0,0,0,0,0,0,,0
South Sudan,2008,0,0,0,0,0,0,0,0,0,,0
South Sudan,2009,0,0,0,0,0,0,0,0,0,,0
South Sudan,2010,0,0,0,0,0,0,0,0,0,,0
South Sudan,2011,0,0,0,0,0,0,0,0,0,,0
South Sudan,2012,0,0,0,0,0,0,0,0,0,,0
South Sudan,2013,0,0,0,0,0,0,0,0,0,,0
South Sudan,2014,0,0,0,0,0,0,0,0,0,,0
South Sudan,2015,0,0,0,0,0,0,0,0,0,,0
South Sudan,2016,0,0,0,0,0,0,0,0,0,,0
South Sudan,2017,0,0,0,0,0,0,0,0,0,,0
South Sudan,2018,0,0,0,0,0,0,0,0,0,,0
South Sudan,2019,0,0,0,0,0,0,0,0,0,,0
South Sudan,2020,0,0,0,0,0,0,0,0,0,,0
South Sudan,2021,0,0,0,0,0,0,0,0,1,"exp_part, imp_part",1
South Sudan,2022,0,0,0,0,0,0,0,0,1,"exp_part, imp_part",1
South Vietnam,1950,0,0,0,0,0,0,0,0,0,,0
South Vietnam,1951,0,0,0,0,0,0,0,0,0,,0
South Vietnam,1952,0,0,0,0,0,0,0,0,0,,0
South Vietnam,1953,0,0,0,0,0,0,0,0,0,,0
South Vietnam,1954,0,0,0,0,0,0,0,0,0,,0
South Vietnam,1955,0,0,0,0,0,0,0,0,0,,0
South Vietnam,1956,0,0,0,0,0,0,0,0,0,,0
South Vietnam,1957,0,0,0,0,0,0,0,0,0,,0
South Vietnam,1958,0,0,0,0,0,0,0,0,0,,0
South Vietnam,1959,0,0,0,0,0,0,0,0,0,,0
South Vietnam,1960,0,0,0,0,0,0,0,0,0,,0
South Vietnam,1961,0,0,0,0,0,0,0,0,0,,0
South Vietnam,1962,0,0,0,0,0,0,0,0,0,,0
South Vietnam,1963,0,0,0,0,0,0,0,0,0,,0
South Vietnam,1964,0,0,0,0,0,0,0,0,0,,0
South Vietnam,1965,0,0,0,0,0,0,0,0,0,,0
South Vietnam,1966,0,0,0,0,0,0,0,0,0,,0
South Vietnam,1967,0,0,0,0,0,0,0,0,0,,0
South Vietnam,1968,0,0,0,0,0,0,0,0,0,,0
South Vietnam,1969,0,0,0,0,0,0,0,0,0,,0
South Vietnam,1970,0,0,0,0,0,0,0,0,0,,0
South Vietnam,1971,0,0,0,0,0,0,0,0,0,,0
South Vietnam,1972,0,0,0,0,0,0,0,0,0,,0
South Vietnam,1973,0,0,0,0,0,0,0,0,0,,0
South Vietnam,1974,0,0,0,0,0,0,0,0,0,,0
South Vietnam,1975,0,0,0,0,0,0,0,0,1,"exp_compl, imp_compl",1
South Vietnam,1976,0,0,0,0,0,0,0,0,1,"exp_compl, imp_compl",1
South Vietnam,1977,0,0,0,0,0,0,0,0,1,"exp_compl, imp_compl",1
South Vietnam,1978,0,0,0,0,0,0,0,0,1,"exp_compl, imp_compl",1
South Vietnam,1979,0,0,0,0,0,0,0,0,1,"exp_compl, imp_compl",1
South Vietnam,1980,0,0,0,0,0,0,0,0,1,"exp_compl, imp_compl",1
South Vietnam,1981,0,0,0,0,0,0,0,0,1,"exp_compl, imp_compl",1
South Vietnam,1982,0,0,0,0,0,0,0,0,1,"exp_compl, imp_compl",1
South Vietnam,1983,0,0,0,0,0,0,0,0,1,"exp_compl, imp_compl",1
South Vietnam,1984,0,0,0,0,0,0,0,0,1,"exp_compl, imp_compl",1
South Vietnam,1985,0,0,0,0,0,0,0,0,1,"exp_compl, imp_compl",1
South Vietnam,1986,0,0,0,0,0,0,0,0,1,"exp_compl, imp_compl",1
South Vietnam,1987,0,0,0,0,0,0,0,0,1,"exp_compl, imp_compl",1
South Vietnam,1988,0,0,0,0,0,0,0,0,1,"exp_compl, imp_compl",1
South Vietnam,1989,0,0,0,0,0,0,0,0,1,"exp_compl, imp_compl",1
South Vietnam,1990,0,0,0,0,0,0,0,0,1,"exp_compl, imp_compl",1
South Vietnam,1991,0,0,0,0,0,0,0,0,1,"exp_compl, imp_compl",1
South Vietnam,1992,0,0,0,0,0,0,0,0,1,"exp_compl, imp_compl",1
South Vietnam,1993,0,0,0,0,0,0,0,0,1,"exp_compl, imp_compl",1
South Vietnam,1994,0,0,0,0,0,0,0,0,1,"exp_compl, imp_compl",1
South Vietnam,1995,0,0,0,0,0,0,0,0,0,,0
South Vietnam,1996,0,0,0,0,0,0,0,0,0,,0
South Vietnam,1997,0,0,0,0,0,0,0,0,0,,0
South Vietnam,1998,0,0,0,0,0,0,0,0,0,,0
South Vietnam,1999,0,0,0,0,0,0,0,0,0,,0
South Vietnam,2000,0,0,0,0,0,0,0,0,0,,0
South Vietnam,2001,0,0,0,0,0,0,0,0,0,,0
South Vietnam,2002,0,0,0,0,0,0,0,0,0,,0
South Vietnam,2003,0,0,0,0,0,0,0,0,0,,0
South Vietnam,2004,0,0,0,0,0,0,0,0,0,,0
South Vietnam,2005,0,0,0,0,0,0,0,0,0,,0
South Vietnam,2006,0,0,0,0,0,0,0,0,0,,0
South Vietnam,2007,0,0,0,0,0,0,0,0,0,,0
South Vietnam,2008,0,0,0,0,0,0,0,0,0,,0
South Vietnam,2009,0,0,0,0,0,0,0,0,0,,0
South Vietnam,2010,0,0,0,0,0,0,0,0,0,,0
South Vietnam,2011,0,0,0,0,0,0,0,0,0,,0
South Vietnam,2012,0,0,0,0,0,0,0,0,0,,0
South Vietnam,2013,0,0,0,0,0,0,0,0,0,,0
South Vietnam,2014,0,0,0,0,0,0,0,0,0,,0
South Vietnam,2015,0,0,0,0,0,0,0,0,0,,0
South Vietnam,2016,0,0,0,0,0,0,0,0,0,,0
South Vietnam,2017,0,0,0,0,0,0,0,0,0,,0
South Vietnam,2018,0,0,0,0,0,0,0,0,0,,0
South Vietnam,2019,0,0,0,0,0,0,0,0,0,,0
South Vietnam,2020,0,0,0,0,0,0,0,0,1,"exp_part, imp_part",1
South Vietnam,2021,0,0,0,0,0,0,0,0,1,"exp_part, imp_part",1
South Vietnam,2022,0,0,0,0,0,0,0,0,1,"exp_part, imp_part",1
Soviet Union,1950,0,0,0,0,0,0,0,0,0,,0
Soviet Union,1951,0,0,0,0,0,0,0,0,0,,0
Soviet Union,1952,0,0,0,0,0,0,0,0,0,,0
Soviet Union,1953,0,0,0,0,0,0,0,0,0,,0
Soviet Union,1954,0,0,0,0,0,0,0,0,0,,0
Soviet Union,1955,0,0,0,0,0,0,0,0,0,,0
Soviet Union,1956,0,0,0,0,0,0,0,0,0,,0
Soviet Union,1957,0,0,0,0,0,0,0,0,0,,0
Soviet Union,1958,0,0,0,0,0,0,0,0,0,,0
Soviet Union,1959,0,0,0,0,0,0,0,0,0,,0
Soviet Union,1960,0,0,0,0,0,0,0,0,0,,0
Soviet Union,1961,0,0,0,0,0,0,0,0,0,,0
Soviet Union,1962,0,0,0,0,0,0,0,0,0,,0
Soviet Union,1963,0,0,0,0,0,0,0,0,0,,0
Soviet Union,1964,0,0,0,0,0,0,0,0,0,,0
Soviet Union,1965,0,0,0,0,0,0,0,0,0,,0
Soviet Union,1966,0,0,0,0,0,0,0,0,0,,0
Soviet Union,1967,0,0,0,0,0,0,0,0,0,,0
Soviet Union,1968,0,0,0,0,0,0,0,0,0,,0
Soviet Union,1969,0,0,0,0,0,0,0,0,0,,0
Soviet Union,1970,0,0,0,0,0,0,0,0,0,,0
Soviet Union,1971,0,0,0,0,0,0,0,0,0,,0
Soviet Union,1972,0,0,0,0,0,0,0,0,0,,0
Soviet Union,1973,0,0,0,0,0,0,0,0,0,,0
Soviet Union,1974,0,0,0,0,0,0,0,0,0,,0
Soviet Union,1975,0,0,0,0,0,0,0,0,0,,0
Soviet Union,1976,0,0,0,0,0,0,0,0,0,,0
Soviet Union,1977,0,0,0,0,0,0,0,0,0,,0
Soviet Union,1978,0,0,0,0,0,0,0,0,1,exp_part,1
Soviet Union,1979,0,0,0,0,0,0,0,0,1,exp_part,1
Soviet Union,1980,0,0,0,0,0,0,0,0,1,"exp_part; exp_part, imp_part",1
Soviet Union,1981,0,0,0,0,0,0,0,0,1,"exp_part; exp_part, imp_part; imp_part",1
Soviet Union,1982,0,0,0,0,0,0,0,0,1,exp_part; imp_part,1
Soviet Union,1983,0,0,0,0,0,0,0,0,1,exp_part; imp_part,1
Soviet Union,1984,0,0,0,0,0,0,0,0,1,exp_part,1
Soviet Union,1985,0,0,0,0,0,0,0,0,1,exp_part,1
Soviet Union,1986,0,0,0,0,0,0,0,0,1,exp_part,1
Soviet Union,1987,0,0,0,0,0,0,0,0,1,exp_part,1
Soviet Union,1988,0,0,0,0,0,0,0,0,0,,0
Soviet Union,1989,0,0,0,0,0,0,0,0,0,,0
Soviet Union,1990,0,0,0,0,0,0,0,0,0,,0
Soviet Union,1991,0,0,0,0,0,0,0,0,0,,0
Soviet Union,1992,0,0,0,0,0,0,0,0,0,,0
Soviet Union,1993,0,0,0,0,0,0,0,0,0,,0
Soviet Union,1994,0,0,0,0,0,0,0,0,0,,0
Soviet Union,1995,0,0,0,0,0,0,0,0,0,,0
Soviet Union,1996,0,0,0,0,0,0,0,0,0,,0
Soviet Union,1997,0,0,0,0,0,0,0,0,0,,0
Soviet Union,1998,0,0,0,0,0,0,0,0,0,,0
Soviet Union,1999,0,0,0,0,0,0,0,0,0,,0
Soviet Union,2000,0,0,0,0,0,0,0,0,0,,0
Soviet Union,2001,0,0,0,0,0,0,0,0,0,,0
Soviet Union,2002,0,0,0,0,0,0,0,0,0,,0
Soviet Union,2003,0,0,0,0,0,0,0,0,0,,0
Soviet Union,2004,0,0,0,0,0,0,0,0,0,,0
Soviet Union,2005,0,0,0,0,0,0,0,0,0,,0
Soviet Union,2006,0,0,0,0,0,0,0,0,0,,0
Soviet Union,2007,0,0,0,0,0,0,0,0,0,,0
Soviet Union,2008,0,0,0,0,0,0,0,0,0,,0
Soviet Union,2009,0,0,0,0,0,0,0,0,0,,0
Soviet Union,2010,0,0,0,0,0,0,0,0,0,,0
Soviet Union,2011,0,0,0,0,0,0,0,0,0,,0
Soviet Union,2012,0,0,0,0,0,0,0,0,0,,0
Soviet Union,2013,0,0,0,0,0,0,0,0,0,,0
Soviet Union,2014,0,0,0,0,0,0,0,0,0,,0
Soviet Union,2015,0,0,0,0,0,0,0,0,0,,0
Soviet Union,2016,0,0,0,0,0,0,0,0,0,,0
Soviet Union,2017,0,0,0,0,0,0,0,0,0,,0
Soviet Union,2018,0,0,0,0,0,0,0,0,0,,0
Soviet Union,2019,0,0,0,0,0,0,0,0,0,,0
Soviet Union,2020,0,0,0,0,0,0,0,0,0,,0
Soviet Union,2021,0,0,0,0,0,0,0,0,0,,0
Soviet Union,2022,0,0,0,0,0,0,0,0,0,,0
Sudan,1950,0,0,0,0,0,0,0,0,0,,0
Sudan,1951,0,0,0,0,0,0,0,0,0,,0
Sudan,1952,0,0,0,0,0,0,0,0,0,,0
Sudan,1953,0,0,0,0,0,0,0,0,0,,0
Sudan,1954,0,0,0,0,0,0,0,0,0,,0
Sudan,1955,0,0,0,0,0,0,0,0,0,,0
Sudan,1956,0,0,0,0,0,0,0,0,0,,0
Sudan,1957,0,0,0,0,0,0,0,0,0,,0
Sudan,1958,0,0,0,0,0,0,0,0,0,,0
Sudan,1959,0,0,0,0,0,0,0,0,0,,0
Sudan,1960,0,0,0,0,0,0,0,0,0,,0
Sudan,1961,0,0,0,0,0,0,0,0,0,,0
Sudan,1962,0,0,0,0,0,0,0,0,0,,0
Sudan,1963,0,0,0,0,0,0,0,0,0,,0
Sudan,1964,0,0,0,0,0,0,0,0,0,,0
Sudan,1965,0,0,0,0,0,0,0,0,0,,0
Sudan,1966,0,0,0,0,0,0,0,0,0,,0
Sudan,1967,0,0,0,0,0,0,0,0,0,,0
Sudan,1968,0,0,0,0,0,0,0,0,0,,0
Sudan,1969,0,0,0,0,0,0,0,0,0,,0
Sudan,1970,0,0,0,0,0,0,0,0,0,,0
Sudan,1971,0,0,0,0,0,0,0,0,0,,0
Sudan,1972,0,0,0,0,0,0,0,0,0,,0
Sudan,1973,0,0,0,0,0,0,0,0,0,,0
Sudan,1974,0,0,0,0,0,0,0,0,0,,0
Sudan,1975,0,0,0,0,0,0,0,0,0,,0
Sudan,1976,0,0,0,0,0,0,0,0,0,,0
Sudan,1977,0,0,0,0,0,0,0,0,0,,0
Sudan,1978,0,0,0,0,0,0,0,0,0,,0
Sudan,1979,0,0,0,0,0,0,0,0,0,,0
Sudan,1980,0,0,0,0,0,0,0,0,0,,0
Sudan,1981,0,0,0,0,0,0,0,0,0,,0
Sudan,1982,0,0,0,0,0,0,0,0,0,,0
Sudan,1983,0,0,0,0,0,0,0,0,0,,0
Sudan,1984,0,0,0,0,0,0,0,0,0,,0
Sudan,1985,0,0,0,0,0,0,0,0,0,,0
Sudan,1986,0,0,0,0,0,0,0,0,0,,0
Sudan,1987,0,0,0,0,0,0,0,0,0,,0
Sudan,1988,0,0,0,0,0,0,0,0,0,,0
Sudan,1989,0,0,0,0,0,0,0,0,0,,0
Sudan,1990,0,0,0,0,0,0,0,0,0,,0
Sudan,1991,0,0,0,0,0,0,0,0,0,,0
Sudan,1992,0,0,0,0,0,0,0,0,0,,0
Sudan,1993,0,0,0,0,0,0,0,0,0,,0
Sudan,1994,0,0,0,0,0,0,0,0,0,,0
Sudan,1995,0,0,0,0,0,0,0,0,0,,0
Sudan,1996,0,0,0,0,0,0,0,0,0,,0
Sudan,1997,0,0,0,0,0,0,0,0,1,"exp_compl, imp_compl",1
Sudan,1998,0,0,0,0,0,0,0,0,1,"exp_compl, imp_compl",1
Sudan,1999,0,0,0,0,0,0,0,0,1,"exp_compl, imp_compl",1
Sudan,2000,0,0,0,0,0,0,0,0,1,"exp_compl, imp_compl",1
Sudan,2001,0,0,0,0,0,0,0,0,1,"exp_compl, imp_compl",1
Sudan,2002,0,0,0,0,0,0,0,0,1,"exp_compl, imp_compl",1
Sudan,2003,0,0,0,0,0,0,0,0,1,"exp_compl, imp_compl",1
Sudan,2004,0,0,0,0,0,0,0,0,1,"exp_compl, imp_compl",1
Sudan,2005,0,0,0,0,0,0,0,0,1,"exp_compl, imp_compl",1
Sudan,2006,0,0,0,0,0,0,0,0,1,"exp_compl, imp_compl; exp_part; exp_part, imp_part",1
Sudan,2007,0,0,0,0,0,0,0,0,1,"exp_compl, imp_compl; exp_part; exp_part, imp_part",1
Sudan,2008,0,0,0,0,0,0,0,0,1,"exp_compl, imp_compl; exp_part; exp_part, imp_part",1
Sudan,2009,0,0,0,0,0,0,0,0,1,"exp_compl, imp_compl; exp_part; exp_part, imp_part",1
Sudan,2010,0,0,0,0,0,0,0,0,1,"exp_compl, imp_compl; exp_part; exp_part, imp_part",1
Sudan,2011,0,0,0,0,0,0,0,0,1,"exp_compl, imp_compl; exp_part; exp_part, imp_part",1
Sudan,2012,0,0,0,0,0,0,0,0,1,"exp_compl, imp_compl; exp_part; exp_part, imp_part",1
Sudan,2013,0,0,0,0,0,0,0,0,1,"exp_compl, imp_compl; exp_part; exp_part, imp_part",1
Sudan,2014,0,0,0,0,0,0,0,0,1,"exp_compl, imp_compl; exp_part; exp_part, imp_part",1
Sudan,2015,0,0,0,0,0,0,0,0,1,"exp_compl, imp_compl; exp_part; exp_part, imp_part",1
Sudan,2016,0,0,0,0,0,0,0,0,1,"exp_compl, imp_compl; exp_part; exp_part, imp_part",1
Sudan,2017,0,0,0,0,0,0,0,0,1,"exp_compl, imp_compl; exp_part; exp_part, imp_part",1
Sudan,2018,0,0,0,0,0,0,0,0,1,"exp_part, imp_part",1
Sudan,2019,0,0,0,0,0,0,0,0,1,"exp_part, imp_part",1
Sudan,2020,0,0,0,0,0,0,0,0,1,"exp_part, imp_part",1
Sudan,2021,0,0,0,0,0,0,0,0,1,"exp_part, imp_part",1
Sudan,2022,0,0,0,0,0,0,0,0,1,"exp_part, imp_part",1
Switzerland,1950,0,0,0,0,0,0,0,0,0,,0
Switzerland,1951,0,0,0,0,0,0,0,0,1,imp_part,1
Switzerland,1952,0,0,0,0,0,0,0,0,0,,0
Switzerland,1953,0,0,0,0,0,0,0,0,0,,0
Switzerland,1954,0,0,0,0,0,0,0,0,0,,0
Switzerland,1955,0,0,0,0,0,0,0,0,0,,0
Switzerland,1956,0,0,0,0,0,0,0,0,0,,0
Switzerland,1957,0,0,0,0,0,0,0,0,0,,0
Switzerland,1958,0,0,0,0,0,0,0,0,0,,0
Switzerland,1959,0,0,0,0,0,0,0,0,0,,0
Switzerland,1960,0,0,0,0,0,0,0,0,0,,0
Switzerland,1961,0,0,0,0,0,0,0,0,0,,0
Switzerland,1962,0,0,0,0,0,0,0,0,0,,0
Switzerland,1963,0,0,0,0,0,0,0,0,0,,0
Switzerland,1964,0,0,0,0,0,0,0,0,0,,0
Switzerland,1965,0,0,0,0,0,0,0,0,0,,0
Switzerland,1966,0,0,0,0,0,0,0,0,0,,0
Switzerland,1967,0,0,0,0,0,0,0,0,0,,0
Switzerland,1968,0,0,0,0,0,0,0,0,0,,0
Switzerland,1969,0,0,0,0,0,0,0,0,0,,0
Switzerland,1970,0,0,0,0,0,0,0,0,0,,0
Switzerland,1971,0,0,0,0,0,0,0,0,0,,0
Switzerland,1972,0,0,0,0,0,0,0,0,0,,0
Switzerland,1973,0,0,0,0,0,0,0,0,0,,0
Switzerland,1974,0,0,0,0,0,0,0,0,0,,0
Switzerland,1975,0,0,0,0,0,0,0,0,0,,0
Switzerland,1976,0,0,0,0,0,0,0,0,0,,0
Switzerland,1977,0,0,0,0,0,0,0,0,0,,0
Switzerland,1978,0,0,0,0,0,0,0,0,0,,0
Switzerland,1979,0,0,0,0,0,0,0,0,0,,0
Switzerland,1980,0,0,0,0,0,0,0,0,0,,0
Switzerland,1981,0,0,0,0,0,0,0,0,0,,0
Switzerland,1982,0,0,0,0,0,0,0,0,0,,0
Switzerland,1983,0,0,0,0,0,0,0,0,0,,0
Switzerland,1984,0,0,0,0,0,0,0,0,0,,0
Switzerland,1985,0,0,0,0,0,0,0,0,0,,0
Switzerland,1986,0,0,0,0,0,0,0,0,0,,0
Switzerland,1987,0,0,0,0,0,0,0,0,0,,0
Switzerland,1988,0,0,0,0,0,0,0,0,0,,0
Switzerland,1989,0,0,0,0,0,0,0,0,0,,0
Switzerland,1990,0,0,0,0,0,0,0,0,0,,0
Switzerland,1991,0,0,0,0,0,0,0,0,0,,0
Switzerland,1992,0,0,0,0,0,0,0,0,0,,0
Switzerland,1993,0,0,0,0,0,0,0,0,0,,0
Switzerland,1994,0,0,0,0,0,0,0,0,0,,0
Switzerland,1995,0,0,0,0,0,0,0,0,0,,0
Switzerland,1996,0,0,0,0,0,0,0,0,0,,0
Switzerland,1997,0,0,0,0,0,0,0,0,0,,0
Switzerland,1998,0,0,0,0,0,0,0,0,0,,0
Switzerland,1999,0,0,0,0,0,0,0,0,0,,0
Switzerland,2000,0,0,0,0,0,0,0,0,0,,0
Switzerland,2001,0,0,0,0,0,0,0,0,0,,0
Switzerland,2002,0,0,0,0,0,0,0,0,0,,0
Switzerland,2003,0,0,0,0,0,0,0,0,0,,0
Switzerland,2004,0,0,0,0,0,0,0,0,0,,0
Switzerland,2005,0,0,0,0,0,0,0,0,0,,0
Switzerland,2006,0,0,0,0,0,0,0,0,0,,0
Switzerland,2007,0,0,0,0,0,0,0,0,0,,0
Switzerland,2008,0,0,0,0,0,0,0,0,0,,0
Switzerland,2009,0,0,0,0,0,0,0,0,0,,0
Switzerland,2010,0,0,0,0,0,0,0,0,0,,0
Switzerland,2011,0,0,0,0,0,0,0,0,0,,0
Switzerland,2012,0,0,0,0,0,0,0,0,0,,0
Switzerland,2013,0,0,0,0,0,0,0,0,0,,0
Switzerland,2014,0,0,0,0,0,0,0,0,0,,0
Switzerland,2015,0,0,0,0,0,0,0,0,0,,0
Switzerland,2016,0,0,0,0,0,0,0,0,0,,0
Switzerland,2017,0,0,0,0,0,0,0,0,0,,0
Switzerland,2018,0,0,0,0,0,0,0,0,0,,0
Switzerland,2019,0,0,0,0,0,0,0,0,0,,0
Switzerland,2020,0,0,0,0,0,0,0,0,0,,0
Switzerland,2021,0,0,0,0,0,0,0,0,0,,0
Switzerland,2022,0,0,0,0,0,0,0,0,0,,0
Syria,1950,0,0,0,0,0,0,0,0,0,,0
Syria,1951,0,0,0,0,0,0,0,0,0,,0
Syria,1952,0,0,0,0,0,0,0,0,0,,0
Syria,1953,0,0,0,0,0,0,0,0,0,,0
Syria,1954,0,0,0,0,0,0,0,0,0,,0
Syria,1955,0,0,0,0,0,0,0,0,0,,0
Syria,1956,0,0,0,0,0,0,0,0,0,,0
Syria,1957,0,0,0,0,0,0,0,0,0,,0
Syria,1958,0,0,0,0,0,0,0,0,0,,0
Syria,1959,0,0,0,0,0,0,0,0,0,,0
Syria,1960,0,0,0,0,0,0,0,0,0,,0
Syria,1961,0,0,0,0,0,0,0,0,0,,0
Syria,1962,0,0,0,0,0,0,0,0,0,,0
Syria,1963,0,0,0,0,0,0,0,0,0,,0
Syria,1964,0,0,0,0,0,0,0,0,0,,0
Syria,1965,0,0,0,0,0,0,0,0,0,,0
Syria,1966,0,0,0,0,0,0,0,0,0,,0
Syria,1967,0,0,0,0,0,0,0,0,0,,0
Syria,1968,0,0,0,0,0,0,0,0,0,,0
Syria,1969,0,0,0,0,0,0,0,0,0,,0
Syria,1970,0,0,0,0,0,0,0,0,0,,0
Syria,1971,0,0,0,0,0,0,0,0,0,,0
Syria,1972,0,0,0,0,0,0,0,0,0,,0
Syria,1973,0,0,0,0,0,0,0,0,0,,0
Syria,1974,0,0,0,0,0,0,0,0,0,,0
Syria,1975,0,0,0,0,0,0,0,0,0,,0
Syria,1976,0,0,0,0,0,0,0,0,0,,0
Syria,1977,0,0,0,0,0,0,0,0,0,,0
Syria,1978,0,0,0,0,0,0,0,0,0,,0
Syria,1979,0,0,0,0,0,0,0,0,0,,0
Syria,1980,0,0,0,0,0,0,0,0,0,,0
Syria,1981,0,0,0,0,0,0,0,0,0,,0
Syria,1982,0,0,0,0,0,0,0,0,0,,0
Syria,1983,0,0,0,0,0,0,0,0,0,,0
Syria,1984,0,0,0,0,0,0,0,0,0,,0
Syria,1985,0,0,0,0,0,0,0,0,0,,0
Syria,1986,0,0,0,0,0,0,0,0,1,exp_part,1
Syria,1987,0,0,0,0,0,0,0,0,1,exp_part,1
Syria,1988,0,0,0,0,0,0,0,0,0,,0
Syria,1989,0,0,0,0,0,0,0,0,0,,0
Syria,1990,0,0,0,0,0,0,0,0,0,,0
Syria,1991,0,0,0,0,0,0,0,0,0,,0
Syria,1992,0,0,0,0,0,0,0,0,0,,0
Syria,1993,0,0,0,0,0,0,0,0,0,,0
Syria,1994,0,0,0,0,0,0,0,0,0,,0
Syria,1995,0,0,0,0,0,0,0,0,0,,0
Syria,1996,0,0,0,0,0,0,0,0,0,,0
Syria,1997,0,0,0,0,0,0,0,0,0,,0
Syria,1998,0,0,0,0,0,0,0,0,0,,0
Syria,1999,0,0,0,0,0,0,0,0,0,,0
Syria,2000,0,0,0,0,0,0,0,0,0,,0
Syria,2001,0,0,0,0,0,0,0,0,0,,0
Syria,2002,0,0,0,0,0,0,0,0,0,,0
Syria,2003,0,0,0,0,0,0,0,0,0,,0
Syria,2004,0,0,0,0,0,0,0,0,1,"exp_part, imp_part",1
Syria,2005,0,0,0,0,0,0,0,0,1,"exp_part, imp_part",1
Syria,2006,0,0,0,0,0,0,0,0,1,"exp_part, imp_part",1
Syria,2007,0,0,0,0,0,0,0,0,1,"exp_part, imp_part",1
Syria,2008,0,0,0,0,0,0,0,0,1,"exp_part, imp_part",1
Syria,2009,0,0,0,0,0,0,0,0,1,"exp_part, imp_part",1
Syria,2010,0,0,0,0,0,0,0,0,1,"exp_part, imp_part",1
Syria,2011,1,1,1,0,0,0,1,0,1,"exp_part; exp_part, imp_part",1
Syria,2012,1,1,1,0,0,0,1,0,1,"exp_part; exp_part, imp_part",1
Syria,2013,1,1,1,0,0,0,1,0,1,"exp_part; exp_part, imp_part",1
Syria,2014,1,1,1,0,0,0,1,0,1,"exp_part; exp_part, imp_part",1
Syria,2015,1,1,1,0,0,0,1,0,1,"exp_part; exp_part, imp_part",1
Syria,2016,1,1,1,0,0,0,1,0,1,"exp_part; exp_part, imp_part",1
Syria,2017,1,1,1,0,0,0,1,0,1,"exp_part; exp_part, imp_part",1
Syria,2018,1,1,1,0,0,0,1,0,1,"exp_part; exp_part, imp_part",1
Syria,2019,1,1,1,0,0,0,1,0,1,"exp_part; exp_part, imp_part",1
Syria,2020,1,1,1,0,0,0,1,0,1,"exp_part; exp_part, imp_part",1
Syria,2021,1,1,1,0,0,0,1,1,1,"exp_part; exp_part, imp_part",1
Syria,2022,1,1,1,0,0,0,1,1,1,"exp_part; exp_part, imp_part",1
Taiwan,1950,0,0,0,0,0,0,0,0,0,,0
Taiwan,1951,0,0,0,0,0,0,0,0,0,,0
Taiwan,1952,0,0,0,0,0,0,0,0,0,,0
Taiwan,1953,0,0,0,0,0,0,0,0,0,,0
Taiwan,1954,0,0,0,0,0,0,0,0,0,,0
Taiwan,1955,0,0,0,0,0,0,0,0,0,,0
Taiwan,1956,0,0,0,0,0,0,0,0,0,,0
Taiwan,1957,0,0,0,0,0,0,0,0,0,,0
Taiwan,1958,0,0,0,0,0,0,0,0,0,,0
Taiwan,1959,0,0,0,0,0,0,0,0,0,,0
Taiwan,1960,0,0,0,0,0,0,0,0,0,,0
Taiwan,1961,0,0,0,0,0,0,0,0,0,,0
Taiwan,1962,0,0,0,0,0,0,0,0,0,,0
Taiwan,1963,0,0,0,0,0,0,0,0,0,,0
Taiwan,1964,0,0,0,0,0,0,0,0,0,,0
Taiwan,1965,0,0,0,0,0,0,0,0,0,,0
Taiwan,1966,0,0,0,0,0,0,0,0,0,,0
Taiwan,1967,0,0,0,0,0,0,0,0,0,,0
Taiwan,1968,0,0,0,0,0,0,0,0,0,,0
Taiwan,1969,0,0,0,0,0,0,0,0,0,,0
Taiwan,1970,0,0,0,0,0,0,0,0,0,,0
Taiwan,1971,0,0,0,0,0,0,0,0,0,,0
Taiwan,1972,0,0,0,0,0,0,0,0,0,,0
Taiwan,1973,0,0,0,0,0,0,0,0,0,,0
Taiwan,1974,0,0,0,0,0,0,0,0,0,,0
Taiwan,1975,0,0,0,0,0,0,0,0,0,,0
Taiwan,1976,0,0,0,0,0,0,0,0,1,exp_part,1
Taiwan,1977,0,0,0,0,0,0,0,0,1,exp_part,1
Taiwan,1978,0,0,0,0,0,0,0,0,0,,0
Taiwan,1979,0,0,0,0,0,0,0,0,0,,0
Taiwan,1980,0,0,0,0,0,0,0,0,0,,0
Taiwan,1981,0,0,0,0,0,0,0,0,0,,0
Taiwan,1982,0,0,0,0,0,0,0,0,0,,0
Taiwan,1983,0,0,0,0,0,0,0,0,0,,0
Taiwan,1984,0,0,0,0,0,0,0,0,0,,0
Taiwan,1985,0,0,0,0,0,0,0,0,0,,0
Taiwan,1986,0,0,0,0,0,0,0,0,0,,0
Taiwan,1987,0,0,0,0,0,0,0,0,0,,0
Taiwan,1988,0,0,0,0,0,0,0,0,0,,0
Taiwan,1989,0,0,0,0,0,0,0,0,0,,0
Taiwan,1990,0,0,0,0,0,0,0,0,0,,0
Taiwan,1991,0,0,0,0,0,0,0,0,0,,0
Taiwan,1992,0,0,0,0,0,0,0,0,0,,0
Taiwan,1993,0,0,0,0,0,0,0,0,0,,0
Taiwan,1994,0,0,0,0,0,0,0,0,1,imp_part,1
Taiwan,1995,0,0,0,0,0,0,0,0,1,imp_part,1
Taiwan,1996,0,0,0,0,0,0,0,0,0,,0
Taiwan,1997,0,0,0,0,0,0,0,0,0,,0
Taiwan,1998,0,0,0,0,0,0,0,0,0,,0
Taiwan,1999,0,0,0,0,0,0,0,0,0,,0
Taiwan,2000,0,0,0,0,0,0,0,0,0,,0
Taiwan,2001,0,0,0,0,0,0,0,0,0,,0
Taiwan,2002,0,0,0,0,0,0,0,0,0,,0
Taiwan,2003,0,0,0,0,0,0,0,0,0,,0
Taiwan,2004,0,0,0,0,0,0,0,0,0,,0
Taiwan,2005,0,0,0,0,0,0,0,0,0,,0
Taiwan,2006,0,0,0,0,0,0,0,0,0,,0
Taiwan,2007,0,0,0,0,0,0,0,0,0,,0
Taiwan,2008,0,0,0,0,0,0,0,0,0,,0
Taiwan,2009,0,0,0,0,0,0,0,0,0,,0
Taiwan,2010,0,0,0,0,0,0,0,0,0,,0
Taiwan,2011,0,0,0,0,0,0,0,0,0,,0
Taiwan,2012,0,0,0,0,0,0,0,0,0,,0
Taiwan,2013,0,0,0,0,0,0,0,0,1,"exp_part, imp_part",1
Taiwan,2014,0,0,0,0,0,0,0,0,1,"exp_part, imp_part",1
Taiwan,2015,0,0,0,0,0,0,0,0,1,"exp_part, imp_part",1
Taiwan,2016,0,0,0,0,0,0,0,0,1,"exp_part, imp_part",1
Taiwan,2017,0,0,0,0,0,0,0,0,1,"exp_part, imp_part",1
Taiwan,2018,0,0,0,0,0,0,0,0,1,"exp_part, imp_part",1
Taiwan,2019,0,0,0,0,0,0,0,0,1,"exp_part, imp_part",1
Taiwan,2020,0,0,0,0,0,0,0,0,1,"exp_part, imp_part",1
Taiwan,2021,0,0,0,0,0,0,0,0,1,"exp_part, imp_part",1
Taiwan,2022,0,0,0,0,0,0,0,0,0,,0
Tanzania,1950,0,0,0,0,0,0,0,0,0,,0
Tanzania,1951,0,0,0,0,0,0,0,0,0,,0
Tanzania,1952,0,0,0,0,0,0,0,0,0,,0
Tanzania,1953,0,0,0,0,0,0,0,0,0,,0
Tanzania,1954,0,0,0,0,0,0,0,0,0,,0
Tanzania,1955,0,0,0,0,0,0,0,0,0,,0
Tanzania,1956,0,0,0,0,0,0,0,0,0,,0
Tanzania,1957,0,0,0,0,0,0,0,0,0,,0
Tanzania,1958,0,0,0,0,0,0,0,0,0,,0
Tanzania,1959,0,0,0,0,0,0,0,0,0,,0
Tanzania,1960,0,0,0,0,0,0,0,0,0,,0
Tanzania,1961,0,0,0,0,0,0,0,0,0,,0
Tanzania,1962,0,0,0,0,0,0,0,0,0,,0
Tanzania,1963,0,0,0,0,0,0,0,0,0,,0
Tanzania,1964,0,0,0,0,0,0,0,0,0,,0
Tanzania,1965,0,0,0,0,0,0,0,0,0,,0
Tanzania,1966,0,0,0,0,0,0,0,0,0,,0
Tanzania,1967,0,0,0,0,0,0,0,0,0,,0
Tanzania,1968,0,0,0,0,0,0,0,0,0,,0
Tanzania,1969,0,0,0,0,0,0,0,0,0,,0
Tanzania,1970,0,0,0,0,0,0,0,0,0,,0
Tanzania,1971,0,0,0,0,0,0,0,0,0,,0
Tanzania,1972,0,0,0,0,0,0,0,0,0,,0
Tanzania,1973,0,0,0,0,0,0,0,0,0,,0
Tanzania,1974,0,0,0,0,0,0,0,0,0,,0
Tanzania,1975,0,0,0,0,0,0,0,0,0,,0
Tanzania,1976,0,0,0,0,0,0,0,0,0,,0
Tanzania,1977,0,0,0,0,0,0,0,0,0,,0
Tanzania,1978,0,0,0,0,0,0,0,0,0,,0
Tanzania,1979,0,0,0,0,0,0,0,0,0,,0
Tanzania,1980,0,0,0,0,0,0,0,0,0,,0
Tanzania,1981,0,0,0,0,0,0,0,0,0,,0
Tanzania,1982,0,0,0,0,0,0,0,0,0,,0
Tanzania,1983,0,0,0,0,0,0,0,0,0,,0
Tanzania,1984,0,0,0,0,0,0,0,0,0,,0
Tanzania,1985,0,0,0,0,0,0,0,0,0,,0
Tanzania,1986,0,0,0,0,0,0,0,0,0,,0
Tanzania,1987,0,0,0,0,0,0,0,0,0,,0
Tanzania,1988,0,0,0,0,0,0,0,0,0,,0
Tanzania,1989,0,0,0,0,0,0,0,0,0,,0
Tanzania,1990,0,0,0,0,0,0,0,0,0,,0
Tanzania,1991,0,0,0,0,0,0,0,0,0,,0
Tanzania,1992,0,0,0,0,0,0,0,0,0,,0
Tanzania,1993,0,0,0,0,0,0,0,0,0,,0
Tanzania,1994,0,0,0,0,0,0,0,0,0,,0
Tanzania,1995,0,0,0,0,0,0,0,0,0,,0
Tanzania,1996,0,0,0,0,0,0,0,0,0,,0
Tanzania,1997,0,0,0,0,0,0,0,0,0,,0
Tanzania,1998,0,0,0,0,0,0,0,0,0,,0
Tanzania,1999,0,0,0,0,0,0,0,0,0,,0
Tanzania,2000,0,0,0,0,0,0,0,0,0,,0
Tanzania,2001,0,0,0,0,0,0,0,0,0,,0
Tanzania,2002,0,0,0,0,0,0,0,0,0,,0
Tanzania,2003,0,0,0,0,0,0,0,0,0,,0
Tanzania,2004,0,0,0,0,0,0,0,0,0,,0
Tanzania,2005,0,0,0,0,0,0,0,0,0,,0
Tanzania,2006,0,0,0,0,0,0,0,0,0,,0
Tanzania,2007,0,0,0,0,0,0,0,0,0,,0
Tanzania,2008,0,0,0,0,0,0,0,0,0,,0
Tanzania,2009,0,0,0,0,0,0,0,0,0,,0
Tanzania,2010,0,0,0,0,0,0,0,0,0,,0
Tanzania,2011,0,0,0,0,0,0,0,0,0,,0
Tanzania,2012,0,0,0,0,0,0,0,0,0,,0
Tanzania,2013,0,0,0,0,0,0,0,0,0,,0
Tanzania,2014,0,0,0,0,0,0,0,0,0,,0
Tanzania,2015,0,0,0,0,0,0,0,0,0,,0
Tanzania,2016,0,0,0,0,0,0,0,0,0,,0
Tanzania,2017,0,0,0,0,0,0,0,0,0,,0
Tanzania,2018,0,0,0,0,0,0,0,0,0,,0
Tanzania,2019,0,0,0,0,0,0,0,0,0,,0
Tanzania,2020,0,0,0,0,0,0,0,0,0,,0
Tanzania,2021,0,0,0,0,0,0,0,0,1,"exp_part, imp_part",1
Tanzania,2022,0,0,0,0,0,0,0,0,1,"exp_part, imp_part",1
The,1950,0,0,0,0,0,0,0,0,0,,0
The,1951,0,0,0,0,0,0,0,0,0,,0
The,1952,0,0,0,0,0,0,0,0,0,,0
The,1953,0,0,0,0,0,0,0,0,0,,0
The,1954,0,0,0,0,0,0,0,0,0,,0
The,1955,0,0,0,0,0,0,0,0,0,,0
The,1956,0,0,0,0,0,0,0,0,0,,0
The,1957,0,0,0,0,0,0,0,0,0,,0
The,1958,0,0,0,0,0,0,0,0,0,,0
The,1959,0,0,0,0,0,0,0,0,0,,0
The,1960,0,0,0,0,0,0,0,0,0,,0
The,1961,0,0,0,0,0,0,0,0,0,,0
The,1962,0,0,0,0,0,0,0,0,0,,0
The,1963,0,0,0,0,0,0,0,0,0,,0
The,1964,0,0,0,0,0,0,0,0,0,,0
The,1965,0,0,0,0,0,0,0,0,0,,0
The,1966,0,0,0,0,0,0,0,0,0,,0
The,1967,0,0,0,0,0,0,0,0,0,,0
The,1968,0,0,0,0,0,0,0,0,0,,0
The,1969,0,0,0,0,0,0,0,0,0,,0
The,1970,0,0,0,0,0,0,0,0,0,,0
The,1971,0,0,0,0,0,0,0,0,0,,0
The,1972,0,0,0,0,0,0,0,0,0,,0
The,1973,0,0,0,0,0,0,0,0,0,,0
The,1974,0,0,0,0,0,0,0,0,0,,0
The,1975,0,0,0,0,0,0,0,0,0,,0
The,1976,0,0,0,0,0,0,0,0,0,,0
The,1977,0,0,0,0,0,0,0,0,0,,0
The,1978,0,0,0,0,0,0,0,0,0,,0
The,1979,0,0,0,0,0,0,0,0,0,,0
The,1980,0,0,0,0,0,0,0,0,0,,0
The,1981,0,0,0,0,0,0,0,0,0,,0
The,1982,0,0,0,0,0,0,0,0,0,,0
The,1983,0,0,0,0,0,0,0,0,0,,0
The,1984,0,0,0,0,0,0,0,0,0,,0
The,1985,0,0,0,0,0,0,0,0,0,,0
The,1986,0,0,0,0,0,0,0,0,0,,0
The,1987,0,0,0,0,0,0,0,0,0,,0
The,1988,0,0,0,0,0,0,0,0,0,,0
The,1989,0,0,0,0,0,0,0,0,0,,0
The,1990,0,0,0,0,0,0,0,0,0,,0
The,1991,0,0,0,0,0,0,0,0,0,,0
The,1992,0,0,0,0,0,0,0,0,0,,0
The,1993,0,0,0,0,0,0,0,0,0,,0
The,1994,0,0,0,0,0,0,0,0,0,,0
The,1995,0,0,0,0,0,0,0,0,0,,0
The,1996,0,0,0,0,0,0,0,0,0,,0
The,1997,0,0,0,0,0,0,0,0,0,,0
The,1998,0,0,0,0,0,0,0,0,0,,0
The,1999,0,0,0,0,0,0,0,0,0,,0
The,2000,0,0,0,0,0,0,0,0,0,,0
The,2001,0,0,0,0,0,0,0,0,0,,0
The,2002,0,0,0,0,0,0,0,0,0,,0
The,2003,0,0,0,0,0,0,0,0,0,,0
The,2004,0,0,0,0,0,0,0,0,0,,0
The,2005,0,0,0,0,0,0,0,0,0,,0
The,2006,0,0,0,0,0,0,0,0,0,,0
The,2007,0,0,0,0,0,0,0,0,0,,0
The,2008,0,0,0,0,0,0,0,0,0,,0
The,2009,0,0,0,0,0,0,0,0,0,,0
The,2010,0,0,0,0,0,0,0,0,0,,0
The,2011,0,0,0,0,0,0,0,0,0,,0
The,2012,0,0,0,0,0,0,0,0,0,,0
The,2013,0,0,0,0,0,0,0,0,0,,0
The,2014,0,0,0,0,0,0,0,0,0,,0
The,2015,0,0,0,0,0,0,0,0,0,,0
The,2016,0,0,0,0,0,0,0,0,0,,0
The,2017,0,0,0,0,0,0,0,0,0,,0
The,2018,0,0,0,0,0,0,0,0,0,,0
The,2019,0,0,0,0,0,0,0,0,0,,0
The,2020,0,0,0,0,0,0,0,0,1,"exp_part, imp_part",1
The,2021,0,0,0,0,0,0,0,0,1,"exp_part, imp_part",1
The,2022,0,0,0,0,0,0,0,0,1,"exp_part, imp_part",1
Turkey,1950,0,0,0,0,0,0,0,0,0,,0
Turkey,1951,0,0,0,0,0,0,0,0,0,,0
Turkey,1952,0,0,0,0,0,0,0,0,0,,0
Turkey,1953,0,0,0,0,0,0,0,0,0,,0
Turkey,1954,0,0,0,0,0,0,0,0,0,,0
Turkey,1955,0,0,0,0,0,0,0,0,0,,0
Turkey,1956,0,0,0,0,0,0,0,0,0,,0
Turkey,1957,0,0,0,0,0,0,0,0,0,,0
Turkey,1958,0,0,0,0,0,0,0,0,0,,0
Turkey,1959,0,0,0,0,0,0,0,0,0,,0
Turkey,1960,0,0,0,0,0,0,0,0,0,,0
Turkey,1961,0,0,0,0,0,0,0,0,0,,0
Turkey,1962,0,0,0,0,0,0,0,0,0,,0
Turkey,1963,0,0,0,0,0,0,0,0,0,,0
Turkey,1964,0,0,0,0,0,0,0,0,0,,0
Turkey,1965,0,0,0,0,0,0,0,0,0,,0
Turkey,1966,0,0,0,0,0,0,0,0,0,,0
Turkey,1967,0,0,0,0,0,0,0,0,0,,0
Turkey,1968,0,0,0,0,0,0,0,0,0,,0
Turkey,1969,0,0,0,0,0,0,0,0,0,,0
Turkey,1970,0,0,0,0,0,0,0,0,0,,0
Turkey,1971,0,0,0,0,0,0,0,0,0,,0
Turkey,1972,0,0,0,0,0,0,0,0,0,,0
Turkey,1973,0,0,0,0,0,0,0,0,0,,0
Turkey,1974,0,0,0,0,0,0,0,0,1,"exp_compl, imp_compl",1
Turkey,1975,0,0,0,0,0,0,0,0,1,"exp_compl, imp_compl",1
Turkey,1976,0,0,0,0,0,0,0,0,1,"exp_compl, imp_compl",1
Turkey,1977,0,0,0,0,0,0,0,0,1,"exp_compl, imp_compl",1
Turkey,1978,0,0,0,0,0,0,0,0,1,"exp_compl, imp_compl",1
Turkey,1979,0,0,0,0,0,0,0,0,0,,0
Turkey,1980,0,0,0,0,0,0,0,0,0,,0
Turkey,1981,0,0,0,0,0,0,0,0,0,,0
Turkey,1982,0,0,0,0,0,0,0,0,0,,0
Turkey,1983,0,0,0,0,0,0,0,0,0,,0
Turkey,1984,0,0,0,0,0,0,0,0,0,,0
Turkey,1985,0,0,0,0,0,0,0,0,0,,0
Turkey,1986,0,0,0,0,0,0,0,0,0,,0
Turkey,1987,0,0,0,0,0,0,0,0,0,,0
Turkey,1988,0,0,0,0,0,0,0,0,0,,0
Turkey,1989,0,0,0,0,0,0,0,0,0,,0
Turkey,1990,0,0,0,0,0,0,0,0,0,,0
Turkey,1991,0,0,0,0,0,0,0,0,0,,0
Turkey,1992,0,0,0,0,0,0,0,0,0,,0
Turkey,1993,0,0,0,0,0,0,0,0,0,,0
Turkey,1994,0,0,0,0,0,0,0,0,0,,0
Turkey,1995,0,0,0,0,0,0,0,0,0,,0
Turkey,1996,0,0,0,0,0,0,0,0,0,,0
Turkey,1997,0,0,0,0,0,0,0,0,0,,0
Turkey,1998,0,0,0,0,0,0,0,0,0,,0
Turkey,1999,0,0,0,0,0,0,0,0,0,,0
Turkey,2000,0,0,0,0,0,0,0,0,0,,0
Turkey,2001,0,0,0,0,0,0,0,0,0,,0
Turkey,2002,0,0,0,0,0,0,0,0,0,,0
Turkey,2003,0,0,0,0,0,0,0,0,0,,0
Turkey,2004,0,0,0,0,0,0,0,0,0,,0
Turkey,2005,0,0,0,0,0,0,0,0,0,,0
Turkey,2006,0,0,0,0,0,0,0,0,0,,0
Turkey,2007,0,0,0,0,0,0,0,0,0,,0
Turkey,2008,0,0,0,0,0,0,0,0,0,,0
Turkey,2009,0,0,0,0,0,0,0,0,0,,0
Turkey,2010,0,0,0,0,0,0,0,0,0,,0
Turkey,2011,0,0,0,0,0,0,0,0,0,,0
Turkey,2012,0,0,0,0,0,0,0,0,0,,0
Turkey,2013,0,0,0,0,0,0,0,0,0,,0
Turkey,2014,0,0,0,0,0,0,0,0,0,,0
Turkey,2015,0,0,0,0,0,0,0,0,0,,0
Turkey,2016,0,0,0,0,0,0,0,0,0,,0
Turkey,2017,0,0,0,0,0,0,0,0,0,,0
Turkey,2018,0,0,0,0,0,0,0,0,1,"exp_part, imp_part",1
Turkey,2019,0,0,0,0,0,0,0,0,0,,0
Turkey,2020,0,0,0,0,0,0,0,0,1,"exp_part, imp_part",1
Turkey,2021,0,0,0,0,0,0,0,0,1,"exp_part, imp_part",1
Turkey,2022,0,0,0,0,0,0,0,0,1,"exp_part, imp_part",1
Turkmenistan,1950,0,0,0,0,0,0,0,0,0,,0
Turkmenistan,1951,0,0,0,0,0,0,0,0,0,,0
Turkmenistan,1952,0,0,0,0,0,0,0,0,0,,0
Turkmenistan,1953,0,0,0,0,0,0,0,0,0,,0
Turkmenistan,1954,0,0,0,0,0,0,0,0,0,,0
Turkmenistan,1955,0,0,0,0,0,0,0,0,0,,0
Turkmenistan,1956,0,0,0,0,0,0,0,0,0,,0
Turkmenistan,1957,0,0,0,0,0,0,0,0,0,,0
Turkmenistan,1958,0,0,0,0,0,0,0,0,0,,0
Turkmenistan,1959,0,0,0,0,0,0,0,0,0,,0
Turkmenistan,1960,0,0,0,0,0,0,0,0,0,,0
Turkmenistan,1961,0,0,0,0,0,0,0,0,0,,0
Turkmenistan,1962,0,0,0,0,0,0,0,0,0,,0
Turkmenistan,1963,0,0,0,0,0,0,0,0,0,,0
Turkmenistan,1964,0,0,0,0,0,0,0,0,0,,0
Turkmenistan,1965,0,0,0,0,0,0,0,0,0,,0
Turkmenistan,1966,0,0,0,0,0,0,0,0,0,,0
Turkmenistan,1967,0,0,0,0,0,0,0,0,0,,0
Turkmenistan,1968,0,0,0,0,0,0,0,0,0,,0
Turkmenistan,1969,0,0,0,0,0,0,0,0,0,,0
Turkmenistan,1970,0,0,0,0,0,0,0,0,0,,0
Turkmenistan,1971,0,0,0,0,0,0,0,0,0,,0
Turkmenistan,1972,0,0,0,0,0,0,0,0,0,,0
Turkmenistan,1973,0,0,0,0,0,0,0,0,0,,0
Turkmenistan,1974,0,0,0,0,0,0,0,0,0,,0
Turkmenistan,1975,0,0,0,0,0,0,0,0,0,,0
Turkmenistan,1976,0,0,0,0,0,0,0,0,0,,0
Turkmenistan,1977,0,0,0,0,0,0,0,0,0,,0
Turkmenistan,1978,0,0,0,0,0,0,0,0,0,,0
Turkmenistan,1979,0,0,0,0,0,0,0,0,0,,0
Turkmenistan,1980,0,0,0,0,0,0,0,0,0,,0
Turkmenistan,1981,0,0,0,0,0,0,0,0,0,,0
Turkmenistan,1982,0,0,0,0,0,0,0,0,0,,0
Turkmenistan,1983,0,0,0,0,0,0,0,0,0,,0
Turkmenistan,1984,0,0,0,0,0,0,0,0,0,,0
Turkmenistan,1985,0,0,0,0,0,0,0,0,0,,0
Turkmenistan,1986,0,0,0,0,0,0,0,0,0,,0
Turkmenistan,1987,0,0,0,0,0,0,0,0,0,,0
Turkmenistan,1988,0,0,0,0,0,0,0,0,0,,0
Turkmenistan,1989,0,0,0,0,0,0,0,0,0,,0
Turkmenistan,1990,0,0,0,0,0,0,0,0,0,,0
Turkmenistan,1991,0,0,0,0,0,0,0,0,0,,0
Turkmenistan,1992,0,0,0,0,0,1,0,0,0,exp_part,1
Turkmenistan,1993,0,0,0,0,0,1,0,0,0,imp_part,1
Turkmenistan,1994,0,0,0,0,0,1,0,0,0,imp_part,1
Turkmenistan,1995,0,0,0,0,0,1,0,0,0,imp_part,1
Turkmenistan,1996,0,0,0,0,0,0,0,0,0,,0
Turkmenistan,1997,0,0,0,0,0,0,0,0,0,,0
Turkmenistan,1998,0,0,0,0,0,0,0,0,0,,0
Turkmenistan,1999,0,0,0,0,0,0,0,0,0,,0
Turkmenistan,2000,0,0,0,0,0,0,0,0,0,,0
Turkmenistan,2001,0,0,0,0,0,0,0,0,0,,0
Turkmenistan,2002,0,0,0,0,0,0,0,0,0,,0
Turkmenistan,2003,0,0,0,0,0,0,0,0,0,,0
Turkmenistan,2004,0,0,0,0,0,0,0,0,0,,0
Turkmenistan,2005,0,0,0,0,0,0,0,0,0,,0
Turkmenistan,2006,0,0,0,0,0,0,0,0,0,,0
Turkmenistan,2007,0,0,0,0,0,0,0,0,0,,0
Turkmenistan,2008,0,0,0,0,0,0,0,0,0,,0
Turkmenistan,2009,0,0,0,0,0,0,0,0,0,,0
Turkmenistan,2010,0,0,0,0,0,0,0,0,0,,0
Turkmenistan,2011,0,0,0,0,0,0,0,0,0,,0
Turkmenistan,2012,0,0,0,0,0,0,0,0,0,,0
Turkmenistan,2013,0,0,0,0,0,0,0,0,0,,0
Turkmenistan,2014,0,0,0,0,0,0,0,0,0,,0
Turkmenistan,2015,0,0,0,0,0,0,0,0,0,,0
Turkmenistan,2016,0,0,0,0,0,0,0,0,0,,0
Turkmenistan,2017,0,0,0,0,0,0,0,0,0,,0
Turkmenistan,2018,0,0,0,0,0,0,0,0,0,,0
Turkmenistan,2019,0,0,0,0,0,0,0,0,0,,0
Turkmenistan,2020,0,0,0,0,0,0,0,0,0,,0
Turkmenistan,2021,0,0,0,0,0,0,0,0,0,,0
Turkmenistan,2022,0,0,0,0,0,0,0,0,0,,0
Uganda,1950,0,0,0,0,0,0,0,0,0,,0
Uganda,1951,0,0,0,0,0,0,0,0,0,,0
Uganda,1952,0,0,0,0,0,0,0,0,0,,0
Uganda,1953,0,0,0,0,0,0,0,0,0,,0
Uganda,1954,0,0,0,0,0,0,0,0,0,,0
Uganda,1955,0,0,0,0,0,0,0,0,0,,0
Uganda,1956,0,0,0,0,0,0,0,0,0,,0
Uganda,1957,0,0,0,0,0,0,0,0,0,,0
Uganda,1958,0,0,0,0,0,0,0,0,0,,0
Uganda,1959,0,0,0,0,0,0,0,0,0,,0
Uganda,1960,0,0,0,0,0,0,0,0,0,,0
Uganda,1961,0,0,0,0,0,0,0,0,0,,0
Uganda,1962,0,0,0,0,0,0,0,0,0,,0
Uganda,1963,0,0,0,0,0,0,0,0,0,,0
Uganda,1964,0,0,0,0,0,0,0,0,0,,0
Uganda,1965,0,0,0,0,0,0,0,0,0,,0
Uganda,1966,0,0,0,0,0,0,0,0,0,,0
Uganda,1967,0,0,0,0,0,0,0,0,0,,0
Uganda,1968,0,0,0,0,0,0,0,0,0,,0
Uganda,1969,0,0,0,0,0,0,0,0,0,,0
Uganda,1970,0,0,0,0,0,0,0,0,0,,0
Uganda,1971,0,0,0,0,0,0,0,0,0,,0
Uganda,1972,0,0,0,0,0,0,0,0,0,,0
Uganda,1973,0,0,0,0,0,0,0,0,0,,0
Uganda,1974,0,0,0,0,0,0,0,0,0,,0
Uganda,1975,0,0,0,0,0,0,0,0,0,,0
Uganda,1976,0,0,0,0,0,0,0,0,0,,0
Uganda,1977,0,0,0,0,0,0,0,0,0,,0
Uganda,1978,0,0,0,0,0,0,0,0,1,"exp_compl, imp_compl",1
Uganda,1979,0,0,0,0,0,0,0,1,1,"exp_compl, imp_compl; exp_part",1
Uganda,1980,0,0,0,0,0,0,0,0,0,,0
Uganda,1981,0,0,0,0,0,0,0,0,0,,0
Uganda,1982,0,0,0,0,0,0,0,0,0,,0
Uganda,1983,0,0,0,0,0,0,0,0,0,,0
Uganda,1984,0,0,0,0,0,0,0,0,0,,0
Uganda,1985,0,0,0,0,0,0,0,0,0,,0
Uganda,1986,0,0,0,0,0,0,0,0,0,,0
Uganda,1987,0,0,0,0,0,0,0,0,0,,0
Uganda,1988,0,0,0,0,0,0,0,0,0,,0
Uganda,1989,0,0,0,0,0,0,0,0,0,,0
Uganda,1990,0,0,0,0,0,0,0,0,0,,0
Uganda,1991,0,0,0,0,0,0,0,0,0,,0
Uganda,1992,0,0,0,0,0,0,0,0,0,,0
Uganda,1993,0,0,0,0,0,0,0,0,0,,0
Uganda,1994,0,0,0,0,0,0,0,0,0,,0
Uganda,1995,0,0,0,0,0,0,0,0,0,,0
Uganda,1996,0,0,0,0,0,0,0,0,0,,0
Uganda,1997,0,0,0,0,0,0,0,0,0,,0
Uganda,1998,0,0,0,0,0,0,0,0,0,,0
Uganda,1999,0,0,0,0,0,0,0,0,0,,0
Uganda,2000,0,0,0,0,0,0,0,0,0,,0
Uganda,2001,0,0,0,0,0,0,0,0,0,,0
Uganda,2002,0,0,0,0,0,0,0,0,0,,0
Uganda,2003,0,0,0,0,0,0,0,0,0,,0
Uganda,2004,0,0,0,0,0,0,0,0,0,,0
Uganda,2005,0,0,0,0,0,0,0,0,0,,0
Uganda,2006,0,0,0,0,0,0,0,0,0,,0
Uganda,2007,0,0,0,0,0,0,0,0,0,,0
Uganda,2008,0,0,0,0,0,0,0,0,0,,0
Uganda,2009,0,0,0,0,0,0,0,0,0,,0
Uganda,2010,0,0,0,0,0,0,0,0,0,,0
Uganda,2011,0,0,0,0,0,0,0,0,0,,0
Uganda,2012,0,0,0,0,0,0,0,0,0,,0
Uganda,2013,0,0,0,0,0,0,0,0,0,,0
Uganda,2014,0,0,0,0,0,0,0,0,0,,0
Uganda,2015,0,0,0,0,0,0,0,0,0,,0
Uganda,2016,0,0,0,0,0,0,0,0,0,,0
Uganda,2017,0,0,0,0,0,0,0,0,0,,0
Uganda,2018,0,0,0,0,0,0,0,0,0,,0
Uganda,2019,0,0,0,0,0,0,0,0,0,,0
Uganda,2020,0,0,0,0,0,0,0,0,0,,0
Uganda,2021,0,0,0,0,0,0,0,0,1,"exp_part, imp_part",1
Uganda,2022,0,0,0,0,0,0,0,0,1,"exp_part, imp_part",1
Ukraine,1950,0,0,0,0,0,0,0,0,0,,0
Ukraine,1951,0,0,0,0,0,0,0,0,0,,0
Ukraine,1952,0,0,0,0,0,0,0,0,0,,0
Ukraine,1953,0,0,0,0,0,0,0,0,0,,0
Ukraine,1954,0,0,0,0,0,0,0,0,0,,0
Ukraine,1955,0,0,0,0,0,0,0,0,0,,0
Ukraine,1956,0,0,0,0,0,0,0,0,0,,0
Ukraine,1957,0,0,0,0,0,0,0,0,0,,0
Ukraine,1958,0,0,0,0,0,0,0,0,0,,0
Ukraine,1959,0,0,0,0,0,0,0,0,0,,0
Ukraine,1960,0,0,0,0,0,0,0,0,0,,0
Ukraine,1961,0,0,0,0,0,0,0,0,0,,0
Ukraine,1962,0,0,0,0,0,0,0,0,0,,0
Ukraine,1963,0,0,0,0,0,0,0,0,0,,0
Ukraine,1964,0,0,0,0,0,0,0,0,0,,0
Ukraine,1965,0,0,0,0,0,0,0,0,0,,0
Ukraine,1966,0,0,0,0,0,0,0,0,0,,0
Ukraine,1967,0,0,0,0,0,0,0,0,0,,0
Ukraine,1968,0,0,0,0,0,0,0,0,0,,0
Ukraine,1969,0,0,0,0,0,0,0,0,0,,0
Ukraine,1970,0,0,0,0,0,0,0,0,0,,0
Ukraine,1971,0,0,0,0,0,0,0,0,0,,0
Ukraine,1972,0,0,0,0,0,0,0,0,0,,0
Ukraine,1973,0,0,0,0,0,0,0,0,0,,0
Ukraine,1974,0,0,0,0,0,0,0,0,0,,0
Ukraine,1975,0,0,0,0,0,0,0,0,0,,0
Ukraine,1976,0,0,0,0,0,0,0,0,0,,0
Ukraine,1977,0,0,0,0,0,0,0,0,0,,0
Ukraine,1978,0,0,0,0,0,0,0,0,0,,0
Ukraine,1979,0,0,0,0,0,0,0,0,0,,0
Ukraine,1980,0,0,0,0,0,0,0,0,0,,0
Ukraine,1981,0,0,0,0,0,0,0,0,0,,0
Ukraine,1982,0,0,0,0,0,0,0,0,0,,0
Ukraine,1983,0,0,0,0,0,0,0,0,0,,0
Ukraine,1984,0,0,0,0,0,0,0,0,0,,0
Ukraine,1985,0,0,0,0,0,0,0,0,0,,0
Ukraine,1986,0,0,0,0,0,0,0,0,0,,0
Ukraine,1987,0,0,0,0,0,0,0,0,0,,0
Ukraine,1988,0,0,0,0,0,0,0,0,0,,0
Ukraine,1989,0,0,0,0,0,0,0,0,0,,0
Ukraine,1990,0,0,0,0,0,0,0,0,0,,0
Ukraine,1991,0,0,0,0,0,0,0,0,0,,0
Ukraine,1992,0,0,0,0,0,0,0,0,0,,0
Ukraine,1993,0,0,0,0,0,1,0,0,0,exp_part,1
Ukraine,1994,0,0,0,0,0,1,0,0,0,exp_part,1
Ukraine,1995,0,0,0,0,0,1,0,0,0,exp_part; imp_part,1
Ukraine,1996,0,0,0,0,0,1,0,0,0,exp_part; imp_part,1
Ukraine,1997,0,0,0,0,0,0,0,0,0,,0
Ukraine,1998,0,0,0,0,0,0,0,0,0,,0
Ukraine,1999,0,0,0,0,0,0,0,0,0,,0
Ukraine,2000,0,0,0,0,0,0,0,0,0,,0
Ukraine,2001,0,0,0,0,0,0,0,0,0,,0
Ukraine,2002,0,0,0,0,0,0,0,0,0,,0
Ukraine,2003,0,0,0,0,0,0,0,0,0,,0
Ukraine,2004,0,0,0,0,0,0,0,0,0,,0
Ukraine,2005,0,0,0,0,0,0,0,0,0,,0
Ukraine,2006,0,0,0,0,0,1,0,0,0,exp_part,1
Ukraine,2007,0,0,0,0,0,0,0,0,0,,0
Ukraine,2008,0,0,0,0,0,0,0,0,0,,0
Ukraine,2009,0,0,0,0,0,1,0,0,0,exp_part,1
Ukraine,2010,0,0,0,0,0,0,0,0,0,,0
Ukraine,2011,0,0,0,0,0,0,0,0,0,,0
Ukraine,2012,0,0,0,0,0,0,0,0,0,,0
Ukraine,2013,0,0,0,0,0,0,0,0,0,,0
Ukraine,2014,0,1,1,0,1,1,1,0,1,"exp_part; exp_part, imp_part; imp_part",1
Ukraine,2015,0,1,1,0,1,0,1,0,1,"exp_part, imp_part; imp_part",1
Ukraine,2016,0,1,1,0,1,0,1,0,1,"exp_part, imp_part; imp_part",1
Ukraine,2017,0,1,1,0,1,0,1,0,1,"exp_part, imp_part; imp_part",1
Ukraine,2018,0,1,1,0,1,0,1,0,1,"exp_part, imp_part; imp_part",1
Ukraine,2019,0,1,1,0,1,0,1,0,1,"exp_part, imp_part; imp_part",1
Ukraine,2020,0,1,1,0,1,0,1,0,1,"exp_part, imp_part; imp_part",1
Ukraine,2021,0,1,1,0,1,0,1,1,1,"exp_part, imp_part; imp_part",1
Ukraine,2022,0,1,1,0,1,0,1,1,1,"exp_part, imp_part; imp_part",1
United Arab Emirates,1950,0,0,0,0,0,0,0,0,0,,0
United Arab Emirates,1951,0,0,0,0,0,0,0,0,0,,0
United Arab Emirates,1952,0,0,0,0,0,0,0,0,0,,0
United Arab Emirates,1953,0,0,0,0,0,0,0,0,0,,0
United Arab Emirates,1954,0,0,0,0,0,0,0,0,0,,0
United Arab Emirates,1955,0,0,0,0,0,0,0,0,0,,0
United Arab Emirates,1956,0,0,0,0,0,0,0,0,0,,0
United Arab Emirates,1957,0,0,0,0,0,0,0,0,0,,0
United Arab Emirates,1958,0,0,0,0,0,0,0,0,0,,0
United Arab Emirates,1959,0,0,0,0,0,0,0,0,0,,0
United Arab Emirates,1960,0,0,0,0,0,0,0,0,0,,0
United Arab Emirates,1961,0,0,0,0,0,0,0,0,0,,0
United Arab Emirates,1962,0,0,0,0,0,0,0,0,0,,0
United Arab Emirates,1963,0,0,0,0,0,0,0,0,0,,0
United Arab Emirates,1964,0,0,0,0,0,0,0,0,0,,0
United Arab Emirates,1965,0,0,0,0,0,0,0,0,0,,0
United Arab Emirates,1966,0,0,0,0,0,0,0,0,0,,0
United Arab Emirates,1967,0,0,0,0,0,0,0,0,0,,0
United Arab Emirates,1968,0,0,0,0,0,0,0,0,0,,0
United Arab Emirates,1969,0,0,0,0,0,0,0,0,0,,0
United Arab Emirates,1970,0,0,0,0,0,0,0,0,0,,0
United Arab Emirates,1971,0,0,0,0,0,0,0,0,0,,0
United Arab Emirates,1972,0,0,0,0,0,0,0,0,0,,0
United Arab Emirates,1973,0,0,0,0,0,0,0,0,0,,0
United Arab Emirates,1974,0,0,0,0,0,0,0,0,0,,0
United Arab Emirates,1975,0,0,0,0,0,0,0,0,0,,0
United Arab Emirates,1976,0,0,0,0,0,0,0,0,0,,0
United Arab Emirates,1977,0,0,0,0,0,0,0,0,0,,0
United Arab Emirates,1978,0,0,0,0,0,0,0,0,0,,0
United Arab Emirates,1979,0,0,0,0,0,0,0,0,0,,0
United Arab Emirates,1980,0,0,0,0,0,0,0,0,0,,0
United Arab Emirates,1981,0,0,0,0,0,0,0,0,0,,0
United Arab Emirates,1982,0,0,0,0,0,0,0,0,0,,0
United Arab Emirates,1983,0,0,0,0,0,0,0,0,0,,0
United Arab Emirates,1984,0,0,0,0,0,0,0,0,0,,0
United Arab Emirates,1985,0,0,0,0,0,0,0,0,0,,0
United Arab Emirates,1986,0,0,0,0,0,0,0,0,0,,0
United Arab Emirates,1987,0,0,0,0,0,0,0,0,0,,0
United Arab Emirates,1988,0,0,0,0,0,0,0,0,0,,0
United Arab Emirates,1989,0,0,0,0,0,0,0,0,0,,0
United Arab Emirates,1990,0,0,0,0,0,0,0,0,0,,0
United Arab Emirates,1991,0,0,0,0,0,0,0,0,0,,0
United Arab Emirates,1992,0,0,0,0,0,0,0,0,0,,0
United Arab Emirates,1993,0,0,0,0,0,0,0,0,0,,0
United Arab Emirates,1994,0,0,0,0,0,0,0,0,0,,0
United Arab Emirates,1995,0,0,0,0,0,0,0,0,0,,0
United Arab Emirates,1996,0,0,0,0,0,0,0,0,0,,0
United Arab Emirates,1997,0,0,0,0,0,0,0,0,0,,0
United Arab Emirates,1998,0,0,0,0,0,0,0,0,0,,0
United Arab Emirates,1999,0,0,0,0,0,0,0,0,0,,0
United Arab Emirates,2000,0,0,0,0,0,0,0,0,0,,0
United Arab Emirates,2001,0,0,0,0,0,0,0,0,0,,0
United Arab Emirates,2002,0,0,0,0,0,0,0,0,0,,0
United Arab Emirates,2003,0,0,0,0,0,0,0,0,0,,0
United Arab Emirates,2004,0,0,0,0,0,0,0,0,0,,0
United Arab Emirates,2005,0,0,0,0,0,0,0,0,0,,0
United Arab Emirates,2006,0,0,0,0,0,0,0,0,0,,0
United Arab Emirates,2007,0,0,0,0,0,0,0,0,0,,0
United Arab Emirates,2008,0,0,0,0,0,0,0,0,0,,0
United Arab Emirates,2009,0,0,0,0,0,0,0,0,0,,0
United Arab Emirates,2010,0,0,0,0,0,0,0,0,0,,0
United Arab Emirates,2011,0,0,0,0,0,0,0,0,0,,0
United Arab Emirates,2012,0,0,0,0,0,0,0,0,0,,0
United Arab Emirates,2013,0,0,0,0,0,0,0,0,0,,0
United Arab Emirates,2014,0,0,0,0,0,0,0,0,0,,0
United Arab Emirates,2015,0,0,0,0,0,0,0,0,0,,0
United Arab Emirates,2016,0,0,0,0,0,0,0,0,0,,0
United Arab Emirates,2017,0,0,0,0,0,0,0,0,0,,0
United Arab Emirates,2018,0,0,0,0,0,0,0,0,0,,0
United Arab Emirates,2019,0,0,0,0,0,0,0,0,0,,0
United Arab Emirates,2020,0,0,0,0,0,0,0,0,0,,0
United Arab Emirates,2021,0,0,0,0,0,0,0,0,0,,0
United Arab Emirates,2022,0,0,0,0,0,0,0,0,1,"exp_part, imp_part",1
United States,1950,0,0,0,0,0,0,0,0,0,,0
United States,1951,0,0,0,0,0,0,0,0,0,,0
United States,1952,0,0,0,0,0,0,0,0,0,,0
United States,1953,0,0,0,0,0,0,0,0,0,,0
United States,1954,0,0,0,0,0,0,0,0,0,,0
United States,1955,0,0,0,0,0,0,0,0,0,,0
United States,1956,0,0,0,0,0,0,0,0,0,,0
United States,1957,0,0,0,0,0,0,0,0,0,,0
United States,1958,0,0,0,0,0,0,0,0,0,,0
United States,1959,0,0,0,0,0,0,0,0,0,,0
United States,1960,0,0,0,0,0,0,0,0,0,,0
United States,1961,0,0,0,0,0,0,0,0,0,,0
United States,1962,0,0,0,0,0,0,0,0,0,,0
United States,1963,0,0,0,0,0,0,0,0,0,,0
United States,1964,0,0,0,0,0,0,0,0,0,,0
United States,1965,0,0,0,0,0,0,0,0,0,,0
United States,1966,0,0,0,0,0,0,0,0,0,,0
United States,1967,0,0,0,0,0,0,0,0,0,,0
United States,1968,0,0,0,0,0,0,0,0,0,,0
United States,1969,0,0,0,0,0,0,0,0,0,,0
United States,1970,0,0,0,0,0,0,0,0,0,,0
United States,1971,0,0,0,0,0,0,0,0,0,,0
United States,1972,0,0,0,0,0,0,0,0,0,,0
United States,1973,0,0,0,0,0,0,0,0,0,,0
United States,1974,0,0,0,0,0,0,0,0,0,,0
United States,1975,0,0,0,0,0,0,0,0,0,,0
United States,1976,0,0,0,0,0,0,0,0,0,,0
United States,1977,0,0,0,0,0,0,0,0,0,,0
United States,1978,0,0,0,0,0,0,0,0,0,,0
United States,1979,0,0,0,0,0,0,0,0,0,,0
United States,1980,0,0,0,0,0,0,0,0,0,,0
United States,1981,0,0,0,0,0,0,0,0,0,,0
United States,1982,0,0,0,0,0,0,0,0,0,,0
United States,1983,0,0,0,0,0,0,0,0,0,,0
United States,1984,0,0,0,0,0,0,0,0,0,,0
United States,1985,0,0,0,0,0,0,0,0,0,,0
United States,1986,0,0,0,0,0,0,0,0,0,,0
United States,1987,0,0,0,0,0,0,0,0,0,,0
United States,1988,0,0,0,0,0,0,0,0,0,,0
United States,1989,0,0,0,0,0,0,0,0,0,,0
United States,1990,0,0,0,0,0,0,0,0,0,,0
United States,1991,0,0,0,0,0,0,0,0,0,,0
United States,1992,0,0,0,0,0,0,0,0,0,,0
United States,1993,0,0,0,0,0,0,0,0,0,,0
United States,1994,0,0,0,0,0,0,0,0,0,,0
United States,1995,0,0,0,0,0,0,0,0,0,,0
United States,1996,0,0,0,0,0,0,0,0,0,,0
United States,1997,0,0,0,0,0,0,0,0,0,,0
United States,1998,0,0,0,0,0,0,0,0,0,,0
United States,1999,0,0,0,0,0,0,0,0,0,,0
United States,2000,0,0,0,0,0,0,0,0,0,,0
United States,2001,0,0,0,0,0,0,0,0,0,,0
United States,2002,0,0,0,0,0,0,0,0,0,,0
United States,2003,0,1,0,0,1,0,0,0,0,imp_part,1
United States,2004,0,1,0,0,1,0,0,0,0,imp_part,1
United States,2005,0,1,0,0,1,0,0,0,0,imp_part,1
United States,2006,0,1,0,0,1,0,0,0,0,imp_part,1
United States,2007,0,0,0,0,1,0,0,0,0,imp_part,1
United States,2008,0,0,0,0,1,0,0,0,0,imp_part,1
United States,2009,0,0,0,0,1,0,0,0,0,imp_part,1
United States,2010,0,0,0,0,1,0,0,0,0,imp_part,1
United States,2011,0,0,0,0,1,0,0,0,0,imp_part,1
United States,2012,0,0,0,0,1,0,0,0,0,imp_part,1
United States,2013,0,0,0,0,1,0,0,0,0,imp_part,1
United States,2014,0,0,0,0,0,1,0,0,0,imp_part,1
United States,2015,0,0,0,0,0,1,0,0,0,imp_part,1
United States,2016,0,0,0,0,0,1,0,0,0,imp_part,1
United States,2017,0,0,0,0,0,1,0,0,0,imp_part,1
United States,2018,0,0,0,0,0,1,0,0,0,imp_part,1
United States,2019,0,0,0,0,0,1,0,0,0,imp_part,1
United States,2020,0,0,0,0,0,1,0,0,0,imp_part,1
United States,2021,0,0,0,0,0,1,0,0,0,imp_part,1
United States,2022,0,0,0,0,0,1,0,0,0,"exp_part, imp_part; imp_part",1
Uruguay,1950,0,0,0,0,0,0,0,0,0,,0
Uruguay,1951,0,0,0,0,0,0,0,0,0,,0
Uruguay,1952,0,0,0,0,0,0,0,0,0,,0
Uruguay,1953,0,0,0,0,0,0,0,0,0,,0
Uruguay,1954,0,0,0,0,0,0,0,0,0,,0
Uruguay,1955,0,0,0,0,0,0,0,0,0,,0
Uruguay,1956,0,0,0,0,0,0,0,0,0,,0
Uruguay,1957,0,0,0,0,0,0,0,0,0,,0
Uruguay,1958,0,0,0,0,0,0,0,0,0,,0
Uruguay,1959,0,0,0,0,0,0,0,0,0,,0
Uruguay,1960,0,0,0,0,0,0,0,0,0,,0
Uruguay,1961,0,0,0,0,0,0,0,0,0,,0
Uruguay,1962,0,0,0,0,0,0,0,0,0,,0
Uruguay,1963,0,0,0,0,0,0,0,0,0,,0
Uruguay,1964,0,0,0,0,0,0,0,0,0,,0
Uruguay,1965,0,0,0,0,0,0,0,0,0,,0
Uruguay,1966,0,0,0,0,0,0,0,0,0,,0
Uruguay,1967,0,0,0,0,0,0,0,0,0,,0
Uruguay,1968,0,0,0,0,0,0,0,0,0,,0
Uruguay,1969,0,0,0,0,0,0,0,0,0,,0
Uruguay,1970,0,0,0,0,0,0,0,0,0,,0
Uruguay,1971,0,0,0,0,0,0,0,0,0,,0
Uruguay,1972,0,0,0,0,0,0,0,0,0,,0
Uruguay,1973,0,0,0,0,0,0,0,0,0,,0
Uruguay,1974,0,0,0,0,0,0,0,0,0,,0
Uruguay,1975,0,0,0,0,0,0,0,0,0,,0
Uruguay,1976,0,0,0,0,0,0,0,0,0,,0
Uruguay,1977,0,0,0,0,0,0,0,0,1,exp_part,1
Uruguay,1978,0,0,0,0,0,0,0,0,0,,0
Uruguay,1979,0,0,0,0,0,0,0,0,0,,0
Uruguay,1980,0,0,0,0,0,0,0,0,0,,0
Uruguay,1981,0,0,0,0,0,0,0,0,0,,0
Uruguay,1982,0,0,0,0,0,0,0,0,0,,0
Uruguay,1983,0,0,0,0,0,0,0,0,0,,0
Uruguay,1984,0,0,0,0,0,0,0,0,0,,0
Uruguay,1985,0,0,0,0,0,0,0,0,0,,0
Uruguay,1986,0,0,0,0,0,0,0,0,0,,0
Uruguay,1987,0,0,0,0,0,0,0,0,0,,0
Uruguay,1988,0,0,0,0,0,0,0,0,0,,0
Uruguay,1989,0,0,0,0,0,0,0,0,0,,0
Uruguay,1990,0,0,0,0,0,0,0,0,0,,0
Uruguay,1991,0,0,0,0,0,0,0,0,0,,0
Uruguay,1992,0,0,0,0,0,0,0,0,0,,0
Uruguay,1993,0,0,0,0,0,0,0,0,0,,0
Uruguay,1994,0,0,0,0,0,0,0,0,0,,0
Uruguay,1995,0,0,0,0,0,0,0,0,0,,0
Uruguay,1996,0,0,0,0,0,0,0,0,0,,0
Uruguay,1997,0,0,0,0,0,0,0,0,0,,0
Uruguay,1998,0,0,0,0,0,0,0,0,0,,0
Uruguay,1999,0,0,0,0,0,0,0,0,0,,0
Uruguay,2000,0,0,0,0,0,0,0,0,0,,0
Uruguay,2001,0,0,0,0,0,0,0,0,0,,0
Uruguay,2002,0,0,0,0,0,0,0,0,0,,0
Uruguay,2003,0,0,0,0,0,0,0,0,0,,0
Uruguay,2004,0,0,0,0,0,0,0,0,0,,0
Uruguay,2005,0,0,0,0,0,0,0,0,0,,0
Uruguay,2006,0,0,0,0,0,0,0,0,0,,0
Uruguay,2007,0,0,0,0,0,0,0,0,0,,0
Uruguay,2008,0,0,0,0,0,0,0,0,0,,0
Uruguay,2009,0,0,0,0,0,0,0,0,0,,0
Uruguay,2010,0,0,0,0,0,0,0,0,0,,0
Uruguay,2011,0,0,0,0,0,0,0,0,0,,0
Uruguay,2012,0,0,0,0,0,0,0,0,0,,0
Uruguay,2013,0,0,0,0,0,0,0,0,0,,0
Uruguay,2014,0,0,0,0,0,0,0,0,0,,0
Uruguay,2015,0,0,0,0,0,0,0,0,0,,0
Uruguay,2016,0,0,0,0,0,0,0,0,0,,0
Uruguay,2017,0,0,0,0,0,0,0,0,0,,0
Uruguay,2018,0,0,0,0,0,0,0,0,0,,0
Uruguay,2019,0,0,0,0,0,0,0,0,0,,0
Uruguay,2020,0,0,0,0,0,0,0,0,0,,0
Uruguay,2021,0,0,0,0,0,0,0,0,0,,0
Uruguay,2022,0,0,0,0,0,0,0,0,0,,0
Uzbekistan,1950,0,0,0,0,0,0,0,0,0,,0
Uzbekistan,1951,0,0,0,0,0,0,0,0,0,,0
Uzbekistan,1952,0,0,0,0,0,0,0,0,0,,0
Uzbekistan,1953,0,0,0,0,0,0,0,0,0,,0
Uzbekistan,1954,0,0,0,0,0,0,0,0,0,,0
Uzbekistan,1955,0,0,0,0,0,0,0,0,0,,0
Uzbekistan,1956,0,0,0,0,0,0,0,0,0,,0
Uzbekistan,1957,0,0,0,0,0,0,0,0,0,,0
Uzbekistan,1958,0,0,0,0,0,0,0,0,0,,0
Uzbekistan,1959,0,0,0,0,0,0,0,0,0,,0
Uzbekistan,1960,0,0,0,0,0,0,0,0,0,,0
Uzbekistan,1961,0,0,0,0,0,0,0,0,0,,0
Uzbekistan,1962,0,0,0,0,0,0,0,0,0,,0
Uzbekistan,1963,0,0,0,0,0,0,0,0,0,,0
Uzbekistan,1964,0,0,0,0,0,0,0,0,0,,0
Uzbekistan,1965,0,0,0,0,0,0,0,0,0,,0
Uzbekistan,1966,0,0,0,0,0,0,0,0,0,,0
Uzbekistan,1967,0,0,0,0,0,0,0,0,0,,0
Uzbekistan,1968,0,0,0,0,0,0,0,0,0,,0
Uzbekistan,1969,0,0,0,0,0,0,0,0,0,,0
Uzbekistan,1970,0,0,0,0,0,0,0,0,0,,0
Uzbekistan,1971,0,0,0,0,0,0,0,0,0,,0
Uzbekistan,1972,0,0,0,0,0,0,0,0,0,,0
Uzbekistan,1973,0,0,0,0,0,0,0,0,0,,0
Uzbekistan,1974,0,0,0,0,0,0,0,0,0,,0
Uzbekistan,1975,0,0,0,0,0,0,0,0,0,,0
Uzbekistan,1976,0,0,0,0,0,0,0,0,0,,0
Uzbekistan,1977,0,0,0,0,0,0,0,0,0,,0
Uzbekistan,1978,0,0,0,0,0,0,0,0,0,,0
Uzbekistan,1979,0,0,0,0,0,0,0,0,0,,0
Uzbekistan,1980,0,0,0,0,0,0,0,0,0,,0
Uzbekistan,1981,0,0,0,0,0,0,0,0,0,,0
Uzbekistan,1982,0,0,0,0,0,0,0,0,0,,0
Uzbekistan,1983,0,0,0,0,0,0,0,0,0,,0
Uzbekistan,1984,0,0,0,0,0,0,0,0,0,,0
Uzbekistan,1985,0,0,0,0,0,0,0,0,0,,0
Uzbekistan,1986,0,0,0,0,0,0,0,0,0,,0
Uzbekistan,1987,0,0,0,0,0,0,0,0,0,,0
Uzbekistan,1988,0,0,0,0,0,0,0,0,0,,0
Uzbekistan,1989,0,0,0,0,0,0,0,0,0,,0
Uzbekistan,1990,0,0,0,0,0,0,0,0,0,,0
Uzbekistan,1991,0,0,0,0,0,0,0,0,0,,0
Uzbekistan,1992,0,0,0,0,0,0,0,0,0,,0
Uzbekistan,1993,0,0,0,0,0,0,0,0,0,,0
Uzbekistan,1994,0,0,0,0,0,0,0,0,0,,0
Uzbekistan,1995,0,0,0,0,0,0,0,0,0,,0
Uzbekistan,1996,0,0,0,0,0,0,0,0,0,,0
Uzbekistan,1997,0,0,0,0,0,0,0,0,0,,0
Uzbekistan,1998,0,0,0,0,0,0,0,0,0,,0
Uzbekistan,1999,0,0,0,0,0,0,0,0,0,,0
Uzbekistan,2000,0,0,0,0,0,0,0,0,0,,0
Uzbekistan,2001,0,0,0,0,0,0,0,0,0,,0
Uzbekistan,2002,0,0,0,0,0,0,0,0,0,,0
Uzbekistan,2003,0,0,0,0,0,0,0,0,0,,0
Uzbekistan,2004,0,0,0,0,0,0,0,0,0,,0
Uzbekistan,2005,0,0,1,0,0,0,0,0,0,exp_part,1
Uzbekistan,2006,0,0,1,0,0,0,1,0,0,exp_part,1
Uzbekistan,2007,0,0,1,0,0,0,1,0,0,exp_part,1
Uzbekistan,2008,0,0,1,0,0,0,1,0,0,exp_part,1
Uzbekistan,2009,0,0,1,0,0,0,1,0,0,exp_part,1
Uzbekistan,2010,0,0,0,0,0,0,0,0,0,,0
Uzbekistan,2011,0,0,0,0,0,0,0,0,0,,0
Uzbekistan,2012,0,0,0,0,0,0,0,0,0,,0
Uzbekistan,2013,0,0,0,0,0,0,0,0,0,,0
Uzbekistan,2014,0,0,0,0,0,0,0,0,0,,0
Uzbekistan,2015,0,0,0,0,0,0,0,0,0,,0
Uzbekistan,2016,0,0,0,0,0,0,0,0,0,,0
Uzbekistan,2017,0,0,0,0,0,0,0,0,0,,0
Uzbekistan,2018,0,0,0,0,0,0,0,0,0,,0
Uzbekistan,2019,0,0,0,0,0,0,0,0,0,,0
Uzbekistan,2020,0,0,0,0,0,0,0,0,0,,0
Uzbekistan,2021,0,0,0,0,0,0,0,0,0,,0
Uzbekistan,2022,0,0,0,0,0,0,0,0,0,,0
Venezuela,1950,0,0,0,0,0,0,0,0,0,,0
Venezuela,1951,0,0,0,0,0,0,0,0,0,,0
Venezuela,1952,0,0,0,0,0,0,0,0,0,,0
Venezuela,1953,0,0,0,0,0,0,0,0,0,,0
Venezuela,1954,0,0,0,0,0,0,0,0,0,,0
Venezuela,1955,0,0,0,0,0,0,0,0,0,,0
Venezuela,1956,0,0,0,0,0,0,0,0,0,,0
Venezuela,1957,0,0,0,0,0,0,0,0,0,,0
Venezuela,1958,0,0,0,0,0,0,0,0,0,,0
Venezuela,1959,0,0,0,0,0,0,0,0,0,,0
Venezuela,1960,0,0,0,0,0,0,0,0,0,,0
Venezuela,1961,0,0,0,0,0,0,0,0,0,,0
Venezuela,1962,0,0,0,0,0,0,0,0,0,,0
Venezuela,1963,0,0,0,0,0,0,0,0,0,,0
Venezuela,1964,0,0,0,0,0,0,0,0,0,,0
Venezuela,1965,0,0,0,0,0,0,0,0,0,,0
Venezuela,1966,0,0,0,0,0,0,0,0,0,,0
Venezuela,1967,0,0,0,0,0,0,0,0,0,,0
Venezuela,1968,0,0,0,0,0,0,0,0,0,,0
Venezuela,1969,0,0,0,0,0,0,0,0,0,,0
Venezuela,1970,0,0,0,0,0,0,0,0,0,,0
Venezuela,1971,0,0,0,0,0,0,0,0,0,,0
Venezuela,1972,0,0,0,0,0,0,0,0,0,,0
Venezuela,1973,0,0,0,0,0,0,0,0,0,,0
Venezuela,1974,0,0,0,0,0,0,0,0,0,,0
Venezuela,1975,0,0,0,0,0,0,0,0,0,,0
Venezuela,1976,0,0,0,0,0,0,0,0,0,,0
Venezuela,1977,0,0,0,0,0,0,0,0,0,,0
Venezuela,1978,0,0,0,0,0,0,0,0,0,,0
Venezuela,1979,0,0,0,0,0,0,0,0,0,,0
Venezuela,1980,0,0,0,0,0,0,0,0,0,,0
Venezuela,1981,0,0,0,0,0,0,0,0,0,,0
Venezuela,1982,0,0,0,0,0,0,0,0,0,,0
Venezuela,1983,0,0,0,0,0,0,0,0,0,,0
Venezuela,1984,0,0,0,0,0,0,0,0,0,,0
Venezuela,1985,0,0,0,0,0,0,0,0,0,,0
Venezuela,1986,0,0,0,0,0,0,0,0,0,,0
Venezuela,1987,0,0,0,0,0,0,0,0,0,,0
Venezuela,1988,0,0,0,0,0,0,0,0,0,,0
Venezuela,1989,0,0,0,0,0,0,0,0,0,,0
Venezuela,1990,0,0,0,0,0,0,0,0,0,,0
Venezuela,1991,0,0,0,0,0,0,0,0,0,,0
Venezuela,1992,0,0,0,0,0,0,0,0,0,,0
Venezuela,1993,0,0,0,0,0,0,0,0,0,,0
Venezuela,1994,0,0,0,0,0,0,0,0,0,,0
Venezuela,1995,0,0,0,0,0,0,0,0,0,,0
Venezuela,1996,0,0,0,0,0,0,0,0,0,,0
Venezuela,1997,0,0,0,0,0,0,0,0,0,,0
Venezuela,1998,0,0,0,0,0,0,0,0,0,,0
Venezuela,1999,0,0,0,0,0,0,0,0,0,,0
Venezuela,2000,0,0,0,0,0,0,0,0,0,,0
Venezuela,2001,0,0,0,0,0,0,0,0,0,,0
Venezuela,2002,0,0,0,0,0,0,0,0,0,,0
Venezuela,2003,0,0,0,0,0,0,0,0,0,,0
Venezuela,2004,0,0,0,0,0,0,0,0,0,,0
Venezuela,2005,0,0,0,0,0,0,0,0,0,,0
Venezuela,2006,0,0,0,0,0,0,0,0,0,,0
Venezuela,2007,0,0,0,0,0,0,0,0,0,,0
Venezuela,2008,0,0,0,0,0,0,0,0,0,,0
Venezuela,2009,0,0,0,0,0,0,0,0,0,,0
Venezuela,2010,0,0,0,0,0,0,0,0,0,,0
Venezuela,2011,0,0,0,0,0,0,0,0,0,,0
Venezuela,2012,0,0,0,0,0,0,0,0,0,,0
Venezuela,2013,0,0,0,0,0,0,0,0,0,,0
Venezuela,2014,0,0,0,0,0,0,0,0,0,,0
Venezuela,2015,0,0,0,0,0,0,0,0,1,"exp_part, imp_part",1
Venezuela,2016,0,0,0,0,0,0,0,0,1,"exp_part, imp_part",1
Venezuela,2017,0,0,1,0,0,0,0,0,1,"exp_part; exp_part, imp_part",1
Venezuela,2018,0,0,1,0,0,0,1,0,1,"exp_part; exp_part, imp_part",1
Venezuela,2019,0,0,1,0,0,0,1,0,1,"exp_part; exp_part, imp_part; imp_part",1
Venezuela,2020,0,0,1,0,0,0,1,0,1,"exp_compl,imp_part; exp_part; exp_part, imp_part; imp_part",1
Venezuela,2021,0,0,1,0,0,0,1,1,1,"exp_compl,imp_part; exp_part; exp_part, imp_part; imp_part",1
Venezuela,2022,0,0,1,0,0,0,1,1,1,"exp_compl,imp_part; exp_part; exp_part, imp_part; imp_part",1
Yemen,1950,0,0,0,0,0,0,0,0,0,,0
Yemen,1951,0,0,0,0,0,0,0,0,0,,0
Yemen,1952,0,0,0,0,0,0,0,0,0,,0
Yemen,1953,0,0,0,0,0,0,0,0,0,,0
Yemen,1954,0,0,0,0,0,0,0,0,0,,0
Yemen,1955,0,0,0,0,0,0,0,0,0,,0
Yemen,1956,0,0,0,0,0,0,0,0,0,,0
Yemen,1957,0,0,0,0,0,0,0,0,0,,0
Yemen,1958,0,0,0,0,0,0,0,0,0,,0
Yemen,1959,0,0,0,0,0,0,0,0,0,,0
Yemen,1960,0,0,0,0,0,0,0,0,0,,0
Yemen,1961,0,0,0,0,0,0,0,0,0,,0
Yemen,1962,0,0,0,0,0,0,0,0,0,,0
Yemen,1963,0,0,0,0,0,0,0,0,0,,0
Yemen,1964,0,0,0,0,0,0,0,0,0,,0
Yemen,1965,0,0,0,0,0,0,0,0,0,,0
Yemen,1966,0,0,0,0,0,0,0,0,0,,0
Yemen,1967,0,0,0,0,0,0,0,0,0,,0
Yemen,1968,0,0,0,0,0,0,0,0,0,,0
Yemen,1969,0,0,0,0,0,0,0,0,0,,0
Yemen,1970,0,0,0,0,0,0,0,0,0,,0
Yemen,1971,0,0,0,0,0,0,0,0,0,,0
Yemen,1972,0,0,0,0,0,0,0,0,0,,0
Yemen,1973,0,0,0,0,0,0,0,0,0,,0
Yemen,1974,0,0,0,0,0,0,0,0,0,,0
Yemen,1975,0,0,0,0,0,0,0,0,0,,0
Yemen,1976,0,0,0,0,0,0,0,0,0,,0
Yemen,1977,0,0,0,0,0,0,0,0,0,,0
Yemen,1978,0,0,0,0,0,0,0,0,0,,0
Yemen,1979,0,0,0,0,0,0,0,0,0,,0
Yemen,1980,0,0,0,0,0,0,0,0,0,,0
Yemen,1981,0,0,0,0,0,0,0,0,0,,0
Yemen,1982,0,0,0,0,0,0,0,0,0,,0
Yemen,1983,0,0,0,0,0,0,0,0,0,,0
Yemen,1984,0,0,0,0,0,0,0,0,0,,0
Yemen,1985,0,0,0,0,0,0,0,0,0,,0
Yemen,1986,0,0,0,0,0,0,0,0,0,,0
Yemen,1987,0,0,0,0,0,0,0,0,0,,0
Yemen,1988,0,0,0,0,0,0,0,0,0,,0
Yemen,1989,0,0,0,0,0,0,0,0,0,,0
Yemen,1990,0,0,0,0,0,0,0,0,0,,0
Yemen,1991,0,0,0,0,0,0,0,0,0,,0
Yemen,1992,0,0,0,0,0,0,0,0,0,,0
Yemen,1993,0,0,0,0,0,0,0,0,0,,0
Yemen,1994,0,0,0,0,0,0,0,0,0,,0
Yemen,1995,0,0,0,0,0,0,0,0,0,,0
Yemen,1996,0,0,0,0,0,0,0,0,0,,0
Yemen,1997,0,0,0,0,0,0,0,0,0,,0
Yemen,1998,0,0,0,0,0,0,0,0,0,,0
Yemen,1999,0,0,0,0,0,0,0,0,0,,0
Yemen,2000,0,0,0,0,0,0,0,0,0,,0
Yemen,2001,0,0,0,0,0,0,0,0,0,,0
Yemen,2002,0,0,0,0,0,0,0,0,0,,0
Yemen,2003,0,0,0,0,0,0,0,0,0,,0
Yemen,2004,0,0,0,0,0,0,0,0,0,,0
Yemen,2005,0,0,0,0,0,0,0,0,0,,0
Yemen,2006,0,0,0,0,0,0,0,0,0,,0
Yemen,2007,0,0,0,0,0,0,0,0,0,,0
Yemen,2008,0,0,0,0,0,0,0,0,0,,0
Yemen,2009,0,0,0,0,0,0,0,0,0,,0
Yemen,2010,0,0,0,0,0,0,0,0,0,,0
Yemen,2011,0,0,0,0,0,0,0,0,0,,0
Yemen,2012,0,0,0,0,0,0,0,0,0,,0
Yemen,2013,0,0,0,0,0,0,0,0,0,,0
Yemen,2014,0,0,0,0,0,0,0,0,0,,0
Yemen,2015,0,0,0,0,0,0,0,0,0,,0
Yemen,2016,0,0,0,0,0,0,0,0,0,,0
Yemen,2017,0,0,0,0,0,0,0,0,0,,0
Yemen,2018,0,0,0,0,0,0,0,0,0,,0
Yemen,2019,0,0,0,0,0,0,0,0,0,,0
Yemen,2020,0,0,0,0,0,0,0,0,1,"exp_part, imp_part",1
Yemen,2021,0,0,0,0,0,0,0,0,1,"exp_part, imp_part",1
Yemen,2022,0,0,0,0,0,0,0,0,1,"exp_part, imp_part",1
Yugoslavia,1950,0,0,0,0,0,0,0,0,0,,0
Yugoslavia,1951,0,0,0,0,0,0,0,0,0,,0
Yugoslavia,1952,0,0,0,0,0,0,0,0,0,,0
Yugoslavia,1953,0,0,0,0,0,0,0,0,0,,0
Yugoslavia,1954,0,0,0,0,0,0,0,0,0,,0
Yugoslavia,1955,0,0,0,0,0,0,0,0,0,,0
Yugoslavia,1956,0,0,0,0,0,0,0,0,0,,0
Yugoslavia,1957,0,0,0,0,0,0,0,0,0,,0
Yugoslavia,1958,0,0,0,0,0,0,0,0,0,,0
Yugoslavia,1959,0,0,0,0,0,0,0,0,0,,0
Yugoslavia,1960,0,0,0,0,0,0,0,0,0,,0
Yugoslavia,1961,0,0,0,0,0,0,0,0,0,,0
Yugoslavia,1962,0,0,0,0,0,0,0,0,0,,0
Yugoslavia,1963,0,0,0,0,0,0,0,0,0,,0
Yugoslavia,1964,0,0,0,0,0,0,0,0,0,,0
Yugoslavia,1965,0,0,0,0,0,0,0,0,0,,0
Yugoslavia,1966,0,0,0,0,0,0,0,0,0,,0
Yugoslavia,1967,0,0,0,0,0,0,0,0,0,,0
Yugoslavia,1968,0,0,0,0,0,0,0,0,0,,0
Yugoslavia,1969,0,0,0,0,0,0,0,0,0,,0
Yugoslavia,1970,0,0,0,0,0,0,0,0,0,,0
Yugoslavia,1971,0,0,0,0,0,0,0,0,0,,0
Yugoslavia,1972,0,0,0,0,0,0,0,0,0,,0
Yugoslavia,1973,0,0,0,0,0,0,0,0,0,,0
Yugoslavia,1974,0,0,0,0,0,0,0,0,0,,0
Yugoslavia,1975,0,0,0,0,0,0,0,0,0,,0
Yugoslavia,1976,0,0,0,0,0,0,0,0,0,,0
Yugoslavia,1977,0,0,0,0,0,0,0,0,0,,0
Yugoslavia,1978,0,0,0,0,0,0,0,0,0,,0
Yugoslavia,1979,0,0,0,0,0,0,0,0,0,,0
Yugoslavia,1980,0,0,0,0,0,0,0,0,0,,0
Yugoslavia,1981,0,0,0,0,0,0,0,0,0,,0
Yugoslavia,1982,0,0,0,0,0,0,0,0,0,,0
Yugoslavia,1983,0,0,0,0,0,0,0,0,0,,0
Yugoslavia,1984,0,0,0,0,0,0,0,0,0,,0
Yugoslavia,1985,0,0,0,0,0,0,0,0,0,,0
Yugoslavia,1986,0,0,0,0,0,0,0,0,0,,0
Yugoslavia,1987,0,0,0,0,0,0,0,0,0,,0
Yugoslavia,1988,0,0,0,0,0,0,0,0,0,,0
Yugoslavia,1989,0,0,0,0,0,0,0,0,0,,0
Yugoslavia,1990,0,0,0,0,0,0,0,0,0,,0
Yugoslavia,1991,0,0,0,0,0,0,0,0,0,,0
Yugoslavia,1992,0,0,0,0,0,0,0,0,0,,0
Yugoslavia,1993,0,0,0,0,0,0,0,0,0,,0
Yugoslavia,1994,0,0,0,0,0,0,0,0,0,,0
Yugoslavia,1995,0,0,0,0,0,0,0,0,0,,0
Yugoslavia,1996,0,0,0,0,0,0,0,0,0,,0
Yugoslavia,1997,0,0,0,0,0,0,0,0,0,,0
Yugoslavia,1998,0,0,1,0,0,0,0,0,0,"exp_part, imp_part",1
Yugoslavia,1999,0,0,1,0,0,0,0,0,1,"exp_part; exp_part, imp_part",1
Yugoslavia,2000,0,0,1,0,0,0,0,0,1,"exp_part; exp_part, imp_part",1
Yugoslavia,2001,0,0,1,0,0,0,0,0,0,"exp_part, imp_part",1
Yugoslavia,2002,0,0,0,0,0,0,0,0,0,,0
Yugoslavia,2003,0,0,0,0,0,0,0,0,0,,0
Yugoslavia,2004,0,0,0,0,0,0,0,0,0,,0
Yugoslavia,2005,0,0,0,0,0,0,0,0,0,,0
Yugoslavia,2006,0,0,0,0,0,0,0,0,0,,0
Yugoslavia,2007,0,0,0,0,0,0,0,0,0,,0
Yugoslavia,2008,0,0,0,0,0,0,0,0,0,,0
Yugoslavia,2009,0,0,0,0,0,0,0,0,0,,0
Yugoslavia,2010,0,0,0,0,0,0,0,0,0,,0
Yugoslavia,2011,0,0,0,0,0,0,0,0,0,,0
Yugoslavia,2012,0,0,0,0,0,0,0,0,0,,0
Yugoslavia,2013,0,0,0,0,0,0,0,0,0,,0
Yugoslavia,2014,0,0,0,0,0,0,0,0,0,,0
Yugoslavia,2015,0,0,0,0,0,0,0,0,0,,0
Yugoslavia,2016,0,0,0,0,0,0,0,0,0,,0
Yugoslavia,2017,0,0,0,0,0,0,0,0,0,,0
Yugoslavia,2018,0,0,0,0,0,0,0,0,0,,0
Yugoslavia,2019,0,0,0,0,0,0,0,0,0,,0
Yugoslavia,2020,0,0,0,0,0,0,0,0,0,,0
Yugoslavia,2021,0,0,0,0,0,0,0,0,0,,0
Yugoslavia,2022,0,0,0,0,0,0,0,0,0,,0
Zimbabwe,1950,0,0,0,0,0,0,0,0,0,,0
Zimbabwe,1951,0,0,0,0,0,0,0,0,0,,0
Zimbabwe,1952,0,0,0,0,0,0,0,0,0,,0
Zimbabwe,1953,0,0,0,0,0,0,0,0,0,,0
Zimbabwe,1954,0,0,0,0,0,0,0,0,0,,0
Zimbabwe,1955,0,0,0,0,0,0,0,0,0,,0
Zimbabwe,1956,0,0,0,0,0,0,0,0,0,,0
Zimbabwe,1957,0,0,0,0,0,0,0,0,0,,0
Zimbabwe,1958,0,0,0,0,0,0,0,0,0,,0
Zimbabwe,1959,0,0,0,0,0,0,0,0,0,,0
Zimbabwe,1960,0,0,0,0,0,0,0,0,0,,0
Zimbabwe,1961,0,0,0,0,0,0,0,0,0,,0
Zimbabwe,1962,0,0,0,0,0,0,0,0,0,,0
Zimbabwe,1963,0,0,0,0,0,0,0,0,0,,0
Zimbabwe,1964,0,0,0,0,0,0,0,0,0,,0
Zimbabwe,1965,0,0,0,0,0,0,0,0,0,,0
Zimbabwe,1966,0,0,0,0,0,0,0,0,0,,0
Zimbabwe,1967,0,0,0,0,0,0,0,0,0,,0
Zimbabwe,1968,0,0,0,0,0,0,0,0,0,,0
Zimbabwe,1969,0,0,0,0,0,0,0,0,0,,0
Zimbabwe,1970,0,0,0,0,0,0,0,0,0,,0
Zimbabwe,1971,0,0,0,0,0,0,0,0,0,,0
Zimbabwe,1972,0,0,0,0,0,0,0,0,0,,0
Zimbabwe,1973,0,0,0,0,0,0,0,0,0,,0
Zimbabwe,1974,0,0,0,0,0,0,0,0,0,,0
Zimbabwe,1975,0,0,0,0,0,0,0,0,0,,0
Zimbabwe,1976,0,0,0,0,0,0,0,0,0,,0
Zimbabwe,1977,0,0,0,0,0,0,0,0,0,,0
Zimbabwe,1978,0,0,0,0,0,0,0,0,0,,0
Zimbabwe,1979,0,0,0,0,0,0,0,0,0,,0
Zimbabwe,1980,0,0,0,0,0,0,0,0,0,,0
Zimbabwe,1981,0,0,0,0,0,0,0,0,0,,0
Zimbabwe,1982,0,0,0,0,0,0,0,0,0,,0
Zimbabwe,1983,0,0,0,0,0,0,0,0,0,,0
Zimbabwe,1984,0,0,0,0,0,0,0,0,0,,0
Zimbabwe,1985,0,0,0,0,0,0,0,0,0,,0
Zimbabwe,1986,0,0,0,0,0,0,0,0,0,,0
Zimbabwe,1987,0,0,0,0,0,0,0,0,0,,0
Zimbabwe,1988,0,0,0,0,0,0,0,0,0,,0
Zimbabwe,1989,0,0,0,0,0,0,0,0,0,,0
Zimbabwe,1990,0,0,0,0,0,0,0,0,0,,0
Zimbabwe,1991,0,0,0,0,0,0,0,0,0,,0
Zimbabwe,1992,0,0,0,0,0,0,0,0,0,,0
Zimbabwe,1993,0,0,0,0,0,0,0,0,0,,0
Zimbabwe,1994,0,0,0,0,0,0,0,0,0,,0
Zimbabwe,1995,0,0,0,0,0,0,0,0,0,,0
Zimbabwe,1996,0,0,0,0,0,0,0,0,0,,0
Zimbabwe,1997,0,0,0,0,0,0,0,0,0,,0
Zimbabwe,1998,0,0,0,0,0,0,0,0,0,,0
Zimbabwe,1999,0,0,0,0,0,0,0,0,0,,0
Zimbabwe,2000,0,0,0,0,0,0,0,0,0,,0
Zimbabwe,2001,0,0,0,0,0,0,0,0,0,,0
Zimbabwe,2002,0,0,1,0,0,0,1,1,0,exp_part,1
Zimbabwe,2003,0,0,1,0,0,0,1,1,0,exp_part,1
Zimbabwe,2004,0,0,1,0,0,0,1,1,0,exp_part,1
Zimbabwe,2005,0,0,1,0,0,0,1,1,0,exp_part,1
Zimbabwe,2006,0,0,1,0,0,0,1,1,0,exp_part,1
Zimbabwe,2007,0,0,1,0,0,0,1,1,0,exp_part,1
Zimbabwe,2008,0,0,1,0,0,0,1,1,0,exp_part,1
Zimbabwe,2009,0,0,1,0,0,0,1,1,0,exp_part,1
Zimbabwe,2010,0,0,1,0,0,0,1,1,0,exp_part,1
Zimbabwe,2011,0,0,1,0,0,0,1,1,0,exp_part,1
Zimbabwe,2012,0,0,1,0,0,0,1,1,0,exp_part,1
Zimbabwe,2013,0,0,1,0,0,0,1,1,0,exp_part,1
Zimbabwe,2014,0,0,1,0,0,0,1,1,0,exp_part,1
Zimbabwe,2015,0,0,1,0,0,0,1,1,0,exp_part,1
Zimbabwe,2016,0,0,1,0,0,0,1,1,0,exp_part,1
Zimbabwe,2017,0,0,1,0,0,0,1,1,0,exp_part,1
Zimbabwe,2018,0,0,1,0,0,0,1,1,0,exp_part,1
Zimbabwe,2019,0,0,1,0,0,0,1,1,0,exp_part,1
Zimbabwe,2020,0,0,1,0,0,0,1,1,0,exp_part,1
Zimbabwe,2021,0,0,1,0,0,0,1,1,0,exp_part,1
Zimbabwe,2022,0,0,1,0,0,0,1,1,0,exp_part,1
